[2025-11-14T10:53:51.558+0000] {processor.py:186} INFO - Started process (PID=87) to work on /home/airflow/.local/lib/python3.12/site-packages/airflow/example_dags/example_sla_dag.py
[2025-11-14T10:53:51.560+0000] {processor.py:914} INFO - Processing file /home/airflow/.local/lib/python3.12/site-packages/airflow/example_dags/example_sla_dag.py for tasks to queue
[2025-11-14T10:53:51.562+0000] {logging_mixin.py:190} INFO - [2025-11-14T10:53:51.562+0000] {dagbag.py:588} INFO - Filling up the DagBag from /home/airflow/.local/lib/python3.12/site-packages/airflow/example_dags/example_sla_dag.py
[2025-11-14T10:53:51.572+0000] {processor.py:925} INFO - DAG(s) 'example_sla_dag' retrieved from /home/airflow/.local/lib/python3.12/site-packages/airflow/example_dags/example_sla_dag.py
[2025-11-14T10:53:51.591+0000] {logging_mixin.py:190} INFO - [2025-11-14T10:53:51.591+0000] {dag.py:3239} INFO - Sync 1 DAGs
[2025-11-14T10:53:51.610+0000] {logging_mixin.py:190} INFO - [2025-11-14T10:53:51.610+0000] {dag.py:4180} INFO - Setting next_dagrun for example_sla_dag to 2025-11-14 10:50:00+00:00, run_after=2025-11-14 10:52:00+00:00
[2025-11-14T10:53:51.625+0000] {processor.py:208} INFO - Processing /home/airflow/.local/lib/python3.12/site-packages/airflow/example_dags/example_sla_dag.py took 0.073 seconds
[2025-11-14T14:19:54.234+0000] {processor.py:186} INFO - Started process (PID=81) to work on /home/airflow/.local/lib/python3.12/site-packages/airflow/example_dags/example_sla_dag.py
[2025-11-14T14:19:54.236+0000] {processor.py:914} INFO - Processing file /home/airflow/.local/lib/python3.12/site-packages/airflow/example_dags/example_sla_dag.py for tasks to queue
[2025-11-14T14:19:54.239+0000] {logging_mixin.py:190} INFO - [2025-11-14T14:19:54.239+0000] {dagbag.py:588} INFO - Filling up the DagBag from /home/airflow/.local/lib/python3.12/site-packages/airflow/example_dags/example_sla_dag.py
[2025-11-14T14:19:54.250+0000] {processor.py:925} INFO - DAG(s) 'example_sla_dag' retrieved from /home/airflow/.local/lib/python3.12/site-packages/airflow/example_dags/example_sla_dag.py
[2025-11-14T14:19:54.271+0000] {logging_mixin.py:190} INFO - [2025-11-14T14:19:54.271+0000] {dag.py:3239} INFO - Sync 1 DAGs
[2025-11-14T14:19:54.292+0000] {logging_mixin.py:190} INFO - [2025-11-14T14:19:54.292+0000] {dag.py:4180} INFO - Setting next_dagrun for example_sla_dag to 2025-11-14 14:16:00+00:00, run_after=2025-11-14 14:18:00+00:00
[2025-11-14T14:19:54.316+0000] {processor.py:208} INFO - Processing /home/airflow/.local/lib/python3.12/site-packages/airflow/example_dags/example_sla_dag.py took 0.088 seconds
[2025-11-14T14:20:24.666+0000] {processor.py:186} INFO - Started process (PID=152) to work on /home/airflow/.local/lib/python3.12/site-packages/airflow/example_dags/example_sla_dag.py
[2025-11-14T14:20:24.667+0000] {processor.py:914} INFO - Processing file /home/airflow/.local/lib/python3.12/site-packages/airflow/example_dags/example_sla_dag.py for tasks to queue
[2025-11-14T14:20:24.669+0000] {logging_mixin.py:190} INFO - [2025-11-14T14:20:24.669+0000] {dagbag.py:588} INFO - Filling up the DagBag from /home/airflow/.local/lib/python3.12/site-packages/airflow/example_dags/example_sla_dag.py
[2025-11-14T14:20:24.677+0000] {processor.py:925} INFO - DAG(s) 'example_sla_dag' retrieved from /home/airflow/.local/lib/python3.12/site-packages/airflow/example_dags/example_sla_dag.py
[2025-11-14T14:20:24.692+0000] {logging_mixin.py:190} INFO - [2025-11-14T14:20:24.691+0000] {dag.py:3239} INFO - Sync 1 DAGs
[2025-11-14T14:20:24.709+0000] {logging_mixin.py:190} INFO - [2025-11-14T14:20:24.709+0000] {dag.py:4180} INFO - Setting next_dagrun for example_sla_dag to 2025-11-14 14:18:00+00:00, run_after=2025-11-14 14:20:00+00:00
[2025-11-14T14:20:24.724+0000] {processor.py:208} INFO - Processing /home/airflow/.local/lib/python3.12/site-packages/airflow/example_dags/example_sla_dag.py took 0.063 seconds
[2025-11-14T14:20:54.954+0000] {processor.py:186} INFO - Started process (PID=217) to work on /home/airflow/.local/lib/python3.12/site-packages/airflow/example_dags/example_sla_dag.py
[2025-11-14T14:20:54.957+0000] {processor.py:914} INFO - Processing file /home/airflow/.local/lib/python3.12/site-packages/airflow/example_dags/example_sla_dag.py for tasks to queue
[2025-11-14T14:20:54.959+0000] {logging_mixin.py:190} INFO - [2025-11-14T14:20:54.959+0000] {dagbag.py:588} INFO - Filling up the DagBag from /home/airflow/.local/lib/python3.12/site-packages/airflow/example_dags/example_sla_dag.py
[2025-11-14T14:20:54.967+0000] {processor.py:925} INFO - DAG(s) 'example_sla_dag' retrieved from /home/airflow/.local/lib/python3.12/site-packages/airflow/example_dags/example_sla_dag.py
[2025-11-14T14:20:54.980+0000] {logging_mixin.py:190} INFO - [2025-11-14T14:20:54.980+0000] {dag.py:3239} INFO - Sync 1 DAGs
[2025-11-14T14:20:54.999+0000] {logging_mixin.py:190} INFO - [2025-11-14T14:20:54.999+0000] {dag.py:4180} INFO - Setting next_dagrun for example_sla_dag to 2025-11-14 14:18:00+00:00, run_after=2025-11-14 14:20:00+00:00
[2025-11-14T14:20:55.013+0000] {processor.py:208} INFO - Processing /home/airflow/.local/lib/python3.12/site-packages/airflow/example_dags/example_sla_dag.py took 0.063 seconds
[2025-11-14T14:21:25.582+0000] {processor.py:186} INFO - Started process (PID=282) to work on /home/airflow/.local/lib/python3.12/site-packages/airflow/example_dags/example_sla_dag.py
[2025-11-14T14:21:25.584+0000] {processor.py:914} INFO - Processing file /home/airflow/.local/lib/python3.12/site-packages/airflow/example_dags/example_sla_dag.py for tasks to queue
[2025-11-14T14:21:25.586+0000] {logging_mixin.py:190} INFO - [2025-11-14T14:21:25.586+0000] {dagbag.py:588} INFO - Filling up the DagBag from /home/airflow/.local/lib/python3.12/site-packages/airflow/example_dags/example_sla_dag.py
[2025-11-14T14:21:25.594+0000] {processor.py:925} INFO - DAG(s) 'example_sla_dag' retrieved from /home/airflow/.local/lib/python3.12/site-packages/airflow/example_dags/example_sla_dag.py
[2025-11-14T14:21:25.608+0000] {logging_mixin.py:190} INFO - [2025-11-14T14:21:25.608+0000] {dag.py:3239} INFO - Sync 1 DAGs
[2025-11-14T14:21:25.624+0000] {logging_mixin.py:190} INFO - [2025-11-14T14:21:25.624+0000] {dag.py:4180} INFO - Setting next_dagrun for example_sla_dag to 2025-11-14 14:18:00+00:00, run_after=2025-11-14 14:20:00+00:00
[2025-11-14T14:21:25.639+0000] {processor.py:208} INFO - Processing /home/airflow/.local/lib/python3.12/site-packages/airflow/example_dags/example_sla_dag.py took 0.062 seconds
[2025-11-14T14:21:57.314+0000] {processor.py:186} INFO - Started process (PID=370) to work on /home/airflow/.local/lib/python3.12/site-packages/airflow/example_dags/example_sla_dag.py
[2025-11-14T14:21:57.317+0000] {processor.py:914} INFO - Processing file /home/airflow/.local/lib/python3.12/site-packages/airflow/example_dags/example_sla_dag.py for tasks to queue
[2025-11-14T14:21:57.322+0000] {logging_mixin.py:190} INFO - [2025-11-14T14:21:57.321+0000] {dagbag.py:588} INFO - Filling up the DagBag from /home/airflow/.local/lib/python3.12/site-packages/airflow/example_dags/example_sla_dag.py
[2025-11-14T14:21:57.330+0000] {processor.py:925} INFO - DAG(s) 'example_sla_dag' retrieved from /home/airflow/.local/lib/python3.12/site-packages/airflow/example_dags/example_sla_dag.py
[2025-11-14T14:21:57.346+0000] {logging_mixin.py:190} INFO - [2025-11-14T14:21:57.346+0000] {dag.py:3239} INFO - Sync 1 DAGs
[2025-11-14T14:21:57.365+0000] {logging_mixin.py:190} INFO - [2025-11-14T14:21:57.365+0000] {dag.py:4180} INFO - Setting next_dagrun for example_sla_dag to 2025-11-14 14:18:00+00:00, run_after=2025-11-14 14:20:00+00:00
[2025-11-14T14:21:57.382+0000] {processor.py:208} INFO - Processing /home/airflow/.local/lib/python3.12/site-packages/airflow/example_dags/example_sla_dag.py took 0.075 seconds
[2025-11-14T14:22:27.794+0000] {processor.py:186} INFO - Started process (PID=436) to work on /home/airflow/.local/lib/python3.12/site-packages/airflow/example_dags/example_sla_dag.py
[2025-11-14T14:22:27.795+0000] {processor.py:914} INFO - Processing file /home/airflow/.local/lib/python3.12/site-packages/airflow/example_dags/example_sla_dag.py for tasks to queue
[2025-11-14T14:22:27.798+0000] {logging_mixin.py:190} INFO - [2025-11-14T14:22:27.798+0000] {dagbag.py:588} INFO - Filling up the DagBag from /home/airflow/.local/lib/python3.12/site-packages/airflow/example_dags/example_sla_dag.py
[2025-11-14T14:22:27.809+0000] {processor.py:925} INFO - DAG(s) 'example_sla_dag' retrieved from /home/airflow/.local/lib/python3.12/site-packages/airflow/example_dags/example_sla_dag.py
[2025-11-14T14:22:27.826+0000] {logging_mixin.py:190} INFO - [2025-11-14T14:22:27.826+0000] {dag.py:3239} INFO - Sync 1 DAGs
[2025-11-14T14:22:27.848+0000] {logging_mixin.py:190} INFO - [2025-11-14T14:22:27.848+0000] {dag.py:4180} INFO - Setting next_dagrun for example_sla_dag to 2025-11-14 14:20:00+00:00, run_after=2025-11-14 14:22:00+00:00
[2025-11-14T14:22:27.864+0000] {processor.py:208} INFO - Processing /home/airflow/.local/lib/python3.12/site-packages/airflow/example_dags/example_sla_dag.py took 0.078 seconds
[2025-11-14T14:22:58.258+0000] {processor.py:186} INFO - Started process (PID=501) to work on /home/airflow/.local/lib/python3.12/site-packages/airflow/example_dags/example_sla_dag.py
[2025-11-14T14:22:58.259+0000] {processor.py:914} INFO - Processing file /home/airflow/.local/lib/python3.12/site-packages/airflow/example_dags/example_sla_dag.py for tasks to queue
[2025-11-14T14:22:58.261+0000] {logging_mixin.py:190} INFO - [2025-11-14T14:22:58.261+0000] {dagbag.py:588} INFO - Filling up the DagBag from /home/airflow/.local/lib/python3.12/site-packages/airflow/example_dags/example_sla_dag.py
[2025-11-14T14:22:58.270+0000] {processor.py:925} INFO - DAG(s) 'example_sla_dag' retrieved from /home/airflow/.local/lib/python3.12/site-packages/airflow/example_dags/example_sla_dag.py
[2025-11-14T14:22:58.285+0000] {logging_mixin.py:190} INFO - [2025-11-14T14:22:58.285+0000] {dag.py:3239} INFO - Sync 1 DAGs
[2025-11-14T14:22:58.304+0000] {logging_mixin.py:190} INFO - [2025-11-14T14:22:58.304+0000] {dag.py:4180} INFO - Setting next_dagrun for example_sla_dag to 2025-11-14 14:20:00+00:00, run_after=2025-11-14 14:22:00+00:00
[2025-11-14T14:22:58.319+0000] {processor.py:208} INFO - Processing /home/airflow/.local/lib/python3.12/site-packages/airflow/example_dags/example_sla_dag.py took 0.067 seconds
[2025-11-14T14:23:29.473+0000] {processor.py:186} INFO - Started process (PID=566) to work on /home/airflow/.local/lib/python3.12/site-packages/airflow/example_dags/example_sla_dag.py
[2025-11-14T14:23:29.475+0000] {processor.py:914} INFO - Processing file /home/airflow/.local/lib/python3.12/site-packages/airflow/example_dags/example_sla_dag.py for tasks to queue
[2025-11-14T14:23:29.477+0000] {logging_mixin.py:190} INFO - [2025-11-14T14:23:29.476+0000] {dagbag.py:588} INFO - Filling up the DagBag from /home/airflow/.local/lib/python3.12/site-packages/airflow/example_dags/example_sla_dag.py
[2025-11-14T14:23:29.487+0000] {processor.py:925} INFO - DAG(s) 'example_sla_dag' retrieved from /home/airflow/.local/lib/python3.12/site-packages/airflow/example_dags/example_sla_dag.py
[2025-11-14T14:23:29.502+0000] {logging_mixin.py:190} INFO - [2025-11-14T14:23:29.502+0000] {dag.py:3239} INFO - Sync 1 DAGs
[2025-11-14T14:23:29.519+0000] {logging_mixin.py:190} INFO - [2025-11-14T14:23:29.519+0000] {dag.py:4180} INFO - Setting next_dagrun for example_sla_dag to 2025-11-14 14:20:00+00:00, run_after=2025-11-14 14:22:00+00:00
[2025-11-14T14:23:29.532+0000] {processor.py:208} INFO - Processing /home/airflow/.local/lib/python3.12/site-packages/airflow/example_dags/example_sla_dag.py took 0.065 seconds
[2025-11-14T14:23:59.997+0000] {processor.py:186} INFO - Started process (PID=631) to work on /home/airflow/.local/lib/python3.12/site-packages/airflow/example_dags/example_sla_dag.py
[2025-11-14T14:23:59.998+0000] {processor.py:914} INFO - Processing file /home/airflow/.local/lib/python3.12/site-packages/airflow/example_dags/example_sla_dag.py for tasks to queue
[2025-11-14T14:24:00.002+0000] {logging_mixin.py:190} INFO - [2025-11-14T14:24:00.002+0000] {dagbag.py:588} INFO - Filling up the DagBag from /home/airflow/.local/lib/python3.12/site-packages/airflow/example_dags/example_sla_dag.py
[2025-11-14T14:24:00.011+0000] {processor.py:925} INFO - DAG(s) 'example_sla_dag' retrieved from /home/airflow/.local/lib/python3.12/site-packages/airflow/example_dags/example_sla_dag.py
[2025-11-14T14:24:00.026+0000] {logging_mixin.py:190} INFO - [2025-11-14T14:24:00.026+0000] {dag.py:3239} INFO - Sync 1 DAGs
[2025-11-14T14:24:00.046+0000] {logging_mixin.py:190} INFO - [2025-11-14T14:24:00.046+0000] {dag.py:4180} INFO - Setting next_dagrun for example_sla_dag to 2025-11-14 14:22:00+00:00, run_after=2025-11-14 14:24:00+00:00
[2025-11-14T14:24:00.062+0000] {processor.py:208} INFO - Processing /home/airflow/.local/lib/python3.12/site-packages/airflow/example_dags/example_sla_dag.py took 0.072 seconds
[2025-11-14T14:24:31.495+0000] {processor.py:186} INFO - Started process (PID=696) to work on /home/airflow/.local/lib/python3.12/site-packages/airflow/example_dags/example_sla_dag.py
[2025-11-14T14:24:31.496+0000] {processor.py:914} INFO - Processing file /home/airflow/.local/lib/python3.12/site-packages/airflow/example_dags/example_sla_dag.py for tasks to queue
[2025-11-14T14:24:31.498+0000] {logging_mixin.py:190} INFO - [2025-11-14T14:24:31.498+0000] {dagbag.py:588} INFO - Filling up the DagBag from /home/airflow/.local/lib/python3.12/site-packages/airflow/example_dags/example_sla_dag.py
[2025-11-14T14:24:31.507+0000] {processor.py:925} INFO - DAG(s) 'example_sla_dag' retrieved from /home/airflow/.local/lib/python3.12/site-packages/airflow/example_dags/example_sla_dag.py
[2025-11-14T14:24:31.523+0000] {logging_mixin.py:190} INFO - [2025-11-14T14:24:31.523+0000] {dag.py:3239} INFO - Sync 1 DAGs
[2025-11-14T14:24:31.543+0000] {logging_mixin.py:190} INFO - [2025-11-14T14:24:31.543+0000] {dag.py:4180} INFO - Setting next_dagrun for example_sla_dag to 2025-11-14 14:22:00+00:00, run_after=2025-11-14 14:24:00+00:00
[2025-11-14T14:24:31.559+0000] {processor.py:208} INFO - Processing /home/airflow/.local/lib/python3.12/site-packages/airflow/example_dags/example_sla_dag.py took 0.071 seconds
[2025-11-14T14:25:02.695+0000] {processor.py:186} INFO - Started process (PID=761) to work on /home/airflow/.local/lib/python3.12/site-packages/airflow/example_dags/example_sla_dag.py
[2025-11-14T14:25:02.697+0000] {processor.py:914} INFO - Processing file /home/airflow/.local/lib/python3.12/site-packages/airflow/example_dags/example_sla_dag.py for tasks to queue
[2025-11-14T14:25:02.699+0000] {logging_mixin.py:190} INFO - [2025-11-14T14:25:02.699+0000] {dagbag.py:588} INFO - Filling up the DagBag from /home/airflow/.local/lib/python3.12/site-packages/airflow/example_dags/example_sla_dag.py
[2025-11-14T14:25:02.707+0000] {processor.py:925} INFO - DAG(s) 'example_sla_dag' retrieved from /home/airflow/.local/lib/python3.12/site-packages/airflow/example_dags/example_sla_dag.py
[2025-11-14T14:25:02.722+0000] {logging_mixin.py:190} INFO - [2025-11-14T14:25:02.722+0000] {dag.py:3239} INFO - Sync 1 DAGs
[2025-11-14T14:25:02.739+0000] {logging_mixin.py:190} INFO - [2025-11-14T14:25:02.739+0000] {dag.py:4180} INFO - Setting next_dagrun for example_sla_dag to 2025-11-14 14:22:00+00:00, run_after=2025-11-14 14:24:00+00:00
[2025-11-14T14:25:02.753+0000] {processor.py:208} INFO - Processing /home/airflow/.local/lib/python3.12/site-packages/airflow/example_dags/example_sla_dag.py took 0.064 seconds
[2025-11-14T14:25:33.253+0000] {processor.py:186} INFO - Started process (PID=826) to work on /home/airflow/.local/lib/python3.12/site-packages/airflow/example_dags/example_sla_dag.py
[2025-11-14T14:25:33.254+0000] {processor.py:914} INFO - Processing file /home/airflow/.local/lib/python3.12/site-packages/airflow/example_dags/example_sla_dag.py for tasks to queue
[2025-11-14T14:25:33.255+0000] {logging_mixin.py:190} INFO - [2025-11-14T14:25:33.255+0000] {dagbag.py:588} INFO - Filling up the DagBag from /home/airflow/.local/lib/python3.12/site-packages/airflow/example_dags/example_sla_dag.py
[2025-11-14T14:25:33.263+0000] {processor.py:925} INFO - DAG(s) 'example_sla_dag' retrieved from /home/airflow/.local/lib/python3.12/site-packages/airflow/example_dags/example_sla_dag.py
[2025-11-14T14:25:33.276+0000] {logging_mixin.py:190} INFO - [2025-11-14T14:25:33.276+0000] {dag.py:3239} INFO - Sync 1 DAGs
[2025-11-14T14:25:33.294+0000] {logging_mixin.py:190} INFO - [2025-11-14T14:25:33.294+0000] {dag.py:4180} INFO - Setting next_dagrun for example_sla_dag to 2025-11-14 14:22:00+00:00, run_after=2025-11-14 14:24:00+00:00
[2025-11-14T14:25:33.306+0000] {processor.py:208} INFO - Processing /home/airflow/.local/lib/python3.12/site-packages/airflow/example_dags/example_sla_dag.py took 0.059 seconds
[2025-11-14T14:26:04.030+0000] {processor.py:186} INFO - Started process (PID=891) to work on /home/airflow/.local/lib/python3.12/site-packages/airflow/example_dags/example_sla_dag.py
[2025-11-14T14:26:04.031+0000] {processor.py:914} INFO - Processing file /home/airflow/.local/lib/python3.12/site-packages/airflow/example_dags/example_sla_dag.py for tasks to queue
[2025-11-14T14:26:04.033+0000] {logging_mixin.py:190} INFO - [2025-11-14T14:26:04.033+0000] {dagbag.py:588} INFO - Filling up the DagBag from /home/airflow/.local/lib/python3.12/site-packages/airflow/example_dags/example_sla_dag.py
[2025-11-14T14:26:04.042+0000] {processor.py:925} INFO - DAG(s) 'example_sla_dag' retrieved from /home/airflow/.local/lib/python3.12/site-packages/airflow/example_dags/example_sla_dag.py
[2025-11-14T14:26:04.057+0000] {logging_mixin.py:190} INFO - [2025-11-14T14:26:04.056+0000] {dag.py:3239} INFO - Sync 1 DAGs
[2025-11-14T14:26:04.074+0000] {logging_mixin.py:190} INFO - [2025-11-14T14:26:04.074+0000] {dag.py:4180} INFO - Setting next_dagrun for example_sla_dag to 2025-11-14 14:24:00+00:00, run_after=2025-11-14 14:26:00+00:00
[2025-11-14T14:26:04.088+0000] {processor.py:208} INFO - Processing /home/airflow/.local/lib/python3.12/site-packages/airflow/example_dags/example_sla_dag.py took 0.064 seconds
[2025-11-14T14:26:35.191+0000] {processor.py:186} INFO - Started process (PID=956) to work on /home/airflow/.local/lib/python3.12/site-packages/airflow/example_dags/example_sla_dag.py
[2025-11-14T14:26:35.192+0000] {processor.py:914} INFO - Processing file /home/airflow/.local/lib/python3.12/site-packages/airflow/example_dags/example_sla_dag.py for tasks to queue
[2025-11-14T14:26:35.195+0000] {logging_mixin.py:190} INFO - [2025-11-14T14:26:35.194+0000] {dagbag.py:588} INFO - Filling up the DagBag from /home/airflow/.local/lib/python3.12/site-packages/airflow/example_dags/example_sla_dag.py
[2025-11-14T14:26:35.204+0000] {processor.py:925} INFO - DAG(s) 'example_sla_dag' retrieved from /home/airflow/.local/lib/python3.12/site-packages/airflow/example_dags/example_sla_dag.py
[2025-11-14T14:26:35.220+0000] {logging_mixin.py:190} INFO - [2025-11-14T14:26:35.220+0000] {dag.py:3239} INFO - Sync 1 DAGs
[2025-11-14T14:26:35.239+0000] {logging_mixin.py:190} INFO - [2025-11-14T14:26:35.238+0000] {dag.py:4180} INFO - Setting next_dagrun for example_sla_dag to 2025-11-14 14:24:00+00:00, run_after=2025-11-14 14:26:00+00:00
[2025-11-14T14:26:35.252+0000] {processor.py:208} INFO - Processing /home/airflow/.local/lib/python3.12/site-packages/airflow/example_dags/example_sla_dag.py took 0.068 seconds
[2025-11-14T14:27:06.218+0000] {processor.py:186} INFO - Started process (PID=1021) to work on /home/airflow/.local/lib/python3.12/site-packages/airflow/example_dags/example_sla_dag.py
[2025-11-14T14:27:06.220+0000] {processor.py:914} INFO - Processing file /home/airflow/.local/lib/python3.12/site-packages/airflow/example_dags/example_sla_dag.py for tasks to queue
[2025-11-14T14:27:06.222+0000] {logging_mixin.py:190} INFO - [2025-11-14T14:27:06.222+0000] {dagbag.py:588} INFO - Filling up the DagBag from /home/airflow/.local/lib/python3.12/site-packages/airflow/example_dags/example_sla_dag.py
[2025-11-14T14:27:06.230+0000] {processor.py:925} INFO - DAG(s) 'example_sla_dag' retrieved from /home/airflow/.local/lib/python3.12/site-packages/airflow/example_dags/example_sla_dag.py
[2025-11-14T14:27:06.247+0000] {logging_mixin.py:190} INFO - [2025-11-14T14:27:06.247+0000] {dag.py:3239} INFO - Sync 1 DAGs
[2025-11-14T14:27:06.265+0000] {logging_mixin.py:190} INFO - [2025-11-14T14:27:06.265+0000] {dag.py:4180} INFO - Setting next_dagrun for example_sla_dag to 2025-11-14 14:24:00+00:00, run_after=2025-11-14 14:26:00+00:00
[2025-11-14T14:27:06.281+0000] {processor.py:208} INFO - Processing /home/airflow/.local/lib/python3.12/site-packages/airflow/example_dags/example_sla_dag.py took 0.069 seconds
[2025-11-14T14:27:36.580+0000] {processor.py:186} INFO - Started process (PID=1086) to work on /home/airflow/.local/lib/python3.12/site-packages/airflow/example_dags/example_sla_dag.py
[2025-11-14T14:27:36.582+0000] {processor.py:914} INFO - Processing file /home/airflow/.local/lib/python3.12/site-packages/airflow/example_dags/example_sla_dag.py for tasks to queue
[2025-11-14T14:27:36.585+0000] {logging_mixin.py:190} INFO - [2025-11-14T14:27:36.585+0000] {dagbag.py:588} INFO - Filling up the DagBag from /home/airflow/.local/lib/python3.12/site-packages/airflow/example_dags/example_sla_dag.py
[2025-11-14T14:27:36.595+0000] {processor.py:925} INFO - DAG(s) 'example_sla_dag' retrieved from /home/airflow/.local/lib/python3.12/site-packages/airflow/example_dags/example_sla_dag.py
[2025-11-14T14:27:36.612+0000] {logging_mixin.py:190} INFO - [2025-11-14T14:27:36.612+0000] {dag.py:3239} INFO - Sync 1 DAGs
[2025-11-14T14:27:36.629+0000] {logging_mixin.py:190} INFO - [2025-11-14T14:27:36.629+0000] {dag.py:4180} INFO - Setting next_dagrun for example_sla_dag to 2025-11-14 14:24:00+00:00, run_after=2025-11-14 14:26:00+00:00
[2025-11-14T14:27:36.643+0000] {processor.py:208} INFO - Processing /home/airflow/.local/lib/python3.12/site-packages/airflow/example_dags/example_sla_dag.py took 0.070 seconds
[2025-11-14T14:28:07.087+0000] {processor.py:186} INFO - Started process (PID=1151) to work on /home/airflow/.local/lib/python3.12/site-packages/airflow/example_dags/example_sla_dag.py
[2025-11-14T14:28:07.088+0000] {processor.py:914} INFO - Processing file /home/airflow/.local/lib/python3.12/site-packages/airflow/example_dags/example_sla_dag.py for tasks to queue
[2025-11-14T14:28:07.090+0000] {logging_mixin.py:190} INFO - [2025-11-14T14:28:07.090+0000] {dagbag.py:588} INFO - Filling up the DagBag from /home/airflow/.local/lib/python3.12/site-packages/airflow/example_dags/example_sla_dag.py
[2025-11-14T14:28:07.098+0000] {processor.py:925} INFO - DAG(s) 'example_sla_dag' retrieved from /home/airflow/.local/lib/python3.12/site-packages/airflow/example_dags/example_sla_dag.py
[2025-11-14T14:28:07.113+0000] {logging_mixin.py:190} INFO - [2025-11-14T14:28:07.113+0000] {dag.py:3239} INFO - Sync 1 DAGs
[2025-11-14T14:28:07.130+0000] {logging_mixin.py:190} INFO - [2025-11-14T14:28:07.130+0000] {dag.py:4180} INFO - Setting next_dagrun for example_sla_dag to 2025-11-14 14:26:00+00:00, run_after=2025-11-14 14:28:00+00:00
[2025-11-14T14:28:07.145+0000] {processor.py:208} INFO - Processing /home/airflow/.local/lib/python3.12/site-packages/airflow/example_dags/example_sla_dag.py took 0.065 seconds
[2025-11-14T14:28:37.909+0000] {processor.py:186} INFO - Started process (PID=1216) to work on /home/airflow/.local/lib/python3.12/site-packages/airflow/example_dags/example_sla_dag.py
[2025-11-14T14:28:37.910+0000] {processor.py:914} INFO - Processing file /home/airflow/.local/lib/python3.12/site-packages/airflow/example_dags/example_sla_dag.py for tasks to queue
[2025-11-14T14:28:37.912+0000] {logging_mixin.py:190} INFO - [2025-11-14T14:28:37.912+0000] {dagbag.py:588} INFO - Filling up the DagBag from /home/airflow/.local/lib/python3.12/site-packages/airflow/example_dags/example_sla_dag.py
[2025-11-14T14:28:37.920+0000] {processor.py:925} INFO - DAG(s) 'example_sla_dag' retrieved from /home/airflow/.local/lib/python3.12/site-packages/airflow/example_dags/example_sla_dag.py
[2025-11-14T14:28:37.935+0000] {logging_mixin.py:190} INFO - [2025-11-14T14:28:37.934+0000] {dag.py:3239} INFO - Sync 1 DAGs
[2025-11-14T14:28:37.954+0000] {logging_mixin.py:190} INFO - [2025-11-14T14:28:37.954+0000] {dag.py:4180} INFO - Setting next_dagrun for example_sla_dag to 2025-11-14 14:26:00+00:00, run_after=2025-11-14 14:28:00+00:00
[2025-11-14T14:28:37.969+0000] {processor.py:208} INFO - Processing /home/airflow/.local/lib/python3.12/site-packages/airflow/example_dags/example_sla_dag.py took 0.066 seconds
[2025-11-14T14:29:08.606+0000] {processor.py:186} INFO - Started process (PID=1286) to work on /home/airflow/.local/lib/python3.12/site-packages/airflow/example_dags/example_sla_dag.py
[2025-11-14T14:29:08.607+0000] {processor.py:914} INFO - Processing file /home/airflow/.local/lib/python3.12/site-packages/airflow/example_dags/example_sla_dag.py for tasks to queue
[2025-11-14T14:29:08.610+0000] {logging_mixin.py:190} INFO - [2025-11-14T14:29:08.610+0000] {dagbag.py:588} INFO - Filling up the DagBag from /home/airflow/.local/lib/python3.12/site-packages/airflow/example_dags/example_sla_dag.py
[2025-11-14T14:29:08.621+0000] {processor.py:925} INFO - DAG(s) 'example_sla_dag' retrieved from /home/airflow/.local/lib/python3.12/site-packages/airflow/example_dags/example_sla_dag.py
[2025-11-14T14:29:08.641+0000] {logging_mixin.py:190} INFO - [2025-11-14T14:29:08.641+0000] {dag.py:3239} INFO - Sync 1 DAGs
[2025-11-14T14:29:08.666+0000] {logging_mixin.py:190} INFO - [2025-11-14T14:29:08.665+0000] {dag.py:4180} INFO - Setting next_dagrun for example_sla_dag to 2025-11-14 14:26:00+00:00, run_after=2025-11-14 14:28:00+00:00
[2025-11-14T14:29:08.683+0000] {processor.py:208} INFO - Processing /home/airflow/.local/lib/python3.12/site-packages/airflow/example_dags/example_sla_dag.py took 0.085 seconds
[2025-11-14T14:29:39.402+0000] {processor.py:186} INFO - Started process (PID=1351) to work on /home/airflow/.local/lib/python3.12/site-packages/airflow/example_dags/example_sla_dag.py
[2025-11-14T14:29:39.404+0000] {processor.py:914} INFO - Processing file /home/airflow/.local/lib/python3.12/site-packages/airflow/example_dags/example_sla_dag.py for tasks to queue
[2025-11-14T14:29:39.406+0000] {logging_mixin.py:190} INFO - [2025-11-14T14:29:39.406+0000] {dagbag.py:588} INFO - Filling up the DagBag from /home/airflow/.local/lib/python3.12/site-packages/airflow/example_dags/example_sla_dag.py
[2025-11-14T14:29:39.414+0000] {processor.py:925} INFO - DAG(s) 'example_sla_dag' retrieved from /home/airflow/.local/lib/python3.12/site-packages/airflow/example_dags/example_sla_dag.py
[2025-11-14T14:29:39.428+0000] {logging_mixin.py:190} INFO - [2025-11-14T14:29:39.428+0000] {dag.py:3239} INFO - Sync 1 DAGs
[2025-11-14T14:29:39.446+0000] {logging_mixin.py:190} INFO - [2025-11-14T14:29:39.446+0000] {dag.py:4180} INFO - Setting next_dagrun for example_sla_dag to 2025-11-14 14:26:00+00:00, run_after=2025-11-14 14:28:00+00:00
[2025-11-14T14:29:39.460+0000] {processor.py:208} INFO - Processing /home/airflow/.local/lib/python3.12/site-packages/airflow/example_dags/example_sla_dag.py took 0.064 seconds
[2025-11-14T14:30:10.167+0000] {processor.py:186} INFO - Started process (PID=1417) to work on /home/airflow/.local/lib/python3.12/site-packages/airflow/example_dags/example_sla_dag.py
[2025-11-14T14:30:10.169+0000] {processor.py:914} INFO - Processing file /home/airflow/.local/lib/python3.12/site-packages/airflow/example_dags/example_sla_dag.py for tasks to queue
[2025-11-14T14:30:10.173+0000] {logging_mixin.py:190} INFO - [2025-11-14T14:30:10.173+0000] {dagbag.py:588} INFO - Filling up the DagBag from /home/airflow/.local/lib/python3.12/site-packages/airflow/example_dags/example_sla_dag.py
[2025-11-14T14:30:10.185+0000] {processor.py:925} INFO - DAG(s) 'example_sla_dag' retrieved from /home/airflow/.local/lib/python3.12/site-packages/airflow/example_dags/example_sla_dag.py
[2025-11-14T14:30:10.211+0000] {logging_mixin.py:190} INFO - [2025-11-14T14:30:10.211+0000] {dag.py:3239} INFO - Sync 1 DAGs
[2025-11-14T14:30:10.245+0000] {logging_mixin.py:190} INFO - [2025-11-14T14:30:10.245+0000] {dag.py:4180} INFO - Setting next_dagrun for example_sla_dag to 2025-11-14 14:28:00+00:00, run_after=2025-11-14 14:30:00+00:00
[2025-11-14T14:30:10.270+0000] {processor.py:208} INFO - Processing /home/airflow/.local/lib/python3.12/site-packages/airflow/example_dags/example_sla_dag.py took 0.112 seconds
[2025-11-14T14:30:58.049+0000] {processor.py:186} INFO - Started process (PID=82) to work on /home/airflow/.local/lib/python3.12/site-packages/airflow/example_dags/example_sla_dag.py
[2025-11-14T14:30:58.051+0000] {processor.py:914} INFO - Processing file /home/airflow/.local/lib/python3.12/site-packages/airflow/example_dags/example_sla_dag.py for tasks to queue
[2025-11-14T14:30:58.055+0000] {logging_mixin.py:190} INFO - [2025-11-14T14:30:58.055+0000] {dagbag.py:588} INFO - Filling up the DagBag from /home/airflow/.local/lib/python3.12/site-packages/airflow/example_dags/example_sla_dag.py
[2025-11-14T14:30:58.064+0000] {processor.py:925} INFO - DAG(s) 'example_sla_dag' retrieved from /home/airflow/.local/lib/python3.12/site-packages/airflow/example_dags/example_sla_dag.py
[2025-11-14T14:30:58.082+0000] {logging_mixin.py:190} INFO - [2025-11-14T14:30:58.082+0000] {dag.py:3239} INFO - Sync 1 DAGs
[2025-11-14T14:30:58.099+0000] {logging_mixin.py:190} INFO - [2025-11-14T14:30:58.099+0000] {dag.py:4180} INFO - Setting next_dagrun for example_sla_dag to 2025-11-14 14:28:00+00:00, run_after=2025-11-14 14:30:00+00:00
[2025-11-14T14:30:58.111+0000] {processor.py:208} INFO - Processing /home/airflow/.local/lib/python3.12/site-packages/airflow/example_dags/example_sla_dag.py took 0.067 seconds
[2025-11-14T14:31:28.922+0000] {processor.py:186} INFO - Started process (PID=151) to work on /home/airflow/.local/lib/python3.12/site-packages/airflow/example_dags/example_sla_dag.py
[2025-11-14T14:31:28.923+0000] {processor.py:914} INFO - Processing file /home/airflow/.local/lib/python3.12/site-packages/airflow/example_dags/example_sla_dag.py for tasks to queue
[2025-11-14T14:31:28.925+0000] {logging_mixin.py:190} INFO - [2025-11-14T14:31:28.925+0000] {dagbag.py:588} INFO - Filling up the DagBag from /home/airflow/.local/lib/python3.12/site-packages/airflow/example_dags/example_sla_dag.py
[2025-11-14T14:31:28.933+0000] {processor.py:925} INFO - DAG(s) 'example_sla_dag' retrieved from /home/airflow/.local/lib/python3.12/site-packages/airflow/example_dags/example_sla_dag.py
[2025-11-14T14:31:28.948+0000] {logging_mixin.py:190} INFO - [2025-11-14T14:31:28.948+0000] {dag.py:3239} INFO - Sync 1 DAGs
[2025-11-14T14:31:28.965+0000] {logging_mixin.py:190} INFO - [2025-11-14T14:31:28.965+0000] {dag.py:4180} INFO - Setting next_dagrun for example_sla_dag to 2025-11-14 14:28:00+00:00, run_after=2025-11-14 14:30:00+00:00
[2025-11-14T14:31:28.977+0000] {processor.py:208} INFO - Processing /home/airflow/.local/lib/python3.12/site-packages/airflow/example_dags/example_sla_dag.py took 0.059 seconds
[2025-11-14T14:31:59.953+0000] {processor.py:186} INFO - Started process (PID=222) to work on /home/airflow/.local/lib/python3.12/site-packages/airflow/example_dags/example_sla_dag.py
[2025-11-14T14:31:59.954+0000] {processor.py:914} INFO - Processing file /home/airflow/.local/lib/python3.12/site-packages/airflow/example_dags/example_sla_dag.py for tasks to queue
[2025-11-14T14:31:59.955+0000] {logging_mixin.py:190} INFO - [2025-11-14T14:31:59.955+0000] {dagbag.py:588} INFO - Filling up the DagBag from /home/airflow/.local/lib/python3.12/site-packages/airflow/example_dags/example_sla_dag.py
[2025-11-14T14:31:59.963+0000] {processor.py:925} INFO - DAG(s) 'example_sla_dag' retrieved from /home/airflow/.local/lib/python3.12/site-packages/airflow/example_dags/example_sla_dag.py
[2025-11-14T14:31:59.978+0000] {logging_mixin.py:190} INFO - [2025-11-14T14:31:59.977+0000] {dag.py:3239} INFO - Sync 1 DAGs
[2025-11-14T14:31:59.996+0000] {logging_mixin.py:190} INFO - [2025-11-14T14:31:59.996+0000] {dag.py:4180} INFO - Setting next_dagrun for example_sla_dag to 2025-11-14 14:28:00+00:00, run_after=2025-11-14 14:30:00+00:00
[2025-11-14T14:32:00.012+0000] {processor.py:208} INFO - Processing /home/airflow/.local/lib/python3.12/site-packages/airflow/example_dags/example_sla_dag.py took 0.063 seconds
[2025-11-14T14:32:31.516+0000] {processor.py:186} INFO - Started process (PID=287) to work on /home/airflow/.local/lib/python3.12/site-packages/airflow/example_dags/example_sla_dag.py
[2025-11-14T14:32:31.517+0000] {processor.py:914} INFO - Processing file /home/airflow/.local/lib/python3.12/site-packages/airflow/example_dags/example_sla_dag.py for tasks to queue
[2025-11-14T14:32:31.519+0000] {logging_mixin.py:190} INFO - [2025-11-14T14:32:31.519+0000] {dagbag.py:588} INFO - Filling up the DagBag from /home/airflow/.local/lib/python3.12/site-packages/airflow/example_dags/example_sla_dag.py
[2025-11-14T14:32:31.529+0000] {processor.py:925} INFO - DAG(s) 'example_sla_dag' retrieved from /home/airflow/.local/lib/python3.12/site-packages/airflow/example_dags/example_sla_dag.py
[2025-11-14T14:32:31.546+0000] {logging_mixin.py:190} INFO - [2025-11-14T14:32:31.545+0000] {dag.py:3239} INFO - Sync 1 DAGs
[2025-11-14T14:32:31.564+0000] {logging_mixin.py:190} INFO - [2025-11-14T14:32:31.564+0000] {dag.py:4180} INFO - Setting next_dagrun for example_sla_dag to 2025-11-14 14:30:00+00:00, run_after=2025-11-14 14:32:00+00:00
[2025-11-14T14:32:31.579+0000] {processor.py:208} INFO - Processing /home/airflow/.local/lib/python3.12/site-packages/airflow/example_dags/example_sla_dag.py took 0.069 seconds
[2025-11-14T14:33:02.850+0000] {processor.py:186} INFO - Started process (PID=352) to work on /home/airflow/.local/lib/python3.12/site-packages/airflow/example_dags/example_sla_dag.py
[2025-11-14T14:33:02.851+0000] {processor.py:914} INFO - Processing file /home/airflow/.local/lib/python3.12/site-packages/airflow/example_dags/example_sla_dag.py for tasks to queue
[2025-11-14T14:33:02.852+0000] {logging_mixin.py:190} INFO - [2025-11-14T14:33:02.852+0000] {dagbag.py:588} INFO - Filling up the DagBag from /home/airflow/.local/lib/python3.12/site-packages/airflow/example_dags/example_sla_dag.py
[2025-11-14T14:33:02.861+0000] {processor.py:925} INFO - DAG(s) 'example_sla_dag' retrieved from /home/airflow/.local/lib/python3.12/site-packages/airflow/example_dags/example_sla_dag.py
[2025-11-14T14:33:02.877+0000] {logging_mixin.py:190} INFO - [2025-11-14T14:33:02.877+0000] {dag.py:3239} INFO - Sync 1 DAGs
[2025-11-14T14:33:02.899+0000] {logging_mixin.py:190} INFO - [2025-11-14T14:33:02.899+0000] {dag.py:4180} INFO - Setting next_dagrun for example_sla_dag to 2025-11-14 14:30:00+00:00, run_after=2025-11-14 14:32:00+00:00
[2025-11-14T14:33:02.915+0000] {processor.py:208} INFO - Processing /home/airflow/.local/lib/python3.12/site-packages/airflow/example_dags/example_sla_dag.py took 0.070 seconds
[2025-11-14T14:33:33.399+0000] {processor.py:186} INFO - Started process (PID=417) to work on /home/airflow/.local/lib/python3.12/site-packages/airflow/example_dags/example_sla_dag.py
[2025-11-14T14:33:33.400+0000] {processor.py:914} INFO - Processing file /home/airflow/.local/lib/python3.12/site-packages/airflow/example_dags/example_sla_dag.py for tasks to queue
[2025-11-14T14:33:33.402+0000] {logging_mixin.py:190} INFO - [2025-11-14T14:33:33.401+0000] {dagbag.py:588} INFO - Filling up the DagBag from /home/airflow/.local/lib/python3.12/site-packages/airflow/example_dags/example_sla_dag.py
[2025-11-14T14:33:33.411+0000] {processor.py:925} INFO - DAG(s) 'example_sla_dag' retrieved from /home/airflow/.local/lib/python3.12/site-packages/airflow/example_dags/example_sla_dag.py
[2025-11-14T14:33:33.428+0000] {logging_mixin.py:190} INFO - [2025-11-14T14:33:33.427+0000] {dag.py:3239} INFO - Sync 1 DAGs
[2025-11-14T14:33:33.448+0000] {logging_mixin.py:190} INFO - [2025-11-14T14:33:33.448+0000] {dag.py:4180} INFO - Setting next_dagrun for example_sla_dag to 2025-11-14 14:30:00+00:00, run_after=2025-11-14 14:32:00+00:00
[2025-11-14T14:33:33.464+0000] {processor.py:208} INFO - Processing /home/airflow/.local/lib/python3.12/site-packages/airflow/example_dags/example_sla_dag.py took 0.071 seconds
[2025-11-14T14:34:04.919+0000] {processor.py:186} INFO - Started process (PID=482) to work on /home/airflow/.local/lib/python3.12/site-packages/airflow/example_dags/example_sla_dag.py
[2025-11-14T14:34:04.921+0000] {processor.py:914} INFO - Processing file /home/airflow/.local/lib/python3.12/site-packages/airflow/example_dags/example_sla_dag.py for tasks to queue
[2025-11-14T14:34:04.923+0000] {logging_mixin.py:190} INFO - [2025-11-14T14:34:04.923+0000] {dagbag.py:588} INFO - Filling up the DagBag from /home/airflow/.local/lib/python3.12/site-packages/airflow/example_dags/example_sla_dag.py
[2025-11-14T14:34:04.932+0000] {processor.py:925} INFO - DAG(s) 'example_sla_dag' retrieved from /home/airflow/.local/lib/python3.12/site-packages/airflow/example_dags/example_sla_dag.py
[2025-11-14T14:34:04.947+0000] {logging_mixin.py:190} INFO - [2025-11-14T14:34:04.947+0000] {dag.py:3239} INFO - Sync 1 DAGs
[2025-11-14T14:34:04.965+0000] {logging_mixin.py:190} INFO - [2025-11-14T14:34:04.965+0000] {dag.py:4180} INFO - Setting next_dagrun for example_sla_dag to 2025-11-14 14:32:00+00:00, run_after=2025-11-14 14:34:00+00:00
[2025-11-14T14:34:04.979+0000] {processor.py:208} INFO - Processing /home/airflow/.local/lib/python3.12/site-packages/airflow/example_dags/example_sla_dag.py took 0.064 seconds
[2025-11-14T14:34:36.221+0000] {processor.py:186} INFO - Started process (PID=547) to work on /home/airflow/.local/lib/python3.12/site-packages/airflow/example_dags/example_sla_dag.py
[2025-11-14T14:34:36.222+0000] {processor.py:914} INFO - Processing file /home/airflow/.local/lib/python3.12/site-packages/airflow/example_dags/example_sla_dag.py for tasks to queue
[2025-11-14T14:34:36.223+0000] {logging_mixin.py:190} INFO - [2025-11-14T14:34:36.223+0000] {dagbag.py:588} INFO - Filling up the DagBag from /home/airflow/.local/lib/python3.12/site-packages/airflow/example_dags/example_sla_dag.py
[2025-11-14T14:34:36.232+0000] {processor.py:925} INFO - DAG(s) 'example_sla_dag' retrieved from /home/airflow/.local/lib/python3.12/site-packages/airflow/example_dags/example_sla_dag.py
[2025-11-14T14:34:36.246+0000] {logging_mixin.py:190} INFO - [2025-11-14T14:34:36.246+0000] {dag.py:3239} INFO - Sync 1 DAGs
[2025-11-14T14:34:36.268+0000] {logging_mixin.py:190} INFO - [2025-11-14T14:34:36.268+0000] {dag.py:4180} INFO - Setting next_dagrun for example_sla_dag to 2025-11-14 14:32:00+00:00, run_after=2025-11-14 14:34:00+00:00
[2025-11-14T14:34:36.283+0000] {processor.py:208} INFO - Processing /home/airflow/.local/lib/python3.12/site-packages/airflow/example_dags/example_sla_dag.py took 0.067 seconds
[2025-11-14T14:35:07.394+0000] {processor.py:186} INFO - Started process (PID=612) to work on /home/airflow/.local/lib/python3.12/site-packages/airflow/example_dags/example_sla_dag.py
[2025-11-14T14:35:07.395+0000] {processor.py:914} INFO - Processing file /home/airflow/.local/lib/python3.12/site-packages/airflow/example_dags/example_sla_dag.py for tasks to queue
[2025-11-14T14:35:07.396+0000] {logging_mixin.py:190} INFO - [2025-11-14T14:35:07.395+0000] {dagbag.py:588} INFO - Filling up the DagBag from /home/airflow/.local/lib/python3.12/site-packages/airflow/example_dags/example_sla_dag.py
[2025-11-14T14:35:07.404+0000] {processor.py:925} INFO - DAG(s) 'example_sla_dag' retrieved from /home/airflow/.local/lib/python3.12/site-packages/airflow/example_dags/example_sla_dag.py
[2025-11-14T14:35:07.417+0000] {logging_mixin.py:190} INFO - [2025-11-14T14:35:07.417+0000] {dag.py:3239} INFO - Sync 1 DAGs
[2025-11-14T14:35:07.435+0000] {logging_mixin.py:190} INFO - [2025-11-14T14:35:07.435+0000] {dag.py:4180} INFO - Setting next_dagrun for example_sla_dag to 2025-11-14 14:32:00+00:00, run_after=2025-11-14 14:34:00+00:00
[2025-11-14T14:35:07.447+0000] {processor.py:208} INFO - Processing /home/airflow/.local/lib/python3.12/site-packages/airflow/example_dags/example_sla_dag.py took 0.057 seconds
[2025-11-14T14:35:38.558+0000] {processor.py:186} INFO - Started process (PID=677) to work on /home/airflow/.local/lib/python3.12/site-packages/airflow/example_dags/example_sla_dag.py
[2025-11-14T14:35:38.559+0000] {processor.py:914} INFO - Processing file /home/airflow/.local/lib/python3.12/site-packages/airflow/example_dags/example_sla_dag.py for tasks to queue
[2025-11-14T14:35:38.560+0000] {logging_mixin.py:190} INFO - [2025-11-14T14:35:38.559+0000] {dagbag.py:588} INFO - Filling up the DagBag from /home/airflow/.local/lib/python3.12/site-packages/airflow/example_dags/example_sla_dag.py
[2025-11-14T14:35:38.567+0000] {processor.py:925} INFO - DAG(s) 'example_sla_dag' retrieved from /home/airflow/.local/lib/python3.12/site-packages/airflow/example_dags/example_sla_dag.py
[2025-11-14T14:35:38.581+0000] {logging_mixin.py:190} INFO - [2025-11-14T14:35:38.580+0000] {dag.py:3239} INFO - Sync 1 DAGs
[2025-11-14T14:35:38.597+0000] {logging_mixin.py:190} INFO - [2025-11-14T14:35:38.597+0000] {dag.py:4180} INFO - Setting next_dagrun for example_sla_dag to 2025-11-14 14:32:00+00:00, run_after=2025-11-14 14:34:00+00:00
[2025-11-14T14:35:38.609+0000] {processor.py:208} INFO - Processing /home/airflow/.local/lib/python3.12/site-packages/airflow/example_dags/example_sla_dag.py took 0.056 seconds
[2025-11-14T14:36:09.410+0000] {processor.py:186} INFO - Started process (PID=742) to work on /home/airflow/.local/lib/python3.12/site-packages/airflow/example_dags/example_sla_dag.py
[2025-11-14T14:36:09.411+0000] {processor.py:914} INFO - Processing file /home/airflow/.local/lib/python3.12/site-packages/airflow/example_dags/example_sla_dag.py for tasks to queue
[2025-11-14T14:36:09.412+0000] {logging_mixin.py:190} INFO - [2025-11-14T14:36:09.412+0000] {dagbag.py:588} INFO - Filling up the DagBag from /home/airflow/.local/lib/python3.12/site-packages/airflow/example_dags/example_sla_dag.py
[2025-11-14T14:36:09.420+0000] {processor.py:925} INFO - DAG(s) 'example_sla_dag' retrieved from /home/airflow/.local/lib/python3.12/site-packages/airflow/example_dags/example_sla_dag.py
[2025-11-14T14:36:09.435+0000] {logging_mixin.py:190} INFO - [2025-11-14T14:36:09.435+0000] {dag.py:3239} INFO - Sync 1 DAGs
[2025-11-14T14:36:09.453+0000] {logging_mixin.py:190} INFO - [2025-11-14T14:36:09.453+0000] {dag.py:4180} INFO - Setting next_dagrun for example_sla_dag to 2025-11-14 14:34:00+00:00, run_after=2025-11-14 14:36:00+00:00
[2025-11-14T14:36:09.467+0000] {processor.py:208} INFO - Processing /home/airflow/.local/lib/python3.12/site-packages/airflow/example_dags/example_sla_dag.py took 0.061 seconds
[2025-11-14T14:36:40.025+0000] {processor.py:186} INFO - Started process (PID=807) to work on /home/airflow/.local/lib/python3.12/site-packages/airflow/example_dags/example_sla_dag.py
[2025-11-14T14:36:40.026+0000] {processor.py:914} INFO - Processing file /home/airflow/.local/lib/python3.12/site-packages/airflow/example_dags/example_sla_dag.py for tasks to queue
[2025-11-14T14:36:40.027+0000] {logging_mixin.py:190} INFO - [2025-11-14T14:36:40.026+0000] {dagbag.py:588} INFO - Filling up the DagBag from /home/airflow/.local/lib/python3.12/site-packages/airflow/example_dags/example_sla_dag.py
[2025-11-14T14:36:40.035+0000] {processor.py:925} INFO - DAG(s) 'example_sla_dag' retrieved from /home/airflow/.local/lib/python3.12/site-packages/airflow/example_dags/example_sla_dag.py
[2025-11-14T14:36:40.050+0000] {logging_mixin.py:190} INFO - [2025-11-14T14:36:40.050+0000] {dag.py:3239} INFO - Sync 1 DAGs
[2025-11-14T14:36:40.066+0000] {logging_mixin.py:190} INFO - [2025-11-14T14:36:40.066+0000] {dag.py:4180} INFO - Setting next_dagrun for example_sla_dag to 2025-11-14 14:34:00+00:00, run_after=2025-11-14 14:36:00+00:00
[2025-11-14T14:36:40.080+0000] {processor.py:208} INFO - Processing /home/airflow/.local/lib/python3.12/site-packages/airflow/example_dags/example_sla_dag.py took 0.059 seconds
[2025-11-14T14:37:11.130+0000] {processor.py:186} INFO - Started process (PID=872) to work on /home/airflow/.local/lib/python3.12/site-packages/airflow/example_dags/example_sla_dag.py
[2025-11-14T14:37:11.132+0000] {processor.py:914} INFO - Processing file /home/airflow/.local/lib/python3.12/site-packages/airflow/example_dags/example_sla_dag.py for tasks to queue
[2025-11-14T14:37:11.134+0000] {logging_mixin.py:190} INFO - [2025-11-14T14:37:11.134+0000] {dagbag.py:588} INFO - Filling up the DagBag from /home/airflow/.local/lib/python3.12/site-packages/airflow/example_dags/example_sla_dag.py
[2025-11-14T14:37:11.144+0000] {processor.py:925} INFO - DAG(s) 'example_sla_dag' retrieved from /home/airflow/.local/lib/python3.12/site-packages/airflow/example_dags/example_sla_dag.py
[2025-11-14T14:37:11.159+0000] {logging_mixin.py:190} INFO - [2025-11-14T14:37:11.159+0000] {dag.py:3239} INFO - Sync 1 DAGs
[2025-11-14T14:37:11.177+0000] {logging_mixin.py:190} INFO - [2025-11-14T14:37:11.177+0000] {dag.py:4180} INFO - Setting next_dagrun for example_sla_dag to 2025-11-14 14:34:00+00:00, run_after=2025-11-14 14:36:00+00:00
[2025-11-14T14:37:11.194+0000] {processor.py:208} INFO - Processing /home/airflow/.local/lib/python3.12/site-packages/airflow/example_dags/example_sla_dag.py took 0.068 seconds
[2025-11-14T14:37:42.345+0000] {processor.py:186} INFO - Started process (PID=937) to work on /home/airflow/.local/lib/python3.12/site-packages/airflow/example_dags/example_sla_dag.py
[2025-11-14T14:37:42.346+0000] {processor.py:914} INFO - Processing file /home/airflow/.local/lib/python3.12/site-packages/airflow/example_dags/example_sla_dag.py for tasks to queue
[2025-11-14T14:37:42.347+0000] {logging_mixin.py:190} INFO - [2025-11-14T14:37:42.347+0000] {dagbag.py:588} INFO - Filling up the DagBag from /home/airflow/.local/lib/python3.12/site-packages/airflow/example_dags/example_sla_dag.py
[2025-11-14T14:37:42.357+0000] {processor.py:925} INFO - DAG(s) 'example_sla_dag' retrieved from /home/airflow/.local/lib/python3.12/site-packages/airflow/example_dags/example_sla_dag.py
[2025-11-14T14:37:42.372+0000] {logging_mixin.py:190} INFO - [2025-11-14T14:37:42.372+0000] {dag.py:3239} INFO - Sync 1 DAGs
[2025-11-14T14:37:42.391+0000] {logging_mixin.py:190} INFO - [2025-11-14T14:37:42.391+0000] {dag.py:4180} INFO - Setting next_dagrun for example_sla_dag to 2025-11-14 14:34:00+00:00, run_after=2025-11-14 14:36:00+00:00
[2025-11-14T14:37:42.406+0000] {processor.py:208} INFO - Processing /home/airflow/.local/lib/python3.12/site-packages/airflow/example_dags/example_sla_dag.py took 0.066 seconds
[2025-11-14T14:38:12.834+0000] {processor.py:186} INFO - Started process (PID=1002) to work on /home/airflow/.local/lib/python3.12/site-packages/airflow/example_dags/example_sla_dag.py
[2025-11-14T14:38:12.835+0000] {processor.py:914} INFO - Processing file /home/airflow/.local/lib/python3.12/site-packages/airflow/example_dags/example_sla_dag.py for tasks to queue
[2025-11-14T14:38:12.838+0000] {logging_mixin.py:190} INFO - [2025-11-14T14:38:12.838+0000] {dagbag.py:588} INFO - Filling up the DagBag from /home/airflow/.local/lib/python3.12/site-packages/airflow/example_dags/example_sla_dag.py
[2025-11-14T14:38:12.847+0000] {processor.py:925} INFO - DAG(s) 'example_sla_dag' retrieved from /home/airflow/.local/lib/python3.12/site-packages/airflow/example_dags/example_sla_dag.py
[2025-11-14T14:38:12.866+0000] {logging_mixin.py:190} INFO - [2025-11-14T14:38:12.866+0000] {dag.py:3239} INFO - Sync 1 DAGs
[2025-11-14T14:38:12.886+0000] {logging_mixin.py:190} INFO - [2025-11-14T14:38:12.886+0000] {dag.py:4180} INFO - Setting next_dagrun for example_sla_dag to 2025-11-14 14:36:00+00:00, run_after=2025-11-14 14:38:00+00:00
[2025-11-14T14:38:12.904+0000] {processor.py:208} INFO - Processing /home/airflow/.local/lib/python3.12/site-packages/airflow/example_dags/example_sla_dag.py took 0.077 seconds
[2025-11-14T14:38:43.596+0000] {processor.py:186} INFO - Started process (PID=1066) to work on /home/airflow/.local/lib/python3.12/site-packages/airflow/example_dags/example_sla_dag.py
[2025-11-14T14:38:43.596+0000] {processor.py:914} INFO - Processing file /home/airflow/.local/lib/python3.12/site-packages/airflow/example_dags/example_sla_dag.py for tasks to queue
[2025-11-14T14:38:43.598+0000] {logging_mixin.py:190} INFO - [2025-11-14T14:38:43.597+0000] {dagbag.py:588} INFO - Filling up the DagBag from /home/airflow/.local/lib/python3.12/site-packages/airflow/example_dags/example_sla_dag.py
[2025-11-14T14:38:43.606+0000] {processor.py:925} INFO - DAG(s) 'example_sla_dag' retrieved from /home/airflow/.local/lib/python3.12/site-packages/airflow/example_dags/example_sla_dag.py
[2025-11-14T14:38:43.620+0000] {logging_mixin.py:190} INFO - [2025-11-14T14:38:43.620+0000] {dag.py:3239} INFO - Sync 1 DAGs
[2025-11-14T14:38:43.639+0000] {logging_mixin.py:190} INFO - [2025-11-14T14:38:43.639+0000] {dag.py:4180} INFO - Setting next_dagrun for example_sla_dag to 2025-11-14 14:36:00+00:00, run_after=2025-11-14 14:38:00+00:00
[2025-11-14T14:38:43.657+0000] {processor.py:208} INFO - Processing /home/airflow/.local/lib/python3.12/site-packages/airflow/example_dags/example_sla_dag.py took 0.066 seconds
[2025-11-14T14:39:15.007+0000] {processor.py:186} INFO - Started process (PID=1138) to work on /home/airflow/.local/lib/python3.12/site-packages/airflow/example_dags/example_sla_dag.py
[2025-11-14T14:39:15.008+0000] {processor.py:914} INFO - Processing file /home/airflow/.local/lib/python3.12/site-packages/airflow/example_dags/example_sla_dag.py for tasks to queue
[2025-11-14T14:39:15.009+0000] {logging_mixin.py:190} INFO - [2025-11-14T14:39:15.008+0000] {dagbag.py:588} INFO - Filling up the DagBag from /home/airflow/.local/lib/python3.12/site-packages/airflow/example_dags/example_sla_dag.py
[2025-11-14T14:39:15.017+0000] {processor.py:925} INFO - DAG(s) 'example_sla_dag' retrieved from /home/airflow/.local/lib/python3.12/site-packages/airflow/example_dags/example_sla_dag.py
[2025-11-14T14:39:15.031+0000] {logging_mixin.py:190} INFO - [2025-11-14T14:39:15.031+0000] {dag.py:3239} INFO - Sync 1 DAGs
[2025-11-14T14:39:15.049+0000] {logging_mixin.py:190} INFO - [2025-11-14T14:39:15.049+0000] {dag.py:4180} INFO - Setting next_dagrun for example_sla_dag to 2025-11-14 14:36:00+00:00, run_after=2025-11-14 14:38:00+00:00
[2025-11-14T14:39:15.063+0000] {processor.py:208} INFO - Processing /home/airflow/.local/lib/python3.12/site-packages/airflow/example_dags/example_sla_dag.py took 0.062 seconds
[2025-11-14T14:39:45.720+0000] {processor.py:186} INFO - Started process (PID=1203) to work on /home/airflow/.local/lib/python3.12/site-packages/airflow/example_dags/example_sla_dag.py
[2025-11-14T14:39:45.721+0000] {processor.py:914} INFO - Processing file /home/airflow/.local/lib/python3.12/site-packages/airflow/example_dags/example_sla_dag.py for tasks to queue
[2025-11-14T14:39:45.723+0000] {logging_mixin.py:190} INFO - [2025-11-14T14:39:45.723+0000] {dagbag.py:588} INFO - Filling up the DagBag from /home/airflow/.local/lib/python3.12/site-packages/airflow/example_dags/example_sla_dag.py
[2025-11-14T14:39:45.733+0000] {processor.py:925} INFO - DAG(s) 'example_sla_dag' retrieved from /home/airflow/.local/lib/python3.12/site-packages/airflow/example_dags/example_sla_dag.py
[2025-11-14T14:39:45.750+0000] {logging_mixin.py:190} INFO - [2025-11-14T14:39:45.750+0000] {dag.py:3239} INFO - Sync 1 DAGs
[2025-11-14T14:39:45.769+0000] {logging_mixin.py:190} INFO - [2025-11-14T14:39:45.769+0000] {dag.py:4180} INFO - Setting next_dagrun for example_sla_dag to 2025-11-14 14:36:00+00:00, run_after=2025-11-14 14:38:00+00:00
[2025-11-14T14:39:45.782+0000] {processor.py:208} INFO - Processing /home/airflow/.local/lib/python3.12/site-packages/airflow/example_dags/example_sla_dag.py took 0.070 seconds
[2025-11-14T14:40:16.921+0000] {processor.py:186} INFO - Started process (PID=1268) to work on /home/airflow/.local/lib/python3.12/site-packages/airflow/example_dags/example_sla_dag.py
[2025-11-14T14:40:16.922+0000] {processor.py:914} INFO - Processing file /home/airflow/.local/lib/python3.12/site-packages/airflow/example_dags/example_sla_dag.py for tasks to queue
[2025-11-14T14:40:16.923+0000] {logging_mixin.py:190} INFO - [2025-11-14T14:40:16.923+0000] {dagbag.py:588} INFO - Filling up the DagBag from /home/airflow/.local/lib/python3.12/site-packages/airflow/example_dags/example_sla_dag.py
[2025-11-14T14:40:16.931+0000] {processor.py:925} INFO - DAG(s) 'example_sla_dag' retrieved from /home/airflow/.local/lib/python3.12/site-packages/airflow/example_dags/example_sla_dag.py
[2025-11-14T14:40:16.946+0000] {logging_mixin.py:190} INFO - [2025-11-14T14:40:16.946+0000] {dag.py:3239} INFO - Sync 1 DAGs
[2025-11-14T14:40:16.965+0000] {logging_mixin.py:190} INFO - [2025-11-14T14:40:16.965+0000] {dag.py:4180} INFO - Setting next_dagrun for example_sla_dag to 2025-11-14 14:38:00+00:00, run_after=2025-11-14 14:40:00+00:00
[2025-11-14T14:40:16.979+0000] {processor.py:208} INFO - Processing /home/airflow/.local/lib/python3.12/site-packages/airflow/example_dags/example_sla_dag.py took 0.062 seconds
[2025-11-14T14:40:48.172+0000] {processor.py:186} INFO - Started process (PID=1333) to work on /home/airflow/.local/lib/python3.12/site-packages/airflow/example_dags/example_sla_dag.py
[2025-11-14T14:40:48.174+0000] {processor.py:914} INFO - Processing file /home/airflow/.local/lib/python3.12/site-packages/airflow/example_dags/example_sla_dag.py for tasks to queue
[2025-11-14T14:40:48.175+0000] {logging_mixin.py:190} INFO - [2025-11-14T14:40:48.175+0000] {dagbag.py:588} INFO - Filling up the DagBag from /home/airflow/.local/lib/python3.12/site-packages/airflow/example_dags/example_sla_dag.py
[2025-11-14T14:40:48.183+0000] {processor.py:925} INFO - DAG(s) 'example_sla_dag' retrieved from /home/airflow/.local/lib/python3.12/site-packages/airflow/example_dags/example_sla_dag.py
[2025-11-14T14:40:48.197+0000] {logging_mixin.py:190} INFO - [2025-11-14T14:40:48.197+0000] {dag.py:3239} INFO - Sync 1 DAGs
[2025-11-14T14:40:48.215+0000] {logging_mixin.py:190} INFO - [2025-11-14T14:40:48.215+0000] {dag.py:4180} INFO - Setting next_dagrun for example_sla_dag to 2025-11-14 14:38:00+00:00, run_after=2025-11-14 14:40:00+00:00
[2025-11-14T14:40:48.229+0000] {processor.py:208} INFO - Processing /home/airflow/.local/lib/python3.12/site-packages/airflow/example_dags/example_sla_dag.py took 0.060 seconds
[2025-11-14T14:41:19.559+0000] {processor.py:186} INFO - Started process (PID=1398) to work on /home/airflow/.local/lib/python3.12/site-packages/airflow/example_dags/example_sla_dag.py
[2025-11-14T14:41:19.560+0000] {processor.py:914} INFO - Processing file /home/airflow/.local/lib/python3.12/site-packages/airflow/example_dags/example_sla_dag.py for tasks to queue
[2025-11-14T14:41:19.561+0000] {logging_mixin.py:190} INFO - [2025-11-14T14:41:19.561+0000] {dagbag.py:588} INFO - Filling up the DagBag from /home/airflow/.local/lib/python3.12/site-packages/airflow/example_dags/example_sla_dag.py
[2025-11-14T14:41:19.569+0000] {processor.py:925} INFO - DAG(s) 'example_sla_dag' retrieved from /home/airflow/.local/lib/python3.12/site-packages/airflow/example_dags/example_sla_dag.py
[2025-11-14T14:41:19.582+0000] {logging_mixin.py:190} INFO - [2025-11-14T14:41:19.582+0000] {dag.py:3239} INFO - Sync 1 DAGs
[2025-11-14T14:41:19.600+0000] {logging_mixin.py:190} INFO - [2025-11-14T14:41:19.599+0000] {dag.py:4180} INFO - Setting next_dagrun for example_sla_dag to 2025-11-14 14:38:00+00:00, run_after=2025-11-14 14:40:00+00:00
[2025-11-14T14:41:19.612+0000] {processor.py:208} INFO - Processing /home/airflow/.local/lib/python3.12/site-packages/airflow/example_dags/example_sla_dag.py took 0.058 seconds
[2025-11-14T14:41:51.050+0000] {processor.py:186} INFO - Started process (PID=1463) to work on /home/airflow/.local/lib/python3.12/site-packages/airflow/example_dags/example_sla_dag.py
[2025-11-14T14:41:51.052+0000] {processor.py:914} INFO - Processing file /home/airflow/.local/lib/python3.12/site-packages/airflow/example_dags/example_sla_dag.py for tasks to queue
[2025-11-14T14:41:51.053+0000] {logging_mixin.py:190} INFO - [2025-11-14T14:41:51.053+0000] {dagbag.py:588} INFO - Filling up the DagBag from /home/airflow/.local/lib/python3.12/site-packages/airflow/example_dags/example_sla_dag.py
[2025-11-14T14:41:51.062+0000] {processor.py:925} INFO - DAG(s) 'example_sla_dag' retrieved from /home/airflow/.local/lib/python3.12/site-packages/airflow/example_dags/example_sla_dag.py
[2025-11-14T14:41:51.078+0000] {logging_mixin.py:190} INFO - [2025-11-14T14:41:51.078+0000] {dag.py:3239} INFO - Sync 1 DAGs
[2025-11-14T14:41:51.099+0000] {logging_mixin.py:190} INFO - [2025-11-14T14:41:51.099+0000] {dag.py:4180} INFO - Setting next_dagrun for example_sla_dag to 2025-11-14 14:38:00+00:00, run_after=2025-11-14 14:40:00+00:00
[2025-11-14T14:41:51.114+0000] {processor.py:208} INFO - Processing /home/airflow/.local/lib/python3.12/site-packages/airflow/example_dags/example_sla_dag.py took 0.068 seconds
[2025-11-14T14:42:22.371+0000] {processor.py:186} INFO - Started process (PID=1528) to work on /home/airflow/.local/lib/python3.12/site-packages/airflow/example_dags/example_sla_dag.py
[2025-11-14T14:42:22.372+0000] {processor.py:914} INFO - Processing file /home/airflow/.local/lib/python3.12/site-packages/airflow/example_dags/example_sla_dag.py for tasks to queue
[2025-11-14T14:42:22.373+0000] {logging_mixin.py:190} INFO - [2025-11-14T14:42:22.373+0000] {dagbag.py:588} INFO - Filling up the DagBag from /home/airflow/.local/lib/python3.12/site-packages/airflow/example_dags/example_sla_dag.py
[2025-11-14T14:42:22.381+0000] {processor.py:925} INFO - DAG(s) 'example_sla_dag' retrieved from /home/airflow/.local/lib/python3.12/site-packages/airflow/example_dags/example_sla_dag.py
[2025-11-14T14:42:22.396+0000] {logging_mixin.py:190} INFO - [2025-11-14T14:42:22.396+0000] {dag.py:3239} INFO - Sync 1 DAGs
[2025-11-14T14:42:22.414+0000] {logging_mixin.py:190} INFO - [2025-11-14T14:42:22.413+0000] {dag.py:4180} INFO - Setting next_dagrun for example_sla_dag to 2025-11-14 14:40:00+00:00, run_after=2025-11-14 14:42:00+00:00
[2025-11-14T14:42:22.443+0000] {processor.py:208} INFO - Processing /home/airflow/.local/lib/python3.12/site-packages/airflow/example_dags/example_sla_dag.py took 0.077 seconds
[2025-11-14T14:42:53.546+0000] {processor.py:186} INFO - Started process (PID=1593) to work on /home/airflow/.local/lib/python3.12/site-packages/airflow/example_dags/example_sla_dag.py
[2025-11-14T14:42:53.547+0000] {processor.py:914} INFO - Processing file /home/airflow/.local/lib/python3.12/site-packages/airflow/example_dags/example_sla_dag.py for tasks to queue
[2025-11-14T14:42:53.548+0000] {logging_mixin.py:190} INFO - [2025-11-14T14:42:53.547+0000] {dagbag.py:588} INFO - Filling up the DagBag from /home/airflow/.local/lib/python3.12/site-packages/airflow/example_dags/example_sla_dag.py
[2025-11-14T14:42:53.555+0000] {processor.py:925} INFO - DAG(s) 'example_sla_dag' retrieved from /home/airflow/.local/lib/python3.12/site-packages/airflow/example_dags/example_sla_dag.py
[2025-11-14T14:42:53.568+0000] {logging_mixin.py:190} INFO - [2025-11-14T14:42:53.568+0000] {dag.py:3239} INFO - Sync 1 DAGs
[2025-11-14T14:42:53.585+0000] {logging_mixin.py:190} INFO - [2025-11-14T14:42:53.585+0000] {dag.py:4180} INFO - Setting next_dagrun for example_sla_dag to 2025-11-14 14:40:00+00:00, run_after=2025-11-14 14:42:00+00:00
[2025-11-14T14:42:53.598+0000] {processor.py:208} INFO - Processing /home/airflow/.local/lib/python3.12/site-packages/airflow/example_dags/example_sla_dag.py took 0.056 seconds
[2025-11-14T14:43:24.977+0000] {processor.py:186} INFO - Started process (PID=1658) to work on /home/airflow/.local/lib/python3.12/site-packages/airflow/example_dags/example_sla_dag.py
[2025-11-14T14:43:24.978+0000] {processor.py:914} INFO - Processing file /home/airflow/.local/lib/python3.12/site-packages/airflow/example_dags/example_sla_dag.py for tasks to queue
[2025-11-14T14:43:24.980+0000] {logging_mixin.py:190} INFO - [2025-11-14T14:43:24.979+0000] {dagbag.py:588} INFO - Filling up the DagBag from /home/airflow/.local/lib/python3.12/site-packages/airflow/example_dags/example_sla_dag.py
[2025-11-14T14:43:24.989+0000] {processor.py:925} INFO - DAG(s) 'example_sla_dag' retrieved from /home/airflow/.local/lib/python3.12/site-packages/airflow/example_dags/example_sla_dag.py
[2025-11-14T14:43:25.007+0000] {logging_mixin.py:190} INFO - [2025-11-14T14:43:25.007+0000] {dag.py:3239} INFO - Sync 1 DAGs
[2025-11-14T14:43:25.027+0000] {logging_mixin.py:190} INFO - [2025-11-14T14:43:25.027+0000] {dag.py:4180} INFO - Setting next_dagrun for example_sla_dag to 2025-11-14 14:40:00+00:00, run_after=2025-11-14 14:42:00+00:00
[2025-11-14T14:43:25.043+0000] {processor.py:208} INFO - Processing /home/airflow/.local/lib/python3.12/site-packages/airflow/example_dags/example_sla_dag.py took 0.071 seconds
[2025-11-14T14:43:56.457+0000] {processor.py:186} INFO - Started process (PID=1723) to work on /home/airflow/.local/lib/python3.12/site-packages/airflow/example_dags/example_sla_dag.py
[2025-11-14T14:43:56.458+0000] {processor.py:914} INFO - Processing file /home/airflow/.local/lib/python3.12/site-packages/airflow/example_dags/example_sla_dag.py for tasks to queue
[2025-11-14T14:43:56.459+0000] {logging_mixin.py:190} INFO - [2025-11-14T14:43:56.459+0000] {dagbag.py:588} INFO - Filling up the DagBag from /home/airflow/.local/lib/python3.12/site-packages/airflow/example_dags/example_sla_dag.py
[2025-11-14T14:43:56.469+0000] {processor.py:925} INFO - DAG(s) 'example_sla_dag' retrieved from /home/airflow/.local/lib/python3.12/site-packages/airflow/example_dags/example_sla_dag.py
[2025-11-14T14:43:56.484+0000] {logging_mixin.py:190} INFO - [2025-11-14T14:43:56.483+0000] {dag.py:3239} INFO - Sync 1 DAGs
[2025-11-14T14:43:56.502+0000] {logging_mixin.py:190} INFO - [2025-11-14T14:43:56.502+0000] {dag.py:4180} INFO - Setting next_dagrun for example_sla_dag to 2025-11-14 14:40:00+00:00, run_after=2025-11-14 14:42:00+00:00
[2025-11-14T14:43:56.514+0000] {processor.py:208} INFO - Processing /home/airflow/.local/lib/python3.12/site-packages/airflow/example_dags/example_sla_dag.py took 0.063 seconds
[2025-11-14T14:44:27.778+0000] {processor.py:186} INFO - Started process (PID=1788) to work on /home/airflow/.local/lib/python3.12/site-packages/airflow/example_dags/example_sla_dag.py
[2025-11-14T14:44:27.780+0000] {processor.py:914} INFO - Processing file /home/airflow/.local/lib/python3.12/site-packages/airflow/example_dags/example_sla_dag.py for tasks to queue
[2025-11-14T14:44:27.781+0000] {logging_mixin.py:190} INFO - [2025-11-14T14:44:27.781+0000] {dagbag.py:588} INFO - Filling up the DagBag from /home/airflow/.local/lib/python3.12/site-packages/airflow/example_dags/example_sla_dag.py
[2025-11-14T14:44:27.790+0000] {processor.py:925} INFO - DAG(s) 'example_sla_dag' retrieved from /home/airflow/.local/lib/python3.12/site-packages/airflow/example_dags/example_sla_dag.py
[2025-11-14T14:44:27.806+0000] {logging_mixin.py:190} INFO - [2025-11-14T14:44:27.806+0000] {dag.py:3239} INFO - Sync 1 DAGs
[2025-11-14T14:44:27.827+0000] {logging_mixin.py:190} INFO - [2025-11-14T14:44:27.826+0000] {dag.py:4180} INFO - Setting next_dagrun for example_sla_dag to 2025-11-14 14:42:00+00:00, run_after=2025-11-14 14:44:00+00:00
[2025-11-14T14:44:27.843+0000] {processor.py:208} INFO - Processing /home/airflow/.local/lib/python3.12/site-packages/airflow/example_dags/example_sla_dag.py took 0.071 seconds
[2025-11-14T14:44:58.591+0000] {processor.py:186} INFO - Started process (PID=1853) to work on /home/airflow/.local/lib/python3.12/site-packages/airflow/example_dags/example_sla_dag.py
[2025-11-14T14:44:58.593+0000] {processor.py:914} INFO - Processing file /home/airflow/.local/lib/python3.12/site-packages/airflow/example_dags/example_sla_dag.py for tasks to queue
[2025-11-14T14:44:58.594+0000] {logging_mixin.py:190} INFO - [2025-11-14T14:44:58.594+0000] {dagbag.py:588} INFO - Filling up the DagBag from /home/airflow/.local/lib/python3.12/site-packages/airflow/example_dags/example_sla_dag.py
[2025-11-14T14:44:58.602+0000] {processor.py:925} INFO - DAG(s) 'example_sla_dag' retrieved from /home/airflow/.local/lib/python3.12/site-packages/airflow/example_dags/example_sla_dag.py
[2025-11-14T14:44:58.617+0000] {logging_mixin.py:190} INFO - [2025-11-14T14:44:58.617+0000] {dag.py:3239} INFO - Sync 1 DAGs
[2025-11-14T14:44:58.636+0000] {logging_mixin.py:190} INFO - [2025-11-14T14:44:58.636+0000] {dag.py:4180} INFO - Setting next_dagrun for example_sla_dag to 2025-11-14 14:42:00+00:00, run_after=2025-11-14 14:44:00+00:00
[2025-11-14T14:44:58.652+0000] {processor.py:208} INFO - Processing /home/airflow/.local/lib/python3.12/site-packages/airflow/example_dags/example_sla_dag.py took 0.065 seconds
[2025-11-14T14:45:29.918+0000] {processor.py:186} INFO - Started process (PID=1918) to work on /home/airflow/.local/lib/python3.12/site-packages/airflow/example_dags/example_sla_dag.py
[2025-11-14T14:45:29.919+0000] {processor.py:914} INFO - Processing file /home/airflow/.local/lib/python3.12/site-packages/airflow/example_dags/example_sla_dag.py for tasks to queue
[2025-11-14T14:45:29.920+0000] {logging_mixin.py:190} INFO - [2025-11-14T14:45:29.920+0000] {dagbag.py:588} INFO - Filling up the DagBag from /home/airflow/.local/lib/python3.12/site-packages/airflow/example_dags/example_sla_dag.py
[2025-11-14T14:45:29.929+0000] {processor.py:925} INFO - DAG(s) 'example_sla_dag' retrieved from /home/airflow/.local/lib/python3.12/site-packages/airflow/example_dags/example_sla_dag.py
[2025-11-14T14:45:29.942+0000] {logging_mixin.py:190} INFO - [2025-11-14T14:45:29.942+0000] {dag.py:3239} INFO - Sync 1 DAGs
[2025-11-14T14:45:29.959+0000] {logging_mixin.py:190} INFO - [2025-11-14T14:45:29.959+0000] {dag.py:4180} INFO - Setting next_dagrun for example_sla_dag to 2025-11-14 14:42:00+00:00, run_after=2025-11-14 14:44:00+00:00
[2025-11-14T14:45:29.971+0000] {processor.py:208} INFO - Processing /home/airflow/.local/lib/python3.12/site-packages/airflow/example_dags/example_sla_dag.py took 0.057 seconds
[2025-11-14T14:46:01.442+0000] {processor.py:186} INFO - Started process (PID=1983) to work on /home/airflow/.local/lib/python3.12/site-packages/airflow/example_dags/example_sla_dag.py
[2025-11-14T14:46:01.443+0000] {processor.py:914} INFO - Processing file /home/airflow/.local/lib/python3.12/site-packages/airflow/example_dags/example_sla_dag.py for tasks to queue
[2025-11-14T14:46:01.445+0000] {logging_mixin.py:190} INFO - [2025-11-14T14:46:01.444+0000] {dagbag.py:588} INFO - Filling up the DagBag from /home/airflow/.local/lib/python3.12/site-packages/airflow/example_dags/example_sla_dag.py
[2025-11-14T14:46:01.453+0000] {processor.py:925} INFO - DAG(s) 'example_sla_dag' retrieved from /home/airflow/.local/lib/python3.12/site-packages/airflow/example_dags/example_sla_dag.py
[2025-11-14T14:46:01.469+0000] {logging_mixin.py:190} INFO - [2025-11-14T14:46:01.469+0000] {dag.py:3239} INFO - Sync 1 DAGs
[2025-11-14T14:46:01.487+0000] {logging_mixin.py:190} INFO - [2025-11-14T14:46:01.487+0000] {dag.py:4180} INFO - Setting next_dagrun for example_sla_dag to 2025-11-14 14:44:00+00:00, run_after=2025-11-14 14:46:00+00:00
[2025-11-14T14:46:01.500+0000] {processor.py:208} INFO - Processing /home/airflow/.local/lib/python3.12/site-packages/airflow/example_dags/example_sla_dag.py took 0.063 seconds
[2025-11-14T14:46:32.779+0000] {processor.py:186} INFO - Started process (PID=2054) to work on /home/airflow/.local/lib/python3.12/site-packages/airflow/example_dags/example_sla_dag.py
[2025-11-14T14:46:32.780+0000] {processor.py:914} INFO - Processing file /home/airflow/.local/lib/python3.12/site-packages/airflow/example_dags/example_sla_dag.py for tasks to queue
[2025-11-14T14:46:32.781+0000] {logging_mixin.py:190} INFO - [2025-11-14T14:46:32.781+0000] {dagbag.py:588} INFO - Filling up the DagBag from /home/airflow/.local/lib/python3.12/site-packages/airflow/example_dags/example_sla_dag.py
[2025-11-14T14:46:32.790+0000] {processor.py:925} INFO - DAG(s) 'example_sla_dag' retrieved from /home/airflow/.local/lib/python3.12/site-packages/airflow/example_dags/example_sla_dag.py
[2025-11-14T14:46:32.804+0000] {logging_mixin.py:190} INFO - [2025-11-14T14:46:32.804+0000] {dag.py:3239} INFO - Sync 1 DAGs
[2025-11-14T14:46:32.822+0000] {logging_mixin.py:190} INFO - [2025-11-14T14:46:32.821+0000] {dag.py:4180} INFO - Setting next_dagrun for example_sla_dag to 2025-11-14 14:44:00+00:00, run_after=2025-11-14 14:46:00+00:00
[2025-11-14T14:46:32.835+0000] {processor.py:208} INFO - Processing /home/airflow/.local/lib/python3.12/site-packages/airflow/example_dags/example_sla_dag.py took 0.061 seconds
[2025-11-14T14:47:04.183+0000] {processor.py:186} INFO - Started process (PID=2119) to work on /home/airflow/.local/lib/python3.12/site-packages/airflow/example_dags/example_sla_dag.py
[2025-11-14T14:47:04.184+0000] {processor.py:914} INFO - Processing file /home/airflow/.local/lib/python3.12/site-packages/airflow/example_dags/example_sla_dag.py for tasks to queue
[2025-11-14T14:47:04.185+0000] {logging_mixin.py:190} INFO - [2025-11-14T14:47:04.185+0000] {dagbag.py:588} INFO - Filling up the DagBag from /home/airflow/.local/lib/python3.12/site-packages/airflow/example_dags/example_sla_dag.py
[2025-11-14T14:47:04.193+0000] {processor.py:925} INFO - DAG(s) 'example_sla_dag' retrieved from /home/airflow/.local/lib/python3.12/site-packages/airflow/example_dags/example_sla_dag.py
[2025-11-14T14:47:04.208+0000] {logging_mixin.py:190} INFO - [2025-11-14T14:47:04.207+0000] {dag.py:3239} INFO - Sync 1 DAGs
[2025-11-14T14:47:04.227+0000] {logging_mixin.py:190} INFO - [2025-11-14T14:47:04.226+0000] {dag.py:4180} INFO - Setting next_dagrun for example_sla_dag to 2025-11-14 14:44:00+00:00, run_after=2025-11-14 14:46:00+00:00
[2025-11-14T14:47:04.240+0000] {processor.py:208} INFO - Processing /home/airflow/.local/lib/python3.12/site-packages/airflow/example_dags/example_sla_dag.py took 0.062 seconds
[2025-11-14T14:47:34.914+0000] {processor.py:186} INFO - Started process (PID=2184) to work on /home/airflow/.local/lib/python3.12/site-packages/airflow/example_dags/example_sla_dag.py
[2025-11-14T14:47:34.916+0000] {processor.py:914} INFO - Processing file /home/airflow/.local/lib/python3.12/site-packages/airflow/example_dags/example_sla_dag.py for tasks to queue
[2025-11-14T14:47:34.917+0000] {logging_mixin.py:190} INFO - [2025-11-14T14:47:34.917+0000] {dagbag.py:588} INFO - Filling up the DagBag from /home/airflow/.local/lib/python3.12/site-packages/airflow/example_dags/example_sla_dag.py
[2025-11-14T14:47:34.927+0000] {processor.py:925} INFO - DAG(s) 'example_sla_dag' retrieved from /home/airflow/.local/lib/python3.12/site-packages/airflow/example_dags/example_sla_dag.py
[2025-11-14T14:47:34.943+0000] {logging_mixin.py:190} INFO - [2025-11-14T14:47:34.943+0000] {dag.py:3239} INFO - Sync 1 DAGs
[2025-11-14T14:47:34.962+0000] {logging_mixin.py:190} INFO - [2025-11-14T14:47:34.962+0000] {dag.py:4180} INFO - Setting next_dagrun for example_sla_dag to 2025-11-14 14:44:00+00:00, run_after=2025-11-14 14:46:00+00:00
[2025-11-14T14:47:34.977+0000] {processor.py:208} INFO - Processing /home/airflow/.local/lib/python3.12/site-packages/airflow/example_dags/example_sla_dag.py took 0.069 seconds
[2025-11-14T14:48:06.590+0000] {processor.py:186} INFO - Started process (PID=2249) to work on /home/airflow/.local/lib/python3.12/site-packages/airflow/example_dags/example_sla_dag.py
[2025-11-14T14:48:06.592+0000] {processor.py:914} INFO - Processing file /home/airflow/.local/lib/python3.12/site-packages/airflow/example_dags/example_sla_dag.py for tasks to queue
[2025-11-14T14:48:06.595+0000] {logging_mixin.py:190} INFO - [2025-11-14T14:48:06.594+0000] {dagbag.py:588} INFO - Filling up the DagBag from /home/airflow/.local/lib/python3.12/site-packages/airflow/example_dags/example_sla_dag.py
[2025-11-14T14:48:06.605+0000] {processor.py:925} INFO - DAG(s) 'example_sla_dag' retrieved from /home/airflow/.local/lib/python3.12/site-packages/airflow/example_dags/example_sla_dag.py
[2025-11-14T14:48:06.623+0000] {logging_mixin.py:190} INFO - [2025-11-14T14:48:06.623+0000] {dag.py:3239} INFO - Sync 1 DAGs
[2025-11-14T14:48:06.644+0000] {logging_mixin.py:190} INFO - [2025-11-14T14:48:06.644+0000] {dag.py:4180} INFO - Setting next_dagrun for example_sla_dag to 2025-11-14 14:46:00+00:00, run_after=2025-11-14 14:48:00+00:00
[2025-11-14T14:48:06.659+0000] {processor.py:208} INFO - Processing /home/airflow/.local/lib/python3.12/site-packages/airflow/example_dags/example_sla_dag.py took 0.075 seconds
[2025-11-14T14:48:37.363+0000] {processor.py:186} INFO - Started process (PID=2314) to work on /home/airflow/.local/lib/python3.12/site-packages/airflow/example_dags/example_sla_dag.py
[2025-11-14T14:48:37.363+0000] {processor.py:914} INFO - Processing file /home/airflow/.local/lib/python3.12/site-packages/airflow/example_dags/example_sla_dag.py for tasks to queue
[2025-11-14T14:48:37.364+0000] {logging_mixin.py:190} INFO - [2025-11-14T14:48:37.364+0000] {dagbag.py:588} INFO - Filling up the DagBag from /home/airflow/.local/lib/python3.12/site-packages/airflow/example_dags/example_sla_dag.py
[2025-11-14T14:48:37.373+0000] {processor.py:925} INFO - DAG(s) 'example_sla_dag' retrieved from /home/airflow/.local/lib/python3.12/site-packages/airflow/example_dags/example_sla_dag.py
[2025-11-14T14:48:37.387+0000] {logging_mixin.py:190} INFO - [2025-11-14T14:48:37.386+0000] {dag.py:3239} INFO - Sync 1 DAGs
[2025-11-14T14:48:37.403+0000] {logging_mixin.py:190} INFO - [2025-11-14T14:48:37.403+0000] {dag.py:4180} INFO - Setting next_dagrun for example_sla_dag to 2025-11-14 14:46:00+00:00, run_after=2025-11-14 14:48:00+00:00
[2025-11-14T14:48:37.415+0000] {processor.py:208} INFO - Processing /home/airflow/.local/lib/python3.12/site-packages/airflow/example_dags/example_sla_dag.py took 0.057 seconds
[2025-11-14T14:49:08.681+0000] {processor.py:186} INFO - Started process (PID=2379) to work on /home/airflow/.local/lib/python3.12/site-packages/airflow/example_dags/example_sla_dag.py
[2025-11-14T14:49:08.683+0000] {processor.py:914} INFO - Processing file /home/airflow/.local/lib/python3.12/site-packages/airflow/example_dags/example_sla_dag.py for tasks to queue
[2025-11-14T14:49:08.684+0000] {logging_mixin.py:190} INFO - [2025-11-14T14:49:08.684+0000] {dagbag.py:588} INFO - Filling up the DagBag from /home/airflow/.local/lib/python3.12/site-packages/airflow/example_dags/example_sla_dag.py
[2025-11-14T14:49:08.693+0000] {processor.py:925} INFO - DAG(s) 'example_sla_dag' retrieved from /home/airflow/.local/lib/python3.12/site-packages/airflow/example_dags/example_sla_dag.py
[2025-11-14T14:49:08.708+0000] {logging_mixin.py:190} INFO - [2025-11-14T14:49:08.708+0000] {dag.py:3239} INFO - Sync 1 DAGs
[2025-11-14T14:49:08.727+0000] {logging_mixin.py:190} INFO - [2025-11-14T14:49:08.727+0000] {dag.py:4180} INFO - Setting next_dagrun for example_sla_dag to 2025-11-14 14:46:00+00:00, run_after=2025-11-14 14:48:00+00:00
[2025-11-14T14:49:08.740+0000] {processor.py:208} INFO - Processing /home/airflow/.local/lib/python3.12/site-packages/airflow/example_dags/example_sla_dag.py took 0.064 seconds
[2025-11-14T14:49:39.198+0000] {processor.py:186} INFO - Started process (PID=2445) to work on /home/airflow/.local/lib/python3.12/site-packages/airflow/example_dags/example_sla_dag.py
[2025-11-14T14:49:39.199+0000] {processor.py:914} INFO - Processing file /home/airflow/.local/lib/python3.12/site-packages/airflow/example_dags/example_sla_dag.py for tasks to queue
[2025-11-14T14:49:39.200+0000] {logging_mixin.py:190} INFO - [2025-11-14T14:49:39.200+0000] {dagbag.py:588} INFO - Filling up the DagBag from /home/airflow/.local/lib/python3.12/site-packages/airflow/example_dags/example_sla_dag.py
[2025-11-14T14:49:39.209+0000] {processor.py:925} INFO - DAG(s) 'example_sla_dag' retrieved from /home/airflow/.local/lib/python3.12/site-packages/airflow/example_dags/example_sla_dag.py
[2025-11-14T14:49:39.223+0000] {logging_mixin.py:190} INFO - [2025-11-14T14:49:39.222+0000] {dag.py:3239} INFO - Sync 1 DAGs
[2025-11-14T14:49:39.239+0000] {logging_mixin.py:190} INFO - [2025-11-14T14:49:39.239+0000] {dag.py:4180} INFO - Setting next_dagrun for example_sla_dag to 2025-11-14 14:46:00+00:00, run_after=2025-11-14 14:48:00+00:00
[2025-11-14T14:49:39.253+0000] {processor.py:208} INFO - Processing /home/airflow/.local/lib/python3.12/site-packages/airflow/example_dags/example_sla_dag.py took 0.060 seconds
[2025-11-14T14:50:10.520+0000] {processor.py:186} INFO - Started process (PID=2510) to work on /home/airflow/.local/lib/python3.12/site-packages/airflow/example_dags/example_sla_dag.py
[2025-11-14T14:50:10.521+0000] {processor.py:914} INFO - Processing file /home/airflow/.local/lib/python3.12/site-packages/airflow/example_dags/example_sla_dag.py for tasks to queue
[2025-11-14T14:50:10.522+0000] {logging_mixin.py:190} INFO - [2025-11-14T14:50:10.522+0000] {dagbag.py:588} INFO - Filling up the DagBag from /home/airflow/.local/lib/python3.12/site-packages/airflow/example_dags/example_sla_dag.py
[2025-11-14T14:50:10.529+0000] {processor.py:925} INFO - DAG(s) 'example_sla_dag' retrieved from /home/airflow/.local/lib/python3.12/site-packages/airflow/example_dags/example_sla_dag.py
[2025-11-14T14:50:10.542+0000] {logging_mixin.py:190} INFO - [2025-11-14T14:50:10.542+0000] {dag.py:3239} INFO - Sync 1 DAGs
[2025-11-14T14:50:10.559+0000] {logging_mixin.py:190} INFO - [2025-11-14T14:50:10.559+0000] {dag.py:4180} INFO - Setting next_dagrun for example_sla_dag to 2025-11-14 14:48:00+00:00, run_after=2025-11-14 14:50:00+00:00
[2025-11-14T14:50:10.571+0000] {processor.py:208} INFO - Processing /home/airflow/.local/lib/python3.12/site-packages/airflow/example_dags/example_sla_dag.py took 0.056 seconds
[2025-11-14T14:50:41.060+0000] {processor.py:186} INFO - Started process (PID=2575) to work on /home/airflow/.local/lib/python3.12/site-packages/airflow/example_dags/example_sla_dag.py
[2025-11-14T14:50:41.061+0000] {processor.py:914} INFO - Processing file /home/airflow/.local/lib/python3.12/site-packages/airflow/example_dags/example_sla_dag.py for tasks to queue
[2025-11-14T14:50:41.062+0000] {logging_mixin.py:190} INFO - [2025-11-14T14:50:41.062+0000] {dagbag.py:588} INFO - Filling up the DagBag from /home/airflow/.local/lib/python3.12/site-packages/airflow/example_dags/example_sla_dag.py
[2025-11-14T14:50:41.070+0000] {processor.py:925} INFO - DAG(s) 'example_sla_dag' retrieved from /home/airflow/.local/lib/python3.12/site-packages/airflow/example_dags/example_sla_dag.py
[2025-11-14T14:50:41.083+0000] {logging_mixin.py:190} INFO - [2025-11-14T14:50:41.083+0000] {dag.py:3239} INFO - Sync 1 DAGs
[2025-11-14T14:50:41.100+0000] {logging_mixin.py:190} INFO - [2025-11-14T14:50:41.100+0000] {dag.py:4180} INFO - Setting next_dagrun for example_sla_dag to 2025-11-14 14:48:00+00:00, run_after=2025-11-14 14:50:00+00:00
[2025-11-14T14:50:41.113+0000] {processor.py:208} INFO - Processing /home/airflow/.local/lib/python3.12/site-packages/airflow/example_dags/example_sla_dag.py took 0.057 seconds
[2025-11-14T14:51:12.601+0000] {processor.py:186} INFO - Started process (PID=2640) to work on /home/airflow/.local/lib/python3.12/site-packages/airflow/example_dags/example_sla_dag.py
[2025-11-14T14:51:12.602+0000] {processor.py:914} INFO - Processing file /home/airflow/.local/lib/python3.12/site-packages/airflow/example_dags/example_sla_dag.py for tasks to queue
[2025-11-14T14:51:12.603+0000] {logging_mixin.py:190} INFO - [2025-11-14T14:51:12.603+0000] {dagbag.py:588} INFO - Filling up the DagBag from /home/airflow/.local/lib/python3.12/site-packages/airflow/example_dags/example_sla_dag.py
[2025-11-14T14:51:12.611+0000] {processor.py:925} INFO - DAG(s) 'example_sla_dag' retrieved from /home/airflow/.local/lib/python3.12/site-packages/airflow/example_dags/example_sla_dag.py
[2025-11-14T14:51:12.624+0000] {logging_mixin.py:190} INFO - [2025-11-14T14:51:12.624+0000] {dag.py:3239} INFO - Sync 1 DAGs
[2025-11-14T14:51:12.640+0000] {logging_mixin.py:190} INFO - [2025-11-14T14:51:12.640+0000] {dag.py:4180} INFO - Setting next_dagrun for example_sla_dag to 2025-11-14 14:48:00+00:00, run_after=2025-11-14 14:50:00+00:00
[2025-11-14T14:51:12.653+0000] {processor.py:208} INFO - Processing /home/airflow/.local/lib/python3.12/site-packages/airflow/example_dags/example_sla_dag.py took 0.056 seconds
[2025-11-14T14:51:44.040+0000] {processor.py:186} INFO - Started process (PID=2704) to work on /home/airflow/.local/lib/python3.12/site-packages/airflow/example_dags/example_sla_dag.py
[2025-11-14T14:51:44.040+0000] {processor.py:914} INFO - Processing file /home/airflow/.local/lib/python3.12/site-packages/airflow/example_dags/example_sla_dag.py for tasks to queue
[2025-11-14T14:51:44.041+0000] {logging_mixin.py:190} INFO - [2025-11-14T14:51:44.041+0000] {dagbag.py:588} INFO - Filling up the DagBag from /home/airflow/.local/lib/python3.12/site-packages/airflow/example_dags/example_sla_dag.py
[2025-11-14T14:51:44.049+0000] {processor.py:925} INFO - DAG(s) 'example_sla_dag' retrieved from /home/airflow/.local/lib/python3.12/site-packages/airflow/example_dags/example_sla_dag.py
[2025-11-14T14:51:44.063+0000] {logging_mixin.py:190} INFO - [2025-11-14T14:51:44.062+0000] {dag.py:3239} INFO - Sync 1 DAGs
[2025-11-14T14:51:44.084+0000] {logging_mixin.py:190} INFO - [2025-11-14T14:51:44.083+0000] {dag.py:4180} INFO - Setting next_dagrun for example_sla_dag to 2025-11-14 14:48:00+00:00, run_after=2025-11-14 14:50:00+00:00
[2025-11-14T14:51:44.097+0000] {processor.py:208} INFO - Processing /home/airflow/.local/lib/python3.12/site-packages/airflow/example_dags/example_sla_dag.py took 0.062 seconds
[2025-11-14T14:52:14.742+0000] {processor.py:186} INFO - Started process (PID=2771) to work on /home/airflow/.local/lib/python3.12/site-packages/airflow/example_dags/example_sla_dag.py
[2025-11-14T14:52:14.743+0000] {processor.py:914} INFO - Processing file /home/airflow/.local/lib/python3.12/site-packages/airflow/example_dags/example_sla_dag.py for tasks to queue
[2025-11-14T14:52:14.744+0000] {logging_mixin.py:190} INFO - [2025-11-14T14:52:14.744+0000] {dagbag.py:588} INFO - Filling up the DagBag from /home/airflow/.local/lib/python3.12/site-packages/airflow/example_dags/example_sla_dag.py
[2025-11-14T14:52:14.752+0000] {processor.py:925} INFO - DAG(s) 'example_sla_dag' retrieved from /home/airflow/.local/lib/python3.12/site-packages/airflow/example_dags/example_sla_dag.py
[2025-11-14T14:52:14.766+0000] {logging_mixin.py:190} INFO - [2025-11-14T14:52:14.765+0000] {dag.py:3239} INFO - Sync 1 DAGs
[2025-11-14T14:52:14.784+0000] {logging_mixin.py:190} INFO - [2025-11-14T14:52:14.784+0000] {dag.py:4180} INFO - Setting next_dagrun for example_sla_dag to 2025-11-14 14:50:00+00:00, run_after=2025-11-14 14:52:00+00:00
[2025-11-14T14:52:14.797+0000] {processor.py:208} INFO - Processing /home/airflow/.local/lib/python3.12/site-packages/airflow/example_dags/example_sla_dag.py took 0.060 seconds
[2025-11-14T14:52:46.136+0000] {processor.py:186} INFO - Started process (PID=2836) to work on /home/airflow/.local/lib/python3.12/site-packages/airflow/example_dags/example_sla_dag.py
[2025-11-14T14:52:46.138+0000] {processor.py:914} INFO - Processing file /home/airflow/.local/lib/python3.12/site-packages/airflow/example_dags/example_sla_dag.py for tasks to queue
[2025-11-14T14:52:46.139+0000] {logging_mixin.py:190} INFO - [2025-11-14T14:52:46.138+0000] {dagbag.py:588} INFO - Filling up the DagBag from /home/airflow/.local/lib/python3.12/site-packages/airflow/example_dags/example_sla_dag.py
[2025-11-14T14:52:46.147+0000] {processor.py:925} INFO - DAG(s) 'example_sla_dag' retrieved from /home/airflow/.local/lib/python3.12/site-packages/airflow/example_dags/example_sla_dag.py
[2025-11-14T14:52:46.162+0000] {logging_mixin.py:190} INFO - [2025-11-14T14:52:46.162+0000] {dag.py:3239} INFO - Sync 1 DAGs
[2025-11-14T14:52:46.181+0000] {logging_mixin.py:190} INFO - [2025-11-14T14:52:46.181+0000] {dag.py:4180} INFO - Setting next_dagrun for example_sla_dag to 2025-11-14 14:50:00+00:00, run_after=2025-11-14 14:52:00+00:00
[2025-11-14T14:52:46.194+0000] {processor.py:208} INFO - Processing /home/airflow/.local/lib/python3.12/site-packages/airflow/example_dags/example_sla_dag.py took 0.062 seconds
[2025-11-14T14:53:17.452+0000] {processor.py:186} INFO - Started process (PID=2901) to work on /home/airflow/.local/lib/python3.12/site-packages/airflow/example_dags/example_sla_dag.py
[2025-11-14T14:53:17.453+0000] {processor.py:914} INFO - Processing file /home/airflow/.local/lib/python3.12/site-packages/airflow/example_dags/example_sla_dag.py for tasks to queue
[2025-11-14T14:53:17.454+0000] {logging_mixin.py:190} INFO - [2025-11-14T14:53:17.453+0000] {dagbag.py:588} INFO - Filling up the DagBag from /home/airflow/.local/lib/python3.12/site-packages/airflow/example_dags/example_sla_dag.py
[2025-11-14T14:53:17.462+0000] {processor.py:925} INFO - DAG(s) 'example_sla_dag' retrieved from /home/airflow/.local/lib/python3.12/site-packages/airflow/example_dags/example_sla_dag.py
[2025-11-14T14:53:17.477+0000] {logging_mixin.py:190} INFO - [2025-11-14T14:53:17.477+0000] {dag.py:3239} INFO - Sync 1 DAGs
[2025-11-14T14:53:17.496+0000] {logging_mixin.py:190} INFO - [2025-11-14T14:53:17.496+0000] {dag.py:4180} INFO - Setting next_dagrun for example_sla_dag to 2025-11-14 14:50:00+00:00, run_after=2025-11-14 14:52:00+00:00
[2025-11-14T14:53:17.509+0000] {processor.py:208} INFO - Processing /home/airflow/.local/lib/python3.12/site-packages/airflow/example_dags/example_sla_dag.py took 0.062 seconds
[2025-11-14T14:53:48.675+0000] {processor.py:186} INFO - Started process (PID=2972) to work on /home/airflow/.local/lib/python3.12/site-packages/airflow/example_dags/example_sla_dag.py
[2025-11-14T14:53:48.677+0000] {processor.py:914} INFO - Processing file /home/airflow/.local/lib/python3.12/site-packages/airflow/example_dags/example_sla_dag.py for tasks to queue
[2025-11-14T14:53:48.678+0000] {logging_mixin.py:190} INFO - [2025-11-14T14:53:48.678+0000] {dagbag.py:588} INFO - Filling up the DagBag from /home/airflow/.local/lib/python3.12/site-packages/airflow/example_dags/example_sla_dag.py
[2025-11-14T14:53:48.687+0000] {processor.py:925} INFO - DAG(s) 'example_sla_dag' retrieved from /home/airflow/.local/lib/python3.12/site-packages/airflow/example_dags/example_sla_dag.py
[2025-11-14T14:53:48.700+0000] {logging_mixin.py:190} INFO - [2025-11-14T14:53:48.700+0000] {dag.py:3239} INFO - Sync 1 DAGs
[2025-11-14T14:53:48.719+0000] {logging_mixin.py:190} INFO - [2025-11-14T14:53:48.719+0000] {dag.py:4180} INFO - Setting next_dagrun for example_sla_dag to 2025-11-14 14:50:00+00:00, run_after=2025-11-14 14:52:00+00:00
[2025-11-14T14:53:48.733+0000] {processor.py:208} INFO - Processing /home/airflow/.local/lib/python3.12/site-packages/airflow/example_dags/example_sla_dag.py took 0.062 seconds
[2025-11-14T14:54:19.817+0000] {processor.py:186} INFO - Started process (PID=3037) to work on /home/airflow/.local/lib/python3.12/site-packages/airflow/example_dags/example_sla_dag.py
[2025-11-14T14:54:19.818+0000] {processor.py:914} INFO - Processing file /home/airflow/.local/lib/python3.12/site-packages/airflow/example_dags/example_sla_dag.py for tasks to queue
[2025-11-14T14:54:19.819+0000] {logging_mixin.py:190} INFO - [2025-11-14T14:54:19.819+0000] {dagbag.py:588} INFO - Filling up the DagBag from /home/airflow/.local/lib/python3.12/site-packages/airflow/example_dags/example_sla_dag.py
[2025-11-14T14:54:19.828+0000] {processor.py:925} INFO - DAG(s) 'example_sla_dag' retrieved from /home/airflow/.local/lib/python3.12/site-packages/airflow/example_dags/example_sla_dag.py
[2025-11-14T14:54:19.846+0000] {logging_mixin.py:190} INFO - [2025-11-14T14:54:19.846+0000] {dag.py:3239} INFO - Sync 1 DAGs
[2025-11-14T14:54:19.867+0000] {logging_mixin.py:190} INFO - [2025-11-14T14:54:19.867+0000] {dag.py:4180} INFO - Setting next_dagrun for example_sla_dag to 2025-11-14 14:52:00+00:00, run_after=2025-11-14 14:54:00+00:00
[2025-11-14T14:54:19.884+0000] {processor.py:208} INFO - Processing /home/airflow/.local/lib/python3.12/site-packages/airflow/example_dags/example_sla_dag.py took 0.071 seconds
[2025-11-14T14:54:50.600+0000] {processor.py:186} INFO - Started process (PID=3104) to work on /home/airflow/.local/lib/python3.12/site-packages/airflow/example_dags/example_sla_dag.py
[2025-11-14T14:54:50.601+0000] {processor.py:914} INFO - Processing file /home/airflow/.local/lib/python3.12/site-packages/airflow/example_dags/example_sla_dag.py for tasks to queue
[2025-11-14T14:54:50.602+0000] {logging_mixin.py:190} INFO - [2025-11-14T14:54:50.602+0000] {dagbag.py:588} INFO - Filling up the DagBag from /home/airflow/.local/lib/python3.12/site-packages/airflow/example_dags/example_sla_dag.py
[2025-11-14T14:54:50.610+0000] {processor.py:925} INFO - DAG(s) 'example_sla_dag' retrieved from /home/airflow/.local/lib/python3.12/site-packages/airflow/example_dags/example_sla_dag.py
[2025-11-14T14:54:50.625+0000] {logging_mixin.py:190} INFO - [2025-11-14T14:54:50.624+0000] {dag.py:3239} INFO - Sync 1 DAGs
[2025-11-14T14:54:50.642+0000] {logging_mixin.py:190} INFO - [2025-11-14T14:54:50.642+0000] {dag.py:4180} INFO - Setting next_dagrun for example_sla_dag to 2025-11-14 14:52:00+00:00, run_after=2025-11-14 14:54:00+00:00
[2025-11-14T14:54:50.662+0000] {processor.py:208} INFO - Processing /home/airflow/.local/lib/python3.12/site-packages/airflow/example_dags/example_sla_dag.py took 0.067 seconds
[2025-11-14T14:55:21.302+0000] {processor.py:186} INFO - Started process (PID=3169) to work on /home/airflow/.local/lib/python3.12/site-packages/airflow/example_dags/example_sla_dag.py
[2025-11-14T14:55:21.303+0000] {processor.py:914} INFO - Processing file /home/airflow/.local/lib/python3.12/site-packages/airflow/example_dags/example_sla_dag.py for tasks to queue
[2025-11-14T14:55:21.304+0000] {logging_mixin.py:190} INFO - [2025-11-14T14:55:21.304+0000] {dagbag.py:588} INFO - Filling up the DagBag from /home/airflow/.local/lib/python3.12/site-packages/airflow/example_dags/example_sla_dag.py
[2025-11-14T14:55:21.313+0000] {processor.py:925} INFO - DAG(s) 'example_sla_dag' retrieved from /home/airflow/.local/lib/python3.12/site-packages/airflow/example_dags/example_sla_dag.py
[2025-11-14T14:55:21.326+0000] {logging_mixin.py:190} INFO - [2025-11-14T14:55:21.325+0000] {dag.py:3239} INFO - Sync 1 DAGs
[2025-11-14T14:55:21.343+0000] {logging_mixin.py:190} INFO - [2025-11-14T14:55:21.343+0000] {dag.py:4180} INFO - Setting next_dagrun for example_sla_dag to 2025-11-14 14:52:00+00:00, run_after=2025-11-14 14:54:00+00:00
[2025-11-14T14:55:21.357+0000] {processor.py:208} INFO - Processing /home/airflow/.local/lib/python3.12/site-packages/airflow/example_dags/example_sla_dag.py took 0.059 seconds
[2025-11-14T14:55:52.765+0000] {processor.py:186} INFO - Started process (PID=3234) to work on /home/airflow/.local/lib/python3.12/site-packages/airflow/example_dags/example_sla_dag.py
[2025-11-14T14:55:52.766+0000] {processor.py:914} INFO - Processing file /home/airflow/.local/lib/python3.12/site-packages/airflow/example_dags/example_sla_dag.py for tasks to queue
[2025-11-14T14:55:52.767+0000] {logging_mixin.py:190} INFO - [2025-11-14T14:55:52.767+0000] {dagbag.py:588} INFO - Filling up the DagBag from /home/airflow/.local/lib/python3.12/site-packages/airflow/example_dags/example_sla_dag.py
[2025-11-14T14:55:52.774+0000] {processor.py:925} INFO - DAG(s) 'example_sla_dag' retrieved from /home/airflow/.local/lib/python3.12/site-packages/airflow/example_dags/example_sla_dag.py
[2025-11-14T14:55:52.788+0000] {logging_mixin.py:190} INFO - [2025-11-14T14:55:52.788+0000] {dag.py:3239} INFO - Sync 1 DAGs
[2025-11-14T14:55:52.805+0000] {logging_mixin.py:190} INFO - [2025-11-14T14:55:52.805+0000] {dag.py:4180} INFO - Setting next_dagrun for example_sla_dag to 2025-11-14 14:52:00+00:00, run_after=2025-11-14 14:54:00+00:00
[2025-11-14T14:55:52.818+0000] {processor.py:208} INFO - Processing /home/airflow/.local/lib/python3.12/site-packages/airflow/example_dags/example_sla_dag.py took 0.057 seconds
[2025-11-14T14:56:23.393+0000] {processor.py:186} INFO - Started process (PID=3299) to work on /home/airflow/.local/lib/python3.12/site-packages/airflow/example_dags/example_sla_dag.py
[2025-11-14T14:56:23.394+0000] {processor.py:914} INFO - Processing file /home/airflow/.local/lib/python3.12/site-packages/airflow/example_dags/example_sla_dag.py for tasks to queue
[2025-11-14T14:56:23.396+0000] {logging_mixin.py:190} INFO - [2025-11-14T14:56:23.395+0000] {dagbag.py:588} INFO - Filling up the DagBag from /home/airflow/.local/lib/python3.12/site-packages/airflow/example_dags/example_sla_dag.py
[2025-11-14T14:56:23.404+0000] {processor.py:925} INFO - DAG(s) 'example_sla_dag' retrieved from /home/airflow/.local/lib/python3.12/site-packages/airflow/example_dags/example_sla_dag.py
[2025-11-14T14:56:23.421+0000] {logging_mixin.py:190} INFO - [2025-11-14T14:56:23.421+0000] {dag.py:3239} INFO - Sync 1 DAGs
[2025-11-14T14:56:23.443+0000] {logging_mixin.py:190} INFO - [2025-11-14T14:56:23.442+0000] {dag.py:4180} INFO - Setting next_dagrun for example_sla_dag to 2025-11-14 14:54:00+00:00, run_after=2025-11-14 14:56:00+00:00
[2025-11-14T14:56:23.457+0000] {processor.py:208} INFO - Processing /home/airflow/.local/lib/python3.12/site-packages/airflow/example_dags/example_sla_dag.py took 0.068 seconds
[2025-11-14T14:57:01.745+0000] {processor.py:186} INFO - Started process (PID=81) to work on /home/airflow/.local/lib/python3.12/site-packages/airflow/example_dags/example_sla_dag.py
[2025-11-14T14:57:01.746+0000] {processor.py:914} INFO - Processing file /home/airflow/.local/lib/python3.12/site-packages/airflow/example_dags/example_sla_dag.py for tasks to queue
[2025-11-14T14:57:01.749+0000] {logging_mixin.py:190} INFO - [2025-11-14T14:57:01.748+0000] {dagbag.py:588} INFO - Filling up the DagBag from /home/airflow/.local/lib/python3.12/site-packages/airflow/example_dags/example_sla_dag.py
[2025-11-14T14:57:01.757+0000] {processor.py:925} INFO - DAG(s) 'example_sla_dag' retrieved from /home/airflow/.local/lib/python3.12/site-packages/airflow/example_dags/example_sla_dag.py
[2025-11-14T14:57:01.777+0000] {logging_mixin.py:190} INFO - [2025-11-14T14:57:01.777+0000] {dag.py:3239} INFO - Sync 1 DAGs
[2025-11-14T14:57:01.795+0000] {logging_mixin.py:190} INFO - [2025-11-14T14:57:01.795+0000] {dag.py:4180} INFO - Setting next_dagrun for example_sla_dag to 2025-11-14 14:54:00+00:00, run_after=2025-11-14 14:56:00+00:00
[2025-11-14T14:57:01.812+0000] {processor.py:208} INFO - Processing /home/airflow/.local/lib/python3.12/site-packages/airflow/example_dags/example_sla_dag.py took 0.072 seconds
[2025-11-14T14:57:32.165+0000] {processor.py:186} INFO - Started process (PID=146) to work on /home/airflow/.local/lib/python3.12/site-packages/airflow/example_dags/example_sla_dag.py
[2025-11-14T14:57:32.166+0000] {processor.py:914} INFO - Processing file /home/airflow/.local/lib/python3.12/site-packages/airflow/example_dags/example_sla_dag.py for tasks to queue
[2025-11-14T14:57:32.168+0000] {logging_mixin.py:190} INFO - [2025-11-14T14:57:32.168+0000] {dagbag.py:588} INFO - Filling up the DagBag from /home/airflow/.local/lib/python3.12/site-packages/airflow/example_dags/example_sla_dag.py
[2025-11-14T14:57:32.177+0000] {processor.py:925} INFO - DAG(s) 'example_sla_dag' retrieved from /home/airflow/.local/lib/python3.12/site-packages/airflow/example_dags/example_sla_dag.py
[2025-11-14T14:57:32.190+0000] {logging_mixin.py:190} INFO - [2025-11-14T14:57:32.190+0000] {dag.py:3239} INFO - Sync 1 DAGs
[2025-11-14T14:57:32.209+0000] {logging_mixin.py:190} INFO - [2025-11-14T14:57:32.209+0000] {dag.py:4180} INFO - Setting next_dagrun for example_sla_dag to 2025-11-14 14:54:00+00:00, run_after=2025-11-14 14:56:00+00:00
[2025-11-14T14:57:32.223+0000] {processor.py:208} INFO - Processing /home/airflow/.local/lib/python3.12/site-packages/airflow/example_dags/example_sla_dag.py took 0.063 seconds
[2025-11-14T14:58:03.453+0000] {processor.py:186} INFO - Started process (PID=217) to work on /home/airflow/.local/lib/python3.12/site-packages/airflow/example_dags/example_sla_dag.py
[2025-11-14T14:58:03.454+0000] {processor.py:914} INFO - Processing file /home/airflow/.local/lib/python3.12/site-packages/airflow/example_dags/example_sla_dag.py for tasks to queue
[2025-11-14T14:58:03.458+0000] {logging_mixin.py:190} INFO - [2025-11-14T14:58:03.457+0000] {dagbag.py:588} INFO - Filling up the DagBag from /home/airflow/.local/lib/python3.12/site-packages/airflow/example_dags/example_sla_dag.py
[2025-11-14T14:58:03.467+0000] {processor.py:925} INFO - DAG(s) 'example_sla_dag' retrieved from /home/airflow/.local/lib/python3.12/site-packages/airflow/example_dags/example_sla_dag.py
[2025-11-14T14:58:03.482+0000] {logging_mixin.py:190} INFO - [2025-11-14T14:58:03.482+0000] {dag.py:3239} INFO - Sync 1 DAGs
[2025-11-14T14:58:03.501+0000] {logging_mixin.py:190} INFO - [2025-11-14T14:58:03.501+0000] {dag.py:4180} INFO - Setting next_dagrun for example_sla_dag to 2025-11-14 14:56:00+00:00, run_after=2025-11-14 14:58:00+00:00
[2025-11-14T14:58:03.515+0000] {processor.py:208} INFO - Processing /home/airflow/.local/lib/python3.12/site-packages/airflow/example_dags/example_sla_dag.py took 0.068 seconds
[2025-11-14T14:58:34.858+0000] {processor.py:186} INFO - Started process (PID=283) to work on /home/airflow/.local/lib/python3.12/site-packages/airflow/example_dags/example_sla_dag.py
[2025-11-14T14:58:34.859+0000] {processor.py:914} INFO - Processing file /home/airflow/.local/lib/python3.12/site-packages/airflow/example_dags/example_sla_dag.py for tasks to queue
[2025-11-14T14:58:34.862+0000] {logging_mixin.py:190} INFO - [2025-11-14T14:58:34.862+0000] {dagbag.py:588} INFO - Filling up the DagBag from /home/airflow/.local/lib/python3.12/site-packages/airflow/example_dags/example_sla_dag.py
[2025-11-14T14:58:34.870+0000] {processor.py:925} INFO - DAG(s) 'example_sla_dag' retrieved from /home/airflow/.local/lib/python3.12/site-packages/airflow/example_dags/example_sla_dag.py
[2025-11-14T14:58:34.884+0000] {logging_mixin.py:190} INFO - [2025-11-14T14:58:34.884+0000] {dag.py:3239} INFO - Sync 1 DAGs
[2025-11-14T14:58:34.901+0000] {logging_mixin.py:190} INFO - [2025-11-14T14:58:34.901+0000] {dag.py:4180} INFO - Setting next_dagrun for example_sla_dag to 2025-11-14 14:56:00+00:00, run_after=2025-11-14 14:58:00+00:00
[2025-11-14T14:58:34.916+0000] {processor.py:208} INFO - Processing /home/airflow/.local/lib/python3.12/site-packages/airflow/example_dags/example_sla_dag.py took 0.062 seconds
[2025-11-14T14:59:06.304+0000] {processor.py:186} INFO - Started process (PID=348) to work on /home/airflow/.local/lib/python3.12/site-packages/airflow/example_dags/example_sla_dag.py
[2025-11-14T14:59:06.306+0000] {processor.py:914} INFO - Processing file /home/airflow/.local/lib/python3.12/site-packages/airflow/example_dags/example_sla_dag.py for tasks to queue
[2025-11-14T14:59:06.308+0000] {logging_mixin.py:190} INFO - [2025-11-14T14:59:06.308+0000] {dagbag.py:588} INFO - Filling up the DagBag from /home/airflow/.local/lib/python3.12/site-packages/airflow/example_dags/example_sla_dag.py
[2025-11-14T14:59:06.316+0000] {processor.py:925} INFO - DAG(s) 'example_sla_dag' retrieved from /home/airflow/.local/lib/python3.12/site-packages/airflow/example_dags/example_sla_dag.py
[2025-11-14T14:59:06.332+0000] {logging_mixin.py:190} INFO - [2025-11-14T14:59:06.332+0000] {dag.py:3239} INFO - Sync 1 DAGs
[2025-11-14T14:59:06.351+0000] {logging_mixin.py:190} INFO - [2025-11-14T14:59:06.351+0000] {dag.py:4180} INFO - Setting next_dagrun for example_sla_dag to 2025-11-14 14:56:00+00:00, run_after=2025-11-14 14:58:00+00:00
[2025-11-14T14:59:06.366+0000] {processor.py:208} INFO - Processing /home/airflow/.local/lib/python3.12/site-packages/airflow/example_dags/example_sla_dag.py took 0.067 seconds
[2025-11-14T14:59:37.561+0000] {processor.py:186} INFO - Started process (PID=412) to work on /home/airflow/.local/lib/python3.12/site-packages/airflow/example_dags/example_sla_dag.py
[2025-11-14T14:59:37.562+0000] {processor.py:914} INFO - Processing file /home/airflow/.local/lib/python3.12/site-packages/airflow/example_dags/example_sla_dag.py for tasks to queue
[2025-11-14T14:59:37.564+0000] {logging_mixin.py:190} INFO - [2025-11-14T14:59:37.563+0000] {dagbag.py:588} INFO - Filling up the DagBag from /home/airflow/.local/lib/python3.12/site-packages/airflow/example_dags/example_sla_dag.py
[2025-11-14T14:59:37.572+0000] {processor.py:925} INFO - DAG(s) 'example_sla_dag' retrieved from /home/airflow/.local/lib/python3.12/site-packages/airflow/example_dags/example_sla_dag.py
[2025-11-14T14:59:37.588+0000] {logging_mixin.py:190} INFO - [2025-11-14T14:59:37.587+0000] {dag.py:3239} INFO - Sync 1 DAGs
[2025-11-14T14:59:37.608+0000] {logging_mixin.py:190} INFO - [2025-11-14T14:59:37.608+0000] {dag.py:4180} INFO - Setting next_dagrun for example_sla_dag to 2025-11-14 14:56:00+00:00, run_after=2025-11-14 14:58:00+00:00
[2025-11-14T14:59:37.622+0000] {processor.py:208} INFO - Processing /home/airflow/.local/lib/python3.12/site-packages/airflow/example_dags/example_sla_dag.py took 0.067 seconds
[2025-11-14T15:00:09.024+0000] {processor.py:186} INFO - Started process (PID=477) to work on /home/airflow/.local/lib/python3.12/site-packages/airflow/example_dags/example_sla_dag.py
[2025-11-14T15:00:09.026+0000] {processor.py:914} INFO - Processing file /home/airflow/.local/lib/python3.12/site-packages/airflow/example_dags/example_sla_dag.py for tasks to queue
[2025-11-14T15:00:09.028+0000] {logging_mixin.py:190} INFO - [2025-11-14T15:00:09.028+0000] {dagbag.py:588} INFO - Filling up the DagBag from /home/airflow/.local/lib/python3.12/site-packages/airflow/example_dags/example_sla_dag.py
[2025-11-14T15:00:09.037+0000] {processor.py:925} INFO - DAG(s) 'example_sla_dag' retrieved from /home/airflow/.local/lib/python3.12/site-packages/airflow/example_dags/example_sla_dag.py
[2025-11-14T15:00:09.053+0000] {logging_mixin.py:190} INFO - [2025-11-14T15:00:09.052+0000] {dag.py:3239} INFO - Sync 1 DAGs
[2025-11-14T15:00:09.071+0000] {logging_mixin.py:190} INFO - [2025-11-14T15:00:09.071+0000] {dag.py:4180} INFO - Setting next_dagrun for example_sla_dag to 2025-11-14 14:58:00+00:00, run_after=2025-11-14 15:00:00+00:00
[2025-11-14T15:00:09.085+0000] {processor.py:208} INFO - Processing /home/airflow/.local/lib/python3.12/site-packages/airflow/example_dags/example_sla_dag.py took 0.066 seconds
[2025-11-14T15:00:39.781+0000] {processor.py:186} INFO - Started process (PID=542) to work on /home/airflow/.local/lib/python3.12/site-packages/airflow/example_dags/example_sla_dag.py
[2025-11-14T15:00:39.783+0000] {processor.py:914} INFO - Processing file /home/airflow/.local/lib/python3.12/site-packages/airflow/example_dags/example_sla_dag.py for tasks to queue
[2025-11-14T15:00:39.785+0000] {logging_mixin.py:190} INFO - [2025-11-14T15:00:39.785+0000] {dagbag.py:588} INFO - Filling up the DagBag from /home/airflow/.local/lib/python3.12/site-packages/airflow/example_dags/example_sla_dag.py
[2025-11-14T15:00:39.793+0000] {processor.py:925} INFO - DAG(s) 'example_sla_dag' retrieved from /home/airflow/.local/lib/python3.12/site-packages/airflow/example_dags/example_sla_dag.py
[2025-11-14T15:00:39.806+0000] {logging_mixin.py:190} INFO - [2025-11-14T15:00:39.806+0000] {dag.py:3239} INFO - Sync 1 DAGs
[2025-11-14T15:00:39.824+0000] {logging_mixin.py:190} INFO - [2025-11-14T15:00:39.824+0000] {dag.py:4180} INFO - Setting next_dagrun for example_sla_dag to 2025-11-14 14:58:00+00:00, run_after=2025-11-14 15:00:00+00:00
[2025-11-14T15:00:39.838+0000] {processor.py:208} INFO - Processing /home/airflow/.local/lib/python3.12/site-packages/airflow/example_dags/example_sla_dag.py took 0.061 seconds
[2025-11-14T15:01:11.451+0000] {processor.py:186} INFO - Started process (PID=607) to work on /home/airflow/.local/lib/python3.12/site-packages/airflow/example_dags/example_sla_dag.py
[2025-11-14T15:01:11.453+0000] {processor.py:914} INFO - Processing file /home/airflow/.local/lib/python3.12/site-packages/airflow/example_dags/example_sla_dag.py for tasks to queue
[2025-11-14T15:01:11.456+0000] {logging_mixin.py:190} INFO - [2025-11-14T15:01:11.456+0000] {dagbag.py:588} INFO - Filling up the DagBag from /home/airflow/.local/lib/python3.12/site-packages/airflow/example_dags/example_sla_dag.py
[2025-11-14T15:01:11.464+0000] {processor.py:925} INFO - DAG(s) 'example_sla_dag' retrieved from /home/airflow/.local/lib/python3.12/site-packages/airflow/example_dags/example_sla_dag.py
[2025-11-14T15:01:11.480+0000] {logging_mixin.py:190} INFO - [2025-11-14T15:01:11.479+0000] {dag.py:3239} INFO - Sync 1 DAGs
[2025-11-14T15:01:11.499+0000] {logging_mixin.py:190} INFO - [2025-11-14T15:01:11.498+0000] {dag.py:4180} INFO - Setting next_dagrun for example_sla_dag to 2025-11-14 14:58:00+00:00, run_after=2025-11-14 15:00:00+00:00
[2025-11-14T15:01:11.511+0000] {processor.py:208} INFO - Processing /home/airflow/.local/lib/python3.12/site-packages/airflow/example_dags/example_sla_dag.py took 0.067 seconds
[2025-11-14T15:01:42.112+0000] {processor.py:186} INFO - Started process (PID=672) to work on /home/airflow/.local/lib/python3.12/site-packages/airflow/example_dags/example_sla_dag.py
[2025-11-14T15:01:42.114+0000] {processor.py:914} INFO - Processing file /home/airflow/.local/lib/python3.12/site-packages/airflow/example_dags/example_sla_dag.py for tasks to queue
[2025-11-14T15:01:42.117+0000] {logging_mixin.py:190} INFO - [2025-11-14T15:01:42.116+0000] {dagbag.py:588} INFO - Filling up the DagBag from /home/airflow/.local/lib/python3.12/site-packages/airflow/example_dags/example_sla_dag.py
[2025-11-14T15:01:42.126+0000] {processor.py:925} INFO - DAG(s) 'example_sla_dag' retrieved from /home/airflow/.local/lib/python3.12/site-packages/airflow/example_dags/example_sla_dag.py
[2025-11-14T15:01:42.142+0000] {logging_mixin.py:190} INFO - [2025-11-14T15:01:42.142+0000] {dag.py:3239} INFO - Sync 1 DAGs
[2025-11-14T15:01:42.161+0000] {logging_mixin.py:190} INFO - [2025-11-14T15:01:42.161+0000] {dag.py:4180} INFO - Setting next_dagrun for example_sla_dag to 2025-11-14 14:58:00+00:00, run_after=2025-11-14 15:00:00+00:00
[2025-11-14T15:01:42.176+0000] {processor.py:208} INFO - Processing /home/airflow/.local/lib/python3.12/site-packages/airflow/example_dags/example_sla_dag.py took 0.069 seconds
[2025-11-14T15:02:13.267+0000] {processor.py:186} INFO - Started process (PID=737) to work on /home/airflow/.local/lib/python3.12/site-packages/airflow/example_dags/example_sla_dag.py
[2025-11-14T15:02:13.270+0000] {processor.py:914} INFO - Processing file /home/airflow/.local/lib/python3.12/site-packages/airflow/example_dags/example_sla_dag.py for tasks to queue
[2025-11-14T15:02:13.274+0000] {logging_mixin.py:190} INFO - [2025-11-14T15:02:13.274+0000] {dagbag.py:588} INFO - Filling up the DagBag from /home/airflow/.local/lib/python3.12/site-packages/airflow/example_dags/example_sla_dag.py
[2025-11-14T15:02:13.286+0000] {processor.py:925} INFO - DAG(s) 'example_sla_dag' retrieved from /home/airflow/.local/lib/python3.12/site-packages/airflow/example_dags/example_sla_dag.py
[2025-11-14T15:02:13.306+0000] {logging_mixin.py:190} INFO - [2025-11-14T15:02:13.305+0000] {dag.py:3239} INFO - Sync 1 DAGs
[2025-11-14T15:02:13.325+0000] {logging_mixin.py:190} INFO - [2025-11-14T15:02:13.325+0000] {dag.py:4180} INFO - Setting next_dagrun for example_sla_dag to 2025-11-14 15:00:00+00:00, run_after=2025-11-14 15:02:00+00:00
[2025-11-14T15:02:13.340+0000] {processor.py:208} INFO - Processing /home/airflow/.local/lib/python3.12/site-packages/airflow/example_dags/example_sla_dag.py took 0.079 seconds
[2025-11-14T15:02:44.014+0000] {processor.py:186} INFO - Started process (PID=802) to work on /home/airflow/.local/lib/python3.12/site-packages/airflow/example_dags/example_sla_dag.py
[2025-11-14T15:02:44.015+0000] {processor.py:914} INFO - Processing file /home/airflow/.local/lib/python3.12/site-packages/airflow/example_dags/example_sla_dag.py for tasks to queue
[2025-11-14T15:02:44.017+0000] {logging_mixin.py:190} INFO - [2025-11-14T15:02:44.016+0000] {dagbag.py:588} INFO - Filling up the DagBag from /home/airflow/.local/lib/python3.12/site-packages/airflow/example_dags/example_sla_dag.py
[2025-11-14T15:02:44.024+0000] {processor.py:925} INFO - DAG(s) 'example_sla_dag' retrieved from /home/airflow/.local/lib/python3.12/site-packages/airflow/example_dags/example_sla_dag.py
[2025-11-14T15:02:44.038+0000] {logging_mixin.py:190} INFO - [2025-11-14T15:02:44.038+0000] {dag.py:3239} INFO - Sync 1 DAGs
[2025-11-14T15:02:44.055+0000] {logging_mixin.py:190} INFO - [2025-11-14T15:02:44.055+0000] {dag.py:4180} INFO - Setting next_dagrun for example_sla_dag to 2025-11-14 15:00:00+00:00, run_after=2025-11-14 15:02:00+00:00
[2025-11-14T15:02:44.068+0000] {processor.py:208} INFO - Processing /home/airflow/.local/lib/python3.12/site-packages/airflow/example_dags/example_sla_dag.py took 0.058 seconds
[2025-11-14T15:03:14.995+0000] {processor.py:186} INFO - Started process (PID=867) to work on /home/airflow/.local/lib/python3.12/site-packages/airflow/example_dags/example_sla_dag.py
[2025-11-14T15:03:14.996+0000] {processor.py:914} INFO - Processing file /home/airflow/.local/lib/python3.12/site-packages/airflow/example_dags/example_sla_dag.py for tasks to queue
[2025-11-14T15:03:14.998+0000] {logging_mixin.py:190} INFO - [2025-11-14T15:03:14.998+0000] {dagbag.py:588} INFO - Filling up the DagBag from /home/airflow/.local/lib/python3.12/site-packages/airflow/example_dags/example_sla_dag.py
[2025-11-14T15:03:15.008+0000] {processor.py:925} INFO - DAG(s) 'example_sla_dag' retrieved from /home/airflow/.local/lib/python3.12/site-packages/airflow/example_dags/example_sla_dag.py
[2025-11-14T15:03:15.024+0000] {logging_mixin.py:190} INFO - [2025-11-14T15:03:15.024+0000] {dag.py:3239} INFO - Sync 1 DAGs
[2025-11-14T15:03:15.045+0000] {logging_mixin.py:190} INFO - [2025-11-14T15:03:15.044+0000] {dag.py:4180} INFO - Setting next_dagrun for example_sla_dag to 2025-11-14 15:00:00+00:00, run_after=2025-11-14 15:02:00+00:00
[2025-11-14T15:03:15.059+0000] {processor.py:208} INFO - Processing /home/airflow/.local/lib/python3.12/site-packages/airflow/example_dags/example_sla_dag.py took 0.069 seconds
[2025-11-14T15:03:46.253+0000] {processor.py:186} INFO - Started process (PID=932) to work on /home/airflow/.local/lib/python3.12/site-packages/airflow/example_dags/example_sla_dag.py
[2025-11-14T15:03:46.255+0000] {processor.py:914} INFO - Processing file /home/airflow/.local/lib/python3.12/site-packages/airflow/example_dags/example_sla_dag.py for tasks to queue
[2025-11-14T15:03:46.258+0000] {logging_mixin.py:190} INFO - [2025-11-14T15:03:46.258+0000] {dagbag.py:588} INFO - Filling up the DagBag from /home/airflow/.local/lib/python3.12/site-packages/airflow/example_dags/example_sla_dag.py
[2025-11-14T15:03:46.268+0000] {processor.py:925} INFO - DAG(s) 'example_sla_dag' retrieved from /home/airflow/.local/lib/python3.12/site-packages/airflow/example_dags/example_sla_dag.py
[2025-11-14T15:03:46.285+0000] {logging_mixin.py:190} INFO - [2025-11-14T15:03:46.285+0000] {dag.py:3239} INFO - Sync 1 DAGs
[2025-11-14T15:03:46.304+0000] {logging_mixin.py:190} INFO - [2025-11-14T15:03:46.304+0000] {dag.py:4180} INFO - Setting next_dagrun for example_sla_dag to 2025-11-14 15:00:00+00:00, run_after=2025-11-14 15:02:00+00:00
[2025-11-14T15:03:46.319+0000] {processor.py:208} INFO - Processing /home/airflow/.local/lib/python3.12/site-packages/airflow/example_dags/example_sla_dag.py took 0.071 seconds
[2025-11-14T15:04:16.564+0000] {processor.py:186} INFO - Started process (PID=997) to work on /home/airflow/.local/lib/python3.12/site-packages/airflow/example_dags/example_sla_dag.py
[2025-11-14T15:04:16.565+0000] {processor.py:914} INFO - Processing file /home/airflow/.local/lib/python3.12/site-packages/airflow/example_dags/example_sla_dag.py for tasks to queue
[2025-11-14T15:04:16.567+0000] {logging_mixin.py:190} INFO - [2025-11-14T15:04:16.566+0000] {dagbag.py:588} INFO - Filling up the DagBag from /home/airflow/.local/lib/python3.12/site-packages/airflow/example_dags/example_sla_dag.py
[2025-11-14T15:04:16.575+0000] {processor.py:925} INFO - DAG(s) 'example_sla_dag' retrieved from /home/airflow/.local/lib/python3.12/site-packages/airflow/example_dags/example_sla_dag.py
[2025-11-14T15:04:16.592+0000] {logging_mixin.py:190} INFO - [2025-11-14T15:04:16.591+0000] {dag.py:3239} INFO - Sync 1 DAGs
[2025-11-14T15:04:16.611+0000] {logging_mixin.py:190} INFO - [2025-11-14T15:04:16.611+0000] {dag.py:4180} INFO - Setting next_dagrun for example_sla_dag to 2025-11-14 15:02:00+00:00, run_after=2025-11-14 15:04:00+00:00
[2025-11-14T15:04:16.624+0000] {processor.py:208} INFO - Processing /home/airflow/.local/lib/python3.12/site-packages/airflow/example_dags/example_sla_dag.py took 0.065 seconds
[2025-11-14T15:04:47.149+0000] {processor.py:186} INFO - Started process (PID=1062) to work on /home/airflow/.local/lib/python3.12/site-packages/airflow/example_dags/example_sla_dag.py
[2025-11-14T15:04:47.150+0000] {processor.py:914} INFO - Processing file /home/airflow/.local/lib/python3.12/site-packages/airflow/example_dags/example_sla_dag.py for tasks to queue
[2025-11-14T15:04:47.152+0000] {logging_mixin.py:190} INFO - [2025-11-14T15:04:47.152+0000] {dagbag.py:588} INFO - Filling up the DagBag from /home/airflow/.local/lib/python3.12/site-packages/airflow/example_dags/example_sla_dag.py
[2025-11-14T15:04:47.160+0000] {processor.py:925} INFO - DAG(s) 'example_sla_dag' retrieved from /home/airflow/.local/lib/python3.12/site-packages/airflow/example_dags/example_sla_dag.py
[2025-11-14T15:04:47.173+0000] {logging_mixin.py:190} INFO - [2025-11-14T15:04:47.173+0000] {dag.py:3239} INFO - Sync 1 DAGs
[2025-11-14T15:04:47.190+0000] {logging_mixin.py:190} INFO - [2025-11-14T15:04:47.190+0000] {dag.py:4180} INFO - Setting next_dagrun for example_sla_dag to 2025-11-14 15:02:00+00:00, run_after=2025-11-14 15:04:00+00:00
[2025-11-14T15:04:47.202+0000] {processor.py:208} INFO - Processing /home/airflow/.local/lib/python3.12/site-packages/airflow/example_dags/example_sla_dag.py took 0.057 seconds
[2025-11-14T15:05:17.685+0000] {processor.py:186} INFO - Started process (PID=1127) to work on /home/airflow/.local/lib/python3.12/site-packages/airflow/example_dags/example_sla_dag.py
[2025-11-14T15:05:17.687+0000] {processor.py:914} INFO - Processing file /home/airflow/.local/lib/python3.12/site-packages/airflow/example_dags/example_sla_dag.py for tasks to queue
[2025-11-14T15:05:17.689+0000] {logging_mixin.py:190} INFO - [2025-11-14T15:05:17.689+0000] {dagbag.py:588} INFO - Filling up the DagBag from /home/airflow/.local/lib/python3.12/site-packages/airflow/example_dags/example_sla_dag.py
[2025-11-14T15:05:17.701+0000] {processor.py:925} INFO - DAG(s) 'example_sla_dag' retrieved from /home/airflow/.local/lib/python3.12/site-packages/airflow/example_dags/example_sla_dag.py
[2025-11-14T15:05:17.719+0000] {logging_mixin.py:190} INFO - [2025-11-14T15:05:17.718+0000] {dag.py:3239} INFO - Sync 1 DAGs
[2025-11-14T15:05:17.739+0000] {logging_mixin.py:190} INFO - [2025-11-14T15:05:17.739+0000] {dag.py:4180} INFO - Setting next_dagrun for example_sla_dag to 2025-11-14 15:02:00+00:00, run_after=2025-11-14 15:04:00+00:00
[2025-11-14T15:05:17.755+0000] {processor.py:208} INFO - Processing /home/airflow/.local/lib/python3.12/site-packages/airflow/example_dags/example_sla_dag.py took 0.075 seconds
[2025-11-14T15:05:48.897+0000] {processor.py:186} INFO - Started process (PID=1192) to work on /home/airflow/.local/lib/python3.12/site-packages/airflow/example_dags/example_sla_dag.py
[2025-11-14T15:05:48.899+0000] {processor.py:914} INFO - Processing file /home/airflow/.local/lib/python3.12/site-packages/airflow/example_dags/example_sla_dag.py for tasks to queue
[2025-11-14T15:05:48.901+0000] {logging_mixin.py:190} INFO - [2025-11-14T15:05:48.901+0000] {dagbag.py:588} INFO - Filling up the DagBag from /home/airflow/.local/lib/python3.12/site-packages/airflow/example_dags/example_sla_dag.py
[2025-11-14T15:05:48.910+0000] {processor.py:925} INFO - DAG(s) 'example_sla_dag' retrieved from /home/airflow/.local/lib/python3.12/site-packages/airflow/example_dags/example_sla_dag.py
[2025-11-14T15:05:48.925+0000] {logging_mixin.py:190} INFO - [2025-11-14T15:05:48.925+0000] {dag.py:3239} INFO - Sync 1 DAGs
[2025-11-14T15:05:48.943+0000] {logging_mixin.py:190} INFO - [2025-11-14T15:05:48.943+0000] {dag.py:4180} INFO - Setting next_dagrun for example_sla_dag to 2025-11-14 15:02:00+00:00, run_after=2025-11-14 15:04:00+00:00
[2025-11-14T15:05:48.957+0000] {processor.py:208} INFO - Processing /home/airflow/.local/lib/python3.12/site-packages/airflow/example_dags/example_sla_dag.py took 0.064 seconds
[2025-11-14T15:06:19.984+0000] {processor.py:186} INFO - Started process (PID=1257) to work on /home/airflow/.local/lib/python3.12/site-packages/airflow/example_dags/example_sla_dag.py
[2025-11-14T15:06:19.985+0000] {processor.py:914} INFO - Processing file /home/airflow/.local/lib/python3.12/site-packages/airflow/example_dags/example_sla_dag.py for tasks to queue
[2025-11-14T15:06:19.988+0000] {logging_mixin.py:190} INFO - [2025-11-14T15:06:19.987+0000] {dagbag.py:588} INFO - Filling up the DagBag from /home/airflow/.local/lib/python3.12/site-packages/airflow/example_dags/example_sla_dag.py
[2025-11-14T15:06:19.996+0000] {processor.py:925} INFO - DAG(s) 'example_sla_dag' retrieved from /home/airflow/.local/lib/python3.12/site-packages/airflow/example_dags/example_sla_dag.py
[2025-11-14T15:06:20.012+0000] {logging_mixin.py:190} INFO - [2025-11-14T15:06:20.012+0000] {dag.py:3239} INFO - Sync 1 DAGs
[2025-11-14T15:06:20.030+0000] {logging_mixin.py:190} INFO - [2025-11-14T15:06:20.029+0000] {dag.py:4180} INFO - Setting next_dagrun for example_sla_dag to 2025-11-14 15:04:00+00:00, run_after=2025-11-14 15:06:00+00:00
[2025-11-14T15:06:20.045+0000] {processor.py:208} INFO - Processing /home/airflow/.local/lib/python3.12/site-packages/airflow/example_dags/example_sla_dag.py took 0.065 seconds
[2025-11-14T15:06:50.590+0000] {processor.py:186} INFO - Started process (PID=1327) to work on /home/airflow/.local/lib/python3.12/site-packages/airflow/example_dags/example_sla_dag.py
[2025-11-14T15:06:50.590+0000] {processor.py:914} INFO - Processing file /home/airflow/.local/lib/python3.12/site-packages/airflow/example_dags/example_sla_dag.py for tasks to queue
[2025-11-14T15:06:50.592+0000] {logging_mixin.py:190} INFO - [2025-11-14T15:06:50.592+0000] {dagbag.py:588} INFO - Filling up the DagBag from /home/airflow/.local/lib/python3.12/site-packages/airflow/example_dags/example_sla_dag.py
[2025-11-14T15:06:50.599+0000] {processor.py:925} INFO - DAG(s) 'example_sla_dag' retrieved from /home/airflow/.local/lib/python3.12/site-packages/airflow/example_dags/example_sla_dag.py
[2025-11-14T15:06:50.612+0000] {logging_mixin.py:190} INFO - [2025-11-14T15:06:50.612+0000] {dag.py:3239} INFO - Sync 1 DAGs
[2025-11-14T15:06:50.628+0000] {logging_mixin.py:190} INFO - [2025-11-14T15:06:50.627+0000] {dag.py:4180} INFO - Setting next_dagrun for example_sla_dag to 2025-11-14 15:04:00+00:00, run_after=2025-11-14 15:06:00+00:00
[2025-11-14T15:06:50.638+0000] {processor.py:208} INFO - Processing /home/airflow/.local/lib/python3.12/site-packages/airflow/example_dags/example_sla_dag.py took 0.053 seconds
[2025-11-14T15:07:22.056+0000] {processor.py:186} INFO - Started process (PID=1392) to work on /home/airflow/.local/lib/python3.12/site-packages/airflow/example_dags/example_sla_dag.py
[2025-11-14T15:07:22.058+0000] {processor.py:914} INFO - Processing file /home/airflow/.local/lib/python3.12/site-packages/airflow/example_dags/example_sla_dag.py for tasks to queue
[2025-11-14T15:07:22.060+0000] {logging_mixin.py:190} INFO - [2025-11-14T15:07:22.060+0000] {dagbag.py:588} INFO - Filling up the DagBag from /home/airflow/.local/lib/python3.12/site-packages/airflow/example_dags/example_sla_dag.py
[2025-11-14T15:07:22.067+0000] {processor.py:925} INFO - DAG(s) 'example_sla_dag' retrieved from /home/airflow/.local/lib/python3.12/site-packages/airflow/example_dags/example_sla_dag.py
[2025-11-14T15:07:22.080+0000] {logging_mixin.py:190} INFO - [2025-11-14T15:07:22.080+0000] {dag.py:3239} INFO - Sync 1 DAGs
[2025-11-14T15:07:22.096+0000] {logging_mixin.py:190} INFO - [2025-11-14T15:07:22.096+0000] {dag.py:4180} INFO - Setting next_dagrun for example_sla_dag to 2025-11-14 15:04:00+00:00, run_after=2025-11-14 15:06:00+00:00
[2025-11-14T15:07:22.108+0000] {processor.py:208} INFO - Processing /home/airflow/.local/lib/python3.12/site-packages/airflow/example_dags/example_sla_dag.py took 0.057 seconds
[2025-11-14T15:07:53.405+0000] {processor.py:186} INFO - Started process (PID=1456) to work on /home/airflow/.local/lib/python3.12/site-packages/airflow/example_dags/example_sla_dag.py
[2025-11-14T15:07:53.406+0000] {processor.py:914} INFO - Processing file /home/airflow/.local/lib/python3.12/site-packages/airflow/example_dags/example_sla_dag.py for tasks to queue
[2025-11-14T15:07:53.408+0000] {logging_mixin.py:190} INFO - [2025-11-14T15:07:53.408+0000] {dagbag.py:588} INFO - Filling up the DagBag from /home/airflow/.local/lib/python3.12/site-packages/airflow/example_dags/example_sla_dag.py
[2025-11-14T15:07:53.416+0000] {processor.py:925} INFO - DAG(s) 'example_sla_dag' retrieved from /home/airflow/.local/lib/python3.12/site-packages/airflow/example_dags/example_sla_dag.py
[2025-11-14T15:07:53.430+0000] {logging_mixin.py:190} INFO - [2025-11-14T15:07:53.430+0000] {dag.py:3239} INFO - Sync 1 DAGs
[2025-11-14T15:07:53.447+0000] {logging_mixin.py:190} INFO - [2025-11-14T15:07:53.446+0000] {dag.py:4180} INFO - Setting next_dagrun for example_sla_dag to 2025-11-14 15:04:00+00:00, run_after=2025-11-14 15:06:00+00:00
[2025-11-14T15:07:53.459+0000] {processor.py:208} INFO - Processing /home/airflow/.local/lib/python3.12/site-packages/airflow/example_dags/example_sla_dag.py took 0.058 seconds
[2025-11-14T15:08:24.366+0000] {processor.py:186} INFO - Started process (PID=1521) to work on /home/airflow/.local/lib/python3.12/site-packages/airflow/example_dags/example_sla_dag.py
[2025-11-14T15:08:24.367+0000] {processor.py:914} INFO - Processing file /home/airflow/.local/lib/python3.12/site-packages/airflow/example_dags/example_sla_dag.py for tasks to queue
[2025-11-14T15:08:24.369+0000] {logging_mixin.py:190} INFO - [2025-11-14T15:08:24.369+0000] {dagbag.py:588} INFO - Filling up the DagBag from /home/airflow/.local/lib/python3.12/site-packages/airflow/example_dags/example_sla_dag.py
[2025-11-14T15:08:24.377+0000] {processor.py:925} INFO - DAG(s) 'example_sla_dag' retrieved from /home/airflow/.local/lib/python3.12/site-packages/airflow/example_dags/example_sla_dag.py
[2025-11-14T15:08:24.391+0000] {logging_mixin.py:190} INFO - [2025-11-14T15:08:24.391+0000] {dag.py:3239} INFO - Sync 1 DAGs
[2025-11-14T15:08:24.408+0000] {logging_mixin.py:190} INFO - [2025-11-14T15:08:24.408+0000] {dag.py:4180} INFO - Setting next_dagrun for example_sla_dag to 2025-11-14 15:06:00+00:00, run_after=2025-11-14 15:08:00+00:00
[2025-11-14T15:08:24.421+0000] {processor.py:208} INFO - Processing /home/airflow/.local/lib/python3.12/site-packages/airflow/example_dags/example_sla_dag.py took 0.059 seconds
[2025-11-14T15:08:55.474+0000] {processor.py:186} INFO - Started process (PID=1586) to work on /home/airflow/.local/lib/python3.12/site-packages/airflow/example_dags/example_sla_dag.py
[2025-11-14T15:08:55.477+0000] {processor.py:914} INFO - Processing file /home/airflow/.local/lib/python3.12/site-packages/airflow/example_dags/example_sla_dag.py for tasks to queue
[2025-11-14T15:08:55.479+0000] {logging_mixin.py:190} INFO - [2025-11-14T15:08:55.479+0000] {dagbag.py:588} INFO - Filling up the DagBag from /home/airflow/.local/lib/python3.12/site-packages/airflow/example_dags/example_sla_dag.py
[2025-11-14T15:08:55.492+0000] {processor.py:925} INFO - DAG(s) 'example_sla_dag' retrieved from /home/airflow/.local/lib/python3.12/site-packages/airflow/example_dags/example_sla_dag.py
[2025-11-14T15:08:55.512+0000] {logging_mixin.py:190} INFO - [2025-11-14T15:08:55.512+0000] {dag.py:3239} INFO - Sync 1 DAGs
[2025-11-14T15:08:55.533+0000] {logging_mixin.py:190} INFO - [2025-11-14T15:08:55.532+0000] {dag.py:4180} INFO - Setting next_dagrun for example_sla_dag to 2025-11-14 15:06:00+00:00, run_after=2025-11-14 15:08:00+00:00
[2025-11-14T15:08:55.546+0000] {processor.py:208} INFO - Processing /home/airflow/.local/lib/python3.12/site-packages/airflow/example_dags/example_sla_dag.py took 0.076 seconds
[2025-11-14T15:09:26.515+0000] {processor.py:186} INFO - Started process (PID=1651) to work on /home/airflow/.local/lib/python3.12/site-packages/airflow/example_dags/example_sla_dag.py
[2025-11-14T15:09:26.519+0000] {processor.py:914} INFO - Processing file /home/airflow/.local/lib/python3.12/site-packages/airflow/example_dags/example_sla_dag.py for tasks to queue
[2025-11-14T15:09:26.525+0000] {logging_mixin.py:190} INFO - [2025-11-14T15:09:26.524+0000] {dagbag.py:588} INFO - Filling up the DagBag from /home/airflow/.local/lib/python3.12/site-packages/airflow/example_dags/example_sla_dag.py
[2025-11-14T15:09:26.534+0000] {processor.py:925} INFO - DAG(s) 'example_sla_dag' retrieved from /home/airflow/.local/lib/python3.12/site-packages/airflow/example_dags/example_sla_dag.py
[2025-11-14T15:09:26.550+0000] {logging_mixin.py:190} INFO - [2025-11-14T15:09:26.550+0000] {dag.py:3239} INFO - Sync 1 DAGs
[2025-11-14T15:09:26.568+0000] {logging_mixin.py:190} INFO - [2025-11-14T15:09:26.568+0000] {dag.py:4180} INFO - Setting next_dagrun for example_sla_dag to 2025-11-14 15:06:00+00:00, run_after=2025-11-14 15:08:00+00:00
[2025-11-14T15:09:26.584+0000] {processor.py:208} INFO - Processing /home/airflow/.local/lib/python3.12/site-packages/airflow/example_dags/example_sla_dag.py took 0.073 seconds
[2025-11-14T15:09:57.252+0000] {processor.py:186} INFO - Started process (PID=1716) to work on /home/airflow/.local/lib/python3.12/site-packages/airflow/example_dags/example_sla_dag.py
[2025-11-14T15:09:57.257+0000] {processor.py:914} INFO - Processing file /home/airflow/.local/lib/python3.12/site-packages/airflow/example_dags/example_sla_dag.py for tasks to queue
[2025-11-14T15:09:57.259+0000] {logging_mixin.py:190} INFO - [2025-11-14T15:09:57.259+0000] {dagbag.py:588} INFO - Filling up the DagBag from /home/airflow/.local/lib/python3.12/site-packages/airflow/example_dags/example_sla_dag.py
[2025-11-14T15:09:57.269+0000] {processor.py:925} INFO - DAG(s) 'example_sla_dag' retrieved from /home/airflow/.local/lib/python3.12/site-packages/airflow/example_dags/example_sla_dag.py
[2025-11-14T15:09:57.283+0000] {logging_mixin.py:190} INFO - [2025-11-14T15:09:57.282+0000] {dag.py:3239} INFO - Sync 1 DAGs
[2025-11-14T15:09:57.300+0000] {logging_mixin.py:190} INFO - [2025-11-14T15:09:57.300+0000] {dag.py:4180} INFO - Setting next_dagrun for example_sla_dag to 2025-11-14 15:06:00+00:00, run_after=2025-11-14 15:08:00+00:00
[2025-11-14T15:09:57.313+0000] {processor.py:208} INFO - Processing /home/airflow/.local/lib/python3.12/site-packages/airflow/example_dags/example_sla_dag.py took 0.067 seconds
[2025-11-14T15:10:27.764+0000] {processor.py:186} INFO - Started process (PID=1781) to work on /home/airflow/.local/lib/python3.12/site-packages/airflow/example_dags/example_sla_dag.py
[2025-11-14T15:10:27.765+0000] {processor.py:914} INFO - Processing file /home/airflow/.local/lib/python3.12/site-packages/airflow/example_dags/example_sla_dag.py for tasks to queue
[2025-11-14T15:10:27.767+0000] {logging_mixin.py:190} INFO - [2025-11-14T15:10:27.767+0000] {dagbag.py:588} INFO - Filling up the DagBag from /home/airflow/.local/lib/python3.12/site-packages/airflow/example_dags/example_sla_dag.py
[2025-11-14T15:10:27.781+0000] {processor.py:925} INFO - DAG(s) 'example_sla_dag' retrieved from /home/airflow/.local/lib/python3.12/site-packages/airflow/example_dags/example_sla_dag.py
[2025-11-14T15:10:27.795+0000] {logging_mixin.py:190} INFO - [2025-11-14T15:10:27.794+0000] {dag.py:3239} INFO - Sync 1 DAGs
[2025-11-14T15:10:27.811+0000] {logging_mixin.py:190} INFO - [2025-11-14T15:10:27.811+0000] {dag.py:4180} INFO - Setting next_dagrun for example_sla_dag to 2025-11-14 15:08:00+00:00, run_after=2025-11-14 15:10:00+00:00
[2025-11-14T15:10:27.824+0000] {processor.py:208} INFO - Processing /home/airflow/.local/lib/python3.12/site-packages/airflow/example_dags/example_sla_dag.py took 0.064 seconds
[2025-11-14T15:10:58.498+0000] {processor.py:186} INFO - Started process (PID=1846) to work on /home/airflow/.local/lib/python3.12/site-packages/airflow/example_dags/example_sla_dag.py
[2025-11-14T15:10:58.499+0000] {processor.py:914} INFO - Processing file /home/airflow/.local/lib/python3.12/site-packages/airflow/example_dags/example_sla_dag.py for tasks to queue
[2025-11-14T15:10:58.501+0000] {logging_mixin.py:190} INFO - [2025-11-14T15:10:58.501+0000] {dagbag.py:588} INFO - Filling up the DagBag from /home/airflow/.local/lib/python3.12/site-packages/airflow/example_dags/example_sla_dag.py
[2025-11-14T15:10:58.509+0000] {processor.py:925} INFO - DAG(s) 'example_sla_dag' retrieved from /home/airflow/.local/lib/python3.12/site-packages/airflow/example_dags/example_sla_dag.py
[2025-11-14T15:10:58.524+0000] {logging_mixin.py:190} INFO - [2025-11-14T15:10:58.523+0000] {dag.py:3239} INFO - Sync 1 DAGs
[2025-11-14T15:10:58.540+0000] {logging_mixin.py:190} INFO - [2025-11-14T15:10:58.540+0000] {dag.py:4180} INFO - Setting next_dagrun for example_sla_dag to 2025-11-14 15:08:00+00:00, run_after=2025-11-14 15:10:00+00:00
[2025-11-14T15:10:58.553+0000] {processor.py:208} INFO - Processing /home/airflow/.local/lib/python3.12/site-packages/airflow/example_dags/example_sla_dag.py took 0.060 seconds
[2025-11-14T15:11:29.844+0000] {processor.py:186} INFO - Started process (PID=1911) to work on /home/airflow/.local/lib/python3.12/site-packages/airflow/example_dags/example_sla_dag.py
[2025-11-14T15:11:29.845+0000] {processor.py:914} INFO - Processing file /home/airflow/.local/lib/python3.12/site-packages/airflow/example_dags/example_sla_dag.py for tasks to queue
[2025-11-14T15:11:29.847+0000] {logging_mixin.py:190} INFO - [2025-11-14T15:11:29.847+0000] {dagbag.py:588} INFO - Filling up the DagBag from /home/airflow/.local/lib/python3.12/site-packages/airflow/example_dags/example_sla_dag.py
[2025-11-14T15:11:29.855+0000] {processor.py:925} INFO - DAG(s) 'example_sla_dag' retrieved from /home/airflow/.local/lib/python3.12/site-packages/airflow/example_dags/example_sla_dag.py
[2025-11-14T15:11:29.869+0000] {logging_mixin.py:190} INFO - [2025-11-14T15:11:29.868+0000] {dag.py:3239} INFO - Sync 1 DAGs
[2025-11-14T15:11:29.886+0000] {logging_mixin.py:190} INFO - [2025-11-14T15:11:29.886+0000] {dag.py:4180} INFO - Setting next_dagrun for example_sla_dag to 2025-11-14 15:08:00+00:00, run_after=2025-11-14 15:10:00+00:00
[2025-11-14T15:11:29.899+0000] {processor.py:208} INFO - Processing /home/airflow/.local/lib/python3.12/site-packages/airflow/example_dags/example_sla_dag.py took 0.058 seconds
[2025-11-14T15:12:00.397+0000] {processor.py:186} INFO - Started process (PID=1976) to work on /home/airflow/.local/lib/python3.12/site-packages/airflow/example_dags/example_sla_dag.py
[2025-11-14T15:12:00.399+0000] {processor.py:914} INFO - Processing file /home/airflow/.local/lib/python3.12/site-packages/airflow/example_dags/example_sla_dag.py for tasks to queue
[2025-11-14T15:12:00.401+0000] {logging_mixin.py:190} INFO - [2025-11-14T15:12:00.401+0000] {dagbag.py:588} INFO - Filling up the DagBag from /home/airflow/.local/lib/python3.12/site-packages/airflow/example_dags/example_sla_dag.py
[2025-11-14T15:12:00.408+0000] {processor.py:925} INFO - DAG(s) 'example_sla_dag' retrieved from /home/airflow/.local/lib/python3.12/site-packages/airflow/example_dags/example_sla_dag.py
[2025-11-14T15:12:00.421+0000] {logging_mixin.py:190} INFO - [2025-11-14T15:12:00.421+0000] {dag.py:3239} INFO - Sync 1 DAGs
[2025-11-14T15:12:00.437+0000] {logging_mixin.py:190} INFO - [2025-11-14T15:12:00.437+0000] {dag.py:4180} INFO - Setting next_dagrun for example_sla_dag to 2025-11-14 15:10:00+00:00, run_after=2025-11-14 15:12:00+00:00
[2025-11-14T15:12:00.451+0000] {processor.py:208} INFO - Processing /home/airflow/.local/lib/python3.12/site-packages/airflow/example_dags/example_sla_dag.py took 0.059 seconds
[2025-11-14T15:12:31.908+0000] {processor.py:186} INFO - Started process (PID=2041) to work on /home/airflow/.local/lib/python3.12/site-packages/airflow/example_dags/example_sla_dag.py
[2025-11-14T15:12:31.909+0000] {processor.py:914} INFO - Processing file /home/airflow/.local/lib/python3.12/site-packages/airflow/example_dags/example_sla_dag.py for tasks to queue
[2025-11-14T15:12:31.911+0000] {logging_mixin.py:190} INFO - [2025-11-14T15:12:31.911+0000] {dagbag.py:588} INFO - Filling up the DagBag from /home/airflow/.local/lib/python3.12/site-packages/airflow/example_dags/example_sla_dag.py
[2025-11-14T15:12:31.919+0000] {processor.py:925} INFO - DAG(s) 'example_sla_dag' retrieved from /home/airflow/.local/lib/python3.12/site-packages/airflow/example_dags/example_sla_dag.py
[2025-11-14T15:12:31.932+0000] {logging_mixin.py:190} INFO - [2025-11-14T15:12:31.932+0000] {dag.py:3239} INFO - Sync 1 DAGs
[2025-11-14T15:12:31.948+0000] {logging_mixin.py:190} INFO - [2025-11-14T15:12:31.948+0000] {dag.py:4180} INFO - Setting next_dagrun for example_sla_dag to 2025-11-14 15:10:00+00:00, run_after=2025-11-14 15:12:00+00:00
[2025-11-14T15:12:31.959+0000] {processor.py:208} INFO - Processing /home/airflow/.local/lib/python3.12/site-packages/airflow/example_dags/example_sla_dag.py took 0.055 seconds
[2025-11-14T15:13:03.036+0000] {processor.py:186} INFO - Started process (PID=2106) to work on /home/airflow/.local/lib/python3.12/site-packages/airflow/example_dags/example_sla_dag.py
[2025-11-14T15:13:03.037+0000] {processor.py:914} INFO - Processing file /home/airflow/.local/lib/python3.12/site-packages/airflow/example_dags/example_sla_dag.py for tasks to queue
[2025-11-14T15:13:03.039+0000] {logging_mixin.py:190} INFO - [2025-11-14T15:13:03.039+0000] {dagbag.py:588} INFO - Filling up the DagBag from /home/airflow/.local/lib/python3.12/site-packages/airflow/example_dags/example_sla_dag.py
[2025-11-14T15:13:03.047+0000] {processor.py:925} INFO - DAG(s) 'example_sla_dag' retrieved from /home/airflow/.local/lib/python3.12/site-packages/airflow/example_dags/example_sla_dag.py
[2025-11-14T15:13:03.060+0000] {logging_mixin.py:190} INFO - [2025-11-14T15:13:03.060+0000] {dag.py:3239} INFO - Sync 1 DAGs
[2025-11-14T15:13:03.076+0000] {logging_mixin.py:190} INFO - [2025-11-14T15:13:03.076+0000] {dag.py:4180} INFO - Setting next_dagrun for example_sla_dag to 2025-11-14 15:10:00+00:00, run_after=2025-11-14 15:12:00+00:00
[2025-11-14T15:13:03.088+0000] {processor.py:208} INFO - Processing /home/airflow/.local/lib/python3.12/site-packages/airflow/example_dags/example_sla_dag.py took 0.056 seconds
[2025-11-14T15:13:33.803+0000] {processor.py:186} INFO - Started process (PID=2171) to work on /home/airflow/.local/lib/python3.12/site-packages/airflow/example_dags/example_sla_dag.py
[2025-11-14T15:13:33.805+0000] {processor.py:914} INFO - Processing file /home/airflow/.local/lib/python3.12/site-packages/airflow/example_dags/example_sla_dag.py for tasks to queue
[2025-11-14T15:13:33.807+0000] {logging_mixin.py:190} INFO - [2025-11-14T15:13:33.807+0000] {dagbag.py:588} INFO - Filling up the DagBag from /home/airflow/.local/lib/python3.12/site-packages/airflow/example_dags/example_sla_dag.py
[2025-11-14T15:13:33.817+0000] {processor.py:925} INFO - DAG(s) 'example_sla_dag' retrieved from /home/airflow/.local/lib/python3.12/site-packages/airflow/example_dags/example_sla_dag.py
[2025-11-14T15:13:33.833+0000] {logging_mixin.py:190} INFO - [2025-11-14T15:13:33.832+0000] {dag.py:3239} INFO - Sync 1 DAGs
[2025-11-14T15:13:33.850+0000] {logging_mixin.py:190} INFO - [2025-11-14T15:13:33.850+0000] {dag.py:4180} INFO - Setting next_dagrun for example_sla_dag to 2025-11-14 15:10:00+00:00, run_after=2025-11-14 15:12:00+00:00
[2025-11-14T15:13:33.863+0000] {processor.py:208} INFO - Processing /home/airflow/.local/lib/python3.12/site-packages/airflow/example_dags/example_sla_dag.py took 0.064 seconds
[2025-11-14T15:14:05.122+0000] {processor.py:186} INFO - Started process (PID=2236) to work on /home/airflow/.local/lib/python3.12/site-packages/airflow/example_dags/example_sla_dag.py
[2025-11-14T15:14:05.123+0000] {processor.py:914} INFO - Processing file /home/airflow/.local/lib/python3.12/site-packages/airflow/example_dags/example_sla_dag.py for tasks to queue
[2025-11-14T15:14:05.125+0000] {logging_mixin.py:190} INFO - [2025-11-14T15:14:05.125+0000] {dagbag.py:588} INFO - Filling up the DagBag from /home/airflow/.local/lib/python3.12/site-packages/airflow/example_dags/example_sla_dag.py
[2025-11-14T15:14:05.133+0000] {processor.py:925} INFO - DAG(s) 'example_sla_dag' retrieved from /home/airflow/.local/lib/python3.12/site-packages/airflow/example_dags/example_sla_dag.py
[2025-11-14T15:14:05.147+0000] {logging_mixin.py:190} INFO - [2025-11-14T15:14:05.146+0000] {dag.py:3239} INFO - Sync 1 DAGs
[2025-11-14T15:14:05.163+0000] {logging_mixin.py:190} INFO - [2025-11-14T15:14:05.163+0000] {dag.py:4180} INFO - Setting next_dagrun for example_sla_dag to 2025-11-14 15:12:00+00:00, run_after=2025-11-14 15:14:00+00:00
[2025-11-14T15:14:05.175+0000] {processor.py:208} INFO - Processing /home/airflow/.local/lib/python3.12/site-packages/airflow/example_dags/example_sla_dag.py took 0.057 seconds
[2025-11-14T15:14:35.707+0000] {processor.py:186} INFO - Started process (PID=2301) to work on /home/airflow/.local/lib/python3.12/site-packages/airflow/example_dags/example_sla_dag.py
[2025-11-14T15:14:35.708+0000] {processor.py:914} INFO - Processing file /home/airflow/.local/lib/python3.12/site-packages/airflow/example_dags/example_sla_dag.py for tasks to queue
[2025-11-14T15:14:35.710+0000] {logging_mixin.py:190} INFO - [2025-11-14T15:14:35.709+0000] {dagbag.py:588} INFO - Filling up the DagBag from /home/airflow/.local/lib/python3.12/site-packages/airflow/example_dags/example_sla_dag.py
[2025-11-14T15:14:35.718+0000] {processor.py:925} INFO - DAG(s) 'example_sla_dag' retrieved from /home/airflow/.local/lib/python3.12/site-packages/airflow/example_dags/example_sla_dag.py
[2025-11-14T15:14:35.731+0000] {logging_mixin.py:190} INFO - [2025-11-14T15:14:35.731+0000] {dag.py:3239} INFO - Sync 1 DAGs
[2025-11-14T15:14:35.748+0000] {logging_mixin.py:190} INFO - [2025-11-14T15:14:35.748+0000] {dag.py:4180} INFO - Setting next_dagrun for example_sla_dag to 2025-11-14 15:12:00+00:00, run_after=2025-11-14 15:14:00+00:00
[2025-11-14T15:14:35.759+0000] {processor.py:208} INFO - Processing /home/airflow/.local/lib/python3.12/site-packages/airflow/example_dags/example_sla_dag.py took 0.057 seconds
[2025-11-14T15:15:07.195+0000] {processor.py:186} INFO - Started process (PID=2367) to work on /home/airflow/.local/lib/python3.12/site-packages/airflow/example_dags/example_sla_dag.py
[2025-11-14T15:15:07.196+0000] {processor.py:914} INFO - Processing file /home/airflow/.local/lib/python3.12/site-packages/airflow/example_dags/example_sla_dag.py for tasks to queue
[2025-11-14T15:15:07.198+0000] {logging_mixin.py:190} INFO - [2025-11-14T15:15:07.198+0000] {dagbag.py:588} INFO - Filling up the DagBag from /home/airflow/.local/lib/python3.12/site-packages/airflow/example_dags/example_sla_dag.py
[2025-11-14T15:15:07.207+0000] {processor.py:925} INFO - DAG(s) 'example_sla_dag' retrieved from /home/airflow/.local/lib/python3.12/site-packages/airflow/example_dags/example_sla_dag.py
[2025-11-14T15:15:07.221+0000] {logging_mixin.py:190} INFO - [2025-11-14T15:15:07.221+0000] {dag.py:3239} INFO - Sync 1 DAGs
[2025-11-14T15:15:07.238+0000] {logging_mixin.py:190} INFO - [2025-11-14T15:15:07.238+0000] {dag.py:4180} INFO - Setting next_dagrun for example_sla_dag to 2025-11-14 15:12:00+00:00, run_after=2025-11-14 15:14:00+00:00
[2025-11-14T15:15:07.250+0000] {processor.py:208} INFO - Processing /home/airflow/.local/lib/python3.12/site-packages/airflow/example_dags/example_sla_dag.py took 0.060 seconds
[2025-11-14T15:15:38.173+0000] {processor.py:186} INFO - Started process (PID=2432) to work on /home/airflow/.local/lib/python3.12/site-packages/airflow/example_dags/example_sla_dag.py
[2025-11-14T15:15:38.174+0000] {processor.py:914} INFO - Processing file /home/airflow/.local/lib/python3.12/site-packages/airflow/example_dags/example_sla_dag.py for tasks to queue
[2025-11-14T15:15:38.176+0000] {logging_mixin.py:190} INFO - [2025-11-14T15:15:38.175+0000] {dagbag.py:588} INFO - Filling up the DagBag from /home/airflow/.local/lib/python3.12/site-packages/airflow/example_dags/example_sla_dag.py
[2025-11-14T15:15:38.184+0000] {processor.py:925} INFO - DAG(s) 'example_sla_dag' retrieved from /home/airflow/.local/lib/python3.12/site-packages/airflow/example_dags/example_sla_dag.py
[2025-11-14T15:15:38.205+0000] {logging_mixin.py:190} INFO - [2025-11-14T15:15:38.205+0000] {dag.py:3239} INFO - Sync 1 DAGs
[2025-11-14T15:15:38.227+0000] {logging_mixin.py:190} INFO - [2025-11-14T15:15:38.227+0000] {dag.py:4180} INFO - Setting next_dagrun for example_sla_dag to 2025-11-14 15:12:00+00:00, run_after=2025-11-14 15:14:00+00:00
[2025-11-14T15:15:38.239+0000] {processor.py:208} INFO - Processing /home/airflow/.local/lib/python3.12/site-packages/airflow/example_dags/example_sla_dag.py took 0.070 seconds
[2025-11-14T15:16:08.922+0000] {processor.py:186} INFO - Started process (PID=2497) to work on /home/airflow/.local/lib/python3.12/site-packages/airflow/example_dags/example_sla_dag.py
[2025-11-14T15:16:08.923+0000] {processor.py:914} INFO - Processing file /home/airflow/.local/lib/python3.12/site-packages/airflow/example_dags/example_sla_dag.py for tasks to queue
[2025-11-14T15:16:08.925+0000] {logging_mixin.py:190} INFO - [2025-11-14T15:16:08.925+0000] {dagbag.py:588} INFO - Filling up the DagBag from /home/airflow/.local/lib/python3.12/site-packages/airflow/example_dags/example_sla_dag.py
[2025-11-14T15:16:08.933+0000] {processor.py:925} INFO - DAG(s) 'example_sla_dag' retrieved from /home/airflow/.local/lib/python3.12/site-packages/airflow/example_dags/example_sla_dag.py
[2025-11-14T15:16:08.946+0000] {logging_mixin.py:190} INFO - [2025-11-14T15:16:08.946+0000] {dag.py:3239} INFO - Sync 1 DAGs
[2025-11-14T15:16:08.963+0000] {logging_mixin.py:190} INFO - [2025-11-14T15:16:08.963+0000] {dag.py:4180} INFO - Setting next_dagrun for example_sla_dag to 2025-11-14 15:14:00+00:00, run_after=2025-11-14 15:16:00+00:00
[2025-11-14T15:16:08.974+0000] {processor.py:208} INFO - Processing /home/airflow/.local/lib/python3.12/site-packages/airflow/example_dags/example_sla_dag.py took 0.056 seconds
[2025-11-14T15:16:39.487+0000] {processor.py:186} INFO - Started process (PID=2562) to work on /home/airflow/.local/lib/python3.12/site-packages/airflow/example_dags/example_sla_dag.py
[2025-11-14T15:16:39.488+0000] {processor.py:914} INFO - Processing file /home/airflow/.local/lib/python3.12/site-packages/airflow/example_dags/example_sla_dag.py for tasks to queue
[2025-11-14T15:16:39.490+0000] {logging_mixin.py:190} INFO - [2025-11-14T15:16:39.490+0000] {dagbag.py:588} INFO - Filling up the DagBag from /home/airflow/.local/lib/python3.12/site-packages/airflow/example_dags/example_sla_dag.py
[2025-11-14T15:16:39.498+0000] {processor.py:925} INFO - DAG(s) 'example_sla_dag' retrieved from /home/airflow/.local/lib/python3.12/site-packages/airflow/example_dags/example_sla_dag.py
[2025-11-14T15:16:39.511+0000] {logging_mixin.py:190} INFO - [2025-11-14T15:16:39.511+0000] {dag.py:3239} INFO - Sync 1 DAGs
[2025-11-14T15:16:39.528+0000] {logging_mixin.py:190} INFO - [2025-11-14T15:16:39.528+0000] {dag.py:4180} INFO - Setting next_dagrun for example_sla_dag to 2025-11-14 15:14:00+00:00, run_after=2025-11-14 15:16:00+00:00
[2025-11-14T15:16:39.540+0000] {processor.py:208} INFO - Processing /home/airflow/.local/lib/python3.12/site-packages/airflow/example_dags/example_sla_dag.py took 0.057 seconds
[2025-11-14T15:17:10.696+0000] {processor.py:186} INFO - Started process (PID=2627) to work on /home/airflow/.local/lib/python3.12/site-packages/airflow/example_dags/example_sla_dag.py
[2025-11-14T15:17:10.697+0000] {processor.py:914} INFO - Processing file /home/airflow/.local/lib/python3.12/site-packages/airflow/example_dags/example_sla_dag.py for tasks to queue
[2025-11-14T15:17:10.699+0000] {logging_mixin.py:190} INFO - [2025-11-14T15:17:10.699+0000] {dagbag.py:588} INFO - Filling up the DagBag from /home/airflow/.local/lib/python3.12/site-packages/airflow/example_dags/example_sla_dag.py
[2025-11-14T15:17:10.707+0000] {processor.py:925} INFO - DAG(s) 'example_sla_dag' retrieved from /home/airflow/.local/lib/python3.12/site-packages/airflow/example_dags/example_sla_dag.py
[2025-11-14T15:17:10.722+0000] {logging_mixin.py:190} INFO - [2025-11-14T15:17:10.721+0000] {dag.py:3239} INFO - Sync 1 DAGs
[2025-11-14T15:17:10.742+0000] {logging_mixin.py:190} INFO - [2025-11-14T15:17:10.742+0000] {dag.py:4180} INFO - Setting next_dagrun for example_sla_dag to 2025-11-14 15:14:00+00:00, run_after=2025-11-14 15:16:00+00:00
[2025-11-14T15:17:10.756+0000] {processor.py:208} INFO - Processing /home/airflow/.local/lib/python3.12/site-packages/airflow/example_dags/example_sla_dag.py took 0.064 seconds
[2025-11-14T15:17:41.543+0000] {processor.py:186} INFO - Started process (PID=2692) to work on /home/airflow/.local/lib/python3.12/site-packages/airflow/example_dags/example_sla_dag.py
[2025-11-14T15:17:41.545+0000] {processor.py:914} INFO - Processing file /home/airflow/.local/lib/python3.12/site-packages/airflow/example_dags/example_sla_dag.py for tasks to queue
[2025-11-14T15:17:41.549+0000] {logging_mixin.py:190} INFO - [2025-11-14T15:17:41.548+0000] {dagbag.py:588} INFO - Filling up the DagBag from /home/airflow/.local/lib/python3.12/site-packages/airflow/example_dags/example_sla_dag.py
[2025-11-14T15:17:41.558+0000] {processor.py:925} INFO - DAG(s) 'example_sla_dag' retrieved from /home/airflow/.local/lib/python3.12/site-packages/airflow/example_dags/example_sla_dag.py
[2025-11-14T15:17:41.574+0000] {logging_mixin.py:190} INFO - [2025-11-14T15:17:41.574+0000] {dag.py:3239} INFO - Sync 1 DAGs
[2025-11-14T15:17:41.591+0000] {logging_mixin.py:190} INFO - [2025-11-14T15:17:41.591+0000] {dag.py:4180} INFO - Setting next_dagrun for example_sla_dag to 2025-11-14 15:14:00+00:00, run_after=2025-11-14 15:16:00+00:00
[2025-11-14T15:17:41.604+0000] {processor.py:208} INFO - Processing /home/airflow/.local/lib/python3.12/site-packages/airflow/example_dags/example_sla_dag.py took 0.066 seconds
[2025-11-14T15:18:12.337+0000] {processor.py:186} INFO - Started process (PID=2756) to work on /home/airflow/.local/lib/python3.12/site-packages/airflow/example_dags/example_sla_dag.py
[2025-11-14T15:18:12.338+0000] {processor.py:914} INFO - Processing file /home/airflow/.local/lib/python3.12/site-packages/airflow/example_dags/example_sla_dag.py for tasks to queue
[2025-11-14T15:18:12.340+0000] {logging_mixin.py:190} INFO - [2025-11-14T15:18:12.340+0000] {dagbag.py:588} INFO - Filling up the DagBag from /home/airflow/.local/lib/python3.12/site-packages/airflow/example_dags/example_sla_dag.py
[2025-11-14T15:18:12.347+0000] {processor.py:925} INFO - DAG(s) 'example_sla_dag' retrieved from /home/airflow/.local/lib/python3.12/site-packages/airflow/example_dags/example_sla_dag.py
[2025-11-14T15:18:12.361+0000] {logging_mixin.py:190} INFO - [2025-11-14T15:18:12.360+0000] {dag.py:3239} INFO - Sync 1 DAGs
[2025-11-14T15:18:12.377+0000] {logging_mixin.py:190} INFO - [2025-11-14T15:18:12.377+0000] {dag.py:4180} INFO - Setting next_dagrun for example_sla_dag to 2025-11-14 15:16:00+00:00, run_after=2025-11-14 15:18:00+00:00
[2025-11-14T15:18:12.390+0000] {processor.py:208} INFO - Processing /home/airflow/.local/lib/python3.12/site-packages/airflow/example_dags/example_sla_dag.py took 0.056 seconds
[2025-11-14T15:18:44.068+0000] {processor.py:186} INFO - Started process (PID=2821) to work on /home/airflow/.local/lib/python3.12/site-packages/airflow/example_dags/example_sla_dag.py
[2025-11-14T15:18:44.070+0000] {processor.py:914} INFO - Processing file /home/airflow/.local/lib/python3.12/site-packages/airflow/example_dags/example_sla_dag.py for tasks to queue
[2025-11-14T15:18:44.072+0000] {logging_mixin.py:190} INFO - [2025-11-14T15:18:44.071+0000] {dagbag.py:588} INFO - Filling up the DagBag from /home/airflow/.local/lib/python3.12/site-packages/airflow/example_dags/example_sla_dag.py
[2025-11-14T15:18:44.080+0000] {processor.py:925} INFO - DAG(s) 'example_sla_dag' retrieved from /home/airflow/.local/lib/python3.12/site-packages/airflow/example_dags/example_sla_dag.py
[2025-11-14T15:18:44.096+0000] {logging_mixin.py:190} INFO - [2025-11-14T15:18:44.095+0000] {dag.py:3239} INFO - Sync 1 DAGs
[2025-11-14T15:18:44.114+0000] {logging_mixin.py:190} INFO - [2025-11-14T15:18:44.114+0000] {dag.py:4180} INFO - Setting next_dagrun for example_sla_dag to 2025-11-14 15:16:00+00:00, run_after=2025-11-14 15:18:00+00:00
[2025-11-14T15:18:44.130+0000] {processor.py:208} INFO - Processing /home/airflow/.local/lib/python3.12/site-packages/airflow/example_dags/example_sla_dag.py took 0.066 seconds
[2025-11-14T15:19:14.586+0000] {processor.py:186} INFO - Started process (PID=2886) to work on /home/airflow/.local/lib/python3.12/site-packages/airflow/example_dags/example_sla_dag.py
[2025-11-14T15:19:14.587+0000] {processor.py:914} INFO - Processing file /home/airflow/.local/lib/python3.12/site-packages/airflow/example_dags/example_sla_dag.py for tasks to queue
[2025-11-14T15:19:14.589+0000] {logging_mixin.py:190} INFO - [2025-11-14T15:19:14.589+0000] {dagbag.py:588} INFO - Filling up the DagBag from /home/airflow/.local/lib/python3.12/site-packages/airflow/example_dags/example_sla_dag.py
[2025-11-14T15:19:14.597+0000] {processor.py:925} INFO - DAG(s) 'example_sla_dag' retrieved from /home/airflow/.local/lib/python3.12/site-packages/airflow/example_dags/example_sla_dag.py
[2025-11-14T15:19:14.609+0000] {logging_mixin.py:190} INFO - [2025-11-14T15:19:14.609+0000] {dag.py:3239} INFO - Sync 1 DAGs
[2025-11-14T15:19:14.625+0000] {logging_mixin.py:190} INFO - [2025-11-14T15:19:14.625+0000] {dag.py:4180} INFO - Setting next_dagrun for example_sla_dag to 2025-11-14 15:16:00+00:00, run_after=2025-11-14 15:18:00+00:00
[2025-11-14T15:19:14.638+0000] {processor.py:208} INFO - Processing /home/airflow/.local/lib/python3.12/site-packages/airflow/example_dags/example_sla_dag.py took 0.056 seconds
[2025-11-14T15:19:45.180+0000] {processor.py:186} INFO - Started process (PID=2957) to work on /home/airflow/.local/lib/python3.12/site-packages/airflow/example_dags/example_sla_dag.py
[2025-11-14T15:19:45.181+0000] {processor.py:914} INFO - Processing file /home/airflow/.local/lib/python3.12/site-packages/airflow/example_dags/example_sla_dag.py for tasks to queue
[2025-11-14T15:19:45.183+0000] {logging_mixin.py:190} INFO - [2025-11-14T15:19:45.183+0000] {dagbag.py:588} INFO - Filling up the DagBag from /home/airflow/.local/lib/python3.12/site-packages/airflow/example_dags/example_sla_dag.py
[2025-11-14T15:19:45.192+0000] {processor.py:925} INFO - DAG(s) 'example_sla_dag' retrieved from /home/airflow/.local/lib/python3.12/site-packages/airflow/example_dags/example_sla_dag.py
[2025-11-14T15:19:45.207+0000] {logging_mixin.py:190} INFO - [2025-11-14T15:19:45.207+0000] {dag.py:3239} INFO - Sync 1 DAGs
[2025-11-14T15:19:45.223+0000] {logging_mixin.py:190} INFO - [2025-11-14T15:19:45.223+0000] {dag.py:4180} INFO - Setting next_dagrun for example_sla_dag to 2025-11-14 15:16:00+00:00, run_after=2025-11-14 15:18:00+00:00
[2025-11-14T15:19:45.240+0000] {processor.py:208} INFO - Processing /home/airflow/.local/lib/python3.12/site-packages/airflow/example_dags/example_sla_dag.py took 0.063 seconds
[2025-11-14T15:20:15.853+0000] {processor.py:186} INFO - Started process (PID=3022) to work on /home/airflow/.local/lib/python3.12/site-packages/airflow/example_dags/example_sla_dag.py
[2025-11-14T15:20:15.854+0000] {processor.py:914} INFO - Processing file /home/airflow/.local/lib/python3.12/site-packages/airflow/example_dags/example_sla_dag.py for tasks to queue
[2025-11-14T15:20:15.856+0000] {logging_mixin.py:190} INFO - [2025-11-14T15:20:15.856+0000] {dagbag.py:588} INFO - Filling up the DagBag from /home/airflow/.local/lib/python3.12/site-packages/airflow/example_dags/example_sla_dag.py
[2025-11-14T15:20:15.864+0000] {processor.py:925} INFO - DAG(s) 'example_sla_dag' retrieved from /home/airflow/.local/lib/python3.12/site-packages/airflow/example_dags/example_sla_dag.py
[2025-11-14T15:20:15.877+0000] {logging_mixin.py:190} INFO - [2025-11-14T15:20:15.877+0000] {dag.py:3239} INFO - Sync 1 DAGs
[2025-11-14T15:20:15.893+0000] {logging_mixin.py:190} INFO - [2025-11-14T15:20:15.893+0000] {dag.py:4180} INFO - Setting next_dagrun for example_sla_dag to 2025-11-14 15:18:00+00:00, run_after=2025-11-14 15:20:00+00:00
[2025-11-14T15:20:15.905+0000] {processor.py:208} INFO - Processing /home/airflow/.local/lib/python3.12/site-packages/airflow/example_dags/example_sla_dag.py took 0.057 seconds
[2025-11-14T15:20:46.710+0000] {processor.py:186} INFO - Started process (PID=3087) to work on /home/airflow/.local/lib/python3.12/site-packages/airflow/example_dags/example_sla_dag.py
[2025-11-14T15:20:46.711+0000] {processor.py:914} INFO - Processing file /home/airflow/.local/lib/python3.12/site-packages/airflow/example_dags/example_sla_dag.py for tasks to queue
[2025-11-14T15:20:46.713+0000] {logging_mixin.py:190} INFO - [2025-11-14T15:20:46.713+0000] {dagbag.py:588} INFO - Filling up the DagBag from /home/airflow/.local/lib/python3.12/site-packages/airflow/example_dags/example_sla_dag.py
[2025-11-14T15:20:46.721+0000] {processor.py:925} INFO - DAG(s) 'example_sla_dag' retrieved from /home/airflow/.local/lib/python3.12/site-packages/airflow/example_dags/example_sla_dag.py
[2025-11-14T15:20:46.735+0000] {logging_mixin.py:190} INFO - [2025-11-14T15:20:46.735+0000] {dag.py:3239} INFO - Sync 1 DAGs
[2025-11-14T15:20:46.754+0000] {logging_mixin.py:190} INFO - [2025-11-14T15:20:46.754+0000] {dag.py:4180} INFO - Setting next_dagrun for example_sla_dag to 2025-11-14 15:18:00+00:00, run_after=2025-11-14 15:20:00+00:00
[2025-11-14T15:20:46.768+0000] {processor.py:208} INFO - Processing /home/airflow/.local/lib/python3.12/site-packages/airflow/example_dags/example_sla_dag.py took 0.062 seconds
[2025-11-14T15:21:17.142+0000] {processor.py:186} INFO - Started process (PID=3152) to work on /home/airflow/.local/lib/python3.12/site-packages/airflow/example_dags/example_sla_dag.py
[2025-11-14T15:21:17.143+0000] {processor.py:914} INFO - Processing file /home/airflow/.local/lib/python3.12/site-packages/airflow/example_dags/example_sla_dag.py for tasks to queue
[2025-11-14T15:21:17.145+0000] {logging_mixin.py:190} INFO - [2025-11-14T15:21:17.144+0000] {dagbag.py:588} INFO - Filling up the DagBag from /home/airflow/.local/lib/python3.12/site-packages/airflow/example_dags/example_sla_dag.py
[2025-11-14T15:21:17.152+0000] {processor.py:925} INFO - DAG(s) 'example_sla_dag' retrieved from /home/airflow/.local/lib/python3.12/site-packages/airflow/example_dags/example_sla_dag.py
[2025-11-14T15:21:17.165+0000] {logging_mixin.py:190} INFO - [2025-11-14T15:21:17.165+0000] {dag.py:3239} INFO - Sync 1 DAGs
[2025-11-14T15:21:17.182+0000] {logging_mixin.py:190} INFO - [2025-11-14T15:21:17.182+0000] {dag.py:4180} INFO - Setting next_dagrun for example_sla_dag to 2025-11-14 15:18:00+00:00, run_after=2025-11-14 15:20:00+00:00
[2025-11-14T15:21:17.193+0000] {processor.py:208} INFO - Processing /home/airflow/.local/lib/python3.12/site-packages/airflow/example_dags/example_sla_dag.py took 0.056 seconds
[2025-11-14T15:21:48.640+0000] {processor.py:186} INFO - Started process (PID=3217) to work on /home/airflow/.local/lib/python3.12/site-packages/airflow/example_dags/example_sla_dag.py
[2025-11-14T15:21:48.642+0000] {processor.py:914} INFO - Processing file /home/airflow/.local/lib/python3.12/site-packages/airflow/example_dags/example_sla_dag.py for tasks to queue
[2025-11-14T15:21:48.644+0000] {logging_mixin.py:190} INFO - [2025-11-14T15:21:48.644+0000] {dagbag.py:588} INFO - Filling up the DagBag from /home/airflow/.local/lib/python3.12/site-packages/airflow/example_dags/example_sla_dag.py
[2025-11-14T15:21:48.653+0000] {processor.py:925} INFO - DAG(s) 'example_sla_dag' retrieved from /home/airflow/.local/lib/python3.12/site-packages/airflow/example_dags/example_sla_dag.py
[2025-11-14T15:21:48.667+0000] {logging_mixin.py:190} INFO - [2025-11-14T15:21:48.667+0000] {dag.py:3239} INFO - Sync 1 DAGs
[2025-11-14T15:21:48.683+0000] {logging_mixin.py:190} INFO - [2025-11-14T15:21:48.683+0000] {dag.py:4180} INFO - Setting next_dagrun for example_sla_dag to 2025-11-14 15:18:00+00:00, run_after=2025-11-14 15:20:00+00:00
[2025-11-14T15:21:48.694+0000] {processor.py:208} INFO - Processing /home/airflow/.local/lib/python3.12/site-packages/airflow/example_dags/example_sla_dag.py took 0.058 seconds
[2025-11-14T15:22:19.861+0000] {processor.py:186} INFO - Started process (PID=3282) to work on /home/airflow/.local/lib/python3.12/site-packages/airflow/example_dags/example_sla_dag.py
[2025-11-14T15:22:19.862+0000] {processor.py:914} INFO - Processing file /home/airflow/.local/lib/python3.12/site-packages/airflow/example_dags/example_sla_dag.py for tasks to queue
[2025-11-14T15:22:19.863+0000] {logging_mixin.py:190} INFO - [2025-11-14T15:22:19.863+0000] {dagbag.py:588} INFO - Filling up the DagBag from /home/airflow/.local/lib/python3.12/site-packages/airflow/example_dags/example_sla_dag.py
[2025-11-14T15:22:19.871+0000] {processor.py:925} INFO - DAG(s) 'example_sla_dag' retrieved from /home/airflow/.local/lib/python3.12/site-packages/airflow/example_dags/example_sla_dag.py
[2025-11-14T15:22:19.884+0000] {logging_mixin.py:190} INFO - [2025-11-14T15:22:19.884+0000] {dag.py:3239} INFO - Sync 1 DAGs
[2025-11-14T15:22:19.901+0000] {logging_mixin.py:190} INFO - [2025-11-14T15:22:19.900+0000] {dag.py:4180} INFO - Setting next_dagrun for example_sla_dag to 2025-11-14 15:20:00+00:00, run_after=2025-11-14 15:22:00+00:00
[2025-11-14T15:22:19.913+0000] {processor.py:208} INFO - Processing /home/airflow/.local/lib/python3.12/site-packages/airflow/example_dags/example_sla_dag.py took 0.056 seconds
[2025-11-14T15:22:51.178+0000] {processor.py:186} INFO - Started process (PID=3347) to work on /home/airflow/.local/lib/python3.12/site-packages/airflow/example_dags/example_sla_dag.py
[2025-11-14T15:22:51.179+0000] {processor.py:914} INFO - Processing file /home/airflow/.local/lib/python3.12/site-packages/airflow/example_dags/example_sla_dag.py for tasks to queue
[2025-11-14T15:22:51.181+0000] {logging_mixin.py:190} INFO - [2025-11-14T15:22:51.181+0000] {dagbag.py:588} INFO - Filling up the DagBag from /home/airflow/.local/lib/python3.12/site-packages/airflow/example_dags/example_sla_dag.py
[2025-11-14T15:22:51.189+0000] {processor.py:925} INFO - DAG(s) 'example_sla_dag' retrieved from /home/airflow/.local/lib/python3.12/site-packages/airflow/example_dags/example_sla_dag.py
[2025-11-14T15:22:51.203+0000] {logging_mixin.py:190} INFO - [2025-11-14T15:22:51.202+0000] {dag.py:3239} INFO - Sync 1 DAGs
[2025-11-14T15:22:51.219+0000] {logging_mixin.py:190} INFO - [2025-11-14T15:22:51.219+0000] {dag.py:4180} INFO - Setting next_dagrun for example_sla_dag to 2025-11-14 15:20:00+00:00, run_after=2025-11-14 15:22:00+00:00
[2025-11-14T15:22:51.232+0000] {processor.py:208} INFO - Processing /home/airflow/.local/lib/python3.12/site-packages/airflow/example_dags/example_sla_dag.py took 0.058 seconds
[2025-11-14T15:23:21.715+0000] {processor.py:186} INFO - Started process (PID=3412) to work on /home/airflow/.local/lib/python3.12/site-packages/airflow/example_dags/example_sla_dag.py
[2025-11-14T15:23:21.716+0000] {processor.py:914} INFO - Processing file /home/airflow/.local/lib/python3.12/site-packages/airflow/example_dags/example_sla_dag.py for tasks to queue
[2025-11-14T15:23:21.718+0000] {logging_mixin.py:190} INFO - [2025-11-14T15:23:21.717+0000] {dagbag.py:588} INFO - Filling up the DagBag from /home/airflow/.local/lib/python3.12/site-packages/airflow/example_dags/example_sla_dag.py
[2025-11-14T15:23:21.726+0000] {processor.py:925} INFO - DAG(s) 'example_sla_dag' retrieved from /home/airflow/.local/lib/python3.12/site-packages/airflow/example_dags/example_sla_dag.py
[2025-11-14T15:23:21.741+0000] {logging_mixin.py:190} INFO - [2025-11-14T15:23:21.740+0000] {dag.py:3239} INFO - Sync 1 DAGs
[2025-11-14T15:23:21.757+0000] {logging_mixin.py:190} INFO - [2025-11-14T15:23:21.757+0000] {dag.py:4180} INFO - Setting next_dagrun for example_sla_dag to 2025-11-14 15:20:00+00:00, run_after=2025-11-14 15:22:00+00:00
[2025-11-14T15:23:21.768+0000] {processor.py:208} INFO - Processing /home/airflow/.local/lib/python3.12/site-packages/airflow/example_dags/example_sla_dag.py took 0.058 seconds
[2025-11-14T15:23:53.015+0000] {processor.py:186} INFO - Started process (PID=3477) to work on /home/airflow/.local/lib/python3.12/site-packages/airflow/example_dags/example_sla_dag.py
[2025-11-14T15:23:53.016+0000] {processor.py:914} INFO - Processing file /home/airflow/.local/lib/python3.12/site-packages/airflow/example_dags/example_sla_dag.py for tasks to queue
[2025-11-14T15:23:53.018+0000] {logging_mixin.py:190} INFO - [2025-11-14T15:23:53.018+0000] {dagbag.py:588} INFO - Filling up the DagBag from /home/airflow/.local/lib/python3.12/site-packages/airflow/example_dags/example_sla_dag.py
[2025-11-14T15:23:53.026+0000] {processor.py:925} INFO - DAG(s) 'example_sla_dag' retrieved from /home/airflow/.local/lib/python3.12/site-packages/airflow/example_dags/example_sla_dag.py
[2025-11-14T15:23:53.039+0000] {logging_mixin.py:190} INFO - [2025-11-14T15:23:53.039+0000] {dag.py:3239} INFO - Sync 1 DAGs
[2025-11-14T15:23:53.055+0000] {logging_mixin.py:190} INFO - [2025-11-14T15:23:53.054+0000] {dag.py:4180} INFO - Setting next_dagrun for example_sla_dag to 2025-11-14 15:20:00+00:00, run_after=2025-11-14 15:22:00+00:00
[2025-11-14T15:23:53.067+0000] {processor.py:208} INFO - Processing /home/airflow/.local/lib/python3.12/site-packages/airflow/example_dags/example_sla_dag.py took 0.056 seconds
[2025-11-14T15:24:23.786+0000] {processor.py:186} INFO - Started process (PID=3542) to work on /home/airflow/.local/lib/python3.12/site-packages/airflow/example_dags/example_sla_dag.py
[2025-11-14T15:24:23.787+0000] {processor.py:914} INFO - Processing file /home/airflow/.local/lib/python3.12/site-packages/airflow/example_dags/example_sla_dag.py for tasks to queue
[2025-11-14T15:24:23.789+0000] {logging_mixin.py:190} INFO - [2025-11-14T15:24:23.789+0000] {dagbag.py:588} INFO - Filling up the DagBag from /home/airflow/.local/lib/python3.12/site-packages/airflow/example_dags/example_sla_dag.py
[2025-11-14T15:24:23.797+0000] {processor.py:925} INFO - DAG(s) 'example_sla_dag' retrieved from /home/airflow/.local/lib/python3.12/site-packages/airflow/example_dags/example_sla_dag.py
[2025-11-14T15:24:23.811+0000] {logging_mixin.py:190} INFO - [2025-11-14T15:24:23.811+0000] {dag.py:3239} INFO - Sync 1 DAGs
[2025-11-14T15:24:23.837+0000] {logging_mixin.py:190} INFO - [2025-11-14T15:24:23.836+0000] {dag.py:4180} INFO - Setting next_dagrun for example_sla_dag to 2025-11-14 15:22:00+00:00, run_after=2025-11-14 15:24:00+00:00
[2025-11-14T15:24:23.850+0000] {processor.py:208} INFO - Processing /home/airflow/.local/lib/python3.12/site-packages/airflow/example_dags/example_sla_dag.py took 0.068 seconds
[2025-11-14T15:24:54.837+0000] {processor.py:186} INFO - Started process (PID=3607) to work on /home/airflow/.local/lib/python3.12/site-packages/airflow/example_dags/example_sla_dag.py
[2025-11-14T15:24:54.838+0000] {processor.py:914} INFO - Processing file /home/airflow/.local/lib/python3.12/site-packages/airflow/example_dags/example_sla_dag.py for tasks to queue
[2025-11-14T15:24:54.841+0000] {logging_mixin.py:190} INFO - [2025-11-14T15:24:54.840+0000] {dagbag.py:588} INFO - Filling up the DagBag from /home/airflow/.local/lib/python3.12/site-packages/airflow/example_dags/example_sla_dag.py
[2025-11-14T15:24:54.849+0000] {processor.py:925} INFO - DAG(s) 'example_sla_dag' retrieved from /home/airflow/.local/lib/python3.12/site-packages/airflow/example_dags/example_sla_dag.py
[2025-11-14T15:24:54.863+0000] {logging_mixin.py:190} INFO - [2025-11-14T15:24:54.862+0000] {dag.py:3239} INFO - Sync 1 DAGs
[2025-11-14T15:24:54.880+0000] {logging_mixin.py:190} INFO - [2025-11-14T15:24:54.879+0000] {dag.py:4180} INFO - Setting next_dagrun for example_sla_dag to 2025-11-14 15:22:00+00:00, run_after=2025-11-14 15:24:00+00:00
[2025-11-14T15:24:54.892+0000] {processor.py:208} INFO - Processing /home/airflow/.local/lib/python3.12/site-packages/airflow/example_dags/example_sla_dag.py took 0.060 seconds
[2025-11-14T15:25:25.730+0000] {processor.py:186} INFO - Started process (PID=3695) to work on /home/airflow/.local/lib/python3.12/site-packages/airflow/example_dags/example_sla_dag.py
[2025-11-14T15:25:25.731+0000] {processor.py:914} INFO - Processing file /home/airflow/.local/lib/python3.12/site-packages/airflow/example_dags/example_sla_dag.py for tasks to queue
[2025-11-14T15:25:25.734+0000] {logging_mixin.py:190} INFO - [2025-11-14T15:25:25.733+0000] {dagbag.py:588} INFO - Filling up the DagBag from /home/airflow/.local/lib/python3.12/site-packages/airflow/example_dags/example_sla_dag.py
[2025-11-14T15:25:25.742+0000] {processor.py:925} INFO - DAG(s) 'example_sla_dag' retrieved from /home/airflow/.local/lib/python3.12/site-packages/airflow/example_dags/example_sla_dag.py
[2025-11-14T15:25:25.756+0000] {logging_mixin.py:190} INFO - [2025-11-14T15:25:25.755+0000] {dag.py:3239} INFO - Sync 1 DAGs
[2025-11-14T15:25:25.771+0000] {logging_mixin.py:190} INFO - [2025-11-14T15:25:25.771+0000] {dag.py:4180} INFO - Setting next_dagrun for example_sla_dag to 2025-11-14 15:22:00+00:00, run_after=2025-11-14 15:24:00+00:00
[2025-11-14T15:25:25.785+0000] {processor.py:208} INFO - Processing /home/airflow/.local/lib/python3.12/site-packages/airflow/example_dags/example_sla_dag.py took 0.059 seconds
[2025-11-14T15:25:57.005+0000] {processor.py:186} INFO - Started process (PID=3761) to work on /home/airflow/.local/lib/python3.12/site-packages/airflow/example_dags/example_sla_dag.py
[2025-11-14T15:25:57.006+0000] {processor.py:914} INFO - Processing file /home/airflow/.local/lib/python3.12/site-packages/airflow/example_dags/example_sla_dag.py for tasks to queue
[2025-11-14T15:25:57.009+0000] {logging_mixin.py:190} INFO - [2025-11-14T15:25:57.008+0000] {dagbag.py:588} INFO - Filling up the DagBag from /home/airflow/.local/lib/python3.12/site-packages/airflow/example_dags/example_sla_dag.py
[2025-11-14T15:25:57.017+0000] {processor.py:925} INFO - DAG(s) 'example_sla_dag' retrieved from /home/airflow/.local/lib/python3.12/site-packages/airflow/example_dags/example_sla_dag.py
[2025-11-14T15:25:57.035+0000] {logging_mixin.py:190} INFO - [2025-11-14T15:25:57.035+0000] {dag.py:3239} INFO - Sync 1 DAGs
[2025-11-14T15:25:57.052+0000] {logging_mixin.py:190} INFO - [2025-11-14T15:25:57.052+0000] {dag.py:4180} INFO - Setting next_dagrun for example_sla_dag to 2025-11-14 15:22:00+00:00, run_after=2025-11-14 15:24:00+00:00
[2025-11-14T15:25:57.066+0000] {processor.py:208} INFO - Processing /home/airflow/.local/lib/python3.12/site-packages/airflow/example_dags/example_sla_dag.py took 0.067 seconds
[2025-11-14T15:26:28.405+0000] {processor.py:186} INFO - Started process (PID=3829) to work on /home/airflow/.local/lib/python3.12/site-packages/airflow/example_dags/example_sla_dag.py
[2025-11-14T15:26:28.406+0000] {processor.py:914} INFO - Processing file /home/airflow/.local/lib/python3.12/site-packages/airflow/example_dags/example_sla_dag.py for tasks to queue
[2025-11-14T15:26:28.408+0000] {logging_mixin.py:190} INFO - [2025-11-14T15:26:28.408+0000] {dagbag.py:588} INFO - Filling up the DagBag from /home/airflow/.local/lib/python3.12/site-packages/airflow/example_dags/example_sla_dag.py
[2025-11-14T15:26:28.416+0000] {processor.py:925} INFO - DAG(s) 'example_sla_dag' retrieved from /home/airflow/.local/lib/python3.12/site-packages/airflow/example_dags/example_sla_dag.py
[2025-11-14T15:26:28.430+0000] {logging_mixin.py:190} INFO - [2025-11-14T15:26:28.429+0000] {dag.py:3239} INFO - Sync 1 DAGs
[2025-11-14T15:26:28.446+0000] {logging_mixin.py:190} INFO - [2025-11-14T15:26:28.446+0000] {dag.py:4180} INFO - Setting next_dagrun for example_sla_dag to 2025-11-14 15:24:00+00:00, run_after=2025-11-14 15:26:00+00:00
[2025-11-14T15:26:28.458+0000] {processor.py:208} INFO - Processing /home/airflow/.local/lib/python3.12/site-packages/airflow/example_dags/example_sla_dag.py took 0.059 seconds
[2025-11-14T15:26:59.101+0000] {processor.py:186} INFO - Started process (PID=3894) to work on /home/airflow/.local/lib/python3.12/site-packages/airflow/example_dags/example_sla_dag.py
[2025-11-14T15:26:59.102+0000] {processor.py:914} INFO - Processing file /home/airflow/.local/lib/python3.12/site-packages/airflow/example_dags/example_sla_dag.py for tasks to queue
[2025-11-14T15:26:59.105+0000] {logging_mixin.py:190} INFO - [2025-11-14T15:26:59.104+0000] {dagbag.py:588} INFO - Filling up the DagBag from /home/airflow/.local/lib/python3.12/site-packages/airflow/example_dags/example_sla_dag.py
[2025-11-14T15:26:59.113+0000] {processor.py:925} INFO - DAG(s) 'example_sla_dag' retrieved from /home/airflow/.local/lib/python3.12/site-packages/airflow/example_dags/example_sla_dag.py
[2025-11-14T15:26:59.130+0000] {logging_mixin.py:190} INFO - [2025-11-14T15:26:59.130+0000] {dag.py:3239} INFO - Sync 1 DAGs
[2025-11-14T15:26:59.148+0000] {logging_mixin.py:190} INFO - [2025-11-14T15:26:59.148+0000] {dag.py:4180} INFO - Setting next_dagrun for example_sla_dag to 2025-11-14 15:24:00+00:00, run_after=2025-11-14 15:26:00+00:00
[2025-11-14T15:26:59.162+0000] {processor.py:208} INFO - Processing /home/airflow/.local/lib/python3.12/site-packages/airflow/example_dags/example_sla_dag.py took 0.067 seconds
[2025-11-14T15:27:31.255+0000] {processor.py:186} INFO - Started process (PID=3959) to work on /home/airflow/.local/lib/python3.12/site-packages/airflow/example_dags/example_sla_dag.py
[2025-11-14T15:27:31.256+0000] {processor.py:914} INFO - Processing file /home/airflow/.local/lib/python3.12/site-packages/airflow/example_dags/example_sla_dag.py for tasks to queue
[2025-11-14T15:27:31.261+0000] {logging_mixin.py:190} INFO - [2025-11-14T15:27:31.261+0000] {dagbag.py:588} INFO - Filling up the DagBag from /home/airflow/.local/lib/python3.12/site-packages/airflow/example_dags/example_sla_dag.py
[2025-11-14T15:27:31.271+0000] {processor.py:925} INFO - DAG(s) 'example_sla_dag' retrieved from /home/airflow/.local/lib/python3.12/site-packages/airflow/example_dags/example_sla_dag.py
[2025-11-14T15:27:31.289+0000] {logging_mixin.py:190} INFO - [2025-11-14T15:27:31.289+0000] {dag.py:3239} INFO - Sync 1 DAGs
[2025-11-14T15:27:31.310+0000] {logging_mixin.py:190} INFO - [2025-11-14T15:27:31.309+0000] {dag.py:4180} INFO - Setting next_dagrun for example_sla_dag to 2025-11-14 15:24:00+00:00, run_after=2025-11-14 15:26:00+00:00
[2025-11-14T15:27:31.446+0000] {processor.py:208} INFO - Processing /home/airflow/.local/lib/python3.12/site-packages/airflow/example_dags/example_sla_dag.py took 0.198 seconds
[2025-11-14T15:28:02.387+0000] {processor.py:186} INFO - Started process (PID=4024) to work on /home/airflow/.local/lib/python3.12/site-packages/airflow/example_dags/example_sla_dag.py
[2025-11-14T15:28:02.388+0000] {processor.py:914} INFO - Processing file /home/airflow/.local/lib/python3.12/site-packages/airflow/example_dags/example_sla_dag.py for tasks to queue
[2025-11-14T15:28:02.392+0000] {logging_mixin.py:190} INFO - [2025-11-14T15:28:02.391+0000] {dagbag.py:588} INFO - Filling up the DagBag from /home/airflow/.local/lib/python3.12/site-packages/airflow/example_dags/example_sla_dag.py
[2025-11-14T15:28:02.400+0000] {processor.py:925} INFO - DAG(s) 'example_sla_dag' retrieved from /home/airflow/.local/lib/python3.12/site-packages/airflow/example_dags/example_sla_dag.py
[2025-11-14T15:28:02.416+0000] {logging_mixin.py:190} INFO - [2025-11-14T15:28:02.416+0000] {dag.py:3239} INFO - Sync 1 DAGs
[2025-11-14T15:28:02.433+0000] {logging_mixin.py:190} INFO - [2025-11-14T15:28:02.433+0000] {dag.py:4180} INFO - Setting next_dagrun for example_sla_dag to 2025-11-14 15:26:00+00:00, run_after=2025-11-14 15:28:00+00:00
[2025-11-14T15:28:02.449+0000] {processor.py:208} INFO - Processing /home/airflow/.local/lib/python3.12/site-packages/airflow/example_dags/example_sla_dag.py took 0.068 seconds
[2025-11-14T15:29:15.700+0000] {processor.py:186} INFO - Started process (PID=81) to work on /home/airflow/.local/lib/python3.12/site-packages/airflow/example_dags/example_sla_dag.py
[2025-11-14T15:29:15.701+0000] {processor.py:914} INFO - Processing file /home/airflow/.local/lib/python3.12/site-packages/airflow/example_dags/example_sla_dag.py for tasks to queue
[2025-11-14T15:29:15.704+0000] {logging_mixin.py:190} INFO - [2025-11-14T15:29:15.703+0000] {dagbag.py:588} INFO - Filling up the DagBag from /home/airflow/.local/lib/python3.12/site-packages/airflow/example_dags/example_sla_dag.py
[2025-11-14T15:29:15.713+0000] {processor.py:925} INFO - DAG(s) 'example_sla_dag' retrieved from /home/airflow/.local/lib/python3.12/site-packages/airflow/example_dags/example_sla_dag.py
[2025-11-14T15:29:15.732+0000] {logging_mixin.py:190} INFO - [2025-11-14T15:29:15.732+0000] {dag.py:3239} INFO - Sync 1 DAGs
[2025-11-14T15:29:15.748+0000] {logging_mixin.py:190} INFO - [2025-11-14T15:29:15.748+0000] {dag.py:4180} INFO - Setting next_dagrun for example_sla_dag to 2025-11-14 15:26:00+00:00, run_after=2025-11-14 15:28:00+00:00
[2025-11-14T15:29:15.761+0000] {processor.py:208} INFO - Processing /home/airflow/.local/lib/python3.12/site-packages/airflow/example_dags/example_sla_dag.py took 0.065 seconds
[2025-11-14T15:29:46.989+0000] {processor.py:186} INFO - Started process (PID=151) to work on /home/airflow/.local/lib/python3.12/site-packages/airflow/example_dags/example_sla_dag.py
[2025-11-14T15:29:46.991+0000] {processor.py:914} INFO - Processing file /home/airflow/.local/lib/python3.12/site-packages/airflow/example_dags/example_sla_dag.py for tasks to queue
[2025-11-14T15:29:46.993+0000] {logging_mixin.py:190} INFO - [2025-11-14T15:29:46.993+0000] {dagbag.py:588} INFO - Filling up the DagBag from /home/airflow/.local/lib/python3.12/site-packages/airflow/example_dags/example_sla_dag.py
[2025-11-14T15:29:47.004+0000] {processor.py:925} INFO - DAG(s) 'example_sla_dag' retrieved from /home/airflow/.local/lib/python3.12/site-packages/airflow/example_dags/example_sla_dag.py
[2025-11-14T15:29:47.018+0000] {logging_mixin.py:190} INFO - [2025-11-14T15:29:47.018+0000] {dag.py:3239} INFO - Sync 1 DAGs
[2025-11-14T15:29:47.037+0000] {logging_mixin.py:190} INFO - [2025-11-14T15:29:47.037+0000] {dag.py:4180} INFO - Setting next_dagrun for example_sla_dag to 2025-11-14 15:26:00+00:00, run_after=2025-11-14 15:28:00+00:00
[2025-11-14T15:29:47.053+0000] {processor.py:208} INFO - Processing /home/airflow/.local/lib/python3.12/site-packages/airflow/example_dags/example_sla_dag.py took 0.068 seconds
[2025-11-14T15:30:18.507+0000] {processor.py:186} INFO - Started process (PID=216) to work on /home/airflow/.local/lib/python3.12/site-packages/airflow/example_dags/example_sla_dag.py
[2025-11-14T15:30:18.509+0000] {processor.py:914} INFO - Processing file /home/airflow/.local/lib/python3.12/site-packages/airflow/example_dags/example_sla_dag.py for tasks to queue
[2025-11-14T15:30:18.511+0000] {logging_mixin.py:190} INFO - [2025-11-14T15:30:18.511+0000] {dagbag.py:588} INFO - Filling up the DagBag from /home/airflow/.local/lib/python3.12/site-packages/airflow/example_dags/example_sla_dag.py
[2025-11-14T15:30:18.519+0000] {processor.py:925} INFO - DAG(s) 'example_sla_dag' retrieved from /home/airflow/.local/lib/python3.12/site-packages/airflow/example_dags/example_sla_dag.py
[2025-11-14T15:30:18.536+0000] {logging_mixin.py:190} INFO - [2025-11-14T15:30:18.536+0000] {dag.py:3239} INFO - Sync 1 DAGs
[2025-11-14T15:30:18.556+0000] {logging_mixin.py:190} INFO - [2025-11-14T15:30:18.555+0000] {dag.py:4180} INFO - Setting next_dagrun for example_sla_dag to 2025-11-14 15:28:00+00:00, run_after=2025-11-14 15:30:00+00:00
[2025-11-14T15:30:18.571+0000] {processor.py:208} INFO - Processing /home/airflow/.local/lib/python3.12/site-packages/airflow/example_dags/example_sla_dag.py took 0.069 seconds
[2025-11-14T15:30:49.021+0000] {processor.py:186} INFO - Started process (PID=281) to work on /home/airflow/.local/lib/python3.12/site-packages/airflow/example_dags/example_sla_dag.py
[2025-11-14T15:30:49.023+0000] {processor.py:914} INFO - Processing file /home/airflow/.local/lib/python3.12/site-packages/airflow/example_dags/example_sla_dag.py for tasks to queue
[2025-11-14T15:30:49.025+0000] {logging_mixin.py:190} INFO - [2025-11-14T15:30:49.025+0000] {dagbag.py:588} INFO - Filling up the DagBag from /home/airflow/.local/lib/python3.12/site-packages/airflow/example_dags/example_sla_dag.py
[2025-11-14T15:30:49.034+0000] {processor.py:925} INFO - DAG(s) 'example_sla_dag' retrieved from /home/airflow/.local/lib/python3.12/site-packages/airflow/example_dags/example_sla_dag.py
[2025-11-14T15:30:49.049+0000] {logging_mixin.py:190} INFO - [2025-11-14T15:30:49.049+0000] {dag.py:3239} INFO - Sync 1 DAGs
[2025-11-14T15:30:49.068+0000] {logging_mixin.py:190} INFO - [2025-11-14T15:30:49.068+0000] {dag.py:4180} INFO - Setting next_dagrun for example_sla_dag to 2025-11-14 15:28:00+00:00, run_after=2025-11-14 15:30:00+00:00
[2025-11-14T15:30:49.083+0000] {processor.py:208} INFO - Processing /home/airflow/.local/lib/python3.12/site-packages/airflow/example_dags/example_sla_dag.py took 0.067 seconds
[2025-11-14T15:31:19.648+0000] {processor.py:186} INFO - Started process (PID=346) to work on /home/airflow/.local/lib/python3.12/site-packages/airflow/example_dags/example_sla_dag.py
[2025-11-14T15:31:19.649+0000] {processor.py:914} INFO - Processing file /home/airflow/.local/lib/python3.12/site-packages/airflow/example_dags/example_sla_dag.py for tasks to queue
[2025-11-14T15:31:19.651+0000] {logging_mixin.py:190} INFO - [2025-11-14T15:31:19.651+0000] {dagbag.py:588} INFO - Filling up the DagBag from /home/airflow/.local/lib/python3.12/site-packages/airflow/example_dags/example_sla_dag.py
[2025-11-14T15:31:19.660+0000] {processor.py:925} INFO - DAG(s) 'example_sla_dag' retrieved from /home/airflow/.local/lib/python3.12/site-packages/airflow/example_dags/example_sla_dag.py
[2025-11-14T15:31:19.676+0000] {logging_mixin.py:190} INFO - [2025-11-14T15:31:19.676+0000] {dag.py:3239} INFO - Sync 1 DAGs
[2025-11-14T15:31:19.694+0000] {logging_mixin.py:190} INFO - [2025-11-14T15:31:19.693+0000] {dag.py:4180} INFO - Setting next_dagrun for example_sla_dag to 2025-11-14 15:28:00+00:00, run_after=2025-11-14 15:30:00+00:00
[2025-11-14T15:31:19.708+0000] {processor.py:208} INFO - Processing /home/airflow/.local/lib/python3.12/site-packages/airflow/example_dags/example_sla_dag.py took 0.065 seconds
[2025-11-14T15:31:51.248+0000] {processor.py:186} INFO - Started process (PID=411) to work on /home/airflow/.local/lib/python3.12/site-packages/airflow/example_dags/example_sla_dag.py
[2025-11-14T15:31:51.251+0000] {processor.py:914} INFO - Processing file /home/airflow/.local/lib/python3.12/site-packages/airflow/example_dags/example_sla_dag.py for tasks to queue
[2025-11-14T15:31:51.254+0000] {logging_mixin.py:190} INFO - [2025-11-14T15:31:51.254+0000] {dagbag.py:588} INFO - Filling up the DagBag from /home/airflow/.local/lib/python3.12/site-packages/airflow/example_dags/example_sla_dag.py
[2025-11-14T15:31:51.263+0000] {processor.py:925} INFO - DAG(s) 'example_sla_dag' retrieved from /home/airflow/.local/lib/python3.12/site-packages/airflow/example_dags/example_sla_dag.py
[2025-11-14T15:31:51.277+0000] {logging_mixin.py:190} INFO - [2025-11-14T15:31:51.277+0000] {dag.py:3239} INFO - Sync 1 DAGs
[2025-11-14T15:31:51.294+0000] {logging_mixin.py:190} INFO - [2025-11-14T15:31:51.294+0000] {dag.py:4180} INFO - Setting next_dagrun for example_sla_dag to 2025-11-14 15:28:00+00:00, run_after=2025-11-14 15:30:00+00:00
[2025-11-14T15:31:51.308+0000] {processor.py:208} INFO - Processing /home/airflow/.local/lib/python3.12/site-packages/airflow/example_dags/example_sla_dag.py took 0.064 seconds
[2025-11-14T15:32:22.663+0000] {processor.py:186} INFO - Started process (PID=476) to work on /home/airflow/.local/lib/python3.12/site-packages/airflow/example_dags/example_sla_dag.py
[2025-11-14T15:32:22.664+0000] {processor.py:914} INFO - Processing file /home/airflow/.local/lib/python3.12/site-packages/airflow/example_dags/example_sla_dag.py for tasks to queue
[2025-11-14T15:32:22.666+0000] {logging_mixin.py:190} INFO - [2025-11-14T15:32:22.666+0000] {dagbag.py:588} INFO - Filling up the DagBag from /home/airflow/.local/lib/python3.12/site-packages/airflow/example_dags/example_sla_dag.py
[2025-11-14T15:32:22.674+0000] {processor.py:925} INFO - DAG(s) 'example_sla_dag' retrieved from /home/airflow/.local/lib/python3.12/site-packages/airflow/example_dags/example_sla_dag.py
[2025-11-14T15:32:22.691+0000] {logging_mixin.py:190} INFO - [2025-11-14T15:32:22.691+0000] {dag.py:3239} INFO - Sync 1 DAGs
[2025-11-14T15:32:22.710+0000] {logging_mixin.py:190} INFO - [2025-11-14T15:32:22.710+0000] {dag.py:4180} INFO - Setting next_dagrun for example_sla_dag to 2025-11-14 15:30:00+00:00, run_after=2025-11-14 15:32:00+00:00
[2025-11-14T15:32:22.725+0000] {processor.py:208} INFO - Processing /home/airflow/.local/lib/python3.12/site-packages/airflow/example_dags/example_sla_dag.py took 0.067 seconds
[2025-11-14T15:32:54.172+0000] {processor.py:186} INFO - Started process (PID=541) to work on /home/airflow/.local/lib/python3.12/site-packages/airflow/example_dags/example_sla_dag.py
[2025-11-14T15:32:54.173+0000] {processor.py:914} INFO - Processing file /home/airflow/.local/lib/python3.12/site-packages/airflow/example_dags/example_sla_dag.py for tasks to queue
[2025-11-14T15:32:54.175+0000] {logging_mixin.py:190} INFO - [2025-11-14T15:32:54.175+0000] {dagbag.py:588} INFO - Filling up the DagBag from /home/airflow/.local/lib/python3.12/site-packages/airflow/example_dags/example_sla_dag.py
[2025-11-14T15:32:54.184+0000] {processor.py:925} INFO - DAG(s) 'example_sla_dag' retrieved from /home/airflow/.local/lib/python3.12/site-packages/airflow/example_dags/example_sla_dag.py
[2025-11-14T15:32:54.198+0000] {logging_mixin.py:190} INFO - [2025-11-14T15:32:54.198+0000] {dag.py:3239} INFO - Sync 1 DAGs
[2025-11-14T15:32:54.216+0000] {logging_mixin.py:190} INFO - [2025-11-14T15:32:54.216+0000] {dag.py:4180} INFO - Setting next_dagrun for example_sla_dag to 2025-11-14 15:30:00+00:00, run_after=2025-11-14 15:32:00+00:00
[2025-11-14T15:32:54.230+0000] {processor.py:208} INFO - Processing /home/airflow/.local/lib/python3.12/site-packages/airflow/example_dags/example_sla_dag.py took 0.063 seconds
[2025-11-14T15:33:25.413+0000] {processor.py:186} INFO - Started process (PID=606) to work on /home/airflow/.local/lib/python3.12/site-packages/airflow/example_dags/example_sla_dag.py
[2025-11-14T15:33:25.415+0000] {processor.py:914} INFO - Processing file /home/airflow/.local/lib/python3.12/site-packages/airflow/example_dags/example_sla_dag.py for tasks to queue
[2025-11-14T15:33:25.417+0000] {logging_mixin.py:190} INFO - [2025-11-14T15:33:25.417+0000] {dagbag.py:588} INFO - Filling up the DagBag from /home/airflow/.local/lib/python3.12/site-packages/airflow/example_dags/example_sla_dag.py
[2025-11-14T15:33:25.426+0000] {processor.py:925} INFO - DAG(s) 'example_sla_dag' retrieved from /home/airflow/.local/lib/python3.12/site-packages/airflow/example_dags/example_sla_dag.py
[2025-11-14T15:33:25.441+0000] {logging_mixin.py:190} INFO - [2025-11-14T15:33:25.441+0000] {dag.py:3239} INFO - Sync 1 DAGs
[2025-11-14T15:33:25.459+0000] {logging_mixin.py:190} INFO - [2025-11-14T15:33:25.459+0000] {dag.py:4180} INFO - Setting next_dagrun for example_sla_dag to 2025-11-14 15:30:00+00:00, run_after=2025-11-14 15:32:00+00:00
[2025-11-14T15:33:25.474+0000] {processor.py:208} INFO - Processing /home/airflow/.local/lib/python3.12/site-packages/airflow/example_dags/example_sla_dag.py took 0.066 seconds
[2025-11-14T15:33:56.148+0000] {processor.py:186} INFO - Started process (PID=671) to work on /home/airflow/.local/lib/python3.12/site-packages/airflow/example_dags/example_sla_dag.py
[2025-11-14T15:33:56.149+0000] {processor.py:914} INFO - Processing file /home/airflow/.local/lib/python3.12/site-packages/airflow/example_dags/example_sla_dag.py for tasks to queue
[2025-11-14T15:33:56.152+0000] {logging_mixin.py:190} INFO - [2025-11-14T15:33:56.151+0000] {dagbag.py:588} INFO - Filling up the DagBag from /home/airflow/.local/lib/python3.12/site-packages/airflow/example_dags/example_sla_dag.py
[2025-11-14T15:33:56.159+0000] {processor.py:925} INFO - DAG(s) 'example_sla_dag' retrieved from /home/airflow/.local/lib/python3.12/site-packages/airflow/example_dags/example_sla_dag.py
[2025-11-14T15:33:55.748+0000] {logging_mixin.py:190} INFO - [2025-11-14T15:33:55.748+0000] {dag.py:3239} INFO - Sync 1 DAGs
[2025-11-14T15:33:55.767+0000] {logging_mixin.py:190} INFO - [2025-11-14T15:33:55.767+0000] {dag.py:4180} INFO - Setting next_dagrun for example_sla_dag to 2025-11-14 15:30:00+00:00, run_after=2025-11-14 15:32:00+00:00
[2025-11-14T15:33:55.780+0000] {processor.py:208} INFO - Processing /home/airflow/.local/lib/python3.12/site-packages/airflow/example_dags/example_sla_dag.py took 0.063 seconds
[2025-11-14T15:34:26.696+0000] {processor.py:186} INFO - Started process (PID=729) to work on /home/airflow/.local/lib/python3.12/site-packages/airflow/example_dags/example_sla_dag.py
[2025-11-14T15:34:26.697+0000] {processor.py:914} INFO - Processing file /home/airflow/.local/lib/python3.12/site-packages/airflow/example_dags/example_sla_dag.py for tasks to queue
[2025-11-14T15:34:26.700+0000] {logging_mixin.py:190} INFO - [2025-11-14T15:34:26.700+0000] {dagbag.py:588} INFO - Filling up the DagBag from /home/airflow/.local/lib/python3.12/site-packages/airflow/example_dags/example_sla_dag.py
[2025-11-14T15:34:26.710+0000] {processor.py:925} INFO - DAG(s) 'example_sla_dag' retrieved from /home/airflow/.local/lib/python3.12/site-packages/airflow/example_dags/example_sla_dag.py
[2025-11-14T15:34:26.725+0000] {logging_mixin.py:190} INFO - [2025-11-14T15:34:26.725+0000] {dag.py:3239} INFO - Sync 1 DAGs
[2025-11-14T15:34:26.746+0000] {logging_mixin.py:190} INFO - [2025-11-14T15:34:26.746+0000] {dag.py:4180} INFO - Setting next_dagrun for example_sla_dag to 2025-11-14 15:32:00+00:00, run_after=2025-11-14 15:34:00+00:00
[2025-11-14T15:34:26.761+0000] {processor.py:208} INFO - Processing /home/airflow/.local/lib/python3.12/site-packages/airflow/example_dags/example_sla_dag.py took 0.070 seconds
[2025-11-14T15:34:57.065+0000] {processor.py:186} INFO - Started process (PID=794) to work on /home/airflow/.local/lib/python3.12/site-packages/airflow/example_dags/example_sla_dag.py
[2025-11-14T15:34:57.066+0000] {processor.py:914} INFO - Processing file /home/airflow/.local/lib/python3.12/site-packages/airflow/example_dags/example_sla_dag.py for tasks to queue
[2025-11-14T15:34:57.069+0000] {logging_mixin.py:190} INFO - [2025-11-14T15:34:57.068+0000] {dagbag.py:588} INFO - Filling up the DagBag from /home/airflow/.local/lib/python3.12/site-packages/airflow/example_dags/example_sla_dag.py
[2025-11-14T15:34:57.077+0000] {processor.py:925} INFO - DAG(s) 'example_sla_dag' retrieved from /home/airflow/.local/lib/python3.12/site-packages/airflow/example_dags/example_sla_dag.py
[2025-11-14T15:34:57.092+0000] {logging_mixin.py:190} INFO - [2025-11-14T15:34:57.092+0000] {dag.py:3239} INFO - Sync 1 DAGs
[2025-11-14T15:34:57.109+0000] {logging_mixin.py:190} INFO - [2025-11-14T15:34:57.109+0000] {dag.py:4180} INFO - Setting next_dagrun for example_sla_dag to 2025-11-14 15:32:00+00:00, run_after=2025-11-14 15:34:00+00:00
[2025-11-14T15:34:57.123+0000] {processor.py:208} INFO - Processing /home/airflow/.local/lib/python3.12/site-packages/airflow/example_dags/example_sla_dag.py took 0.062 seconds
[2025-11-14T15:35:27.728+0000] {processor.py:186} INFO - Started process (PID=860) to work on /home/airflow/.local/lib/python3.12/site-packages/airflow/example_dags/example_sla_dag.py
[2025-11-14T15:35:27.730+0000] {processor.py:914} INFO - Processing file /home/airflow/.local/lib/python3.12/site-packages/airflow/example_dags/example_sla_dag.py for tasks to queue
[2025-11-14T15:35:27.732+0000] {logging_mixin.py:190} INFO - [2025-11-14T15:35:27.732+0000] {dagbag.py:588} INFO - Filling up the DagBag from /home/airflow/.local/lib/python3.12/site-packages/airflow/example_dags/example_sla_dag.py
[2025-11-14T15:35:27.740+0000] {processor.py:925} INFO - DAG(s) 'example_sla_dag' retrieved from /home/airflow/.local/lib/python3.12/site-packages/airflow/example_dags/example_sla_dag.py
[2025-11-14T15:35:27.755+0000] {logging_mixin.py:190} INFO - [2025-11-14T15:35:27.755+0000] {dag.py:3239} INFO - Sync 1 DAGs
[2025-11-14T15:35:27.774+0000] {logging_mixin.py:190} INFO - [2025-11-14T15:35:27.774+0000] {dag.py:4180} INFO - Setting next_dagrun for example_sla_dag to 2025-11-14 15:32:00+00:00, run_after=2025-11-14 15:34:00+00:00
[2025-11-14T15:35:27.790+0000] {processor.py:208} INFO - Processing /home/airflow/.local/lib/python3.12/site-packages/airflow/example_dags/example_sla_dag.py took 0.067 seconds
[2025-11-14T15:35:58.333+0000] {processor.py:186} INFO - Started process (PID=925) to work on /home/airflow/.local/lib/python3.12/site-packages/airflow/example_dags/example_sla_dag.py
[2025-11-14T15:35:58.334+0000] {processor.py:914} INFO - Processing file /home/airflow/.local/lib/python3.12/site-packages/airflow/example_dags/example_sla_dag.py for tasks to queue
[2025-11-14T15:35:58.337+0000] {logging_mixin.py:190} INFO - [2025-11-14T15:35:58.336+0000] {dagbag.py:588} INFO - Filling up the DagBag from /home/airflow/.local/lib/python3.12/site-packages/airflow/example_dags/example_sla_dag.py
[2025-11-14T15:35:58.346+0000] {processor.py:925} INFO - DAG(s) 'example_sla_dag' retrieved from /home/airflow/.local/lib/python3.12/site-packages/airflow/example_dags/example_sla_dag.py
[2025-11-14T15:35:58.362+0000] {logging_mixin.py:190} INFO - [2025-11-14T15:35:58.361+0000] {dag.py:3239} INFO - Sync 1 DAGs
[2025-11-14T15:35:58.379+0000] {logging_mixin.py:190} INFO - [2025-11-14T15:35:58.379+0000] {dag.py:4180} INFO - Setting next_dagrun for example_sla_dag to 2025-11-14 15:32:00+00:00, run_after=2025-11-14 15:34:00+00:00
[2025-11-14T15:35:58.392+0000] {processor.py:208} INFO - Processing /home/airflow/.local/lib/python3.12/site-packages/airflow/example_dags/example_sla_dag.py took 0.064 seconds
[2025-11-14T15:36:29.471+0000] {processor.py:186} INFO - Started process (PID=995) to work on /home/airflow/.local/lib/python3.12/site-packages/airflow/example_dags/example_sla_dag.py
[2025-11-14T15:36:29.472+0000] {processor.py:914} INFO - Processing file /home/airflow/.local/lib/python3.12/site-packages/airflow/example_dags/example_sla_dag.py for tasks to queue
[2025-11-14T15:36:29.473+0000] {logging_mixin.py:190} INFO - [2025-11-14T15:36:29.473+0000] {dagbag.py:588} INFO - Filling up the DagBag from /home/airflow/.local/lib/python3.12/site-packages/airflow/example_dags/example_sla_dag.py
[2025-11-14T15:36:29.483+0000] {processor.py:925} INFO - DAG(s) 'example_sla_dag' retrieved from /home/airflow/.local/lib/python3.12/site-packages/airflow/example_dags/example_sla_dag.py
[2025-11-14T15:36:29.497+0000] {logging_mixin.py:190} INFO - [2025-11-14T15:36:29.497+0000] {dag.py:3239} INFO - Sync 1 DAGs
[2025-11-14T15:36:29.515+0000] {logging_mixin.py:190} INFO - [2025-11-14T15:36:29.515+0000] {dag.py:4180} INFO - Setting next_dagrun for example_sla_dag to 2025-11-14 15:34:00+00:00, run_after=2025-11-14 15:36:00+00:00
[2025-11-14T15:36:29.531+0000] {processor.py:208} INFO - Processing /home/airflow/.local/lib/python3.12/site-packages/airflow/example_dags/example_sla_dag.py took 0.065 seconds
[2025-11-14T15:37:00.161+0000] {processor.py:186} INFO - Started process (PID=1062) to work on /home/airflow/.local/lib/python3.12/site-packages/airflow/example_dags/example_sla_dag.py
[2025-11-14T15:37:00.162+0000] {processor.py:914} INFO - Processing file /home/airflow/.local/lib/python3.12/site-packages/airflow/example_dags/example_sla_dag.py for tasks to queue
[2025-11-14T15:37:00.163+0000] {logging_mixin.py:190} INFO - [2025-11-14T15:37:00.163+0000] {dagbag.py:588} INFO - Filling up the DagBag from /home/airflow/.local/lib/python3.12/site-packages/airflow/example_dags/example_sla_dag.py
[2025-11-14T15:37:00.172+0000] {processor.py:925} INFO - DAG(s) 'example_sla_dag' retrieved from /home/airflow/.local/lib/python3.12/site-packages/airflow/example_dags/example_sla_dag.py
[2025-11-14T15:37:00.189+0000] {logging_mixin.py:190} INFO - [2025-11-14T15:37:00.189+0000] {dag.py:3239} INFO - Sync 1 DAGs
[2025-11-14T15:37:00.208+0000] {logging_mixin.py:190} INFO - [2025-11-14T15:37:00.208+0000] {dag.py:4180} INFO - Setting next_dagrun for example_sla_dag to 2025-11-14 15:34:00+00:00, run_after=2025-11-14 15:36:00+00:00
[2025-11-14T15:37:00.223+0000] {processor.py:208} INFO - Processing /home/airflow/.local/lib/python3.12/site-packages/airflow/example_dags/example_sla_dag.py took 0.067 seconds
[2025-11-14T15:37:31.294+0000] {processor.py:186} INFO - Started process (PID=1127) to work on /home/airflow/.local/lib/python3.12/site-packages/airflow/example_dags/example_sla_dag.py
[2025-11-14T15:37:31.296+0000] {processor.py:914} INFO - Processing file /home/airflow/.local/lib/python3.12/site-packages/airflow/example_dags/example_sla_dag.py for tasks to queue
[2025-11-14T15:37:31.297+0000] {logging_mixin.py:190} INFO - [2025-11-14T15:37:31.297+0000] {dagbag.py:588} INFO - Filling up the DagBag from /home/airflow/.local/lib/python3.12/site-packages/airflow/example_dags/example_sla_dag.py
[2025-11-14T15:37:31.305+0000] {processor.py:925} INFO - DAG(s) 'example_sla_dag' retrieved from /home/airflow/.local/lib/python3.12/site-packages/airflow/example_dags/example_sla_dag.py
[2025-11-14T15:37:31.321+0000] {logging_mixin.py:190} INFO - [2025-11-14T15:37:31.321+0000] {dag.py:3239} INFO - Sync 1 DAGs
[2025-11-14T15:37:31.340+0000] {logging_mixin.py:190} INFO - [2025-11-14T15:37:31.340+0000] {dag.py:4180} INFO - Setting next_dagrun for example_sla_dag to 2025-11-14 15:34:00+00:00, run_after=2025-11-14 15:36:00+00:00
[2025-11-14T15:37:31.353+0000] {processor.py:208} INFO - Processing /home/airflow/.local/lib/python3.12/site-packages/airflow/example_dags/example_sla_dag.py took 0.064 seconds
[2025-11-14T15:38:01.947+0000] {processor.py:186} INFO - Started process (PID=1192) to work on /home/airflow/.local/lib/python3.12/site-packages/airflow/example_dags/example_sla_dag.py
[2025-11-14T15:38:01.948+0000] {processor.py:914} INFO - Processing file /home/airflow/.local/lib/python3.12/site-packages/airflow/example_dags/example_sla_dag.py for tasks to queue
[2025-11-14T15:38:01.950+0000] {logging_mixin.py:190} INFO - [2025-11-14T15:38:01.950+0000] {dagbag.py:588} INFO - Filling up the DagBag from /home/airflow/.local/lib/python3.12/site-packages/airflow/example_dags/example_sla_dag.py
[2025-11-14T15:38:01.958+0000] {processor.py:925} INFO - DAG(s) 'example_sla_dag' retrieved from /home/airflow/.local/lib/python3.12/site-packages/airflow/example_dags/example_sla_dag.py
[2025-11-14T15:38:01.974+0000] {logging_mixin.py:190} INFO - [2025-11-14T15:38:01.973+0000] {dag.py:3239} INFO - Sync 1 DAGs
[2025-11-14T15:38:01.993+0000] {logging_mixin.py:190} INFO - [2025-11-14T15:38:01.993+0000] {dag.py:4180} INFO - Setting next_dagrun for example_sla_dag to 2025-11-14 15:36:00+00:00, run_after=2025-11-14 15:38:00+00:00
[2025-11-14T15:38:02.007+0000] {processor.py:208} INFO - Processing /home/airflow/.local/lib/python3.12/site-packages/airflow/example_dags/example_sla_dag.py took 0.065 seconds
[2025-11-14T15:38:32.573+0000] {processor.py:186} INFO - Started process (PID=1263) to work on /home/airflow/.local/lib/python3.12/site-packages/airflow/example_dags/example_sla_dag.py
[2025-11-14T15:38:32.574+0000] {processor.py:914} INFO - Processing file /home/airflow/.local/lib/python3.12/site-packages/airflow/example_dags/example_sla_dag.py for tasks to queue
[2025-11-14T15:38:32.575+0000] {logging_mixin.py:190} INFO - [2025-11-14T15:38:32.575+0000] {dagbag.py:588} INFO - Filling up the DagBag from /home/airflow/.local/lib/python3.12/site-packages/airflow/example_dags/example_sla_dag.py
[2025-11-14T15:38:32.583+0000] {processor.py:925} INFO - DAG(s) 'example_sla_dag' retrieved from /home/airflow/.local/lib/python3.12/site-packages/airflow/example_dags/example_sla_dag.py
[2025-11-14T15:38:32.599+0000] {logging_mixin.py:190} INFO - [2025-11-14T15:38:32.599+0000] {dag.py:3239} INFO - Sync 1 DAGs
[2025-11-14T15:38:32.618+0000] {logging_mixin.py:190} INFO - [2025-11-14T15:38:32.618+0000] {dag.py:4180} INFO - Setting next_dagrun for example_sla_dag to 2025-11-14 15:36:00+00:00, run_after=2025-11-14 15:38:00+00:00
[2025-11-14T15:38:32.632+0000] {processor.py:208} INFO - Processing /home/airflow/.local/lib/python3.12/site-packages/airflow/example_dags/example_sla_dag.py took 0.064 seconds
[2025-11-14T15:39:03.778+0000] {processor.py:186} INFO - Started process (PID=1328) to work on /home/airflow/.local/lib/python3.12/site-packages/airflow/example_dags/example_sla_dag.py
[2025-11-14T15:39:03.780+0000] {processor.py:914} INFO - Processing file /home/airflow/.local/lib/python3.12/site-packages/airflow/example_dags/example_sla_dag.py for tasks to queue
[2025-11-14T15:39:03.781+0000] {logging_mixin.py:190} INFO - [2025-11-14T15:39:03.781+0000] {dagbag.py:588} INFO - Filling up the DagBag from /home/airflow/.local/lib/python3.12/site-packages/airflow/example_dags/example_sla_dag.py
[2025-11-14T15:39:03.789+0000] {processor.py:925} INFO - DAG(s) 'example_sla_dag' retrieved from /home/airflow/.local/lib/python3.12/site-packages/airflow/example_dags/example_sla_dag.py
[2025-11-14T15:39:03.803+0000] {logging_mixin.py:190} INFO - [2025-11-14T15:39:03.803+0000] {dag.py:3239} INFO - Sync 1 DAGs
[2025-11-14T15:39:03.821+0000] {logging_mixin.py:190} INFO - [2025-11-14T15:39:03.821+0000] {dag.py:4180} INFO - Setting next_dagrun for example_sla_dag to 2025-11-14 15:36:00+00:00, run_after=2025-11-14 15:38:00+00:00
[2025-11-14T15:39:03.833+0000] {processor.py:208} INFO - Processing /home/airflow/.local/lib/python3.12/site-packages/airflow/example_dags/example_sla_dag.py took 0.059 seconds
[2025-11-14T15:39:34.577+0000] {processor.py:186} INFO - Started process (PID=1393) to work on /home/airflow/.local/lib/python3.12/site-packages/airflow/example_dags/example_sla_dag.py
[2025-11-14T15:39:34.579+0000] {processor.py:914} INFO - Processing file /home/airflow/.local/lib/python3.12/site-packages/airflow/example_dags/example_sla_dag.py for tasks to queue
[2025-11-14T15:39:34.580+0000] {logging_mixin.py:190} INFO - [2025-11-14T15:39:34.580+0000] {dagbag.py:588} INFO - Filling up the DagBag from /home/airflow/.local/lib/python3.12/site-packages/airflow/example_dags/example_sla_dag.py
[2025-11-14T15:39:34.589+0000] {processor.py:925} INFO - DAG(s) 'example_sla_dag' retrieved from /home/airflow/.local/lib/python3.12/site-packages/airflow/example_dags/example_sla_dag.py
[2025-11-14T15:39:34.605+0000] {logging_mixin.py:190} INFO - [2025-11-14T15:39:34.605+0000] {dag.py:3239} INFO - Sync 1 DAGs
[2025-11-14T15:39:34.625+0000] {logging_mixin.py:190} INFO - [2025-11-14T15:39:34.625+0000] {dag.py:4180} INFO - Setting next_dagrun for example_sla_dag to 2025-11-14 15:36:00+00:00, run_after=2025-11-14 15:38:00+00:00
[2025-11-14T15:39:34.640+0000] {processor.py:208} INFO - Processing /home/airflow/.local/lib/python3.12/site-packages/airflow/example_dags/example_sla_dag.py took 0.068 seconds
[2025-11-14T15:40:05.891+0000] {processor.py:186} INFO - Started process (PID=1458) to work on /home/airflow/.local/lib/python3.12/site-packages/airflow/example_dags/example_sla_dag.py
[2025-11-14T15:40:05.892+0000] {processor.py:914} INFO - Processing file /home/airflow/.local/lib/python3.12/site-packages/airflow/example_dags/example_sla_dag.py for tasks to queue
[2025-11-14T15:40:05.893+0000] {logging_mixin.py:190} INFO - [2025-11-14T15:40:05.893+0000] {dagbag.py:588} INFO - Filling up the DagBag from /home/airflow/.local/lib/python3.12/site-packages/airflow/example_dags/example_sla_dag.py
[2025-11-14T15:40:05.902+0000] {processor.py:925} INFO - DAG(s) 'example_sla_dag' retrieved from /home/airflow/.local/lib/python3.12/site-packages/airflow/example_dags/example_sla_dag.py
[2025-11-14T15:40:05.918+0000] {logging_mixin.py:190} INFO - [2025-11-14T15:40:05.918+0000] {dag.py:3239} INFO - Sync 1 DAGs
[2025-11-14T15:40:05.942+0000] {logging_mixin.py:190} INFO - [2025-11-14T15:40:05.942+0000] {dag.py:4180} INFO - Setting next_dagrun for example_sla_dag to 2025-11-14 15:38:00+00:00, run_after=2025-11-14 15:40:00+00:00
[2025-11-14T15:40:05.963+0000] {processor.py:208} INFO - Processing /home/airflow/.local/lib/python3.12/site-packages/airflow/example_dags/example_sla_dag.py took 0.077 seconds
[2025-11-14T15:40:37.573+0000] {processor.py:186} INFO - Started process (PID=1523) to work on /home/airflow/.local/lib/python3.12/site-packages/airflow/example_dags/example_sla_dag.py
[2025-11-14T15:40:37.574+0000] {processor.py:914} INFO - Processing file /home/airflow/.local/lib/python3.12/site-packages/airflow/example_dags/example_sla_dag.py for tasks to queue
[2025-11-14T15:40:37.576+0000] {logging_mixin.py:190} INFO - [2025-11-14T15:40:37.576+0000] {dagbag.py:588} INFO - Filling up the DagBag from /home/airflow/.local/lib/python3.12/site-packages/airflow/example_dags/example_sla_dag.py
[2025-11-14T15:40:37.585+0000] {processor.py:925} INFO - DAG(s) 'example_sla_dag' retrieved from /home/airflow/.local/lib/python3.12/site-packages/airflow/example_dags/example_sla_dag.py
[2025-11-14T15:40:37.603+0000] {logging_mixin.py:190} INFO - [2025-11-14T15:40:37.603+0000] {dag.py:3239} INFO - Sync 1 DAGs
[2025-11-14T15:40:37.622+0000] {logging_mixin.py:190} INFO - [2025-11-14T15:40:37.622+0000] {dag.py:4180} INFO - Setting next_dagrun for example_sla_dag to 2025-11-14 15:38:00+00:00, run_after=2025-11-14 15:40:00+00:00
[2025-11-14T15:40:37.636+0000] {processor.py:208} INFO - Processing /home/airflow/.local/lib/python3.12/site-packages/airflow/example_dags/example_sla_dag.py took 0.069 seconds
[2025-11-14T15:41:08.868+0000] {processor.py:186} INFO - Started process (PID=1588) to work on /home/airflow/.local/lib/python3.12/site-packages/airflow/example_dags/example_sla_dag.py
[2025-11-14T15:41:08.869+0000] {processor.py:914} INFO - Processing file /home/airflow/.local/lib/python3.12/site-packages/airflow/example_dags/example_sla_dag.py for tasks to queue
[2025-11-14T15:41:08.871+0000] {logging_mixin.py:190} INFO - [2025-11-14T15:41:08.871+0000] {dagbag.py:588} INFO - Filling up the DagBag from /home/airflow/.local/lib/python3.12/site-packages/airflow/example_dags/example_sla_dag.py
[2025-11-14T15:41:08.879+0000] {processor.py:925} INFO - DAG(s) 'example_sla_dag' retrieved from /home/airflow/.local/lib/python3.12/site-packages/airflow/example_dags/example_sla_dag.py
[2025-11-14T15:41:08.894+0000] {logging_mixin.py:190} INFO - [2025-11-14T15:41:08.893+0000] {dag.py:3239} INFO - Sync 1 DAGs
[2025-11-14T15:41:08.912+0000] {logging_mixin.py:190} INFO - [2025-11-14T15:41:08.912+0000] {dag.py:4180} INFO - Setting next_dagrun for example_sla_dag to 2025-11-14 15:38:00+00:00, run_after=2025-11-14 15:40:00+00:00
[2025-11-14T15:41:08.925+0000] {processor.py:208} INFO - Processing /home/airflow/.local/lib/python3.12/site-packages/airflow/example_dags/example_sla_dag.py took 0.063 seconds
[2025-11-14T15:41:39.960+0000] {processor.py:186} INFO - Started process (PID=1652) to work on /home/airflow/.local/lib/python3.12/site-packages/airflow/example_dags/example_sla_dag.py
[2025-11-14T15:41:39.961+0000] {processor.py:914} INFO - Processing file /home/airflow/.local/lib/python3.12/site-packages/airflow/example_dags/example_sla_dag.py for tasks to queue
[2025-11-14T15:41:39.963+0000] {logging_mixin.py:190} INFO - [2025-11-14T15:41:39.963+0000] {dagbag.py:588} INFO - Filling up the DagBag from /home/airflow/.local/lib/python3.12/site-packages/airflow/example_dags/example_sla_dag.py
[2025-11-14T15:41:39.972+0000] {processor.py:925} INFO - DAG(s) 'example_sla_dag' retrieved from /home/airflow/.local/lib/python3.12/site-packages/airflow/example_dags/example_sla_dag.py
[2025-11-14T15:41:39.986+0000] {logging_mixin.py:190} INFO - [2025-11-14T15:41:39.986+0000] {dag.py:3239} INFO - Sync 1 DAGs
[2025-11-14T15:41:40.004+0000] {logging_mixin.py:190} INFO - [2025-11-14T15:41:40.004+0000] {dag.py:4180} INFO - Setting next_dagrun for example_sla_dag to 2025-11-14 15:38:00+00:00, run_after=2025-11-14 15:40:00+00:00
[2025-11-14T15:41:40.018+0000] {processor.py:208} INFO - Processing /home/airflow/.local/lib/python3.12/site-packages/airflow/example_dags/example_sla_dag.py took 0.062 seconds
[2025-11-14T15:42:10.570+0000] {processor.py:186} INFO - Started process (PID=1717) to work on /home/airflow/.local/lib/python3.12/site-packages/airflow/example_dags/example_sla_dag.py
[2025-11-14T15:42:10.571+0000] {processor.py:914} INFO - Processing file /home/airflow/.local/lib/python3.12/site-packages/airflow/example_dags/example_sla_dag.py for tasks to queue
[2025-11-14T15:42:10.573+0000] {logging_mixin.py:190} INFO - [2025-11-14T15:42:10.573+0000] {dagbag.py:588} INFO - Filling up the DagBag from /home/airflow/.local/lib/python3.12/site-packages/airflow/example_dags/example_sla_dag.py
[2025-11-14T15:42:10.581+0000] {processor.py:925} INFO - DAG(s) 'example_sla_dag' retrieved from /home/airflow/.local/lib/python3.12/site-packages/airflow/example_dags/example_sla_dag.py
[2025-11-14T15:42:10.600+0000] {logging_mixin.py:190} INFO - [2025-11-14T15:42:10.600+0000] {dag.py:3239} INFO - Sync 1 DAGs
[2025-11-14T15:42:10.619+0000] {logging_mixin.py:190} INFO - [2025-11-14T15:42:10.619+0000] {dag.py:4180} INFO - Setting next_dagrun for example_sla_dag to 2025-11-14 15:40:00+00:00, run_after=2025-11-14 15:42:00+00:00
[2025-11-14T15:42:10.633+0000] {processor.py:208} INFO - Processing /home/airflow/.local/lib/python3.12/site-packages/airflow/example_dags/example_sla_dag.py took 0.067 seconds
[2025-11-14T15:42:42.029+0000] {processor.py:186} INFO - Started process (PID=1783) to work on /home/airflow/.local/lib/python3.12/site-packages/airflow/example_dags/example_sla_dag.py
[2025-11-14T15:42:42.030+0000] {processor.py:914} INFO - Processing file /home/airflow/.local/lib/python3.12/site-packages/airflow/example_dags/example_sla_dag.py for tasks to queue
[2025-11-14T15:42:42.031+0000] {logging_mixin.py:190} INFO - [2025-11-14T15:42:42.031+0000] {dagbag.py:588} INFO - Filling up the DagBag from /home/airflow/.local/lib/python3.12/site-packages/airflow/example_dags/example_sla_dag.py
[2025-11-14T15:42:42.039+0000] {processor.py:925} INFO - DAG(s) 'example_sla_dag' retrieved from /home/airflow/.local/lib/python3.12/site-packages/airflow/example_dags/example_sla_dag.py
[2025-11-14T15:42:42.052+0000] {logging_mixin.py:190} INFO - [2025-11-14T15:42:42.052+0000] {dag.py:3239} INFO - Sync 1 DAGs
[2025-11-14T15:42:42.069+0000] {logging_mixin.py:190} INFO - [2025-11-14T15:42:42.069+0000] {dag.py:4180} INFO - Setting next_dagrun for example_sla_dag to 2025-11-14 15:40:00+00:00, run_after=2025-11-14 15:42:00+00:00
[2025-11-14T15:42:42.082+0000] {processor.py:208} INFO - Processing /home/airflow/.local/lib/python3.12/site-packages/airflow/example_dags/example_sla_dag.py took 0.057 seconds
[2025-11-14T15:43:26.024+0000] {processor.py:186} INFO - Started process (PID=82) to work on /home/airflow/.local/lib/python3.12/site-packages/airflow/example_dags/example_sla_dag.py
[2025-11-14T15:43:26.026+0000] {processor.py:914} INFO - Processing file /home/airflow/.local/lib/python3.12/site-packages/airflow/example_dags/example_sla_dag.py for tasks to queue
[2025-11-14T15:43:26.028+0000] {logging_mixin.py:190} INFO - [2025-11-14T15:43:26.027+0000] {dagbag.py:588} INFO - Filling up the DagBag from /home/airflow/.local/lib/python3.12/site-packages/airflow/example_dags/example_sla_dag.py
[2025-11-14T15:43:26.040+0000] {processor.py:925} INFO - DAG(s) 'example_sla_dag' retrieved from /home/airflow/.local/lib/python3.12/site-packages/airflow/example_dags/example_sla_dag.py
[2025-11-14T15:43:26.064+0000] {logging_mixin.py:190} INFO - [2025-11-14T15:43:26.064+0000] {dag.py:3239} INFO - Sync 1 DAGs
[2025-11-14T15:43:26.095+0000] {logging_mixin.py:190} INFO - [2025-11-14T15:43:26.094+0000] {dag.py:4180} INFO - Setting next_dagrun for example_sla_dag to 2025-11-14 15:40:00+00:00, run_after=2025-11-14 15:42:00+00:00
[2025-11-14T15:43:26.114+0000] {processor.py:208} INFO - Processing /home/airflow/.local/lib/python3.12/site-packages/airflow/example_dags/example_sla_dag.py took 0.096 seconds
[2025-11-14T15:43:56.786+0000] {processor.py:186} INFO - Started process (PID=147) to work on /home/airflow/.local/lib/python3.12/site-packages/airflow/example_dags/example_sla_dag.py
[2025-11-14T15:43:56.787+0000] {processor.py:914} INFO - Processing file /home/airflow/.local/lib/python3.12/site-packages/airflow/example_dags/example_sla_dag.py for tasks to queue
[2025-11-14T15:43:56.793+0000] {logging_mixin.py:190} INFO - [2025-11-14T15:43:56.792+0000] {dagbag.py:588} INFO - Filling up the DagBag from /home/airflow/.local/lib/python3.12/site-packages/airflow/example_dags/example_sla_dag.py
[2025-11-14T15:43:56.804+0000] {processor.py:925} INFO - DAG(s) 'example_sla_dag' retrieved from /home/airflow/.local/lib/python3.12/site-packages/airflow/example_dags/example_sla_dag.py
[2025-11-14T15:43:56.822+0000] {logging_mixin.py:190} INFO - [2025-11-14T15:43:56.822+0000] {dag.py:3239} INFO - Sync 1 DAGs
[2025-11-14T15:43:56.839+0000] {logging_mixin.py:190} INFO - [2025-11-14T15:43:56.839+0000] {dag.py:4180} INFO - Setting next_dagrun for example_sla_dag to 2025-11-14 15:40:00+00:00, run_after=2025-11-14 15:42:00+00:00
[2025-11-14T15:43:56.855+0000] {processor.py:208} INFO - Processing /home/airflow/.local/lib/python3.12/site-packages/airflow/example_dags/example_sla_dag.py took 0.073 seconds
[2025-11-14T15:44:27.228+0000] {processor.py:186} INFO - Started process (PID=218) to work on /home/airflow/.local/lib/python3.12/site-packages/airflow/example_dags/example_sla_dag.py
[2025-11-14T15:44:27.229+0000] {processor.py:914} INFO - Processing file /home/airflow/.local/lib/python3.12/site-packages/airflow/example_dags/example_sla_dag.py for tasks to queue
[2025-11-14T15:44:27.231+0000] {logging_mixin.py:190} INFO - [2025-11-14T15:44:27.231+0000] {dagbag.py:588} INFO - Filling up the DagBag from /home/airflow/.local/lib/python3.12/site-packages/airflow/example_dags/example_sla_dag.py
[2025-11-14T15:44:27.240+0000] {processor.py:925} INFO - DAG(s) 'example_sla_dag' retrieved from /home/airflow/.local/lib/python3.12/site-packages/airflow/example_dags/example_sla_dag.py
[2025-11-14T15:44:27.254+0000] {logging_mixin.py:190} INFO - [2025-11-14T15:44:27.254+0000] {dag.py:3239} INFO - Sync 1 DAGs
[2025-11-14T15:44:27.272+0000] {logging_mixin.py:190} INFO - [2025-11-14T15:44:27.272+0000] {dag.py:4180} INFO - Setting next_dagrun for example_sla_dag to 2025-11-14 15:42:00+00:00, run_after=2025-11-14 15:44:00+00:00
[2025-11-14T15:44:27.286+0000] {processor.py:208} INFO - Processing /home/airflow/.local/lib/python3.12/site-packages/airflow/example_dags/example_sla_dag.py took 0.062 seconds
[2025-11-14T15:44:58.044+0000] {processor.py:186} INFO - Started process (PID=283) to work on /home/airflow/.local/lib/python3.12/site-packages/airflow/example_dags/example_sla_dag.py
[2025-11-14T15:44:58.045+0000] {processor.py:914} INFO - Processing file /home/airflow/.local/lib/python3.12/site-packages/airflow/example_dags/example_sla_dag.py for tasks to queue
[2025-11-14T15:44:58.047+0000] {logging_mixin.py:190} INFO - [2025-11-14T15:44:58.047+0000] {dagbag.py:588} INFO - Filling up the DagBag from /home/airflow/.local/lib/python3.12/site-packages/airflow/example_dags/example_sla_dag.py
[2025-11-14T15:44:58.055+0000] {processor.py:925} INFO - DAG(s) 'example_sla_dag' retrieved from /home/airflow/.local/lib/python3.12/site-packages/airflow/example_dags/example_sla_dag.py
[2025-11-14T15:44:58.069+0000] {logging_mixin.py:190} INFO - [2025-11-14T15:44:58.069+0000] {dag.py:3239} INFO - Sync 1 DAGs
[2025-11-14T15:44:58.085+0000] {logging_mixin.py:190} INFO - [2025-11-14T15:44:58.085+0000] {dag.py:4180} INFO - Setting next_dagrun for example_sla_dag to 2025-11-14 15:42:00+00:00, run_after=2025-11-14 15:44:00+00:00
[2025-11-14T15:44:58.100+0000] {processor.py:208} INFO - Processing /home/airflow/.local/lib/python3.12/site-packages/airflow/example_dags/example_sla_dag.py took 0.060 seconds
[2025-11-14T15:45:28.799+0000] {processor.py:186} INFO - Started process (PID=348) to work on /home/airflow/.local/lib/python3.12/site-packages/airflow/example_dags/example_sla_dag.py
[2025-11-14T15:45:28.801+0000] {processor.py:914} INFO - Processing file /home/airflow/.local/lib/python3.12/site-packages/airflow/example_dags/example_sla_dag.py for tasks to queue
[2025-11-14T15:45:28.803+0000] {logging_mixin.py:190} INFO - [2025-11-14T15:45:28.803+0000] {dagbag.py:588} INFO - Filling up the DagBag from /home/airflow/.local/lib/python3.12/site-packages/airflow/example_dags/example_sla_dag.py
[2025-11-14T15:45:28.811+0000] {processor.py:925} INFO - DAG(s) 'example_sla_dag' retrieved from /home/airflow/.local/lib/python3.12/site-packages/airflow/example_dags/example_sla_dag.py
[2025-11-14T15:45:28.825+0000] {logging_mixin.py:190} INFO - [2025-11-14T15:45:28.825+0000] {dag.py:3239} INFO - Sync 1 DAGs
[2025-11-14T15:45:28.841+0000] {logging_mixin.py:190} INFO - [2025-11-14T15:45:28.841+0000] {dag.py:4180} INFO - Setting next_dagrun for example_sla_dag to 2025-11-14 15:42:00+00:00, run_after=2025-11-14 15:44:00+00:00
[2025-11-14T15:45:28.869+0000] {processor.py:208} INFO - Processing /home/airflow/.local/lib/python3.12/site-packages/airflow/example_dags/example_sla_dag.py took 0.074 seconds
[2025-11-14T15:45:59.847+0000] {processor.py:186} INFO - Started process (PID=413) to work on /home/airflow/.local/lib/python3.12/site-packages/airflow/example_dags/example_sla_dag.py
[2025-11-14T15:45:59.848+0000] {processor.py:914} INFO - Processing file /home/airflow/.local/lib/python3.12/site-packages/airflow/example_dags/example_sla_dag.py for tasks to queue
[2025-11-14T15:45:59.851+0000] {logging_mixin.py:190} INFO - [2025-11-14T15:45:59.850+0000] {dagbag.py:588} INFO - Filling up the DagBag from /home/airflow/.local/lib/python3.12/site-packages/airflow/example_dags/example_sla_dag.py
[2025-11-14T15:45:59.859+0000] {processor.py:925} INFO - DAG(s) 'example_sla_dag' retrieved from /home/airflow/.local/lib/python3.12/site-packages/airflow/example_dags/example_sla_dag.py
[2025-11-14T15:45:59.874+0000] {logging_mixin.py:190} INFO - [2025-11-14T15:45:59.874+0000] {dag.py:3239} INFO - Sync 1 DAGs
[2025-11-14T15:45:59.891+0000] {logging_mixin.py:190} INFO - [2025-11-14T15:45:59.891+0000] {dag.py:4180} INFO - Setting next_dagrun for example_sla_dag to 2025-11-14 15:42:00+00:00, run_after=2025-11-14 15:44:00+00:00
[2025-11-14T15:45:59.904+0000] {processor.py:208} INFO - Processing /home/airflow/.local/lib/python3.12/site-packages/airflow/example_dags/example_sla_dag.py took 0.061 seconds
[2025-11-14T15:46:31.012+0000] {processor.py:186} INFO - Started process (PID=478) to work on /home/airflow/.local/lib/python3.12/site-packages/airflow/example_dags/example_sla_dag.py
[2025-11-14T15:46:31.013+0000] {processor.py:914} INFO - Processing file /home/airflow/.local/lib/python3.12/site-packages/airflow/example_dags/example_sla_dag.py for tasks to queue
[2025-11-14T15:46:31.016+0000] {logging_mixin.py:190} INFO - [2025-11-14T15:46:31.015+0000] {dagbag.py:588} INFO - Filling up the DagBag from /home/airflow/.local/lib/python3.12/site-packages/airflow/example_dags/example_sla_dag.py
[2025-11-14T15:46:31.024+0000] {processor.py:925} INFO - DAG(s) 'example_sla_dag' retrieved from /home/airflow/.local/lib/python3.12/site-packages/airflow/example_dags/example_sla_dag.py
[2025-11-14T15:46:31.038+0000] {logging_mixin.py:190} INFO - [2025-11-14T15:46:31.038+0000] {dag.py:3239} INFO - Sync 1 DAGs
[2025-11-14T15:46:31.058+0000] {logging_mixin.py:190} INFO - [2025-11-14T15:46:31.058+0000] {dag.py:4180} INFO - Setting next_dagrun for example_sla_dag to 2025-11-14 15:44:00+00:00, run_after=2025-11-14 15:46:00+00:00
[2025-11-14T15:46:31.073+0000] {processor.py:208} INFO - Processing /home/airflow/.local/lib/python3.12/site-packages/airflow/example_dags/example_sla_dag.py took 0.066 seconds
[2025-11-14T15:47:01.840+0000] {processor.py:186} INFO - Started process (PID=543) to work on /home/airflow/.local/lib/python3.12/site-packages/airflow/example_dags/example_sla_dag.py
[2025-11-14T15:47:01.841+0000] {processor.py:914} INFO - Processing file /home/airflow/.local/lib/python3.12/site-packages/airflow/example_dags/example_sla_dag.py for tasks to queue
[2025-11-14T15:47:01.843+0000] {logging_mixin.py:190} INFO - [2025-11-14T15:47:01.843+0000] {dagbag.py:588} INFO - Filling up the DagBag from /home/airflow/.local/lib/python3.12/site-packages/airflow/example_dags/example_sla_dag.py
[2025-11-14T15:47:01.852+0000] {processor.py:925} INFO - DAG(s) 'example_sla_dag' retrieved from /home/airflow/.local/lib/python3.12/site-packages/airflow/example_dags/example_sla_dag.py
[2025-11-14T15:47:01.866+0000] {logging_mixin.py:190} INFO - [2025-11-14T15:47:01.866+0000] {dag.py:3239} INFO - Sync 1 DAGs
[2025-11-14T15:47:01.882+0000] {logging_mixin.py:190} INFO - [2025-11-14T15:47:01.882+0000] {dag.py:4180} INFO - Setting next_dagrun for example_sla_dag to 2025-11-14 15:44:00+00:00, run_after=2025-11-14 15:46:00+00:00
[2025-11-14T15:47:01.896+0000] {processor.py:208} INFO - Processing /home/airflow/.local/lib/python3.12/site-packages/airflow/example_dags/example_sla_dag.py took 0.061 seconds
[2025-11-14T15:47:32.265+0000] {processor.py:186} INFO - Started process (PID=607) to work on /home/airflow/.local/lib/python3.12/site-packages/airflow/example_dags/example_sla_dag.py
[2025-11-14T15:47:32.266+0000] {processor.py:914} INFO - Processing file /home/airflow/.local/lib/python3.12/site-packages/airflow/example_dags/example_sla_dag.py for tasks to queue
[2025-11-14T15:47:32.268+0000] {logging_mixin.py:190} INFO - [2025-11-14T15:47:32.268+0000] {dagbag.py:588} INFO - Filling up the DagBag from /home/airflow/.local/lib/python3.12/site-packages/airflow/example_dags/example_sla_dag.py
[2025-11-14T15:47:32.276+0000] {processor.py:925} INFO - DAG(s) 'example_sla_dag' retrieved from /home/airflow/.local/lib/python3.12/site-packages/airflow/example_dags/example_sla_dag.py
[2025-11-14T15:47:32.289+0000] {logging_mixin.py:190} INFO - [2025-11-14T15:47:32.289+0000] {dag.py:3239} INFO - Sync 1 DAGs
[2025-11-14T15:47:32.306+0000] {logging_mixin.py:190} INFO - [2025-11-14T15:47:32.306+0000] {dag.py:4180} INFO - Setting next_dagrun for example_sla_dag to 2025-11-14 15:44:00+00:00, run_after=2025-11-14 15:46:00+00:00
[2025-11-14T15:47:32.321+0000] {processor.py:208} INFO - Processing /home/airflow/.local/lib/python3.12/site-packages/airflow/example_dags/example_sla_dag.py took 0.061 seconds
[2025-11-14T15:48:20.348+0000] {processor.py:186} INFO - Started process (PID=81) to work on /home/airflow/.local/lib/python3.12/site-packages/airflow/example_dags/example_sla_dag.py
[2025-11-14T15:48:20.351+0000] {processor.py:914} INFO - Processing file /home/airflow/.local/lib/python3.12/site-packages/airflow/example_dags/example_sla_dag.py for tasks to queue
[2025-11-14T15:48:20.354+0000] {logging_mixin.py:190} INFO - [2025-11-14T15:48:20.354+0000] {dagbag.py:588} INFO - Filling up the DagBag from /home/airflow/.local/lib/python3.12/site-packages/airflow/example_dags/example_sla_dag.py
[2025-11-14T15:48:20.366+0000] {processor.py:925} INFO - DAG(s) 'example_sla_dag' retrieved from /home/airflow/.local/lib/python3.12/site-packages/airflow/example_dags/example_sla_dag.py
[2025-11-14T15:48:20.387+0000] {logging_mixin.py:190} INFO - [2025-11-14T15:48:20.387+0000] {dag.py:3239} INFO - Sync 1 DAGs
[2025-11-14T15:48:20.406+0000] {logging_mixin.py:190} INFO - [2025-11-14T15:48:20.406+0000] {dag.py:4180} INFO - Setting next_dagrun for example_sla_dag to 2025-11-14 15:46:00+00:00, run_after=2025-11-14 15:48:00+00:00
[2025-11-14T15:48:20.422+0000] {processor.py:208} INFO - Processing /home/airflow/.local/lib/python3.12/site-packages/airflow/example_dags/example_sla_dag.py took 0.082 seconds
[2025-11-14T15:48:50.799+0000] {processor.py:186} INFO - Started process (PID=150) to work on /home/airflow/.local/lib/python3.12/site-packages/airflow/example_dags/example_sla_dag.py
[2025-11-14T15:48:50.800+0000] {processor.py:914} INFO - Processing file /home/airflow/.local/lib/python3.12/site-packages/airflow/example_dags/example_sla_dag.py for tasks to queue
[2025-11-14T15:48:50.802+0000] {logging_mixin.py:190} INFO - [2025-11-14T15:48:50.802+0000] {dagbag.py:588} INFO - Filling up the DagBag from /home/airflow/.local/lib/python3.12/site-packages/airflow/example_dags/example_sla_dag.py
[2025-11-14T15:48:50.810+0000] {processor.py:925} INFO - DAG(s) 'example_sla_dag' retrieved from /home/airflow/.local/lib/python3.12/site-packages/airflow/example_dags/example_sla_dag.py
[2025-11-14T15:48:50.825+0000] {logging_mixin.py:190} INFO - [2025-11-14T15:48:50.825+0000] {dag.py:3239} INFO - Sync 1 DAGs
[2025-11-14T15:48:50.844+0000] {logging_mixin.py:190} INFO - [2025-11-14T15:48:50.844+0000] {dag.py:4180} INFO - Setting next_dagrun for example_sla_dag to 2025-11-14 15:46:00+00:00, run_after=2025-11-14 15:48:00+00:00
[2025-11-14T15:48:50.858+0000] {processor.py:208} INFO - Processing /home/airflow/.local/lib/python3.12/site-packages/airflow/example_dags/example_sla_dag.py took 0.063 seconds
[2025-11-14T15:49:21.551+0000] {processor.py:186} INFO - Started process (PID=215) to work on /home/airflow/.local/lib/python3.12/site-packages/airflow/example_dags/example_sla_dag.py
[2025-11-14T15:49:21.552+0000] {processor.py:914} INFO - Processing file /home/airflow/.local/lib/python3.12/site-packages/airflow/example_dags/example_sla_dag.py for tasks to queue
[2025-11-14T15:49:21.554+0000] {logging_mixin.py:190} INFO - [2025-11-14T15:49:21.554+0000] {dagbag.py:588} INFO - Filling up the DagBag from /home/airflow/.local/lib/python3.12/site-packages/airflow/example_dags/example_sla_dag.py
[2025-11-14T15:49:21.563+0000] {processor.py:925} INFO - DAG(s) 'example_sla_dag' retrieved from /home/airflow/.local/lib/python3.12/site-packages/airflow/example_dags/example_sla_dag.py
[2025-11-14T15:49:21.578+0000] {logging_mixin.py:190} INFO - [2025-11-14T15:49:21.578+0000] {dag.py:3239} INFO - Sync 1 DAGs
[2025-11-14T15:49:21.597+0000] {logging_mixin.py:190} INFO - [2025-11-14T15:49:21.597+0000] {dag.py:4180} INFO - Setting next_dagrun for example_sla_dag to 2025-11-14 15:46:00+00:00, run_after=2025-11-14 15:48:00+00:00
[2025-11-14T15:49:21.610+0000] {processor.py:208} INFO - Processing /home/airflow/.local/lib/python3.12/site-packages/airflow/example_dags/example_sla_dag.py took 0.064 seconds
[2025-11-14T15:49:52.684+0000] {processor.py:186} INFO - Started process (PID=280) to work on /home/airflow/.local/lib/python3.12/site-packages/airflow/example_dags/example_sla_dag.py
[2025-11-14T15:49:52.685+0000] {processor.py:914} INFO - Processing file /home/airflow/.local/lib/python3.12/site-packages/airflow/example_dags/example_sla_dag.py for tasks to queue
[2025-11-14T15:49:52.688+0000] {logging_mixin.py:190} INFO - [2025-11-14T15:49:52.688+0000] {dagbag.py:588} INFO - Filling up the DagBag from /home/airflow/.local/lib/python3.12/site-packages/airflow/example_dags/example_sla_dag.py
[2025-11-14T15:49:52.696+0000] {processor.py:925} INFO - DAG(s) 'example_sla_dag' retrieved from /home/airflow/.local/lib/python3.12/site-packages/airflow/example_dags/example_sla_dag.py
[2025-11-14T15:49:52.714+0000] {logging_mixin.py:190} INFO - [2025-11-14T15:49:52.714+0000] {dag.py:3239} INFO - Sync 1 DAGs
[2025-11-14T15:49:52.731+0000] {logging_mixin.py:190} INFO - [2025-11-14T15:49:52.731+0000] {dag.py:4180} INFO - Setting next_dagrun for example_sla_dag to 2025-11-14 15:46:00+00:00, run_after=2025-11-14 15:48:00+00:00
[2025-11-14T15:49:52.743+0000] {processor.py:208} INFO - Processing /home/airflow/.local/lib/python3.12/site-packages/airflow/example_dags/example_sla_dag.py took 0.064 seconds
[2025-11-14T15:50:23.819+0000] {processor.py:186} INFO - Started process (PID=345) to work on /home/airflow/.local/lib/python3.12/site-packages/airflow/example_dags/example_sla_dag.py
[2025-11-14T15:50:23.820+0000] {processor.py:914} INFO - Processing file /home/airflow/.local/lib/python3.12/site-packages/airflow/example_dags/example_sla_dag.py for tasks to queue
[2025-11-14T15:50:23.822+0000] {logging_mixin.py:190} INFO - [2025-11-14T15:50:23.822+0000] {dagbag.py:588} INFO - Filling up the DagBag from /home/airflow/.local/lib/python3.12/site-packages/airflow/example_dags/example_sla_dag.py
[2025-11-14T15:50:23.831+0000] {processor.py:925} INFO - DAG(s) 'example_sla_dag' retrieved from /home/airflow/.local/lib/python3.12/site-packages/airflow/example_dags/example_sla_dag.py
[2025-11-14T15:50:23.846+0000] {logging_mixin.py:190} INFO - [2025-11-14T15:50:23.846+0000] {dag.py:3239} INFO - Sync 1 DAGs
[2025-11-14T15:50:23.863+0000] {logging_mixin.py:190} INFO - [2025-11-14T15:50:23.863+0000] {dag.py:4180} INFO - Setting next_dagrun for example_sla_dag to 2025-11-14 15:48:00+00:00, run_after=2025-11-14 15:50:00+00:00
[2025-11-14T15:50:23.875+0000] {processor.py:208} INFO - Processing /home/airflow/.local/lib/python3.12/site-packages/airflow/example_dags/example_sla_dag.py took 0.061 seconds
[2025-11-14T15:50:55.141+0000] {processor.py:186} INFO - Started process (PID=410) to work on /home/airflow/.local/lib/python3.12/site-packages/airflow/example_dags/example_sla_dag.py
[2025-11-14T15:50:55.143+0000] {processor.py:914} INFO - Processing file /home/airflow/.local/lib/python3.12/site-packages/airflow/example_dags/example_sla_dag.py for tasks to queue
[2025-11-14T15:50:55.145+0000] {logging_mixin.py:190} INFO - [2025-11-14T15:50:55.145+0000] {dagbag.py:588} INFO - Filling up the DagBag from /home/airflow/.local/lib/python3.12/site-packages/airflow/example_dags/example_sla_dag.py
[2025-11-14T15:50:55.152+0000] {processor.py:925} INFO - DAG(s) 'example_sla_dag' retrieved from /home/airflow/.local/lib/python3.12/site-packages/airflow/example_dags/example_sla_dag.py
[2025-11-14T15:50:55.166+0000] {logging_mixin.py:190} INFO - [2025-11-14T15:50:55.166+0000] {dag.py:3239} INFO - Sync 1 DAGs
[2025-11-14T15:50:55.183+0000] {logging_mixin.py:190} INFO - [2025-11-14T15:50:55.183+0000] {dag.py:4180} INFO - Setting next_dagrun for example_sla_dag to 2025-11-14 15:48:00+00:00, run_after=2025-11-14 15:50:00+00:00
[2025-11-14T15:50:55.196+0000] {processor.py:208} INFO - Processing /home/airflow/.local/lib/python3.12/site-packages/airflow/example_dags/example_sla_dag.py took 0.059 seconds
[2025-11-14T15:51:26.462+0000] {processor.py:186} INFO - Started process (PID=475) to work on /home/airflow/.local/lib/python3.12/site-packages/airflow/example_dags/example_sla_dag.py
[2025-11-14T15:51:26.463+0000] {processor.py:914} INFO - Processing file /home/airflow/.local/lib/python3.12/site-packages/airflow/example_dags/example_sla_dag.py for tasks to queue
[2025-11-14T15:51:26.465+0000] {logging_mixin.py:190} INFO - [2025-11-14T15:51:26.465+0000] {dagbag.py:588} INFO - Filling up the DagBag from /home/airflow/.local/lib/python3.12/site-packages/airflow/example_dags/example_sla_dag.py
[2025-11-14T15:51:26.474+0000] {processor.py:925} INFO - DAG(s) 'example_sla_dag' retrieved from /home/airflow/.local/lib/python3.12/site-packages/airflow/example_dags/example_sla_dag.py
[2025-11-14T15:51:26.487+0000] {logging_mixin.py:190} INFO - [2025-11-14T15:51:26.487+0000] {dag.py:3239} INFO - Sync 1 DAGs
[2025-11-14T15:51:26.504+0000] {logging_mixin.py:190} INFO - [2025-11-14T15:51:26.504+0000] {dag.py:4180} INFO - Setting next_dagrun for example_sla_dag to 2025-11-14 15:48:00+00:00, run_after=2025-11-14 15:50:00+00:00
[2025-11-14T15:51:26.517+0000] {processor.py:208} INFO - Processing /home/airflow/.local/lib/python3.12/site-packages/airflow/example_dags/example_sla_dag.py took 0.059 seconds
[2025-11-14T15:51:58.027+0000] {processor.py:186} INFO - Started process (PID=540) to work on /home/airflow/.local/lib/python3.12/site-packages/airflow/example_dags/example_sla_dag.py
[2025-11-14T15:51:58.028+0000] {processor.py:914} INFO - Processing file /home/airflow/.local/lib/python3.12/site-packages/airflow/example_dags/example_sla_dag.py for tasks to queue
[2025-11-14T15:51:58.031+0000] {logging_mixin.py:190} INFO - [2025-11-14T15:51:58.031+0000] {dagbag.py:588} INFO - Filling up the DagBag from /home/airflow/.local/lib/python3.12/site-packages/airflow/example_dags/example_sla_dag.py
[2025-11-14T15:51:58.040+0000] {processor.py:925} INFO - DAG(s) 'example_sla_dag' retrieved from /home/airflow/.local/lib/python3.12/site-packages/airflow/example_dags/example_sla_dag.py
[2025-11-14T15:51:58.055+0000] {logging_mixin.py:190} INFO - [2025-11-14T15:51:58.055+0000] {dag.py:3239} INFO - Sync 1 DAGs
[2025-11-14T15:51:58.073+0000] {logging_mixin.py:190} INFO - [2025-11-14T15:51:58.073+0000] {dag.py:4180} INFO - Setting next_dagrun for example_sla_dag to 2025-11-14 15:48:00+00:00, run_after=2025-11-14 15:50:00+00:00
[2025-11-14T15:51:58.086+0000] {processor.py:208} INFO - Processing /home/airflow/.local/lib/python3.12/site-packages/airflow/example_dags/example_sla_dag.py took 0.064 seconds
[2025-11-14T15:52:29.301+0000] {processor.py:186} INFO - Started process (PID=605) to work on /home/airflow/.local/lib/python3.12/site-packages/airflow/example_dags/example_sla_dag.py
[2025-11-14T15:52:29.302+0000] {processor.py:914} INFO - Processing file /home/airflow/.local/lib/python3.12/site-packages/airflow/example_dags/example_sla_dag.py for tasks to queue
[2025-11-14T15:52:29.304+0000] {logging_mixin.py:190} INFO - [2025-11-14T15:52:29.303+0000] {dagbag.py:588} INFO - Filling up the DagBag from /home/airflow/.local/lib/python3.12/site-packages/airflow/example_dags/example_sla_dag.py
[2025-11-14T15:52:29.311+0000] {processor.py:925} INFO - DAG(s) 'example_sla_dag' retrieved from /home/airflow/.local/lib/python3.12/site-packages/airflow/example_dags/example_sla_dag.py
[2025-11-14T15:52:29.326+0000] {logging_mixin.py:190} INFO - [2025-11-14T15:52:29.326+0000] {dag.py:3239} INFO - Sync 1 DAGs
[2025-11-14T15:52:29.344+0000] {logging_mixin.py:190} INFO - [2025-11-14T15:52:29.344+0000] {dag.py:4180} INFO - Setting next_dagrun for example_sla_dag to 2025-11-14 15:50:00+00:00, run_after=2025-11-14 15:52:00+00:00
[2025-11-14T15:52:29.359+0000] {processor.py:208} INFO - Processing /home/airflow/.local/lib/python3.12/site-packages/airflow/example_dags/example_sla_dag.py took 0.063 seconds
[2025-11-14T15:53:00.073+0000] {processor.py:186} INFO - Started process (PID=671) to work on /home/airflow/.local/lib/python3.12/site-packages/airflow/example_dags/example_sla_dag.py
[2025-11-14T15:53:00.075+0000] {processor.py:914} INFO - Processing file /home/airflow/.local/lib/python3.12/site-packages/airflow/example_dags/example_sla_dag.py for tasks to queue
[2025-11-14T15:53:00.077+0000] {logging_mixin.py:190} INFO - [2025-11-14T15:53:00.077+0000] {dagbag.py:588} INFO - Filling up the DagBag from /home/airflow/.local/lib/python3.12/site-packages/airflow/example_dags/example_sla_dag.py
[2025-11-14T15:53:00.086+0000] {processor.py:925} INFO - DAG(s) 'example_sla_dag' retrieved from /home/airflow/.local/lib/python3.12/site-packages/airflow/example_dags/example_sla_dag.py
[2025-11-14T15:53:00.103+0000] {logging_mixin.py:190} INFO - [2025-11-14T15:53:00.103+0000] {dag.py:3239} INFO - Sync 1 DAGs
[2025-11-14T15:53:00.124+0000] {logging_mixin.py:190} INFO - [2025-11-14T15:53:00.124+0000] {dag.py:4180} INFO - Setting next_dagrun for example_sla_dag to 2025-11-14 15:50:00+00:00, run_after=2025-11-14 15:52:00+00:00
[2025-11-14T15:53:00.155+0000] {processor.py:208} INFO - Processing /home/airflow/.local/lib/python3.12/site-packages/airflow/example_dags/example_sla_dag.py took 0.087 seconds
[2025-11-14T15:53:30.849+0000] {processor.py:186} INFO - Started process (PID=735) to work on /home/airflow/.local/lib/python3.12/site-packages/airflow/example_dags/example_sla_dag.py
[2025-11-14T15:53:30.850+0000] {processor.py:914} INFO - Processing file /home/airflow/.local/lib/python3.12/site-packages/airflow/example_dags/example_sla_dag.py for tasks to queue
[2025-11-14T15:53:30.852+0000] {logging_mixin.py:190} INFO - [2025-11-14T15:53:30.852+0000] {dagbag.py:588} INFO - Filling up the DagBag from /home/airflow/.local/lib/python3.12/site-packages/airflow/example_dags/example_sla_dag.py
[2025-11-14T15:53:30.859+0000] {processor.py:925} INFO - DAG(s) 'example_sla_dag' retrieved from /home/airflow/.local/lib/python3.12/site-packages/airflow/example_dags/example_sla_dag.py
[2025-11-14T15:53:30.873+0000] {logging_mixin.py:190} INFO - [2025-11-14T15:53:30.873+0000] {dag.py:3239} INFO - Sync 1 DAGs
[2025-11-14T15:53:30.890+0000] {logging_mixin.py:190} INFO - [2025-11-14T15:53:30.890+0000] {dag.py:4180} INFO - Setting next_dagrun for example_sla_dag to 2025-11-14 15:50:00+00:00, run_after=2025-11-14 15:52:00+00:00
[2025-11-14T15:53:30.903+0000] {processor.py:208} INFO - Processing /home/airflow/.local/lib/python3.12/site-packages/airflow/example_dags/example_sla_dag.py took 0.059 seconds
[2025-11-14T15:54:10.809+0000] {processor.py:186} INFO - Started process (PID=81) to work on /home/airflow/.local/lib/python3.12/site-packages/airflow/example_dags/example_sla_dag.py
[2025-11-14T15:54:10.810+0000] {processor.py:914} INFO - Processing file /home/airflow/.local/lib/python3.12/site-packages/airflow/example_dags/example_sla_dag.py for tasks to queue
[2025-11-14T15:54:10.812+0000] {logging_mixin.py:190} INFO - [2025-11-14T15:54:10.812+0000] {dagbag.py:588} INFO - Filling up the DagBag from /home/airflow/.local/lib/python3.12/site-packages/airflow/example_dags/example_sla_dag.py
[2025-11-14T15:54:10.821+0000] {processor.py:925} INFO - DAG(s) 'example_sla_dag' retrieved from /home/airflow/.local/lib/python3.12/site-packages/airflow/example_dags/example_sla_dag.py
[2025-11-14T15:54:10.838+0000] {logging_mixin.py:190} INFO - [2025-11-14T15:54:10.838+0000] {dag.py:3239} INFO - Sync 1 DAGs
[2025-11-14T15:54:10.856+0000] {logging_mixin.py:190} INFO - [2025-11-14T15:54:10.856+0000] {dag.py:4180} INFO - Setting next_dagrun for example_sla_dag to 2025-11-14 15:52:00+00:00, run_after=2025-11-14 15:54:00+00:00
[2025-11-14T15:54:10.875+0000] {processor.py:208} INFO - Processing /home/airflow/.local/lib/python3.12/site-packages/airflow/example_dags/example_sla_dag.py took 0.070 seconds
[2025-11-14T15:54:41.353+0000] {processor.py:186} INFO - Started process (PID=146) to work on /home/airflow/.local/lib/python3.12/site-packages/airflow/example_dags/example_sla_dag.py
[2025-11-14T15:54:41.355+0000] {processor.py:914} INFO - Processing file /home/airflow/.local/lib/python3.12/site-packages/airflow/example_dags/example_sla_dag.py for tasks to queue
[2025-11-14T15:54:41.357+0000] {logging_mixin.py:190} INFO - [2025-11-14T15:54:41.357+0000] {dagbag.py:588} INFO - Filling up the DagBag from /home/airflow/.local/lib/python3.12/site-packages/airflow/example_dags/example_sla_dag.py
[2025-11-14T15:54:41.367+0000] {processor.py:925} INFO - DAG(s) 'example_sla_dag' retrieved from /home/airflow/.local/lib/python3.12/site-packages/airflow/example_dags/example_sla_dag.py
[2025-11-14T15:54:41.383+0000] {logging_mixin.py:190} INFO - [2025-11-14T15:54:41.383+0000] {dag.py:3239} INFO - Sync 1 DAGs
[2025-11-14T15:54:41.400+0000] {logging_mixin.py:190} INFO - [2025-11-14T15:54:41.400+0000] {dag.py:4180} INFO - Setting next_dagrun for example_sla_dag to 2025-11-14 15:52:00+00:00, run_after=2025-11-14 15:54:00+00:00
[2025-11-14T15:54:41.413+0000] {processor.py:208} INFO - Processing /home/airflow/.local/lib/python3.12/site-packages/airflow/example_dags/example_sla_dag.py took 0.064 seconds
[2025-11-14T15:55:11.963+0000] {processor.py:186} INFO - Started process (PID=211) to work on /home/airflow/.local/lib/python3.12/site-packages/airflow/example_dags/example_sla_dag.py
[2025-11-14T15:55:11.964+0000] {processor.py:914} INFO - Processing file /home/airflow/.local/lib/python3.12/site-packages/airflow/example_dags/example_sla_dag.py for tasks to queue
[2025-11-14T15:55:11.964+0000] {logging_mixin.py:190} INFO - [2025-11-14T15:55:11.964+0000] {dagbag.py:588} INFO - Filling up the DagBag from /home/airflow/.local/lib/python3.12/site-packages/airflow/example_dags/example_sla_dag.py
[2025-11-14T15:55:11.972+0000] {processor.py:925} INFO - DAG(s) 'example_sla_dag' retrieved from /home/airflow/.local/lib/python3.12/site-packages/airflow/example_dags/example_sla_dag.py
[2025-11-14T15:55:11.985+0000] {logging_mixin.py:190} INFO - [2025-11-14T15:55:11.985+0000] {dag.py:3239} INFO - Sync 1 DAGs
[2025-11-14T15:55:12.001+0000] {logging_mixin.py:190} INFO - [2025-11-14T15:55:12.001+0000] {dag.py:4180} INFO - Setting next_dagrun for example_sla_dag to 2025-11-14 15:52:00+00:00, run_after=2025-11-14 15:54:00+00:00
[2025-11-14T15:55:12.015+0000] {processor.py:208} INFO - Processing /home/airflow/.local/lib/python3.12/site-packages/airflow/example_dags/example_sla_dag.py took 0.056 seconds
[2025-11-14T15:55:43.002+0000] {processor.py:186} INFO - Started process (PID=276) to work on /home/airflow/.local/lib/python3.12/site-packages/airflow/example_dags/example_sla_dag.py
[2025-11-14T15:55:43.003+0000] {processor.py:914} INFO - Processing file /home/airflow/.local/lib/python3.12/site-packages/airflow/example_dags/example_sla_dag.py for tasks to queue
[2025-11-14T15:55:43.004+0000] {logging_mixin.py:190} INFO - [2025-11-14T15:55:43.004+0000] {dagbag.py:588} INFO - Filling up the DagBag from /home/airflow/.local/lib/python3.12/site-packages/airflow/example_dags/example_sla_dag.py
[2025-11-14T15:55:43.011+0000] {processor.py:925} INFO - DAG(s) 'example_sla_dag' retrieved from /home/airflow/.local/lib/python3.12/site-packages/airflow/example_dags/example_sla_dag.py
[2025-11-14T15:55:43.025+0000] {logging_mixin.py:190} INFO - [2025-11-14T15:55:43.025+0000] {dag.py:3239} INFO - Sync 1 DAGs
[2025-11-14T15:55:43.041+0000] {logging_mixin.py:190} INFO - [2025-11-14T15:55:43.040+0000] {dag.py:4180} INFO - Setting next_dagrun for example_sla_dag to 2025-11-14 15:52:00+00:00, run_after=2025-11-14 15:54:00+00:00
[2025-11-14T15:55:43.052+0000] {processor.py:208} INFO - Processing /home/airflow/.local/lib/python3.12/site-packages/airflow/example_dags/example_sla_dag.py took 0.054 seconds
[2025-11-14T15:56:14.127+0000] {processor.py:186} INFO - Started process (PID=341) to work on /home/airflow/.local/lib/python3.12/site-packages/airflow/example_dags/example_sla_dag.py
[2025-11-14T15:56:14.128+0000] {processor.py:914} INFO - Processing file /home/airflow/.local/lib/python3.12/site-packages/airflow/example_dags/example_sla_dag.py for tasks to queue
[2025-11-14T15:56:14.129+0000] {logging_mixin.py:190} INFO - [2025-11-14T15:56:14.129+0000] {dagbag.py:588} INFO - Filling up the DagBag from /home/airflow/.local/lib/python3.12/site-packages/airflow/example_dags/example_sla_dag.py
[2025-11-14T15:56:14.137+0000] {processor.py:925} INFO - DAG(s) 'example_sla_dag' retrieved from /home/airflow/.local/lib/python3.12/site-packages/airflow/example_dags/example_sla_dag.py
[2025-11-14T15:56:14.152+0000] {logging_mixin.py:190} INFO - [2025-11-14T15:56:14.151+0000] {dag.py:3239} INFO - Sync 1 DAGs
[2025-11-14T15:56:14.169+0000] {logging_mixin.py:190} INFO - [2025-11-14T15:56:14.169+0000] {dag.py:4180} INFO - Setting next_dagrun for example_sla_dag to 2025-11-14 15:54:00+00:00, run_after=2025-11-14 15:56:00+00:00
[2025-11-14T15:56:14.183+0000] {processor.py:208} INFO - Processing /home/airflow/.local/lib/python3.12/site-packages/airflow/example_dags/example_sla_dag.py took 0.060 seconds
[2025-11-14T15:56:45.218+0000] {processor.py:186} INFO - Started process (PID=406) to work on /home/airflow/.local/lib/python3.12/site-packages/airflow/example_dags/example_sla_dag.py
[2025-11-14T15:56:45.220+0000] {processor.py:914} INFO - Processing file /home/airflow/.local/lib/python3.12/site-packages/airflow/example_dags/example_sla_dag.py for tasks to queue
[2025-11-14T15:56:45.221+0000] {logging_mixin.py:190} INFO - [2025-11-14T15:56:45.220+0000] {dagbag.py:588} INFO - Filling up the DagBag from /home/airflow/.local/lib/python3.12/site-packages/airflow/example_dags/example_sla_dag.py
[2025-11-14T15:56:45.229+0000] {processor.py:925} INFO - DAG(s) 'example_sla_dag' retrieved from /home/airflow/.local/lib/python3.12/site-packages/airflow/example_dags/example_sla_dag.py
[2025-11-14T15:56:45.244+0000] {logging_mixin.py:190} INFO - [2025-11-14T15:56:45.243+0000] {dag.py:3239} INFO - Sync 1 DAGs
[2025-11-14T15:56:45.260+0000] {logging_mixin.py:190} INFO - [2025-11-14T15:56:45.260+0000] {dag.py:4180} INFO - Setting next_dagrun for example_sla_dag to 2025-11-14 15:54:00+00:00, run_after=2025-11-14 15:56:00+00:00
[2025-11-14T15:56:45.274+0000] {processor.py:208} INFO - Processing /home/airflow/.local/lib/python3.12/site-packages/airflow/example_dags/example_sla_dag.py took 0.059 seconds
[2025-11-14T15:57:15.996+0000] {processor.py:186} INFO - Started process (PID=470) to work on /home/airflow/.local/lib/python3.12/site-packages/airflow/example_dags/example_sla_dag.py
[2025-11-14T15:57:15.997+0000] {processor.py:914} INFO - Processing file /home/airflow/.local/lib/python3.12/site-packages/airflow/example_dags/example_sla_dag.py for tasks to queue
[2025-11-14T15:57:15.998+0000] {logging_mixin.py:190} INFO - [2025-11-14T15:57:15.998+0000] {dagbag.py:588} INFO - Filling up the DagBag from /home/airflow/.local/lib/python3.12/site-packages/airflow/example_dags/example_sla_dag.py
[2025-11-14T15:57:16.006+0000] {processor.py:925} INFO - DAG(s) 'example_sla_dag' retrieved from /home/airflow/.local/lib/python3.12/site-packages/airflow/example_dags/example_sla_dag.py
[2025-11-14T15:57:16.019+0000] {logging_mixin.py:190} INFO - [2025-11-14T15:57:16.019+0000] {dag.py:3239} INFO - Sync 1 DAGs
[2025-11-14T15:57:16.035+0000] {logging_mixin.py:190} INFO - [2025-11-14T15:57:16.035+0000] {dag.py:4180} INFO - Setting next_dagrun for example_sla_dag to 2025-11-14 15:54:00+00:00, run_after=2025-11-14 15:56:00+00:00
[2025-11-14T15:57:16.048+0000] {processor.py:208} INFO - Processing /home/airflow/.local/lib/python3.12/site-packages/airflow/example_dags/example_sla_dag.py took 0.056 seconds
[2025-11-14T15:57:46.590+0000] {processor.py:186} INFO - Started process (PID=535) to work on /home/airflow/.local/lib/python3.12/site-packages/airflow/example_dags/example_sla_dag.py
[2025-11-14T15:57:46.591+0000] {processor.py:914} INFO - Processing file /home/airflow/.local/lib/python3.12/site-packages/airflow/example_dags/example_sla_dag.py for tasks to queue
[2025-11-14T15:57:46.592+0000] {logging_mixin.py:190} INFO - [2025-11-14T15:57:46.592+0000] {dagbag.py:588} INFO - Filling up the DagBag from /home/airflow/.local/lib/python3.12/site-packages/airflow/example_dags/example_sla_dag.py
[2025-11-14T15:57:46.600+0000] {processor.py:925} INFO - DAG(s) 'example_sla_dag' retrieved from /home/airflow/.local/lib/python3.12/site-packages/airflow/example_dags/example_sla_dag.py
[2025-11-14T15:57:46.614+0000] {logging_mixin.py:190} INFO - [2025-11-14T15:57:46.613+0000] {dag.py:3239} INFO - Sync 1 DAGs
[2025-11-14T15:57:46.631+0000] {logging_mixin.py:190} INFO - [2025-11-14T15:57:46.631+0000] {dag.py:4180} INFO - Setting next_dagrun for example_sla_dag to 2025-11-14 15:54:00+00:00, run_after=2025-11-14 15:56:00+00:00
[2025-11-14T15:57:46.643+0000] {processor.py:208} INFO - Processing /home/airflow/.local/lib/python3.12/site-packages/airflow/example_dags/example_sla_dag.py took 0.058 seconds
[2025-11-14T15:58:17.272+0000] {processor.py:186} INFO - Started process (PID=600) to work on /home/airflow/.local/lib/python3.12/site-packages/airflow/example_dags/example_sla_dag.py
[2025-11-14T15:58:17.273+0000] {processor.py:914} INFO - Processing file /home/airflow/.local/lib/python3.12/site-packages/airflow/example_dags/example_sla_dag.py for tasks to queue
[2025-11-14T15:58:17.275+0000] {logging_mixin.py:190} INFO - [2025-11-14T15:58:17.275+0000] {dagbag.py:588} INFO - Filling up the DagBag from /home/airflow/.local/lib/python3.12/site-packages/airflow/example_dags/example_sla_dag.py
[2025-11-14T15:58:17.283+0000] {processor.py:925} INFO - DAG(s) 'example_sla_dag' retrieved from /home/airflow/.local/lib/python3.12/site-packages/airflow/example_dags/example_sla_dag.py
[2025-11-14T15:58:17.298+0000] {logging_mixin.py:190} INFO - [2025-11-14T15:58:17.298+0000] {dag.py:3239} INFO - Sync 1 DAGs
[2025-11-14T15:58:17.316+0000] {logging_mixin.py:190} INFO - [2025-11-14T15:58:17.316+0000] {dag.py:4180} INFO - Setting next_dagrun for example_sla_dag to 2025-11-14 15:56:00+00:00, run_after=2025-11-14 15:58:00+00:00
[2025-11-14T15:58:17.329+0000] {processor.py:208} INFO - Processing /home/airflow/.local/lib/python3.12/site-packages/airflow/example_dags/example_sla_dag.py took 0.061 seconds
[2025-11-14T15:58:48.680+0000] {processor.py:186} INFO - Started process (PID=665) to work on /home/airflow/.local/lib/python3.12/site-packages/airflow/example_dags/example_sla_dag.py
[2025-11-14T15:58:48.681+0000] {processor.py:914} INFO - Processing file /home/airflow/.local/lib/python3.12/site-packages/airflow/example_dags/example_sla_dag.py for tasks to queue
[2025-11-14T15:58:48.682+0000] {logging_mixin.py:190} INFO - [2025-11-14T15:58:48.682+0000] {dagbag.py:588} INFO - Filling up the DagBag from /home/airflow/.local/lib/python3.12/site-packages/airflow/example_dags/example_sla_dag.py
[2025-11-14T15:58:48.689+0000] {processor.py:925} INFO - DAG(s) 'example_sla_dag' retrieved from /home/airflow/.local/lib/python3.12/site-packages/airflow/example_dags/example_sla_dag.py
[2025-11-14T15:58:48.703+0000] {logging_mixin.py:190} INFO - [2025-11-14T15:58:48.703+0000] {dag.py:3239} INFO - Sync 1 DAGs
[2025-11-14T15:58:48.723+0000] {logging_mixin.py:190} INFO - [2025-11-14T15:58:48.723+0000] {dag.py:4180} INFO - Setting next_dagrun for example_sla_dag to 2025-11-14 15:56:00+00:00, run_after=2025-11-14 15:58:00+00:00
[2025-11-14T15:58:48.739+0000] {processor.py:208} INFO - Processing /home/airflow/.local/lib/python3.12/site-packages/airflow/example_dags/example_sla_dag.py took 0.064 seconds
[2025-11-14T15:59:19.275+0000] {processor.py:186} INFO - Started process (PID=730) to work on /home/airflow/.local/lib/python3.12/site-packages/airflow/example_dags/example_sla_dag.py
[2025-11-14T15:59:19.276+0000] {processor.py:914} INFO - Processing file /home/airflow/.local/lib/python3.12/site-packages/airflow/example_dags/example_sla_dag.py for tasks to queue
[2025-11-14T15:59:19.277+0000] {logging_mixin.py:190} INFO - [2025-11-14T15:59:19.277+0000] {dagbag.py:588} INFO - Filling up the DagBag from /home/airflow/.local/lib/python3.12/site-packages/airflow/example_dags/example_sla_dag.py
[2025-11-14T15:59:19.284+0000] {processor.py:925} INFO - DAG(s) 'example_sla_dag' retrieved from /home/airflow/.local/lib/python3.12/site-packages/airflow/example_dags/example_sla_dag.py
[2025-11-14T15:59:19.298+0000] {logging_mixin.py:190} INFO - [2025-11-14T15:59:19.298+0000] {dag.py:3239} INFO - Sync 1 DAGs
[2025-11-14T15:59:19.316+0000] {logging_mixin.py:190} INFO - [2025-11-14T15:59:19.315+0000] {dag.py:4180} INFO - Setting next_dagrun for example_sla_dag to 2025-11-14 15:56:00+00:00, run_after=2025-11-14 15:58:00+00:00
[2025-11-14T15:59:19.329+0000] {processor.py:208} INFO - Processing /home/airflow/.local/lib/python3.12/site-packages/airflow/example_dags/example_sla_dag.py took 0.058 seconds
[2025-11-14T15:59:49.961+0000] {processor.py:186} INFO - Started process (PID=795) to work on /home/airflow/.local/lib/python3.12/site-packages/airflow/example_dags/example_sla_dag.py
[2025-11-14T15:59:49.962+0000] {processor.py:914} INFO - Processing file /home/airflow/.local/lib/python3.12/site-packages/airflow/example_dags/example_sla_dag.py for tasks to queue
[2025-11-14T15:59:49.964+0000] {logging_mixin.py:190} INFO - [2025-11-14T15:59:49.963+0000] {dagbag.py:588} INFO - Filling up the DagBag from /home/airflow/.local/lib/python3.12/site-packages/airflow/example_dags/example_sla_dag.py
[2025-11-14T15:59:49.971+0000] {processor.py:925} INFO - DAG(s) 'example_sla_dag' retrieved from /home/airflow/.local/lib/python3.12/site-packages/airflow/example_dags/example_sla_dag.py
[2025-11-14T15:59:49.986+0000] {logging_mixin.py:190} INFO - [2025-11-14T15:59:49.985+0000] {dag.py:3239} INFO - Sync 1 DAGs
[2025-11-14T15:59:50.006+0000] {logging_mixin.py:190} INFO - [2025-11-14T15:59:50.006+0000] {dag.py:4180} INFO - Setting next_dagrun for example_sla_dag to 2025-11-14 15:56:00+00:00, run_after=2025-11-14 15:58:00+00:00
[2025-11-14T15:59:50.022+0000] {processor.py:208} INFO - Processing /home/airflow/.local/lib/python3.12/site-packages/airflow/example_dags/example_sla_dag.py took 0.065 seconds
[2025-11-14T16:00:21.107+0000] {processor.py:186} INFO - Started process (PID=860) to work on /home/airflow/.local/lib/python3.12/site-packages/airflow/example_dags/example_sla_dag.py
[2025-11-14T16:00:21.108+0000] {processor.py:914} INFO - Processing file /home/airflow/.local/lib/python3.12/site-packages/airflow/example_dags/example_sla_dag.py for tasks to queue
[2025-11-14T16:00:21.109+0000] {logging_mixin.py:190} INFO - [2025-11-14T16:00:21.109+0000] {dagbag.py:588} INFO - Filling up the DagBag from /home/airflow/.local/lib/python3.12/site-packages/airflow/example_dags/example_sla_dag.py
[2025-11-14T16:00:21.117+0000] {processor.py:925} INFO - DAG(s) 'example_sla_dag' retrieved from /home/airflow/.local/lib/python3.12/site-packages/airflow/example_dags/example_sla_dag.py
[2025-11-14T16:00:21.133+0000] {logging_mixin.py:190} INFO - [2025-11-14T16:00:21.132+0000] {dag.py:3239} INFO - Sync 1 DAGs
[2025-11-14T16:00:21.152+0000] {logging_mixin.py:190} INFO - [2025-11-14T16:00:21.151+0000] {dag.py:4180} INFO - Setting next_dagrun for example_sla_dag to 2025-11-14 15:58:00+00:00, run_after=2025-11-14 16:00:00+00:00
[2025-11-14T16:00:21.167+0000] {processor.py:208} INFO - Processing /home/airflow/.local/lib/python3.12/site-packages/airflow/example_dags/example_sla_dag.py took 0.065 seconds
[2025-11-14T16:00:55.687+0000] {processor.py:186} INFO - Started process (PID=81) to work on /home/airflow/.local/lib/python3.12/site-packages/airflow/example_dags/example_sla_dag.py
[2025-11-14T16:00:55.688+0000] {processor.py:914} INFO - Processing file /home/airflow/.local/lib/python3.12/site-packages/airflow/example_dags/example_sla_dag.py for tasks to queue
[2025-11-14T16:00:55.691+0000] {logging_mixin.py:190} INFO - [2025-11-14T16:00:55.691+0000] {dagbag.py:588} INFO - Filling up the DagBag from /home/airflow/.local/lib/python3.12/site-packages/airflow/example_dags/example_sla_dag.py
[2025-11-14T16:00:55.699+0000] {processor.py:925} INFO - DAG(s) 'example_sla_dag' retrieved from /home/airflow/.local/lib/python3.12/site-packages/airflow/example_dags/example_sla_dag.py
[2025-11-14T16:00:55.716+0000] {logging_mixin.py:190} INFO - [2025-11-14T16:00:55.715+0000] {dag.py:3239} INFO - Sync 1 DAGs
[2025-11-14T16:00:55.733+0000] {logging_mixin.py:190} INFO - [2025-11-14T16:00:55.733+0000] {dag.py:4180} INFO - Setting next_dagrun for example_sla_dag to 2025-11-14 15:58:00+00:00, run_after=2025-11-14 16:00:00+00:00
[2025-11-14T16:00:55.746+0000] {processor.py:208} INFO - Processing /home/airflow/.local/lib/python3.12/site-packages/airflow/example_dags/example_sla_dag.py took 0.063 seconds
[2025-11-14T16:01:26.266+0000] {processor.py:186} INFO - Started process (PID=146) to work on /home/airflow/.local/lib/python3.12/site-packages/airflow/example_dags/example_sla_dag.py
[2025-11-14T16:01:26.267+0000] {processor.py:914} INFO - Processing file /home/airflow/.local/lib/python3.12/site-packages/airflow/example_dags/example_sla_dag.py for tasks to queue
[2025-11-14T16:01:26.269+0000] {logging_mixin.py:190} INFO - [2025-11-14T16:01:26.269+0000] {dagbag.py:588} INFO - Filling up the DagBag from /home/airflow/.local/lib/python3.12/site-packages/airflow/example_dags/example_sla_dag.py
[2025-11-14T16:01:26.276+0000] {processor.py:925} INFO - DAG(s) 'example_sla_dag' retrieved from /home/airflow/.local/lib/python3.12/site-packages/airflow/example_dags/example_sla_dag.py
[2025-11-14T16:01:26.289+0000] {logging_mixin.py:190} INFO - [2025-11-14T16:01:26.289+0000] {dag.py:3239} INFO - Sync 1 DAGs
[2025-11-14T16:01:26.306+0000] {logging_mixin.py:190} INFO - [2025-11-14T16:01:26.305+0000] {dag.py:4180} INFO - Setting next_dagrun for example_sla_dag to 2025-11-14 15:58:00+00:00, run_after=2025-11-14 16:00:00+00:00
[2025-11-14T16:01:26.318+0000] {processor.py:208} INFO - Processing /home/airflow/.local/lib/python3.12/site-packages/airflow/example_dags/example_sla_dag.py took 0.056 seconds
[2025-11-14T16:01:57.807+0000] {processor.py:186} INFO - Started process (PID=211) to work on /home/airflow/.local/lib/python3.12/site-packages/airflow/example_dags/example_sla_dag.py
[2025-11-14T16:01:57.808+0000] {processor.py:914} INFO - Processing file /home/airflow/.local/lib/python3.12/site-packages/airflow/example_dags/example_sla_dag.py for tasks to queue
[2025-11-14T16:01:57.810+0000] {logging_mixin.py:190} INFO - [2025-11-14T16:01:57.810+0000] {dagbag.py:588} INFO - Filling up the DagBag from /home/airflow/.local/lib/python3.12/site-packages/airflow/example_dags/example_sla_dag.py
[2025-11-14T16:01:57.818+0000] {processor.py:925} INFO - DAG(s) 'example_sla_dag' retrieved from /home/airflow/.local/lib/python3.12/site-packages/airflow/example_dags/example_sla_dag.py
[2025-11-14T16:01:57.831+0000] {logging_mixin.py:190} INFO - [2025-11-14T16:01:57.831+0000] {dag.py:3239} INFO - Sync 1 DAGs
[2025-11-14T16:01:57.848+0000] {logging_mixin.py:190} INFO - [2025-11-14T16:01:57.848+0000] {dag.py:4180} INFO - Setting next_dagrun for example_sla_dag to 2025-11-14 15:58:00+00:00, run_after=2025-11-14 16:00:00+00:00
[2025-11-14T16:01:57.859+0000] {processor.py:208} INFO - Processing /home/airflow/.local/lib/python3.12/site-packages/airflow/example_dags/example_sla_dag.py took 0.056 seconds
[2025-11-14T16:02:28.355+0000] {processor.py:186} INFO - Started process (PID=276) to work on /home/airflow/.local/lib/python3.12/site-packages/airflow/example_dags/example_sla_dag.py
[2025-11-14T16:02:28.356+0000] {processor.py:914} INFO - Processing file /home/airflow/.local/lib/python3.12/site-packages/airflow/example_dags/example_sla_dag.py for tasks to queue
[2025-11-14T16:02:28.358+0000] {logging_mixin.py:190} INFO - [2025-11-14T16:02:28.358+0000] {dagbag.py:588} INFO - Filling up the DagBag from /home/airflow/.local/lib/python3.12/site-packages/airflow/example_dags/example_sla_dag.py
[2025-11-14T16:02:28.366+0000] {processor.py:925} INFO - DAG(s) 'example_sla_dag' retrieved from /home/airflow/.local/lib/python3.12/site-packages/airflow/example_dags/example_sla_dag.py
[2025-11-14T16:02:28.381+0000] {logging_mixin.py:190} INFO - [2025-11-14T16:02:28.381+0000] {dag.py:3239} INFO - Sync 1 DAGs
[2025-11-14T16:02:28.398+0000] {logging_mixin.py:190} INFO - [2025-11-14T16:02:28.398+0000] {dag.py:4180} INFO - Setting next_dagrun for example_sla_dag to 2025-11-14 16:00:00+00:00, run_after=2025-11-14 16:02:00+00:00
[2025-11-14T16:02:28.412+0000] {processor.py:208} INFO - Processing /home/airflow/.local/lib/python3.12/site-packages/airflow/example_dags/example_sla_dag.py took 0.061 seconds
[2025-11-14T16:02:59.615+0000] {processor.py:186} INFO - Started process (PID=341) to work on /home/airflow/.local/lib/python3.12/site-packages/airflow/example_dags/example_sla_dag.py
[2025-11-14T16:02:59.616+0000] {processor.py:914} INFO - Processing file /home/airflow/.local/lib/python3.12/site-packages/airflow/example_dags/example_sla_dag.py for tasks to queue
[2025-11-14T16:02:59.618+0000] {logging_mixin.py:190} INFO - [2025-11-14T16:02:59.618+0000] {dagbag.py:588} INFO - Filling up the DagBag from /home/airflow/.local/lib/python3.12/site-packages/airflow/example_dags/example_sla_dag.py
[2025-11-14T16:02:59.626+0000] {processor.py:925} INFO - DAG(s) 'example_sla_dag' retrieved from /home/airflow/.local/lib/python3.12/site-packages/airflow/example_dags/example_sla_dag.py
[2025-11-14T16:02:59.640+0000] {logging_mixin.py:190} INFO - [2025-11-14T16:02:59.640+0000] {dag.py:3239} INFO - Sync 1 DAGs
[2025-11-14T16:02:59.656+0000] {logging_mixin.py:190} INFO - [2025-11-14T16:02:59.656+0000] {dag.py:4180} INFO - Setting next_dagrun for example_sla_dag to 2025-11-14 16:00:00+00:00, run_after=2025-11-14 16:02:00+00:00
[2025-11-14T16:02:59.669+0000] {processor.py:208} INFO - Processing /home/airflow/.local/lib/python3.12/site-packages/airflow/example_dags/example_sla_dag.py took 0.058 seconds
[2025-11-14T16:03:31.204+0000] {processor.py:186} INFO - Started process (PID=406) to work on /home/airflow/.local/lib/python3.12/site-packages/airflow/example_dags/example_sla_dag.py
[2025-11-14T16:03:31.206+0000] {processor.py:914} INFO - Processing file /home/airflow/.local/lib/python3.12/site-packages/airflow/example_dags/example_sla_dag.py for tasks to queue
[2025-11-14T16:03:31.208+0000] {logging_mixin.py:190} INFO - [2025-11-14T16:03:31.208+0000] {dagbag.py:588} INFO - Filling up the DagBag from /home/airflow/.local/lib/python3.12/site-packages/airflow/example_dags/example_sla_dag.py
[2025-11-14T16:03:31.215+0000] {processor.py:925} INFO - DAG(s) 'example_sla_dag' retrieved from /home/airflow/.local/lib/python3.12/site-packages/airflow/example_dags/example_sla_dag.py
[2025-11-14T16:03:31.229+0000] {logging_mixin.py:190} INFO - [2025-11-14T16:03:31.229+0000] {dag.py:3239} INFO - Sync 1 DAGs
[2025-11-14T16:03:31.248+0000] {logging_mixin.py:190} INFO - [2025-11-14T16:03:31.248+0000] {dag.py:4180} INFO - Setting next_dagrun for example_sla_dag to 2025-11-14 16:00:00+00:00, run_after=2025-11-14 16:02:00+00:00
[2025-11-14T16:03:31.262+0000] {processor.py:208} INFO - Processing /home/airflow/.local/lib/python3.12/site-packages/airflow/example_dags/example_sla_dag.py took 0.061 seconds
[2025-11-14T16:04:02.010+0000] {processor.py:186} INFO - Started process (PID=471) to work on /home/airflow/.local/lib/python3.12/site-packages/airflow/example_dags/example_sla_dag.py
[2025-11-14T16:04:02.012+0000] {processor.py:914} INFO - Processing file /home/airflow/.local/lib/python3.12/site-packages/airflow/example_dags/example_sla_dag.py for tasks to queue
[2025-11-14T16:04:02.014+0000] {logging_mixin.py:190} INFO - [2025-11-14T16:04:02.014+0000] {dagbag.py:588} INFO - Filling up the DagBag from /home/airflow/.local/lib/python3.12/site-packages/airflow/example_dags/example_sla_dag.py
[2025-11-14T16:04:02.022+0000] {processor.py:925} INFO - DAG(s) 'example_sla_dag' retrieved from /home/airflow/.local/lib/python3.12/site-packages/airflow/example_dags/example_sla_dag.py
[2025-11-14T16:04:02.039+0000] {logging_mixin.py:190} INFO - [2025-11-14T16:04:02.038+0000] {dag.py:3239} INFO - Sync 1 DAGs
[2025-11-14T16:04:02.058+0000] {logging_mixin.py:190} INFO - [2025-11-14T16:04:02.058+0000] {dag.py:4180} INFO - Setting next_dagrun for example_sla_dag to 2025-11-14 16:02:00+00:00, run_after=2025-11-14 16:04:00+00:00
[2025-11-14T16:04:02.071+0000] {processor.py:208} INFO - Processing /home/airflow/.local/lib/python3.12/site-packages/airflow/example_dags/example_sla_dag.py took 0.066 seconds
[2025-11-14T16:04:32.783+0000] {processor.py:186} INFO - Started process (PID=536) to work on /home/airflow/.local/lib/python3.12/site-packages/airflow/example_dags/example_sla_dag.py
[2025-11-14T16:04:32.784+0000] {processor.py:914} INFO - Processing file /home/airflow/.local/lib/python3.12/site-packages/airflow/example_dags/example_sla_dag.py for tasks to queue
[2025-11-14T16:04:32.787+0000] {logging_mixin.py:190} INFO - [2025-11-14T16:04:32.787+0000] {dagbag.py:588} INFO - Filling up the DagBag from /home/airflow/.local/lib/python3.12/site-packages/airflow/example_dags/example_sla_dag.py
[2025-11-14T16:04:32.795+0000] {processor.py:925} INFO - DAG(s) 'example_sla_dag' retrieved from /home/airflow/.local/lib/python3.12/site-packages/airflow/example_dags/example_sla_dag.py
[2025-11-14T16:04:32.809+0000] {logging_mixin.py:190} INFO - [2025-11-14T16:04:32.809+0000] {dag.py:3239} INFO - Sync 1 DAGs
[2025-11-14T16:04:32.826+0000] {logging_mixin.py:190} INFO - [2025-11-14T16:04:32.826+0000] {dag.py:4180} INFO - Setting next_dagrun for example_sla_dag to 2025-11-14 16:02:00+00:00, run_after=2025-11-14 16:04:00+00:00
[2025-11-14T16:04:32.844+0000] {processor.py:208} INFO - Processing /home/airflow/.local/lib/python3.12/site-packages/airflow/example_dags/example_sla_dag.py took 0.065 seconds
[2025-11-14T16:05:03.942+0000] {processor.py:186} INFO - Started process (PID=601) to work on /home/airflow/.local/lib/python3.12/site-packages/airflow/example_dags/example_sla_dag.py
[2025-11-14T16:05:03.943+0000] {processor.py:914} INFO - Processing file /home/airflow/.local/lib/python3.12/site-packages/airflow/example_dags/example_sla_dag.py for tasks to queue
[2025-11-14T16:05:03.945+0000] {logging_mixin.py:190} INFO - [2025-11-14T16:05:03.945+0000] {dagbag.py:588} INFO - Filling up the DagBag from /home/airflow/.local/lib/python3.12/site-packages/airflow/example_dags/example_sla_dag.py
[2025-11-14T16:05:03.953+0000] {processor.py:925} INFO - DAG(s) 'example_sla_dag' retrieved from /home/airflow/.local/lib/python3.12/site-packages/airflow/example_dags/example_sla_dag.py
[2025-11-14T16:05:03.967+0000] {logging_mixin.py:190} INFO - [2025-11-14T16:05:03.967+0000] {dag.py:3239} INFO - Sync 1 DAGs
[2025-11-14T16:05:03.983+0000] {logging_mixin.py:190} INFO - [2025-11-14T16:05:03.983+0000] {dag.py:4180} INFO - Setting next_dagrun for example_sla_dag to 2025-11-14 16:02:00+00:00, run_after=2025-11-14 16:04:00+00:00
[2025-11-14T16:05:03.995+0000] {processor.py:208} INFO - Processing /home/airflow/.local/lib/python3.12/site-packages/airflow/example_dags/example_sla_dag.py took 0.057 seconds
[2025-11-14T16:05:35.179+0000] {processor.py:186} INFO - Started process (PID=666) to work on /home/airflow/.local/lib/python3.12/site-packages/airflow/example_dags/example_sla_dag.py
[2025-11-14T16:05:35.180+0000] {processor.py:914} INFO - Processing file /home/airflow/.local/lib/python3.12/site-packages/airflow/example_dags/example_sla_dag.py for tasks to queue
[2025-11-14T16:05:35.182+0000] {logging_mixin.py:190} INFO - [2025-11-14T16:05:35.182+0000] {dagbag.py:588} INFO - Filling up the DagBag from /home/airflow/.local/lib/python3.12/site-packages/airflow/example_dags/example_sla_dag.py
[2025-11-14T16:05:35.190+0000] {processor.py:925} INFO - DAG(s) 'example_sla_dag' retrieved from /home/airflow/.local/lib/python3.12/site-packages/airflow/example_dags/example_sla_dag.py
[2025-11-14T16:05:35.204+0000] {logging_mixin.py:190} INFO - [2025-11-14T16:05:35.204+0000] {dag.py:3239} INFO - Sync 1 DAGs
[2025-11-14T16:05:35.220+0000] {logging_mixin.py:190} INFO - [2025-11-14T16:05:35.220+0000] {dag.py:4180} INFO - Setting next_dagrun for example_sla_dag to 2025-11-14 16:02:00+00:00, run_after=2025-11-14 16:04:00+00:00
[2025-11-14T16:05:35.232+0000] {processor.py:208} INFO - Processing /home/airflow/.local/lib/python3.12/site-packages/airflow/example_dags/example_sla_dag.py took 0.057 seconds
[2025-11-14T16:06:05.766+0000] {processor.py:186} INFO - Started process (PID=731) to work on /home/airflow/.local/lib/python3.12/site-packages/airflow/example_dags/example_sla_dag.py
[2025-11-14T16:06:05.767+0000] {processor.py:914} INFO - Processing file /home/airflow/.local/lib/python3.12/site-packages/airflow/example_dags/example_sla_dag.py for tasks to queue
[2025-11-14T16:06:05.770+0000] {logging_mixin.py:190} INFO - [2025-11-14T16:06:05.769+0000] {dagbag.py:588} INFO - Filling up the DagBag from /home/airflow/.local/lib/python3.12/site-packages/airflow/example_dags/example_sla_dag.py
[2025-11-14T16:06:05.777+0000] {processor.py:925} INFO - DAG(s) 'example_sla_dag' retrieved from /home/airflow/.local/lib/python3.12/site-packages/airflow/example_dags/example_sla_dag.py
[2025-11-14T16:06:05.790+0000] {logging_mixin.py:190} INFO - [2025-11-14T16:06:05.790+0000] {dag.py:3239} INFO - Sync 1 DAGs
[2025-11-14T16:06:05.807+0000] {logging_mixin.py:190} INFO - [2025-11-14T16:06:05.807+0000] {dag.py:4180} INFO - Setting next_dagrun for example_sla_dag to 2025-11-14 16:04:00+00:00, run_after=2025-11-14 16:06:00+00:00
[2025-11-14T16:06:05.819+0000] {processor.py:208} INFO - Processing /home/airflow/.local/lib/python3.12/site-packages/airflow/example_dags/example_sla_dag.py took 0.057 seconds
[2025-11-14T16:06:36.476+0000] {processor.py:186} INFO - Started process (PID=796) to work on /home/airflow/.local/lib/python3.12/site-packages/airflow/example_dags/example_sla_dag.py
[2025-11-14T16:06:36.477+0000] {processor.py:914} INFO - Processing file /home/airflow/.local/lib/python3.12/site-packages/airflow/example_dags/example_sla_dag.py for tasks to queue
[2025-11-14T16:06:36.479+0000] {logging_mixin.py:190} INFO - [2025-11-14T16:06:36.478+0000] {dagbag.py:588} INFO - Filling up the DagBag from /home/airflow/.local/lib/python3.12/site-packages/airflow/example_dags/example_sla_dag.py
[2025-11-14T16:06:36.486+0000] {processor.py:925} INFO - DAG(s) 'example_sla_dag' retrieved from /home/airflow/.local/lib/python3.12/site-packages/airflow/example_dags/example_sla_dag.py
[2025-11-14T16:06:36.500+0000] {logging_mixin.py:190} INFO - [2025-11-14T16:06:36.499+0000] {dag.py:3239} INFO - Sync 1 DAGs
[2025-11-14T16:06:36.516+0000] {logging_mixin.py:190} INFO - [2025-11-14T16:06:36.516+0000] {dag.py:4180} INFO - Setting next_dagrun for example_sla_dag to 2025-11-14 16:04:00+00:00, run_after=2025-11-14 16:06:00+00:00
[2025-11-14T16:06:36.529+0000] {processor.py:208} INFO - Processing /home/airflow/.local/lib/python3.12/site-packages/airflow/example_dags/example_sla_dag.py took 0.057 seconds
[2025-11-14T16:07:07.669+0000] {processor.py:186} INFO - Started process (PID=861) to work on /home/airflow/.local/lib/python3.12/site-packages/airflow/example_dags/example_sla_dag.py
[2025-11-14T16:07:07.670+0000] {processor.py:914} INFO - Processing file /home/airflow/.local/lib/python3.12/site-packages/airflow/example_dags/example_sla_dag.py for tasks to queue
[2025-11-14T16:07:07.672+0000] {logging_mixin.py:190} INFO - [2025-11-14T16:07:07.672+0000] {dagbag.py:588} INFO - Filling up the DagBag from /home/airflow/.local/lib/python3.12/site-packages/airflow/example_dags/example_sla_dag.py
[2025-11-14T16:07:07.680+0000] {processor.py:925} INFO - DAG(s) 'example_sla_dag' retrieved from /home/airflow/.local/lib/python3.12/site-packages/airflow/example_dags/example_sla_dag.py
[2025-11-14T16:07:07.694+0000] {logging_mixin.py:190} INFO - [2025-11-14T16:07:07.694+0000] {dag.py:3239} INFO - Sync 1 DAGs
[2025-11-14T16:07:07.712+0000] {logging_mixin.py:190} INFO - [2025-11-14T16:07:07.712+0000] {dag.py:4180} INFO - Setting next_dagrun for example_sla_dag to 2025-11-14 16:04:00+00:00, run_after=2025-11-14 16:06:00+00:00
[2025-11-14T16:07:07.725+0000] {processor.py:208} INFO - Processing /home/airflow/.local/lib/python3.12/site-packages/airflow/example_dags/example_sla_dag.py took 0.060 seconds
[2025-11-14T16:08:00.032+0000] {processor.py:186} INFO - Started process (PID=81) to work on /home/airflow/.local/lib/python3.12/site-packages/airflow/example_dags/example_sla_dag.py
[2025-11-14T16:08:00.034+0000] {processor.py:914} INFO - Processing file /home/airflow/.local/lib/python3.12/site-packages/airflow/example_dags/example_sla_dag.py for tasks to queue
[2025-11-14T16:08:00.036+0000] {logging_mixin.py:190} INFO - [2025-11-14T16:08:00.035+0000] {dagbag.py:588} INFO - Filling up the DagBag from /home/airflow/.local/lib/python3.12/site-packages/airflow/example_dags/example_sla_dag.py
[2025-11-14T16:08:00.043+0000] {processor.py:925} INFO - DAG(s) 'example_sla_dag' retrieved from /home/airflow/.local/lib/python3.12/site-packages/airflow/example_dags/example_sla_dag.py
[2025-11-14T16:08:00.061+0000] {logging_mixin.py:190} INFO - [2025-11-14T16:08:00.061+0000] {dag.py:3239} INFO - Sync 1 DAGs
[2025-11-14T16:08:00.083+0000] {logging_mixin.py:190} INFO - [2025-11-14T16:08:00.083+0000] {dag.py:4180} INFO - Setting next_dagrun for example_sla_dag to 2025-11-14 16:06:00+00:00, run_after=2025-11-14 16:08:00+00:00
[2025-11-14T16:08:00.098+0000] {processor.py:208} INFO - Processing /home/airflow/.local/lib/python3.12/site-packages/airflow/example_dags/example_sla_dag.py took 0.070 seconds
[2025-11-14T16:08:30.476+0000] {processor.py:186} INFO - Started process (PID=151) to work on /home/airflow/.local/lib/python3.12/site-packages/airflow/example_dags/example_sla_dag.py
[2025-11-14T16:08:30.477+0000] {processor.py:914} INFO - Processing file /home/airflow/.local/lib/python3.12/site-packages/airflow/example_dags/example_sla_dag.py for tasks to queue
[2025-11-14T16:08:30.479+0000] {logging_mixin.py:190} INFO - [2025-11-14T16:08:30.479+0000] {dagbag.py:588} INFO - Filling up the DagBag from /home/airflow/.local/lib/python3.12/site-packages/airflow/example_dags/example_sla_dag.py
[2025-11-14T16:08:30.487+0000] {processor.py:925} INFO - DAG(s) 'example_sla_dag' retrieved from /home/airflow/.local/lib/python3.12/site-packages/airflow/example_dags/example_sla_dag.py
[2025-11-14T16:08:30.503+0000] {logging_mixin.py:190} INFO - [2025-11-14T16:08:30.503+0000] {dag.py:3239} INFO - Sync 1 DAGs
[2025-11-14T16:08:30.521+0000] {logging_mixin.py:190} INFO - [2025-11-14T16:08:30.521+0000] {dag.py:4180} INFO - Setting next_dagrun for example_sla_dag to 2025-11-14 16:06:00+00:00, run_after=2025-11-14 16:08:00+00:00
[2025-11-14T16:08:30.534+0000] {processor.py:208} INFO - Processing /home/airflow/.local/lib/python3.12/site-packages/airflow/example_dags/example_sla_dag.py took 0.063 seconds
[2025-11-14T16:09:01.512+0000] {processor.py:186} INFO - Started process (PID=217) to work on /home/airflow/.local/lib/python3.12/site-packages/airflow/example_dags/example_sla_dag.py
[2025-11-14T16:09:01.513+0000] {processor.py:914} INFO - Processing file /home/airflow/.local/lib/python3.12/site-packages/airflow/example_dags/example_sla_dag.py for tasks to queue
[2025-11-14T16:09:01.516+0000] {logging_mixin.py:190} INFO - [2025-11-14T16:09:01.515+0000] {dagbag.py:588} INFO - Filling up the DagBag from /home/airflow/.local/lib/python3.12/site-packages/airflow/example_dags/example_sla_dag.py
[2025-11-14T16:09:01.523+0000] {processor.py:925} INFO - DAG(s) 'example_sla_dag' retrieved from /home/airflow/.local/lib/python3.12/site-packages/airflow/example_dags/example_sla_dag.py
[2025-11-14T16:09:01.537+0000] {logging_mixin.py:190} INFO - [2025-11-14T16:09:01.537+0000] {dag.py:3239} INFO - Sync 1 DAGs
[2025-11-14T16:09:01.553+0000] {logging_mixin.py:190} INFO - [2025-11-14T16:09:01.553+0000] {dag.py:4180} INFO - Setting next_dagrun for example_sla_dag to 2025-11-14 16:06:00+00:00, run_after=2025-11-14 16:08:00+00:00
[2025-11-14T16:09:01.566+0000] {processor.py:208} INFO - Processing /home/airflow/.local/lib/python3.12/site-packages/airflow/example_dags/example_sla_dag.py took 0.058 seconds
[2025-11-14T16:09:32.212+0000] {processor.py:186} INFO - Started process (PID=282) to work on /home/airflow/.local/lib/python3.12/site-packages/airflow/example_dags/example_sla_dag.py
[2025-11-14T16:09:32.212+0000] {processor.py:914} INFO - Processing file /home/airflow/.local/lib/python3.12/site-packages/airflow/example_dags/example_sla_dag.py for tasks to queue
[2025-11-14T16:09:32.215+0000] {logging_mixin.py:190} INFO - [2025-11-14T16:09:32.214+0000] {dagbag.py:588} INFO - Filling up the DagBag from /home/airflow/.local/lib/python3.12/site-packages/airflow/example_dags/example_sla_dag.py
[2025-11-14T16:09:32.222+0000] {processor.py:925} INFO - DAG(s) 'example_sla_dag' retrieved from /home/airflow/.local/lib/python3.12/site-packages/airflow/example_dags/example_sla_dag.py
[2025-11-14T16:09:32.236+0000] {logging_mixin.py:190} INFO - [2025-11-14T16:09:32.236+0000] {dag.py:3239} INFO - Sync 1 DAGs
[2025-11-14T16:09:32.253+0000] {logging_mixin.py:190} INFO - [2025-11-14T16:09:32.253+0000] {dag.py:4180} INFO - Setting next_dagrun for example_sla_dag to 2025-11-14 16:06:00+00:00, run_after=2025-11-14 16:08:00+00:00
[2025-11-14T16:09:32.267+0000] {processor.py:208} INFO - Processing /home/airflow/.local/lib/python3.12/site-packages/airflow/example_dags/example_sla_dag.py took 0.059 seconds
[2025-11-14T16:10:39.521+0000] {processor.py:186} INFO - Started process (PID=82) to work on /home/airflow/.local/lib/python3.12/site-packages/airflow/example_dags/example_sla_dag.py
[2025-11-14T16:10:39.522+0000] {processor.py:914} INFO - Processing file /home/airflow/.local/lib/python3.12/site-packages/airflow/example_dags/example_sla_dag.py for tasks to queue
[2025-11-14T16:10:39.525+0000] {logging_mixin.py:190} INFO - [2025-11-14T16:10:39.525+0000] {dagbag.py:588} INFO - Filling up the DagBag from /home/airflow/.local/lib/python3.12/site-packages/airflow/example_dags/example_sla_dag.py
[2025-11-14T16:10:39.535+0000] {processor.py:925} INFO - DAG(s) 'example_sla_dag' retrieved from /home/airflow/.local/lib/python3.12/site-packages/airflow/example_dags/example_sla_dag.py
[2025-11-14T16:10:39.555+0000] {logging_mixin.py:190} INFO - [2025-11-14T16:10:39.554+0000] {dag.py:3239} INFO - Sync 1 DAGs
[2025-11-14T16:10:39.578+0000] {logging_mixin.py:190} INFO - [2025-11-14T16:10:39.578+0000] {dag.py:4180} INFO - Setting next_dagrun for example_sla_dag to 2025-11-14 16:08:00+00:00, run_after=2025-11-14 16:10:00+00:00
[2025-11-14T16:10:39.596+0000] {processor.py:208} INFO - Processing /home/airflow/.local/lib/python3.12/site-packages/airflow/example_dags/example_sla_dag.py took 0.080 seconds
[2025-11-14T16:11:09.845+0000] {processor.py:186} INFO - Started process (PID=151) to work on /home/airflow/.local/lib/python3.12/site-packages/airflow/example_dags/example_sla_dag.py
[2025-11-14T16:11:09.846+0000] {processor.py:914} INFO - Processing file /home/airflow/.local/lib/python3.12/site-packages/airflow/example_dags/example_sla_dag.py for tasks to queue
[2025-11-14T16:11:09.848+0000] {logging_mixin.py:190} INFO - [2025-11-14T16:11:09.848+0000] {dagbag.py:588} INFO - Filling up the DagBag from /home/airflow/.local/lib/python3.12/site-packages/airflow/example_dags/example_sla_dag.py
[2025-11-14T16:11:09.856+0000] {processor.py:925} INFO - DAG(s) 'example_sla_dag' retrieved from /home/airflow/.local/lib/python3.12/site-packages/airflow/example_dags/example_sla_dag.py
[2025-11-14T16:11:09.870+0000] {logging_mixin.py:190} INFO - [2025-11-14T16:11:09.870+0000] {dag.py:3239} INFO - Sync 1 DAGs
[2025-11-14T16:11:09.887+0000] {logging_mixin.py:190} INFO - [2025-11-14T16:11:09.887+0000] {dag.py:4180} INFO - Setting next_dagrun for example_sla_dag to 2025-11-14 16:08:00+00:00, run_after=2025-11-14 16:10:00+00:00
[2025-11-14T16:11:09.900+0000] {processor.py:208} INFO - Processing /home/airflow/.local/lib/python3.12/site-packages/airflow/example_dags/example_sla_dag.py took 0.060 seconds
[2025-11-14T16:11:40.542+0000] {processor.py:186} INFO - Started process (PID=216) to work on /home/airflow/.local/lib/python3.12/site-packages/airflow/example_dags/example_sla_dag.py
[2025-11-14T16:11:40.543+0000] {processor.py:914} INFO - Processing file /home/airflow/.local/lib/python3.12/site-packages/airflow/example_dags/example_sla_dag.py for tasks to queue
[2025-11-14T16:11:40.545+0000] {logging_mixin.py:190} INFO - [2025-11-14T16:11:40.545+0000] {dagbag.py:588} INFO - Filling up the DagBag from /home/airflow/.local/lib/python3.12/site-packages/airflow/example_dags/example_sla_dag.py
[2025-11-14T16:11:40.553+0000] {processor.py:925} INFO - DAG(s) 'example_sla_dag' retrieved from /home/airflow/.local/lib/python3.12/site-packages/airflow/example_dags/example_sla_dag.py
[2025-11-14T16:11:40.569+0000] {logging_mixin.py:190} INFO - [2025-11-14T16:11:40.569+0000] {dag.py:3239} INFO - Sync 1 DAGs
[2025-11-14T16:11:40.585+0000] {logging_mixin.py:190} INFO - [2025-11-14T16:11:40.585+0000] {dag.py:4180} INFO - Setting next_dagrun for example_sla_dag to 2025-11-14 16:08:00+00:00, run_after=2025-11-14 16:10:00+00:00
[2025-11-14T16:11:40.597+0000] {processor.py:208} INFO - Processing /home/airflow/.local/lib/python3.12/site-packages/airflow/example_dags/example_sla_dag.py took 0.060 seconds
[2025-11-14T16:12:11.852+0000] {processor.py:186} INFO - Started process (PID=281) to work on /home/airflow/.local/lib/python3.12/site-packages/airflow/example_dags/example_sla_dag.py
[2025-11-14T16:12:11.854+0000] {processor.py:914} INFO - Processing file /home/airflow/.local/lib/python3.12/site-packages/airflow/example_dags/example_sla_dag.py for tasks to queue
[2025-11-14T16:12:11.856+0000] {logging_mixin.py:190} INFO - [2025-11-14T16:12:11.856+0000] {dagbag.py:588} INFO - Filling up the DagBag from /home/airflow/.local/lib/python3.12/site-packages/airflow/example_dags/example_sla_dag.py
[2025-11-14T16:12:11.863+0000] {processor.py:925} INFO - DAG(s) 'example_sla_dag' retrieved from /home/airflow/.local/lib/python3.12/site-packages/airflow/example_dags/example_sla_dag.py
[2025-11-14T16:12:11.877+0000] {logging_mixin.py:190} INFO - [2025-11-14T16:12:11.877+0000] {dag.py:3239} INFO - Sync 1 DAGs
[2025-11-14T16:12:11.893+0000] {logging_mixin.py:190} INFO - [2025-11-14T16:12:11.893+0000] {dag.py:4180} INFO - Setting next_dagrun for example_sla_dag to 2025-11-14 16:10:00+00:00, run_after=2025-11-14 16:12:00+00:00
[2025-11-14T16:12:11.905+0000] {processor.py:208} INFO - Processing /home/airflow/.local/lib/python3.12/site-packages/airflow/example_dags/example_sla_dag.py took 0.057 seconds
[2025-11-14T16:12:42.939+0000] {processor.py:186} INFO - Started process (PID=346) to work on /home/airflow/.local/lib/python3.12/site-packages/airflow/example_dags/example_sla_dag.py
[2025-11-14T16:12:42.940+0000] {processor.py:914} INFO - Processing file /home/airflow/.local/lib/python3.12/site-packages/airflow/example_dags/example_sla_dag.py for tasks to queue
[2025-11-14T16:12:42.942+0000] {logging_mixin.py:190} INFO - [2025-11-14T16:12:42.942+0000] {dagbag.py:588} INFO - Filling up the DagBag from /home/airflow/.local/lib/python3.12/site-packages/airflow/example_dags/example_sla_dag.py
[2025-11-14T16:12:42.949+0000] {processor.py:925} INFO - DAG(s) 'example_sla_dag' retrieved from /home/airflow/.local/lib/python3.12/site-packages/airflow/example_dags/example_sla_dag.py
[2025-11-14T16:12:42.962+0000] {logging_mixin.py:190} INFO - [2025-11-14T16:12:42.962+0000] {dag.py:3239} INFO - Sync 1 DAGs
[2025-11-14T16:12:42.978+0000] {logging_mixin.py:190} INFO - [2025-11-14T16:12:42.978+0000] {dag.py:4180} INFO - Setting next_dagrun for example_sla_dag to 2025-11-14 16:10:00+00:00, run_after=2025-11-14 16:12:00+00:00
[2025-11-14T16:12:42.992+0000] {processor.py:208} INFO - Processing /home/airflow/.local/lib/python3.12/site-packages/airflow/example_dags/example_sla_dag.py took 0.058 seconds
[2025-11-14T16:13:14.357+0000] {processor.py:186} INFO - Started process (PID=411) to work on /home/airflow/.local/lib/python3.12/site-packages/airflow/example_dags/example_sla_dag.py
[2025-11-14T16:13:14.359+0000] {processor.py:914} INFO - Processing file /home/airflow/.local/lib/python3.12/site-packages/airflow/example_dags/example_sla_dag.py for tasks to queue
[2025-11-14T16:13:14.362+0000] {logging_mixin.py:190} INFO - [2025-11-14T16:13:14.361+0000] {dagbag.py:588} INFO - Filling up the DagBag from /home/airflow/.local/lib/python3.12/site-packages/airflow/example_dags/example_sla_dag.py
[2025-11-14T16:13:14.371+0000] {processor.py:925} INFO - DAG(s) 'example_sla_dag' retrieved from /home/airflow/.local/lib/python3.12/site-packages/airflow/example_dags/example_sla_dag.py
[2025-11-14T16:13:14.388+0000] {logging_mixin.py:190} INFO - [2025-11-14T16:13:14.388+0000] {dag.py:3239} INFO - Sync 1 DAGs
[2025-11-14T16:13:14.408+0000] {logging_mixin.py:190} INFO - [2025-11-14T16:13:14.408+0000] {dag.py:4180} INFO - Setting next_dagrun for example_sla_dag to 2025-11-14 16:10:00+00:00, run_after=2025-11-14 16:12:00+00:00
[2025-11-14T16:13:14.423+0000] {processor.py:208} INFO - Processing /home/airflow/.local/lib/python3.12/site-packages/airflow/example_dags/example_sla_dag.py took 0.070 seconds
[2025-11-14T16:13:45.705+0000] {processor.py:186} INFO - Started process (PID=476) to work on /home/airflow/.local/lib/python3.12/site-packages/airflow/example_dags/example_sla_dag.py
[2025-11-14T16:13:45.706+0000] {processor.py:914} INFO - Processing file /home/airflow/.local/lib/python3.12/site-packages/airflow/example_dags/example_sla_dag.py for tasks to queue
[2025-11-14T16:13:45.708+0000] {logging_mixin.py:190} INFO - [2025-11-14T16:13:45.708+0000] {dagbag.py:588} INFO - Filling up the DagBag from /home/airflow/.local/lib/python3.12/site-packages/airflow/example_dags/example_sla_dag.py
[2025-11-14T16:13:45.716+0000] {processor.py:925} INFO - DAG(s) 'example_sla_dag' retrieved from /home/airflow/.local/lib/python3.12/site-packages/airflow/example_dags/example_sla_dag.py
[2025-11-14T16:13:45.731+0000] {logging_mixin.py:190} INFO - [2025-11-14T16:13:45.730+0000] {dag.py:3239} INFO - Sync 1 DAGs
[2025-11-14T16:13:45.750+0000] {logging_mixin.py:190} INFO - [2025-11-14T16:13:45.750+0000] {dag.py:4180} INFO - Setting next_dagrun for example_sla_dag to 2025-11-14 16:10:00+00:00, run_after=2025-11-14 16:12:00+00:00
[2025-11-14T16:13:45.763+0000] {processor.py:208} INFO - Processing /home/airflow/.local/lib/python3.12/site-packages/airflow/example_dags/example_sla_dag.py took 0.062 seconds
[2025-11-14T16:14:16.813+0000] {processor.py:186} INFO - Started process (PID=541) to work on /home/airflow/.local/lib/python3.12/site-packages/airflow/example_dags/example_sla_dag.py
[2025-11-14T16:14:16.815+0000] {processor.py:914} INFO - Processing file /home/airflow/.local/lib/python3.12/site-packages/airflow/example_dags/example_sla_dag.py for tasks to queue
[2025-11-14T16:14:16.817+0000] {logging_mixin.py:190} INFO - [2025-11-14T16:14:16.817+0000] {dagbag.py:588} INFO - Filling up the DagBag from /home/airflow/.local/lib/python3.12/site-packages/airflow/example_dags/example_sla_dag.py
[2025-11-14T16:14:16.828+0000] {processor.py:925} INFO - DAG(s) 'example_sla_dag' retrieved from /home/airflow/.local/lib/python3.12/site-packages/airflow/example_dags/example_sla_dag.py
[2025-11-14T16:14:16.843+0000] {logging_mixin.py:190} INFO - [2025-11-14T16:14:16.843+0000] {dag.py:3239} INFO - Sync 1 DAGs
[2025-11-14T16:14:16.862+0000] {logging_mixin.py:190} INFO - [2025-11-14T16:14:16.862+0000] {dag.py:4180} INFO - Setting next_dagrun for example_sla_dag to 2025-11-14 16:12:00+00:00, run_after=2025-11-14 16:14:00+00:00
[2025-11-14T16:14:16.878+0000] {processor.py:208} INFO - Processing /home/airflow/.local/lib/python3.12/site-packages/airflow/example_dags/example_sla_dag.py took 0.069 seconds
[2025-11-14T16:14:48.525+0000] {processor.py:186} INFO - Started process (PID=606) to work on /home/airflow/.local/lib/python3.12/site-packages/airflow/example_dags/example_sla_dag.py
[2025-11-14T16:14:48.527+0000] {processor.py:914} INFO - Processing file /home/airflow/.local/lib/python3.12/site-packages/airflow/example_dags/example_sla_dag.py for tasks to queue
[2025-11-14T16:14:48.530+0000] {logging_mixin.py:190} INFO - [2025-11-14T16:14:48.529+0000] {dagbag.py:588} INFO - Filling up the DagBag from /home/airflow/.local/lib/python3.12/site-packages/airflow/example_dags/example_sla_dag.py
[2025-11-14T16:14:48.538+0000] {processor.py:925} INFO - DAG(s) 'example_sla_dag' retrieved from /home/airflow/.local/lib/python3.12/site-packages/airflow/example_dags/example_sla_dag.py
[2025-11-14T16:14:48.557+0000] {logging_mixin.py:190} INFO - [2025-11-14T16:14:48.556+0000] {dag.py:3239} INFO - Sync 1 DAGs
[2025-11-14T16:14:48.578+0000] {logging_mixin.py:190} INFO - [2025-11-14T16:14:48.577+0000] {dag.py:4180} INFO - Setting next_dagrun for example_sla_dag to 2025-11-14 16:12:00+00:00, run_after=2025-11-14 16:14:00+00:00
[2025-11-14T16:14:48.594+0000] {processor.py:208} INFO - Processing /home/airflow/.local/lib/python3.12/site-packages/airflow/example_dags/example_sla_dag.py took 0.074 seconds
[2025-11-14T16:15:19.382+0000] {processor.py:186} INFO - Started process (PID=671) to work on /home/airflow/.local/lib/python3.12/site-packages/airflow/example_dags/example_sla_dag.py
[2025-11-14T16:15:19.383+0000] {processor.py:914} INFO - Processing file /home/airflow/.local/lib/python3.12/site-packages/airflow/example_dags/example_sla_dag.py for tasks to queue
[2025-11-14T16:15:19.385+0000] {logging_mixin.py:190} INFO - [2025-11-14T16:15:19.385+0000] {dagbag.py:588} INFO - Filling up the DagBag from /home/airflow/.local/lib/python3.12/site-packages/airflow/example_dags/example_sla_dag.py
[2025-11-14T16:15:19.393+0000] {processor.py:925} INFO - DAG(s) 'example_sla_dag' retrieved from /home/airflow/.local/lib/python3.12/site-packages/airflow/example_dags/example_sla_dag.py
[2025-11-14T16:15:19.407+0000] {logging_mixin.py:190} INFO - [2025-11-14T16:15:19.407+0000] {dag.py:3239} INFO - Sync 1 DAGs
[2025-11-14T16:15:19.425+0000] {logging_mixin.py:190} INFO - [2025-11-14T16:15:19.425+0000] {dag.py:4180} INFO - Setting next_dagrun for example_sla_dag to 2025-11-14 16:12:00+00:00, run_after=2025-11-14 16:14:00+00:00
[2025-11-14T16:15:19.438+0000] {processor.py:208} INFO - Processing /home/airflow/.local/lib/python3.12/site-packages/airflow/example_dags/example_sla_dag.py took 0.060 seconds
[2025-11-14T16:15:50.554+0000] {processor.py:186} INFO - Started process (PID=736) to work on /home/airflow/.local/lib/python3.12/site-packages/airflow/example_dags/example_sla_dag.py
[2025-11-14T16:15:50.555+0000] {processor.py:914} INFO - Processing file /home/airflow/.local/lib/python3.12/site-packages/airflow/example_dags/example_sla_dag.py for tasks to queue
[2025-11-14T16:15:50.557+0000] {logging_mixin.py:190} INFO - [2025-11-14T16:15:50.557+0000] {dagbag.py:588} INFO - Filling up the DagBag from /home/airflow/.local/lib/python3.12/site-packages/airflow/example_dags/example_sla_dag.py
[2025-11-14T16:15:50.564+0000] {processor.py:925} INFO - DAG(s) 'example_sla_dag' retrieved from /home/airflow/.local/lib/python3.12/site-packages/airflow/example_dags/example_sla_dag.py
[2025-11-14T16:15:50.578+0000] {logging_mixin.py:190} INFO - [2025-11-14T16:15:50.578+0000] {dag.py:3239} INFO - Sync 1 DAGs
[2025-11-14T16:15:50.594+0000] {logging_mixin.py:190} INFO - [2025-11-14T16:15:50.594+0000] {dag.py:4180} INFO - Setting next_dagrun for example_sla_dag to 2025-11-14 16:12:00+00:00, run_after=2025-11-14 16:14:00+00:00
[2025-11-14T16:15:50.606+0000] {processor.py:208} INFO - Processing /home/airflow/.local/lib/python3.12/site-packages/airflow/example_dags/example_sla_dag.py took 0.057 seconds
[2025-11-14T16:16:21.468+0000] {processor.py:186} INFO - Started process (PID=801) to work on /home/airflow/.local/lib/python3.12/site-packages/airflow/example_dags/example_sla_dag.py
[2025-11-14T16:16:21.469+0000] {processor.py:914} INFO - Processing file /home/airflow/.local/lib/python3.12/site-packages/airflow/example_dags/example_sla_dag.py for tasks to queue
[2025-11-14T16:16:21.471+0000] {logging_mixin.py:190} INFO - [2025-11-14T16:16:21.470+0000] {dagbag.py:588} INFO - Filling up the DagBag from /home/airflow/.local/lib/python3.12/site-packages/airflow/example_dags/example_sla_dag.py
[2025-11-14T16:16:21.478+0000] {processor.py:925} INFO - DAG(s) 'example_sla_dag' retrieved from /home/airflow/.local/lib/python3.12/site-packages/airflow/example_dags/example_sla_dag.py
[2025-11-14T16:16:21.492+0000] {logging_mixin.py:190} INFO - [2025-11-14T16:16:21.492+0000] {dag.py:3239} INFO - Sync 1 DAGs
[2025-11-14T16:16:21.510+0000] {logging_mixin.py:190} INFO - [2025-11-14T16:16:21.509+0000] {dag.py:4180} INFO - Setting next_dagrun for example_sla_dag to 2025-11-14 16:14:00+00:00, run_after=2025-11-14 16:16:00+00:00
[2025-11-14T16:16:21.521+0000] {processor.py:208} INFO - Processing /home/airflow/.local/lib/python3.12/site-packages/airflow/example_dags/example_sla_dag.py took 0.058 seconds
[2025-11-14T16:16:52.906+0000] {processor.py:186} INFO - Started process (PID=866) to work on /home/airflow/.local/lib/python3.12/site-packages/airflow/example_dags/example_sla_dag.py
[2025-11-14T16:16:52.908+0000] {processor.py:914} INFO - Processing file /home/airflow/.local/lib/python3.12/site-packages/airflow/example_dags/example_sla_dag.py for tasks to queue
[2025-11-14T16:16:52.910+0000] {logging_mixin.py:190} INFO - [2025-11-14T16:16:52.909+0000] {dagbag.py:588} INFO - Filling up the DagBag from /home/airflow/.local/lib/python3.12/site-packages/airflow/example_dags/example_sla_dag.py
[2025-11-14T16:16:52.917+0000] {processor.py:925} INFO - DAG(s) 'example_sla_dag' retrieved from /home/airflow/.local/lib/python3.12/site-packages/airflow/example_dags/example_sla_dag.py
[2025-11-14T16:16:52.931+0000] {logging_mixin.py:190} INFO - [2025-11-14T16:16:52.930+0000] {dag.py:3239} INFO - Sync 1 DAGs
[2025-11-14T16:16:52.947+0000] {logging_mixin.py:190} INFO - [2025-11-14T16:16:52.947+0000] {dag.py:4180} INFO - Setting next_dagrun for example_sla_dag to 2025-11-14 16:14:00+00:00, run_after=2025-11-14 16:16:00+00:00
[2025-11-14T16:16:52.960+0000] {processor.py:208} INFO - Processing /home/airflow/.local/lib/python3.12/site-packages/airflow/example_dags/example_sla_dag.py took 0.058 seconds
[2025-11-14T16:17:24.324+0000] {processor.py:186} INFO - Started process (PID=931) to work on /home/airflow/.local/lib/python3.12/site-packages/airflow/example_dags/example_sla_dag.py
[2025-11-14T16:17:24.325+0000] {processor.py:914} INFO - Processing file /home/airflow/.local/lib/python3.12/site-packages/airflow/example_dags/example_sla_dag.py for tasks to queue
[2025-11-14T16:17:24.328+0000] {logging_mixin.py:190} INFO - [2025-11-14T16:17:24.327+0000] {dagbag.py:588} INFO - Filling up the DagBag from /home/airflow/.local/lib/python3.12/site-packages/airflow/example_dags/example_sla_dag.py
[2025-11-14T16:17:24.336+0000] {processor.py:925} INFO - DAG(s) 'example_sla_dag' retrieved from /home/airflow/.local/lib/python3.12/site-packages/airflow/example_dags/example_sla_dag.py
[2025-11-14T16:17:24.351+0000] {logging_mixin.py:190} INFO - [2025-11-14T16:17:24.351+0000] {dag.py:3239} INFO - Sync 1 DAGs
[2025-11-14T16:17:24.368+0000] {logging_mixin.py:190} INFO - [2025-11-14T16:17:24.368+0000] {dag.py:4180} INFO - Setting next_dagrun for example_sla_dag to 2025-11-14 16:14:00+00:00, run_after=2025-11-14 16:16:00+00:00
[2025-11-14T16:17:24.382+0000] {processor.py:208} INFO - Processing /home/airflow/.local/lib/python3.12/site-packages/airflow/example_dags/example_sla_dag.py took 0.063 seconds
[2025-11-14T16:17:54.833+0000] {processor.py:186} INFO - Started process (PID=996) to work on /home/airflow/.local/lib/python3.12/site-packages/airflow/example_dags/example_sla_dag.py
[2025-11-14T16:17:54.834+0000] {processor.py:914} INFO - Processing file /home/airflow/.local/lib/python3.12/site-packages/airflow/example_dags/example_sla_dag.py for tasks to queue
[2025-11-14T16:17:54.836+0000] {logging_mixin.py:190} INFO - [2025-11-14T16:17:54.836+0000] {dagbag.py:588} INFO - Filling up the DagBag from /home/airflow/.local/lib/python3.12/site-packages/airflow/example_dags/example_sla_dag.py
[2025-11-14T16:17:54.843+0000] {processor.py:925} INFO - DAG(s) 'example_sla_dag' retrieved from /home/airflow/.local/lib/python3.12/site-packages/airflow/example_dags/example_sla_dag.py
[2025-11-14T16:17:54.858+0000] {logging_mixin.py:190} INFO - [2025-11-14T16:17:54.858+0000] {dag.py:3239} INFO - Sync 1 DAGs
[2025-11-14T16:17:54.875+0000] {logging_mixin.py:190} INFO - [2025-11-14T16:17:54.875+0000] {dag.py:4180} INFO - Setting next_dagrun for example_sla_dag to 2025-11-14 16:14:00+00:00, run_after=2025-11-14 16:16:00+00:00
[2025-11-14T16:17:54.887+0000] {processor.py:208} INFO - Processing /home/airflow/.local/lib/python3.12/site-packages/airflow/example_dags/example_sla_dag.py took 0.058 seconds
[2025-11-14T16:18:26.414+0000] {processor.py:186} INFO - Started process (PID=1061) to work on /home/airflow/.local/lib/python3.12/site-packages/airflow/example_dags/example_sla_dag.py
[2025-11-14T16:18:26.415+0000] {processor.py:914} INFO - Processing file /home/airflow/.local/lib/python3.12/site-packages/airflow/example_dags/example_sla_dag.py for tasks to queue
[2025-11-14T16:18:26.418+0000] {logging_mixin.py:190} INFO - [2025-11-14T16:18:26.417+0000] {dagbag.py:588} INFO - Filling up the DagBag from /home/airflow/.local/lib/python3.12/site-packages/airflow/example_dags/example_sla_dag.py
[2025-11-14T16:18:26.425+0000] {processor.py:925} INFO - DAG(s) 'example_sla_dag' retrieved from /home/airflow/.local/lib/python3.12/site-packages/airflow/example_dags/example_sla_dag.py
[2025-11-14T16:18:26.439+0000] {logging_mixin.py:190} INFO - [2025-11-14T16:18:26.439+0000] {dag.py:3239} INFO - Sync 1 DAGs
[2025-11-14T16:18:26.454+0000] {logging_mixin.py:190} INFO - [2025-11-14T16:18:26.454+0000] {dag.py:4180} INFO - Setting next_dagrun for example_sla_dag to 2025-11-14 16:16:00+00:00, run_after=2025-11-14 16:18:00+00:00
[2025-11-14T16:18:26.475+0000] {processor.py:208} INFO - Processing /home/airflow/.local/lib/python3.12/site-packages/airflow/example_dags/example_sla_dag.py took 0.064 seconds
[2025-11-14T16:18:57.537+0000] {processor.py:186} INFO - Started process (PID=1126) to work on /home/airflow/.local/lib/python3.12/site-packages/airflow/example_dags/example_sla_dag.py
[2025-11-14T16:18:57.538+0000] {processor.py:914} INFO - Processing file /home/airflow/.local/lib/python3.12/site-packages/airflow/example_dags/example_sla_dag.py for tasks to queue
[2025-11-14T16:18:57.540+0000] {logging_mixin.py:190} INFO - [2025-11-14T16:18:57.539+0000] {dagbag.py:588} INFO - Filling up the DagBag from /home/airflow/.local/lib/python3.12/site-packages/airflow/example_dags/example_sla_dag.py
[2025-11-14T16:18:57.547+0000] {processor.py:925} INFO - DAG(s) 'example_sla_dag' retrieved from /home/airflow/.local/lib/python3.12/site-packages/airflow/example_dags/example_sla_dag.py
[2025-11-14T16:18:57.562+0000] {logging_mixin.py:190} INFO - [2025-11-14T16:18:57.562+0000] {dag.py:3239} INFO - Sync 1 DAGs
[2025-11-14T16:18:57.580+0000] {logging_mixin.py:190} INFO - [2025-11-14T16:18:57.580+0000] {dag.py:4180} INFO - Setting next_dagrun for example_sla_dag to 2025-11-14 16:16:00+00:00, run_after=2025-11-14 16:18:00+00:00
[2025-11-14T16:18:57.593+0000] {processor.py:208} INFO - Processing /home/airflow/.local/lib/python3.12/site-packages/airflow/example_dags/example_sla_dag.py took 0.060 seconds
[2025-11-14T16:19:28.209+0000] {processor.py:186} INFO - Started process (PID=1191) to work on /home/airflow/.local/lib/python3.12/site-packages/airflow/example_dags/example_sla_dag.py
[2025-11-14T16:19:28.210+0000] {processor.py:914} INFO - Processing file /home/airflow/.local/lib/python3.12/site-packages/airflow/example_dags/example_sla_dag.py for tasks to queue
[2025-11-14T16:19:28.212+0000] {logging_mixin.py:190} INFO - [2025-11-14T16:19:28.212+0000] {dagbag.py:588} INFO - Filling up the DagBag from /home/airflow/.local/lib/python3.12/site-packages/airflow/example_dags/example_sla_dag.py
[2025-11-14T16:19:28.220+0000] {processor.py:925} INFO - DAG(s) 'example_sla_dag' retrieved from /home/airflow/.local/lib/python3.12/site-packages/airflow/example_dags/example_sla_dag.py
[2025-11-14T16:19:28.235+0000] {logging_mixin.py:190} INFO - [2025-11-14T16:19:28.234+0000] {dag.py:3239} INFO - Sync 1 DAGs
[2025-11-14T16:19:28.251+0000] {logging_mixin.py:190} INFO - [2025-11-14T16:19:28.251+0000] {dag.py:4180} INFO - Setting next_dagrun for example_sla_dag to 2025-11-14 16:16:00+00:00, run_after=2025-11-14 16:18:00+00:00
[2025-11-14T16:19:28.266+0000] {processor.py:208} INFO - Processing /home/airflow/.local/lib/python3.12/site-packages/airflow/example_dags/example_sla_dag.py took 0.061 seconds
[2025-11-14T16:19:59.520+0000] {processor.py:186} INFO - Started process (PID=1256) to work on /home/airflow/.local/lib/python3.12/site-packages/airflow/example_dags/example_sla_dag.py
[2025-11-14T16:19:59.521+0000] {processor.py:914} INFO - Processing file /home/airflow/.local/lib/python3.12/site-packages/airflow/example_dags/example_sla_dag.py for tasks to queue
[2025-11-14T16:19:59.523+0000] {logging_mixin.py:190} INFO - [2025-11-14T16:19:59.523+0000] {dagbag.py:588} INFO - Filling up the DagBag from /home/airflow/.local/lib/python3.12/site-packages/airflow/example_dags/example_sla_dag.py
[2025-11-14T16:19:59.531+0000] {processor.py:925} INFO - DAG(s) 'example_sla_dag' retrieved from /home/airflow/.local/lib/python3.12/site-packages/airflow/example_dags/example_sla_dag.py
[2025-11-14T16:19:59.545+0000] {logging_mixin.py:190} INFO - [2025-11-14T16:19:59.545+0000] {dag.py:3239} INFO - Sync 1 DAGs
[2025-11-14T16:19:59.563+0000] {logging_mixin.py:190} INFO - [2025-11-14T16:19:59.562+0000] {dag.py:4180} INFO - Setting next_dagrun for example_sla_dag to 2025-11-14 16:16:00+00:00, run_after=2025-11-14 16:18:00+00:00
[2025-11-14T16:19:59.578+0000] {processor.py:208} INFO - Processing /home/airflow/.local/lib/python3.12/site-packages/airflow/example_dags/example_sla_dag.py took 0.062 seconds
[2025-11-14T16:20:30.305+0000] {processor.py:186} INFO - Started process (PID=1330) to work on /home/airflow/.local/lib/python3.12/site-packages/airflow/example_dags/example_sla_dag.py
[2025-11-14T16:20:30.306+0000] {processor.py:914} INFO - Processing file /home/airflow/.local/lib/python3.12/site-packages/airflow/example_dags/example_sla_dag.py for tasks to queue
[2025-11-14T16:20:30.309+0000] {logging_mixin.py:190} INFO - [2025-11-14T16:20:30.309+0000] {dagbag.py:588} INFO - Filling up the DagBag from /home/airflow/.local/lib/python3.12/site-packages/airflow/example_dags/example_sla_dag.py
[2025-11-14T16:20:30.317+0000] {processor.py:925} INFO - DAG(s) 'example_sla_dag' retrieved from /home/airflow/.local/lib/python3.12/site-packages/airflow/example_dags/example_sla_dag.py
[2025-11-14T16:20:30.331+0000] {logging_mixin.py:190} INFO - [2025-11-14T16:20:30.331+0000] {dag.py:3239} INFO - Sync 1 DAGs
[2025-11-14T16:20:30.349+0000] {logging_mixin.py:190} INFO - [2025-11-14T16:20:30.349+0000] {dag.py:4180} INFO - Setting next_dagrun for example_sla_dag to 2025-11-14 16:18:00+00:00, run_after=2025-11-14 16:20:00+00:00
[2025-11-14T16:20:30.364+0000] {processor.py:208} INFO - Processing /home/airflow/.local/lib/python3.12/site-packages/airflow/example_dags/example_sla_dag.py took 0.064 seconds
[2025-11-14T16:21:01.631+0000] {processor.py:186} INFO - Started process (PID=1395) to work on /home/airflow/.local/lib/python3.12/site-packages/airflow/example_dags/example_sla_dag.py
[2025-11-14T16:21:01.632+0000] {processor.py:914} INFO - Processing file /home/airflow/.local/lib/python3.12/site-packages/airflow/example_dags/example_sla_dag.py for tasks to queue
[2025-11-14T16:21:01.634+0000] {logging_mixin.py:190} INFO - [2025-11-14T16:21:01.634+0000] {dagbag.py:588} INFO - Filling up the DagBag from /home/airflow/.local/lib/python3.12/site-packages/airflow/example_dags/example_sla_dag.py
[2025-11-14T16:21:01.642+0000] {processor.py:925} INFO - DAG(s) 'example_sla_dag' retrieved from /home/airflow/.local/lib/python3.12/site-packages/airflow/example_dags/example_sla_dag.py
[2025-11-14T16:21:01.655+0000] {logging_mixin.py:190} INFO - [2025-11-14T16:21:01.655+0000] {dag.py:3239} INFO - Sync 1 DAGs
[2025-11-14T16:21:01.672+0000] {logging_mixin.py:190} INFO - [2025-11-14T16:21:01.672+0000] {dag.py:4180} INFO - Setting next_dagrun for example_sla_dag to 2025-11-14 16:18:00+00:00, run_after=2025-11-14 16:20:00+00:00
[2025-11-14T16:21:01.684+0000] {processor.py:208} INFO - Processing /home/airflow/.local/lib/python3.12/site-packages/airflow/example_dags/example_sla_dag.py took 0.058 seconds
[2025-11-14T16:21:32.472+0000] {processor.py:186} INFO - Started process (PID=1460) to work on /home/airflow/.local/lib/python3.12/site-packages/airflow/example_dags/example_sla_dag.py
[2025-11-14T16:21:32.473+0000] {processor.py:914} INFO - Processing file /home/airflow/.local/lib/python3.12/site-packages/airflow/example_dags/example_sla_dag.py for tasks to queue
[2025-11-14T16:21:32.475+0000] {logging_mixin.py:190} INFO - [2025-11-14T16:21:32.475+0000] {dagbag.py:588} INFO - Filling up the DagBag from /home/airflow/.local/lib/python3.12/site-packages/airflow/example_dags/example_sla_dag.py
[2025-11-14T16:21:32.482+0000] {processor.py:925} INFO - DAG(s) 'example_sla_dag' retrieved from /home/airflow/.local/lib/python3.12/site-packages/airflow/example_dags/example_sla_dag.py
[2025-11-14T16:21:32.495+0000] {logging_mixin.py:190} INFO - [2025-11-14T16:21:32.495+0000] {dag.py:3239} INFO - Sync 1 DAGs
[2025-11-14T16:21:32.511+0000] {logging_mixin.py:190} INFO - [2025-11-14T16:21:32.511+0000] {dag.py:4180} INFO - Setting next_dagrun for example_sla_dag to 2025-11-14 16:18:00+00:00, run_after=2025-11-14 16:20:00+00:00
[2025-11-14T16:21:32.524+0000] {processor.py:208} INFO - Processing /home/airflow/.local/lib/python3.12/site-packages/airflow/example_dags/example_sla_dag.py took 0.056 seconds
[2025-11-14T16:22:03.775+0000] {processor.py:186} INFO - Started process (PID=1531) to work on /home/airflow/.local/lib/python3.12/site-packages/airflow/example_dags/example_sla_dag.py
[2025-11-14T16:22:03.776+0000] {processor.py:914} INFO - Processing file /home/airflow/.local/lib/python3.12/site-packages/airflow/example_dags/example_sla_dag.py for tasks to queue
[2025-11-14T16:22:03.778+0000] {logging_mixin.py:190} INFO - [2025-11-14T16:22:03.778+0000] {dagbag.py:588} INFO - Filling up the DagBag from /home/airflow/.local/lib/python3.12/site-packages/airflow/example_dags/example_sla_dag.py
[2025-11-14T16:22:03.785+0000] {processor.py:925} INFO - DAG(s) 'example_sla_dag' retrieved from /home/airflow/.local/lib/python3.12/site-packages/airflow/example_dags/example_sla_dag.py
[2025-11-14T16:22:03.798+0000] {logging_mixin.py:190} INFO - [2025-11-14T16:22:03.798+0000] {dag.py:3239} INFO - Sync 1 DAGs
[2025-11-14T16:22:03.814+0000] {logging_mixin.py:190} INFO - [2025-11-14T16:22:03.814+0000] {dag.py:4180} INFO - Setting next_dagrun for example_sla_dag to 2025-11-14 16:20:00+00:00, run_after=2025-11-14 16:22:00+00:00
[2025-11-14T16:22:03.826+0000] {processor.py:208} INFO - Processing /home/airflow/.local/lib/python3.12/site-packages/airflow/example_dags/example_sla_dag.py took 0.055 seconds
[2025-11-14T16:22:34.506+0000] {processor.py:186} INFO - Started process (PID=1596) to work on /home/airflow/.local/lib/python3.12/site-packages/airflow/example_dags/example_sla_dag.py
[2025-11-14T16:22:34.507+0000] {processor.py:914} INFO - Processing file /home/airflow/.local/lib/python3.12/site-packages/airflow/example_dags/example_sla_dag.py for tasks to queue
[2025-11-14T16:22:34.509+0000] {logging_mixin.py:190} INFO - [2025-11-14T16:22:34.509+0000] {dagbag.py:588} INFO - Filling up the DagBag from /home/airflow/.local/lib/python3.12/site-packages/airflow/example_dags/example_sla_dag.py
[2025-11-14T16:22:34.516+0000] {processor.py:925} INFO - DAG(s) 'example_sla_dag' retrieved from /home/airflow/.local/lib/python3.12/site-packages/airflow/example_dags/example_sla_dag.py
[2025-11-14T16:22:34.529+0000] {logging_mixin.py:190} INFO - [2025-11-14T16:22:34.529+0000] {dag.py:3239} INFO - Sync 1 DAGs
[2025-11-14T16:22:34.545+0000] {logging_mixin.py:190} INFO - [2025-11-14T16:22:34.545+0000] {dag.py:4180} INFO - Setting next_dagrun for example_sla_dag to 2025-11-14 16:20:00+00:00, run_after=2025-11-14 16:22:00+00:00
[2025-11-14T16:22:34.567+0000] {processor.py:208} INFO - Processing /home/airflow/.local/lib/python3.12/site-packages/airflow/example_dags/example_sla_dag.py took 0.065 seconds
[2025-11-14T16:23:05.064+0000] {processor.py:186} INFO - Started process (PID=1661) to work on /home/airflow/.local/lib/python3.12/site-packages/airflow/example_dags/example_sla_dag.py
[2025-11-14T16:23:05.065+0000] {processor.py:914} INFO - Processing file /home/airflow/.local/lib/python3.12/site-packages/airflow/example_dags/example_sla_dag.py for tasks to queue
[2025-11-14T16:23:05.067+0000] {logging_mixin.py:190} INFO - [2025-11-14T16:23:05.067+0000] {dagbag.py:588} INFO - Filling up the DagBag from /home/airflow/.local/lib/python3.12/site-packages/airflow/example_dags/example_sla_dag.py
[2025-11-14T16:23:05.074+0000] {processor.py:925} INFO - DAG(s) 'example_sla_dag' retrieved from /home/airflow/.local/lib/python3.12/site-packages/airflow/example_dags/example_sla_dag.py
[2025-11-14T16:23:05.088+0000] {logging_mixin.py:190} INFO - [2025-11-14T16:23:05.088+0000] {dag.py:3239} INFO - Sync 1 DAGs
[2025-11-14T16:23:05.105+0000] {logging_mixin.py:190} INFO - [2025-11-14T16:23:05.105+0000] {dag.py:4180} INFO - Setting next_dagrun for example_sla_dag to 2025-11-14 16:20:00+00:00, run_after=2025-11-14 16:22:00+00:00
[2025-11-14T16:23:05.119+0000] {processor.py:208} INFO - Processing /home/airflow/.local/lib/python3.12/site-packages/airflow/example_dags/example_sla_dag.py took 0.059 seconds
[2025-11-14T16:23:36.412+0000] {processor.py:186} INFO - Started process (PID=1725) to work on /home/airflow/.local/lib/python3.12/site-packages/airflow/example_dags/example_sla_dag.py
[2025-11-14T16:23:36.413+0000] {processor.py:914} INFO - Processing file /home/airflow/.local/lib/python3.12/site-packages/airflow/example_dags/example_sla_dag.py for tasks to queue
[2025-11-14T16:23:36.415+0000] {logging_mixin.py:190} INFO - [2025-11-14T16:23:36.415+0000] {dagbag.py:588} INFO - Filling up the DagBag from /home/airflow/.local/lib/python3.12/site-packages/airflow/example_dags/example_sla_dag.py
[2025-11-14T16:23:36.423+0000] {processor.py:925} INFO - DAG(s) 'example_sla_dag' retrieved from /home/airflow/.local/lib/python3.12/site-packages/airflow/example_dags/example_sla_dag.py
[2025-11-14T16:23:36.436+0000] {logging_mixin.py:190} INFO - [2025-11-14T16:23:36.436+0000] {dag.py:3239} INFO - Sync 1 DAGs
[2025-11-14T16:23:36.455+0000] {logging_mixin.py:190} INFO - [2025-11-14T16:23:36.455+0000] {dag.py:4180} INFO - Setting next_dagrun for example_sla_dag to 2025-11-14 16:20:00+00:00, run_after=2025-11-14 16:22:00+00:00
[2025-11-14T16:23:36.468+0000] {processor.py:208} INFO - Processing /home/airflow/.local/lib/python3.12/site-packages/airflow/example_dags/example_sla_dag.py took 0.061 seconds
[2025-11-14T16:24:07.794+0000] {processor.py:186} INFO - Started process (PID=1791) to work on /home/airflow/.local/lib/python3.12/site-packages/airflow/example_dags/example_sla_dag.py
[2025-11-14T16:24:07.795+0000] {processor.py:914} INFO - Processing file /home/airflow/.local/lib/python3.12/site-packages/airflow/example_dags/example_sla_dag.py for tasks to queue
[2025-11-14T16:24:07.796+0000] {logging_mixin.py:190} INFO - [2025-11-14T16:24:07.796+0000] {dagbag.py:588} INFO - Filling up the DagBag from /home/airflow/.local/lib/python3.12/site-packages/airflow/example_dags/example_sla_dag.py
[2025-11-14T16:24:07.804+0000] {processor.py:925} INFO - DAG(s) 'example_sla_dag' retrieved from /home/airflow/.local/lib/python3.12/site-packages/airflow/example_dags/example_sla_dag.py
[2025-11-14T16:24:07.817+0000] {logging_mixin.py:190} INFO - [2025-11-14T16:24:07.817+0000] {dag.py:3239} INFO - Sync 1 DAGs
[2025-11-14T16:24:07.833+0000] {logging_mixin.py:190} INFO - [2025-11-14T16:24:07.833+0000] {dag.py:4180} INFO - Setting next_dagrun for example_sla_dag to 2025-11-14 16:22:00+00:00, run_after=2025-11-14 16:24:00+00:00
[2025-11-14T16:24:07.845+0000] {processor.py:208} INFO - Processing /home/airflow/.local/lib/python3.12/site-packages/airflow/example_dags/example_sla_dag.py took 0.056 seconds
[2025-11-14T16:24:38.945+0000] {processor.py:186} INFO - Started process (PID=1856) to work on /home/airflow/.local/lib/python3.12/site-packages/airflow/example_dags/example_sla_dag.py
[2025-11-14T16:24:38.947+0000] {processor.py:914} INFO - Processing file /home/airflow/.local/lib/python3.12/site-packages/airflow/example_dags/example_sla_dag.py for tasks to queue
[2025-11-14T16:24:38.949+0000] {logging_mixin.py:190} INFO - [2025-11-14T16:24:38.949+0000] {dagbag.py:588} INFO - Filling up the DagBag from /home/airflow/.local/lib/python3.12/site-packages/airflow/example_dags/example_sla_dag.py
[2025-11-14T16:24:38.957+0000] {processor.py:925} INFO - DAG(s) 'example_sla_dag' retrieved from /home/airflow/.local/lib/python3.12/site-packages/airflow/example_dags/example_sla_dag.py
[2025-11-14T16:24:38.971+0000] {logging_mixin.py:190} INFO - [2025-11-14T16:24:38.971+0000] {dag.py:3239} INFO - Sync 1 DAGs
[2025-11-14T16:24:38.988+0000] {logging_mixin.py:190} INFO - [2025-11-14T16:24:38.988+0000] {dag.py:4180} INFO - Setting next_dagrun for example_sla_dag to 2025-11-14 16:22:00+00:00, run_after=2025-11-14 16:24:00+00:00
[2025-11-14T16:24:39.002+0000] {processor.py:208} INFO - Processing /home/airflow/.local/lib/python3.12/site-packages/airflow/example_dags/example_sla_dag.py took 0.061 seconds
[2025-11-14T16:25:10.177+0000] {processor.py:186} INFO - Started process (PID=1920) to work on /home/airflow/.local/lib/python3.12/site-packages/airflow/example_dags/example_sla_dag.py
[2025-11-14T16:25:10.178+0000] {processor.py:914} INFO - Processing file /home/airflow/.local/lib/python3.12/site-packages/airflow/example_dags/example_sla_dag.py for tasks to queue
[2025-11-14T16:25:10.181+0000] {logging_mixin.py:190} INFO - [2025-11-14T16:25:10.180+0000] {dagbag.py:588} INFO - Filling up the DagBag from /home/airflow/.local/lib/python3.12/site-packages/airflow/example_dags/example_sla_dag.py
[2025-11-14T16:25:10.189+0000] {processor.py:925} INFO - DAG(s) 'example_sla_dag' retrieved from /home/airflow/.local/lib/python3.12/site-packages/airflow/example_dags/example_sla_dag.py
[2025-11-14T16:25:10.204+0000] {logging_mixin.py:190} INFO - [2025-11-14T16:25:10.204+0000] {dag.py:3239} INFO - Sync 1 DAGs
[2025-11-14T16:25:10.221+0000] {logging_mixin.py:190} INFO - [2025-11-14T16:25:10.221+0000] {dag.py:4180} INFO - Setting next_dagrun for example_sla_dag to 2025-11-14 16:22:00+00:00, run_after=2025-11-14 16:24:00+00:00
[2025-11-14T16:25:10.234+0000] {processor.py:208} INFO - Processing /home/airflow/.local/lib/python3.12/site-packages/airflow/example_dags/example_sla_dag.py took 0.062 seconds
[2025-11-14T16:25:41.298+0000] {processor.py:186} INFO - Started process (PID=1985) to work on /home/airflow/.local/lib/python3.12/site-packages/airflow/example_dags/example_sla_dag.py
[2025-11-14T16:25:41.299+0000] {processor.py:914} INFO - Processing file /home/airflow/.local/lib/python3.12/site-packages/airflow/example_dags/example_sla_dag.py for tasks to queue
[2025-11-14T16:25:41.301+0000] {logging_mixin.py:190} INFO - [2025-11-14T16:25:41.301+0000] {dagbag.py:588} INFO - Filling up the DagBag from /home/airflow/.local/lib/python3.12/site-packages/airflow/example_dags/example_sla_dag.py
[2025-11-14T16:25:41.309+0000] {processor.py:925} INFO - DAG(s) 'example_sla_dag' retrieved from /home/airflow/.local/lib/python3.12/site-packages/airflow/example_dags/example_sla_dag.py
[2025-11-14T16:25:41.322+0000] {logging_mixin.py:190} INFO - [2025-11-14T16:25:41.322+0000] {dag.py:3239} INFO - Sync 1 DAGs
[2025-11-14T16:25:41.339+0000] {logging_mixin.py:190} INFO - [2025-11-14T16:25:41.339+0000] {dag.py:4180} INFO - Setting next_dagrun for example_sla_dag to 2025-11-14 16:22:00+00:00, run_after=2025-11-14 16:24:00+00:00
[2025-11-14T16:25:41.352+0000] {processor.py:208} INFO - Processing /home/airflow/.local/lib/python3.12/site-packages/airflow/example_dags/example_sla_dag.py took 0.058 seconds
[2025-11-14T16:26:12.846+0000] {processor.py:186} INFO - Started process (PID=2050) to work on /home/airflow/.local/lib/python3.12/site-packages/airflow/example_dags/example_sla_dag.py
[2025-11-14T16:26:12.847+0000] {processor.py:914} INFO - Processing file /home/airflow/.local/lib/python3.12/site-packages/airflow/example_dags/example_sla_dag.py for tasks to queue
[2025-11-14T16:26:12.849+0000] {logging_mixin.py:190} INFO - [2025-11-14T16:26:12.849+0000] {dagbag.py:588} INFO - Filling up the DagBag from /home/airflow/.local/lib/python3.12/site-packages/airflow/example_dags/example_sla_dag.py
[2025-11-14T16:26:12.857+0000] {processor.py:925} INFO - DAG(s) 'example_sla_dag' retrieved from /home/airflow/.local/lib/python3.12/site-packages/airflow/example_dags/example_sla_dag.py
[2025-11-14T16:26:12.872+0000] {logging_mixin.py:190} INFO - [2025-11-14T16:26:12.872+0000] {dag.py:3239} INFO - Sync 1 DAGs
[2025-11-14T16:26:12.890+0000] {logging_mixin.py:190} INFO - [2025-11-14T16:26:12.890+0000] {dag.py:4180} INFO - Setting next_dagrun for example_sla_dag to 2025-11-14 16:24:00+00:00, run_after=2025-11-14 16:26:00+00:00
[2025-11-14T16:26:12.903+0000] {processor.py:208} INFO - Processing /home/airflow/.local/lib/python3.12/site-packages/airflow/example_dags/example_sla_dag.py took 0.062 seconds
[2025-11-14T16:26:44.027+0000] {processor.py:186} INFO - Started process (PID=2115) to work on /home/airflow/.local/lib/python3.12/site-packages/airflow/example_dags/example_sla_dag.py
[2025-11-14T16:26:44.028+0000] {processor.py:914} INFO - Processing file /home/airflow/.local/lib/python3.12/site-packages/airflow/example_dags/example_sla_dag.py for tasks to queue
[2025-11-14T16:26:44.030+0000] {logging_mixin.py:190} INFO - [2025-11-14T16:26:44.030+0000] {dagbag.py:588} INFO - Filling up the DagBag from /home/airflow/.local/lib/python3.12/site-packages/airflow/example_dags/example_sla_dag.py
[2025-11-14T16:26:44.037+0000] {processor.py:925} INFO - DAG(s) 'example_sla_dag' retrieved from /home/airflow/.local/lib/python3.12/site-packages/airflow/example_dags/example_sla_dag.py
[2025-11-14T16:26:44.051+0000] {logging_mixin.py:190} INFO - [2025-11-14T16:26:44.051+0000] {dag.py:3239} INFO - Sync 1 DAGs
[2025-11-14T16:26:44.067+0000] {logging_mixin.py:190} INFO - [2025-11-14T16:26:44.066+0000] {dag.py:4180} INFO - Setting next_dagrun for example_sla_dag to 2025-11-14 16:24:00+00:00, run_after=2025-11-14 16:26:00+00:00
[2025-11-14T16:26:44.080+0000] {processor.py:208} INFO - Processing /home/airflow/.local/lib/python3.12/site-packages/airflow/example_dags/example_sla_dag.py took 0.057 seconds
[2025-11-14T16:27:15.230+0000] {processor.py:186} INFO - Started process (PID=2179) to work on /home/airflow/.local/lib/python3.12/site-packages/airflow/example_dags/example_sla_dag.py
[2025-11-14T16:27:15.231+0000] {processor.py:914} INFO - Processing file /home/airflow/.local/lib/python3.12/site-packages/airflow/example_dags/example_sla_dag.py for tasks to queue
[2025-11-14T16:27:15.233+0000] {logging_mixin.py:190} INFO - [2025-11-14T16:27:15.233+0000] {dagbag.py:588} INFO - Filling up the DagBag from /home/airflow/.local/lib/python3.12/site-packages/airflow/example_dags/example_sla_dag.py
[2025-11-14T16:27:15.240+0000] {processor.py:925} INFO - DAG(s) 'example_sla_dag' retrieved from /home/airflow/.local/lib/python3.12/site-packages/airflow/example_dags/example_sla_dag.py
[2025-11-14T16:27:15.253+0000] {logging_mixin.py:190} INFO - [2025-11-14T16:27:15.253+0000] {dag.py:3239} INFO - Sync 1 DAGs
[2025-11-14T16:27:15.269+0000] {logging_mixin.py:190} INFO - [2025-11-14T16:27:15.269+0000] {dag.py:4180} INFO - Setting next_dagrun for example_sla_dag to 2025-11-14 16:24:00+00:00, run_after=2025-11-14 16:26:00+00:00
[2025-11-14T16:27:15.280+0000] {processor.py:208} INFO - Processing /home/airflow/.local/lib/python3.12/site-packages/airflow/example_dags/example_sla_dag.py took 0.055 seconds
[2025-11-14T16:27:46.022+0000] {processor.py:186} INFO - Started process (PID=2244) to work on /home/airflow/.local/lib/python3.12/site-packages/airflow/example_dags/example_sla_dag.py
[2025-11-14T16:27:46.023+0000] {processor.py:914} INFO - Processing file /home/airflow/.local/lib/python3.12/site-packages/airflow/example_dags/example_sla_dag.py for tasks to queue
[2025-11-14T16:27:46.025+0000] {logging_mixin.py:190} INFO - [2025-11-14T16:27:46.025+0000] {dagbag.py:588} INFO - Filling up the DagBag from /home/airflow/.local/lib/python3.12/site-packages/airflow/example_dags/example_sla_dag.py
[2025-11-14T16:27:46.032+0000] {processor.py:925} INFO - DAG(s) 'example_sla_dag' retrieved from /home/airflow/.local/lib/python3.12/site-packages/airflow/example_dags/example_sla_dag.py
[2025-11-14T16:27:46.047+0000] {logging_mixin.py:190} INFO - [2025-11-14T16:27:46.047+0000] {dag.py:3239} INFO - Sync 1 DAGs
[2025-11-14T16:27:46.064+0000] {logging_mixin.py:190} INFO - [2025-11-14T16:27:46.064+0000] {dag.py:4180} INFO - Setting next_dagrun for example_sla_dag to 2025-11-14 16:24:00+00:00, run_after=2025-11-14 16:26:00+00:00
[2025-11-14T16:27:46.078+0000] {processor.py:208} INFO - Processing /home/airflow/.local/lib/python3.12/site-packages/airflow/example_dags/example_sla_dag.py took 0.060 seconds
[2025-11-14T16:28:16.787+0000] {processor.py:186} INFO - Started process (PID=2309) to work on /home/airflow/.local/lib/python3.12/site-packages/airflow/example_dags/example_sla_dag.py
[2025-11-14T16:28:16.788+0000] {processor.py:914} INFO - Processing file /home/airflow/.local/lib/python3.12/site-packages/airflow/example_dags/example_sla_dag.py for tasks to queue
[2025-11-14T16:28:16.790+0000] {logging_mixin.py:190} INFO - [2025-11-14T16:28:16.790+0000] {dagbag.py:588} INFO - Filling up the DagBag from /home/airflow/.local/lib/python3.12/site-packages/airflow/example_dags/example_sla_dag.py
[2025-11-14T16:28:16.798+0000] {processor.py:925} INFO - DAG(s) 'example_sla_dag' retrieved from /home/airflow/.local/lib/python3.12/site-packages/airflow/example_dags/example_sla_dag.py
[2025-11-14T16:28:16.810+0000] {logging_mixin.py:190} INFO - [2025-11-14T16:28:16.810+0000] {dag.py:3239} INFO - Sync 1 DAGs
[2025-11-14T16:28:16.827+0000] {logging_mixin.py:190} INFO - [2025-11-14T16:28:16.827+0000] {dag.py:4180} INFO - Setting next_dagrun for example_sla_dag to 2025-11-14 16:26:00+00:00, run_after=2025-11-14 16:28:00+00:00
[2025-11-14T16:28:16.840+0000] {processor.py:208} INFO - Processing /home/airflow/.local/lib/python3.12/site-packages/airflow/example_dags/example_sla_dag.py took 0.057 seconds
[2025-11-14T16:28:47.677+0000] {processor.py:186} INFO - Started process (PID=2374) to work on /home/airflow/.local/lib/python3.12/site-packages/airflow/example_dags/example_sla_dag.py
[2025-11-14T16:28:47.678+0000] {processor.py:914} INFO - Processing file /home/airflow/.local/lib/python3.12/site-packages/airflow/example_dags/example_sla_dag.py for tasks to queue
[2025-11-14T16:28:47.680+0000] {logging_mixin.py:190} INFO - [2025-11-14T16:28:47.680+0000] {dagbag.py:588} INFO - Filling up the DagBag from /home/airflow/.local/lib/python3.12/site-packages/airflow/example_dags/example_sla_dag.py
[2025-11-14T16:28:47.688+0000] {processor.py:925} INFO - DAG(s) 'example_sla_dag' retrieved from /home/airflow/.local/lib/python3.12/site-packages/airflow/example_dags/example_sla_dag.py
[2025-11-14T16:28:47.701+0000] {logging_mixin.py:190} INFO - [2025-11-14T16:28:47.701+0000] {dag.py:3239} INFO - Sync 1 DAGs
[2025-11-14T16:28:47.717+0000] {logging_mixin.py:190} INFO - [2025-11-14T16:28:47.717+0000] {dag.py:4180} INFO - Setting next_dagrun for example_sla_dag to 2025-11-14 16:26:00+00:00, run_after=2025-11-14 16:28:00+00:00
[2025-11-14T16:28:47.730+0000] {processor.py:208} INFO - Processing /home/airflow/.local/lib/python3.12/site-packages/airflow/example_dags/example_sla_dag.py took 0.057 seconds
[2025-11-14T16:29:18.577+0000] {processor.py:186} INFO - Started process (PID=2439) to work on /home/airflow/.local/lib/python3.12/site-packages/airflow/example_dags/example_sla_dag.py
[2025-11-14T16:29:18.578+0000] {processor.py:914} INFO - Processing file /home/airflow/.local/lib/python3.12/site-packages/airflow/example_dags/example_sla_dag.py for tasks to queue
[2025-11-14T16:29:18.580+0000] {logging_mixin.py:190} INFO - [2025-11-14T16:29:18.580+0000] {dagbag.py:588} INFO - Filling up the DagBag from /home/airflow/.local/lib/python3.12/site-packages/airflow/example_dags/example_sla_dag.py
[2025-11-14T16:29:18.588+0000] {processor.py:925} INFO - DAG(s) 'example_sla_dag' retrieved from /home/airflow/.local/lib/python3.12/site-packages/airflow/example_dags/example_sla_dag.py
[2025-11-14T16:29:18.601+0000] {logging_mixin.py:190} INFO - [2025-11-14T16:29:18.601+0000] {dag.py:3239} INFO - Sync 1 DAGs
[2025-11-14T16:29:18.617+0000] {logging_mixin.py:190} INFO - [2025-11-14T16:29:18.617+0000] {dag.py:4180} INFO - Setting next_dagrun for example_sla_dag to 2025-11-14 16:26:00+00:00, run_after=2025-11-14 16:28:00+00:00
[2025-11-14T16:29:18.629+0000] {processor.py:208} INFO - Processing /home/airflow/.local/lib/python3.12/site-packages/airflow/example_dags/example_sla_dag.py took 0.057 seconds
[2025-11-14T16:29:49.314+0000] {processor.py:186} INFO - Started process (PID=2504) to work on /home/airflow/.local/lib/python3.12/site-packages/airflow/example_dags/example_sla_dag.py
[2025-11-14T16:29:49.316+0000] {processor.py:914} INFO - Processing file /home/airflow/.local/lib/python3.12/site-packages/airflow/example_dags/example_sla_dag.py for tasks to queue
[2025-11-14T16:29:49.318+0000] {logging_mixin.py:190} INFO - [2025-11-14T16:29:49.318+0000] {dagbag.py:588} INFO - Filling up the DagBag from /home/airflow/.local/lib/python3.12/site-packages/airflow/example_dags/example_sla_dag.py
[2025-11-14T16:29:49.325+0000] {processor.py:925} INFO - DAG(s) 'example_sla_dag' retrieved from /home/airflow/.local/lib/python3.12/site-packages/airflow/example_dags/example_sla_dag.py
[2025-11-14T16:29:49.340+0000] {logging_mixin.py:190} INFO - [2025-11-14T16:29:49.340+0000] {dag.py:3239} INFO - Sync 1 DAGs
[2025-11-14T16:29:49.356+0000] {logging_mixin.py:190} INFO - [2025-11-14T16:29:49.356+0000] {dag.py:4180} INFO - Setting next_dagrun for example_sla_dag to 2025-11-14 16:26:00+00:00, run_after=2025-11-14 16:28:00+00:00
[2025-11-14T16:29:49.368+0000] {processor.py:208} INFO - Processing /home/airflow/.local/lib/python3.12/site-packages/airflow/example_dags/example_sla_dag.py took 0.058 seconds
[2025-11-14T16:30:20.470+0000] {processor.py:186} INFO - Started process (PID=2569) to work on /home/airflow/.local/lib/python3.12/site-packages/airflow/example_dags/example_sla_dag.py
[2025-11-14T16:30:20.471+0000] {processor.py:914} INFO - Processing file /home/airflow/.local/lib/python3.12/site-packages/airflow/example_dags/example_sla_dag.py for tasks to queue
[2025-11-14T16:30:20.473+0000] {logging_mixin.py:190} INFO - [2025-11-14T16:30:20.473+0000] {dagbag.py:588} INFO - Filling up the DagBag from /home/airflow/.local/lib/python3.12/site-packages/airflow/example_dags/example_sla_dag.py
[2025-11-14T16:30:20.481+0000] {processor.py:925} INFO - DAG(s) 'example_sla_dag' retrieved from /home/airflow/.local/lib/python3.12/site-packages/airflow/example_dags/example_sla_dag.py
[2025-11-14T16:30:20.494+0000] {logging_mixin.py:190} INFO - [2025-11-14T16:30:20.494+0000] {dag.py:3239} INFO - Sync 1 DAGs
[2025-11-14T16:30:20.509+0000] {logging_mixin.py:190} INFO - [2025-11-14T16:30:20.509+0000] {dag.py:4180} INFO - Setting next_dagrun for example_sla_dag to 2025-11-14 16:28:00+00:00, run_after=2025-11-14 16:30:00+00:00
[2025-11-14T16:30:20.521+0000] {processor.py:208} INFO - Processing /home/airflow/.local/lib/python3.12/site-packages/airflow/example_dags/example_sla_dag.py took 0.055 seconds
[2025-11-14T16:30:51.233+0000] {processor.py:186} INFO - Started process (PID=2634) to work on /home/airflow/.local/lib/python3.12/site-packages/airflow/example_dags/example_sla_dag.py
[2025-11-14T16:30:51.234+0000] {processor.py:914} INFO - Processing file /home/airflow/.local/lib/python3.12/site-packages/airflow/example_dags/example_sla_dag.py for tasks to queue
[2025-11-14T16:30:51.236+0000] {logging_mixin.py:190} INFO - [2025-11-14T16:30:51.235+0000] {dagbag.py:588} INFO - Filling up the DagBag from /home/airflow/.local/lib/python3.12/site-packages/airflow/example_dags/example_sla_dag.py
[2025-11-14T16:30:51.243+0000] {processor.py:925} INFO - DAG(s) 'example_sla_dag' retrieved from /home/airflow/.local/lib/python3.12/site-packages/airflow/example_dags/example_sla_dag.py
[2025-11-14T16:30:51.256+0000] {logging_mixin.py:190} INFO - [2025-11-14T16:30:51.256+0000] {dag.py:3239} INFO - Sync 1 DAGs
[2025-11-14T16:30:51.273+0000] {logging_mixin.py:190} INFO - [2025-11-14T16:30:51.273+0000] {dag.py:4180} INFO - Setting next_dagrun for example_sla_dag to 2025-11-14 16:28:00+00:00, run_after=2025-11-14 16:30:00+00:00
[2025-11-14T16:30:51.284+0000] {processor.py:208} INFO - Processing /home/airflow/.local/lib/python3.12/site-packages/airflow/example_dags/example_sla_dag.py took 0.056 seconds
[2025-11-14T16:31:22.655+0000] {processor.py:186} INFO - Started process (PID=2699) to work on /home/airflow/.local/lib/python3.12/site-packages/airflow/example_dags/example_sla_dag.py
[2025-11-14T16:31:22.656+0000] {processor.py:914} INFO - Processing file /home/airflow/.local/lib/python3.12/site-packages/airflow/example_dags/example_sla_dag.py for tasks to queue
[2025-11-14T16:31:22.657+0000] {logging_mixin.py:190} INFO - [2025-11-14T16:31:22.657+0000] {dagbag.py:588} INFO - Filling up the DagBag from /home/airflow/.local/lib/python3.12/site-packages/airflow/example_dags/example_sla_dag.py
[2025-11-14T16:31:22.665+0000] {processor.py:925} INFO - DAG(s) 'example_sla_dag' retrieved from /home/airflow/.local/lib/python3.12/site-packages/airflow/example_dags/example_sla_dag.py
[2025-11-14T16:31:22.678+0000] {logging_mixin.py:190} INFO - [2025-11-14T16:31:22.678+0000] {dag.py:3239} INFO - Sync 1 DAGs
[2025-11-14T16:31:22.694+0000] {logging_mixin.py:190} INFO - [2025-11-14T16:31:22.694+0000] {dag.py:4180} INFO - Setting next_dagrun for example_sla_dag to 2025-11-14 16:28:00+00:00, run_after=2025-11-14 16:30:00+00:00
[2025-11-14T16:31:22.707+0000] {processor.py:208} INFO - Processing /home/airflow/.local/lib/python3.12/site-packages/airflow/example_dags/example_sla_dag.py took 0.057 seconds
