[2025-11-17T10:31:51.144+0000] {processor.py:186} INFO - Started process (PID=115) to work on /home/airflow/.local/lib/python3.12/site-packages/airflow/example_dags/example_python_decorator.py
[2025-11-17T10:31:51.145+0000] {processor.py:914} INFO - Processing file /home/airflow/.local/lib/python3.12/site-packages/airflow/example_dags/example_python_decorator.py for tasks to queue
[2025-11-17T10:31:51.147+0000] {logging_mixin.py:190} INFO - [2025-11-17T10:31:51.147+0000] {dagbag.py:588} INFO - Filling up the DagBag from /home/airflow/.local/lib/python3.12/site-packages/airflow/example_dags/example_python_decorator.py
[2025-11-17T10:31:51.158+0000] {processor.py:925} INFO - DAG(s) 'example_python_decorator' retrieved from /home/airflow/.local/lib/python3.12/site-packages/airflow/example_dags/example_python_decorator.py
[2025-11-17T10:31:51.230+0000] {logging_mixin.py:190} INFO - [2025-11-17T10:31:51.230+0000] {dag.py:3239} INFO - Sync 1 DAGs
[2025-11-17T10:31:51.238+0000] {logging_mixin.py:190} INFO - [2025-11-17T10:31:51.238+0000] {dag.py:4180} INFO - Setting next_dagrun for example_python_decorator to None, run_after=None
[2025-11-17T10:31:51.250+0000] {processor.py:208} INFO - Processing /home/airflow/.local/lib/python3.12/site-packages/airflow/example_dags/example_python_decorator.py took 0.110 seconds
[2025-11-17T10:32:22.004+0000] {processor.py:186} INFO - Started process (PID=181) to work on /home/airflow/.local/lib/python3.12/site-packages/airflow/example_dags/example_python_decorator.py
[2025-11-17T10:32:22.015+0000] {processor.py:914} INFO - Processing file /home/airflow/.local/lib/python3.12/site-packages/airflow/example_dags/example_python_decorator.py for tasks to queue
[2025-11-17T10:32:22.018+0000] {logging_mixin.py:190} INFO - [2025-11-17T10:32:22.017+0000] {dagbag.py:588} INFO - Filling up the DagBag from /home/airflow/.local/lib/python3.12/site-packages/airflow/example_dags/example_python_decorator.py
[2025-11-17T10:32:22.029+0000] {processor.py:925} INFO - DAG(s) 'example_python_decorator' retrieved from /home/airflow/.local/lib/python3.12/site-packages/airflow/example_dags/example_python_decorator.py
[2025-11-17T10:32:22.045+0000] {logging_mixin.py:190} INFO - [2025-11-17T10:32:22.045+0000] {dag.py:3239} INFO - Sync 1 DAGs
[2025-11-17T10:32:22.055+0000] {logging_mixin.py:190} INFO - [2025-11-17T10:32:22.055+0000] {dag.py:4180} INFO - Setting next_dagrun for example_python_decorator to None, run_after=None
[2025-11-17T10:32:22.069+0000] {processor.py:208} INFO - Processing /home/airflow/.local/lib/python3.12/site-packages/airflow/example_dags/example_python_decorator.py took 0.070 seconds
[2025-11-17T10:32:53.205+0000] {processor.py:186} INFO - Started process (PID=246) to work on /home/airflow/.local/lib/python3.12/site-packages/airflow/example_dags/example_python_decorator.py
[2025-11-17T10:32:53.206+0000] {processor.py:914} INFO - Processing file /home/airflow/.local/lib/python3.12/site-packages/airflow/example_dags/example_python_decorator.py for tasks to queue
[2025-11-17T10:32:53.208+0000] {logging_mixin.py:190} INFO - [2025-11-17T10:32:53.207+0000] {dagbag.py:588} INFO - Filling up the DagBag from /home/airflow/.local/lib/python3.12/site-packages/airflow/example_dags/example_python_decorator.py
[2025-11-17T10:32:53.218+0000] {processor.py:925} INFO - DAG(s) 'example_python_decorator' retrieved from /home/airflow/.local/lib/python3.12/site-packages/airflow/example_dags/example_python_decorator.py
[2025-11-17T10:32:53.235+0000] {logging_mixin.py:190} INFO - [2025-11-17T10:32:53.235+0000] {dag.py:3239} INFO - Sync 1 DAGs
[2025-11-17T10:32:53.245+0000] {logging_mixin.py:190} INFO - [2025-11-17T10:32:53.245+0000] {dag.py:4180} INFO - Setting next_dagrun for example_python_decorator to None, run_after=None
[2025-11-17T10:32:53.259+0000] {processor.py:208} INFO - Processing /home/airflow/.local/lib/python3.12/site-packages/airflow/example_dags/example_python_decorator.py took 0.059 seconds
[2025-11-17T10:33:23.562+0000] {processor.py:186} INFO - Started process (PID=311) to work on /home/airflow/.local/lib/python3.12/site-packages/airflow/example_dags/example_python_decorator.py
[2025-11-17T10:33:23.563+0000] {processor.py:914} INFO - Processing file /home/airflow/.local/lib/python3.12/site-packages/airflow/example_dags/example_python_decorator.py for tasks to queue
[2025-11-17T10:33:23.565+0000] {logging_mixin.py:190} INFO - [2025-11-17T10:33:23.565+0000] {dagbag.py:588} INFO - Filling up the DagBag from /home/airflow/.local/lib/python3.12/site-packages/airflow/example_dags/example_python_decorator.py
[2025-11-17T10:33:23.576+0000] {processor.py:925} INFO - DAG(s) 'example_python_decorator' retrieved from /home/airflow/.local/lib/python3.12/site-packages/airflow/example_dags/example_python_decorator.py
[2025-11-17T10:33:23.591+0000] {logging_mixin.py:190} INFO - [2025-11-17T10:33:23.591+0000] {dag.py:3239} INFO - Sync 1 DAGs
[2025-11-17T10:33:23.601+0000] {logging_mixin.py:190} INFO - [2025-11-17T10:33:23.600+0000] {dag.py:4180} INFO - Setting next_dagrun for example_python_decorator to None, run_after=None
[2025-11-17T10:33:23.614+0000] {processor.py:208} INFO - Processing /home/airflow/.local/lib/python3.12/site-packages/airflow/example_dags/example_python_decorator.py took 0.056 seconds
[2025-11-17T10:33:54.337+0000] {processor.py:186} INFO - Started process (PID=376) to work on /home/airflow/.local/lib/python3.12/site-packages/airflow/example_dags/example_python_decorator.py
[2025-11-17T10:33:54.339+0000] {processor.py:914} INFO - Processing file /home/airflow/.local/lib/python3.12/site-packages/airflow/example_dags/example_python_decorator.py for tasks to queue
[2025-11-17T10:33:54.341+0000] {logging_mixin.py:190} INFO - [2025-11-17T10:33:54.341+0000] {dagbag.py:588} INFO - Filling up the DagBag from /home/airflow/.local/lib/python3.12/site-packages/airflow/example_dags/example_python_decorator.py
[2025-11-17T10:33:54.353+0000] {processor.py:925} INFO - DAG(s) 'example_python_decorator' retrieved from /home/airflow/.local/lib/python3.12/site-packages/airflow/example_dags/example_python_decorator.py
[2025-11-17T10:33:54.369+0000] {logging_mixin.py:190} INFO - [2025-11-17T10:33:54.369+0000] {dag.py:3239} INFO - Sync 1 DAGs
[2025-11-17T10:33:54.380+0000] {logging_mixin.py:190} INFO - [2025-11-17T10:33:54.380+0000] {dag.py:4180} INFO - Setting next_dagrun for example_python_decorator to None, run_after=None
[2025-11-17T10:33:54.394+0000] {processor.py:208} INFO - Processing /home/airflow/.local/lib/python3.12/site-packages/airflow/example_dags/example_python_decorator.py took 0.062 seconds
[2025-11-17T10:34:26.172+0000] {processor.py:186} INFO - Started process (PID=441) to work on /home/airflow/.local/lib/python3.12/site-packages/airflow/example_dags/example_python_decorator.py
[2025-11-17T10:34:26.173+0000] {processor.py:914} INFO - Processing file /home/airflow/.local/lib/python3.12/site-packages/airflow/example_dags/example_python_decorator.py for tasks to queue
[2025-11-17T10:34:26.175+0000] {logging_mixin.py:190} INFO - [2025-11-17T10:34:26.175+0000] {dagbag.py:588} INFO - Filling up the DagBag from /home/airflow/.local/lib/python3.12/site-packages/airflow/example_dags/example_python_decorator.py
[2025-11-17T10:34:26.189+0000] {processor.py:925} INFO - DAG(s) 'example_python_decorator' retrieved from /home/airflow/.local/lib/python3.12/site-packages/airflow/example_dags/example_python_decorator.py
[2025-11-17T10:34:26.216+0000] {logging_mixin.py:190} INFO - [2025-11-17T10:34:26.215+0000] {dag.py:3239} INFO - Sync 1 DAGs
[2025-11-17T10:34:25.010+0000] {logging_mixin.py:190} INFO - [2025-11-17T10:34:25.009+0000] {dag.py:4180} INFO - Setting next_dagrun for example_python_decorator to None, run_after=None
[2025-11-17T10:34:25.035+0000] {processor.py:208} INFO - Processing /home/airflow/.local/lib/python3.12/site-packages/airflow/example_dags/example_python_decorator.py took 0.096 seconds
[2025-11-17T10:34:54.479+0000] {processor.py:186} INFO - Started process (PID=501) to work on /home/airflow/.local/lib/python3.12/site-packages/airflow/example_dags/example_python_decorator.py
[2025-11-17T10:34:54.482+0000] {processor.py:914} INFO - Processing file /home/airflow/.local/lib/python3.12/site-packages/airflow/example_dags/example_python_decorator.py for tasks to queue
[2025-11-17T10:34:54.485+0000] {logging_mixin.py:190} INFO - [2025-11-17T10:34:54.485+0000] {dagbag.py:588} INFO - Filling up the DagBag from /home/airflow/.local/lib/python3.12/site-packages/airflow/example_dags/example_python_decorator.py
[2025-11-17T10:34:54.503+0000] {processor.py:925} INFO - DAG(s) 'example_python_decorator' retrieved from /home/airflow/.local/lib/python3.12/site-packages/airflow/example_dags/example_python_decorator.py
[2025-11-17T10:34:54.523+0000] {logging_mixin.py:190} INFO - [2025-11-17T10:34:54.523+0000] {dag.py:3239} INFO - Sync 1 DAGs
[2025-11-17T10:34:54.538+0000] {logging_mixin.py:190} INFO - [2025-11-17T10:34:54.538+0000] {dag.py:4180} INFO - Setting next_dagrun for example_python_decorator to None, run_after=None
[2025-11-17T10:34:54.553+0000] {processor.py:208} INFO - Processing /home/airflow/.local/lib/python3.12/site-packages/airflow/example_dags/example_python_decorator.py took 0.081 seconds
[2025-11-17T10:35:25.548+0000] {processor.py:186} INFO - Started process (PID=557) to work on /home/airflow/.local/lib/python3.12/site-packages/airflow/example_dags/example_python_decorator.py
[2025-11-17T10:35:25.549+0000] {processor.py:914} INFO - Processing file /home/airflow/.local/lib/python3.12/site-packages/airflow/example_dags/example_python_decorator.py for tasks to queue
[2025-11-17T10:35:25.551+0000] {logging_mixin.py:190} INFO - [2025-11-17T10:35:25.551+0000] {dagbag.py:588} INFO - Filling up the DagBag from /home/airflow/.local/lib/python3.12/site-packages/airflow/example_dags/example_python_decorator.py
[2025-11-17T10:35:25.563+0000] {processor.py:925} INFO - DAG(s) 'example_python_decorator' retrieved from /home/airflow/.local/lib/python3.12/site-packages/airflow/example_dags/example_python_decorator.py
[2025-11-17T10:35:25.581+0000] {logging_mixin.py:190} INFO - [2025-11-17T10:35:25.581+0000] {dag.py:3239} INFO - Sync 1 DAGs
[2025-11-17T10:35:25.592+0000] {logging_mixin.py:190} INFO - [2025-11-17T10:35:25.592+0000] {dag.py:4180} INFO - Setting next_dagrun for example_python_decorator to None, run_after=None
[2025-11-17T10:35:25.606+0000] {processor.py:208} INFO - Processing /home/airflow/.local/lib/python3.12/site-packages/airflow/example_dags/example_python_decorator.py took 0.063 seconds
[2025-11-17T10:35:56.895+0000] {processor.py:186} INFO - Started process (PID=627) to work on /home/airflow/.local/lib/python3.12/site-packages/airflow/example_dags/example_python_decorator.py
[2025-11-17T10:35:56.896+0000] {processor.py:914} INFO - Processing file /home/airflow/.local/lib/python3.12/site-packages/airflow/example_dags/example_python_decorator.py for tasks to queue
[2025-11-17T10:35:56.897+0000] {logging_mixin.py:190} INFO - [2025-11-17T10:35:56.897+0000] {dagbag.py:588} INFO - Filling up the DagBag from /home/airflow/.local/lib/python3.12/site-packages/airflow/example_dags/example_python_decorator.py
[2025-11-17T10:35:56.908+0000] {processor.py:925} INFO - DAG(s) 'example_python_decorator' retrieved from /home/airflow/.local/lib/python3.12/site-packages/airflow/example_dags/example_python_decorator.py
[2025-11-17T10:35:56.924+0000] {logging_mixin.py:190} INFO - [2025-11-17T10:35:56.923+0000] {dag.py:3239} INFO - Sync 1 DAGs
[2025-11-17T10:35:56.933+0000] {logging_mixin.py:190} INFO - [2025-11-17T10:35:56.933+0000] {dag.py:4180} INFO - Setting next_dagrun for example_python_decorator to None, run_after=None
[2025-11-17T10:35:56.948+0000] {processor.py:208} INFO - Processing /home/airflow/.local/lib/python3.12/site-packages/airflow/example_dags/example_python_decorator.py took 0.058 seconds
[2025-11-17T10:36:27.151+0000] {processor.py:186} INFO - Started process (PID=692) to work on /home/airflow/.local/lib/python3.12/site-packages/airflow/example_dags/example_python_decorator.py
[2025-11-17T10:36:27.152+0000] {processor.py:914} INFO - Processing file /home/airflow/.local/lib/python3.12/site-packages/airflow/example_dags/example_python_decorator.py for tasks to queue
[2025-11-17T10:36:27.155+0000] {logging_mixin.py:190} INFO - [2025-11-17T10:36:27.155+0000] {dagbag.py:588} INFO - Filling up the DagBag from /home/airflow/.local/lib/python3.12/site-packages/airflow/example_dags/example_python_decorator.py
[2025-11-17T10:36:27.168+0000] {processor.py:925} INFO - DAG(s) 'example_python_decorator' retrieved from /home/airflow/.local/lib/python3.12/site-packages/airflow/example_dags/example_python_decorator.py
[2025-11-17T10:36:27.188+0000] {logging_mixin.py:190} INFO - [2025-11-17T10:36:27.188+0000] {dag.py:3239} INFO - Sync 1 DAGs
[2025-11-17T10:36:27.199+0000] {logging_mixin.py:190} INFO - [2025-11-17T10:36:27.199+0000] {dag.py:4180} INFO - Setting next_dagrun for example_python_decorator to None, run_after=None
[2025-11-17T10:36:27.214+0000] {processor.py:208} INFO - Processing /home/airflow/.local/lib/python3.12/site-packages/airflow/example_dags/example_python_decorator.py took 0.069 seconds
[2025-11-17T10:36:57.526+0000] {processor.py:186} INFO - Started process (PID=757) to work on /home/airflow/.local/lib/python3.12/site-packages/airflow/example_dags/example_python_decorator.py
[2025-11-17T10:36:57.527+0000] {processor.py:914} INFO - Processing file /home/airflow/.local/lib/python3.12/site-packages/airflow/example_dags/example_python_decorator.py for tasks to queue
[2025-11-17T10:36:57.529+0000] {logging_mixin.py:190} INFO - [2025-11-17T10:36:57.529+0000] {dagbag.py:588} INFO - Filling up the DagBag from /home/airflow/.local/lib/python3.12/site-packages/airflow/example_dags/example_python_decorator.py
[2025-11-17T10:36:57.539+0000] {processor.py:925} INFO - DAG(s) 'example_python_decorator' retrieved from /home/airflow/.local/lib/python3.12/site-packages/airflow/example_dags/example_python_decorator.py
[2025-11-17T10:36:57.557+0000] {logging_mixin.py:190} INFO - [2025-11-17T10:36:57.557+0000] {dag.py:3239} INFO - Sync 1 DAGs
[2025-11-17T10:36:57.567+0000] {logging_mixin.py:190} INFO - [2025-11-17T10:36:57.567+0000] {dag.py:4180} INFO - Setting next_dagrun for example_python_decorator to None, run_after=None
[2025-11-17T10:36:57.581+0000] {processor.py:208} INFO - Processing /home/airflow/.local/lib/python3.12/site-packages/airflow/example_dags/example_python_decorator.py took 0.059 seconds
[2025-11-17T10:37:28.184+0000] {processor.py:186} INFO - Started process (PID=821) to work on /home/airflow/.local/lib/python3.12/site-packages/airflow/example_dags/example_python_decorator.py
[2025-11-17T10:37:28.185+0000] {processor.py:914} INFO - Processing file /home/airflow/.local/lib/python3.12/site-packages/airflow/example_dags/example_python_decorator.py for tasks to queue
[2025-11-17T10:37:28.188+0000] {logging_mixin.py:190} INFO - [2025-11-17T10:37:28.187+0000] {dagbag.py:588} INFO - Filling up the DagBag from /home/airflow/.local/lib/python3.12/site-packages/airflow/example_dags/example_python_decorator.py
[2025-11-17T10:37:28.198+0000] {processor.py:925} INFO - DAG(s) 'example_python_decorator' retrieved from /home/airflow/.local/lib/python3.12/site-packages/airflow/example_dags/example_python_decorator.py
[2025-11-17T10:37:28.214+0000] {logging_mixin.py:190} INFO - [2025-11-17T10:37:28.214+0000] {dag.py:3239} INFO - Sync 1 DAGs
[2025-11-17T10:37:28.224+0000] {logging_mixin.py:190} INFO - [2025-11-17T10:37:28.223+0000] {dag.py:4180} INFO - Setting next_dagrun for example_python_decorator to None, run_after=None
[2025-11-17T10:37:28.239+0000] {processor.py:208} INFO - Processing /home/airflow/.local/lib/python3.12/site-packages/airflow/example_dags/example_python_decorator.py took 0.060 seconds
[2025-11-17T10:37:59.106+0000] {processor.py:186} INFO - Started process (PID=886) to work on /home/airflow/.local/lib/python3.12/site-packages/airflow/example_dags/example_python_decorator.py
[2025-11-17T10:37:59.107+0000] {processor.py:914} INFO - Processing file /home/airflow/.local/lib/python3.12/site-packages/airflow/example_dags/example_python_decorator.py for tasks to queue
[2025-11-17T10:37:59.109+0000] {logging_mixin.py:190} INFO - [2025-11-17T10:37:59.109+0000] {dagbag.py:588} INFO - Filling up the DagBag from /home/airflow/.local/lib/python3.12/site-packages/airflow/example_dags/example_python_decorator.py
[2025-11-17T10:37:59.119+0000] {processor.py:925} INFO - DAG(s) 'example_python_decorator' retrieved from /home/airflow/.local/lib/python3.12/site-packages/airflow/example_dags/example_python_decorator.py
[2025-11-17T10:37:59.135+0000] {logging_mixin.py:190} INFO - [2025-11-17T10:37:59.134+0000] {dag.py:3239} INFO - Sync 1 DAGs
[2025-11-17T10:37:59.144+0000] {logging_mixin.py:190} INFO - [2025-11-17T10:37:59.144+0000] {dag.py:4180} INFO - Setting next_dagrun for example_python_decorator to None, run_after=None
[2025-11-17T10:37:59.157+0000] {processor.py:208} INFO - Processing /home/airflow/.local/lib/python3.12/site-packages/airflow/example_dags/example_python_decorator.py took 0.055 seconds
[2025-11-17T10:38:29.507+0000] {processor.py:186} INFO - Started process (PID=975) to work on /home/airflow/.local/lib/python3.12/site-packages/airflow/example_dags/example_python_decorator.py
[2025-11-17T10:38:29.508+0000] {processor.py:914} INFO - Processing file /home/airflow/.local/lib/python3.12/site-packages/airflow/example_dags/example_python_decorator.py for tasks to queue
[2025-11-17T10:38:29.510+0000] {logging_mixin.py:190} INFO - [2025-11-17T10:38:29.509+0000] {dagbag.py:588} INFO - Filling up the DagBag from /home/airflow/.local/lib/python3.12/site-packages/airflow/example_dags/example_python_decorator.py
[2025-11-17T10:38:29.520+0000] {processor.py:925} INFO - DAG(s) 'example_python_decorator' retrieved from /home/airflow/.local/lib/python3.12/site-packages/airflow/example_dags/example_python_decorator.py
[2025-11-17T10:38:29.535+0000] {logging_mixin.py:190} INFO - [2025-11-17T10:38:29.534+0000] {dag.py:3239} INFO - Sync 1 DAGs
[2025-11-17T10:38:29.547+0000] {logging_mixin.py:190} INFO - [2025-11-17T10:38:29.547+0000] {dag.py:4180} INFO - Setting next_dagrun for example_python_decorator to None, run_after=None
[2025-11-17T10:38:29.560+0000] {processor.py:208} INFO - Processing /home/airflow/.local/lib/python3.12/site-packages/airflow/example_dags/example_python_decorator.py took 0.058 seconds
[2025-11-17T10:39:00.112+0000] {processor.py:186} INFO - Started process (PID=1074) to work on /home/airflow/.local/lib/python3.12/site-packages/airflow/example_dags/example_python_decorator.py
[2025-11-17T10:39:00.113+0000] {processor.py:914} INFO - Processing file /home/airflow/.local/lib/python3.12/site-packages/airflow/example_dags/example_python_decorator.py for tasks to queue
[2025-11-17T10:39:00.115+0000] {logging_mixin.py:190} INFO - [2025-11-17T10:39:00.115+0000] {dagbag.py:588} INFO - Filling up the DagBag from /home/airflow/.local/lib/python3.12/site-packages/airflow/example_dags/example_python_decorator.py
[2025-11-17T10:39:00.126+0000] {processor.py:925} INFO - DAG(s) 'example_python_decorator' retrieved from /home/airflow/.local/lib/python3.12/site-packages/airflow/example_dags/example_python_decorator.py
[2025-11-17T10:39:00.141+0000] {logging_mixin.py:190} INFO - [2025-11-17T10:39:00.141+0000] {dag.py:3239} INFO - Sync 1 DAGs
[2025-11-17T10:39:00.152+0000] {logging_mixin.py:190} INFO - [2025-11-17T10:39:00.152+0000] {dag.py:4180} INFO - Setting next_dagrun for example_python_decorator to None, run_after=None
[2025-11-17T10:39:00.165+0000] {processor.py:208} INFO - Processing /home/airflow/.local/lib/python3.12/site-packages/airflow/example_dags/example_python_decorator.py took 0.060 seconds
[2025-11-17T10:39:30.479+0000] {processor.py:186} INFO - Started process (PID=1140) to work on /home/airflow/.local/lib/python3.12/site-packages/airflow/example_dags/example_python_decorator.py
[2025-11-17T10:39:30.479+0000] {processor.py:914} INFO - Processing file /home/airflow/.local/lib/python3.12/site-packages/airflow/example_dags/example_python_decorator.py for tasks to queue
[2025-11-17T10:39:30.481+0000] {logging_mixin.py:190} INFO - [2025-11-17T10:39:30.481+0000] {dagbag.py:588} INFO - Filling up the DagBag from /home/airflow/.local/lib/python3.12/site-packages/airflow/example_dags/example_python_decorator.py
[2025-11-17T10:39:30.492+0000] {processor.py:925} INFO - DAG(s) 'example_python_decorator' retrieved from /home/airflow/.local/lib/python3.12/site-packages/airflow/example_dags/example_python_decorator.py
[2025-11-17T10:39:30.507+0000] {logging_mixin.py:190} INFO - [2025-11-17T10:39:30.507+0000] {dag.py:3239} INFO - Sync 1 DAGs
[2025-11-17T10:39:30.517+0000] {logging_mixin.py:190} INFO - [2025-11-17T10:39:30.517+0000] {dag.py:4180} INFO - Setting next_dagrun for example_python_decorator to None, run_after=None
[2025-11-17T10:39:30.530+0000] {processor.py:208} INFO - Processing /home/airflow/.local/lib/python3.12/site-packages/airflow/example_dags/example_python_decorator.py took 0.057 seconds
[2025-11-17T10:40:00.828+0000] {processor.py:186} INFO - Started process (PID=1205) to work on /home/airflow/.local/lib/python3.12/site-packages/airflow/example_dags/example_python_decorator.py
[2025-11-17T10:40:00.829+0000] {processor.py:914} INFO - Processing file /home/airflow/.local/lib/python3.12/site-packages/airflow/example_dags/example_python_decorator.py for tasks to queue
[2025-11-17T10:40:00.831+0000] {logging_mixin.py:190} INFO - [2025-11-17T10:40:00.831+0000] {dagbag.py:588} INFO - Filling up the DagBag from /home/airflow/.local/lib/python3.12/site-packages/airflow/example_dags/example_python_decorator.py
[2025-11-17T10:40:00.841+0000] {processor.py:925} INFO - DAG(s) 'example_python_decorator' retrieved from /home/airflow/.local/lib/python3.12/site-packages/airflow/example_dags/example_python_decorator.py
[2025-11-17T10:40:00.857+0000] {logging_mixin.py:190} INFO - [2025-11-17T10:40:00.857+0000] {dag.py:3239} INFO - Sync 1 DAGs
[2025-11-17T10:40:00.867+0000] {logging_mixin.py:190} INFO - [2025-11-17T10:40:00.867+0000] {dag.py:4180} INFO - Setting next_dagrun for example_python_decorator to None, run_after=None
[2025-11-17T10:40:00.881+0000] {processor.py:208} INFO - Processing /home/airflow/.local/lib/python3.12/site-packages/airflow/example_dags/example_python_decorator.py took 0.060 seconds
[2025-11-17T10:40:31.238+0000] {processor.py:186} INFO - Started process (PID=1276) to work on /home/airflow/.local/lib/python3.12/site-packages/airflow/example_dags/example_python_decorator.py
[2025-11-17T10:40:31.239+0000] {processor.py:914} INFO - Processing file /home/airflow/.local/lib/python3.12/site-packages/airflow/example_dags/example_python_decorator.py for tasks to queue
[2025-11-17T10:40:31.243+0000] {logging_mixin.py:190} INFO - [2025-11-17T10:40:31.243+0000] {dagbag.py:588} INFO - Filling up the DagBag from /home/airflow/.local/lib/python3.12/site-packages/airflow/example_dags/example_python_decorator.py
[2025-11-17T10:40:31.253+0000] {processor.py:925} INFO - DAG(s) 'example_python_decorator' retrieved from /home/airflow/.local/lib/python3.12/site-packages/airflow/example_dags/example_python_decorator.py
[2025-11-17T10:40:31.268+0000] {logging_mixin.py:190} INFO - [2025-11-17T10:40:31.268+0000] {dag.py:3239} INFO - Sync 1 DAGs
[2025-11-17T10:40:31.277+0000] {logging_mixin.py:190} INFO - [2025-11-17T10:40:31.277+0000] {dag.py:4180} INFO - Setting next_dagrun for example_python_decorator to None, run_after=None
[2025-11-17T10:40:31.290+0000] {processor.py:208} INFO - Processing /home/airflow/.local/lib/python3.12/site-packages/airflow/example_dags/example_python_decorator.py took 0.058 seconds
[2025-11-17T10:41:01.966+0000] {processor.py:186} INFO - Started process (PID=1346) to work on /home/airflow/.local/lib/python3.12/site-packages/airflow/example_dags/example_python_decorator.py
[2025-11-17T10:41:01.967+0000] {processor.py:914} INFO - Processing file /home/airflow/.local/lib/python3.12/site-packages/airflow/example_dags/example_python_decorator.py for tasks to queue
[2025-11-17T10:41:01.970+0000] {logging_mixin.py:190} INFO - [2025-11-17T10:41:01.969+0000] {dagbag.py:588} INFO - Filling up the DagBag from /home/airflow/.local/lib/python3.12/site-packages/airflow/example_dags/example_python_decorator.py
[2025-11-17T10:41:01.980+0000] {processor.py:925} INFO - DAG(s) 'example_python_decorator' retrieved from /home/airflow/.local/lib/python3.12/site-packages/airflow/example_dags/example_python_decorator.py
[2025-11-17T10:41:01.996+0000] {logging_mixin.py:190} INFO - [2025-11-17T10:41:01.996+0000] {dag.py:3239} INFO - Sync 1 DAGs
[2025-11-17T10:41:02.006+0000] {logging_mixin.py:190} INFO - [2025-11-17T10:41:02.006+0000] {dag.py:4180} INFO - Setting next_dagrun for example_python_decorator to None, run_after=None
[2025-11-17T10:41:02.019+0000] {processor.py:208} INFO - Processing /home/airflow/.local/lib/python3.12/site-packages/airflow/example_dags/example_python_decorator.py took 0.058 seconds
[2025-11-17T10:41:32.441+0000] {processor.py:186} INFO - Started process (PID=1411) to work on /home/airflow/.local/lib/python3.12/site-packages/airflow/example_dags/example_python_decorator.py
[2025-11-17T10:41:32.442+0000] {processor.py:914} INFO - Processing file /home/airflow/.local/lib/python3.12/site-packages/airflow/example_dags/example_python_decorator.py for tasks to queue
[2025-11-17T10:41:32.444+0000] {logging_mixin.py:190} INFO - [2025-11-17T10:41:32.444+0000] {dagbag.py:588} INFO - Filling up the DagBag from /home/airflow/.local/lib/python3.12/site-packages/airflow/example_dags/example_python_decorator.py
[2025-11-17T10:41:32.454+0000] {processor.py:925} INFO - DAG(s) 'example_python_decorator' retrieved from /home/airflow/.local/lib/python3.12/site-packages/airflow/example_dags/example_python_decorator.py
[2025-11-17T10:41:32.468+0000] {logging_mixin.py:190} INFO - [2025-11-17T10:41:32.468+0000] {dag.py:3239} INFO - Sync 1 DAGs
[2025-11-17T10:41:32.477+0000] {logging_mixin.py:190} INFO - [2025-11-17T10:41:32.477+0000] {dag.py:4180} INFO - Setting next_dagrun for example_python_decorator to None, run_after=None
[2025-11-17T10:41:32.491+0000] {processor.py:208} INFO - Processing /home/airflow/.local/lib/python3.12/site-packages/airflow/example_dags/example_python_decorator.py took 0.056 seconds
[2025-11-17T10:42:02.962+0000] {processor.py:186} INFO - Started process (PID=1476) to work on /home/airflow/.local/lib/python3.12/site-packages/airflow/example_dags/example_python_decorator.py
[2025-11-17T10:42:02.962+0000] {processor.py:914} INFO - Processing file /home/airflow/.local/lib/python3.12/site-packages/airflow/example_dags/example_python_decorator.py for tasks to queue
[2025-11-17T10:42:02.965+0000] {logging_mixin.py:190} INFO - [2025-11-17T10:42:02.964+0000] {dagbag.py:588} INFO - Filling up the DagBag from /home/airflow/.local/lib/python3.12/site-packages/airflow/example_dags/example_python_decorator.py
[2025-11-17T10:42:02.975+0000] {processor.py:925} INFO - DAG(s) 'example_python_decorator' retrieved from /home/airflow/.local/lib/python3.12/site-packages/airflow/example_dags/example_python_decorator.py
[2025-11-17T10:42:02.990+0000] {logging_mixin.py:190} INFO - [2025-11-17T10:42:02.990+0000] {dag.py:3239} INFO - Sync 1 DAGs
[2025-11-17T10:42:02.999+0000] {logging_mixin.py:190} INFO - [2025-11-17T10:42:02.999+0000] {dag.py:4180} INFO - Setting next_dagrun for example_python_decorator to None, run_after=None
[2025-11-17T10:42:03.012+0000] {processor.py:208} INFO - Processing /home/airflow/.local/lib/python3.12/site-packages/airflow/example_dags/example_python_decorator.py took 0.056 seconds
[2025-11-17T10:42:33.506+0000] {processor.py:186} INFO - Started process (PID=1541) to work on /home/airflow/.local/lib/python3.12/site-packages/airflow/example_dags/example_python_decorator.py
[2025-11-17T10:42:33.507+0000] {processor.py:914} INFO - Processing file /home/airflow/.local/lib/python3.12/site-packages/airflow/example_dags/example_python_decorator.py for tasks to queue
[2025-11-17T10:42:33.509+0000] {logging_mixin.py:190} INFO - [2025-11-17T10:42:33.509+0000] {dagbag.py:588} INFO - Filling up the DagBag from /home/airflow/.local/lib/python3.12/site-packages/airflow/example_dags/example_python_decorator.py
[2025-11-17T10:42:33.520+0000] {processor.py:925} INFO - DAG(s) 'example_python_decorator' retrieved from /home/airflow/.local/lib/python3.12/site-packages/airflow/example_dags/example_python_decorator.py
[2025-11-17T10:42:33.537+0000] {logging_mixin.py:190} INFO - [2025-11-17T10:42:33.537+0000] {dag.py:3239} INFO - Sync 1 DAGs
[2025-11-17T10:42:33.547+0000] {logging_mixin.py:190} INFO - [2025-11-17T10:42:33.547+0000] {dag.py:4180} INFO - Setting next_dagrun for example_python_decorator to None, run_after=None
[2025-11-17T10:42:33.561+0000] {processor.py:208} INFO - Processing /home/airflow/.local/lib/python3.12/site-packages/airflow/example_dags/example_python_decorator.py took 0.061 seconds
[2025-11-17T10:43:04.117+0000] {processor.py:186} INFO - Started process (PID=1605) to work on /home/airflow/.local/lib/python3.12/site-packages/airflow/example_dags/example_python_decorator.py
[2025-11-17T10:43:04.118+0000] {processor.py:914} INFO - Processing file /home/airflow/.local/lib/python3.12/site-packages/airflow/example_dags/example_python_decorator.py for tasks to queue
[2025-11-17T10:43:04.120+0000] {logging_mixin.py:190} INFO - [2025-11-17T10:43:04.120+0000] {dagbag.py:588} INFO - Filling up the DagBag from /home/airflow/.local/lib/python3.12/site-packages/airflow/example_dags/example_python_decorator.py
[2025-11-17T10:43:04.135+0000] {processor.py:925} INFO - DAG(s) 'example_python_decorator' retrieved from /home/airflow/.local/lib/python3.12/site-packages/airflow/example_dags/example_python_decorator.py
[2025-11-17T10:43:04.155+0000] {logging_mixin.py:190} INFO - [2025-11-17T10:43:04.155+0000] {dag.py:3239} INFO - Sync 1 DAGs
[2025-11-17T10:43:04.168+0000] {logging_mixin.py:190} INFO - [2025-11-17T10:43:04.168+0000] {dag.py:4180} INFO - Setting next_dagrun for example_python_decorator to None, run_after=None
[2025-11-17T10:43:04.189+0000] {processor.py:208} INFO - Processing /home/airflow/.local/lib/python3.12/site-packages/airflow/example_dags/example_python_decorator.py took 0.080 seconds
[2025-11-17T10:43:34.557+0000] {processor.py:186} INFO - Started process (PID=1670) to work on /home/airflow/.local/lib/python3.12/site-packages/airflow/example_dags/example_python_decorator.py
[2025-11-17T10:43:34.559+0000] {processor.py:914} INFO - Processing file /home/airflow/.local/lib/python3.12/site-packages/airflow/example_dags/example_python_decorator.py for tasks to queue
[2025-11-17T10:43:34.561+0000] {logging_mixin.py:190} INFO - [2025-11-17T10:43:34.561+0000] {dagbag.py:588} INFO - Filling up the DagBag from /home/airflow/.local/lib/python3.12/site-packages/airflow/example_dags/example_python_decorator.py
[2025-11-17T10:43:34.577+0000] {processor.py:925} INFO - DAG(s) 'example_python_decorator' retrieved from /home/airflow/.local/lib/python3.12/site-packages/airflow/example_dags/example_python_decorator.py
[2025-11-17T10:43:34.601+0000] {logging_mixin.py:190} INFO - [2025-11-17T10:43:34.601+0000] {dag.py:3239} INFO - Sync 1 DAGs
[2025-11-17T10:43:34.614+0000] {logging_mixin.py:190} INFO - [2025-11-17T10:43:34.614+0000] {dag.py:4180} INFO - Setting next_dagrun for example_python_decorator to None, run_after=None
[2025-11-17T10:43:34.632+0000] {processor.py:208} INFO - Processing /home/airflow/.local/lib/python3.12/site-packages/airflow/example_dags/example_python_decorator.py took 0.082 seconds
[2025-11-17T10:44:05.418+0000] {processor.py:186} INFO - Started process (PID=1734) to work on /home/airflow/.local/lib/python3.12/site-packages/airflow/example_dags/example_python_decorator.py
[2025-11-17T10:44:05.420+0000] {processor.py:914} INFO - Processing file /home/airflow/.local/lib/python3.12/site-packages/airflow/example_dags/example_python_decorator.py for tasks to queue
[2025-11-17T10:44:05.422+0000] {logging_mixin.py:190} INFO - [2025-11-17T10:44:05.422+0000] {dagbag.py:588} INFO - Filling up the DagBag from /home/airflow/.local/lib/python3.12/site-packages/airflow/example_dags/example_python_decorator.py
[2025-11-17T10:44:05.436+0000] {processor.py:925} INFO - DAG(s) 'example_python_decorator' retrieved from /home/airflow/.local/lib/python3.12/site-packages/airflow/example_dags/example_python_decorator.py
[2025-11-17T10:44:05.460+0000] {logging_mixin.py:190} INFO - [2025-11-17T10:44:05.459+0000] {dag.py:3239} INFO - Sync 1 DAGs
[2025-11-17T10:44:05.477+0000] {logging_mixin.py:190} INFO - [2025-11-17T10:44:05.477+0000] {dag.py:4180} INFO - Setting next_dagrun for example_python_decorator to None, run_after=None
[2025-11-17T10:44:05.499+0000] {processor.py:208} INFO - Processing /home/airflow/.local/lib/python3.12/site-packages/airflow/example_dags/example_python_decorator.py took 0.089 seconds
[2025-11-17T10:44:35.560+0000] {processor.py:186} INFO - Started process (PID=1799) to work on /home/airflow/.local/lib/python3.12/site-packages/airflow/example_dags/example_python_decorator.py
[2025-11-17T10:44:35.561+0000] {processor.py:914} INFO - Processing file /home/airflow/.local/lib/python3.12/site-packages/airflow/example_dags/example_python_decorator.py for tasks to queue
[2025-11-17T10:44:35.564+0000] {logging_mixin.py:190} INFO - [2025-11-17T10:44:35.563+0000] {dagbag.py:588} INFO - Filling up the DagBag from /home/airflow/.local/lib/python3.12/site-packages/airflow/example_dags/example_python_decorator.py
[2025-11-17T10:44:35.575+0000] {processor.py:925} INFO - DAG(s) 'example_python_decorator' retrieved from /home/airflow/.local/lib/python3.12/site-packages/airflow/example_dags/example_python_decorator.py
[2025-11-17T10:44:35.591+0000] {logging_mixin.py:190} INFO - [2025-11-17T10:44:35.591+0000] {dag.py:3239} INFO - Sync 1 DAGs
[2025-11-17T10:44:35.602+0000] {logging_mixin.py:190} INFO - [2025-11-17T10:44:35.602+0000] {dag.py:4180} INFO - Setting next_dagrun for example_python_decorator to None, run_after=None
[2025-11-17T10:44:35.616+0000] {processor.py:208} INFO - Processing /home/airflow/.local/lib/python3.12/site-packages/airflow/example_dags/example_python_decorator.py took 0.063 seconds
[2025-11-17T10:45:06.276+0000] {processor.py:186} INFO - Started process (PID=1864) to work on /home/airflow/.local/lib/python3.12/site-packages/airflow/example_dags/example_python_decorator.py
[2025-11-17T10:45:06.277+0000] {processor.py:914} INFO - Processing file /home/airflow/.local/lib/python3.12/site-packages/airflow/example_dags/example_python_decorator.py for tasks to queue
[2025-11-17T10:45:06.280+0000] {logging_mixin.py:190} INFO - [2025-11-17T10:45:06.279+0000] {dagbag.py:588} INFO - Filling up the DagBag from /home/airflow/.local/lib/python3.12/site-packages/airflow/example_dags/example_python_decorator.py
[2025-11-17T10:45:06.291+0000] {processor.py:925} INFO - DAG(s) 'example_python_decorator' retrieved from /home/airflow/.local/lib/python3.12/site-packages/airflow/example_dags/example_python_decorator.py
[2025-11-17T10:45:06.308+0000] {logging_mixin.py:190} INFO - [2025-11-17T10:45:06.308+0000] {dag.py:3239} INFO - Sync 1 DAGs
[2025-11-17T10:45:06.319+0000] {logging_mixin.py:190} INFO - [2025-11-17T10:45:06.319+0000] {dag.py:4180} INFO - Setting next_dagrun for example_python_decorator to None, run_after=None
[2025-11-17T10:45:06.334+0000] {processor.py:208} INFO - Processing /home/airflow/.local/lib/python3.12/site-packages/airflow/example_dags/example_python_decorator.py took 0.065 seconds
[2025-11-17T10:45:36.938+0000] {processor.py:186} INFO - Started process (PID=1929) to work on /home/airflow/.local/lib/python3.12/site-packages/airflow/example_dags/example_python_decorator.py
[2025-11-17T10:45:36.939+0000] {processor.py:914} INFO - Processing file /home/airflow/.local/lib/python3.12/site-packages/airflow/example_dags/example_python_decorator.py for tasks to queue
[2025-11-17T10:45:36.941+0000] {logging_mixin.py:190} INFO - [2025-11-17T10:45:36.941+0000] {dagbag.py:588} INFO - Filling up the DagBag from /home/airflow/.local/lib/python3.12/site-packages/airflow/example_dags/example_python_decorator.py
[2025-11-17T10:45:36.952+0000] {processor.py:925} INFO - DAG(s) 'example_python_decorator' retrieved from /home/airflow/.local/lib/python3.12/site-packages/airflow/example_dags/example_python_decorator.py
[2025-11-17T10:45:36.971+0000] {logging_mixin.py:190} INFO - [2025-11-17T10:45:36.971+0000] {dag.py:3239} INFO - Sync 1 DAGs
[2025-11-17T10:45:36.981+0000] {logging_mixin.py:190} INFO - [2025-11-17T10:45:36.981+0000] {dag.py:4180} INFO - Setting next_dagrun for example_python_decorator to None, run_after=None
[2025-11-17T10:45:36.995+0000] {processor.py:208} INFO - Processing /home/airflow/.local/lib/python3.12/site-packages/airflow/example_dags/example_python_decorator.py took 0.064 seconds
[2025-11-17T10:46:07.703+0000] {processor.py:186} INFO - Started process (PID=1994) to work on /home/airflow/.local/lib/python3.12/site-packages/airflow/example_dags/example_python_decorator.py
[2025-11-17T10:46:07.704+0000] {processor.py:914} INFO - Processing file /home/airflow/.local/lib/python3.12/site-packages/airflow/example_dags/example_python_decorator.py for tasks to queue
[2025-11-17T10:46:07.707+0000] {logging_mixin.py:190} INFO - [2025-11-17T10:46:07.707+0000] {dagbag.py:588} INFO - Filling up the DagBag from /home/airflow/.local/lib/python3.12/site-packages/airflow/example_dags/example_python_decorator.py
[2025-11-17T10:46:07.720+0000] {processor.py:925} INFO - DAG(s) 'example_python_decorator' retrieved from /home/airflow/.local/lib/python3.12/site-packages/airflow/example_dags/example_python_decorator.py
[2025-11-17T10:46:07.742+0000] {logging_mixin.py:190} INFO - [2025-11-17T10:46:07.742+0000] {dag.py:3239} INFO - Sync 1 DAGs
[2025-11-17T10:46:07.753+0000] {logging_mixin.py:190} INFO - [2025-11-17T10:46:07.753+0000] {dag.py:4180} INFO - Setting next_dagrun for example_python_decorator to None, run_after=None
[2025-11-17T10:46:07.773+0000] {processor.py:208} INFO - Processing /home/airflow/.local/lib/python3.12/site-packages/airflow/example_dags/example_python_decorator.py took 0.078 seconds
[2025-11-17T10:46:38.321+0000] {processor.py:186} INFO - Started process (PID=2059) to work on /home/airflow/.local/lib/python3.12/site-packages/airflow/example_dags/example_python_decorator.py
[2025-11-17T10:46:38.322+0000] {processor.py:914} INFO - Processing file /home/airflow/.local/lib/python3.12/site-packages/airflow/example_dags/example_python_decorator.py for tasks to queue
[2025-11-17T10:46:38.324+0000] {logging_mixin.py:190} INFO - [2025-11-17T10:46:38.323+0000] {dagbag.py:588} INFO - Filling up the DagBag from /home/airflow/.local/lib/python3.12/site-packages/airflow/example_dags/example_python_decorator.py
[2025-11-17T10:46:38.337+0000] {processor.py:925} INFO - DAG(s) 'example_python_decorator' retrieved from /home/airflow/.local/lib/python3.12/site-packages/airflow/example_dags/example_python_decorator.py
[2025-11-17T10:46:38.357+0000] {logging_mixin.py:190} INFO - [2025-11-17T10:46:38.357+0000] {dag.py:3239} INFO - Sync 1 DAGs
[2025-11-17T10:46:38.368+0000] {logging_mixin.py:190} INFO - [2025-11-17T10:46:38.368+0000] {dag.py:4180} INFO - Setting next_dagrun for example_python_decorator to None, run_after=None
[2025-11-17T10:46:38.386+0000] {processor.py:208} INFO - Processing /home/airflow/.local/lib/python3.12/site-packages/airflow/example_dags/example_python_decorator.py took 0.074 seconds
[2025-11-17T10:47:09.156+0000] {processor.py:186} INFO - Started process (PID=2124) to work on /home/airflow/.local/lib/python3.12/site-packages/airflow/example_dags/example_python_decorator.py
[2025-11-17T10:47:09.157+0000] {processor.py:914} INFO - Processing file /home/airflow/.local/lib/python3.12/site-packages/airflow/example_dags/example_python_decorator.py for tasks to queue
[2025-11-17T10:47:09.160+0000] {logging_mixin.py:190} INFO - [2025-11-17T10:47:09.159+0000] {dagbag.py:588} INFO - Filling up the DagBag from /home/airflow/.local/lib/python3.12/site-packages/airflow/example_dags/example_python_decorator.py
[2025-11-17T10:47:09.172+0000] {processor.py:925} INFO - DAG(s) 'example_python_decorator' retrieved from /home/airflow/.local/lib/python3.12/site-packages/airflow/example_dags/example_python_decorator.py
[2025-11-17T10:47:09.188+0000] {logging_mixin.py:190} INFO - [2025-11-17T10:47:09.188+0000] {dag.py:3239} INFO - Sync 1 DAGs
[2025-11-17T10:47:09.199+0000] {logging_mixin.py:190} INFO - [2025-11-17T10:47:09.198+0000] {dag.py:4180} INFO - Setting next_dagrun for example_python_decorator to None, run_after=None
[2025-11-17T10:47:09.213+0000] {processor.py:208} INFO - Processing /home/airflow/.local/lib/python3.12/site-packages/airflow/example_dags/example_python_decorator.py took 0.064 seconds
[2025-11-17T10:47:39.880+0000] {processor.py:186} INFO - Started process (PID=2195) to work on /home/airflow/.local/lib/python3.12/site-packages/airflow/example_dags/example_python_decorator.py
[2025-11-17T10:47:39.881+0000] {processor.py:914} INFO - Processing file /home/airflow/.local/lib/python3.12/site-packages/airflow/example_dags/example_python_decorator.py for tasks to queue
[2025-11-17T10:47:39.883+0000] {logging_mixin.py:190} INFO - [2025-11-17T10:47:39.883+0000] {dagbag.py:588} INFO - Filling up the DagBag from /home/airflow/.local/lib/python3.12/site-packages/airflow/example_dags/example_python_decorator.py
[2025-11-17T10:47:39.894+0000] {processor.py:925} INFO - DAG(s) 'example_python_decorator' retrieved from /home/airflow/.local/lib/python3.12/site-packages/airflow/example_dags/example_python_decorator.py
[2025-11-17T10:47:39.910+0000] {logging_mixin.py:190} INFO - [2025-11-17T10:47:39.910+0000] {dag.py:3239} INFO - Sync 1 DAGs
[2025-11-17T10:47:39.920+0000] {logging_mixin.py:190} INFO - [2025-11-17T10:47:39.920+0000] {dag.py:4180} INFO - Setting next_dagrun for example_python_decorator to None, run_after=None
[2025-11-17T10:47:39.933+0000] {processor.py:208} INFO - Processing /home/airflow/.local/lib/python3.12/site-packages/airflow/example_dags/example_python_decorator.py took 0.059 seconds
[2025-11-17T10:48:10.845+0000] {processor.py:186} INFO - Started process (PID=2260) to work on /home/airflow/.local/lib/python3.12/site-packages/airflow/example_dags/example_python_decorator.py
[2025-11-17T10:48:10.846+0000] {processor.py:914} INFO - Processing file /home/airflow/.local/lib/python3.12/site-packages/airflow/example_dags/example_python_decorator.py for tasks to queue
[2025-11-17T10:48:10.848+0000] {logging_mixin.py:190} INFO - [2025-11-17T10:48:10.848+0000] {dagbag.py:588} INFO - Filling up the DagBag from /home/airflow/.local/lib/python3.12/site-packages/airflow/example_dags/example_python_decorator.py
[2025-11-17T10:48:10.861+0000] {processor.py:925} INFO - DAG(s) 'example_python_decorator' retrieved from /home/airflow/.local/lib/python3.12/site-packages/airflow/example_dags/example_python_decorator.py
[2025-11-17T10:48:10.878+0000] {logging_mixin.py:190} INFO - [2025-11-17T10:48:10.878+0000] {dag.py:3239} INFO - Sync 1 DAGs
[2025-11-17T10:48:10.888+0000] {logging_mixin.py:190} INFO - [2025-11-17T10:48:10.888+0000] {dag.py:4180} INFO - Setting next_dagrun for example_python_decorator to None, run_after=None
[2025-11-17T10:48:10.901+0000] {processor.py:208} INFO - Processing /home/airflow/.local/lib/python3.12/site-packages/airflow/example_dags/example_python_decorator.py took 0.064 seconds
[2025-11-17T10:48:41.224+0000] {processor.py:186} INFO - Started process (PID=2325) to work on /home/airflow/.local/lib/python3.12/site-packages/airflow/example_dags/example_python_decorator.py
[2025-11-17T10:48:41.225+0000] {processor.py:914} INFO - Processing file /home/airflow/.local/lib/python3.12/site-packages/airflow/example_dags/example_python_decorator.py for tasks to queue
[2025-11-17T10:48:41.228+0000] {logging_mixin.py:190} INFO - [2025-11-17T10:48:41.227+0000] {dagbag.py:588} INFO - Filling up the DagBag from /home/airflow/.local/lib/python3.12/site-packages/airflow/example_dags/example_python_decorator.py
[2025-11-17T10:48:41.238+0000] {processor.py:925} INFO - DAG(s) 'example_python_decorator' retrieved from /home/airflow/.local/lib/python3.12/site-packages/airflow/example_dags/example_python_decorator.py
[2025-11-17T10:48:41.254+0000] {logging_mixin.py:190} INFO - [2025-11-17T10:48:41.253+0000] {dag.py:3239} INFO - Sync 1 DAGs
[2025-11-17T10:48:41.263+0000] {logging_mixin.py:190} INFO - [2025-11-17T10:48:41.263+0000] {dag.py:4180} INFO - Setting next_dagrun for example_python_decorator to None, run_after=None
[2025-11-17T10:48:41.277+0000] {processor.py:208} INFO - Processing /home/airflow/.local/lib/python3.12/site-packages/airflow/example_dags/example_python_decorator.py took 0.059 seconds
[2025-11-17T10:49:11.930+0000] {processor.py:186} INFO - Started process (PID=2390) to work on /home/airflow/.local/lib/python3.12/site-packages/airflow/example_dags/example_python_decorator.py
[2025-11-17T10:49:11.932+0000] {processor.py:914} INFO - Processing file /home/airflow/.local/lib/python3.12/site-packages/airflow/example_dags/example_python_decorator.py for tasks to queue
[2025-11-17T10:49:11.934+0000] {logging_mixin.py:190} INFO - [2025-11-17T10:49:11.934+0000] {dagbag.py:588} INFO - Filling up the DagBag from /home/airflow/.local/lib/python3.12/site-packages/airflow/example_dags/example_python_decorator.py
[2025-11-17T10:49:11.948+0000] {processor.py:925} INFO - DAG(s) 'example_python_decorator' retrieved from /home/airflow/.local/lib/python3.12/site-packages/airflow/example_dags/example_python_decorator.py
[2025-11-17T10:49:11.966+0000] {logging_mixin.py:190} INFO - [2025-11-17T10:49:11.965+0000] {dag.py:3239} INFO - Sync 1 DAGs
[2025-11-17T10:49:11.979+0000] {logging_mixin.py:190} INFO - [2025-11-17T10:49:11.979+0000] {dag.py:4180} INFO - Setting next_dagrun for example_python_decorator to None, run_after=None
[2025-11-17T10:49:11.993+0000] {processor.py:208} INFO - Processing /home/airflow/.local/lib/python3.12/site-packages/airflow/example_dags/example_python_decorator.py took 0.070 seconds
[2025-11-17T10:49:42.299+0000] {processor.py:186} INFO - Started process (PID=2456) to work on /home/airflow/.local/lib/python3.12/site-packages/airflow/example_dags/example_python_decorator.py
[2025-11-17T10:49:42.300+0000] {processor.py:914} INFO - Processing file /home/airflow/.local/lib/python3.12/site-packages/airflow/example_dags/example_python_decorator.py for tasks to queue
[2025-11-17T10:49:42.301+0000] {logging_mixin.py:190} INFO - [2025-11-17T10:49:42.301+0000] {dagbag.py:588} INFO - Filling up the DagBag from /home/airflow/.local/lib/python3.12/site-packages/airflow/example_dags/example_python_decorator.py
[2025-11-17T10:49:42.312+0000] {processor.py:925} INFO - DAG(s) 'example_python_decorator' retrieved from /home/airflow/.local/lib/python3.12/site-packages/airflow/example_dags/example_python_decorator.py
[2025-11-17T10:49:42.329+0000] {logging_mixin.py:190} INFO - [2025-11-17T10:49:42.329+0000] {dag.py:3239} INFO - Sync 1 DAGs
[2025-11-17T10:49:42.338+0000] {logging_mixin.py:190} INFO - [2025-11-17T10:49:42.338+0000] {dag.py:4180} INFO - Setting next_dagrun for example_python_decorator to None, run_after=None
[2025-11-17T10:49:42.351+0000] {processor.py:208} INFO - Processing /home/airflow/.local/lib/python3.12/site-packages/airflow/example_dags/example_python_decorator.py took 0.058 seconds
[2025-11-17T10:50:12.383+0000] {processor.py:186} INFO - Started process (PID=2520) to work on /home/airflow/.local/lib/python3.12/site-packages/airflow/example_dags/example_python_decorator.py
[2025-11-17T10:50:12.383+0000] {processor.py:914} INFO - Processing file /home/airflow/.local/lib/python3.12/site-packages/airflow/example_dags/example_python_decorator.py for tasks to queue
[2025-11-17T10:50:12.385+0000] {logging_mixin.py:190} INFO - [2025-11-17T10:50:12.385+0000] {dagbag.py:588} INFO - Filling up the DagBag from /home/airflow/.local/lib/python3.12/site-packages/airflow/example_dags/example_python_decorator.py
[2025-11-17T10:50:12.396+0000] {processor.py:925} INFO - DAG(s) 'example_python_decorator' retrieved from /home/airflow/.local/lib/python3.12/site-packages/airflow/example_dags/example_python_decorator.py
[2025-11-17T10:50:12.411+0000] {logging_mixin.py:190} INFO - [2025-11-17T10:50:12.411+0000] {dag.py:3239} INFO - Sync 1 DAGs
[2025-11-17T10:50:12.421+0000] {logging_mixin.py:190} INFO - [2025-11-17T10:50:12.421+0000] {dag.py:4180} INFO - Setting next_dagrun for example_python_decorator to None, run_after=None
[2025-11-17T10:50:12.434+0000] {processor.py:208} INFO - Processing /home/airflow/.local/lib/python3.12/site-packages/airflow/example_dags/example_python_decorator.py took 0.057 seconds
[2025-11-17T10:50:42.882+0000] {processor.py:186} INFO - Started process (PID=2585) to work on /home/airflow/.local/lib/python3.12/site-packages/airflow/example_dags/example_python_decorator.py
[2025-11-17T10:50:42.883+0000] {processor.py:914} INFO - Processing file /home/airflow/.local/lib/python3.12/site-packages/airflow/example_dags/example_python_decorator.py for tasks to queue
[2025-11-17T10:50:42.885+0000] {logging_mixin.py:190} INFO - [2025-11-17T10:50:42.885+0000] {dagbag.py:588} INFO - Filling up the DagBag from /home/airflow/.local/lib/python3.12/site-packages/airflow/example_dags/example_python_decorator.py
[2025-11-17T10:50:42.895+0000] {processor.py:925} INFO - DAG(s) 'example_python_decorator' retrieved from /home/airflow/.local/lib/python3.12/site-packages/airflow/example_dags/example_python_decorator.py
[2025-11-17T10:50:42.910+0000] {logging_mixin.py:190} INFO - [2025-11-17T10:50:42.910+0000] {dag.py:3239} INFO - Sync 1 DAGs
[2025-11-17T10:50:42.920+0000] {logging_mixin.py:190} INFO - [2025-11-17T10:50:42.920+0000] {dag.py:4180} INFO - Setting next_dagrun for example_python_decorator to None, run_after=None
[2025-11-17T10:50:42.933+0000] {processor.py:208} INFO - Processing /home/airflow/.local/lib/python3.12/site-packages/airflow/example_dags/example_python_decorator.py took 0.058 seconds
[2025-11-17T10:51:13.384+0000] {processor.py:186} INFO - Started process (PID=2650) to work on /home/airflow/.local/lib/python3.12/site-packages/airflow/example_dags/example_python_decorator.py
[2025-11-17T10:51:13.385+0000] {processor.py:914} INFO - Processing file /home/airflow/.local/lib/python3.12/site-packages/airflow/example_dags/example_python_decorator.py for tasks to queue
[2025-11-17T10:51:13.387+0000] {logging_mixin.py:190} INFO - [2025-11-17T10:51:13.387+0000] {dagbag.py:588} INFO - Filling up the DagBag from /home/airflow/.local/lib/python3.12/site-packages/airflow/example_dags/example_python_decorator.py
[2025-11-17T10:51:13.397+0000] {processor.py:925} INFO - DAG(s) 'example_python_decorator' retrieved from /home/airflow/.local/lib/python3.12/site-packages/airflow/example_dags/example_python_decorator.py
[2025-11-17T10:51:13.412+0000] {logging_mixin.py:190} INFO - [2025-11-17T10:51:13.412+0000] {dag.py:3239} INFO - Sync 1 DAGs
[2025-11-17T10:51:13.422+0000] {logging_mixin.py:190} INFO - [2025-11-17T10:51:13.422+0000] {dag.py:4180} INFO - Setting next_dagrun for example_python_decorator to None, run_after=None
[2025-11-17T10:51:13.436+0000] {processor.py:208} INFO - Processing /home/airflow/.local/lib/python3.12/site-packages/airflow/example_dags/example_python_decorator.py took 0.058 seconds
[2025-11-17T10:51:44.005+0000] {processor.py:186} INFO - Started process (PID=2715) to work on /home/airflow/.local/lib/python3.12/site-packages/airflow/example_dags/example_python_decorator.py
[2025-11-17T10:51:44.006+0000] {processor.py:914} INFO - Processing file /home/airflow/.local/lib/python3.12/site-packages/airflow/example_dags/example_python_decorator.py for tasks to queue
[2025-11-17T10:51:44.008+0000] {logging_mixin.py:190} INFO - [2025-11-17T10:51:44.008+0000] {dagbag.py:588} INFO - Filling up the DagBag from /home/airflow/.local/lib/python3.12/site-packages/airflow/example_dags/example_python_decorator.py
[2025-11-17T10:51:44.019+0000] {processor.py:925} INFO - DAG(s) 'example_python_decorator' retrieved from /home/airflow/.local/lib/python3.12/site-packages/airflow/example_dags/example_python_decorator.py
[2025-11-17T10:51:44.034+0000] {logging_mixin.py:190} INFO - [2025-11-17T10:51:44.034+0000] {dag.py:3239} INFO - Sync 1 DAGs
[2025-11-17T10:51:44.044+0000] {logging_mixin.py:190} INFO - [2025-11-17T10:51:44.044+0000] {dag.py:4180} INFO - Setting next_dagrun for example_python_decorator to None, run_after=None
[2025-11-17T10:51:44.058+0000] {processor.py:208} INFO - Processing /home/airflow/.local/lib/python3.12/site-packages/airflow/example_dags/example_python_decorator.py took 0.061 seconds
[2025-11-17T10:52:14.384+0000] {processor.py:186} INFO - Started process (PID=2780) to work on /home/airflow/.local/lib/python3.12/site-packages/airflow/example_dags/example_python_decorator.py
[2025-11-17T10:52:14.385+0000] {processor.py:914} INFO - Processing file /home/airflow/.local/lib/python3.12/site-packages/airflow/example_dags/example_python_decorator.py for tasks to queue
[2025-11-17T10:52:14.387+0000] {logging_mixin.py:190} INFO - [2025-11-17T10:52:14.387+0000] {dagbag.py:588} INFO - Filling up the DagBag from /home/airflow/.local/lib/python3.12/site-packages/airflow/example_dags/example_python_decorator.py
[2025-11-17T10:52:14.397+0000] {processor.py:925} INFO - DAG(s) 'example_python_decorator' retrieved from /home/airflow/.local/lib/python3.12/site-packages/airflow/example_dags/example_python_decorator.py
[2025-11-17T10:52:14.411+0000] {logging_mixin.py:190} INFO - [2025-11-17T10:52:14.411+0000] {dag.py:3239} INFO - Sync 1 DAGs
[2025-11-17T10:52:14.420+0000] {logging_mixin.py:190} INFO - [2025-11-17T10:52:14.420+0000] {dag.py:4180} INFO - Setting next_dagrun for example_python_decorator to None, run_after=None
[2025-11-17T10:52:14.432+0000] {processor.py:208} INFO - Processing /home/airflow/.local/lib/python3.12/site-packages/airflow/example_dags/example_python_decorator.py took 0.054 seconds
[2025-11-17T10:52:45.682+0000] {processor.py:186} INFO - Started process (PID=2845) to work on /home/airflow/.local/lib/python3.12/site-packages/airflow/example_dags/example_python_decorator.py
[2025-11-17T10:52:45.683+0000] {processor.py:914} INFO - Processing file /home/airflow/.local/lib/python3.12/site-packages/airflow/example_dags/example_python_decorator.py for tasks to queue
[2025-11-17T10:52:45.685+0000] {logging_mixin.py:190} INFO - [2025-11-17T10:52:45.685+0000] {dagbag.py:588} INFO - Filling up the DagBag from /home/airflow/.local/lib/python3.12/site-packages/airflow/example_dags/example_python_decorator.py
[2025-11-17T10:52:45.696+0000] {processor.py:925} INFO - DAG(s) 'example_python_decorator' retrieved from /home/airflow/.local/lib/python3.12/site-packages/airflow/example_dags/example_python_decorator.py
[2025-11-17T10:52:45.712+0000] {logging_mixin.py:190} INFO - [2025-11-17T10:52:45.711+0000] {dag.py:3239} INFO - Sync 1 DAGs
[2025-11-17T10:52:45.721+0000] {logging_mixin.py:190} INFO - [2025-11-17T10:52:45.721+0000] {dag.py:4180} INFO - Setting next_dagrun for example_python_decorator to None, run_after=None
[2025-11-17T10:52:45.734+0000] {processor.py:208} INFO - Processing /home/airflow/.local/lib/python3.12/site-packages/airflow/example_dags/example_python_decorator.py took 0.058 seconds
[2025-11-17T10:53:16.677+0000] {processor.py:186} INFO - Started process (PID=2910) to work on /home/airflow/.local/lib/python3.12/site-packages/airflow/example_dags/example_python_decorator.py
[2025-11-17T10:53:16.679+0000] {processor.py:914} INFO - Processing file /home/airflow/.local/lib/python3.12/site-packages/airflow/example_dags/example_python_decorator.py for tasks to queue
[2025-11-17T10:53:16.681+0000] {logging_mixin.py:190} INFO - [2025-11-17T10:53:16.680+0000] {dagbag.py:588} INFO - Filling up the DagBag from /home/airflow/.local/lib/python3.12/site-packages/airflow/example_dags/example_python_decorator.py
[2025-11-17T10:53:16.691+0000] {processor.py:925} INFO - DAG(s) 'example_python_decorator' retrieved from /home/airflow/.local/lib/python3.12/site-packages/airflow/example_dags/example_python_decorator.py
[2025-11-17T10:53:16.708+0000] {logging_mixin.py:190} INFO - [2025-11-17T10:53:16.708+0000] {dag.py:3239} INFO - Sync 1 DAGs
[2025-11-17T10:53:16.718+0000] {logging_mixin.py:190} INFO - [2025-11-17T10:53:16.718+0000] {dag.py:4180} INFO - Setting next_dagrun for example_python_decorator to None, run_after=None
[2025-11-17T10:53:16.733+0000] {processor.py:208} INFO - Processing /home/airflow/.local/lib/python3.12/site-packages/airflow/example_dags/example_python_decorator.py took 0.062 seconds
[2025-11-17T10:53:47.235+0000] {processor.py:186} INFO - Started process (PID=2980) to work on /home/airflow/.local/lib/python3.12/site-packages/airflow/example_dags/example_python_decorator.py
[2025-11-17T10:53:47.237+0000] {processor.py:914} INFO - Processing file /home/airflow/.local/lib/python3.12/site-packages/airflow/example_dags/example_python_decorator.py for tasks to queue
[2025-11-17T10:53:47.239+0000] {logging_mixin.py:190} INFO - [2025-11-17T10:53:47.239+0000] {dagbag.py:588} INFO - Filling up the DagBag from /home/airflow/.local/lib/python3.12/site-packages/airflow/example_dags/example_python_decorator.py
[2025-11-17T10:53:47.250+0000] {processor.py:925} INFO - DAG(s) 'example_python_decorator' retrieved from /home/airflow/.local/lib/python3.12/site-packages/airflow/example_dags/example_python_decorator.py
[2025-11-17T10:53:47.269+0000] {logging_mixin.py:190} INFO - [2025-11-17T10:53:47.269+0000] {dag.py:3239} INFO - Sync 1 DAGs
[2025-11-17T10:53:47.279+0000] {logging_mixin.py:190} INFO - [2025-11-17T10:53:47.279+0000] {dag.py:4180} INFO - Setting next_dagrun for example_python_decorator to None, run_after=None
[2025-11-17T10:53:47.296+0000] {processor.py:208} INFO - Processing /home/airflow/.local/lib/python3.12/site-packages/airflow/example_dags/example_python_decorator.py took 0.067 seconds
[2025-11-17T10:54:17.353+0000] {processor.py:186} INFO - Started process (PID=3045) to work on /home/airflow/.local/lib/python3.12/site-packages/airflow/example_dags/example_python_decorator.py
[2025-11-17T10:54:17.354+0000] {processor.py:914} INFO - Processing file /home/airflow/.local/lib/python3.12/site-packages/airflow/example_dags/example_python_decorator.py for tasks to queue
[2025-11-17T10:54:17.356+0000] {logging_mixin.py:190} INFO - [2025-11-17T10:54:17.356+0000] {dagbag.py:588} INFO - Filling up the DagBag from /home/airflow/.local/lib/python3.12/site-packages/airflow/example_dags/example_python_decorator.py
[2025-11-17T10:54:17.367+0000] {processor.py:925} INFO - DAG(s) 'example_python_decorator' retrieved from /home/airflow/.local/lib/python3.12/site-packages/airflow/example_dags/example_python_decorator.py
[2025-11-17T10:54:17.383+0000] {logging_mixin.py:190} INFO - [2025-11-17T10:54:17.382+0000] {dag.py:3239} INFO - Sync 1 DAGs
[2025-11-17T10:54:17.392+0000] {logging_mixin.py:190} INFO - [2025-11-17T10:54:17.392+0000] {dag.py:4180} INFO - Setting next_dagrun for example_python_decorator to None, run_after=None
[2025-11-17T10:54:17.405+0000] {processor.py:208} INFO - Processing /home/airflow/.local/lib/python3.12/site-packages/airflow/example_dags/example_python_decorator.py took 0.059 seconds
[2025-11-17T10:54:47.957+0000] {processor.py:186} INFO - Started process (PID=3110) to work on /home/airflow/.local/lib/python3.12/site-packages/airflow/example_dags/example_python_decorator.py
[2025-11-17T10:54:47.958+0000] {processor.py:914} INFO - Processing file /home/airflow/.local/lib/python3.12/site-packages/airflow/example_dags/example_python_decorator.py for tasks to queue
[2025-11-17T10:54:47.961+0000] {logging_mixin.py:190} INFO - [2025-11-17T10:54:47.960+0000] {dagbag.py:588} INFO - Filling up the DagBag from /home/airflow/.local/lib/python3.12/site-packages/airflow/example_dags/example_python_decorator.py
[2025-11-17T10:54:47.970+0000] {processor.py:925} INFO - DAG(s) 'example_python_decorator' retrieved from /home/airflow/.local/lib/python3.12/site-packages/airflow/example_dags/example_python_decorator.py
[2025-11-17T10:54:47.986+0000] {logging_mixin.py:190} INFO - [2025-11-17T10:54:47.986+0000] {dag.py:3239} INFO - Sync 1 DAGs
[2025-11-17T10:54:47.997+0000] {logging_mixin.py:190} INFO - [2025-11-17T10:54:47.996+0000] {dag.py:4180} INFO - Setting next_dagrun for example_python_decorator to None, run_after=None
[2025-11-17T10:54:48.019+0000] {processor.py:208} INFO - Processing /home/airflow/.local/lib/python3.12/site-packages/airflow/example_dags/example_python_decorator.py took 0.068 seconds
[2025-11-17T10:55:18.411+0000] {processor.py:186} INFO - Started process (PID=3175) to work on /home/airflow/.local/lib/python3.12/site-packages/airflow/example_dags/example_python_decorator.py
[2025-11-17T10:55:18.412+0000] {processor.py:914} INFO - Processing file /home/airflow/.local/lib/python3.12/site-packages/airflow/example_dags/example_python_decorator.py for tasks to queue
[2025-11-17T10:55:18.414+0000] {logging_mixin.py:190} INFO - [2025-11-17T10:55:18.414+0000] {dagbag.py:588} INFO - Filling up the DagBag from /home/airflow/.local/lib/python3.12/site-packages/airflow/example_dags/example_python_decorator.py
[2025-11-17T10:55:18.426+0000] {processor.py:925} INFO - DAG(s) 'example_python_decorator' retrieved from /home/airflow/.local/lib/python3.12/site-packages/airflow/example_dags/example_python_decorator.py
[2025-11-17T10:55:18.440+0000] {logging_mixin.py:190} INFO - [2025-11-17T10:55:18.440+0000] {dag.py:3239} INFO - Sync 1 DAGs
[2025-11-17T10:55:18.450+0000] {logging_mixin.py:190} INFO - [2025-11-17T10:55:18.450+0000] {dag.py:4180} INFO - Setting next_dagrun for example_python_decorator to None, run_after=None
[2025-11-17T10:55:18.465+0000] {processor.py:208} INFO - Processing /home/airflow/.local/lib/python3.12/site-packages/airflow/example_dags/example_python_decorator.py took 0.060 seconds
[2025-11-17T10:55:49.050+0000] {processor.py:186} INFO - Started process (PID=3240) to work on /home/airflow/.local/lib/python3.12/site-packages/airflow/example_dags/example_python_decorator.py
[2025-11-17T10:55:49.054+0000] {processor.py:914} INFO - Processing file /home/airflow/.local/lib/python3.12/site-packages/airflow/example_dags/example_python_decorator.py for tasks to queue
[2025-11-17T10:55:49.058+0000] {logging_mixin.py:190} INFO - [2025-11-17T10:55:49.058+0000] {dagbag.py:588} INFO - Filling up the DagBag from /home/airflow/.local/lib/python3.12/site-packages/airflow/example_dags/example_python_decorator.py
[2025-11-17T10:55:49.073+0000] {processor.py:925} INFO - DAG(s) 'example_python_decorator' retrieved from /home/airflow/.local/lib/python3.12/site-packages/airflow/example_dags/example_python_decorator.py
[2025-11-17T10:55:49.091+0000] {logging_mixin.py:190} INFO - [2025-11-17T10:55:49.091+0000] {dag.py:3239} INFO - Sync 1 DAGs
[2025-11-17T10:55:49.102+0000] {logging_mixin.py:190} INFO - [2025-11-17T10:55:49.102+0000] {dag.py:4180} INFO - Setting next_dagrun for example_python_decorator to None, run_after=None
[2025-11-17T10:55:49.118+0000] {processor.py:208} INFO - Processing /home/airflow/.local/lib/python3.12/site-packages/airflow/example_dags/example_python_decorator.py took 0.074 seconds
[2025-11-17T10:56:19.391+0000] {processor.py:186} INFO - Started process (PID=3305) to work on /home/airflow/.local/lib/python3.12/site-packages/airflow/example_dags/example_python_decorator.py
[2025-11-17T10:56:19.392+0000] {processor.py:914} INFO - Processing file /home/airflow/.local/lib/python3.12/site-packages/airflow/example_dags/example_python_decorator.py for tasks to queue
[2025-11-17T10:56:19.394+0000] {logging_mixin.py:190} INFO - [2025-11-17T10:56:19.394+0000] {dagbag.py:588} INFO - Filling up the DagBag from /home/airflow/.local/lib/python3.12/site-packages/airflow/example_dags/example_python_decorator.py
[2025-11-17T10:56:19.403+0000] {processor.py:925} INFO - DAG(s) 'example_python_decorator' retrieved from /home/airflow/.local/lib/python3.12/site-packages/airflow/example_dags/example_python_decorator.py
[2025-11-17T10:56:19.418+0000] {logging_mixin.py:190} INFO - [2025-11-17T10:56:19.418+0000] {dag.py:3239} INFO - Sync 1 DAGs
[2025-11-17T10:56:19.427+0000] {logging_mixin.py:190} INFO - [2025-11-17T10:56:19.427+0000] {dag.py:4180} INFO - Setting next_dagrun for example_python_decorator to None, run_after=None
[2025-11-17T10:56:19.441+0000] {processor.py:208} INFO - Processing /home/airflow/.local/lib/python3.12/site-packages/airflow/example_dags/example_python_decorator.py took 0.056 seconds
[2025-11-17T10:56:51.122+0000] {processor.py:186} INFO - Started process (PID=3370) to work on /home/airflow/.local/lib/python3.12/site-packages/airflow/example_dags/example_python_decorator.py
[2025-11-17T10:56:51.124+0000] {processor.py:914} INFO - Processing file /home/airflow/.local/lib/python3.12/site-packages/airflow/example_dags/example_python_decorator.py for tasks to queue
[2025-11-17T10:56:51.127+0000] {logging_mixin.py:190} INFO - [2025-11-17T10:56:51.127+0000] {dagbag.py:588} INFO - Filling up the DagBag from /home/airflow/.local/lib/python3.12/site-packages/airflow/example_dags/example_python_decorator.py
[2025-11-17T10:56:51.139+0000] {processor.py:925} INFO - DAG(s) 'example_python_decorator' retrieved from /home/airflow/.local/lib/python3.12/site-packages/airflow/example_dags/example_python_decorator.py
[2025-11-17T10:56:51.158+0000] {logging_mixin.py:190} INFO - [2025-11-17T10:56:51.158+0000] {dag.py:3239} INFO - Sync 1 DAGs
[2025-11-17T10:56:51.169+0000] {logging_mixin.py:190} INFO - [2025-11-17T10:56:51.168+0000] {dag.py:4180} INFO - Setting next_dagrun for example_python_decorator to None, run_after=None
[2025-11-17T10:56:51.187+0000] {processor.py:208} INFO - Processing /home/airflow/.local/lib/python3.12/site-packages/airflow/example_dags/example_python_decorator.py took 0.071 seconds
[2025-11-17T10:57:21.511+0000] {processor.py:186} INFO - Started process (PID=3435) to work on /home/airflow/.local/lib/python3.12/site-packages/airflow/example_dags/example_python_decorator.py
[2025-11-17T10:57:21.512+0000] {processor.py:914} INFO - Processing file /home/airflow/.local/lib/python3.12/site-packages/airflow/example_dags/example_python_decorator.py for tasks to queue
[2025-11-17T10:57:21.514+0000] {logging_mixin.py:190} INFO - [2025-11-17T10:57:21.514+0000] {dagbag.py:588} INFO - Filling up the DagBag from /home/airflow/.local/lib/python3.12/site-packages/airflow/example_dags/example_python_decorator.py
[2025-11-17T10:57:21.525+0000] {processor.py:925} INFO - DAG(s) 'example_python_decorator' retrieved from /home/airflow/.local/lib/python3.12/site-packages/airflow/example_dags/example_python_decorator.py
[2025-11-17T10:57:21.542+0000] {logging_mixin.py:190} INFO - [2025-11-17T10:57:21.542+0000] {dag.py:3239} INFO - Sync 1 DAGs
[2025-11-17T10:57:21.552+0000] {logging_mixin.py:190} INFO - [2025-11-17T10:57:21.552+0000] {dag.py:4180} INFO - Setting next_dagrun for example_python_decorator to None, run_after=None
[2025-11-17T10:57:21.566+0000] {processor.py:208} INFO - Processing /home/airflow/.local/lib/python3.12/site-packages/airflow/example_dags/example_python_decorator.py took 0.061 seconds
[2025-11-17T10:57:51.707+0000] {processor.py:186} INFO - Started process (PID=3500) to work on /home/airflow/.local/lib/python3.12/site-packages/airflow/example_dags/example_python_decorator.py
[2025-11-17T10:57:51.708+0000] {processor.py:914} INFO - Processing file /home/airflow/.local/lib/python3.12/site-packages/airflow/example_dags/example_python_decorator.py for tasks to queue
[2025-11-17T10:57:51.710+0000] {logging_mixin.py:190} INFO - [2025-11-17T10:57:51.710+0000] {dagbag.py:588} INFO - Filling up the DagBag from /home/airflow/.local/lib/python3.12/site-packages/airflow/example_dags/example_python_decorator.py
[2025-11-17T10:57:51.721+0000] {processor.py:925} INFO - DAG(s) 'example_python_decorator' retrieved from /home/airflow/.local/lib/python3.12/site-packages/airflow/example_dags/example_python_decorator.py
[2025-11-17T10:57:51.736+0000] {logging_mixin.py:190} INFO - [2025-11-17T10:57:51.736+0000] {dag.py:3239} INFO - Sync 1 DAGs
[2025-11-17T10:57:51.746+0000] {logging_mixin.py:190} INFO - [2025-11-17T10:57:51.746+0000] {dag.py:4180} INFO - Setting next_dagrun for example_python_decorator to None, run_after=None
[2025-11-17T10:57:51.760+0000] {processor.py:208} INFO - Processing /home/airflow/.local/lib/python3.12/site-packages/airflow/example_dags/example_python_decorator.py took 0.059 seconds
[2025-11-17T10:58:22.356+0000] {processor.py:186} INFO - Started process (PID=3565) to work on /home/airflow/.local/lib/python3.12/site-packages/airflow/example_dags/example_python_decorator.py
[2025-11-17T10:58:22.357+0000] {processor.py:914} INFO - Processing file /home/airflow/.local/lib/python3.12/site-packages/airflow/example_dags/example_python_decorator.py for tasks to queue
[2025-11-17T10:58:22.360+0000] {logging_mixin.py:190} INFO - [2025-11-17T10:58:22.359+0000] {dagbag.py:588} INFO - Filling up the DagBag from /home/airflow/.local/lib/python3.12/site-packages/airflow/example_dags/example_python_decorator.py
[2025-11-17T10:58:22.370+0000] {processor.py:925} INFO - DAG(s) 'example_python_decorator' retrieved from /home/airflow/.local/lib/python3.12/site-packages/airflow/example_dags/example_python_decorator.py
[2025-11-17T10:58:22.384+0000] {logging_mixin.py:190} INFO - [2025-11-17T10:58:22.384+0000] {dag.py:3239} INFO - Sync 1 DAGs
[2025-11-17T10:58:22.393+0000] {logging_mixin.py:190} INFO - [2025-11-17T10:58:22.393+0000] {dag.py:4180} INFO - Setting next_dagrun for example_python_decorator to None, run_after=None
[2025-11-17T10:58:22.408+0000] {processor.py:208} INFO - Processing /home/airflow/.local/lib/python3.12/site-packages/airflow/example_dags/example_python_decorator.py took 0.058 seconds
[2025-11-17T10:58:53.053+0000] {processor.py:186} INFO - Started process (PID=3630) to work on /home/airflow/.local/lib/python3.12/site-packages/airflow/example_dags/example_python_decorator.py
[2025-11-17T10:58:53.054+0000] {processor.py:914} INFO - Processing file /home/airflow/.local/lib/python3.12/site-packages/airflow/example_dags/example_python_decorator.py for tasks to queue
[2025-11-17T10:58:53.056+0000] {logging_mixin.py:190} INFO - [2025-11-17T10:58:53.056+0000] {dagbag.py:588} INFO - Filling up the DagBag from /home/airflow/.local/lib/python3.12/site-packages/airflow/example_dags/example_python_decorator.py
[2025-11-17T10:58:53.066+0000] {processor.py:925} INFO - DAG(s) 'example_python_decorator' retrieved from /home/airflow/.local/lib/python3.12/site-packages/airflow/example_dags/example_python_decorator.py
[2025-11-17T10:58:53.081+0000] {logging_mixin.py:190} INFO - [2025-11-17T10:58:53.081+0000] {dag.py:3239} INFO - Sync 1 DAGs
[2025-11-17T10:58:53.090+0000] {logging_mixin.py:190} INFO - [2025-11-17T10:58:53.090+0000] {dag.py:4180} INFO - Setting next_dagrun for example_python_decorator to None, run_after=None
[2025-11-17T10:58:53.103+0000] {processor.py:208} INFO - Processing /home/airflow/.local/lib/python3.12/site-packages/airflow/example_dags/example_python_decorator.py took 0.056 seconds
[2025-11-17T10:59:24.340+0000] {processor.py:186} INFO - Started process (PID=3695) to work on /home/airflow/.local/lib/python3.12/site-packages/airflow/example_dags/example_python_decorator.py
[2025-11-17T10:59:24.341+0000] {processor.py:914} INFO - Processing file /home/airflow/.local/lib/python3.12/site-packages/airflow/example_dags/example_python_decorator.py for tasks to queue
[2025-11-17T10:59:24.343+0000] {logging_mixin.py:190} INFO - [2025-11-17T10:59:24.343+0000] {dagbag.py:588} INFO - Filling up the DagBag from /home/airflow/.local/lib/python3.12/site-packages/airflow/example_dags/example_python_decorator.py
[2025-11-17T10:59:24.353+0000] {processor.py:925} INFO - DAG(s) 'example_python_decorator' retrieved from /home/airflow/.local/lib/python3.12/site-packages/airflow/example_dags/example_python_decorator.py
[2025-11-17T10:59:24.368+0000] {logging_mixin.py:190} INFO - [2025-11-17T10:59:24.367+0000] {dag.py:3239} INFO - Sync 1 DAGs
[2025-11-17T10:59:24.377+0000] {logging_mixin.py:190} INFO - [2025-11-17T10:59:24.377+0000] {dag.py:4180} INFO - Setting next_dagrun for example_python_decorator to None, run_after=None
[2025-11-17T10:59:24.390+0000] {processor.py:208} INFO - Processing /home/airflow/.local/lib/python3.12/site-packages/airflow/example_dags/example_python_decorator.py took 0.056 seconds
[2025-11-17T10:59:54.512+0000] {processor.py:186} INFO - Started process (PID=3766) to work on /home/airflow/.local/lib/python3.12/site-packages/airflow/example_dags/example_python_decorator.py
[2025-11-17T10:59:54.512+0000] {processor.py:914} INFO - Processing file /home/airflow/.local/lib/python3.12/site-packages/airflow/example_dags/example_python_decorator.py for tasks to queue
[2025-11-17T10:59:54.514+0000] {logging_mixin.py:190} INFO - [2025-11-17T10:59:54.514+0000] {dagbag.py:588} INFO - Filling up the DagBag from /home/airflow/.local/lib/python3.12/site-packages/airflow/example_dags/example_python_decorator.py
[2025-11-17T10:59:54.524+0000] {processor.py:925} INFO - DAG(s) 'example_python_decorator' retrieved from /home/airflow/.local/lib/python3.12/site-packages/airflow/example_dags/example_python_decorator.py
[2025-11-17T10:59:54.539+0000] {logging_mixin.py:190} INFO - [2025-11-17T10:59:54.538+0000] {dag.py:3239} INFO - Sync 1 DAGs
[2025-11-17T10:59:54.548+0000] {logging_mixin.py:190} INFO - [2025-11-17T10:59:54.548+0000] {dag.py:4180} INFO - Setting next_dagrun for example_python_decorator to None, run_after=None
[2025-11-17T10:59:54.561+0000] {processor.py:208} INFO - Processing /home/airflow/.local/lib/python3.12/site-packages/airflow/example_dags/example_python_decorator.py took 0.056 seconds
[2025-11-17T11:00:25.395+0000] {processor.py:186} INFO - Started process (PID=3831) to work on /home/airflow/.local/lib/python3.12/site-packages/airflow/example_dags/example_python_decorator.py
[2025-11-17T11:00:25.396+0000] {processor.py:914} INFO - Processing file /home/airflow/.local/lib/python3.12/site-packages/airflow/example_dags/example_python_decorator.py for tasks to queue
[2025-11-17T11:00:25.398+0000] {logging_mixin.py:190} INFO - [2025-11-17T11:00:25.397+0000] {dagbag.py:588} INFO - Filling up the DagBag from /home/airflow/.local/lib/python3.12/site-packages/airflow/example_dags/example_python_decorator.py
[2025-11-17T11:00:25.408+0000] {processor.py:925} INFO - DAG(s) 'example_python_decorator' retrieved from /home/airflow/.local/lib/python3.12/site-packages/airflow/example_dags/example_python_decorator.py
[2025-11-17T11:00:25.423+0000] {logging_mixin.py:190} INFO - [2025-11-17T11:00:25.423+0000] {dag.py:3239} INFO - Sync 1 DAGs
[2025-11-17T11:00:25.432+0000] {logging_mixin.py:190} INFO - [2025-11-17T11:00:25.432+0000] {dag.py:4180} INFO - Setting next_dagrun for example_python_decorator to None, run_after=None
[2025-11-17T11:00:25.444+0000] {processor.py:208} INFO - Processing /home/airflow/.local/lib/python3.12/site-packages/airflow/example_dags/example_python_decorator.py took 0.056 seconds
[2025-11-17T11:00:55.557+0000] {processor.py:186} INFO - Started process (PID=3896) to work on /home/airflow/.local/lib/python3.12/site-packages/airflow/example_dags/example_python_decorator.py
[2025-11-17T11:00:55.558+0000] {processor.py:914} INFO - Processing file /home/airflow/.local/lib/python3.12/site-packages/airflow/example_dags/example_python_decorator.py for tasks to queue
[2025-11-17T11:00:55.560+0000] {logging_mixin.py:190} INFO - [2025-11-17T11:00:55.560+0000] {dagbag.py:588} INFO - Filling up the DagBag from /home/airflow/.local/lib/python3.12/site-packages/airflow/example_dags/example_python_decorator.py
[2025-11-17T11:00:55.571+0000] {processor.py:925} INFO - DAG(s) 'example_python_decorator' retrieved from /home/airflow/.local/lib/python3.12/site-packages/airflow/example_dags/example_python_decorator.py
[2025-11-17T11:00:55.587+0000] {logging_mixin.py:190} INFO - [2025-11-17T11:00:55.587+0000] {dag.py:3239} INFO - Sync 1 DAGs
[2025-11-17T11:00:55.596+0000] {logging_mixin.py:190} INFO - [2025-11-17T11:00:55.596+0000] {dag.py:4180} INFO - Setting next_dagrun for example_python_decorator to None, run_after=None
[2025-11-17T11:00:55.611+0000] {processor.py:208} INFO - Processing /home/airflow/.local/lib/python3.12/site-packages/airflow/example_dags/example_python_decorator.py took 0.060 seconds
[2025-11-17T11:01:26.434+0000] {processor.py:186} INFO - Started process (PID=3961) to work on /home/airflow/.local/lib/python3.12/site-packages/airflow/example_dags/example_python_decorator.py
[2025-11-17T11:01:26.435+0000] {processor.py:914} INFO - Processing file /home/airflow/.local/lib/python3.12/site-packages/airflow/example_dags/example_python_decorator.py for tasks to queue
[2025-11-17T11:01:26.437+0000] {logging_mixin.py:190} INFO - [2025-11-17T11:01:26.437+0000] {dagbag.py:588} INFO - Filling up the DagBag from /home/airflow/.local/lib/python3.12/site-packages/airflow/example_dags/example_python_decorator.py
[2025-11-17T11:01:26.448+0000] {processor.py:925} INFO - DAG(s) 'example_python_decorator' retrieved from /home/airflow/.local/lib/python3.12/site-packages/airflow/example_dags/example_python_decorator.py
[2025-11-17T11:01:26.462+0000] {logging_mixin.py:190} INFO - [2025-11-17T11:01:26.462+0000] {dag.py:3239} INFO - Sync 1 DAGs
[2025-11-17T11:01:26.472+0000] {logging_mixin.py:190} INFO - [2025-11-17T11:01:26.472+0000] {dag.py:4180} INFO - Setting next_dagrun for example_python_decorator to None, run_after=None
[2025-11-17T11:01:26.484+0000] {processor.py:208} INFO - Processing /home/airflow/.local/lib/python3.12/site-packages/airflow/example_dags/example_python_decorator.py took 0.056 seconds
[2025-11-17T11:01:57.261+0000] {processor.py:186} INFO - Started process (PID=4026) to work on /home/airflow/.local/lib/python3.12/site-packages/airflow/example_dags/example_python_decorator.py
[2025-11-17T11:01:57.262+0000] {processor.py:914} INFO - Processing file /home/airflow/.local/lib/python3.12/site-packages/airflow/example_dags/example_python_decorator.py for tasks to queue
[2025-11-17T11:01:57.264+0000] {logging_mixin.py:190} INFO - [2025-11-17T11:01:57.264+0000] {dagbag.py:588} INFO - Filling up the DagBag from /home/airflow/.local/lib/python3.12/site-packages/airflow/example_dags/example_python_decorator.py
[2025-11-17T11:01:57.276+0000] {processor.py:925} INFO - DAG(s) 'example_python_decorator' retrieved from /home/airflow/.local/lib/python3.12/site-packages/airflow/example_dags/example_python_decorator.py
[2025-11-17T11:01:57.292+0000] {logging_mixin.py:190} INFO - [2025-11-17T11:01:57.292+0000] {dag.py:3239} INFO - Sync 1 DAGs
[2025-11-17T11:01:57.303+0000] {logging_mixin.py:190} INFO - [2025-11-17T11:01:57.303+0000] {dag.py:4180} INFO - Setting next_dagrun for example_python_decorator to None, run_after=None
[2025-11-17T11:01:57.318+0000] {processor.py:208} INFO - Processing /home/airflow/.local/lib/python3.12/site-packages/airflow/example_dags/example_python_decorator.py took 0.064 seconds
[2025-11-17T11:02:27.818+0000] {processor.py:186} INFO - Started process (PID=4091) to work on /home/airflow/.local/lib/python3.12/site-packages/airflow/example_dags/example_python_decorator.py
[2025-11-17T11:02:27.819+0000] {processor.py:914} INFO - Processing file /home/airflow/.local/lib/python3.12/site-packages/airflow/example_dags/example_python_decorator.py for tasks to queue
[2025-11-17T11:02:27.821+0000] {logging_mixin.py:190} INFO - [2025-11-17T11:02:27.820+0000] {dagbag.py:588} INFO - Filling up the DagBag from /home/airflow/.local/lib/python3.12/site-packages/airflow/example_dags/example_python_decorator.py
[2025-11-17T11:02:27.836+0000] {processor.py:925} INFO - DAG(s) 'example_python_decorator' retrieved from /home/airflow/.local/lib/python3.12/site-packages/airflow/example_dags/example_python_decorator.py
[2025-11-17T11:02:27.852+0000] {logging_mixin.py:190} INFO - [2025-11-17T11:02:27.852+0000] {dag.py:3239} INFO - Sync 1 DAGs
[2025-11-17T11:02:27.862+0000] {logging_mixin.py:190} INFO - [2025-11-17T11:02:27.862+0000] {dag.py:4180} INFO - Setting next_dagrun for example_python_decorator to None, run_after=None
[2025-11-17T11:02:27.876+0000] {processor.py:208} INFO - Processing /home/airflow/.local/lib/python3.12/site-packages/airflow/example_dags/example_python_decorator.py took 0.064 seconds
[2025-11-17T11:02:58.763+0000] {processor.py:186} INFO - Started process (PID=4156) to work on /home/airflow/.local/lib/python3.12/site-packages/airflow/example_dags/example_python_decorator.py
[2025-11-17T11:02:58.764+0000] {processor.py:914} INFO - Processing file /home/airflow/.local/lib/python3.12/site-packages/airflow/example_dags/example_python_decorator.py for tasks to queue
[2025-11-17T11:02:58.766+0000] {logging_mixin.py:190} INFO - [2025-11-17T11:02:58.766+0000] {dagbag.py:588} INFO - Filling up the DagBag from /home/airflow/.local/lib/python3.12/site-packages/airflow/example_dags/example_python_decorator.py
[2025-11-17T11:02:58.778+0000] {processor.py:925} INFO - DAG(s) 'example_python_decorator' retrieved from /home/airflow/.local/lib/python3.12/site-packages/airflow/example_dags/example_python_decorator.py
[2025-11-17T11:02:58.794+0000] {logging_mixin.py:190} INFO - [2025-11-17T11:02:58.794+0000] {dag.py:3239} INFO - Sync 1 DAGs
[2025-11-17T11:02:58.804+0000] {logging_mixin.py:190} INFO - [2025-11-17T11:02:58.804+0000] {dag.py:4180} INFO - Setting next_dagrun for example_python_decorator to None, run_after=None
[2025-11-17T11:02:58.818+0000] {processor.py:208} INFO - Processing /home/airflow/.local/lib/python3.12/site-packages/airflow/example_dags/example_python_decorator.py took 0.062 seconds
[2025-11-17T11:03:29.350+0000] {processor.py:186} INFO - Started process (PID=4221) to work on /home/airflow/.local/lib/python3.12/site-packages/airflow/example_dags/example_python_decorator.py
[2025-11-17T11:03:29.351+0000] {processor.py:914} INFO - Processing file /home/airflow/.local/lib/python3.12/site-packages/airflow/example_dags/example_python_decorator.py for tasks to queue
[2025-11-17T11:03:29.353+0000] {logging_mixin.py:190} INFO - [2025-11-17T11:03:29.353+0000] {dagbag.py:588} INFO - Filling up the DagBag from /home/airflow/.local/lib/python3.12/site-packages/airflow/example_dags/example_python_decorator.py
[2025-11-17T11:03:29.363+0000] {processor.py:925} INFO - DAG(s) 'example_python_decorator' retrieved from /home/airflow/.local/lib/python3.12/site-packages/airflow/example_dags/example_python_decorator.py
[2025-11-17T11:03:29.380+0000] {logging_mixin.py:190} INFO - [2025-11-17T11:03:29.380+0000] {dag.py:3239} INFO - Sync 1 DAGs
[2025-11-17T11:03:29.391+0000] {logging_mixin.py:190} INFO - [2025-11-17T11:03:29.391+0000] {dag.py:4180} INFO - Setting next_dagrun for example_python_decorator to None, run_after=None
[2025-11-17T11:03:29.530+0000] {processor.py:208} INFO - Processing /home/airflow/.local/lib/python3.12/site-packages/airflow/example_dags/example_python_decorator.py took 0.187 seconds
[2025-11-17T11:04:00.246+0000] {processor.py:186} INFO - Started process (PID=4286) to work on /home/airflow/.local/lib/python3.12/site-packages/airflow/example_dags/example_python_decorator.py
[2025-11-17T11:04:00.247+0000] {processor.py:914} INFO - Processing file /home/airflow/.local/lib/python3.12/site-packages/airflow/example_dags/example_python_decorator.py for tasks to queue
[2025-11-17T11:04:00.249+0000] {logging_mixin.py:190} INFO - [2025-11-17T11:04:00.248+0000] {dagbag.py:588} INFO - Filling up the DagBag from /home/airflow/.local/lib/python3.12/site-packages/airflow/example_dags/example_python_decorator.py
[2025-11-17T11:04:00.259+0000] {processor.py:925} INFO - DAG(s) 'example_python_decorator' retrieved from /home/airflow/.local/lib/python3.12/site-packages/airflow/example_dags/example_python_decorator.py
[2025-11-17T11:04:00.274+0000] {logging_mixin.py:190} INFO - [2025-11-17T11:04:00.274+0000] {dag.py:3239} INFO - Sync 1 DAGs
[2025-11-17T11:04:00.284+0000] {logging_mixin.py:190} INFO - [2025-11-17T11:04:00.283+0000] {dag.py:4180} INFO - Setting next_dagrun for example_python_decorator to None, run_after=None
[2025-11-17T11:04:00.297+0000] {processor.py:208} INFO - Processing /home/airflow/.local/lib/python3.12/site-packages/airflow/example_dags/example_python_decorator.py took 0.057 seconds
[2025-11-17T11:04:30.906+0000] {processor.py:186} INFO - Started process (PID=4351) to work on /home/airflow/.local/lib/python3.12/site-packages/airflow/example_dags/example_python_decorator.py
[2025-11-17T11:04:30.907+0000] {processor.py:914} INFO - Processing file /home/airflow/.local/lib/python3.12/site-packages/airflow/example_dags/example_python_decorator.py for tasks to queue
[2025-11-17T11:04:30.908+0000] {logging_mixin.py:190} INFO - [2025-11-17T11:04:30.908+0000] {dagbag.py:588} INFO - Filling up the DagBag from /home/airflow/.local/lib/python3.12/site-packages/airflow/example_dags/example_python_decorator.py
[2025-11-17T11:04:30.918+0000] {processor.py:925} INFO - DAG(s) 'example_python_decorator' retrieved from /home/airflow/.local/lib/python3.12/site-packages/airflow/example_dags/example_python_decorator.py
[2025-11-17T11:04:30.933+0000] {logging_mixin.py:190} INFO - [2025-11-17T11:04:30.933+0000] {dag.py:3239} INFO - Sync 1 DAGs
[2025-11-17T11:04:30.942+0000] {logging_mixin.py:190} INFO - [2025-11-17T11:04:30.942+0000] {dag.py:4180} INFO - Setting next_dagrun for example_python_decorator to None, run_after=None
[2025-11-17T11:04:30.955+0000] {processor.py:208} INFO - Processing /home/airflow/.local/lib/python3.12/site-packages/airflow/example_dags/example_python_decorator.py took 0.055 seconds
[2025-11-17T11:05:01.392+0000] {processor.py:186} INFO - Started process (PID=4416) to work on /home/airflow/.local/lib/python3.12/site-packages/airflow/example_dags/example_python_decorator.py
[2025-11-17T11:05:01.393+0000] {processor.py:914} INFO - Processing file /home/airflow/.local/lib/python3.12/site-packages/airflow/example_dags/example_python_decorator.py for tasks to queue
[2025-11-17T11:05:01.395+0000] {logging_mixin.py:190} INFO - [2025-11-17T11:05:01.395+0000] {dagbag.py:588} INFO - Filling up the DagBag from /home/airflow/.local/lib/python3.12/site-packages/airflow/example_dags/example_python_decorator.py
[2025-11-17T11:05:01.406+0000] {processor.py:925} INFO - DAG(s) 'example_python_decorator' retrieved from /home/airflow/.local/lib/python3.12/site-packages/airflow/example_dags/example_python_decorator.py
[2025-11-17T11:05:01.422+0000] {logging_mixin.py:190} INFO - [2025-11-17T11:05:01.422+0000] {dag.py:3239} INFO - Sync 1 DAGs
[2025-11-17T11:05:01.564+0000] {logging_mixin.py:190} INFO - [2025-11-17T11:05:01.564+0000] {dag.py:4180} INFO - Setting next_dagrun for example_python_decorator to None, run_after=None
[2025-11-17T11:05:01.576+0000] {processor.py:208} INFO - Processing /home/airflow/.local/lib/python3.12/site-packages/airflow/example_dags/example_python_decorator.py took 0.190 seconds
[2025-11-17T11:05:31.922+0000] {processor.py:186} INFO - Started process (PID=4487) to work on /home/airflow/.local/lib/python3.12/site-packages/airflow/example_dags/example_python_decorator.py
[2025-11-17T11:05:31.923+0000] {processor.py:914} INFO - Processing file /home/airflow/.local/lib/python3.12/site-packages/airflow/example_dags/example_python_decorator.py for tasks to queue
[2025-11-17T11:05:31.925+0000] {logging_mixin.py:190} INFO - [2025-11-17T11:05:31.924+0000] {dagbag.py:588} INFO - Filling up the DagBag from /home/airflow/.local/lib/python3.12/site-packages/airflow/example_dags/example_python_decorator.py
[2025-11-17T11:05:31.935+0000] {processor.py:925} INFO - DAG(s) 'example_python_decorator' retrieved from /home/airflow/.local/lib/python3.12/site-packages/airflow/example_dags/example_python_decorator.py
[2025-11-17T11:05:31.950+0000] {logging_mixin.py:190} INFO - [2025-11-17T11:05:31.950+0000] {dag.py:3239} INFO - Sync 1 DAGs
[2025-11-17T11:05:31.962+0000] {logging_mixin.py:190} INFO - [2025-11-17T11:05:31.962+0000] {dag.py:4180} INFO - Setting next_dagrun for example_python_decorator to None, run_after=None
[2025-11-17T11:05:31.976+0000] {processor.py:208} INFO - Processing /home/airflow/.local/lib/python3.12/site-packages/airflow/example_dags/example_python_decorator.py took 0.060 seconds
[2025-11-17T11:06:02.627+0000] {processor.py:186} INFO - Started process (PID=4552) to work on /home/airflow/.local/lib/python3.12/site-packages/airflow/example_dags/example_python_decorator.py
[2025-11-17T11:06:02.628+0000] {processor.py:914} INFO - Processing file /home/airflow/.local/lib/python3.12/site-packages/airflow/example_dags/example_python_decorator.py for tasks to queue
[2025-11-17T11:06:02.630+0000] {logging_mixin.py:190} INFO - [2025-11-17T11:06:02.629+0000] {dagbag.py:588} INFO - Filling up the DagBag from /home/airflow/.local/lib/python3.12/site-packages/airflow/example_dags/example_python_decorator.py
[2025-11-17T11:06:02.640+0000] {processor.py:925} INFO - DAG(s) 'example_python_decorator' retrieved from /home/airflow/.local/lib/python3.12/site-packages/airflow/example_dags/example_python_decorator.py
[2025-11-17T11:06:02.656+0000] {logging_mixin.py:190} INFO - [2025-11-17T11:06:02.656+0000] {dag.py:3239} INFO - Sync 1 DAGs
[2025-11-17T11:06:02.667+0000] {logging_mixin.py:190} INFO - [2025-11-17T11:06:02.666+0000] {dag.py:4180} INFO - Setting next_dagrun for example_python_decorator to None, run_after=None
[2025-11-17T11:06:02.680+0000] {processor.py:208} INFO - Processing /home/airflow/.local/lib/python3.12/site-packages/airflow/example_dags/example_python_decorator.py took 0.060 seconds
[2025-11-17T11:06:33.650+0000] {processor.py:186} INFO - Started process (PID=4617) to work on /home/airflow/.local/lib/python3.12/site-packages/airflow/example_dags/example_python_decorator.py
[2025-11-17T11:06:33.651+0000] {processor.py:914} INFO - Processing file /home/airflow/.local/lib/python3.12/site-packages/airflow/example_dags/example_python_decorator.py for tasks to queue
[2025-11-17T11:06:33.653+0000] {logging_mixin.py:190} INFO - [2025-11-17T11:06:33.653+0000] {dagbag.py:588} INFO - Filling up the DagBag from /home/airflow/.local/lib/python3.12/site-packages/airflow/example_dags/example_python_decorator.py
[2025-11-17T11:06:33.665+0000] {processor.py:925} INFO - DAG(s) 'example_python_decorator' retrieved from /home/airflow/.local/lib/python3.12/site-packages/airflow/example_dags/example_python_decorator.py
[2025-11-17T11:06:33.812+0000] {logging_mixin.py:190} INFO - [2025-11-17T11:06:33.812+0000] {dag.py:3239} INFO - Sync 1 DAGs
[2025-11-17T11:06:33.823+0000] {logging_mixin.py:190} INFO - [2025-11-17T11:06:33.823+0000] {dag.py:4180} INFO - Setting next_dagrun for example_python_decorator to None, run_after=None
[2025-11-17T11:06:33.841+0000] {processor.py:208} INFO - Processing /home/airflow/.local/lib/python3.12/site-packages/airflow/example_dags/example_python_decorator.py took 0.197 seconds
[2025-11-17T11:07:04.547+0000] {processor.py:186} INFO - Started process (PID=4682) to work on /home/airflow/.local/lib/python3.12/site-packages/airflow/example_dags/example_python_decorator.py
[2025-11-17T11:07:04.549+0000] {processor.py:914} INFO - Processing file /home/airflow/.local/lib/python3.12/site-packages/airflow/example_dags/example_python_decorator.py for tasks to queue
[2025-11-17T11:07:04.551+0000] {logging_mixin.py:190} INFO - [2025-11-17T11:07:04.551+0000] {dagbag.py:588} INFO - Filling up the DagBag from /home/airflow/.local/lib/python3.12/site-packages/airflow/example_dags/example_python_decorator.py
[2025-11-17T11:07:04.562+0000] {processor.py:925} INFO - DAG(s) 'example_python_decorator' retrieved from /home/airflow/.local/lib/python3.12/site-packages/airflow/example_dags/example_python_decorator.py
[2025-11-17T11:07:04.577+0000] {logging_mixin.py:190} INFO - [2025-11-17T11:07:04.577+0000] {dag.py:3239} INFO - Sync 1 DAGs
[2025-11-17T11:07:04.715+0000] {logging_mixin.py:190} INFO - [2025-11-17T11:07:04.715+0000] {dag.py:4180} INFO - Setting next_dagrun for example_python_decorator to None, run_after=None
[2025-11-17T11:07:04.728+0000] {processor.py:208} INFO - Processing /home/airflow/.local/lib/python3.12/site-packages/airflow/example_dags/example_python_decorator.py took 0.187 seconds
[2025-11-17T11:07:35.658+0000] {processor.py:186} INFO - Started process (PID=4747) to work on /home/airflow/.local/lib/python3.12/site-packages/airflow/example_dags/example_python_decorator.py
[2025-11-17T11:07:35.659+0000] {processor.py:914} INFO - Processing file /home/airflow/.local/lib/python3.12/site-packages/airflow/example_dags/example_python_decorator.py for tasks to queue
[2025-11-17T11:07:35.662+0000] {logging_mixin.py:190} INFO - [2025-11-17T11:07:35.661+0000] {dagbag.py:588} INFO - Filling up the DagBag from /home/airflow/.local/lib/python3.12/site-packages/airflow/example_dags/example_python_decorator.py
[2025-11-17T11:07:35.673+0000] {processor.py:925} INFO - DAG(s) 'example_python_decorator' retrieved from /home/airflow/.local/lib/python3.12/site-packages/airflow/example_dags/example_python_decorator.py
[2025-11-17T11:07:35.691+0000] {logging_mixin.py:190} INFO - [2025-11-17T11:07:35.691+0000] {dag.py:3239} INFO - Sync 1 DAGs
[2025-11-17T11:07:35.702+0000] {logging_mixin.py:190} INFO - [2025-11-17T11:07:35.702+0000] {dag.py:4180} INFO - Setting next_dagrun for example_python_decorator to None, run_after=None
[2025-11-17T11:07:35.717+0000] {processor.py:208} INFO - Processing /home/airflow/.local/lib/python3.12/site-packages/airflow/example_dags/example_python_decorator.py took 0.065 seconds
[2025-11-17T11:08:06.656+0000] {processor.py:186} INFO - Started process (PID=4812) to work on /home/airflow/.local/lib/python3.12/site-packages/airflow/example_dags/example_python_decorator.py
[2025-11-17T11:08:06.657+0000] {processor.py:914} INFO - Processing file /home/airflow/.local/lib/python3.12/site-packages/airflow/example_dags/example_python_decorator.py for tasks to queue
[2025-11-17T11:08:06.659+0000] {logging_mixin.py:190} INFO - [2025-11-17T11:08:06.658+0000] {dagbag.py:588} INFO - Filling up the DagBag from /home/airflow/.local/lib/python3.12/site-packages/airflow/example_dags/example_python_decorator.py
[2025-11-17T11:08:06.669+0000] {processor.py:925} INFO - DAG(s) 'example_python_decorator' retrieved from /home/airflow/.local/lib/python3.12/site-packages/airflow/example_dags/example_python_decorator.py
[2025-11-17T11:08:06.684+0000] {logging_mixin.py:190} INFO - [2025-11-17T11:08:06.684+0000] {dag.py:3239} INFO - Sync 1 DAGs
[2025-11-17T11:08:06.694+0000] {logging_mixin.py:190} INFO - [2025-11-17T11:08:06.694+0000] {dag.py:4180} INFO - Setting next_dagrun for example_python_decorator to None, run_after=None
[2025-11-17T11:08:06.717+0000] {processor.py:208} INFO - Processing /home/airflow/.local/lib/python3.12/site-packages/airflow/example_dags/example_python_decorator.py took 0.067 seconds
[2025-11-17T11:08:37.071+0000] {processor.py:186} INFO - Started process (PID=4877) to work on /home/airflow/.local/lib/python3.12/site-packages/airflow/example_dags/example_python_decorator.py
[2025-11-17T11:08:37.072+0000] {processor.py:914} INFO - Processing file /home/airflow/.local/lib/python3.12/site-packages/airflow/example_dags/example_python_decorator.py for tasks to queue
[2025-11-17T11:08:37.074+0000] {logging_mixin.py:190} INFO - [2025-11-17T11:08:37.074+0000] {dagbag.py:588} INFO - Filling up the DagBag from /home/airflow/.local/lib/python3.12/site-packages/airflow/example_dags/example_python_decorator.py
[2025-11-17T11:08:37.085+0000] {processor.py:925} INFO - DAG(s) 'example_python_decorator' retrieved from /home/airflow/.local/lib/python3.12/site-packages/airflow/example_dags/example_python_decorator.py
[2025-11-17T11:08:37.101+0000] {logging_mixin.py:190} INFO - [2025-11-17T11:08:37.101+0000] {dag.py:3239} INFO - Sync 1 DAGs
[2025-11-17T11:08:37.110+0000] {logging_mixin.py:190} INFO - [2025-11-17T11:08:37.110+0000] {dag.py:4180} INFO - Setting next_dagrun for example_python_decorator to None, run_after=None
[2025-11-17T11:08:37.123+0000] {processor.py:208} INFO - Processing /home/airflow/.local/lib/python3.12/site-packages/airflow/example_dags/example_python_decorator.py took 0.059 seconds
[2025-11-17T11:09:07.607+0000] {processor.py:186} INFO - Started process (PID=4942) to work on /home/airflow/.local/lib/python3.12/site-packages/airflow/example_dags/example_python_decorator.py
[2025-11-17T11:09:07.608+0000] {processor.py:914} INFO - Processing file /home/airflow/.local/lib/python3.12/site-packages/airflow/example_dags/example_python_decorator.py for tasks to queue
[2025-11-17T11:09:07.610+0000] {logging_mixin.py:190} INFO - [2025-11-17T11:09:07.610+0000] {dagbag.py:588} INFO - Filling up the DagBag from /home/airflow/.local/lib/python3.12/site-packages/airflow/example_dags/example_python_decorator.py
[2025-11-17T11:09:07.620+0000] {processor.py:925} INFO - DAG(s) 'example_python_decorator' retrieved from /home/airflow/.local/lib/python3.12/site-packages/airflow/example_dags/example_python_decorator.py
[2025-11-17T11:09:07.636+0000] {logging_mixin.py:190} INFO - [2025-11-17T11:09:07.636+0000] {dag.py:3239} INFO - Sync 1 DAGs
[2025-11-17T11:09:07.646+0000] {logging_mixin.py:190} INFO - [2025-11-17T11:09:07.646+0000] {dag.py:4180} INFO - Setting next_dagrun for example_python_decorator to None, run_after=None
[2025-11-17T11:09:07.658+0000] {processor.py:208} INFO - Processing /home/airflow/.local/lib/python3.12/site-packages/airflow/example_dags/example_python_decorator.py took 0.058 seconds
[2025-11-17T11:09:38.246+0000] {processor.py:186} INFO - Started process (PID=5007) to work on /home/airflow/.local/lib/python3.12/site-packages/airflow/example_dags/example_python_decorator.py
[2025-11-17T11:09:38.248+0000] {processor.py:914} INFO - Processing file /home/airflow/.local/lib/python3.12/site-packages/airflow/example_dags/example_python_decorator.py for tasks to queue
[2025-11-17T11:09:38.250+0000] {logging_mixin.py:190} INFO - [2025-11-17T11:09:38.250+0000] {dagbag.py:588} INFO - Filling up the DagBag from /home/airflow/.local/lib/python3.12/site-packages/airflow/example_dags/example_python_decorator.py
[2025-11-17T11:09:38.263+0000] {processor.py:925} INFO - DAG(s) 'example_python_decorator' retrieved from /home/airflow/.local/lib/python3.12/site-packages/airflow/example_dags/example_python_decorator.py
[2025-11-17T11:09:38.280+0000] {logging_mixin.py:190} INFO - [2025-11-17T11:09:38.280+0000] {dag.py:3239} INFO - Sync 1 DAGs
[2025-11-17T11:09:38.291+0000] {logging_mixin.py:190} INFO - [2025-11-17T11:09:38.291+0000] {dag.py:4180} INFO - Setting next_dagrun for example_python_decorator to None, run_after=None
[2025-11-17T11:09:38.305+0000] {processor.py:208} INFO - Processing /home/airflow/.local/lib/python3.12/site-packages/airflow/example_dags/example_python_decorator.py took 0.066 seconds
[2025-11-17T11:10:08.478+0000] {processor.py:186} INFO - Started process (PID=5072) to work on /home/airflow/.local/lib/python3.12/site-packages/airflow/example_dags/example_python_decorator.py
[2025-11-17T11:10:08.479+0000] {processor.py:914} INFO - Processing file /home/airflow/.local/lib/python3.12/site-packages/airflow/example_dags/example_python_decorator.py for tasks to queue
[2025-11-17T11:10:08.481+0000] {logging_mixin.py:190} INFO - [2025-11-17T11:10:08.481+0000] {dagbag.py:588} INFO - Filling up the DagBag from /home/airflow/.local/lib/python3.12/site-packages/airflow/example_dags/example_python_decorator.py
[2025-11-17T11:10:08.492+0000] {processor.py:925} INFO - DAG(s) 'example_python_decorator' retrieved from /home/airflow/.local/lib/python3.12/site-packages/airflow/example_dags/example_python_decorator.py
[2025-11-17T11:10:08.507+0000] {logging_mixin.py:190} INFO - [2025-11-17T11:10:08.507+0000] {dag.py:3239} INFO - Sync 1 DAGs
[2025-11-17T11:10:08.517+0000] {logging_mixin.py:190} INFO - [2025-11-17T11:10:08.517+0000] {dag.py:4180} INFO - Setting next_dagrun for example_python_decorator to None, run_after=None
[2025-11-17T11:10:08.530+0000] {processor.py:208} INFO - Processing /home/airflow/.local/lib/python3.12/site-packages/airflow/example_dags/example_python_decorator.py took 0.058 seconds
[2025-11-17T11:10:38.817+0000] {processor.py:186} INFO - Started process (PID=5137) to work on /home/airflow/.local/lib/python3.12/site-packages/airflow/example_dags/example_python_decorator.py
[2025-11-17T11:10:38.818+0000] {processor.py:914} INFO - Processing file /home/airflow/.local/lib/python3.12/site-packages/airflow/example_dags/example_python_decorator.py for tasks to queue
[2025-11-17T11:10:38.820+0000] {logging_mixin.py:190} INFO - [2025-11-17T11:10:38.820+0000] {dagbag.py:588} INFO - Filling up the DagBag from /home/airflow/.local/lib/python3.12/site-packages/airflow/example_dags/example_python_decorator.py
[2025-11-17T11:10:38.831+0000] {processor.py:925} INFO - DAG(s) 'example_python_decorator' retrieved from /home/airflow/.local/lib/python3.12/site-packages/airflow/example_dags/example_python_decorator.py
[2025-11-17T11:10:38.846+0000] {logging_mixin.py:190} INFO - [2025-11-17T11:10:38.846+0000] {dag.py:3239} INFO - Sync 1 DAGs
[2025-11-17T11:10:38.856+0000] {logging_mixin.py:190} INFO - [2025-11-17T11:10:38.856+0000] {dag.py:4180} INFO - Setting next_dagrun for example_python_decorator to None, run_after=None
[2025-11-17T11:10:38.868+0000] {processor.py:208} INFO - Processing /home/airflow/.local/lib/python3.12/site-packages/airflow/example_dags/example_python_decorator.py took 0.057 seconds
[2025-11-17T11:11:09.275+0000] {processor.py:186} INFO - Started process (PID=5202) to work on /home/airflow/.local/lib/python3.12/site-packages/airflow/example_dags/example_python_decorator.py
[2025-11-17T11:11:09.276+0000] {processor.py:914} INFO - Processing file /home/airflow/.local/lib/python3.12/site-packages/airflow/example_dags/example_python_decorator.py for tasks to queue
[2025-11-17T11:11:09.277+0000] {logging_mixin.py:190} INFO - [2025-11-17T11:11:09.277+0000] {dagbag.py:588} INFO - Filling up the DagBag from /home/airflow/.local/lib/python3.12/site-packages/airflow/example_dags/example_python_decorator.py
[2025-11-17T11:11:09.288+0000] {processor.py:925} INFO - DAG(s) 'example_python_decorator' retrieved from /home/airflow/.local/lib/python3.12/site-packages/airflow/example_dags/example_python_decorator.py
[2025-11-17T11:11:09.304+0000] {logging_mixin.py:190} INFO - [2025-11-17T11:11:09.304+0000] {dag.py:3239} INFO - Sync 1 DAGs
[2025-11-17T11:11:09.315+0000] {logging_mixin.py:190} INFO - [2025-11-17T11:11:09.315+0000] {dag.py:4180} INFO - Setting next_dagrun for example_python_decorator to None, run_after=None
[2025-11-17T11:11:09.328+0000] {processor.py:208} INFO - Processing /home/airflow/.local/lib/python3.12/site-packages/airflow/example_dags/example_python_decorator.py took 0.059 seconds
[2025-11-17T11:11:39.973+0000] {processor.py:186} INFO - Started process (PID=5273) to work on /home/airflow/.local/lib/python3.12/site-packages/airflow/example_dags/example_python_decorator.py
[2025-11-17T11:11:39.974+0000] {processor.py:914} INFO - Processing file /home/airflow/.local/lib/python3.12/site-packages/airflow/example_dags/example_python_decorator.py for tasks to queue
[2025-11-17T11:11:39.976+0000] {logging_mixin.py:190} INFO - [2025-11-17T11:11:39.976+0000] {dagbag.py:588} INFO - Filling up the DagBag from /home/airflow/.local/lib/python3.12/site-packages/airflow/example_dags/example_python_decorator.py
[2025-11-17T11:11:39.987+0000] {processor.py:925} INFO - DAG(s) 'example_python_decorator' retrieved from /home/airflow/.local/lib/python3.12/site-packages/airflow/example_dags/example_python_decorator.py
[2025-11-17T11:11:40.005+0000] {logging_mixin.py:190} INFO - [2025-11-17T11:11:40.005+0000] {dag.py:3239} INFO - Sync 1 DAGs
[2025-11-17T11:11:40.016+0000] {logging_mixin.py:190} INFO - [2025-11-17T11:11:40.016+0000] {dag.py:4180} INFO - Setting next_dagrun for example_python_decorator to None, run_after=None
[2025-11-17T11:11:40.032+0000] {processor.py:208} INFO - Processing /home/airflow/.local/lib/python3.12/site-packages/airflow/example_dags/example_python_decorator.py took 0.065 seconds
[2025-11-17T11:12:10.728+0000] {processor.py:186} INFO - Started process (PID=5338) to work on /home/airflow/.local/lib/python3.12/site-packages/airflow/example_dags/example_python_decorator.py
[2025-11-17T11:12:10.729+0000] {processor.py:914} INFO - Processing file /home/airflow/.local/lib/python3.12/site-packages/airflow/example_dags/example_python_decorator.py for tasks to queue
[2025-11-17T11:12:10.731+0000] {logging_mixin.py:190} INFO - [2025-11-17T11:12:10.730+0000] {dagbag.py:588} INFO - Filling up the DagBag from /home/airflow/.local/lib/python3.12/site-packages/airflow/example_dags/example_python_decorator.py
[2025-11-17T11:12:10.741+0000] {processor.py:925} INFO - DAG(s) 'example_python_decorator' retrieved from /home/airflow/.local/lib/python3.12/site-packages/airflow/example_dags/example_python_decorator.py
[2025-11-17T11:12:10.757+0000] {logging_mixin.py:190} INFO - [2025-11-17T11:12:10.757+0000] {dag.py:3239} INFO - Sync 1 DAGs
[2025-11-17T11:12:10.767+0000] {logging_mixin.py:190} INFO - [2025-11-17T11:12:10.767+0000] {dag.py:4180} INFO - Setting next_dagrun for example_python_decorator to None, run_after=None
[2025-11-17T11:12:10.780+0000] {processor.py:208} INFO - Processing /home/airflow/.local/lib/python3.12/site-packages/airflow/example_dags/example_python_decorator.py took 0.059 seconds
[2025-11-17T11:12:41.700+0000] {processor.py:186} INFO - Started process (PID=5403) to work on /home/airflow/.local/lib/python3.12/site-packages/airflow/example_dags/example_python_decorator.py
[2025-11-17T11:12:41.702+0000] {processor.py:914} INFO - Processing file /home/airflow/.local/lib/python3.12/site-packages/airflow/example_dags/example_python_decorator.py for tasks to queue
[2025-11-17T11:12:41.704+0000] {logging_mixin.py:190} INFO - [2025-11-17T11:12:41.703+0000] {dagbag.py:588} INFO - Filling up the DagBag from /home/airflow/.local/lib/python3.12/site-packages/airflow/example_dags/example_python_decorator.py
[2025-11-17T11:12:41.714+0000] {processor.py:925} INFO - DAG(s) 'example_python_decorator' retrieved from /home/airflow/.local/lib/python3.12/site-packages/airflow/example_dags/example_python_decorator.py
[2025-11-17T11:12:41.732+0000] {logging_mixin.py:190} INFO - [2025-11-17T11:12:41.731+0000] {dag.py:3239} INFO - Sync 1 DAGs
[2025-11-17T11:12:41.743+0000] {logging_mixin.py:190} INFO - [2025-11-17T11:12:41.743+0000] {dag.py:4180} INFO - Setting next_dagrun for example_python_decorator to None, run_after=None
[2025-11-17T11:12:41.757+0000] {processor.py:208} INFO - Processing /home/airflow/.local/lib/python3.12/site-packages/airflow/example_dags/example_python_decorator.py took 0.063 seconds
[2025-11-17T11:13:12.731+0000] {processor.py:186} INFO - Started process (PID=5468) to work on /home/airflow/.local/lib/python3.12/site-packages/airflow/example_dags/example_python_decorator.py
[2025-11-17T11:13:12.732+0000] {processor.py:914} INFO - Processing file /home/airflow/.local/lib/python3.12/site-packages/airflow/example_dags/example_python_decorator.py for tasks to queue
[2025-11-17T11:13:12.734+0000] {logging_mixin.py:190} INFO - [2025-11-17T11:13:12.734+0000] {dagbag.py:588} INFO - Filling up the DagBag from /home/airflow/.local/lib/python3.12/site-packages/airflow/example_dags/example_python_decorator.py
[2025-11-17T11:13:12.745+0000] {processor.py:925} INFO - DAG(s) 'example_python_decorator' retrieved from /home/airflow/.local/lib/python3.12/site-packages/airflow/example_dags/example_python_decorator.py
[2025-11-17T11:13:12.761+0000] {logging_mixin.py:190} INFO - [2025-11-17T11:13:12.761+0000] {dag.py:3239} INFO - Sync 1 DAGs
[2025-11-17T11:13:12.770+0000] {logging_mixin.py:190} INFO - [2025-11-17T11:13:12.770+0000] {dag.py:4180} INFO - Setting next_dagrun for example_python_decorator to None, run_after=None
[2025-11-17T11:13:12.782+0000] {processor.py:208} INFO - Processing /home/airflow/.local/lib/python3.12/site-packages/airflow/example_dags/example_python_decorator.py took 0.058 seconds
[2025-11-17T11:13:43.698+0000] {processor.py:186} INFO - Started process (PID=5533) to work on /home/airflow/.local/lib/python3.12/site-packages/airflow/example_dags/example_python_decorator.py
[2025-11-17T11:13:43.699+0000] {processor.py:914} INFO - Processing file /home/airflow/.local/lib/python3.12/site-packages/airflow/example_dags/example_python_decorator.py for tasks to queue
[2025-11-17T11:13:43.701+0000] {logging_mixin.py:190} INFO - [2025-11-17T11:13:43.701+0000] {dagbag.py:588} INFO - Filling up the DagBag from /home/airflow/.local/lib/python3.12/site-packages/airflow/example_dags/example_python_decorator.py
[2025-11-17T11:13:43.712+0000] {processor.py:925} INFO - DAG(s) 'example_python_decorator' retrieved from /home/airflow/.local/lib/python3.12/site-packages/airflow/example_dags/example_python_decorator.py
[2025-11-17T11:13:43.728+0000] {logging_mixin.py:190} INFO - [2025-11-17T11:13:43.728+0000] {dag.py:3239} INFO - Sync 1 DAGs
[2025-11-17T11:13:43.738+0000] {logging_mixin.py:190} INFO - [2025-11-17T11:13:43.738+0000] {dag.py:4180} INFO - Setting next_dagrun for example_python_decorator to None, run_after=None
[2025-11-17T11:13:43.752+0000] {processor.py:208} INFO - Processing /home/airflow/.local/lib/python3.12/site-packages/airflow/example_dags/example_python_decorator.py took 0.060 seconds
[2025-11-17T11:14:14.540+0000] {processor.py:186} INFO - Started process (PID=5598) to work on /home/airflow/.local/lib/python3.12/site-packages/airflow/example_dags/example_python_decorator.py
[2025-11-17T11:14:14.541+0000] {processor.py:914} INFO - Processing file /home/airflow/.local/lib/python3.12/site-packages/airflow/example_dags/example_python_decorator.py for tasks to queue
[2025-11-17T11:14:14.544+0000] {logging_mixin.py:190} INFO - [2025-11-17T11:14:14.544+0000] {dagbag.py:588} INFO - Filling up the DagBag from /home/airflow/.local/lib/python3.12/site-packages/airflow/example_dags/example_python_decorator.py
[2025-11-17T11:14:14.557+0000] {processor.py:925} INFO - DAG(s) 'example_python_decorator' retrieved from /home/airflow/.local/lib/python3.12/site-packages/airflow/example_dags/example_python_decorator.py
[2025-11-17T11:14:14.576+0000] {logging_mixin.py:190} INFO - [2025-11-17T11:14:14.575+0000] {dag.py:3239} INFO - Sync 1 DAGs
[2025-11-17T11:14:14.587+0000] {logging_mixin.py:190} INFO - [2025-11-17T11:14:14.586+0000] {dag.py:4180} INFO - Setting next_dagrun for example_python_decorator to None, run_after=None
[2025-11-17T11:14:14.601+0000] {processor.py:208} INFO - Processing /home/airflow/.local/lib/python3.12/site-packages/airflow/example_dags/example_python_decorator.py took 0.068 seconds
[2025-11-17T11:14:45.153+0000] {processor.py:186} INFO - Started process (PID=5663) to work on /home/airflow/.local/lib/python3.12/site-packages/airflow/example_dags/example_python_decorator.py
[2025-11-17T11:14:45.154+0000] {processor.py:914} INFO - Processing file /home/airflow/.local/lib/python3.12/site-packages/airflow/example_dags/example_python_decorator.py for tasks to queue
[2025-11-17T11:14:45.156+0000] {logging_mixin.py:190} INFO - [2025-11-17T11:14:45.156+0000] {dagbag.py:588} INFO - Filling up the DagBag from /home/airflow/.local/lib/python3.12/site-packages/airflow/example_dags/example_python_decorator.py
[2025-11-17T11:14:45.167+0000] {processor.py:925} INFO - DAG(s) 'example_python_decorator' retrieved from /home/airflow/.local/lib/python3.12/site-packages/airflow/example_dags/example_python_decorator.py
[2025-11-17T11:14:45.184+0000] {logging_mixin.py:190} INFO - [2025-11-17T11:14:45.184+0000] {dag.py:3239} INFO - Sync 1 DAGs
[2025-11-17T11:14:45.195+0000] {logging_mixin.py:190} INFO - [2025-11-17T11:14:45.195+0000] {dag.py:4180} INFO - Setting next_dagrun for example_python_decorator to None, run_after=None
[2025-11-17T11:14:45.211+0000] {processor.py:208} INFO - Processing /home/airflow/.local/lib/python3.12/site-packages/airflow/example_dags/example_python_decorator.py took 0.065 seconds
[2025-11-17T11:15:16.022+0000] {processor.py:186} INFO - Started process (PID=5728) to work on /home/airflow/.local/lib/python3.12/site-packages/airflow/example_dags/example_python_decorator.py
[2025-11-17T11:15:16.023+0000] {processor.py:914} INFO - Processing file /home/airflow/.local/lib/python3.12/site-packages/airflow/example_dags/example_python_decorator.py for tasks to queue
[2025-11-17T11:15:16.025+0000] {logging_mixin.py:190} INFO - [2025-11-17T11:15:16.025+0000] {dagbag.py:588} INFO - Filling up the DagBag from /home/airflow/.local/lib/python3.12/site-packages/airflow/example_dags/example_python_decorator.py
[2025-11-17T11:15:16.036+0000] {processor.py:925} INFO - DAG(s) 'example_python_decorator' retrieved from /home/airflow/.local/lib/python3.12/site-packages/airflow/example_dags/example_python_decorator.py
[2025-11-17T11:15:16.052+0000] {logging_mixin.py:190} INFO - [2025-11-17T11:15:16.052+0000] {dag.py:3239} INFO - Sync 1 DAGs
[2025-11-17T11:15:16.061+0000] {logging_mixin.py:190} INFO - [2025-11-17T11:15:16.061+0000] {dag.py:4180} INFO - Setting next_dagrun for example_python_decorator to None, run_after=None
[2025-11-17T11:15:16.074+0000] {processor.py:208} INFO - Processing /home/airflow/.local/lib/python3.12/site-packages/airflow/example_dags/example_python_decorator.py took 0.058 seconds
[2025-11-17T11:15:46.849+0000] {processor.py:186} INFO - Started process (PID=5793) to work on /home/airflow/.local/lib/python3.12/site-packages/airflow/example_dags/example_python_decorator.py
[2025-11-17T11:15:46.850+0000] {processor.py:914} INFO - Processing file /home/airflow/.local/lib/python3.12/site-packages/airflow/example_dags/example_python_decorator.py for tasks to queue
[2025-11-17T11:15:46.852+0000] {logging_mixin.py:190} INFO - [2025-11-17T11:15:46.852+0000] {dagbag.py:588} INFO - Filling up the DagBag from /home/airflow/.local/lib/python3.12/site-packages/airflow/example_dags/example_python_decorator.py
[2025-11-17T11:15:46.864+0000] {processor.py:925} INFO - DAG(s) 'example_python_decorator' retrieved from /home/airflow/.local/lib/python3.12/site-packages/airflow/example_dags/example_python_decorator.py
[2025-11-17T11:15:46.881+0000] {logging_mixin.py:190} INFO - [2025-11-17T11:15:46.881+0000] {dag.py:3239} INFO - Sync 1 DAGs
[2025-11-17T11:15:46.891+0000] {logging_mixin.py:190} INFO - [2025-11-17T11:15:46.891+0000] {dag.py:4180} INFO - Setting next_dagrun for example_python_decorator to None, run_after=None
[2025-11-17T11:15:46.905+0000] {processor.py:208} INFO - Processing /home/airflow/.local/lib/python3.12/site-packages/airflow/example_dags/example_python_decorator.py took 0.063 seconds
[2025-11-17T11:16:17.726+0000] {processor.py:186} INFO - Started process (PID=5858) to work on /home/airflow/.local/lib/python3.12/site-packages/airflow/example_dags/example_python_decorator.py
[2025-11-17T11:16:17.727+0000] {processor.py:914} INFO - Processing file /home/airflow/.local/lib/python3.12/site-packages/airflow/example_dags/example_python_decorator.py for tasks to queue
[2025-11-17T11:16:17.730+0000] {logging_mixin.py:190} INFO - [2025-11-17T11:16:17.730+0000] {dagbag.py:588} INFO - Filling up the DagBag from /home/airflow/.local/lib/python3.12/site-packages/airflow/example_dags/example_python_decorator.py
[2025-11-17T11:16:17.741+0000] {processor.py:925} INFO - DAG(s) 'example_python_decorator' retrieved from /home/airflow/.local/lib/python3.12/site-packages/airflow/example_dags/example_python_decorator.py
[2025-11-17T11:16:17.757+0000] {logging_mixin.py:190} INFO - [2025-11-17T11:16:17.757+0000] {dag.py:3239} INFO - Sync 1 DAGs
[2025-11-17T11:16:17.767+0000] {logging_mixin.py:190} INFO - [2025-11-17T11:16:17.767+0000] {dag.py:4180} INFO - Setting next_dagrun for example_python_decorator to None, run_after=None
[2025-11-17T11:16:17.781+0000] {processor.py:208} INFO - Processing /home/airflow/.local/lib/python3.12/site-packages/airflow/example_dags/example_python_decorator.py took 0.061 seconds
[2025-11-17T11:16:47.966+0000] {processor.py:186} INFO - Started process (PID=5929) to work on /home/airflow/.local/lib/python3.12/site-packages/airflow/example_dags/example_python_decorator.py
[2025-11-17T11:16:47.967+0000] {processor.py:914} INFO - Processing file /home/airflow/.local/lib/python3.12/site-packages/airflow/example_dags/example_python_decorator.py for tasks to queue
[2025-11-17T11:16:47.969+0000] {logging_mixin.py:190} INFO - [2025-11-17T11:16:47.969+0000] {dagbag.py:588} INFO - Filling up the DagBag from /home/airflow/.local/lib/python3.12/site-packages/airflow/example_dags/example_python_decorator.py
[2025-11-17T11:16:47.981+0000] {processor.py:925} INFO - DAG(s) 'example_python_decorator' retrieved from /home/airflow/.local/lib/python3.12/site-packages/airflow/example_dags/example_python_decorator.py
[2025-11-17T11:16:47.998+0000] {logging_mixin.py:190} INFO - [2025-11-17T11:16:47.998+0000] {dag.py:3239} INFO - Sync 1 DAGs
[2025-11-17T11:16:48.008+0000] {logging_mixin.py:190} INFO - [2025-11-17T11:16:48.007+0000] {dag.py:4180} INFO - Setting next_dagrun for example_python_decorator to None, run_after=None
[2025-11-17T11:16:48.022+0000] {processor.py:208} INFO - Processing /home/airflow/.local/lib/python3.12/site-packages/airflow/example_dags/example_python_decorator.py took 0.063 seconds
[2025-11-17T11:17:18.531+0000] {processor.py:186} INFO - Started process (PID=5994) to work on /home/airflow/.local/lib/python3.12/site-packages/airflow/example_dags/example_python_decorator.py
[2025-11-17T11:17:18.532+0000] {processor.py:914} INFO - Processing file /home/airflow/.local/lib/python3.12/site-packages/airflow/example_dags/example_python_decorator.py for tasks to queue
[2025-11-17T11:17:18.534+0000] {logging_mixin.py:190} INFO - [2025-11-17T11:17:18.534+0000] {dagbag.py:588} INFO - Filling up the DagBag from /home/airflow/.local/lib/python3.12/site-packages/airflow/example_dags/example_python_decorator.py
[2025-11-17T11:17:18.545+0000] {processor.py:925} INFO - DAG(s) 'example_python_decorator' retrieved from /home/airflow/.local/lib/python3.12/site-packages/airflow/example_dags/example_python_decorator.py
[2025-11-17T11:17:18.561+0000] {logging_mixin.py:190} INFO - [2025-11-17T11:17:18.561+0000] {dag.py:3239} INFO - Sync 1 DAGs
[2025-11-17T11:17:18.571+0000] {logging_mixin.py:190} INFO - [2025-11-17T11:17:18.571+0000] {dag.py:4180} INFO - Setting next_dagrun for example_python_decorator to None, run_after=None
[2025-11-17T11:17:18.584+0000] {processor.py:208} INFO - Processing /home/airflow/.local/lib/python3.12/site-packages/airflow/example_dags/example_python_decorator.py took 0.060 seconds
[2025-11-17T11:17:48.765+0000] {processor.py:186} INFO - Started process (PID=6059) to work on /home/airflow/.local/lib/python3.12/site-packages/airflow/example_dags/example_python_decorator.py
[2025-11-17T11:17:48.766+0000] {processor.py:914} INFO - Processing file /home/airflow/.local/lib/python3.12/site-packages/airflow/example_dags/example_python_decorator.py for tasks to queue
[2025-11-17T11:17:48.768+0000] {logging_mixin.py:190} INFO - [2025-11-17T11:17:48.768+0000] {dagbag.py:588} INFO - Filling up the DagBag from /home/airflow/.local/lib/python3.12/site-packages/airflow/example_dags/example_python_decorator.py
[2025-11-17T11:17:48.779+0000] {processor.py:925} INFO - DAG(s) 'example_python_decorator' retrieved from /home/airflow/.local/lib/python3.12/site-packages/airflow/example_dags/example_python_decorator.py
[2025-11-17T11:17:48.794+0000] {logging_mixin.py:190} INFO - [2025-11-17T11:17:48.794+0000] {dag.py:3239} INFO - Sync 1 DAGs
[2025-11-17T11:17:48.803+0000] {logging_mixin.py:190} INFO - [2025-11-17T11:17:48.803+0000] {dag.py:4180} INFO - Setting next_dagrun for example_python_decorator to None, run_after=None
[2025-11-17T11:17:48.816+0000] {processor.py:208} INFO - Processing /home/airflow/.local/lib/python3.12/site-packages/airflow/example_dags/example_python_decorator.py took 0.058 seconds
[2025-11-17T11:18:19.110+0000] {processor.py:186} INFO - Started process (PID=6124) to work on /home/airflow/.local/lib/python3.12/site-packages/airflow/example_dags/example_python_decorator.py
[2025-11-17T11:18:19.111+0000] {processor.py:914} INFO - Processing file /home/airflow/.local/lib/python3.12/site-packages/airflow/example_dags/example_python_decorator.py for tasks to queue
[2025-11-17T11:18:19.113+0000] {logging_mixin.py:190} INFO - [2025-11-17T11:18:19.113+0000] {dagbag.py:588} INFO - Filling up the DagBag from /home/airflow/.local/lib/python3.12/site-packages/airflow/example_dags/example_python_decorator.py
[2025-11-17T11:18:19.124+0000] {processor.py:925} INFO - DAG(s) 'example_python_decorator' retrieved from /home/airflow/.local/lib/python3.12/site-packages/airflow/example_dags/example_python_decorator.py
[2025-11-17T11:18:19.141+0000] {logging_mixin.py:190} INFO - [2025-11-17T11:18:19.141+0000] {dag.py:3239} INFO - Sync 1 DAGs
[2025-11-17T11:18:19.152+0000] {logging_mixin.py:190} INFO - [2025-11-17T11:18:19.152+0000] {dag.py:4180} INFO - Setting next_dagrun for example_python_decorator to None, run_after=None
[2025-11-17T11:18:19.166+0000] {processor.py:208} INFO - Processing /home/airflow/.local/lib/python3.12/site-packages/airflow/example_dags/example_python_decorator.py took 0.062 seconds
[2025-11-17T11:18:49.450+0000] {processor.py:186} INFO - Started process (PID=6189) to work on /home/airflow/.local/lib/python3.12/site-packages/airflow/example_dags/example_python_decorator.py
[2025-11-17T11:18:49.451+0000] {processor.py:914} INFO - Processing file /home/airflow/.local/lib/python3.12/site-packages/airflow/example_dags/example_python_decorator.py for tasks to queue
[2025-11-17T11:18:49.452+0000] {logging_mixin.py:190} INFO - [2025-11-17T11:18:49.452+0000] {dagbag.py:588} INFO - Filling up the DagBag from /home/airflow/.local/lib/python3.12/site-packages/airflow/example_dags/example_python_decorator.py
[2025-11-17T11:18:49.463+0000] {processor.py:925} INFO - DAG(s) 'example_python_decorator' retrieved from /home/airflow/.local/lib/python3.12/site-packages/airflow/example_dags/example_python_decorator.py
[2025-11-17T11:18:49.479+0000] {logging_mixin.py:190} INFO - [2025-11-17T11:18:49.479+0000] {dag.py:3239} INFO - Sync 1 DAGs
[2025-11-17T11:18:49.490+0000] {logging_mixin.py:190} INFO - [2025-11-17T11:18:49.490+0000] {dag.py:4180} INFO - Setting next_dagrun for example_python_decorator to None, run_after=None
[2025-11-17T11:18:49.502+0000] {processor.py:208} INFO - Processing /home/airflow/.local/lib/python3.12/site-packages/airflow/example_dags/example_python_decorator.py took 0.058 seconds
[2025-11-17T11:19:20.189+0000] {processor.py:186} INFO - Started process (PID=6254) to work on /home/airflow/.local/lib/python3.12/site-packages/airflow/example_dags/example_python_decorator.py
[2025-11-17T11:19:20.190+0000] {processor.py:914} INFO - Processing file /home/airflow/.local/lib/python3.12/site-packages/airflow/example_dags/example_python_decorator.py for tasks to queue
[2025-11-17T11:19:20.193+0000] {logging_mixin.py:190} INFO - [2025-11-17T11:19:20.193+0000] {dagbag.py:588} INFO - Filling up the DagBag from /home/airflow/.local/lib/python3.12/site-packages/airflow/example_dags/example_python_decorator.py
[2025-11-17T11:19:20.206+0000] {processor.py:925} INFO - DAG(s) 'example_python_decorator' retrieved from /home/airflow/.local/lib/python3.12/site-packages/airflow/example_dags/example_python_decorator.py
[2025-11-17T11:19:20.223+0000] {logging_mixin.py:190} INFO - [2025-11-17T11:19:20.223+0000] {dag.py:3239} INFO - Sync 1 DAGs
[2025-11-17T11:19:20.234+0000] {logging_mixin.py:190} INFO - [2025-11-17T11:19:20.233+0000] {dag.py:4180} INFO - Setting next_dagrun for example_python_decorator to None, run_after=None
[2025-11-17T11:19:20.248+0000] {processor.py:208} INFO - Processing /home/airflow/.local/lib/python3.12/site-packages/airflow/example_dags/example_python_decorator.py took 0.066 seconds
[2025-11-17T11:19:50.313+0000] {processor.py:186} INFO - Started process (PID=6318) to work on /home/airflow/.local/lib/python3.12/site-packages/airflow/example_dags/example_python_decorator.py
[2025-11-17T11:19:50.314+0000] {processor.py:914} INFO - Processing file /home/airflow/.local/lib/python3.12/site-packages/airflow/example_dags/example_python_decorator.py for tasks to queue
[2025-11-17T11:19:50.317+0000] {logging_mixin.py:190} INFO - [2025-11-17T11:19:50.316+0000] {dagbag.py:588} INFO - Filling up the DagBag from /home/airflow/.local/lib/python3.12/site-packages/airflow/example_dags/example_python_decorator.py
[2025-11-17T11:19:50.329+0000] {processor.py:925} INFO - DAG(s) 'example_python_decorator' retrieved from /home/airflow/.local/lib/python3.12/site-packages/airflow/example_dags/example_python_decorator.py
[2025-11-17T11:19:50.347+0000] {logging_mixin.py:190} INFO - [2025-11-17T11:19:50.347+0000] {dag.py:3239} INFO - Sync 1 DAGs
[2025-11-17T11:19:50.357+0000] {logging_mixin.py:190} INFO - [2025-11-17T11:19:50.357+0000] {dag.py:4180} INFO - Setting next_dagrun for example_python_decorator to None, run_after=None
[2025-11-17T11:19:50.371+0000] {processor.py:208} INFO - Processing /home/airflow/.local/lib/python3.12/site-packages/airflow/example_dags/example_python_decorator.py took 0.065 seconds
[2025-11-17T11:20:20.619+0000] {processor.py:186} INFO - Started process (PID=6383) to work on /home/airflow/.local/lib/python3.12/site-packages/airflow/example_dags/example_python_decorator.py
[2025-11-17T11:20:20.620+0000] {processor.py:914} INFO - Processing file /home/airflow/.local/lib/python3.12/site-packages/airflow/example_dags/example_python_decorator.py for tasks to queue
[2025-11-17T11:20:20.623+0000] {logging_mixin.py:190} INFO - [2025-11-17T11:20:20.623+0000] {dagbag.py:588} INFO - Filling up the DagBag from /home/airflow/.local/lib/python3.12/site-packages/airflow/example_dags/example_python_decorator.py
[2025-11-17T11:20:20.634+0000] {processor.py:925} INFO - DAG(s) 'example_python_decorator' retrieved from /home/airflow/.local/lib/python3.12/site-packages/airflow/example_dags/example_python_decorator.py
[2025-11-17T11:20:20.651+0000] {logging_mixin.py:190} INFO - [2025-11-17T11:20:20.651+0000] {dag.py:3239} INFO - Sync 1 DAGs
[2025-11-17T11:20:20.662+0000] {logging_mixin.py:190} INFO - [2025-11-17T11:20:20.662+0000] {dag.py:4180} INFO - Setting next_dagrun for example_python_decorator to None, run_after=None
[2025-11-17T11:20:20.680+0000] {processor.py:208} INFO - Processing /home/airflow/.local/lib/python3.12/site-packages/airflow/example_dags/example_python_decorator.py took 0.067 seconds
[2025-11-17T11:20:51.281+0000] {processor.py:186} INFO - Started process (PID=6448) to work on /home/airflow/.local/lib/python3.12/site-packages/airflow/example_dags/example_python_decorator.py
[2025-11-17T11:20:51.282+0000] {processor.py:914} INFO - Processing file /home/airflow/.local/lib/python3.12/site-packages/airflow/example_dags/example_python_decorator.py for tasks to queue
[2025-11-17T11:20:51.284+0000] {logging_mixin.py:190} INFO - [2025-11-17T11:20:51.284+0000] {dagbag.py:588} INFO - Filling up the DagBag from /home/airflow/.local/lib/python3.12/site-packages/airflow/example_dags/example_python_decorator.py
[2025-11-17T11:20:51.295+0000] {processor.py:925} INFO - DAG(s) 'example_python_decorator' retrieved from /home/airflow/.local/lib/python3.12/site-packages/airflow/example_dags/example_python_decorator.py
[2025-11-17T11:20:51.311+0000] {logging_mixin.py:190} INFO - [2025-11-17T11:20:51.311+0000] {dag.py:3239} INFO - Sync 1 DAGs
[2025-11-17T11:20:51.322+0000] {logging_mixin.py:190} INFO - [2025-11-17T11:20:51.322+0000] {dag.py:4180} INFO - Setting next_dagrun for example_python_decorator to None, run_after=None
[2025-11-17T11:20:51.346+0000] {processor.py:208} INFO - Processing /home/airflow/.local/lib/python3.12/site-packages/airflow/example_dags/example_python_decorator.py took 0.072 seconds
[2025-11-17T11:21:21.890+0000] {processor.py:186} INFO - Started process (PID=6513) to work on /home/airflow/.local/lib/python3.12/site-packages/airflow/example_dags/example_python_decorator.py
[2025-11-17T11:21:21.891+0000] {processor.py:914} INFO - Processing file /home/airflow/.local/lib/python3.12/site-packages/airflow/example_dags/example_python_decorator.py for tasks to queue
[2025-11-17T11:21:21.893+0000] {logging_mixin.py:190} INFO - [2025-11-17T11:21:21.893+0000] {dagbag.py:588} INFO - Filling up the DagBag from /home/airflow/.local/lib/python3.12/site-packages/airflow/example_dags/example_python_decorator.py
[2025-11-17T11:21:21.904+0000] {processor.py:925} INFO - DAG(s) 'example_python_decorator' retrieved from /home/airflow/.local/lib/python3.12/site-packages/airflow/example_dags/example_python_decorator.py
[2025-11-17T11:21:21.921+0000] {logging_mixin.py:190} INFO - [2025-11-17T11:21:21.920+0000] {dag.py:3239} INFO - Sync 1 DAGs
[2025-11-17T11:21:21.930+0000] {logging_mixin.py:190} INFO - [2025-11-17T11:21:21.930+0000] {dag.py:4180} INFO - Setting next_dagrun for example_python_decorator to None, run_after=None
[2025-11-17T11:21:21.943+0000] {processor.py:208} INFO - Processing /home/airflow/.local/lib/python3.12/site-packages/airflow/example_dags/example_python_decorator.py took 0.059 seconds
[2025-11-17T11:21:52.761+0000] {processor.py:186} INFO - Started process (PID=6578) to work on /home/airflow/.local/lib/python3.12/site-packages/airflow/example_dags/example_python_decorator.py
[2025-11-17T11:21:52.762+0000] {processor.py:914} INFO - Processing file /home/airflow/.local/lib/python3.12/site-packages/airflow/example_dags/example_python_decorator.py for tasks to queue
[2025-11-17T11:21:52.764+0000] {logging_mixin.py:190} INFO - [2025-11-17T11:21:52.764+0000] {dagbag.py:588} INFO - Filling up the DagBag from /home/airflow/.local/lib/python3.12/site-packages/airflow/example_dags/example_python_decorator.py
[2025-11-17T11:21:52.776+0000] {processor.py:925} INFO - DAG(s) 'example_python_decorator' retrieved from /home/airflow/.local/lib/python3.12/site-packages/airflow/example_dags/example_python_decorator.py
[2025-11-17T11:21:52.792+0000] {logging_mixin.py:190} INFO - [2025-11-17T11:21:52.792+0000] {dag.py:3239} INFO - Sync 1 DAGs
[2025-11-17T11:21:52.802+0000] {logging_mixin.py:190} INFO - [2025-11-17T11:21:52.802+0000] {dag.py:4180} INFO - Setting next_dagrun for example_python_decorator to None, run_after=None
[2025-11-17T11:21:52.829+0000] {processor.py:208} INFO - Processing /home/airflow/.local/lib/python3.12/site-packages/airflow/example_dags/example_python_decorator.py took 0.075 seconds
[2025-11-17T11:22:22.985+0000] {processor.py:186} INFO - Started process (PID=6643) to work on /home/airflow/.local/lib/python3.12/site-packages/airflow/example_dags/example_python_decorator.py
[2025-11-17T11:22:22.986+0000] {processor.py:914} INFO - Processing file /home/airflow/.local/lib/python3.12/site-packages/airflow/example_dags/example_python_decorator.py for tasks to queue
[2025-11-17T11:22:22.988+0000] {logging_mixin.py:190} INFO - [2025-11-17T11:22:22.988+0000] {dagbag.py:588} INFO - Filling up the DagBag from /home/airflow/.local/lib/python3.12/site-packages/airflow/example_dags/example_python_decorator.py
[2025-11-17T11:22:23.001+0000] {processor.py:925} INFO - DAG(s) 'example_python_decorator' retrieved from /home/airflow/.local/lib/python3.12/site-packages/airflow/example_dags/example_python_decorator.py
[2025-11-17T11:22:23.017+0000] {logging_mixin.py:190} INFO - [2025-11-17T11:22:23.017+0000] {dag.py:3239} INFO - Sync 1 DAGs
[2025-11-17T11:22:23.028+0000] {logging_mixin.py:190} INFO - [2025-11-17T11:22:23.028+0000] {dag.py:4180} INFO - Setting next_dagrun for example_python_decorator to None, run_after=None
[2025-11-17T11:22:23.042+0000] {processor.py:208} INFO - Processing /home/airflow/.local/lib/python3.12/site-packages/airflow/example_dags/example_python_decorator.py took 0.065 seconds
[2025-11-17T11:22:53.114+0000] {processor.py:186} INFO - Started process (PID=6714) to work on /home/airflow/.local/lib/python3.12/site-packages/airflow/example_dags/example_python_decorator.py
[2025-11-17T11:22:53.115+0000] {processor.py:914} INFO - Processing file /home/airflow/.local/lib/python3.12/site-packages/airflow/example_dags/example_python_decorator.py for tasks to queue
[2025-11-17T11:22:53.117+0000] {logging_mixin.py:190} INFO - [2025-11-17T11:22:53.117+0000] {dagbag.py:588} INFO - Filling up the DagBag from /home/airflow/.local/lib/python3.12/site-packages/airflow/example_dags/example_python_decorator.py
[2025-11-17T11:22:53.129+0000] {processor.py:925} INFO - DAG(s) 'example_python_decorator' retrieved from /home/airflow/.local/lib/python3.12/site-packages/airflow/example_dags/example_python_decorator.py
[2025-11-17T11:22:53.146+0000] {logging_mixin.py:190} INFO - [2025-11-17T11:22:53.146+0000] {dag.py:3239} INFO - Sync 1 DAGs
[2025-11-17T11:22:53.157+0000] {logging_mixin.py:190} INFO - [2025-11-17T11:22:53.157+0000] {dag.py:4180} INFO - Setting next_dagrun for example_python_decorator to None, run_after=None
[2025-11-17T11:22:53.171+0000] {processor.py:208} INFO - Processing /home/airflow/.local/lib/python3.12/site-packages/airflow/example_dags/example_python_decorator.py took 0.065 seconds
[2025-11-17T11:23:23.245+0000] {processor.py:186} INFO - Started process (PID=6779) to work on /home/airflow/.local/lib/python3.12/site-packages/airflow/example_dags/example_python_decorator.py
[2025-11-17T11:23:23.245+0000] {processor.py:914} INFO - Processing file /home/airflow/.local/lib/python3.12/site-packages/airflow/example_dags/example_python_decorator.py for tasks to queue
[2025-11-17T11:23:23.248+0000] {logging_mixin.py:190} INFO - [2025-11-17T11:23:23.247+0000] {dagbag.py:588} INFO - Filling up the DagBag from /home/airflow/.local/lib/python3.12/site-packages/airflow/example_dags/example_python_decorator.py
[2025-11-17T11:23:23.258+0000] {processor.py:925} INFO - DAG(s) 'example_python_decorator' retrieved from /home/airflow/.local/lib/python3.12/site-packages/airflow/example_dags/example_python_decorator.py
[2025-11-17T11:23:23.274+0000] {logging_mixin.py:190} INFO - [2025-11-17T11:23:23.274+0000] {dag.py:3239} INFO - Sync 1 DAGs
[2025-11-17T11:23:23.284+0000] {logging_mixin.py:190} INFO - [2025-11-17T11:23:23.284+0000] {dag.py:4180} INFO - Setting next_dagrun for example_python_decorator to None, run_after=None
[2025-11-17T11:23:23.299+0000] {processor.py:208} INFO - Processing /home/airflow/.local/lib/python3.12/site-packages/airflow/example_dags/example_python_decorator.py took 0.061 seconds
[2025-11-17T11:23:53.925+0000] {processor.py:186} INFO - Started process (PID=6844) to work on /home/airflow/.local/lib/python3.12/site-packages/airflow/example_dags/example_python_decorator.py
[2025-11-17T11:23:53.926+0000] {processor.py:914} INFO - Processing file /home/airflow/.local/lib/python3.12/site-packages/airflow/example_dags/example_python_decorator.py for tasks to queue
[2025-11-17T11:23:53.928+0000] {logging_mixin.py:190} INFO - [2025-11-17T11:23:53.928+0000] {dagbag.py:588} INFO - Filling up the DagBag from /home/airflow/.local/lib/python3.12/site-packages/airflow/example_dags/example_python_decorator.py
[2025-11-17T11:23:53.939+0000] {processor.py:925} INFO - DAG(s) 'example_python_decorator' retrieved from /home/airflow/.local/lib/python3.12/site-packages/airflow/example_dags/example_python_decorator.py
[2025-11-17T11:23:53.954+0000] {logging_mixin.py:190} INFO - [2025-11-17T11:23:53.954+0000] {dag.py:3239} INFO - Sync 1 DAGs
[2025-11-17T11:23:53.963+0000] {logging_mixin.py:190} INFO - [2025-11-17T11:23:53.963+0000] {dag.py:4180} INFO - Setting next_dagrun for example_python_decorator to None, run_after=None
[2025-11-17T11:23:53.985+0000] {processor.py:208} INFO - Processing /home/airflow/.local/lib/python3.12/site-packages/airflow/example_dags/example_python_decorator.py took 0.065 seconds
[2025-11-17T11:24:24.306+0000] {processor.py:186} INFO - Started process (PID=6909) to work on /home/airflow/.local/lib/python3.12/site-packages/airflow/example_dags/example_python_decorator.py
[2025-11-17T11:24:24.307+0000] {processor.py:914} INFO - Processing file /home/airflow/.local/lib/python3.12/site-packages/airflow/example_dags/example_python_decorator.py for tasks to queue
[2025-11-17T11:24:24.309+0000] {logging_mixin.py:190} INFO - [2025-11-17T11:24:24.309+0000] {dagbag.py:588} INFO - Filling up the DagBag from /home/airflow/.local/lib/python3.12/site-packages/airflow/example_dags/example_python_decorator.py
[2025-11-17T11:24:24.321+0000] {processor.py:925} INFO - DAG(s) 'example_python_decorator' retrieved from /home/airflow/.local/lib/python3.12/site-packages/airflow/example_dags/example_python_decorator.py
[2025-11-17T11:24:24.339+0000] {logging_mixin.py:190} INFO - [2025-11-17T11:24:24.339+0000] {dag.py:3239} INFO - Sync 1 DAGs
[2025-11-17T11:24:24.350+0000] {logging_mixin.py:190} INFO - [2025-11-17T11:24:24.349+0000] {dag.py:4180} INFO - Setting next_dagrun for example_python_decorator to None, run_after=None
[2025-11-17T11:24:24.367+0000] {processor.py:208} INFO - Processing /home/airflow/.local/lib/python3.12/site-packages/airflow/example_dags/example_python_decorator.py took 0.067 seconds
[2025-11-17T11:24:54.974+0000] {processor.py:186} INFO - Started process (PID=6974) to work on /home/airflow/.local/lib/python3.12/site-packages/airflow/example_dags/example_python_decorator.py
[2025-11-17T11:24:54.975+0000] {processor.py:914} INFO - Processing file /home/airflow/.local/lib/python3.12/site-packages/airflow/example_dags/example_python_decorator.py for tasks to queue
[2025-11-17T11:24:54.977+0000] {logging_mixin.py:190} INFO - [2025-11-17T11:24:54.977+0000] {dagbag.py:588} INFO - Filling up the DagBag from /home/airflow/.local/lib/python3.12/site-packages/airflow/example_dags/example_python_decorator.py
[2025-11-17T11:24:54.988+0000] {processor.py:925} INFO - DAG(s) 'example_python_decorator' retrieved from /home/airflow/.local/lib/python3.12/site-packages/airflow/example_dags/example_python_decorator.py
[2025-11-17T11:24:55.005+0000] {logging_mixin.py:190} INFO - [2025-11-17T11:24:55.004+0000] {dag.py:3239} INFO - Sync 1 DAGs
[2025-11-17T11:24:55.015+0000] {logging_mixin.py:190} INFO - [2025-11-17T11:24:55.015+0000] {dag.py:4180} INFO - Setting next_dagrun for example_python_decorator to None, run_after=None
[2025-11-17T11:24:55.045+0000] {processor.py:208} INFO - Processing /home/airflow/.local/lib/python3.12/site-packages/airflow/example_dags/example_python_decorator.py took 0.078 seconds
[2025-11-17T11:25:25.253+0000] {processor.py:186} INFO - Started process (PID=7046) to work on /home/airflow/.local/lib/python3.12/site-packages/airflow/example_dags/example_python_decorator.py
[2025-11-17T11:25:25.254+0000] {processor.py:914} INFO - Processing file /home/airflow/.local/lib/python3.12/site-packages/airflow/example_dags/example_python_decorator.py for tasks to queue
[2025-11-17T11:25:25.256+0000] {logging_mixin.py:190} INFO - [2025-11-17T11:25:25.255+0000] {dagbag.py:588} INFO - Filling up the DagBag from /home/airflow/.local/lib/python3.12/site-packages/airflow/example_dags/example_python_decorator.py
[2025-11-17T11:25:25.267+0000] {processor.py:925} INFO - DAG(s) 'example_python_decorator' retrieved from /home/airflow/.local/lib/python3.12/site-packages/airflow/example_dags/example_python_decorator.py
[2025-11-17T11:25:25.283+0000] {logging_mixin.py:190} INFO - [2025-11-17T11:25:25.282+0000] {dag.py:3239} INFO - Sync 1 DAGs
[2025-11-17T11:25:25.294+0000] {logging_mixin.py:190} INFO - [2025-11-17T11:25:25.294+0000] {dag.py:4180} INFO - Setting next_dagrun for example_python_decorator to None, run_after=None
[2025-11-17T11:25:25.308+0000] {processor.py:208} INFO - Processing /home/airflow/.local/lib/python3.12/site-packages/airflow/example_dags/example_python_decorator.py took 0.062 seconds
[2025-11-17T11:25:56.110+0000] {processor.py:186} INFO - Started process (PID=7114) to work on /home/airflow/.local/lib/python3.12/site-packages/airflow/example_dags/example_python_decorator.py
[2025-11-17T11:25:56.111+0000] {processor.py:914} INFO - Processing file /home/airflow/.local/lib/python3.12/site-packages/airflow/example_dags/example_python_decorator.py for tasks to queue
[2025-11-17T11:25:56.113+0000] {logging_mixin.py:190} INFO - [2025-11-17T11:25:56.113+0000] {dagbag.py:588} INFO - Filling up the DagBag from /home/airflow/.local/lib/python3.12/site-packages/airflow/example_dags/example_python_decorator.py
[2025-11-17T11:25:56.124+0000] {processor.py:925} INFO - DAG(s) 'example_python_decorator' retrieved from /home/airflow/.local/lib/python3.12/site-packages/airflow/example_dags/example_python_decorator.py
[2025-11-17T11:25:56.140+0000] {logging_mixin.py:190} INFO - [2025-11-17T11:25:56.140+0000] {dag.py:3239} INFO - Sync 1 DAGs
[2025-11-17T11:25:56.150+0000] {logging_mixin.py:190} INFO - [2025-11-17T11:25:56.150+0000] {dag.py:4180} INFO - Setting next_dagrun for example_python_decorator to None, run_after=None
[2025-11-17T11:25:56.164+0000] {processor.py:208} INFO - Processing /home/airflow/.local/lib/python3.12/site-packages/airflow/example_dags/example_python_decorator.py took 0.061 seconds
[2025-11-17T11:26:26.728+0000] {processor.py:186} INFO - Started process (PID=7179) to work on /home/airflow/.local/lib/python3.12/site-packages/airflow/example_dags/example_python_decorator.py
[2025-11-17T11:26:26.730+0000] {processor.py:914} INFO - Processing file /home/airflow/.local/lib/python3.12/site-packages/airflow/example_dags/example_python_decorator.py for tasks to queue
[2025-11-17T11:26:26.732+0000] {logging_mixin.py:190} INFO - [2025-11-17T11:26:26.732+0000] {dagbag.py:588} INFO - Filling up the DagBag from /home/airflow/.local/lib/python3.12/site-packages/airflow/example_dags/example_python_decorator.py
[2025-11-17T11:26:26.744+0000] {processor.py:925} INFO - DAG(s) 'example_python_decorator' retrieved from /home/airflow/.local/lib/python3.12/site-packages/airflow/example_dags/example_python_decorator.py
[2025-11-17T11:26:26.762+0000] {logging_mixin.py:190} INFO - [2025-11-17T11:26:26.762+0000] {dag.py:3239} INFO - Sync 1 DAGs
[2025-11-17T11:26:26.774+0000] {logging_mixin.py:190} INFO - [2025-11-17T11:26:26.773+0000] {dag.py:4180} INFO - Setting next_dagrun for example_python_decorator to None, run_after=None
[2025-11-17T11:26:26.789+0000] {processor.py:208} INFO - Processing /home/airflow/.local/lib/python3.12/site-packages/airflow/example_dags/example_python_decorator.py took 0.068 seconds
[2025-11-17T11:26:57.205+0000] {processor.py:186} INFO - Started process (PID=7244) to work on /home/airflow/.local/lib/python3.12/site-packages/airflow/example_dags/example_python_decorator.py
[2025-11-17T11:26:57.206+0000] {processor.py:914} INFO - Processing file /home/airflow/.local/lib/python3.12/site-packages/airflow/example_dags/example_python_decorator.py for tasks to queue
[2025-11-17T11:26:57.208+0000] {logging_mixin.py:190} INFO - [2025-11-17T11:26:57.208+0000] {dagbag.py:588} INFO - Filling up the DagBag from /home/airflow/.local/lib/python3.12/site-packages/airflow/example_dags/example_python_decorator.py
[2025-11-17T11:26:57.220+0000] {processor.py:925} INFO - DAG(s) 'example_python_decorator' retrieved from /home/airflow/.local/lib/python3.12/site-packages/airflow/example_dags/example_python_decorator.py
[2025-11-17T11:26:57.238+0000] {logging_mixin.py:190} INFO - [2025-11-17T11:26:57.238+0000] {dag.py:3239} INFO - Sync 1 DAGs
[2025-11-17T11:26:57.249+0000] {logging_mixin.py:190} INFO - [2025-11-17T11:26:57.249+0000] {dag.py:4180} INFO - Setting next_dagrun for example_python_decorator to None, run_after=None
[2025-11-17T11:26:57.263+0000] {processor.py:208} INFO - Processing /home/airflow/.local/lib/python3.12/site-packages/airflow/example_dags/example_python_decorator.py took 0.065 seconds
[2025-11-17T11:27:27.487+0000] {processor.py:186} INFO - Started process (PID=7309) to work on /home/airflow/.local/lib/python3.12/site-packages/airflow/example_dags/example_python_decorator.py
[2025-11-17T11:27:27.488+0000] {processor.py:914} INFO - Processing file /home/airflow/.local/lib/python3.12/site-packages/airflow/example_dags/example_python_decorator.py for tasks to queue
[2025-11-17T11:27:27.490+0000] {logging_mixin.py:190} INFO - [2025-11-17T11:27:27.490+0000] {dagbag.py:588} INFO - Filling up the DagBag from /home/airflow/.local/lib/python3.12/site-packages/airflow/example_dags/example_python_decorator.py
[2025-11-17T11:27:27.501+0000] {processor.py:925} INFO - DAG(s) 'example_python_decorator' retrieved from /home/airflow/.local/lib/python3.12/site-packages/airflow/example_dags/example_python_decorator.py
[2025-11-17T11:27:27.517+0000] {logging_mixin.py:190} INFO - [2025-11-17T11:27:27.517+0000] {dag.py:3239} INFO - Sync 1 DAGs
[2025-11-17T11:27:27.528+0000] {logging_mixin.py:190} INFO - [2025-11-17T11:27:27.528+0000] {dag.py:4180} INFO - Setting next_dagrun for example_python_decorator to None, run_after=None
[2025-11-17T11:27:27.542+0000] {processor.py:208} INFO - Processing /home/airflow/.local/lib/python3.12/site-packages/airflow/example_dags/example_python_decorator.py took 0.062 seconds
[2025-11-17T11:27:57.901+0000] {processor.py:186} INFO - Started process (PID=7374) to work on /home/airflow/.local/lib/python3.12/site-packages/airflow/example_dags/example_python_decorator.py
[2025-11-17T11:27:57.903+0000] {processor.py:914} INFO - Processing file /home/airflow/.local/lib/python3.12/site-packages/airflow/example_dags/example_python_decorator.py for tasks to queue
[2025-11-17T11:27:57.905+0000] {logging_mixin.py:190} INFO - [2025-11-17T11:27:57.905+0000] {dagbag.py:588} INFO - Filling up the DagBag from /home/airflow/.local/lib/python3.12/site-packages/airflow/example_dags/example_python_decorator.py
[2025-11-17T11:27:57.919+0000] {processor.py:925} INFO - DAG(s) 'example_python_decorator' retrieved from /home/airflow/.local/lib/python3.12/site-packages/airflow/example_dags/example_python_decorator.py
[2025-11-17T11:27:57.937+0000] {logging_mixin.py:190} INFO - [2025-11-17T11:27:57.937+0000] {dag.py:3239} INFO - Sync 1 DAGs
[2025-11-17T11:27:57.949+0000] {logging_mixin.py:190} INFO - [2025-11-17T11:27:57.949+0000] {dag.py:4180} INFO - Setting next_dagrun for example_python_decorator to None, run_after=None
[2025-11-17T11:27:57.963+0000] {processor.py:208} INFO - Processing /home/airflow/.local/lib/python3.12/site-packages/airflow/example_dags/example_python_decorator.py took 0.070 seconds
[2025-11-17T11:28:28.475+0000] {processor.py:186} INFO - Started process (PID=7439) to work on /home/airflow/.local/lib/python3.12/site-packages/airflow/example_dags/example_python_decorator.py
[2025-11-17T11:28:28.477+0000] {processor.py:914} INFO - Processing file /home/airflow/.local/lib/python3.12/site-packages/airflow/example_dags/example_python_decorator.py for tasks to queue
[2025-11-17T11:28:28.480+0000] {logging_mixin.py:190} INFO - [2025-11-17T11:28:28.479+0000] {dagbag.py:588} INFO - Filling up the DagBag from /home/airflow/.local/lib/python3.12/site-packages/airflow/example_dags/example_python_decorator.py
[2025-11-17T11:28:28.492+0000] {processor.py:925} INFO - DAG(s) 'example_python_decorator' retrieved from /home/airflow/.local/lib/python3.12/site-packages/airflow/example_dags/example_python_decorator.py
[2025-11-17T11:28:28.510+0000] {logging_mixin.py:190} INFO - [2025-11-17T11:28:28.510+0000] {dag.py:3239} INFO - Sync 1 DAGs
[2025-11-17T11:28:28.524+0000] {logging_mixin.py:190} INFO - [2025-11-17T11:28:28.524+0000] {dag.py:4180} INFO - Setting next_dagrun for example_python_decorator to None, run_after=None
[2025-11-17T11:28:28.542+0000] {processor.py:208} INFO - Processing /home/airflow/.local/lib/python3.12/site-packages/airflow/example_dags/example_python_decorator.py took 0.075 seconds
[2025-11-17T11:28:58.730+0000] {processor.py:186} INFO - Started process (PID=7510) to work on /home/airflow/.local/lib/python3.12/site-packages/airflow/example_dags/example_python_decorator.py
[2025-11-17T11:28:58.731+0000] {processor.py:914} INFO - Processing file /home/airflow/.local/lib/python3.12/site-packages/airflow/example_dags/example_python_decorator.py for tasks to queue
[2025-11-17T11:28:58.734+0000] {logging_mixin.py:190} INFO - [2025-11-17T11:28:58.734+0000] {dagbag.py:588} INFO - Filling up the DagBag from /home/airflow/.local/lib/python3.12/site-packages/airflow/example_dags/example_python_decorator.py
[2025-11-17T11:28:58.747+0000] {processor.py:925} INFO - DAG(s) 'example_python_decorator' retrieved from /home/airflow/.local/lib/python3.12/site-packages/airflow/example_dags/example_python_decorator.py
[2025-11-17T11:28:58.767+0000] {logging_mixin.py:190} INFO - [2025-11-17T11:28:58.767+0000] {dag.py:3239} INFO - Sync 1 DAGs
[2025-11-17T11:28:58.779+0000] {logging_mixin.py:190} INFO - [2025-11-17T11:28:58.779+0000] {dag.py:4180} INFO - Setting next_dagrun for example_python_decorator to None, run_after=None
[2025-11-17T11:28:58.797+0000] {processor.py:208} INFO - Processing /home/airflow/.local/lib/python3.12/site-packages/airflow/example_dags/example_python_decorator.py took 0.075 seconds
[2025-11-17T11:29:29.123+0000] {processor.py:186} INFO - Started process (PID=7574) to work on /home/airflow/.local/lib/python3.12/site-packages/airflow/example_dags/example_python_decorator.py
[2025-11-17T11:29:29.124+0000] {processor.py:914} INFO - Processing file /home/airflow/.local/lib/python3.12/site-packages/airflow/example_dags/example_python_decorator.py for tasks to queue
[2025-11-17T11:29:29.128+0000] {logging_mixin.py:190} INFO - [2025-11-17T11:29:29.127+0000] {dagbag.py:588} INFO - Filling up the DagBag from /home/airflow/.local/lib/python3.12/site-packages/airflow/example_dags/example_python_decorator.py
[2025-11-17T11:29:29.143+0000] {processor.py:925} INFO - DAG(s) 'example_python_decorator' retrieved from /home/airflow/.local/lib/python3.12/site-packages/airflow/example_dags/example_python_decorator.py
[2025-11-17T11:29:29.167+0000] {logging_mixin.py:190} INFO - [2025-11-17T11:29:29.166+0000] {dag.py:3239} INFO - Sync 1 DAGs
[2025-11-17T11:29:29.181+0000] {logging_mixin.py:190} INFO - [2025-11-17T11:29:29.181+0000] {dag.py:4180} INFO - Setting next_dagrun for example_python_decorator to None, run_after=None
[2025-11-17T11:29:29.200+0000] {processor.py:208} INFO - Processing /home/airflow/.local/lib/python3.12/site-packages/airflow/example_dags/example_python_decorator.py took 0.086 seconds
[2025-11-17T11:29:59.277+0000] {processor.py:186} INFO - Started process (PID=7638) to work on /home/airflow/.local/lib/python3.12/site-packages/airflow/example_dags/example_python_decorator.py
[2025-11-17T11:29:59.279+0000] {processor.py:914} INFO - Processing file /home/airflow/.local/lib/python3.12/site-packages/airflow/example_dags/example_python_decorator.py for tasks to queue
[2025-11-17T11:29:59.281+0000] {logging_mixin.py:190} INFO - [2025-11-17T11:29:59.281+0000] {dagbag.py:588} INFO - Filling up the DagBag from /home/airflow/.local/lib/python3.12/site-packages/airflow/example_dags/example_python_decorator.py
[2025-11-17T11:29:59.294+0000] {processor.py:925} INFO - DAG(s) 'example_python_decorator' retrieved from /home/airflow/.local/lib/python3.12/site-packages/airflow/example_dags/example_python_decorator.py
[2025-11-17T11:29:59.313+0000] {logging_mixin.py:190} INFO - [2025-11-17T11:29:59.313+0000] {dag.py:3239} INFO - Sync 1 DAGs
[2025-11-17T11:29:59.324+0000] {logging_mixin.py:190} INFO - [2025-11-17T11:29:59.324+0000] {dag.py:4180} INFO - Setting next_dagrun for example_python_decorator to None, run_after=None
[2025-11-17T11:29:59.340+0000] {processor.py:208} INFO - Processing /home/airflow/.local/lib/python3.12/site-packages/airflow/example_dags/example_python_decorator.py took 0.070 seconds
[2025-11-17T11:30:29.467+0000] {processor.py:186} INFO - Started process (PID=7703) to work on /home/airflow/.local/lib/python3.12/site-packages/airflow/example_dags/example_python_decorator.py
[2025-11-17T11:30:29.469+0000] {processor.py:914} INFO - Processing file /home/airflow/.local/lib/python3.12/site-packages/airflow/example_dags/example_python_decorator.py for tasks to queue
[2025-11-17T11:30:29.472+0000] {logging_mixin.py:190} INFO - [2025-11-17T11:30:29.471+0000] {dagbag.py:588} INFO - Filling up the DagBag from /home/airflow/.local/lib/python3.12/site-packages/airflow/example_dags/example_python_decorator.py
[2025-11-17T11:30:29.485+0000] {processor.py:925} INFO - DAG(s) 'example_python_decorator' retrieved from /home/airflow/.local/lib/python3.12/site-packages/airflow/example_dags/example_python_decorator.py
[2025-11-17T11:30:29.505+0000] {logging_mixin.py:190} INFO - [2025-11-17T11:30:29.505+0000] {dag.py:3239} INFO - Sync 1 DAGs
[2025-11-17T11:30:29.519+0000] {logging_mixin.py:190} INFO - [2025-11-17T11:30:29.519+0000] {dag.py:4180} INFO - Setting next_dagrun for example_python_decorator to None, run_after=None
[2025-11-17T11:30:29.536+0000] {processor.py:208} INFO - Processing /home/airflow/.local/lib/python3.12/site-packages/airflow/example_dags/example_python_decorator.py took 0.077 seconds
[2025-11-17T11:30:59.774+0000] {processor.py:186} INFO - Started process (PID=7767) to work on /home/airflow/.local/lib/python3.12/site-packages/airflow/example_dags/example_python_decorator.py
[2025-11-17T11:30:59.776+0000] {processor.py:914} INFO - Processing file /home/airflow/.local/lib/python3.12/site-packages/airflow/example_dags/example_python_decorator.py for tasks to queue
[2025-11-17T11:30:59.778+0000] {logging_mixin.py:190} INFO - [2025-11-17T11:30:59.778+0000] {dagbag.py:588} INFO - Filling up the DagBag from /home/airflow/.local/lib/python3.12/site-packages/airflow/example_dags/example_python_decorator.py
[2025-11-17T11:30:59.790+0000] {processor.py:925} INFO - DAG(s) 'example_python_decorator' retrieved from /home/airflow/.local/lib/python3.12/site-packages/airflow/example_dags/example_python_decorator.py
[2025-11-17T11:30:59.808+0000] {logging_mixin.py:190} INFO - [2025-11-17T11:30:59.807+0000] {dag.py:3239} INFO - Sync 1 DAGs
[2025-11-17T11:30:59.819+0000] {logging_mixin.py:190} INFO - [2025-11-17T11:30:59.819+0000] {dag.py:4180} INFO - Setting next_dagrun for example_python_decorator to None, run_after=None
[2025-11-17T11:30:59.836+0000] {processor.py:208} INFO - Processing /home/airflow/.local/lib/python3.12/site-packages/airflow/example_dags/example_python_decorator.py took 0.068 seconds
[2025-11-17T11:31:30.132+0000] {processor.py:186} INFO - Started process (PID=7832) to work on /home/airflow/.local/lib/python3.12/site-packages/airflow/example_dags/example_python_decorator.py
[2025-11-17T11:31:30.133+0000] {processor.py:914} INFO - Processing file /home/airflow/.local/lib/python3.12/site-packages/airflow/example_dags/example_python_decorator.py for tasks to queue
[2025-11-17T11:31:30.135+0000] {logging_mixin.py:190} INFO - [2025-11-17T11:31:30.135+0000] {dagbag.py:588} INFO - Filling up the DagBag from /home/airflow/.local/lib/python3.12/site-packages/airflow/example_dags/example_python_decorator.py
[2025-11-17T11:31:30.149+0000] {processor.py:925} INFO - DAG(s) 'example_python_decorator' retrieved from /home/airflow/.local/lib/python3.12/site-packages/airflow/example_dags/example_python_decorator.py
[2025-11-17T11:31:30.166+0000] {logging_mixin.py:190} INFO - [2025-11-17T11:31:30.166+0000] {dag.py:3239} INFO - Sync 1 DAGs
[2025-11-17T11:31:30.178+0000] {logging_mixin.py:190} INFO - [2025-11-17T11:31:30.178+0000] {dag.py:4180} INFO - Setting next_dagrun for example_python_decorator to None, run_after=None
[2025-11-17T11:31:30.194+0000] {processor.py:208} INFO - Processing /home/airflow/.local/lib/python3.12/site-packages/airflow/example_dags/example_python_decorator.py took 0.068 seconds
[2025-11-17T11:32:00.763+0000] {processor.py:186} INFO - Started process (PID=7897) to work on /home/airflow/.local/lib/python3.12/site-packages/airflow/example_dags/example_python_decorator.py
[2025-11-17T11:32:00.765+0000] {processor.py:914} INFO - Processing file /home/airflow/.local/lib/python3.12/site-packages/airflow/example_dags/example_python_decorator.py for tasks to queue
[2025-11-17T11:32:00.767+0000] {logging_mixin.py:190} INFO - [2025-11-17T11:32:00.767+0000] {dagbag.py:588} INFO - Filling up the DagBag from /home/airflow/.local/lib/python3.12/site-packages/airflow/example_dags/example_python_decorator.py
[2025-11-17T11:32:00.778+0000] {processor.py:925} INFO - DAG(s) 'example_python_decorator' retrieved from /home/airflow/.local/lib/python3.12/site-packages/airflow/example_dags/example_python_decorator.py
[2025-11-17T11:32:00.795+0000] {logging_mixin.py:190} INFO - [2025-11-17T11:32:00.795+0000] {dag.py:3239} INFO - Sync 1 DAGs
[2025-11-17T11:32:00.806+0000] {logging_mixin.py:190} INFO - [2025-11-17T11:32:00.806+0000] {dag.py:4180} INFO - Setting next_dagrun for example_python_decorator to None, run_after=None
[2025-11-17T11:32:00.822+0000] {processor.py:208} INFO - Processing /home/airflow/.local/lib/python3.12/site-packages/airflow/example_dags/example_python_decorator.py took 0.065 seconds
[2025-11-17T11:32:31.062+0000] {processor.py:186} INFO - Started process (PID=7962) to work on /home/airflow/.local/lib/python3.12/site-packages/airflow/example_dags/example_python_decorator.py
[2025-11-17T11:32:31.063+0000] {processor.py:914} INFO - Processing file /home/airflow/.local/lib/python3.12/site-packages/airflow/example_dags/example_python_decorator.py for tasks to queue
[2025-11-17T11:32:31.066+0000] {logging_mixin.py:190} INFO - [2025-11-17T11:32:31.065+0000] {dagbag.py:588} INFO - Filling up the DagBag from /home/airflow/.local/lib/python3.12/site-packages/airflow/example_dags/example_python_decorator.py
[2025-11-17T11:32:31.079+0000] {processor.py:925} INFO - DAG(s) 'example_python_decorator' retrieved from /home/airflow/.local/lib/python3.12/site-packages/airflow/example_dags/example_python_decorator.py
[2025-11-17T11:32:31.098+0000] {logging_mixin.py:190} INFO - [2025-11-17T11:32:31.098+0000] {dag.py:3239} INFO - Sync 1 DAGs
[2025-11-17T11:32:31.111+0000] {logging_mixin.py:190} INFO - [2025-11-17T11:32:31.111+0000] {dag.py:4180} INFO - Setting next_dagrun for example_python_decorator to None, run_after=None
[2025-11-17T11:32:31.128+0000] {processor.py:208} INFO - Processing /home/airflow/.local/lib/python3.12/site-packages/airflow/example_dags/example_python_decorator.py took 0.073 seconds
[2025-11-17T11:33:01.548+0000] {processor.py:186} INFO - Started process (PID=8027) to work on /home/airflow/.local/lib/python3.12/site-packages/airflow/example_dags/example_python_decorator.py
[2025-11-17T11:33:01.549+0000] {processor.py:914} INFO - Processing file /home/airflow/.local/lib/python3.12/site-packages/airflow/example_dags/example_python_decorator.py for tasks to queue
[2025-11-17T11:33:01.552+0000] {logging_mixin.py:190} INFO - [2025-11-17T11:33:01.551+0000] {dagbag.py:588} INFO - Filling up the DagBag from /home/airflow/.local/lib/python3.12/site-packages/airflow/example_dags/example_python_decorator.py
[2025-11-17T11:33:01.564+0000] {processor.py:925} INFO - DAG(s) 'example_python_decorator' retrieved from /home/airflow/.local/lib/python3.12/site-packages/airflow/example_dags/example_python_decorator.py
[2025-11-17T11:33:01.579+0000] {logging_mixin.py:190} INFO - [2025-11-17T11:33:01.579+0000] {dag.py:3239} INFO - Sync 1 DAGs
[2025-11-17T11:33:01.589+0000] {logging_mixin.py:190} INFO - [2025-11-17T11:33:01.589+0000] {dag.py:4180} INFO - Setting next_dagrun for example_python_decorator to None, run_after=None
[2025-11-17T11:33:01.603+0000] {processor.py:208} INFO - Processing /home/airflow/.local/lib/python3.12/site-packages/airflow/example_dags/example_python_decorator.py took 0.061 seconds
[2025-11-17T11:33:32.811+0000] {processor.py:186} INFO - Started process (PID=8092) to work on /home/airflow/.local/lib/python3.12/site-packages/airflow/example_dags/example_python_decorator.py
[2025-11-17T11:33:32.812+0000] {processor.py:914} INFO - Processing file /home/airflow/.local/lib/python3.12/site-packages/airflow/example_dags/example_python_decorator.py for tasks to queue
[2025-11-17T11:33:32.814+0000] {logging_mixin.py:190} INFO - [2025-11-17T11:33:32.814+0000] {dagbag.py:588} INFO - Filling up the DagBag from /home/airflow/.local/lib/python3.12/site-packages/airflow/example_dags/example_python_decorator.py
[2025-11-17T11:33:32.827+0000] {processor.py:925} INFO - DAG(s) 'example_python_decorator' retrieved from /home/airflow/.local/lib/python3.12/site-packages/airflow/example_dags/example_python_decorator.py
[2025-11-17T11:33:32.844+0000] {logging_mixin.py:190} INFO - [2025-11-17T11:33:32.843+0000] {dag.py:3239} INFO - Sync 1 DAGs
[2025-11-17T11:33:32.854+0000] {logging_mixin.py:190} INFO - [2025-11-17T11:33:32.853+0000] {dag.py:4180} INFO - Setting next_dagrun for example_python_decorator to None, run_after=None
[2025-11-17T11:33:32.869+0000] {processor.py:208} INFO - Processing /home/airflow/.local/lib/python3.12/site-packages/airflow/example_dags/example_python_decorator.py took 0.065 seconds
[2025-11-17T11:35:02.441+0000] {processor.py:186} INFO - Started process (PID=115) to work on /home/airflow/.local/lib/python3.12/site-packages/airflow/example_dags/example_python_decorator.py
[2025-11-17T11:35:02.442+0000] {processor.py:914} INFO - Processing file /home/airflow/.local/lib/python3.12/site-packages/airflow/example_dags/example_python_decorator.py for tasks to queue
[2025-11-17T11:35:02.444+0000] {logging_mixin.py:190} INFO - [2025-11-17T11:35:02.443+0000] {dagbag.py:588} INFO - Filling up the DagBag from /home/airflow/.local/lib/python3.12/site-packages/airflow/example_dags/example_python_decorator.py
[2025-11-17T11:35:02.455+0000] {processor.py:925} INFO - DAG(s) 'example_python_decorator' retrieved from /home/airflow/.local/lib/python3.12/site-packages/airflow/example_dags/example_python_decorator.py
[2025-11-17T11:35:02.525+0000] {logging_mixin.py:190} INFO - [2025-11-17T11:35:02.525+0000] {dag.py:3239} INFO - Sync 1 DAGs
[2025-11-17T11:35:02.533+0000] {logging_mixin.py:190} INFO - [2025-11-17T11:35:02.533+0000] {dag.py:4180} INFO - Setting next_dagrun for example_python_decorator to None, run_after=None
[2025-11-17T11:35:02.546+0000] {processor.py:208} INFO - Processing /home/airflow/.local/lib/python3.12/site-packages/airflow/example_dags/example_python_decorator.py took 0.109 seconds
[2025-11-17T11:35:32.785+0000] {processor.py:186} INFO - Started process (PID=187) to work on /home/airflow/.local/lib/python3.12/site-packages/airflow/example_dags/example_python_decorator.py
[2025-11-17T11:35:32.786+0000] {processor.py:914} INFO - Processing file /home/airflow/.local/lib/python3.12/site-packages/airflow/example_dags/example_python_decorator.py for tasks to queue
[2025-11-17T11:35:32.789+0000] {logging_mixin.py:190} INFO - [2025-11-17T11:35:32.788+0000] {dagbag.py:588} INFO - Filling up the DagBag from /home/airflow/.local/lib/python3.12/site-packages/airflow/example_dags/example_python_decorator.py
[2025-11-17T11:35:32.800+0000] {processor.py:925} INFO - DAG(s) 'example_python_decorator' retrieved from /home/airflow/.local/lib/python3.12/site-packages/airflow/example_dags/example_python_decorator.py
[2025-11-17T11:35:32.815+0000] {logging_mixin.py:190} INFO - [2025-11-17T11:35:32.814+0000] {dag.py:3239} INFO - Sync 1 DAGs
[2025-11-17T11:35:32.824+0000] {logging_mixin.py:190} INFO - [2025-11-17T11:35:32.824+0000] {dag.py:4180} INFO - Setting next_dagrun for example_python_decorator to None, run_after=None
[2025-11-17T11:35:32.838+0000] {processor.py:208} INFO - Processing /home/airflow/.local/lib/python3.12/site-packages/airflow/example_dags/example_python_decorator.py took 0.057 seconds
[2025-11-17T11:36:03.079+0000] {processor.py:186} INFO - Started process (PID=253) to work on /home/airflow/.local/lib/python3.12/site-packages/airflow/example_dags/example_python_decorator.py
[2025-11-17T11:36:03.080+0000] {processor.py:914} INFO - Processing file /home/airflow/.local/lib/python3.12/site-packages/airflow/example_dags/example_python_decorator.py for tasks to queue
[2025-11-17T11:36:03.083+0000] {logging_mixin.py:190} INFO - [2025-11-17T11:36:03.083+0000] {dagbag.py:588} INFO - Filling up the DagBag from /home/airflow/.local/lib/python3.12/site-packages/airflow/example_dags/example_python_decorator.py
[2025-11-17T11:36:03.099+0000] {processor.py:925} INFO - DAG(s) 'example_python_decorator' retrieved from /home/airflow/.local/lib/python3.12/site-packages/airflow/example_dags/example_python_decorator.py
[2025-11-17T11:36:03.120+0000] {logging_mixin.py:190} INFO - [2025-11-17T11:36:03.120+0000] {dag.py:3239} INFO - Sync 1 DAGs
[2025-11-17T11:36:03.134+0000] {logging_mixin.py:190} INFO - [2025-11-17T11:36:03.133+0000] {dag.py:4180} INFO - Setting next_dagrun for example_python_decorator to None, run_after=None
[2025-11-17T11:36:03.157+0000] {processor.py:208} INFO - Processing /home/airflow/.local/lib/python3.12/site-packages/airflow/example_dags/example_python_decorator.py took 0.085 seconds
[2025-11-17T11:36:34.367+0000] {processor.py:186} INFO - Started process (PID=318) to work on /home/airflow/.local/lib/python3.12/site-packages/airflow/example_dags/example_python_decorator.py
[2025-11-17T11:36:34.369+0000] {processor.py:914} INFO - Processing file /home/airflow/.local/lib/python3.12/site-packages/airflow/example_dags/example_python_decorator.py for tasks to queue
[2025-11-17T11:36:34.371+0000] {logging_mixin.py:190} INFO - [2025-11-17T11:36:34.371+0000] {dagbag.py:588} INFO - Filling up the DagBag from /home/airflow/.local/lib/python3.12/site-packages/airflow/example_dags/example_python_decorator.py
[2025-11-17T11:36:34.383+0000] {processor.py:925} INFO - DAG(s) 'example_python_decorator' retrieved from /home/airflow/.local/lib/python3.12/site-packages/airflow/example_dags/example_python_decorator.py
[2025-11-17T11:36:34.403+0000] {logging_mixin.py:190} INFO - [2025-11-17T11:36:34.403+0000] {dag.py:3239} INFO - Sync 1 DAGs
[2025-11-17T11:36:34.416+0000] {logging_mixin.py:190} INFO - [2025-11-17T11:36:34.416+0000] {dag.py:4180} INFO - Setting next_dagrun for example_python_decorator to None, run_after=None
[2025-11-17T11:36:34.433+0000] {processor.py:208} INFO - Processing /home/airflow/.local/lib/python3.12/site-packages/airflow/example_dags/example_python_decorator.py took 0.070 seconds
[2025-11-17T11:37:04.893+0000] {processor.py:186} INFO - Started process (PID=383) to work on /home/airflow/.local/lib/python3.12/site-packages/airflow/example_dags/example_python_decorator.py
[2025-11-17T11:37:04.894+0000] {processor.py:914} INFO - Processing file /home/airflow/.local/lib/python3.12/site-packages/airflow/example_dags/example_python_decorator.py for tasks to queue
[2025-11-17T11:37:04.896+0000] {logging_mixin.py:190} INFO - [2025-11-17T11:37:04.896+0000] {dagbag.py:588} INFO - Filling up the DagBag from /home/airflow/.local/lib/python3.12/site-packages/airflow/example_dags/example_python_decorator.py
[2025-11-17T11:37:04.907+0000] {processor.py:925} INFO - DAG(s) 'example_python_decorator' retrieved from /home/airflow/.local/lib/python3.12/site-packages/airflow/example_dags/example_python_decorator.py
[2025-11-17T11:37:04.924+0000] {logging_mixin.py:190} INFO - [2025-11-17T11:37:04.923+0000] {dag.py:3239} INFO - Sync 1 DAGs
[2025-11-17T11:37:04.934+0000] {logging_mixin.py:190} INFO - [2025-11-17T11:37:04.934+0000] {dag.py:4180} INFO - Setting next_dagrun for example_python_decorator to None, run_after=None
[2025-11-17T11:37:04.948+0000] {processor.py:208} INFO - Processing /home/airflow/.local/lib/python3.12/site-packages/airflow/example_dags/example_python_decorator.py took 0.060 seconds
[2025-11-17T11:37:35.835+0000] {processor.py:186} INFO - Started process (PID=448) to work on /home/airflow/.local/lib/python3.12/site-packages/airflow/example_dags/example_python_decorator.py
[2025-11-17T11:37:35.836+0000] {processor.py:914} INFO - Processing file /home/airflow/.local/lib/python3.12/site-packages/airflow/example_dags/example_python_decorator.py for tasks to queue
[2025-11-17T11:37:35.839+0000] {logging_mixin.py:190} INFO - [2025-11-17T11:37:35.838+0000] {dagbag.py:588} INFO - Filling up the DagBag from /home/airflow/.local/lib/python3.12/site-packages/airflow/example_dags/example_python_decorator.py
[2025-11-17T11:37:35.852+0000] {processor.py:925} INFO - DAG(s) 'example_python_decorator' retrieved from /home/airflow/.local/lib/python3.12/site-packages/airflow/example_dags/example_python_decorator.py
[2025-11-17T11:37:35.869+0000] {logging_mixin.py:190} INFO - [2025-11-17T11:37:35.868+0000] {dag.py:3239} INFO - Sync 1 DAGs
[2025-11-17T11:37:35.879+0000] {logging_mixin.py:190} INFO - [2025-11-17T11:37:35.878+0000] {dag.py:4180} INFO - Setting next_dagrun for example_python_decorator to None, run_after=None
[2025-11-17T11:37:35.892+0000] {processor.py:208} INFO - Processing /home/airflow/.local/lib/python3.12/site-packages/airflow/example_dags/example_python_decorator.py took 0.062 seconds
[2025-11-17T11:38:05.995+0000] {processor.py:186} INFO - Started process (PID=512) to work on /home/airflow/.local/lib/python3.12/site-packages/airflow/example_dags/example_python_decorator.py
[2025-11-17T11:38:05.996+0000] {processor.py:914} INFO - Processing file /home/airflow/.local/lib/python3.12/site-packages/airflow/example_dags/example_python_decorator.py for tasks to queue
[2025-11-17T11:38:05.998+0000] {logging_mixin.py:190} INFO - [2025-11-17T11:38:05.998+0000] {dagbag.py:588} INFO - Filling up the DagBag from /home/airflow/.local/lib/python3.12/site-packages/airflow/example_dags/example_python_decorator.py
[2025-11-17T11:38:06.009+0000] {processor.py:925} INFO - DAG(s) 'example_python_decorator' retrieved from /home/airflow/.local/lib/python3.12/site-packages/airflow/example_dags/example_python_decorator.py
[2025-11-17T11:38:06.026+0000] {logging_mixin.py:190} INFO - [2025-11-17T11:38:06.026+0000] {dag.py:3239} INFO - Sync 1 DAGs
[2025-11-17T11:38:06.036+0000] {logging_mixin.py:190} INFO - [2025-11-17T11:38:06.036+0000] {dag.py:4180} INFO - Setting next_dagrun for example_python_decorator to None, run_after=None
[2025-11-17T11:38:06.050+0000] {processor.py:208} INFO - Processing /home/airflow/.local/lib/python3.12/site-packages/airflow/example_dags/example_python_decorator.py took 0.059 seconds
[2025-11-17T11:38:36.963+0000] {processor.py:186} INFO - Started process (PID=578) to work on /home/airflow/.local/lib/python3.12/site-packages/airflow/example_dags/example_python_decorator.py
[2025-11-17T11:38:36.964+0000] {processor.py:914} INFO - Processing file /home/airflow/.local/lib/python3.12/site-packages/airflow/example_dags/example_python_decorator.py for tasks to queue
[2025-11-17T11:38:36.967+0000] {logging_mixin.py:190} INFO - [2025-11-17T11:38:36.966+0000] {dagbag.py:588} INFO - Filling up the DagBag from /home/airflow/.local/lib/python3.12/site-packages/airflow/example_dags/example_python_decorator.py
[2025-11-17T11:38:36.978+0000] {processor.py:925} INFO - DAG(s) 'example_python_decorator' retrieved from /home/airflow/.local/lib/python3.12/site-packages/airflow/example_dags/example_python_decorator.py
[2025-11-17T11:38:36.994+0000] {logging_mixin.py:190} INFO - [2025-11-17T11:38:36.994+0000] {dag.py:3239} INFO - Sync 1 DAGs
[2025-11-17T11:38:37.005+0000] {logging_mixin.py:190} INFO - [2025-11-17T11:38:37.005+0000] {dag.py:4180} INFO - Setting next_dagrun for example_python_decorator to None, run_after=None
[2025-11-17T11:38:37.019+0000] {processor.py:208} INFO - Processing /home/airflow/.local/lib/python3.12/site-packages/airflow/example_dags/example_python_decorator.py took 0.061 seconds
[2025-11-17T11:39:07.814+0000] {processor.py:186} INFO - Started process (PID=643) to work on /home/airflow/.local/lib/python3.12/site-packages/airflow/example_dags/example_python_decorator.py
[2025-11-17T11:39:07.815+0000] {processor.py:914} INFO - Processing file /home/airflow/.local/lib/python3.12/site-packages/airflow/example_dags/example_python_decorator.py for tasks to queue
[2025-11-17T11:39:07.817+0000] {logging_mixin.py:190} INFO - [2025-11-17T11:39:07.817+0000] {dagbag.py:588} INFO - Filling up the DagBag from /home/airflow/.local/lib/python3.12/site-packages/airflow/example_dags/example_python_decorator.py
[2025-11-17T11:39:07.828+0000] {processor.py:925} INFO - DAG(s) 'example_python_decorator' retrieved from /home/airflow/.local/lib/python3.12/site-packages/airflow/example_dags/example_python_decorator.py
[2025-11-17T11:39:07.843+0000] {logging_mixin.py:190} INFO - [2025-11-17T11:39:07.843+0000] {dag.py:3239} INFO - Sync 1 DAGs
[2025-11-17T11:39:07.854+0000] {logging_mixin.py:190} INFO - [2025-11-17T11:39:07.853+0000] {dag.py:4180} INFO - Setting next_dagrun for example_python_decorator to None, run_after=None
[2025-11-17T11:39:07.868+0000] {processor.py:208} INFO - Processing /home/airflow/.local/lib/python3.12/site-packages/airflow/example_dags/example_python_decorator.py took 0.058 seconds
[2025-11-17T11:39:38.903+0000] {processor.py:186} INFO - Started process (PID=708) to work on /home/airflow/.local/lib/python3.12/site-packages/airflow/example_dags/example_python_decorator.py
[2025-11-17T11:39:38.904+0000] {processor.py:914} INFO - Processing file /home/airflow/.local/lib/python3.12/site-packages/airflow/example_dags/example_python_decorator.py for tasks to queue
[2025-11-17T11:39:38.907+0000] {logging_mixin.py:190} INFO - [2025-11-17T11:39:38.906+0000] {dagbag.py:588} INFO - Filling up the DagBag from /home/airflow/.local/lib/python3.12/site-packages/airflow/example_dags/example_python_decorator.py
[2025-11-17T11:39:38.919+0000] {processor.py:925} INFO - DAG(s) 'example_python_decorator' retrieved from /home/airflow/.local/lib/python3.12/site-packages/airflow/example_dags/example_python_decorator.py
[2025-11-17T11:39:38.935+0000] {logging_mixin.py:190} INFO - [2025-11-17T11:39:38.935+0000] {dag.py:3239} INFO - Sync 1 DAGs
[2025-11-17T11:39:38.946+0000] {logging_mixin.py:190} INFO - [2025-11-17T11:39:38.945+0000] {dag.py:4180} INFO - Setting next_dagrun for example_python_decorator to None, run_after=None
[2025-11-17T11:39:38.961+0000] {processor.py:208} INFO - Processing /home/airflow/.local/lib/python3.12/site-packages/airflow/example_dags/example_python_decorator.py took 0.062 seconds
[2025-11-17T11:40:10.399+0000] {processor.py:186} INFO - Started process (PID=773) to work on /home/airflow/.local/lib/python3.12/site-packages/airflow/example_dags/example_python_decorator.py
[2025-11-17T11:40:10.400+0000] {processor.py:914} INFO - Processing file /home/airflow/.local/lib/python3.12/site-packages/airflow/example_dags/example_python_decorator.py for tasks to queue
[2025-11-17T11:40:10.402+0000] {logging_mixin.py:190} INFO - [2025-11-17T11:40:10.402+0000] {dagbag.py:588} INFO - Filling up the DagBag from /home/airflow/.local/lib/python3.12/site-packages/airflow/example_dags/example_python_decorator.py
[2025-11-17T11:40:10.413+0000] {processor.py:925} INFO - DAG(s) 'example_python_decorator' retrieved from /home/airflow/.local/lib/python3.12/site-packages/airflow/example_dags/example_python_decorator.py
[2025-11-17T11:40:10.428+0000] {logging_mixin.py:190} INFO - [2025-11-17T11:40:10.427+0000] {dag.py:3239} INFO - Sync 1 DAGs
[2025-11-17T11:40:10.437+0000] {logging_mixin.py:190} INFO - [2025-11-17T11:40:10.437+0000] {dag.py:4180} INFO - Setting next_dagrun for example_python_decorator to None, run_after=None
[2025-11-17T11:40:10.451+0000] {processor.py:208} INFO - Processing /home/airflow/.local/lib/python3.12/site-packages/airflow/example_dags/example_python_decorator.py took 0.056 seconds
[2025-11-17T11:40:41.456+0000] {processor.py:186} INFO - Started process (PID=844) to work on /home/airflow/.local/lib/python3.12/site-packages/airflow/example_dags/example_python_decorator.py
[2025-11-17T11:40:41.457+0000] {processor.py:914} INFO - Processing file /home/airflow/.local/lib/python3.12/site-packages/airflow/example_dags/example_python_decorator.py for tasks to queue
[2025-11-17T11:40:41.459+0000] {logging_mixin.py:190} INFO - [2025-11-17T11:40:41.459+0000] {dagbag.py:588} INFO - Filling up the DagBag from /home/airflow/.local/lib/python3.12/site-packages/airflow/example_dags/example_python_decorator.py
[2025-11-17T11:40:41.471+0000] {processor.py:925} INFO - DAG(s) 'example_python_decorator' retrieved from /home/airflow/.local/lib/python3.12/site-packages/airflow/example_dags/example_python_decorator.py
[2025-11-17T11:40:41.486+0000] {logging_mixin.py:190} INFO - [2025-11-17T11:40:41.486+0000] {dag.py:3239} INFO - Sync 1 DAGs
[2025-11-17T11:40:41.496+0000] {logging_mixin.py:190} INFO - [2025-11-17T11:40:41.496+0000] {dag.py:4180} INFO - Setting next_dagrun for example_python_decorator to None, run_after=None
[2025-11-17T11:40:41.511+0000] {processor.py:208} INFO - Processing /home/airflow/.local/lib/python3.12/site-packages/airflow/example_dags/example_python_decorator.py took 0.060 seconds
[2025-11-17T11:41:11.955+0000] {processor.py:186} INFO - Started process (PID=909) to work on /home/airflow/.local/lib/python3.12/site-packages/airflow/example_dags/example_python_decorator.py
[2025-11-17T11:41:11.956+0000] {processor.py:914} INFO - Processing file /home/airflow/.local/lib/python3.12/site-packages/airflow/example_dags/example_python_decorator.py for tasks to queue
[2025-11-17T11:41:11.959+0000] {logging_mixin.py:190} INFO - [2025-11-17T11:41:11.958+0000] {dagbag.py:588} INFO - Filling up the DagBag from /home/airflow/.local/lib/python3.12/site-packages/airflow/example_dags/example_python_decorator.py
[2025-11-17T11:41:11.969+0000] {processor.py:925} INFO - DAG(s) 'example_python_decorator' retrieved from /home/airflow/.local/lib/python3.12/site-packages/airflow/example_dags/example_python_decorator.py
[2025-11-17T11:41:11.984+0000] {logging_mixin.py:190} INFO - [2025-11-17T11:41:11.984+0000] {dag.py:3239} INFO - Sync 1 DAGs
[2025-11-17T11:41:11.995+0000] {logging_mixin.py:190} INFO - [2025-11-17T11:41:11.994+0000] {dag.py:4180} INFO - Setting next_dagrun for example_python_decorator to None, run_after=None
[2025-11-17T11:41:12.007+0000] {processor.py:208} INFO - Processing /home/airflow/.local/lib/python3.12/site-packages/airflow/example_dags/example_python_decorator.py took 0.057 seconds
[2025-11-17T11:41:43.130+0000] {processor.py:186} INFO - Started process (PID=974) to work on /home/airflow/.local/lib/python3.12/site-packages/airflow/example_dags/example_python_decorator.py
[2025-11-17T11:41:43.131+0000] {processor.py:914} INFO - Processing file /home/airflow/.local/lib/python3.12/site-packages/airflow/example_dags/example_python_decorator.py for tasks to queue
[2025-11-17T11:41:43.133+0000] {logging_mixin.py:190} INFO - [2025-11-17T11:41:43.132+0000] {dagbag.py:588} INFO - Filling up the DagBag from /home/airflow/.local/lib/python3.12/site-packages/airflow/example_dags/example_python_decorator.py
[2025-11-17T11:41:43.144+0000] {processor.py:925} INFO - DAG(s) 'example_python_decorator' retrieved from /home/airflow/.local/lib/python3.12/site-packages/airflow/example_dags/example_python_decorator.py
[2025-11-17T11:41:43.167+0000] {logging_mixin.py:190} INFO - [2025-11-17T11:41:43.167+0000] {dag.py:3239} INFO - Sync 1 DAGs
[2025-11-17T11:41:43.180+0000] {logging_mixin.py:190} INFO - [2025-11-17T11:41:43.180+0000] {dag.py:4180} INFO - Setting next_dagrun for example_python_decorator to None, run_after=None
[2025-11-17T11:41:43.195+0000] {processor.py:208} INFO - Processing /home/airflow/.local/lib/python3.12/site-packages/airflow/example_dags/example_python_decorator.py took 0.069 seconds
[2025-11-17T11:42:13.975+0000] {processor.py:186} INFO - Started process (PID=1039) to work on /home/airflow/.local/lib/python3.12/site-packages/airflow/example_dags/example_python_decorator.py
[2025-11-17T11:42:13.976+0000] {processor.py:914} INFO - Processing file /home/airflow/.local/lib/python3.12/site-packages/airflow/example_dags/example_python_decorator.py for tasks to queue
[2025-11-17T11:42:13.979+0000] {logging_mixin.py:190} INFO - [2025-11-17T11:42:13.979+0000] {dagbag.py:588} INFO - Filling up the DagBag from /home/airflow/.local/lib/python3.12/site-packages/airflow/example_dags/example_python_decorator.py
[2025-11-17T11:42:13.992+0000] {processor.py:925} INFO - DAG(s) 'example_python_decorator' retrieved from /home/airflow/.local/lib/python3.12/site-packages/airflow/example_dags/example_python_decorator.py
[2025-11-17T11:42:14.009+0000] {logging_mixin.py:190} INFO - [2025-11-17T11:42:14.009+0000] {dag.py:3239} INFO - Sync 1 DAGs
[2025-11-17T11:42:14.021+0000] {logging_mixin.py:190} INFO - [2025-11-17T11:42:14.020+0000] {dag.py:4180} INFO - Setting next_dagrun for example_python_decorator to None, run_after=None
[2025-11-17T11:42:14.035+0000] {processor.py:208} INFO - Processing /home/airflow/.local/lib/python3.12/site-packages/airflow/example_dags/example_python_decorator.py took 0.066 seconds
[2025-11-17T11:42:44.794+0000] {processor.py:186} INFO - Started process (PID=1104) to work on /home/airflow/.local/lib/python3.12/site-packages/airflow/example_dags/example_python_decorator.py
[2025-11-17T11:42:44.796+0000] {processor.py:914} INFO - Processing file /home/airflow/.local/lib/python3.12/site-packages/airflow/example_dags/example_python_decorator.py for tasks to queue
[2025-11-17T11:42:44.798+0000] {logging_mixin.py:190} INFO - [2025-11-17T11:42:44.798+0000] {dagbag.py:588} INFO - Filling up the DagBag from /home/airflow/.local/lib/python3.12/site-packages/airflow/example_dags/example_python_decorator.py
[2025-11-17T11:42:44.809+0000] {processor.py:925} INFO - DAG(s) 'example_python_decorator' retrieved from /home/airflow/.local/lib/python3.12/site-packages/airflow/example_dags/example_python_decorator.py
[2025-11-17T11:42:44.826+0000] {logging_mixin.py:190} INFO - [2025-11-17T11:42:44.825+0000] {dag.py:3239} INFO - Sync 1 DAGs
[2025-11-17T11:42:44.836+0000] {logging_mixin.py:190} INFO - [2025-11-17T11:42:44.836+0000] {dag.py:4180} INFO - Setting next_dagrun for example_python_decorator to None, run_after=None
[2025-11-17T11:42:44.850+0000] {processor.py:208} INFO - Processing /home/airflow/.local/lib/python3.12/site-packages/airflow/example_dags/example_python_decorator.py took 0.061 seconds
[2025-11-17T11:43:16.108+0000] {processor.py:186} INFO - Started process (PID=1170) to work on /home/airflow/.local/lib/python3.12/site-packages/airflow/example_dags/example_python_decorator.py
[2025-11-17T11:43:16.109+0000] {processor.py:914} INFO - Processing file /home/airflow/.local/lib/python3.12/site-packages/airflow/example_dags/example_python_decorator.py for tasks to queue
[2025-11-17T11:43:16.112+0000] {logging_mixin.py:190} INFO - [2025-11-17T11:43:16.111+0000] {dagbag.py:588} INFO - Filling up the DagBag from /home/airflow/.local/lib/python3.12/site-packages/airflow/example_dags/example_python_decorator.py
[2025-11-17T11:43:16.123+0000] {processor.py:925} INFO - DAG(s) 'example_python_decorator' retrieved from /home/airflow/.local/lib/python3.12/site-packages/airflow/example_dags/example_python_decorator.py
[2025-11-17T11:43:16.138+0000] {logging_mixin.py:190} INFO - [2025-11-17T11:43:16.138+0000] {dag.py:3239} INFO - Sync 1 DAGs
[2025-11-17T11:43:16.149+0000] {logging_mixin.py:190} INFO - [2025-11-17T11:43:16.149+0000] {dag.py:4180} INFO - Setting next_dagrun for example_python_decorator to None, run_after=None
[2025-11-17T11:43:16.162+0000] {processor.py:208} INFO - Processing /home/airflow/.local/lib/python3.12/site-packages/airflow/example_dags/example_python_decorator.py took 0.059 seconds
[2025-11-17T11:43:47.200+0000] {processor.py:186} INFO - Started process (PID=1235) to work on /home/airflow/.local/lib/python3.12/site-packages/airflow/example_dags/example_python_decorator.py
[2025-11-17T11:43:47.201+0000] {processor.py:914} INFO - Processing file /home/airflow/.local/lib/python3.12/site-packages/airflow/example_dags/example_python_decorator.py for tasks to queue
[2025-11-17T11:43:47.203+0000] {logging_mixin.py:190} INFO - [2025-11-17T11:43:47.203+0000] {dagbag.py:588} INFO - Filling up the DagBag from /home/airflow/.local/lib/python3.12/site-packages/airflow/example_dags/example_python_decorator.py
[2025-11-17T11:43:47.215+0000] {processor.py:925} INFO - DAG(s) 'example_python_decorator' retrieved from /home/airflow/.local/lib/python3.12/site-packages/airflow/example_dags/example_python_decorator.py
[2025-11-17T11:43:47.231+0000] {logging_mixin.py:190} INFO - [2025-11-17T11:43:47.231+0000] {dag.py:3239} INFO - Sync 1 DAGs
[2025-11-17T11:43:47.242+0000] {logging_mixin.py:190} INFO - [2025-11-17T11:43:47.241+0000] {dag.py:4180} INFO - Setting next_dagrun for example_python_decorator to None, run_after=None
[2025-11-17T11:43:47.255+0000] {processor.py:208} INFO - Processing /home/airflow/.local/lib/python3.12/site-packages/airflow/example_dags/example_python_decorator.py took 0.059 seconds
[2025-11-17T11:44:18.843+0000] {processor.py:186} INFO - Started process (PID=1299) to work on /home/airflow/.local/lib/python3.12/site-packages/airflow/example_dags/example_python_decorator.py
[2025-11-17T11:44:18.844+0000] {processor.py:914} INFO - Processing file /home/airflow/.local/lib/python3.12/site-packages/airflow/example_dags/example_python_decorator.py for tasks to queue
[2025-11-17T11:44:18.846+0000] {logging_mixin.py:190} INFO - [2025-11-17T11:44:18.846+0000] {dagbag.py:588} INFO - Filling up the DagBag from /home/airflow/.local/lib/python3.12/site-packages/airflow/example_dags/example_python_decorator.py
[2025-11-17T11:44:18.858+0000] {processor.py:925} INFO - DAG(s) 'example_python_decorator' retrieved from /home/airflow/.local/lib/python3.12/site-packages/airflow/example_dags/example_python_decorator.py
[2025-11-17T11:44:18.875+0000] {logging_mixin.py:190} INFO - [2025-11-17T11:44:18.875+0000] {dag.py:3239} INFO - Sync 1 DAGs
[2025-11-17T11:44:18.887+0000] {logging_mixin.py:190} INFO - [2025-11-17T11:44:18.886+0000] {dag.py:4180} INFO - Setting next_dagrun for example_python_decorator to None, run_after=None
[2025-11-17T11:44:18.902+0000] {processor.py:208} INFO - Processing /home/airflow/.local/lib/python3.12/site-packages/airflow/example_dags/example_python_decorator.py took 0.063 seconds
[2025-11-17T11:44:50.428+0000] {processor.py:186} INFO - Started process (PID=1366) to work on /home/airflow/.local/lib/python3.12/site-packages/airflow/example_dags/example_python_decorator.py
[2025-11-17T11:44:50.429+0000] {processor.py:914} INFO - Processing file /home/airflow/.local/lib/python3.12/site-packages/airflow/example_dags/example_python_decorator.py for tasks to queue
[2025-11-17T11:44:50.432+0000] {logging_mixin.py:190} INFO - [2025-11-17T11:44:50.431+0000] {dagbag.py:588} INFO - Filling up the DagBag from /home/airflow/.local/lib/python3.12/site-packages/airflow/example_dags/example_python_decorator.py
[2025-11-17T11:44:50.444+0000] {processor.py:925} INFO - DAG(s) 'example_python_decorator' retrieved from /home/airflow/.local/lib/python3.12/site-packages/airflow/example_dags/example_python_decorator.py
[2025-11-17T11:44:50.460+0000] {logging_mixin.py:190} INFO - [2025-11-17T11:44:50.460+0000] {dag.py:3239} INFO - Sync 1 DAGs
[2025-11-17T11:44:50.471+0000] {logging_mixin.py:190} INFO - [2025-11-17T11:44:50.470+0000] {dag.py:4180} INFO - Setting next_dagrun for example_python_decorator to None, run_after=None
[2025-11-17T11:44:50.487+0000] {processor.py:208} INFO - Processing /home/airflow/.local/lib/python3.12/site-packages/airflow/example_dags/example_python_decorator.py took 0.063 seconds
[2025-11-17T11:45:20.967+0000] {processor.py:186} INFO - Started process (PID=1466) to work on /home/airflow/.local/lib/python3.12/site-packages/airflow/example_dags/example_python_decorator.py
[2025-11-17T11:45:20.968+0000] {processor.py:914} INFO - Processing file /home/airflow/.local/lib/python3.12/site-packages/airflow/example_dags/example_python_decorator.py for tasks to queue
[2025-11-17T11:45:20.970+0000] {logging_mixin.py:190} INFO - [2025-11-17T11:45:20.970+0000] {dagbag.py:588} INFO - Filling up the DagBag from /home/airflow/.local/lib/python3.12/site-packages/airflow/example_dags/example_python_decorator.py
[2025-11-17T11:45:20.981+0000] {processor.py:925} INFO - DAG(s) 'example_python_decorator' retrieved from /home/airflow/.local/lib/python3.12/site-packages/airflow/example_dags/example_python_decorator.py
[2025-11-17T11:45:20.999+0000] {logging_mixin.py:190} INFO - [2025-11-17T11:45:20.999+0000] {dag.py:3239} INFO - Sync 1 DAGs
[2025-11-17T11:45:21.009+0000] {logging_mixin.py:190} INFO - [2025-11-17T11:45:21.009+0000] {dag.py:4180} INFO - Setting next_dagrun for example_python_decorator to None, run_after=None
[2025-11-17T11:45:21.024+0000] {processor.py:208} INFO - Processing /home/airflow/.local/lib/python3.12/site-packages/airflow/example_dags/example_python_decorator.py took 0.062 seconds
[2025-11-17T11:45:52.039+0000] {processor.py:186} INFO - Started process (PID=1531) to work on /home/airflow/.local/lib/python3.12/site-packages/airflow/example_dags/example_python_decorator.py
[2025-11-17T11:45:52.041+0000] {processor.py:914} INFO - Processing file /home/airflow/.local/lib/python3.12/site-packages/airflow/example_dags/example_python_decorator.py for tasks to queue
[2025-11-17T11:45:52.043+0000] {logging_mixin.py:190} INFO - [2025-11-17T11:45:52.043+0000] {dagbag.py:588} INFO - Filling up the DagBag from /home/airflow/.local/lib/python3.12/site-packages/airflow/example_dags/example_python_decorator.py
[2025-11-17T11:45:52.066+0000] {processor.py:925} INFO - DAG(s) 'example_python_decorator' retrieved from /home/airflow/.local/lib/python3.12/site-packages/airflow/example_dags/example_python_decorator.py
[2025-11-17T11:45:52.084+0000] {logging_mixin.py:190} INFO - [2025-11-17T11:45:52.084+0000] {dag.py:3239} INFO - Sync 1 DAGs
[2025-11-17T11:45:52.096+0000] {logging_mixin.py:190} INFO - [2025-11-17T11:45:52.096+0000] {dag.py:4180} INFO - Setting next_dagrun for example_python_decorator to None, run_after=None
[2025-11-17T11:45:52.111+0000] {processor.py:208} INFO - Processing /home/airflow/.local/lib/python3.12/site-packages/airflow/example_dags/example_python_decorator.py took 0.077 seconds
[2025-11-17T11:46:22.758+0000] {processor.py:186} INFO - Started process (PID=1596) to work on /home/airflow/.local/lib/python3.12/site-packages/airflow/example_dags/example_python_decorator.py
[2025-11-17T11:46:22.759+0000] {processor.py:914} INFO - Processing file /home/airflow/.local/lib/python3.12/site-packages/airflow/example_dags/example_python_decorator.py for tasks to queue
[2025-11-17T11:46:22.762+0000] {logging_mixin.py:190} INFO - [2025-11-17T11:46:22.761+0000] {dagbag.py:588} INFO - Filling up the DagBag from /home/airflow/.local/lib/python3.12/site-packages/airflow/example_dags/example_python_decorator.py
[2025-11-17T11:46:22.772+0000] {processor.py:925} INFO - DAG(s) 'example_python_decorator' retrieved from /home/airflow/.local/lib/python3.12/site-packages/airflow/example_dags/example_python_decorator.py
[2025-11-17T11:46:22.788+0000] {logging_mixin.py:190} INFO - [2025-11-17T11:46:22.788+0000] {dag.py:3239} INFO - Sync 1 DAGs
[2025-11-17T11:46:22.799+0000] {logging_mixin.py:190} INFO - [2025-11-17T11:46:22.799+0000] {dag.py:4180} INFO - Setting next_dagrun for example_python_decorator to None, run_after=None
[2025-11-17T11:46:22.813+0000] {processor.py:208} INFO - Processing /home/airflow/.local/lib/python3.12/site-packages/airflow/example_dags/example_python_decorator.py took 0.059 seconds
[2025-11-17T11:46:54.110+0000] {processor.py:186} INFO - Started process (PID=1661) to work on /home/airflow/.local/lib/python3.12/site-packages/airflow/example_dags/example_python_decorator.py
[2025-11-17T11:46:54.111+0000] {processor.py:914} INFO - Processing file /home/airflow/.local/lib/python3.12/site-packages/airflow/example_dags/example_python_decorator.py for tasks to queue
[2025-11-17T11:46:54.113+0000] {logging_mixin.py:190} INFO - [2025-11-17T11:46:54.113+0000] {dagbag.py:588} INFO - Filling up the DagBag from /home/airflow/.local/lib/python3.12/site-packages/airflow/example_dags/example_python_decorator.py
[2025-11-17T11:46:54.125+0000] {processor.py:925} INFO - DAG(s) 'example_python_decorator' retrieved from /home/airflow/.local/lib/python3.12/site-packages/airflow/example_dags/example_python_decorator.py
[2025-11-17T11:46:54.141+0000] {logging_mixin.py:190} INFO - [2025-11-17T11:46:54.141+0000] {dag.py:3239} INFO - Sync 1 DAGs
[2025-11-17T11:46:54.151+0000] {logging_mixin.py:190} INFO - [2025-11-17T11:46:54.151+0000] {dag.py:4180} INFO - Setting next_dagrun for example_python_decorator to None, run_after=None
[2025-11-17T11:46:54.164+0000] {processor.py:208} INFO - Processing /home/airflow/.local/lib/python3.12/site-packages/airflow/example_dags/example_python_decorator.py took 0.059 seconds
[2025-11-17T11:47:24.495+0000] {processor.py:186} INFO - Started process (PID=1726) to work on /home/airflow/.local/lib/python3.12/site-packages/airflow/example_dags/example_python_decorator.py
[2025-11-17T11:47:24.496+0000] {processor.py:914} INFO - Processing file /home/airflow/.local/lib/python3.12/site-packages/airflow/example_dags/example_python_decorator.py for tasks to queue
[2025-11-17T11:47:24.498+0000] {logging_mixin.py:190} INFO - [2025-11-17T11:47:24.498+0000] {dagbag.py:588} INFO - Filling up the DagBag from /home/airflow/.local/lib/python3.12/site-packages/airflow/example_dags/example_python_decorator.py
[2025-11-17T11:47:24.510+0000] {processor.py:925} INFO - DAG(s) 'example_python_decorator' retrieved from /home/airflow/.local/lib/python3.12/site-packages/airflow/example_dags/example_python_decorator.py
[2025-11-17T11:47:24.530+0000] {logging_mixin.py:190} INFO - [2025-11-17T11:47:24.529+0000] {dag.py:3239} INFO - Sync 1 DAGs
[2025-11-17T11:47:24.543+0000] {logging_mixin.py:190} INFO - [2025-11-17T11:47:24.543+0000] {dag.py:4180} INFO - Setting next_dagrun for example_python_decorator to None, run_after=None
[2025-11-17T11:47:24.558+0000] {processor.py:208} INFO - Processing /home/airflow/.local/lib/python3.12/site-packages/airflow/example_dags/example_python_decorator.py took 0.068 seconds
[2025-11-17T11:47:56.368+0000] {processor.py:186} INFO - Started process (PID=1791) to work on /home/airflow/.local/lib/python3.12/site-packages/airflow/example_dags/example_python_decorator.py
[2025-11-17T11:47:56.369+0000] {processor.py:914} INFO - Processing file /home/airflow/.local/lib/python3.12/site-packages/airflow/example_dags/example_python_decorator.py for tasks to queue
[2025-11-17T11:47:56.371+0000] {logging_mixin.py:190} INFO - [2025-11-17T11:47:56.371+0000] {dagbag.py:588} INFO - Filling up the DagBag from /home/airflow/.local/lib/python3.12/site-packages/airflow/example_dags/example_python_decorator.py
[2025-11-17T11:47:56.383+0000] {processor.py:925} INFO - DAG(s) 'example_python_decorator' retrieved from /home/airflow/.local/lib/python3.12/site-packages/airflow/example_dags/example_python_decorator.py
[2025-11-17T11:47:56.401+0000] {logging_mixin.py:190} INFO - [2025-11-17T11:47:56.401+0000] {dag.py:3239} INFO - Sync 1 DAGs
[2025-11-17T11:47:56.412+0000] {logging_mixin.py:190} INFO - [2025-11-17T11:47:56.412+0000] {dag.py:4180} INFO - Setting next_dagrun for example_python_decorator to None, run_after=None
[2025-11-17T11:47:56.428+0000] {processor.py:208} INFO - Processing /home/airflow/.local/lib/python3.12/site-packages/airflow/example_dags/example_python_decorator.py took 0.064 seconds
[2025-11-17T11:48:26.687+0000] {processor.py:186} INFO - Started process (PID=1856) to work on /home/airflow/.local/lib/python3.12/site-packages/airflow/example_dags/example_python_decorator.py
[2025-11-17T11:48:26.688+0000] {processor.py:914} INFO - Processing file /home/airflow/.local/lib/python3.12/site-packages/airflow/example_dags/example_python_decorator.py for tasks to queue
[2025-11-17T11:48:26.690+0000] {logging_mixin.py:190} INFO - [2025-11-17T11:48:26.690+0000] {dagbag.py:588} INFO - Filling up the DagBag from /home/airflow/.local/lib/python3.12/site-packages/airflow/example_dags/example_python_decorator.py
[2025-11-17T11:48:26.702+0000] {processor.py:925} INFO - DAG(s) 'example_python_decorator' retrieved from /home/airflow/.local/lib/python3.12/site-packages/airflow/example_dags/example_python_decorator.py
[2025-11-17T11:48:26.717+0000] {logging_mixin.py:190} INFO - [2025-11-17T11:48:26.717+0000] {dag.py:3239} INFO - Sync 1 DAGs
[2025-11-17T11:48:26.727+0000] {logging_mixin.py:190} INFO - [2025-11-17T11:48:26.727+0000] {dag.py:4180} INFO - Setting next_dagrun for example_python_decorator to None, run_after=None
[2025-11-17T11:48:26.740+0000] {processor.py:208} INFO - Processing /home/airflow/.local/lib/python3.12/site-packages/airflow/example_dags/example_python_decorator.py took 0.057 seconds
[2025-11-17T11:48:57.658+0000] {processor.py:186} INFO - Started process (PID=1921) to work on /home/airflow/.local/lib/python3.12/site-packages/airflow/example_dags/example_python_decorator.py
[2025-11-17T11:48:57.659+0000] {processor.py:914} INFO - Processing file /home/airflow/.local/lib/python3.12/site-packages/airflow/example_dags/example_python_decorator.py for tasks to queue
[2025-11-17T11:48:57.661+0000] {logging_mixin.py:190} INFO - [2025-11-17T11:48:57.661+0000] {dagbag.py:588} INFO - Filling up the DagBag from /home/airflow/.local/lib/python3.12/site-packages/airflow/example_dags/example_python_decorator.py
[2025-11-17T11:48:57.674+0000] {processor.py:925} INFO - DAG(s) 'example_python_decorator' retrieved from /home/airflow/.local/lib/python3.12/site-packages/airflow/example_dags/example_python_decorator.py
[2025-11-17T11:48:57.691+0000] {logging_mixin.py:190} INFO - [2025-11-17T11:48:57.691+0000] {dag.py:3239} INFO - Sync 1 DAGs
[2025-11-17T11:48:57.702+0000] {logging_mixin.py:190} INFO - [2025-11-17T11:48:57.702+0000] {dag.py:4180} INFO - Setting next_dagrun for example_python_decorator to None, run_after=None
[2025-11-17T11:48:57.716+0000] {processor.py:208} INFO - Processing /home/airflow/.local/lib/python3.12/site-packages/airflow/example_dags/example_python_decorator.py took 0.063 seconds
[2025-11-17T11:49:28.427+0000] {processor.py:186} INFO - Started process (PID=1986) to work on /home/airflow/.local/lib/python3.12/site-packages/airflow/example_dags/example_python_decorator.py
[2025-11-17T11:49:28.428+0000] {processor.py:914} INFO - Processing file /home/airflow/.local/lib/python3.12/site-packages/airflow/example_dags/example_python_decorator.py for tasks to queue
[2025-11-17T11:49:28.430+0000] {logging_mixin.py:190} INFO - [2025-11-17T11:49:28.430+0000] {dagbag.py:588} INFO - Filling up the DagBag from /home/airflow/.local/lib/python3.12/site-packages/airflow/example_dags/example_python_decorator.py
[2025-11-17T11:49:28.441+0000] {processor.py:925} INFO - DAG(s) 'example_python_decorator' retrieved from /home/airflow/.local/lib/python3.12/site-packages/airflow/example_dags/example_python_decorator.py
[2025-11-17T11:49:28.457+0000] {logging_mixin.py:190} INFO - [2025-11-17T11:49:28.457+0000] {dag.py:3239} INFO - Sync 1 DAGs
[2025-11-17T11:49:28.468+0000] {logging_mixin.py:190} INFO - [2025-11-17T11:49:28.468+0000] {dag.py:4180} INFO - Setting next_dagrun for example_python_decorator to None, run_after=None
[2025-11-17T11:49:28.482+0000] {processor.py:208} INFO - Processing /home/airflow/.local/lib/python3.12/site-packages/airflow/example_dags/example_python_decorator.py took 0.059 seconds
[2025-11-17T11:49:59.119+0000] {processor.py:186} INFO - Started process (PID=2051) to work on /home/airflow/.local/lib/python3.12/site-packages/airflow/example_dags/example_python_decorator.py
[2025-11-17T11:49:59.120+0000] {processor.py:914} INFO - Processing file /home/airflow/.local/lib/python3.12/site-packages/airflow/example_dags/example_python_decorator.py for tasks to queue
[2025-11-17T11:49:59.122+0000] {logging_mixin.py:190} INFO - [2025-11-17T11:49:59.122+0000] {dagbag.py:588} INFO - Filling up the DagBag from /home/airflow/.local/lib/python3.12/site-packages/airflow/example_dags/example_python_decorator.py
[2025-11-17T11:49:59.134+0000] {processor.py:925} INFO - DAG(s) 'example_python_decorator' retrieved from /home/airflow/.local/lib/python3.12/site-packages/airflow/example_dags/example_python_decorator.py
[2025-11-17T11:49:59.151+0000] {logging_mixin.py:190} INFO - [2025-11-17T11:49:59.150+0000] {dag.py:3239} INFO - Sync 1 DAGs
[2025-11-17T11:49:59.161+0000] {logging_mixin.py:190} INFO - [2025-11-17T11:49:59.161+0000] {dag.py:4180} INFO - Setting next_dagrun for example_python_decorator to None, run_after=None
[2025-11-17T11:49:59.175+0000] {processor.py:208} INFO - Processing /home/airflow/.local/lib/python3.12/site-packages/airflow/example_dags/example_python_decorator.py took 0.060 seconds
[2025-11-17T11:50:30.392+0000] {processor.py:186} INFO - Started process (PID=2122) to work on /home/airflow/.local/lib/python3.12/site-packages/airflow/example_dags/example_python_decorator.py
[2025-11-17T11:50:30.394+0000] {processor.py:914} INFO - Processing file /home/airflow/.local/lib/python3.12/site-packages/airflow/example_dags/example_python_decorator.py for tasks to queue
[2025-11-17T11:50:30.396+0000] {logging_mixin.py:190} INFO - [2025-11-17T11:50:30.396+0000] {dagbag.py:588} INFO - Filling up the DagBag from /home/airflow/.local/lib/python3.12/site-packages/airflow/example_dags/example_python_decorator.py
[2025-11-17T11:50:30.408+0000] {processor.py:925} INFO - DAG(s) 'example_python_decorator' retrieved from /home/airflow/.local/lib/python3.12/site-packages/airflow/example_dags/example_python_decorator.py
[2025-11-17T11:50:30.426+0000] {logging_mixin.py:190} INFO - [2025-11-17T11:50:30.425+0000] {dag.py:3239} INFO - Sync 1 DAGs
[2025-11-17T11:50:30.438+0000] {logging_mixin.py:190} INFO - [2025-11-17T11:50:30.437+0000] {dag.py:4180} INFO - Setting next_dagrun for example_python_decorator to None, run_after=None
[2025-11-17T11:50:30.453+0000] {processor.py:208} INFO - Processing /home/airflow/.local/lib/python3.12/site-packages/airflow/example_dags/example_python_decorator.py took 0.065 seconds
[2025-11-17T11:51:00.539+0000] {processor.py:186} INFO - Started process (PID=2187) to work on /home/airflow/.local/lib/python3.12/site-packages/airflow/example_dags/example_python_decorator.py
[2025-11-17T11:51:00.540+0000] {processor.py:914} INFO - Processing file /home/airflow/.local/lib/python3.12/site-packages/airflow/example_dags/example_python_decorator.py for tasks to queue
[2025-11-17T11:51:00.542+0000] {logging_mixin.py:190} INFO - [2025-11-17T11:51:00.542+0000] {dagbag.py:588} INFO - Filling up the DagBag from /home/airflow/.local/lib/python3.12/site-packages/airflow/example_dags/example_python_decorator.py
[2025-11-17T11:51:00.553+0000] {processor.py:925} INFO - DAG(s) 'example_python_decorator' retrieved from /home/airflow/.local/lib/python3.12/site-packages/airflow/example_dags/example_python_decorator.py
[2025-11-17T11:51:00.568+0000] {logging_mixin.py:190} INFO - [2025-11-17T11:51:00.568+0000] {dag.py:3239} INFO - Sync 1 DAGs
[2025-11-17T11:51:00.578+0000] {logging_mixin.py:190} INFO - [2025-11-17T11:51:00.578+0000] {dag.py:4180} INFO - Setting next_dagrun for example_python_decorator to None, run_after=None
[2025-11-17T11:51:00.606+0000] {processor.py:208} INFO - Processing /home/airflow/.local/lib/python3.12/site-packages/airflow/example_dags/example_python_decorator.py took 0.071 seconds
[2025-11-17T11:51:31.695+0000] {processor.py:186} INFO - Started process (PID=2251) to work on /home/airflow/.local/lib/python3.12/site-packages/airflow/example_dags/example_python_decorator.py
[2025-11-17T11:51:31.697+0000] {processor.py:914} INFO - Processing file /home/airflow/.local/lib/python3.12/site-packages/airflow/example_dags/example_python_decorator.py for tasks to queue
[2025-11-17T11:51:31.699+0000] {logging_mixin.py:190} INFO - [2025-11-17T11:51:31.699+0000] {dagbag.py:588} INFO - Filling up the DagBag from /home/airflow/.local/lib/python3.12/site-packages/airflow/example_dags/example_python_decorator.py
[2025-11-17T11:51:31.714+0000] {processor.py:925} INFO - DAG(s) 'example_python_decorator' retrieved from /home/airflow/.local/lib/python3.12/site-packages/airflow/example_dags/example_python_decorator.py
[2025-11-17T11:51:31.738+0000] {logging_mixin.py:190} INFO - [2025-11-17T11:51:31.738+0000] {dag.py:3239} INFO - Sync 1 DAGs
[2025-11-17T11:51:31.753+0000] {logging_mixin.py:190} INFO - [2025-11-17T11:51:31.753+0000] {dag.py:4180} INFO - Setting next_dagrun for example_python_decorator to None, run_after=None
[2025-11-17T11:51:31.770+0000] {processor.py:208} INFO - Processing /home/airflow/.local/lib/python3.12/site-packages/airflow/example_dags/example_python_decorator.py took 0.081 seconds
[2025-11-17T11:52:02.516+0000] {processor.py:186} INFO - Started process (PID=2316) to work on /home/airflow/.local/lib/python3.12/site-packages/airflow/example_dags/example_python_decorator.py
[2025-11-17T11:52:02.518+0000] {processor.py:914} INFO - Processing file /home/airflow/.local/lib/python3.12/site-packages/airflow/example_dags/example_python_decorator.py for tasks to queue
[2025-11-17T11:52:02.520+0000] {logging_mixin.py:190} INFO - [2025-11-17T11:52:02.519+0000] {dagbag.py:588} INFO - Filling up the DagBag from /home/airflow/.local/lib/python3.12/site-packages/airflow/example_dags/example_python_decorator.py
[2025-11-17T11:52:02.532+0000] {processor.py:925} INFO - DAG(s) 'example_python_decorator' retrieved from /home/airflow/.local/lib/python3.12/site-packages/airflow/example_dags/example_python_decorator.py
[2025-11-17T11:52:02.554+0000] {logging_mixin.py:190} INFO - [2025-11-17T11:52:02.553+0000] {dag.py:3239} INFO - Sync 1 DAGs
[2025-11-17T11:52:02.576+0000] {logging_mixin.py:190} INFO - [2025-11-17T11:52:02.575+0000] {dag.py:4180} INFO - Setting next_dagrun for example_python_decorator to None, run_after=None
[2025-11-17T11:52:02.597+0000] {processor.py:208} INFO - Processing /home/airflow/.local/lib/python3.12/site-packages/airflow/example_dags/example_python_decorator.py took 0.087 seconds
[2025-11-17T11:52:33.438+0000] {processor.py:186} INFO - Started process (PID=2380) to work on /home/airflow/.local/lib/python3.12/site-packages/airflow/example_dags/example_python_decorator.py
[2025-11-17T11:52:33.439+0000] {processor.py:914} INFO - Processing file /home/airflow/.local/lib/python3.12/site-packages/airflow/example_dags/example_python_decorator.py for tasks to queue
[2025-11-17T11:52:33.442+0000] {logging_mixin.py:190} INFO - [2025-11-17T11:52:33.441+0000] {dagbag.py:588} INFO - Filling up the DagBag from /home/airflow/.local/lib/python3.12/site-packages/airflow/example_dags/example_python_decorator.py
[2025-11-17T11:52:33.455+0000] {processor.py:925} INFO - DAG(s) 'example_python_decorator' retrieved from /home/airflow/.local/lib/python3.12/site-packages/airflow/example_dags/example_python_decorator.py
[2025-11-17T11:52:33.475+0000] {logging_mixin.py:190} INFO - [2025-11-17T11:52:33.475+0000] {dag.py:3239} INFO - Sync 1 DAGs
[2025-11-17T11:52:33.487+0000] {logging_mixin.py:190} INFO - [2025-11-17T11:52:33.487+0000] {dag.py:4180} INFO - Setting next_dagrun for example_python_decorator to None, run_after=None
[2025-11-17T11:52:33.507+0000] {processor.py:208} INFO - Processing /home/airflow/.local/lib/python3.12/site-packages/airflow/example_dags/example_python_decorator.py took 0.074 seconds
[2025-11-17T11:53:05.007+0000] {processor.py:186} INFO - Started process (PID=2445) to work on /home/airflow/.local/lib/python3.12/site-packages/airflow/example_dags/example_python_decorator.py
[2025-11-17T11:53:05.008+0000] {processor.py:914} INFO - Processing file /home/airflow/.local/lib/python3.12/site-packages/airflow/example_dags/example_python_decorator.py for tasks to queue
[2025-11-17T11:53:05.010+0000] {logging_mixin.py:190} INFO - [2025-11-17T11:53:05.010+0000] {dagbag.py:588} INFO - Filling up the DagBag from /home/airflow/.local/lib/python3.12/site-packages/airflow/example_dags/example_python_decorator.py
[2025-11-17T11:53:05.023+0000] {processor.py:925} INFO - DAG(s) 'example_python_decorator' retrieved from /home/airflow/.local/lib/python3.12/site-packages/airflow/example_dags/example_python_decorator.py
[2025-11-17T11:53:05.040+0000] {logging_mixin.py:190} INFO - [2025-11-17T11:53:05.040+0000] {dag.py:3239} INFO - Sync 1 DAGs
[2025-11-17T11:53:05.053+0000] {logging_mixin.py:190} INFO - [2025-11-17T11:53:05.053+0000] {dag.py:4180} INFO - Setting next_dagrun for example_python_decorator to None, run_after=None
[2025-11-17T11:53:05.069+0000] {processor.py:208} INFO - Processing /home/airflow/.local/lib/python3.12/site-packages/airflow/example_dags/example_python_decorator.py took 0.069 seconds
[2025-11-17T11:53:36.032+0000] {processor.py:186} INFO - Started process (PID=2510) to work on /home/airflow/.local/lib/python3.12/site-packages/airflow/example_dags/example_python_decorator.py
[2025-11-17T11:53:36.033+0000] {processor.py:914} INFO - Processing file /home/airflow/.local/lib/python3.12/site-packages/airflow/example_dags/example_python_decorator.py for tasks to queue
[2025-11-17T11:53:36.035+0000] {logging_mixin.py:190} INFO - [2025-11-17T11:53:36.035+0000] {dagbag.py:588} INFO - Filling up the DagBag from /home/airflow/.local/lib/python3.12/site-packages/airflow/example_dags/example_python_decorator.py
[2025-11-17T11:53:36.046+0000] {processor.py:925} INFO - DAG(s) 'example_python_decorator' retrieved from /home/airflow/.local/lib/python3.12/site-packages/airflow/example_dags/example_python_decorator.py
[2025-11-17T11:53:36.063+0000] {logging_mixin.py:190} INFO - [2025-11-17T11:53:36.063+0000] {dag.py:3239} INFO - Sync 1 DAGs
[2025-11-17T11:53:36.074+0000] {logging_mixin.py:190} INFO - [2025-11-17T11:53:36.074+0000] {dag.py:4180} INFO - Setting next_dagrun for example_python_decorator to None, run_after=None
[2025-11-17T11:53:36.091+0000] {processor.py:208} INFO - Processing /home/airflow/.local/lib/python3.12/site-packages/airflow/example_dags/example_python_decorator.py took 0.063 seconds
[2025-11-17T11:55:56.552+0000] {processor.py:186} INFO - Started process (PID=116) to work on /home/airflow/.local/lib/python3.12/site-packages/airflow/example_dags/example_python_decorator.py
[2025-11-17T11:55:56.553+0000] {processor.py:914} INFO - Processing file /home/airflow/.local/lib/python3.12/site-packages/airflow/example_dags/example_python_decorator.py for tasks to queue
[2025-11-17T11:55:56.555+0000] {logging_mixin.py:190} INFO - [2025-11-17T11:55:56.555+0000] {dagbag.py:588} INFO - Filling up the DagBag from /home/airflow/.local/lib/python3.12/site-packages/airflow/example_dags/example_python_decorator.py
[2025-11-17T11:55:56.568+0000] {processor.py:925} INFO - DAG(s) 'example_python_decorator' retrieved from /home/airflow/.local/lib/python3.12/site-packages/airflow/example_dags/example_python_decorator.py
[2025-11-17T11:55:56.649+0000] {logging_mixin.py:190} INFO - [2025-11-17T11:55:56.649+0000] {dag.py:3239} INFO - Sync 1 DAGs
[2025-11-17T11:55:56.659+0000] {logging_mixin.py:190} INFO - [2025-11-17T11:55:56.659+0000] {dag.py:4180} INFO - Setting next_dagrun for example_python_decorator to None, run_after=None
[2025-11-17T11:55:56.675+0000] {processor.py:208} INFO - Processing /home/airflow/.local/lib/python3.12/site-packages/airflow/example_dags/example_python_decorator.py took 0.128 seconds
[2025-11-17T11:56:27.993+0000] {processor.py:186} INFO - Started process (PID=182) to work on /home/airflow/.local/lib/python3.12/site-packages/airflow/example_dags/example_python_decorator.py
[2025-11-17T11:56:27.995+0000] {processor.py:914} INFO - Processing file /home/airflow/.local/lib/python3.12/site-packages/airflow/example_dags/example_python_decorator.py for tasks to queue
[2025-11-17T11:56:27.998+0000] {logging_mixin.py:190} INFO - [2025-11-17T11:56:27.998+0000] {dagbag.py:588} INFO - Filling up the DagBag from /home/airflow/.local/lib/python3.12/site-packages/airflow/example_dags/example_python_decorator.py
[2025-11-17T11:56:28.012+0000] {processor.py:925} INFO - DAG(s) 'example_python_decorator' retrieved from /home/airflow/.local/lib/python3.12/site-packages/airflow/example_dags/example_python_decorator.py
[2025-11-17T11:56:28.034+0000] {logging_mixin.py:190} INFO - [2025-11-17T11:56:28.034+0000] {dag.py:3239} INFO - Sync 1 DAGs
[2025-11-17T11:56:28.045+0000] {logging_mixin.py:190} INFO - [2025-11-17T11:56:28.045+0000] {dag.py:4180} INFO - Setting next_dagrun for example_python_decorator to None, run_after=None
[2025-11-17T11:56:28.063+0000] {processor.py:208} INFO - Processing /home/airflow/.local/lib/python3.12/site-packages/airflow/example_dags/example_python_decorator.py took 0.075 seconds
[2025-11-17T11:56:59.146+0000] {processor.py:186} INFO - Started process (PID=248) to work on /home/airflow/.local/lib/python3.12/site-packages/airflow/example_dags/example_python_decorator.py
[2025-11-17T11:56:59.147+0000] {processor.py:914} INFO - Processing file /home/airflow/.local/lib/python3.12/site-packages/airflow/example_dags/example_python_decorator.py for tasks to queue
[2025-11-17T11:56:59.151+0000] {logging_mixin.py:190} INFO - [2025-11-17T11:56:59.150+0000] {dagbag.py:588} INFO - Filling up the DagBag from /home/airflow/.local/lib/python3.12/site-packages/airflow/example_dags/example_python_decorator.py
[2025-11-17T11:56:59.163+0000] {processor.py:925} INFO - DAG(s) 'example_python_decorator' retrieved from /home/airflow/.local/lib/python3.12/site-packages/airflow/example_dags/example_python_decorator.py
[2025-11-17T11:56:59.187+0000] {logging_mixin.py:190} INFO - [2025-11-17T11:56:59.187+0000] {dag.py:3239} INFO - Sync 1 DAGs
[2025-11-17T11:56:59.203+0000] {logging_mixin.py:190} INFO - [2025-11-17T11:56:59.203+0000] {dag.py:4180} INFO - Setting next_dagrun for example_python_decorator to None, run_after=None
[2025-11-17T11:56:59.225+0000] {processor.py:208} INFO - Processing /home/airflow/.local/lib/python3.12/site-packages/airflow/example_dags/example_python_decorator.py took 0.084 seconds
[2025-11-17T11:57:30.272+0000] {processor.py:186} INFO - Started process (PID=314) to work on /home/airflow/.local/lib/python3.12/site-packages/airflow/example_dags/example_python_decorator.py
[2025-11-17T11:57:30.273+0000] {processor.py:914} INFO - Processing file /home/airflow/.local/lib/python3.12/site-packages/airflow/example_dags/example_python_decorator.py for tasks to queue
[2025-11-17T11:57:30.276+0000] {logging_mixin.py:190} INFO - [2025-11-17T11:57:30.276+0000] {dagbag.py:588} INFO - Filling up the DagBag from /home/airflow/.local/lib/python3.12/site-packages/airflow/example_dags/example_python_decorator.py
[2025-11-17T11:57:30.287+0000] {processor.py:925} INFO - DAG(s) 'example_python_decorator' retrieved from /home/airflow/.local/lib/python3.12/site-packages/airflow/example_dags/example_python_decorator.py
[2025-11-17T11:57:30.308+0000] {logging_mixin.py:190} INFO - [2025-11-17T11:57:30.308+0000] {dag.py:3239} INFO - Sync 1 DAGs
[2025-11-17T11:57:30.320+0000] {logging_mixin.py:190} INFO - [2025-11-17T11:57:30.320+0000] {dag.py:4180} INFO - Setting next_dagrun for example_python_decorator to None, run_after=None
[2025-11-17T11:57:30.336+0000] {processor.py:208} INFO - Processing /home/airflow/.local/lib/python3.12/site-packages/airflow/example_dags/example_python_decorator.py took 0.070 seconds
[2025-11-17T11:58:00.667+0000] {processor.py:186} INFO - Started process (PID=380) to work on /home/airflow/.local/lib/python3.12/site-packages/airflow/example_dags/example_python_decorator.py
[2025-11-17T11:58:00.669+0000] {processor.py:914} INFO - Processing file /home/airflow/.local/lib/python3.12/site-packages/airflow/example_dags/example_python_decorator.py for tasks to queue
[2025-11-17T11:58:00.671+0000] {logging_mixin.py:190} INFO - [2025-11-17T11:58:00.670+0000] {dagbag.py:588} INFO - Filling up the DagBag from /home/airflow/.local/lib/python3.12/site-packages/airflow/example_dags/example_python_decorator.py
[2025-11-17T11:58:00.683+0000] {processor.py:925} INFO - DAG(s) 'example_python_decorator' retrieved from /home/airflow/.local/lib/python3.12/site-packages/airflow/example_dags/example_python_decorator.py
[2025-11-17T11:58:00.703+0000] {logging_mixin.py:190} INFO - [2025-11-17T11:58:00.703+0000] {dag.py:3239} INFO - Sync 1 DAGs
[2025-11-17T11:58:00.714+0000] {logging_mixin.py:190} INFO - [2025-11-17T11:58:00.714+0000] {dag.py:4180} INFO - Setting next_dagrun for example_python_decorator to None, run_after=None
[2025-11-17T11:58:00.730+0000] {processor.py:208} INFO - Processing /home/airflow/.local/lib/python3.12/site-packages/airflow/example_dags/example_python_decorator.py took 0.068 seconds
[2025-11-17T11:58:31.499+0000] {processor.py:186} INFO - Started process (PID=446) to work on /home/airflow/.local/lib/python3.12/site-packages/airflow/example_dags/example_python_decorator.py
[2025-11-17T11:58:31.500+0000] {processor.py:914} INFO - Processing file /home/airflow/.local/lib/python3.12/site-packages/airflow/example_dags/example_python_decorator.py for tasks to queue
[2025-11-17T11:58:31.503+0000] {logging_mixin.py:190} INFO - [2025-11-17T11:58:31.502+0000] {dagbag.py:588} INFO - Filling up the DagBag from /home/airflow/.local/lib/python3.12/site-packages/airflow/example_dags/example_python_decorator.py
[2025-11-17T11:58:31.516+0000] {processor.py:925} INFO - DAG(s) 'example_python_decorator' retrieved from /home/airflow/.local/lib/python3.12/site-packages/airflow/example_dags/example_python_decorator.py
[2025-11-17T11:58:31.538+0000] {logging_mixin.py:190} INFO - [2025-11-17T11:58:31.538+0000] {dag.py:3239} INFO - Sync 1 DAGs
[2025-11-17T11:58:31.550+0000] {logging_mixin.py:190} INFO - [2025-11-17T11:58:31.550+0000] {dag.py:4180} INFO - Setting next_dagrun for example_python_decorator to None, run_after=None
[2025-11-17T11:58:31.565+0000] {processor.py:208} INFO - Processing /home/airflow/.local/lib/python3.12/site-packages/airflow/example_dags/example_python_decorator.py took 0.071 seconds
[2025-11-17T11:59:02.273+0000] {processor.py:186} INFO - Started process (PID=512) to work on /home/airflow/.local/lib/python3.12/site-packages/airflow/example_dags/example_python_decorator.py
[2025-11-17T11:59:02.274+0000] {processor.py:914} INFO - Processing file /home/airflow/.local/lib/python3.12/site-packages/airflow/example_dags/example_python_decorator.py for tasks to queue
[2025-11-17T11:59:02.277+0000] {logging_mixin.py:190} INFO - [2025-11-17T11:59:02.276+0000] {dagbag.py:588} INFO - Filling up the DagBag from /home/airflow/.local/lib/python3.12/site-packages/airflow/example_dags/example_python_decorator.py
[2025-11-17T11:59:02.290+0000] {processor.py:925} INFO - DAG(s) 'example_python_decorator' retrieved from /home/airflow/.local/lib/python3.12/site-packages/airflow/example_dags/example_python_decorator.py
[2025-11-17T11:59:02.312+0000] {logging_mixin.py:190} INFO - [2025-11-17T11:59:02.311+0000] {dag.py:3239} INFO - Sync 1 DAGs
[2025-11-17T11:59:02.325+0000] {logging_mixin.py:190} INFO - [2025-11-17T11:59:02.325+0000] {dag.py:4180} INFO - Setting next_dagrun for example_python_decorator to None, run_after=None
[2025-11-17T11:59:02.343+0000] {processor.py:208} INFO - Processing /home/airflow/.local/lib/python3.12/site-packages/airflow/example_dags/example_python_decorator.py took 0.077 seconds
[2025-11-17T11:59:32.964+0000] {processor.py:186} INFO - Started process (PID=578) to work on /home/airflow/.local/lib/python3.12/site-packages/airflow/example_dags/example_python_decorator.py
[2025-11-17T11:59:32.965+0000] {processor.py:914} INFO - Processing file /home/airflow/.local/lib/python3.12/site-packages/airflow/example_dags/example_python_decorator.py for tasks to queue
[2025-11-17T11:59:32.968+0000] {logging_mixin.py:190} INFO - [2025-11-17T11:59:32.968+0000] {dagbag.py:588} INFO - Filling up the DagBag from /home/airflow/.local/lib/python3.12/site-packages/airflow/example_dags/example_python_decorator.py
[2025-11-17T11:59:32.983+0000] {processor.py:925} INFO - DAG(s) 'example_python_decorator' retrieved from /home/airflow/.local/lib/python3.12/site-packages/airflow/example_dags/example_python_decorator.py
[2025-11-17T11:59:33.006+0000] {logging_mixin.py:190} INFO - [2025-11-17T11:59:33.006+0000] {dag.py:3239} INFO - Sync 1 DAGs
[2025-11-17T11:59:33.018+0000] {logging_mixin.py:190} INFO - [2025-11-17T11:59:33.018+0000] {dag.py:4180} INFO - Setting next_dagrun for example_python_decorator to None, run_after=None
[2025-11-17T11:59:33.036+0000] {processor.py:208} INFO - Processing /home/airflow/.local/lib/python3.12/site-packages/airflow/example_dags/example_python_decorator.py took 0.079 seconds
[2025-11-17T12:00:03.492+0000] {processor.py:186} INFO - Started process (PID=643) to work on /home/airflow/.local/lib/python3.12/site-packages/airflow/example_dags/example_python_decorator.py
[2025-11-17T12:00:03.494+0000] {processor.py:914} INFO - Processing file /home/airflow/.local/lib/python3.12/site-packages/airflow/example_dags/example_python_decorator.py for tasks to queue
[2025-11-17T12:00:03.496+0000] {logging_mixin.py:190} INFO - [2025-11-17T12:00:03.495+0000] {dagbag.py:588} INFO - Filling up the DagBag from /home/airflow/.local/lib/python3.12/site-packages/airflow/example_dags/example_python_decorator.py
[2025-11-17T12:00:03.507+0000] {processor.py:925} INFO - DAG(s) 'example_python_decorator' retrieved from /home/airflow/.local/lib/python3.12/site-packages/airflow/example_dags/example_python_decorator.py
[2025-11-17T12:00:03.526+0000] {logging_mixin.py:190} INFO - [2025-11-17T12:00:03.525+0000] {dag.py:3239} INFO - Sync 1 DAGs
[2025-11-17T12:00:03.539+0000] {logging_mixin.py:190} INFO - [2025-11-17T12:00:03.539+0000] {dag.py:4180} INFO - Setting next_dagrun for example_python_decorator to None, run_after=None
[2025-11-17T12:00:03.556+0000] {processor.py:208} INFO - Processing /home/airflow/.local/lib/python3.12/site-packages/airflow/example_dags/example_python_decorator.py took 0.069 seconds
[2025-11-17T12:00:34.185+0000] {processor.py:186} INFO - Started process (PID=710) to work on /home/airflow/.local/lib/python3.12/site-packages/airflow/example_dags/example_python_decorator.py
[2025-11-17T12:00:34.188+0000] {processor.py:914} INFO - Processing file /home/airflow/.local/lib/python3.12/site-packages/airflow/example_dags/example_python_decorator.py for tasks to queue
[2025-11-17T12:00:34.191+0000] {logging_mixin.py:190} INFO - [2025-11-17T12:00:34.191+0000] {dagbag.py:588} INFO - Filling up the DagBag from /home/airflow/.local/lib/python3.12/site-packages/airflow/example_dags/example_python_decorator.py
[2025-11-17T12:00:34.210+0000] {processor.py:925} INFO - DAG(s) 'example_python_decorator' retrieved from /home/airflow/.local/lib/python3.12/site-packages/airflow/example_dags/example_python_decorator.py
[2025-11-17T12:00:34.229+0000] {logging_mixin.py:190} INFO - [2025-11-17T12:00:34.229+0000] {dag.py:3239} INFO - Sync 1 DAGs
[2025-11-17T12:00:34.240+0000] {logging_mixin.py:190} INFO - [2025-11-17T12:00:34.240+0000] {dag.py:4180} INFO - Setting next_dagrun for example_python_decorator to None, run_after=None
[2025-11-17T12:00:34.255+0000] {processor.py:208} INFO - Processing /home/airflow/.local/lib/python3.12/site-packages/airflow/example_dags/example_python_decorator.py took 0.075 seconds
[2025-11-17T12:01:04.841+0000] {processor.py:186} INFO - Started process (PID=775) to work on /home/airflow/.local/lib/python3.12/site-packages/airflow/example_dags/example_python_decorator.py
[2025-11-17T12:01:04.842+0000] {processor.py:914} INFO - Processing file /home/airflow/.local/lib/python3.12/site-packages/airflow/example_dags/example_python_decorator.py for tasks to queue
[2025-11-17T12:01:04.844+0000] {logging_mixin.py:190} INFO - [2025-11-17T12:01:04.844+0000] {dagbag.py:588} INFO - Filling up the DagBag from /home/airflow/.local/lib/python3.12/site-packages/airflow/example_dags/example_python_decorator.py
[2025-11-17T12:01:04.856+0000] {processor.py:925} INFO - DAG(s) 'example_python_decorator' retrieved from /home/airflow/.local/lib/python3.12/site-packages/airflow/example_dags/example_python_decorator.py
[2025-11-17T12:01:04.873+0000] {logging_mixin.py:190} INFO - [2025-11-17T12:01:04.873+0000] {dag.py:3239} INFO - Sync 1 DAGs
[2025-11-17T12:01:04.883+0000] {logging_mixin.py:190} INFO - [2025-11-17T12:01:04.883+0000] {dag.py:4180} INFO - Setting next_dagrun for example_python_decorator to None, run_after=None
[2025-11-17T12:01:04.900+0000] {processor.py:208} INFO - Processing /home/airflow/.local/lib/python3.12/site-packages/airflow/example_dags/example_python_decorator.py took 0.064 seconds
[2025-11-17T12:01:35.518+0000] {processor.py:186} INFO - Started process (PID=847) to work on /home/airflow/.local/lib/python3.12/site-packages/airflow/example_dags/example_python_decorator.py
[2025-11-17T12:01:35.519+0000] {processor.py:914} INFO - Processing file /home/airflow/.local/lib/python3.12/site-packages/airflow/example_dags/example_python_decorator.py for tasks to queue
[2025-11-17T12:01:35.521+0000] {logging_mixin.py:190} INFO - [2025-11-17T12:01:35.521+0000] {dagbag.py:588} INFO - Filling up the DagBag from /home/airflow/.local/lib/python3.12/site-packages/airflow/example_dags/example_python_decorator.py
[2025-11-17T12:01:35.534+0000] {processor.py:925} INFO - DAG(s) 'example_python_decorator' retrieved from /home/airflow/.local/lib/python3.12/site-packages/airflow/example_dags/example_python_decorator.py
[2025-11-17T12:01:35.552+0000] {logging_mixin.py:190} INFO - [2025-11-17T12:01:35.552+0000] {dag.py:3239} INFO - Sync 1 DAGs
[2025-11-17T12:01:35.564+0000] {logging_mixin.py:190} INFO - [2025-11-17T12:01:35.564+0000] {dag.py:4180} INFO - Setting next_dagrun for example_python_decorator to None, run_after=None
[2025-11-17T12:01:35.581+0000] {processor.py:208} INFO - Processing /home/airflow/.local/lib/python3.12/site-packages/airflow/example_dags/example_python_decorator.py took 0.069 seconds
[2025-11-17T12:02:06.245+0000] {processor.py:186} INFO - Started process (PID=912) to work on /home/airflow/.local/lib/python3.12/site-packages/airflow/example_dags/example_python_decorator.py
[2025-11-17T12:02:06.246+0000] {processor.py:914} INFO - Processing file /home/airflow/.local/lib/python3.12/site-packages/airflow/example_dags/example_python_decorator.py for tasks to queue
[2025-11-17T12:02:06.248+0000] {logging_mixin.py:190} INFO - [2025-11-17T12:02:06.248+0000] {dagbag.py:588} INFO - Filling up the DagBag from /home/airflow/.local/lib/python3.12/site-packages/airflow/example_dags/example_python_decorator.py
[2025-11-17T12:02:06.260+0000] {processor.py:925} INFO - DAG(s) 'example_python_decorator' retrieved from /home/airflow/.local/lib/python3.12/site-packages/airflow/example_dags/example_python_decorator.py
[2025-11-17T12:02:06.278+0000] {logging_mixin.py:190} INFO - [2025-11-17T12:02:06.278+0000] {dag.py:3239} INFO - Sync 1 DAGs
[2025-11-17T12:02:06.290+0000] {logging_mixin.py:190} INFO - [2025-11-17T12:02:06.289+0000] {dag.py:4180} INFO - Setting next_dagrun for example_python_decorator to None, run_after=None
[2025-11-17T12:02:06.305+0000] {processor.py:208} INFO - Processing /home/airflow/.local/lib/python3.12/site-packages/airflow/example_dags/example_python_decorator.py took 0.065 seconds
[2025-11-17T12:02:37.154+0000] {processor.py:186} INFO - Started process (PID=979) to work on /home/airflow/.local/lib/python3.12/site-packages/airflow/example_dags/example_python_decorator.py
[2025-11-17T12:02:37.155+0000] {processor.py:914} INFO - Processing file /home/airflow/.local/lib/python3.12/site-packages/airflow/example_dags/example_python_decorator.py for tasks to queue
[2025-11-17T12:02:37.159+0000] {logging_mixin.py:190} INFO - [2025-11-17T12:02:37.158+0000] {dagbag.py:588} INFO - Filling up the DagBag from /home/airflow/.local/lib/python3.12/site-packages/airflow/example_dags/example_python_decorator.py
[2025-11-17T12:02:37.174+0000] {processor.py:925} INFO - DAG(s) 'example_python_decorator' retrieved from /home/airflow/.local/lib/python3.12/site-packages/airflow/example_dags/example_python_decorator.py
[2025-11-17T12:02:37.199+0000] {logging_mixin.py:190} INFO - [2025-11-17T12:02:37.199+0000] {dag.py:3239} INFO - Sync 1 DAGs
[2025-11-17T12:02:37.213+0000] {logging_mixin.py:190} INFO - [2025-11-17T12:02:37.213+0000] {dag.py:4180} INFO - Setting next_dagrun for example_python_decorator to None, run_after=None
[2025-11-17T12:02:37.232+0000] {processor.py:208} INFO - Processing /home/airflow/.local/lib/python3.12/site-packages/airflow/example_dags/example_python_decorator.py took 0.086 seconds
[2025-11-17T12:03:08.088+0000] {processor.py:186} INFO - Started process (PID=1045) to work on /home/airflow/.local/lib/python3.12/site-packages/airflow/example_dags/example_python_decorator.py
[2025-11-17T12:03:08.089+0000] {processor.py:914} INFO - Processing file /home/airflow/.local/lib/python3.12/site-packages/airflow/example_dags/example_python_decorator.py for tasks to queue
[2025-11-17T12:03:08.091+0000] {logging_mixin.py:190} INFO - [2025-11-17T12:03:08.091+0000] {dagbag.py:588} INFO - Filling up the DagBag from /home/airflow/.local/lib/python3.12/site-packages/airflow/example_dags/example_python_decorator.py
[2025-11-17T12:03:08.103+0000] {processor.py:925} INFO - DAG(s) 'example_python_decorator' retrieved from /home/airflow/.local/lib/python3.12/site-packages/airflow/example_dags/example_python_decorator.py
[2025-11-17T12:03:08.123+0000] {logging_mixin.py:190} INFO - [2025-11-17T12:03:08.123+0000] {dag.py:3239} INFO - Sync 1 DAGs
[2025-11-17T12:03:08.136+0000] {logging_mixin.py:190} INFO - [2025-11-17T12:03:08.136+0000] {dag.py:4180} INFO - Setting next_dagrun for example_python_decorator to None, run_after=None
[2025-11-17T12:03:08.153+0000] {processor.py:208} INFO - Processing /home/airflow/.local/lib/python3.12/site-packages/airflow/example_dags/example_python_decorator.py took 0.070 seconds
[2025-11-17T12:03:38.584+0000] {processor.py:186} INFO - Started process (PID=1111) to work on /home/airflow/.local/lib/python3.12/site-packages/airflow/example_dags/example_python_decorator.py
[2025-11-17T12:03:38.586+0000] {processor.py:914} INFO - Processing file /home/airflow/.local/lib/python3.12/site-packages/airflow/example_dags/example_python_decorator.py for tasks to queue
[2025-11-17T12:03:38.589+0000] {logging_mixin.py:190} INFO - [2025-11-17T12:03:38.588+0000] {dagbag.py:588} INFO - Filling up the DagBag from /home/airflow/.local/lib/python3.12/site-packages/airflow/example_dags/example_python_decorator.py
[2025-11-17T12:03:38.601+0000] {processor.py:925} INFO - DAG(s) 'example_python_decorator' retrieved from /home/airflow/.local/lib/python3.12/site-packages/airflow/example_dags/example_python_decorator.py
[2025-11-17T12:03:38.617+0000] {logging_mixin.py:190} INFO - [2025-11-17T12:03:38.617+0000] {dag.py:3239} INFO - Sync 1 DAGs
[2025-11-17T12:03:38.628+0000] {logging_mixin.py:190} INFO - [2025-11-17T12:03:38.628+0000] {dag.py:4180} INFO - Setting next_dagrun for example_python_decorator to None, run_after=None
[2025-11-17T12:03:38.642+0000] {processor.py:208} INFO - Processing /home/airflow/.local/lib/python3.12/site-packages/airflow/example_dags/example_python_decorator.py took 0.063 seconds
[2025-11-17T12:04:08.842+0000] {processor.py:186} INFO - Started process (PID=1177) to work on /home/airflow/.local/lib/python3.12/site-packages/airflow/example_dags/example_python_decorator.py
[2025-11-17T12:04:08.843+0000] {processor.py:914} INFO - Processing file /home/airflow/.local/lib/python3.12/site-packages/airflow/example_dags/example_python_decorator.py for tasks to queue
[2025-11-17T12:04:08.850+0000] {logging_mixin.py:190} INFO - [2025-11-17T12:04:08.849+0000] {dagbag.py:588} INFO - Filling up the DagBag from /home/airflow/.local/lib/python3.12/site-packages/airflow/example_dags/example_python_decorator.py
[2025-11-17T12:04:08.862+0000] {processor.py:925} INFO - DAG(s) 'example_python_decorator' retrieved from /home/airflow/.local/lib/python3.12/site-packages/airflow/example_dags/example_python_decorator.py
[2025-11-17T12:04:08.879+0000] {logging_mixin.py:190} INFO - [2025-11-17T12:04:08.879+0000] {dag.py:3239} INFO - Sync 1 DAGs
[2025-11-17T12:04:08.890+0000] {logging_mixin.py:190} INFO - [2025-11-17T12:04:08.890+0000] {dag.py:4180} INFO - Setting next_dagrun for example_python_decorator to None, run_after=None
[2025-11-17T12:04:08.904+0000] {processor.py:208} INFO - Processing /home/airflow/.local/lib/python3.12/site-packages/airflow/example_dags/example_python_decorator.py took 0.067 seconds
[2025-11-17T12:04:40.097+0000] {processor.py:186} INFO - Started process (PID=1243) to work on /home/airflow/.local/lib/python3.12/site-packages/airflow/example_dags/example_python_decorator.py
[2025-11-17T12:04:40.098+0000] {processor.py:914} INFO - Processing file /home/airflow/.local/lib/python3.12/site-packages/airflow/example_dags/example_python_decorator.py for tasks to queue
[2025-11-17T12:04:40.100+0000] {logging_mixin.py:190} INFO - [2025-11-17T12:04:40.100+0000] {dagbag.py:588} INFO - Filling up the DagBag from /home/airflow/.local/lib/python3.12/site-packages/airflow/example_dags/example_python_decorator.py
[2025-11-17T12:04:40.112+0000] {processor.py:925} INFO - DAG(s) 'example_python_decorator' retrieved from /home/airflow/.local/lib/python3.12/site-packages/airflow/example_dags/example_python_decorator.py
[2025-11-17T12:04:40.127+0000] {logging_mixin.py:190} INFO - [2025-11-17T12:04:40.127+0000] {dag.py:3239} INFO - Sync 1 DAGs
[2025-11-17T12:04:40.138+0000] {logging_mixin.py:190} INFO - [2025-11-17T12:04:40.138+0000] {dag.py:4180} INFO - Setting next_dagrun for example_python_decorator to None, run_after=None
[2025-11-17T12:04:40.152+0000] {processor.py:208} INFO - Processing /home/airflow/.local/lib/python3.12/site-packages/airflow/example_dags/example_python_decorator.py took 0.060 seconds
[2025-11-17T12:05:11.359+0000] {processor.py:186} INFO - Started process (PID=1309) to work on /home/airflow/.local/lib/python3.12/site-packages/airflow/example_dags/example_python_decorator.py
[2025-11-17T12:05:11.361+0000] {processor.py:914} INFO - Processing file /home/airflow/.local/lib/python3.12/site-packages/airflow/example_dags/example_python_decorator.py for tasks to queue
[2025-11-17T12:05:11.363+0000] {logging_mixin.py:190} INFO - [2025-11-17T12:05:11.363+0000] {dagbag.py:588} INFO - Filling up the DagBag from /home/airflow/.local/lib/python3.12/site-packages/airflow/example_dags/example_python_decorator.py
[2025-11-17T12:05:11.375+0000] {processor.py:925} INFO - DAG(s) 'example_python_decorator' retrieved from /home/airflow/.local/lib/python3.12/site-packages/airflow/example_dags/example_python_decorator.py
[2025-11-17T12:05:11.393+0000] {logging_mixin.py:190} INFO - [2025-11-17T12:05:11.393+0000] {dag.py:3239} INFO - Sync 1 DAGs
[2025-11-17T12:05:11.403+0000] {logging_mixin.py:190} INFO - [2025-11-17T12:05:11.403+0000] {dag.py:4180} INFO - Setting next_dagrun for example_python_decorator to None, run_after=None
[2025-11-17T12:05:11.419+0000] {processor.py:208} INFO - Processing /home/airflow/.local/lib/python3.12/site-packages/airflow/example_dags/example_python_decorator.py took 0.065 seconds
[2025-11-17T12:05:42.935+0000] {processor.py:186} INFO - Started process (PID=1375) to work on /home/airflow/.local/lib/python3.12/site-packages/airflow/example_dags/example_python_decorator.py
[2025-11-17T12:05:42.936+0000] {processor.py:914} INFO - Processing file /home/airflow/.local/lib/python3.12/site-packages/airflow/example_dags/example_python_decorator.py for tasks to queue
[2025-11-17T12:05:42.938+0000] {logging_mixin.py:190} INFO - [2025-11-17T12:05:42.938+0000] {dagbag.py:588} INFO - Filling up the DagBag from /home/airflow/.local/lib/python3.12/site-packages/airflow/example_dags/example_python_decorator.py
[2025-11-17T12:05:42.950+0000] {processor.py:925} INFO - DAG(s) 'example_python_decorator' retrieved from /home/airflow/.local/lib/python3.12/site-packages/airflow/example_dags/example_python_decorator.py
[2025-11-17T12:05:42.969+0000] {logging_mixin.py:190} INFO - [2025-11-17T12:05:42.969+0000] {dag.py:3239} INFO - Sync 1 DAGs
[2025-11-17T12:05:42.981+0000] {logging_mixin.py:190} INFO - [2025-11-17T12:05:42.980+0000] {dag.py:4180} INFO - Setting next_dagrun for example_python_decorator to None, run_after=None
[2025-11-17T12:05:42.996+0000] {processor.py:208} INFO - Processing /home/airflow/.local/lib/python3.12/site-packages/airflow/example_dags/example_python_decorator.py took 0.066 seconds
[2025-11-17T12:06:13.263+0000] {processor.py:186} INFO - Started process (PID=1441) to work on /home/airflow/.local/lib/python3.12/site-packages/airflow/example_dags/example_python_decorator.py
[2025-11-17T12:06:13.264+0000] {processor.py:914} INFO - Processing file /home/airflow/.local/lib/python3.12/site-packages/airflow/example_dags/example_python_decorator.py for tasks to queue
[2025-11-17T12:06:13.266+0000] {logging_mixin.py:190} INFO - [2025-11-17T12:06:13.266+0000] {dagbag.py:588} INFO - Filling up the DagBag from /home/airflow/.local/lib/python3.12/site-packages/airflow/example_dags/example_python_decorator.py
[2025-11-17T12:06:13.279+0000] {processor.py:925} INFO - DAG(s) 'example_python_decorator' retrieved from /home/airflow/.local/lib/python3.12/site-packages/airflow/example_dags/example_python_decorator.py
[2025-11-17T12:06:13.297+0000] {logging_mixin.py:190} INFO - [2025-11-17T12:06:13.297+0000] {dag.py:3239} INFO - Sync 1 DAGs
[2025-11-17T12:06:13.308+0000] {logging_mixin.py:190} INFO - [2025-11-17T12:06:13.308+0000] {dag.py:4180} INFO - Setting next_dagrun for example_python_decorator to None, run_after=None
[2025-11-17T12:06:13.325+0000] {processor.py:208} INFO - Processing /home/airflow/.local/lib/python3.12/site-packages/airflow/example_dags/example_python_decorator.py took 0.067 seconds
[2025-11-17T12:06:44.710+0000] {processor.py:186} INFO - Started process (PID=1513) to work on /home/airflow/.local/lib/python3.12/site-packages/airflow/example_dags/example_python_decorator.py
[2025-11-17T12:06:44.711+0000] {processor.py:914} INFO - Processing file /home/airflow/.local/lib/python3.12/site-packages/airflow/example_dags/example_python_decorator.py for tasks to queue
[2025-11-17T12:06:44.714+0000] {logging_mixin.py:190} INFO - [2025-11-17T12:06:44.714+0000] {dagbag.py:588} INFO - Filling up the DagBag from /home/airflow/.local/lib/python3.12/site-packages/airflow/example_dags/example_python_decorator.py
[2025-11-17T12:06:44.726+0000] {processor.py:925} INFO - DAG(s) 'example_python_decorator' retrieved from /home/airflow/.local/lib/python3.12/site-packages/airflow/example_dags/example_python_decorator.py
[2025-11-17T12:06:44.744+0000] {logging_mixin.py:190} INFO - [2025-11-17T12:06:44.744+0000] {dag.py:3239} INFO - Sync 1 DAGs
[2025-11-17T12:06:44.756+0000] {logging_mixin.py:190} INFO - [2025-11-17T12:06:44.756+0000] {dag.py:4180} INFO - Setting next_dagrun for example_python_decorator to None, run_after=None
[2025-11-17T12:06:44.772+0000] {processor.py:208} INFO - Processing /home/airflow/.local/lib/python3.12/site-packages/airflow/example_dags/example_python_decorator.py took 0.067 seconds
[2025-11-17T12:07:15.363+0000] {processor.py:186} INFO - Started process (PID=1582) to work on /home/airflow/.local/lib/python3.12/site-packages/airflow/example_dags/example_python_decorator.py
[2025-11-17T12:07:15.364+0000] {processor.py:914} INFO - Processing file /home/airflow/.local/lib/python3.12/site-packages/airflow/example_dags/example_python_decorator.py for tasks to queue
[2025-11-17T12:07:15.366+0000] {logging_mixin.py:190} INFO - [2025-11-17T12:07:15.365+0000] {dagbag.py:588} INFO - Filling up the DagBag from /home/airflow/.local/lib/python3.12/site-packages/airflow/example_dags/example_python_decorator.py
[2025-11-17T12:07:15.379+0000] {processor.py:925} INFO - DAG(s) 'example_python_decorator' retrieved from /home/airflow/.local/lib/python3.12/site-packages/airflow/example_dags/example_python_decorator.py
[2025-11-17T12:07:15.396+0000] {logging_mixin.py:190} INFO - [2025-11-17T12:07:15.395+0000] {dag.py:3239} INFO - Sync 1 DAGs
[2025-11-17T12:07:15.407+0000] {logging_mixin.py:190} INFO - [2025-11-17T12:07:15.406+0000] {dag.py:4180} INFO - Setting next_dagrun for example_python_decorator to None, run_after=None
[2025-11-17T12:07:15.422+0000] {processor.py:208} INFO - Processing /home/airflow/.local/lib/python3.12/site-packages/airflow/example_dags/example_python_decorator.py took 0.064 seconds
[2025-11-17T12:07:46.923+0000] {processor.py:186} INFO - Started process (PID=1648) to work on /home/airflow/.local/lib/python3.12/site-packages/airflow/example_dags/example_python_decorator.py
[2025-11-17T12:07:46.924+0000] {processor.py:914} INFO - Processing file /home/airflow/.local/lib/python3.12/site-packages/airflow/example_dags/example_python_decorator.py for tasks to queue
[2025-11-17T12:07:46.926+0000] {logging_mixin.py:190} INFO - [2025-11-17T12:07:46.925+0000] {dagbag.py:588} INFO - Filling up the DagBag from /home/airflow/.local/lib/python3.12/site-packages/airflow/example_dags/example_python_decorator.py
[2025-11-17T12:07:46.938+0000] {processor.py:925} INFO - DAG(s) 'example_python_decorator' retrieved from /home/airflow/.local/lib/python3.12/site-packages/airflow/example_dags/example_python_decorator.py
[2025-11-17T12:07:46.957+0000] {logging_mixin.py:190} INFO - [2025-11-17T12:07:46.957+0000] {dag.py:3239} INFO - Sync 1 DAGs
[2025-11-17T12:07:46.968+0000] {logging_mixin.py:190} INFO - [2025-11-17T12:07:46.968+0000] {dag.py:4180} INFO - Setting next_dagrun for example_python_decorator to None, run_after=None
[2025-11-17T12:07:46.983+0000] {processor.py:208} INFO - Processing /home/airflow/.local/lib/python3.12/site-packages/airflow/example_dags/example_python_decorator.py took 0.066 seconds
[2025-11-17T12:08:17.800+0000] {processor.py:186} INFO - Started process (PID=1714) to work on /home/airflow/.local/lib/python3.12/site-packages/airflow/example_dags/example_python_decorator.py
[2025-11-17T12:08:17.802+0000] {processor.py:914} INFO - Processing file /home/airflow/.local/lib/python3.12/site-packages/airflow/example_dags/example_python_decorator.py for tasks to queue
[2025-11-17T12:08:16.666+0000] {logging_mixin.py:190} INFO - [2025-11-17T12:08:16.666+0000] {dagbag.py:588} INFO - Filling up the DagBag from /home/airflow/.local/lib/python3.12/site-packages/airflow/example_dags/example_python_decorator.py
[2025-11-17T12:08:16.682+0000] {processor.py:925} INFO - DAG(s) 'example_python_decorator' retrieved from /home/airflow/.local/lib/python3.12/site-packages/airflow/example_dags/example_python_decorator.py
[2025-11-17T12:08:16.704+0000] {logging_mixin.py:190} INFO - [2025-11-17T12:08:16.704+0000] {dag.py:3239} INFO - Sync 1 DAGs
[2025-11-17T12:08:16.717+0000] {logging_mixin.py:190} INFO - [2025-11-17T12:08:16.717+0000] {dag.py:4180} INFO - Setting next_dagrun for example_python_decorator to None, run_after=None
[2025-11-17T12:08:16.737+0000] {processor.py:208} INFO - Processing /home/airflow/.local/lib/python3.12/site-packages/airflow/example_dags/example_python_decorator.py took 0.083 seconds
[2025-11-17T12:08:48.761+0000] {processor.py:186} INFO - Started process (PID=1761) to work on /home/airflow/.local/lib/python3.12/site-packages/airflow/example_dags/example_python_decorator.py
[2025-11-17T12:08:48.762+0000] {processor.py:914} INFO - Processing file /home/airflow/.local/lib/python3.12/site-packages/airflow/example_dags/example_python_decorator.py for tasks to queue
[2025-11-17T12:08:48.765+0000] {logging_mixin.py:190} INFO - [2025-11-17T12:08:48.765+0000] {dagbag.py:588} INFO - Filling up the DagBag from /home/airflow/.local/lib/python3.12/site-packages/airflow/example_dags/example_python_decorator.py
[2025-11-17T12:08:48.778+0000] {processor.py:925} INFO - DAG(s) 'example_python_decorator' retrieved from /home/airflow/.local/lib/python3.12/site-packages/airflow/example_dags/example_python_decorator.py
[2025-11-17T12:08:48.795+0000] {logging_mixin.py:190} INFO - [2025-11-17T12:08:48.795+0000] {dag.py:3239} INFO - Sync 1 DAGs
[2025-11-17T12:08:48.806+0000] {logging_mixin.py:190} INFO - [2025-11-17T12:08:48.806+0000] {dag.py:4180} INFO - Setting next_dagrun for example_python_decorator to None, run_after=None
[2025-11-17T12:08:48.820+0000] {processor.py:208} INFO - Processing /home/airflow/.local/lib/python3.12/site-packages/airflow/example_dags/example_python_decorator.py took 0.063 seconds
[2025-11-17T12:09:21.234+0000] {processor.py:186} INFO - Started process (PID=1841) to work on /home/airflow/.local/lib/python3.12/site-packages/airflow/example_dags/example_python_decorator.py
[2025-11-17T12:09:21.235+0000] {processor.py:914} INFO - Processing file /home/airflow/.local/lib/python3.12/site-packages/airflow/example_dags/example_python_decorator.py for tasks to queue
[2025-11-17T12:09:21.238+0000] {logging_mixin.py:190} INFO - [2025-11-17T12:09:21.237+0000] {dagbag.py:588} INFO - Filling up the DagBag from /home/airflow/.local/lib/python3.12/site-packages/airflow/example_dags/example_python_decorator.py
[2025-11-17T12:09:21.253+0000] {processor.py:925} INFO - DAG(s) 'example_python_decorator' retrieved from /home/airflow/.local/lib/python3.12/site-packages/airflow/example_dags/example_python_decorator.py
[2025-11-17T12:09:21.272+0000] {logging_mixin.py:190} INFO - [2025-11-17T12:09:21.272+0000] {dag.py:3239} INFO - Sync 1 DAGs
[2025-11-17T12:09:21.284+0000] {logging_mixin.py:190} INFO - [2025-11-17T12:09:21.284+0000] {dag.py:4180} INFO - Setting next_dagrun for example_python_decorator to None, run_after=None
[2025-11-17T12:09:21.301+0000] {processor.py:208} INFO - Processing /home/airflow/.local/lib/python3.12/site-packages/airflow/example_dags/example_python_decorator.py took 0.073 seconds
[2025-11-17T12:09:51.798+0000] {processor.py:186} INFO - Started process (PID=1907) to work on /home/airflow/.local/lib/python3.12/site-packages/airflow/example_dags/example_python_decorator.py
[2025-11-17T12:09:51.799+0000] {processor.py:914} INFO - Processing file /home/airflow/.local/lib/python3.12/site-packages/airflow/example_dags/example_python_decorator.py for tasks to queue
[2025-11-17T12:09:51.801+0000] {logging_mixin.py:190} INFO - [2025-11-17T12:09:51.801+0000] {dagbag.py:588} INFO - Filling up the DagBag from /home/airflow/.local/lib/python3.12/site-packages/airflow/example_dags/example_python_decorator.py
[2025-11-17T12:09:51.814+0000] {processor.py:925} INFO - DAG(s) 'example_python_decorator' retrieved from /home/airflow/.local/lib/python3.12/site-packages/airflow/example_dags/example_python_decorator.py
[2025-11-17T12:09:51.838+0000] {logging_mixin.py:190} INFO - [2025-11-17T12:09:51.838+0000] {dag.py:3239} INFO - Sync 1 DAGs
[2025-11-17T12:09:51.856+0000] {logging_mixin.py:190} INFO - [2025-11-17T12:09:51.856+0000] {dag.py:4180} INFO - Setting next_dagrun for example_python_decorator to None, run_after=None
[2025-11-17T12:09:51.877+0000] {processor.py:208} INFO - Processing /home/airflow/.local/lib/python3.12/site-packages/airflow/example_dags/example_python_decorator.py took 0.084 seconds
[2025-11-17T12:10:23.516+0000] {processor.py:186} INFO - Started process (PID=1973) to work on /home/airflow/.local/lib/python3.12/site-packages/airflow/example_dags/example_python_decorator.py
[2025-11-17T12:10:23.517+0000] {processor.py:914} INFO - Processing file /home/airflow/.local/lib/python3.12/site-packages/airflow/example_dags/example_python_decorator.py for tasks to queue
[2025-11-17T12:10:23.519+0000] {logging_mixin.py:190} INFO - [2025-11-17T12:10:23.519+0000] {dagbag.py:588} INFO - Filling up the DagBag from /home/airflow/.local/lib/python3.12/site-packages/airflow/example_dags/example_python_decorator.py
[2025-11-17T12:10:23.531+0000] {processor.py:925} INFO - DAG(s) 'example_python_decorator' retrieved from /home/airflow/.local/lib/python3.12/site-packages/airflow/example_dags/example_python_decorator.py
[2025-11-17T12:10:23.550+0000] {logging_mixin.py:190} INFO - [2025-11-17T12:10:23.550+0000] {dag.py:3239} INFO - Sync 1 DAGs
[2025-11-17T12:10:23.561+0000] {logging_mixin.py:190} INFO - [2025-11-17T12:10:23.561+0000] {dag.py:4180} INFO - Setting next_dagrun for example_python_decorator to None, run_after=None
[2025-11-17T12:10:23.576+0000] {processor.py:208} INFO - Processing /home/airflow/.local/lib/python3.12/site-packages/airflow/example_dags/example_python_decorator.py took 0.065 seconds
[2025-11-17T12:10:55.610+0000] {processor.py:186} INFO - Started process (PID=2046) to work on /home/airflow/.local/lib/python3.12/site-packages/airflow/example_dags/example_python_decorator.py
[2025-11-17T12:10:55.611+0000] {processor.py:914} INFO - Processing file /home/airflow/.local/lib/python3.12/site-packages/airflow/example_dags/example_python_decorator.py for tasks to queue
[2025-11-17T12:10:55.615+0000] {logging_mixin.py:190} INFO - [2025-11-17T12:10:55.614+0000] {dagbag.py:588} INFO - Filling up the DagBag from /home/airflow/.local/lib/python3.12/site-packages/airflow/example_dags/example_python_decorator.py
[2025-11-17T12:10:55.630+0000] {processor.py:925} INFO - DAG(s) 'example_python_decorator' retrieved from /home/airflow/.local/lib/python3.12/site-packages/airflow/example_dags/example_python_decorator.py
[2025-11-17T12:10:55.647+0000] {logging_mixin.py:190} INFO - [2025-11-17T12:10:55.647+0000] {dag.py:3239} INFO - Sync 1 DAGs
[2025-11-17T12:10:55.661+0000] {logging_mixin.py:190} INFO - [2025-11-17T12:10:55.661+0000] {dag.py:4180} INFO - Setting next_dagrun for example_python_decorator to None, run_after=None
[2025-11-17T12:10:55.676+0000] {processor.py:208} INFO - Processing /home/airflow/.local/lib/python3.12/site-packages/airflow/example_dags/example_python_decorator.py took 0.071 seconds
[2025-11-17T12:11:26.648+0000] {processor.py:186} INFO - Started process (PID=2118) to work on /home/airflow/.local/lib/python3.12/site-packages/airflow/example_dags/example_python_decorator.py
[2025-11-17T12:11:26.649+0000] {processor.py:914} INFO - Processing file /home/airflow/.local/lib/python3.12/site-packages/airflow/example_dags/example_python_decorator.py for tasks to queue
[2025-11-17T12:11:26.652+0000] {logging_mixin.py:190} INFO - [2025-11-17T12:11:26.651+0000] {dagbag.py:588} INFO - Filling up the DagBag from /home/airflow/.local/lib/python3.12/site-packages/airflow/example_dags/example_python_decorator.py
[2025-11-17T12:11:26.664+0000] {processor.py:925} INFO - DAG(s) 'example_python_decorator' retrieved from /home/airflow/.local/lib/python3.12/site-packages/airflow/example_dags/example_python_decorator.py
[2025-11-17T12:11:26.680+0000] {logging_mixin.py:190} INFO - [2025-11-17T12:11:26.680+0000] {dag.py:3239} INFO - Sync 1 DAGs
[2025-11-17T12:11:26.693+0000] {logging_mixin.py:190} INFO - [2025-11-17T12:11:26.692+0000] {dag.py:4180} INFO - Setting next_dagrun for example_python_decorator to None, run_after=None
[2025-11-17T12:11:26.707+0000] {processor.py:208} INFO - Processing /home/airflow/.local/lib/python3.12/site-packages/airflow/example_dags/example_python_decorator.py took 0.064 seconds
[2025-11-17T12:11:59.462+0000] {processor.py:186} INFO - Started process (PID=2184) to work on /home/airflow/.local/lib/python3.12/site-packages/airflow/example_dags/example_python_decorator.py
[2025-11-17T12:11:59.464+0000] {processor.py:914} INFO - Processing file /home/airflow/.local/lib/python3.12/site-packages/airflow/example_dags/example_python_decorator.py for tasks to queue
[2025-11-17T12:11:59.466+0000] {logging_mixin.py:190} INFO - [2025-11-17T12:11:59.466+0000] {dagbag.py:588} INFO - Filling up the DagBag from /home/airflow/.local/lib/python3.12/site-packages/airflow/example_dags/example_python_decorator.py
[2025-11-17T12:11:59.479+0000] {processor.py:925} INFO - DAG(s) 'example_python_decorator' retrieved from /home/airflow/.local/lib/python3.12/site-packages/airflow/example_dags/example_python_decorator.py
[2025-11-17T12:11:59.497+0000] {logging_mixin.py:190} INFO - [2025-11-17T12:11:59.497+0000] {dag.py:3239} INFO - Sync 1 DAGs
[2025-11-17T12:11:59.509+0000] {logging_mixin.py:190} INFO - [2025-11-17T12:11:59.509+0000] {dag.py:4180} INFO - Setting next_dagrun for example_python_decorator to None, run_after=None
[2025-11-17T12:11:59.525+0000] {processor.py:208} INFO - Processing /home/airflow/.local/lib/python3.12/site-packages/airflow/example_dags/example_python_decorator.py took 0.067 seconds
[2025-11-17T12:12:30.609+0000] {processor.py:186} INFO - Started process (PID=2250) to work on /home/airflow/.local/lib/python3.12/site-packages/airflow/example_dags/example_python_decorator.py
[2025-11-17T12:12:30.610+0000] {processor.py:914} INFO - Processing file /home/airflow/.local/lib/python3.12/site-packages/airflow/example_dags/example_python_decorator.py for tasks to queue
[2025-11-17T12:12:30.612+0000] {logging_mixin.py:190} INFO - [2025-11-17T12:12:30.612+0000] {dagbag.py:588} INFO - Filling up the DagBag from /home/airflow/.local/lib/python3.12/site-packages/airflow/example_dags/example_python_decorator.py
[2025-11-17T12:12:30.625+0000] {processor.py:925} INFO - DAG(s) 'example_python_decorator' retrieved from /home/airflow/.local/lib/python3.12/site-packages/airflow/example_dags/example_python_decorator.py
[2025-11-17T12:12:30.644+0000] {logging_mixin.py:190} INFO - [2025-11-17T12:12:30.644+0000] {dag.py:3239} INFO - Sync 1 DAGs
[2025-11-17T12:12:30.655+0000] {logging_mixin.py:190} INFO - [2025-11-17T12:12:30.655+0000] {dag.py:4180} INFO - Setting next_dagrun for example_python_decorator to None, run_after=None
[2025-11-17T12:12:30.672+0000] {processor.py:208} INFO - Processing /home/airflow/.local/lib/python3.12/site-packages/airflow/example_dags/example_python_decorator.py took 0.068 seconds
[2025-11-17T12:13:01.498+0000] {processor.py:186} INFO - Started process (PID=2316) to work on /home/airflow/.local/lib/python3.12/site-packages/airflow/example_dags/example_python_decorator.py
[2025-11-17T12:13:01.499+0000] {processor.py:914} INFO - Processing file /home/airflow/.local/lib/python3.12/site-packages/airflow/example_dags/example_python_decorator.py for tasks to queue
[2025-11-17T12:13:01.502+0000] {logging_mixin.py:190} INFO - [2025-11-17T12:13:01.501+0000] {dagbag.py:588} INFO - Filling up the DagBag from /home/airflow/.local/lib/python3.12/site-packages/airflow/example_dags/example_python_decorator.py
[2025-11-17T12:13:01.514+0000] {processor.py:925} INFO - DAG(s) 'example_python_decorator' retrieved from /home/airflow/.local/lib/python3.12/site-packages/airflow/example_dags/example_python_decorator.py
[2025-11-17T12:13:01.530+0000] {logging_mixin.py:190} INFO - [2025-11-17T12:13:01.530+0000] {dag.py:3239} INFO - Sync 1 DAGs
[2025-11-17T12:13:01.542+0000] {logging_mixin.py:190} INFO - [2025-11-17T12:13:01.542+0000] {dag.py:4180} INFO - Setting next_dagrun for example_python_decorator to None, run_after=None
[2025-11-17T12:13:01.568+0000] {processor.py:208} INFO - Processing /home/airflow/.local/lib/python3.12/site-packages/airflow/example_dags/example_python_decorator.py took 0.075 seconds
[2025-11-17T12:13:32.422+0000] {processor.py:186} INFO - Started process (PID=2382) to work on /home/airflow/.local/lib/python3.12/site-packages/airflow/example_dags/example_python_decorator.py
[2025-11-17T12:13:32.423+0000] {processor.py:914} INFO - Processing file /home/airflow/.local/lib/python3.12/site-packages/airflow/example_dags/example_python_decorator.py for tasks to queue
[2025-11-17T12:13:32.425+0000] {logging_mixin.py:190} INFO - [2025-11-17T12:13:32.425+0000] {dagbag.py:588} INFO - Filling up the DagBag from /home/airflow/.local/lib/python3.12/site-packages/airflow/example_dags/example_python_decorator.py
[2025-11-17T12:13:32.438+0000] {processor.py:925} INFO - DAG(s) 'example_python_decorator' retrieved from /home/airflow/.local/lib/python3.12/site-packages/airflow/example_dags/example_python_decorator.py
[2025-11-17T12:13:32.458+0000] {logging_mixin.py:190} INFO - [2025-11-17T12:13:32.457+0000] {dag.py:3239} INFO - Sync 1 DAGs
[2025-11-17T12:13:32.470+0000] {logging_mixin.py:190} INFO - [2025-11-17T12:13:32.470+0000] {dag.py:4180} INFO - Setting next_dagrun for example_python_decorator to None, run_after=None
[2025-11-17T12:13:32.485+0000] {processor.py:208} INFO - Processing /home/airflow/.local/lib/python3.12/site-packages/airflow/example_dags/example_python_decorator.py took 0.069 seconds
[2025-11-17T12:14:03.138+0000] {processor.py:186} INFO - Started process (PID=2448) to work on /home/airflow/.local/lib/python3.12/site-packages/airflow/example_dags/example_python_decorator.py
[2025-11-17T12:14:03.139+0000] {processor.py:914} INFO - Processing file /home/airflow/.local/lib/python3.12/site-packages/airflow/example_dags/example_python_decorator.py for tasks to queue
[2025-11-17T12:14:03.141+0000] {logging_mixin.py:190} INFO - [2025-11-17T12:14:03.141+0000] {dagbag.py:588} INFO - Filling up the DagBag from /home/airflow/.local/lib/python3.12/site-packages/airflow/example_dags/example_python_decorator.py
[2025-11-17T12:14:03.156+0000] {processor.py:925} INFO - DAG(s) 'example_python_decorator' retrieved from /home/airflow/.local/lib/python3.12/site-packages/airflow/example_dags/example_python_decorator.py
[2025-11-17T12:14:03.173+0000] {logging_mixin.py:190} INFO - [2025-11-17T12:14:03.173+0000] {dag.py:3239} INFO - Sync 1 DAGs
[2025-11-17T12:14:03.184+0000] {logging_mixin.py:190} INFO - [2025-11-17T12:14:03.184+0000] {dag.py:4180} INFO - Setting next_dagrun for example_python_decorator to None, run_after=None
[2025-11-17T12:14:03.198+0000] {processor.py:208} INFO - Processing /home/airflow/.local/lib/python3.12/site-packages/airflow/example_dags/example_python_decorator.py took 0.064 seconds
[2025-11-17T12:14:33.263+0000] {processor.py:186} INFO - Started process (PID=2514) to work on /home/airflow/.local/lib/python3.12/site-packages/airflow/example_dags/example_python_decorator.py
[2025-11-17T12:14:33.265+0000] {processor.py:914} INFO - Processing file /home/airflow/.local/lib/python3.12/site-packages/airflow/example_dags/example_python_decorator.py for tasks to queue
[2025-11-17T12:14:33.268+0000] {logging_mixin.py:190} INFO - [2025-11-17T12:14:33.267+0000] {dagbag.py:588} INFO - Filling up the DagBag from /home/airflow/.local/lib/python3.12/site-packages/airflow/example_dags/example_python_decorator.py
[2025-11-17T12:14:33.282+0000] {processor.py:925} INFO - DAG(s) 'example_python_decorator' retrieved from /home/airflow/.local/lib/python3.12/site-packages/airflow/example_dags/example_python_decorator.py
[2025-11-17T12:14:33.303+0000] {logging_mixin.py:190} INFO - [2025-11-17T12:14:33.303+0000] {dag.py:3239} INFO - Sync 1 DAGs
[2025-11-17T12:14:33.317+0000] {logging_mixin.py:190} INFO - [2025-11-17T12:14:33.317+0000] {dag.py:4180} INFO - Setting next_dagrun for example_python_decorator to None, run_after=None
[2025-11-17T12:14:33.340+0000] {processor.py:208} INFO - Processing /home/airflow/.local/lib/python3.12/site-packages/airflow/example_dags/example_python_decorator.py took 0.083 seconds
[2025-11-17T12:15:04.345+0000] {processor.py:186} INFO - Started process (PID=2580) to work on /home/airflow/.local/lib/python3.12/site-packages/airflow/example_dags/example_python_decorator.py
[2025-11-17T12:15:04.346+0000] {processor.py:914} INFO - Processing file /home/airflow/.local/lib/python3.12/site-packages/airflow/example_dags/example_python_decorator.py for tasks to queue
[2025-11-17T12:15:04.348+0000] {logging_mixin.py:190} INFO - [2025-11-17T12:15:04.348+0000] {dagbag.py:588} INFO - Filling up the DagBag from /home/airflow/.local/lib/python3.12/site-packages/airflow/example_dags/example_python_decorator.py
[2025-11-17T12:15:04.361+0000] {processor.py:925} INFO - DAG(s) 'example_python_decorator' retrieved from /home/airflow/.local/lib/python3.12/site-packages/airflow/example_dags/example_python_decorator.py
[2025-11-17T12:15:04.378+0000] {logging_mixin.py:190} INFO - [2025-11-17T12:15:04.377+0000] {dag.py:3239} INFO - Sync 1 DAGs
[2025-11-17T12:15:04.388+0000] {logging_mixin.py:190} INFO - [2025-11-17T12:15:04.388+0000] {dag.py:4180} INFO - Setting next_dagrun for example_python_decorator to None, run_after=None
[2025-11-17T12:15:04.403+0000] {processor.py:208} INFO - Processing /home/airflow/.local/lib/python3.12/site-packages/airflow/example_dags/example_python_decorator.py took 0.063 seconds
[2025-11-17T12:15:35.637+0000] {processor.py:186} INFO - Started process (PID=2646) to work on /home/airflow/.local/lib/python3.12/site-packages/airflow/example_dags/example_python_decorator.py
[2025-11-17T12:15:35.639+0000] {processor.py:914} INFO - Processing file /home/airflow/.local/lib/python3.12/site-packages/airflow/example_dags/example_python_decorator.py for tasks to queue
[2025-11-17T12:15:35.641+0000] {logging_mixin.py:190} INFO - [2025-11-17T12:15:35.640+0000] {dagbag.py:588} INFO - Filling up the DagBag from /home/airflow/.local/lib/python3.12/site-packages/airflow/example_dags/example_python_decorator.py
[2025-11-17T12:15:35.652+0000] {processor.py:925} INFO - DAG(s) 'example_python_decorator' retrieved from /home/airflow/.local/lib/python3.12/site-packages/airflow/example_dags/example_python_decorator.py
[2025-11-17T12:15:35.669+0000] {logging_mixin.py:190} INFO - [2025-11-17T12:15:35.668+0000] {dag.py:3239} INFO - Sync 1 DAGs
[2025-11-17T12:15:35.679+0000] {logging_mixin.py:190} INFO - [2025-11-17T12:15:35.679+0000] {dag.py:4180} INFO - Setting next_dagrun for example_python_decorator to None, run_after=None
[2025-11-17T12:15:35.692+0000] {processor.py:208} INFO - Processing /home/airflow/.local/lib/python3.12/site-packages/airflow/example_dags/example_python_decorator.py took 0.060 seconds
[2025-11-17T12:16:07.570+0000] {processor.py:186} INFO - Started process (PID=2720) to work on /home/airflow/.local/lib/python3.12/site-packages/airflow/example_dags/example_python_decorator.py
[2025-11-17T12:16:07.571+0000] {processor.py:914} INFO - Processing file /home/airflow/.local/lib/python3.12/site-packages/airflow/example_dags/example_python_decorator.py for tasks to queue
[2025-11-17T12:16:07.573+0000] {logging_mixin.py:190} INFO - [2025-11-17T12:16:07.573+0000] {dagbag.py:588} INFO - Filling up the DagBag from /home/airflow/.local/lib/python3.12/site-packages/airflow/example_dags/example_python_decorator.py
[2025-11-17T12:16:07.586+0000] {processor.py:925} INFO - DAG(s) 'example_python_decorator' retrieved from /home/airflow/.local/lib/python3.12/site-packages/airflow/example_dags/example_python_decorator.py
[2025-11-17T12:16:07.604+0000] {logging_mixin.py:190} INFO - [2025-11-17T12:16:07.604+0000] {dag.py:3239} INFO - Sync 1 DAGs
[2025-11-17T12:16:07.616+0000] {logging_mixin.py:190} INFO - [2025-11-17T12:16:07.616+0000] {dag.py:4180} INFO - Setting next_dagrun for example_python_decorator to None, run_after=None
[2025-11-17T12:16:07.633+0000] {processor.py:208} INFO - Processing /home/airflow/.local/lib/python3.12/site-packages/airflow/example_dags/example_python_decorator.py took 0.068 seconds
[2025-11-17T12:16:38.839+0000] {processor.py:186} INFO - Started process (PID=2786) to work on /home/airflow/.local/lib/python3.12/site-packages/airflow/example_dags/example_python_decorator.py
[2025-11-17T12:16:38.840+0000] {processor.py:914} INFO - Processing file /home/airflow/.local/lib/python3.12/site-packages/airflow/example_dags/example_python_decorator.py for tasks to queue
[2025-11-17T12:16:38.842+0000] {logging_mixin.py:190} INFO - [2025-11-17T12:16:38.841+0000] {dagbag.py:588} INFO - Filling up the DagBag from /home/airflow/.local/lib/python3.12/site-packages/airflow/example_dags/example_python_decorator.py
[2025-11-17T12:16:38.853+0000] {processor.py:925} INFO - DAG(s) 'example_python_decorator' retrieved from /home/airflow/.local/lib/python3.12/site-packages/airflow/example_dags/example_python_decorator.py
[2025-11-17T12:16:38.872+0000] {logging_mixin.py:190} INFO - [2025-11-17T12:16:38.872+0000] {dag.py:3239} INFO - Sync 1 DAGs
[2025-11-17T12:16:38.883+0000] {logging_mixin.py:190} INFO - [2025-11-17T12:16:38.882+0000] {dag.py:4180} INFO - Setting next_dagrun for example_python_decorator to None, run_after=None
[2025-11-17T12:16:38.897+0000] {processor.py:208} INFO - Processing /home/airflow/.local/lib/python3.12/site-packages/airflow/example_dags/example_python_decorator.py took 0.063 seconds
[2025-11-17T12:17:10.459+0000] {processor.py:186} INFO - Started process (PID=2852) to work on /home/airflow/.local/lib/python3.12/site-packages/airflow/example_dags/example_python_decorator.py
[2025-11-17T12:17:10.461+0000] {processor.py:914} INFO - Processing file /home/airflow/.local/lib/python3.12/site-packages/airflow/example_dags/example_python_decorator.py for tasks to queue
[2025-11-17T12:17:10.463+0000] {logging_mixin.py:190} INFO - [2025-11-17T12:17:10.463+0000] {dagbag.py:588} INFO - Filling up the DagBag from /home/airflow/.local/lib/python3.12/site-packages/airflow/example_dags/example_python_decorator.py
[2025-11-17T12:17:10.476+0000] {processor.py:925} INFO - DAG(s) 'example_python_decorator' retrieved from /home/airflow/.local/lib/python3.12/site-packages/airflow/example_dags/example_python_decorator.py
[2025-11-17T12:17:10.494+0000] {logging_mixin.py:190} INFO - [2025-11-17T12:17:10.494+0000] {dag.py:3239} INFO - Sync 1 DAGs
[2025-11-17T12:17:10.506+0000] {logging_mixin.py:190} INFO - [2025-11-17T12:17:10.506+0000] {dag.py:4180} INFO - Setting next_dagrun for example_python_decorator to None, run_after=None
[2025-11-17T12:17:10.520+0000] {processor.py:208} INFO - Processing /home/airflow/.local/lib/python3.12/site-packages/airflow/example_dags/example_python_decorator.py took 0.066 seconds
[2025-11-17T12:17:40.858+0000] {processor.py:186} INFO - Started process (PID=2918) to work on /home/airflow/.local/lib/python3.12/site-packages/airflow/example_dags/example_python_decorator.py
[2025-11-17T12:17:40.859+0000] {processor.py:914} INFO - Processing file /home/airflow/.local/lib/python3.12/site-packages/airflow/example_dags/example_python_decorator.py for tasks to queue
[2025-11-17T12:17:40.861+0000] {logging_mixin.py:190} INFO - [2025-11-17T12:17:40.861+0000] {dagbag.py:588} INFO - Filling up the DagBag from /home/airflow/.local/lib/python3.12/site-packages/airflow/example_dags/example_python_decorator.py
[2025-11-17T12:17:40.873+0000] {processor.py:925} INFO - DAG(s) 'example_python_decorator' retrieved from /home/airflow/.local/lib/python3.12/site-packages/airflow/example_dags/example_python_decorator.py
[2025-11-17T12:17:40.897+0000] {logging_mixin.py:190} INFO - [2025-11-17T12:17:40.897+0000] {dag.py:3239} INFO - Sync 1 DAGs
[2025-11-17T12:17:40.911+0000] {logging_mixin.py:190} INFO - [2025-11-17T12:17:40.911+0000] {dag.py:4180} INFO - Setting next_dagrun for example_python_decorator to None, run_after=None
[2025-11-17T12:17:40.927+0000] {processor.py:208} INFO - Processing /home/airflow/.local/lib/python3.12/site-packages/airflow/example_dags/example_python_decorator.py took 0.075 seconds
[2025-11-17T12:18:12.111+0000] {processor.py:186} INFO - Started process (PID=2984) to work on /home/airflow/.local/lib/python3.12/site-packages/airflow/example_dags/example_python_decorator.py
[2025-11-17T12:18:12.113+0000] {processor.py:914} INFO - Processing file /home/airflow/.local/lib/python3.12/site-packages/airflow/example_dags/example_python_decorator.py for tasks to queue
[2025-11-17T12:18:12.115+0000] {logging_mixin.py:190} INFO - [2025-11-17T12:18:12.115+0000] {dagbag.py:588} INFO - Filling up the DagBag from /home/airflow/.local/lib/python3.12/site-packages/airflow/example_dags/example_python_decorator.py
[2025-11-17T12:18:12.127+0000] {processor.py:925} INFO - DAG(s) 'example_python_decorator' retrieved from /home/airflow/.local/lib/python3.12/site-packages/airflow/example_dags/example_python_decorator.py
[2025-11-17T12:18:12.145+0000] {logging_mixin.py:190} INFO - [2025-11-17T12:18:12.145+0000] {dag.py:3239} INFO - Sync 1 DAGs
[2025-11-17T12:18:12.157+0000] {logging_mixin.py:190} INFO - [2025-11-17T12:18:12.156+0000] {dag.py:4180} INFO - Setting next_dagrun for example_python_decorator to None, run_after=None
[2025-11-17T12:18:12.181+0000] {processor.py:208} INFO - Processing /home/airflow/.local/lib/python3.12/site-packages/airflow/example_dags/example_python_decorator.py took 0.077 seconds
[2025-11-17T12:18:42.673+0000] {processor.py:186} INFO - Started process (PID=3050) to work on /home/airflow/.local/lib/python3.12/site-packages/airflow/example_dags/example_python_decorator.py
[2025-11-17T12:18:42.674+0000] {processor.py:914} INFO - Processing file /home/airflow/.local/lib/python3.12/site-packages/airflow/example_dags/example_python_decorator.py for tasks to queue
[2025-11-17T12:18:42.676+0000] {logging_mixin.py:190} INFO - [2025-11-17T12:18:42.676+0000] {dagbag.py:588} INFO - Filling up the DagBag from /home/airflow/.local/lib/python3.12/site-packages/airflow/example_dags/example_python_decorator.py
[2025-11-17T12:18:42.688+0000] {processor.py:925} INFO - DAG(s) 'example_python_decorator' retrieved from /home/airflow/.local/lib/python3.12/site-packages/airflow/example_dags/example_python_decorator.py
[2025-11-17T12:18:42.704+0000] {logging_mixin.py:190} INFO - [2025-11-17T12:18:42.704+0000] {dag.py:3239} INFO - Sync 1 DAGs
[2025-11-17T12:18:42.714+0000] {logging_mixin.py:190} INFO - [2025-11-17T12:18:42.714+0000] {dag.py:4180} INFO - Setting next_dagrun for example_python_decorator to None, run_after=None
[2025-11-17T12:18:42.728+0000] {processor.py:208} INFO - Processing /home/airflow/.local/lib/python3.12/site-packages/airflow/example_dags/example_python_decorator.py took 0.061 seconds
[2025-11-17T12:19:13.300+0000] {processor.py:186} INFO - Started process (PID=3116) to work on /home/airflow/.local/lib/python3.12/site-packages/airflow/example_dags/example_python_decorator.py
[2025-11-17T12:19:13.301+0000] {processor.py:914} INFO - Processing file /home/airflow/.local/lib/python3.12/site-packages/airflow/example_dags/example_python_decorator.py for tasks to queue
[2025-11-17T12:19:13.303+0000] {logging_mixin.py:190} INFO - [2025-11-17T12:19:13.303+0000] {dagbag.py:588} INFO - Filling up the DagBag from /home/airflow/.local/lib/python3.12/site-packages/airflow/example_dags/example_python_decorator.py
[2025-11-17T12:19:13.314+0000] {processor.py:925} INFO - DAG(s) 'example_python_decorator' retrieved from /home/airflow/.local/lib/python3.12/site-packages/airflow/example_dags/example_python_decorator.py
[2025-11-17T12:19:13.331+0000] {logging_mixin.py:190} INFO - [2025-11-17T12:19:13.331+0000] {dag.py:3239} INFO - Sync 1 DAGs
[2025-11-17T12:19:13.342+0000] {logging_mixin.py:190} INFO - [2025-11-17T12:19:13.342+0000] {dag.py:4180} INFO - Setting next_dagrun for example_python_decorator to None, run_after=None
[2025-11-17T12:19:13.356+0000] {processor.py:208} INFO - Processing /home/airflow/.local/lib/python3.12/site-packages/airflow/example_dags/example_python_decorator.py took 0.061 seconds
[2025-11-17T12:19:43.974+0000] {processor.py:186} INFO - Started process (PID=3182) to work on /home/airflow/.local/lib/python3.12/site-packages/airflow/example_dags/example_python_decorator.py
[2025-11-17T12:19:43.975+0000] {processor.py:914} INFO - Processing file /home/airflow/.local/lib/python3.12/site-packages/airflow/example_dags/example_python_decorator.py for tasks to queue
[2025-11-17T12:19:43.977+0000] {logging_mixin.py:190} INFO - [2025-11-17T12:19:43.976+0000] {dagbag.py:588} INFO - Filling up the DagBag from /home/airflow/.local/lib/python3.12/site-packages/airflow/example_dags/example_python_decorator.py
[2025-11-17T12:19:43.989+0000] {processor.py:925} INFO - DAG(s) 'example_python_decorator' retrieved from /home/airflow/.local/lib/python3.12/site-packages/airflow/example_dags/example_python_decorator.py
[2025-11-17T12:19:44.007+0000] {logging_mixin.py:190} INFO - [2025-11-17T12:19:44.006+0000] {dag.py:3239} INFO - Sync 1 DAGs
[2025-11-17T12:19:44.017+0000] {logging_mixin.py:190} INFO - [2025-11-17T12:19:44.017+0000] {dag.py:4180} INFO - Setting next_dagrun for example_python_decorator to None, run_after=None
[2025-11-17T12:19:44.033+0000] {processor.py:208} INFO - Processing /home/airflow/.local/lib/python3.12/site-packages/airflow/example_dags/example_python_decorator.py took 0.064 seconds
[2025-11-17T12:20:15.527+0000] {processor.py:186} INFO - Started process (PID=3248) to work on /home/airflow/.local/lib/python3.12/site-packages/airflow/example_dags/example_python_decorator.py
[2025-11-17T12:20:15.529+0000] {processor.py:914} INFO - Processing file /home/airflow/.local/lib/python3.12/site-packages/airflow/example_dags/example_python_decorator.py for tasks to queue
[2025-11-17T12:20:15.531+0000] {logging_mixin.py:190} INFO - [2025-11-17T12:20:15.531+0000] {dagbag.py:588} INFO - Filling up the DagBag from /home/airflow/.local/lib/python3.12/site-packages/airflow/example_dags/example_python_decorator.py
[2025-11-17T12:20:15.543+0000] {processor.py:925} INFO - DAG(s) 'example_python_decorator' retrieved from /home/airflow/.local/lib/python3.12/site-packages/airflow/example_dags/example_python_decorator.py
[2025-11-17T12:20:15.561+0000] {logging_mixin.py:190} INFO - [2025-11-17T12:20:15.561+0000] {dag.py:3239} INFO - Sync 1 DAGs
[2025-11-17T12:20:15.571+0000] {logging_mixin.py:190} INFO - [2025-11-17T12:20:15.571+0000] {dag.py:4180} INFO - Setting next_dagrun for example_python_decorator to None, run_after=None
[2025-11-17T12:20:15.586+0000] {processor.py:208} INFO - Processing /home/airflow/.local/lib/python3.12/site-packages/airflow/example_dags/example_python_decorator.py took 0.064 seconds
[2025-11-17T12:20:47.032+0000] {processor.py:186} INFO - Started process (PID=3319) to work on /home/airflow/.local/lib/python3.12/site-packages/airflow/example_dags/example_python_decorator.py
[2025-11-17T12:20:47.034+0000] {processor.py:914} INFO - Processing file /home/airflow/.local/lib/python3.12/site-packages/airflow/example_dags/example_python_decorator.py for tasks to queue
[2025-11-17T12:20:47.036+0000] {logging_mixin.py:190} INFO - [2025-11-17T12:20:47.035+0000] {dagbag.py:588} INFO - Filling up the DagBag from /home/airflow/.local/lib/python3.12/site-packages/airflow/example_dags/example_python_decorator.py
[2025-11-17T12:20:47.047+0000] {processor.py:925} INFO - DAG(s) 'example_python_decorator' retrieved from /home/airflow/.local/lib/python3.12/site-packages/airflow/example_dags/example_python_decorator.py
[2025-11-17T12:20:47.066+0000] {logging_mixin.py:190} INFO - [2025-11-17T12:20:47.066+0000] {dag.py:3239} INFO - Sync 1 DAGs
[2025-11-17T12:20:47.078+0000] {logging_mixin.py:190} INFO - [2025-11-17T12:20:47.078+0000] {dag.py:4180} INFO - Setting next_dagrun for example_python_decorator to None, run_after=None
[2025-11-17T12:20:47.093+0000] {processor.py:208} INFO - Processing /home/airflow/.local/lib/python3.12/site-packages/airflow/example_dags/example_python_decorator.py took 0.066 seconds
[2025-11-17T12:21:17.695+0000] {processor.py:186} INFO - Started process (PID=3392) to work on /home/airflow/.local/lib/python3.12/site-packages/airflow/example_dags/example_python_decorator.py
[2025-11-17T12:21:17.696+0000] {processor.py:914} INFO - Processing file /home/airflow/.local/lib/python3.12/site-packages/airflow/example_dags/example_python_decorator.py for tasks to queue
[2025-11-17T12:21:17.698+0000] {logging_mixin.py:190} INFO - [2025-11-17T12:21:17.698+0000] {dagbag.py:588} INFO - Filling up the DagBag from /home/airflow/.local/lib/python3.12/site-packages/airflow/example_dags/example_python_decorator.py
[2025-11-17T12:21:17.709+0000] {processor.py:925} INFO - DAG(s) 'example_python_decorator' retrieved from /home/airflow/.local/lib/python3.12/site-packages/airflow/example_dags/example_python_decorator.py
[2025-11-17T12:21:17.732+0000] {logging_mixin.py:190} INFO - [2025-11-17T12:21:17.732+0000] {dag.py:3239} INFO - Sync 1 DAGs
[2025-11-17T12:21:17.745+0000] {logging_mixin.py:190} INFO - [2025-11-17T12:21:17.745+0000] {dag.py:4180} INFO - Setting next_dagrun for example_python_decorator to None, run_after=None
[2025-11-17T12:21:17.760+0000] {processor.py:208} INFO - Processing /home/airflow/.local/lib/python3.12/site-packages/airflow/example_dags/example_python_decorator.py took 0.069 seconds
[2025-11-17T12:21:48.645+0000] {processor.py:186} INFO - Started process (PID=3458) to work on /home/airflow/.local/lib/python3.12/site-packages/airflow/example_dags/example_python_decorator.py
[2025-11-17T12:21:48.646+0000] {processor.py:914} INFO - Processing file /home/airflow/.local/lib/python3.12/site-packages/airflow/example_dags/example_python_decorator.py for tasks to queue
[2025-11-17T12:21:48.648+0000] {logging_mixin.py:190} INFO - [2025-11-17T12:21:48.647+0000] {dagbag.py:588} INFO - Filling up the DagBag from /home/airflow/.local/lib/python3.12/site-packages/airflow/example_dags/example_python_decorator.py
[2025-11-17T12:21:48.660+0000] {processor.py:925} INFO - DAG(s) 'example_python_decorator' retrieved from /home/airflow/.local/lib/python3.12/site-packages/airflow/example_dags/example_python_decorator.py
[2025-11-17T12:21:48.676+0000] {logging_mixin.py:190} INFO - [2025-11-17T12:21:48.676+0000] {dag.py:3239} INFO - Sync 1 DAGs
[2025-11-17T12:21:48.687+0000] {logging_mixin.py:190} INFO - [2025-11-17T12:21:48.687+0000] {dag.py:4180} INFO - Setting next_dagrun for example_python_decorator to None, run_after=None
[2025-11-17T12:21:48.703+0000] {processor.py:208} INFO - Processing /home/airflow/.local/lib/python3.12/site-packages/airflow/example_dags/example_python_decorator.py took 0.063 seconds
[2025-11-17T12:22:19.107+0000] {processor.py:186} INFO - Started process (PID=3524) to work on /home/airflow/.local/lib/python3.12/site-packages/airflow/example_dags/example_python_decorator.py
[2025-11-17T12:22:19.108+0000] {processor.py:914} INFO - Processing file /home/airflow/.local/lib/python3.12/site-packages/airflow/example_dags/example_python_decorator.py for tasks to queue
[2025-11-17T12:22:19.111+0000] {logging_mixin.py:190} INFO - [2025-11-17T12:22:19.111+0000] {dagbag.py:588} INFO - Filling up the DagBag from /home/airflow/.local/lib/python3.12/site-packages/airflow/example_dags/example_python_decorator.py
[2025-11-17T12:22:19.124+0000] {processor.py:925} INFO - DAG(s) 'example_python_decorator' retrieved from /home/airflow/.local/lib/python3.12/site-packages/airflow/example_dags/example_python_decorator.py
[2025-11-17T12:22:19.144+0000] {logging_mixin.py:190} INFO - [2025-11-17T12:22:19.144+0000] {dag.py:3239} INFO - Sync 1 DAGs
[2025-11-17T12:22:19.156+0000] {logging_mixin.py:190} INFO - [2025-11-17T12:22:19.156+0000] {dag.py:4180} INFO - Setting next_dagrun for example_python_decorator to None, run_after=None
[2025-11-17T12:22:19.171+0000] {processor.py:208} INFO - Processing /home/airflow/.local/lib/python3.12/site-packages/airflow/example_dags/example_python_decorator.py took 0.069 seconds
[2025-11-17T12:22:50.073+0000] {processor.py:186} INFO - Started process (PID=3590) to work on /home/airflow/.local/lib/python3.12/site-packages/airflow/example_dags/example_python_decorator.py
[2025-11-17T12:22:50.074+0000] {processor.py:914} INFO - Processing file /home/airflow/.local/lib/python3.12/site-packages/airflow/example_dags/example_python_decorator.py for tasks to queue
[2025-11-17T12:22:50.077+0000] {logging_mixin.py:190} INFO - [2025-11-17T12:22:50.076+0000] {dagbag.py:588} INFO - Filling up the DagBag from /home/airflow/.local/lib/python3.12/site-packages/airflow/example_dags/example_python_decorator.py
[2025-11-17T12:22:50.089+0000] {processor.py:925} INFO - DAG(s) 'example_python_decorator' retrieved from /home/airflow/.local/lib/python3.12/site-packages/airflow/example_dags/example_python_decorator.py
[2025-11-17T12:22:50.107+0000] {logging_mixin.py:190} INFO - [2025-11-17T12:22:50.107+0000] {dag.py:3239} INFO - Sync 1 DAGs
[2025-11-17T12:22:50.117+0000] {logging_mixin.py:190} INFO - [2025-11-17T12:22:50.117+0000] {dag.py:4180} INFO - Setting next_dagrun for example_python_decorator to None, run_after=None
[2025-11-17T12:22:50.133+0000] {processor.py:208} INFO - Processing /home/airflow/.local/lib/python3.12/site-packages/airflow/example_dags/example_python_decorator.py took 0.065 seconds
[2025-11-17T12:23:21.381+0000] {processor.py:186} INFO - Started process (PID=3656) to work on /home/airflow/.local/lib/python3.12/site-packages/airflow/example_dags/example_python_decorator.py
[2025-11-17T12:23:21.382+0000] {processor.py:914} INFO - Processing file /home/airflow/.local/lib/python3.12/site-packages/airflow/example_dags/example_python_decorator.py for tasks to queue
[2025-11-17T12:23:21.384+0000] {logging_mixin.py:190} INFO - [2025-11-17T12:23:21.383+0000] {dagbag.py:588} INFO - Filling up the DagBag from /home/airflow/.local/lib/python3.12/site-packages/airflow/example_dags/example_python_decorator.py
[2025-11-17T12:23:21.396+0000] {processor.py:925} INFO - DAG(s) 'example_python_decorator' retrieved from /home/airflow/.local/lib/python3.12/site-packages/airflow/example_dags/example_python_decorator.py
[2025-11-17T12:23:21.411+0000] {logging_mixin.py:190} INFO - [2025-11-17T12:23:21.411+0000] {dag.py:3239} INFO - Sync 1 DAGs
[2025-11-17T12:23:21.422+0000] {logging_mixin.py:190} INFO - [2025-11-17T12:23:21.422+0000] {dag.py:4180} INFO - Setting next_dagrun for example_python_decorator to None, run_after=None
[2025-11-17T12:23:21.436+0000] {processor.py:208} INFO - Processing /home/airflow/.local/lib/python3.12/site-packages/airflow/example_dags/example_python_decorator.py took 0.060 seconds
[2025-11-17T12:23:52.825+0000] {processor.py:186} INFO - Started process (PID=3730) to work on /home/airflow/.local/lib/python3.12/site-packages/airflow/example_dags/example_python_decorator.py
[2025-11-17T12:23:52.827+0000] {processor.py:914} INFO - Processing file /home/airflow/.local/lib/python3.12/site-packages/airflow/example_dags/example_python_decorator.py for tasks to queue
[2025-11-17T12:23:52.829+0000] {logging_mixin.py:190} INFO - [2025-11-17T12:23:52.829+0000] {dagbag.py:588} INFO - Filling up the DagBag from /home/airflow/.local/lib/python3.12/site-packages/airflow/example_dags/example_python_decorator.py
[2025-11-17T12:23:52.842+0000] {processor.py:925} INFO - DAG(s) 'example_python_decorator' retrieved from /home/airflow/.local/lib/python3.12/site-packages/airflow/example_dags/example_python_decorator.py
[2025-11-17T12:23:52.861+0000] {logging_mixin.py:190} INFO - [2025-11-17T12:23:52.861+0000] {dag.py:3239} INFO - Sync 1 DAGs
[2025-11-17T12:23:52.873+0000] {logging_mixin.py:190} INFO - [2025-11-17T12:23:52.872+0000] {dag.py:4180} INFO - Setting next_dagrun for example_python_decorator to None, run_after=None
[2025-11-17T12:23:52.888+0000] {processor.py:208} INFO - Processing /home/airflow/.local/lib/python3.12/site-packages/airflow/example_dags/example_python_decorator.py took 0.067 seconds
[2025-11-17T12:24:23.649+0000] {processor.py:186} INFO - Started process (PID=3796) to work on /home/airflow/.local/lib/python3.12/site-packages/airflow/example_dags/example_python_decorator.py
[2025-11-17T12:24:23.650+0000] {processor.py:914} INFO - Processing file /home/airflow/.local/lib/python3.12/site-packages/airflow/example_dags/example_python_decorator.py for tasks to queue
[2025-11-17T12:24:23.652+0000] {logging_mixin.py:190} INFO - [2025-11-17T12:24:23.652+0000] {dagbag.py:588} INFO - Filling up the DagBag from /home/airflow/.local/lib/python3.12/site-packages/airflow/example_dags/example_python_decorator.py
[2025-11-17T12:24:23.664+0000] {processor.py:925} INFO - DAG(s) 'example_python_decorator' retrieved from /home/airflow/.local/lib/python3.12/site-packages/airflow/example_dags/example_python_decorator.py
[2025-11-17T12:24:23.681+0000] {logging_mixin.py:190} INFO - [2025-11-17T12:24:23.681+0000] {dag.py:3239} INFO - Sync 1 DAGs
[2025-11-17T12:24:23.692+0000] {logging_mixin.py:190} INFO - [2025-11-17T12:24:23.692+0000] {dag.py:4180} INFO - Setting next_dagrun for example_python_decorator to None, run_after=None
[2025-11-17T12:24:23.707+0000] {processor.py:208} INFO - Processing /home/airflow/.local/lib/python3.12/site-packages/airflow/example_dags/example_python_decorator.py took 0.063 seconds
[2025-11-17T12:24:54.654+0000] {processor.py:186} INFO - Started process (PID=3862) to work on /home/airflow/.local/lib/python3.12/site-packages/airflow/example_dags/example_python_decorator.py
[2025-11-17T12:24:54.655+0000] {processor.py:914} INFO - Processing file /home/airflow/.local/lib/python3.12/site-packages/airflow/example_dags/example_python_decorator.py for tasks to queue
[2025-11-17T12:24:54.659+0000] {logging_mixin.py:190} INFO - [2025-11-17T12:24:54.658+0000] {dagbag.py:588} INFO - Filling up the DagBag from /home/airflow/.local/lib/python3.12/site-packages/airflow/example_dags/example_python_decorator.py
[2025-11-17T12:24:54.673+0000] {processor.py:925} INFO - DAG(s) 'example_python_decorator' retrieved from /home/airflow/.local/lib/python3.12/site-packages/airflow/example_dags/example_python_decorator.py
[2025-11-17T12:24:54.695+0000] {logging_mixin.py:190} INFO - [2025-11-17T12:24:54.695+0000] {dag.py:3239} INFO - Sync 1 DAGs
[2025-11-17T12:24:54.708+0000] {logging_mixin.py:190} INFO - [2025-11-17T12:24:54.708+0000] {dag.py:4180} INFO - Setting next_dagrun for example_python_decorator to None, run_after=None
[2025-11-17T12:24:54.726+0000] {processor.py:208} INFO - Processing /home/airflow/.local/lib/python3.12/site-packages/airflow/example_dags/example_python_decorator.py took 0.077 seconds
[2025-11-17T12:25:25.419+0000] {processor.py:186} INFO - Started process (PID=3928) to work on /home/airflow/.local/lib/python3.12/site-packages/airflow/example_dags/example_python_decorator.py
[2025-11-17T12:25:25.420+0000] {processor.py:914} INFO - Processing file /home/airflow/.local/lib/python3.12/site-packages/airflow/example_dags/example_python_decorator.py for tasks to queue
[2025-11-17T12:25:25.422+0000] {logging_mixin.py:190} INFO - [2025-11-17T12:25:25.422+0000] {dagbag.py:588} INFO - Filling up the DagBag from /home/airflow/.local/lib/python3.12/site-packages/airflow/example_dags/example_python_decorator.py
[2025-11-17T12:25:25.435+0000] {processor.py:925} INFO - DAG(s) 'example_python_decorator' retrieved from /home/airflow/.local/lib/python3.12/site-packages/airflow/example_dags/example_python_decorator.py
[2025-11-17T12:25:25.455+0000] {logging_mixin.py:190} INFO - [2025-11-17T12:25:25.454+0000] {dag.py:3239} INFO - Sync 1 DAGs
[2025-11-17T12:25:25.467+0000] {logging_mixin.py:190} INFO - [2025-11-17T12:25:25.467+0000] {dag.py:4180} INFO - Setting next_dagrun for example_python_decorator to None, run_after=None
[2025-11-17T12:25:25.483+0000] {processor.py:208} INFO - Processing /home/airflow/.local/lib/python3.12/site-packages/airflow/example_dags/example_python_decorator.py took 0.068 seconds
[2025-11-17T12:25:56.428+0000] {processor.py:186} INFO - Started process (PID=3995) to work on /home/airflow/.local/lib/python3.12/site-packages/airflow/example_dags/example_python_decorator.py
[2025-11-17T12:25:56.429+0000] {processor.py:914} INFO - Processing file /home/airflow/.local/lib/python3.12/site-packages/airflow/example_dags/example_python_decorator.py for tasks to queue
[2025-11-17T12:25:56.431+0000] {logging_mixin.py:190} INFO - [2025-11-17T12:25:56.431+0000] {dagbag.py:588} INFO - Filling up the DagBag from /home/airflow/.local/lib/python3.12/site-packages/airflow/example_dags/example_python_decorator.py
[2025-11-17T12:25:56.442+0000] {processor.py:925} INFO - DAG(s) 'example_python_decorator' retrieved from /home/airflow/.local/lib/python3.12/site-packages/airflow/example_dags/example_python_decorator.py
[2025-11-17T12:25:56.458+0000] {logging_mixin.py:190} INFO - [2025-11-17T12:25:56.458+0000] {dag.py:3239} INFO - Sync 1 DAGs
[2025-11-17T12:25:56.468+0000] {logging_mixin.py:190} INFO - [2025-11-17T12:25:56.467+0000] {dag.py:4180} INFO - Setting next_dagrun for example_python_decorator to None, run_after=None
[2025-11-17T12:25:56.491+0000] {processor.py:208} INFO - Processing /home/airflow/.local/lib/python3.12/site-packages/airflow/example_dags/example_python_decorator.py took 0.067 seconds
[2025-11-17T12:26:27.310+0000] {processor.py:186} INFO - Started process (PID=4067) to work on /home/airflow/.local/lib/python3.12/site-packages/airflow/example_dags/example_python_decorator.py
[2025-11-17T12:26:27.311+0000] {processor.py:914} INFO - Processing file /home/airflow/.local/lib/python3.12/site-packages/airflow/example_dags/example_python_decorator.py for tasks to queue
[2025-11-17T12:26:27.313+0000] {logging_mixin.py:190} INFO - [2025-11-17T12:26:27.313+0000] {dagbag.py:588} INFO - Filling up the DagBag from /home/airflow/.local/lib/python3.12/site-packages/airflow/example_dags/example_python_decorator.py
[2025-11-17T12:26:27.328+0000] {processor.py:925} INFO - DAG(s) 'example_python_decorator' retrieved from /home/airflow/.local/lib/python3.12/site-packages/airflow/example_dags/example_python_decorator.py
[2025-11-17T12:26:27.348+0000] {logging_mixin.py:190} INFO - [2025-11-17T12:26:27.348+0000] {dag.py:3239} INFO - Sync 1 DAGs
[2025-11-17T12:26:27.361+0000] {logging_mixin.py:190} INFO - [2025-11-17T12:26:27.361+0000] {dag.py:4180} INFO - Setting next_dagrun for example_python_decorator to None, run_after=None
[2025-11-17T12:26:27.378+0000] {processor.py:208} INFO - Processing /home/airflow/.local/lib/python3.12/site-packages/airflow/example_dags/example_python_decorator.py took 0.073 seconds
[2025-11-17T12:26:58.209+0000] {processor.py:186} INFO - Started process (PID=4133) to work on /home/airflow/.local/lib/python3.12/site-packages/airflow/example_dags/example_python_decorator.py
[2025-11-17T12:26:58.210+0000] {processor.py:914} INFO - Processing file /home/airflow/.local/lib/python3.12/site-packages/airflow/example_dags/example_python_decorator.py for tasks to queue
[2025-11-17T12:26:58.212+0000] {logging_mixin.py:190} INFO - [2025-11-17T12:26:58.212+0000] {dagbag.py:588} INFO - Filling up the DagBag from /home/airflow/.local/lib/python3.12/site-packages/airflow/example_dags/example_python_decorator.py
[2025-11-17T12:26:58.226+0000] {processor.py:925} INFO - DAG(s) 'example_python_decorator' retrieved from /home/airflow/.local/lib/python3.12/site-packages/airflow/example_dags/example_python_decorator.py
[2025-11-17T12:26:58.244+0000] {logging_mixin.py:190} INFO - [2025-11-17T12:26:58.244+0000] {dag.py:3239} INFO - Sync 1 DAGs
[2025-11-17T12:26:58.257+0000] {logging_mixin.py:190} INFO - [2025-11-17T12:26:58.257+0000] {dag.py:4180} INFO - Setting next_dagrun for example_python_decorator to None, run_after=None
[2025-11-17T12:26:58.273+0000] {processor.py:208} INFO - Processing /home/airflow/.local/lib/python3.12/site-packages/airflow/example_dags/example_python_decorator.py took 0.070 seconds
[2025-11-17T12:27:29.039+0000] {processor.py:186} INFO - Started process (PID=4199) to work on /home/airflow/.local/lib/python3.12/site-packages/airflow/example_dags/example_python_decorator.py
[2025-11-17T12:27:29.041+0000] {processor.py:914} INFO - Processing file /home/airflow/.local/lib/python3.12/site-packages/airflow/example_dags/example_python_decorator.py for tasks to queue
[2025-11-17T12:27:29.044+0000] {logging_mixin.py:190} INFO - [2025-11-17T12:27:29.043+0000] {dagbag.py:588} INFO - Filling up the DagBag from /home/airflow/.local/lib/python3.12/site-packages/airflow/example_dags/example_python_decorator.py
[2025-11-17T12:27:29.057+0000] {processor.py:925} INFO - DAG(s) 'example_python_decorator' retrieved from /home/airflow/.local/lib/python3.12/site-packages/airflow/example_dags/example_python_decorator.py
[2025-11-17T12:27:29.077+0000] {logging_mixin.py:190} INFO - [2025-11-17T12:27:29.077+0000] {dag.py:3239} INFO - Sync 1 DAGs
[2025-11-17T12:27:29.090+0000] {logging_mixin.py:190} INFO - [2025-11-17T12:27:29.090+0000] {dag.py:4180} INFO - Setting next_dagrun for example_python_decorator to None, run_after=None
[2025-11-17T12:27:29.114+0000] {processor.py:208} INFO - Processing /home/airflow/.local/lib/python3.12/site-packages/airflow/example_dags/example_python_decorator.py took 0.080 seconds
[2025-11-17T12:27:59.629+0000] {processor.py:186} INFO - Started process (PID=4264) to work on /home/airflow/.local/lib/python3.12/site-packages/airflow/example_dags/example_python_decorator.py
[2025-11-17T12:27:59.630+0000] {processor.py:914} INFO - Processing file /home/airflow/.local/lib/python3.12/site-packages/airflow/example_dags/example_python_decorator.py for tasks to queue
[2025-11-17T12:27:59.632+0000] {logging_mixin.py:190} INFO - [2025-11-17T12:27:59.632+0000] {dagbag.py:588} INFO - Filling up the DagBag from /home/airflow/.local/lib/python3.12/site-packages/airflow/example_dags/example_python_decorator.py
[2025-11-17T12:27:59.643+0000] {processor.py:925} INFO - DAG(s) 'example_python_decorator' retrieved from /home/airflow/.local/lib/python3.12/site-packages/airflow/example_dags/example_python_decorator.py
[2025-11-17T12:27:59.660+0000] {logging_mixin.py:190} INFO - [2025-11-17T12:27:59.659+0000] {dag.py:3239} INFO - Sync 1 DAGs
[2025-11-17T12:27:59.670+0000] {logging_mixin.py:190} INFO - [2025-11-17T12:27:59.670+0000] {dag.py:4180} INFO - Setting next_dagrun for example_python_decorator to None, run_after=None
[2025-11-17T12:27:59.685+0000] {processor.py:208} INFO - Processing /home/airflow/.local/lib/python3.12/site-packages/airflow/example_dags/example_python_decorator.py took 0.061 seconds
[2025-11-17T12:28:30.283+0000] {processor.py:186} INFO - Started process (PID=4332) to work on /home/airflow/.local/lib/python3.12/site-packages/airflow/example_dags/example_python_decorator.py
[2025-11-17T12:28:30.284+0000] {processor.py:914} INFO - Processing file /home/airflow/.local/lib/python3.12/site-packages/airflow/example_dags/example_python_decorator.py for tasks to queue
[2025-11-17T12:28:30.286+0000] {logging_mixin.py:190} INFO - [2025-11-17T12:28:30.286+0000] {dagbag.py:588} INFO - Filling up the DagBag from /home/airflow/.local/lib/python3.12/site-packages/airflow/example_dags/example_python_decorator.py
[2025-11-17T12:28:30.299+0000] {processor.py:925} INFO - DAG(s) 'example_python_decorator' retrieved from /home/airflow/.local/lib/python3.12/site-packages/airflow/example_dags/example_python_decorator.py
[2025-11-17T12:28:30.321+0000] {logging_mixin.py:190} INFO - [2025-11-17T12:28:30.321+0000] {dag.py:3239} INFO - Sync 1 DAGs
[2025-11-17T12:28:30.335+0000] {logging_mixin.py:190} INFO - [2025-11-17T12:28:30.335+0000] {dag.py:4180} INFO - Setting next_dagrun for example_python_decorator to None, run_after=None
[2025-11-17T12:28:30.351+0000] {processor.py:208} INFO - Processing /home/airflow/.local/lib/python3.12/site-packages/airflow/example_dags/example_python_decorator.py took 0.073 seconds
[2025-11-17T12:29:00.439+0000] {processor.py:186} INFO - Started process (PID=4398) to work on /home/airflow/.local/lib/python3.12/site-packages/airflow/example_dags/example_python_decorator.py
[2025-11-17T12:29:00.440+0000] {processor.py:914} INFO - Processing file /home/airflow/.local/lib/python3.12/site-packages/airflow/example_dags/example_python_decorator.py for tasks to queue
[2025-11-17T12:29:00.443+0000] {logging_mixin.py:190} INFO - [2025-11-17T12:29:00.442+0000] {dagbag.py:588} INFO - Filling up the DagBag from /home/airflow/.local/lib/python3.12/site-packages/airflow/example_dags/example_python_decorator.py
[2025-11-17T12:29:00.454+0000] {processor.py:925} INFO - DAG(s) 'example_python_decorator' retrieved from /home/airflow/.local/lib/python3.12/site-packages/airflow/example_dags/example_python_decorator.py
[2025-11-17T12:29:00.473+0000] {logging_mixin.py:190} INFO - [2025-11-17T12:29:00.473+0000] {dag.py:3239} INFO - Sync 1 DAGs
[2025-11-17T12:29:00.487+0000] {logging_mixin.py:190} INFO - [2025-11-17T12:29:00.486+0000] {dag.py:4180} INFO - Setting next_dagrun for example_python_decorator to None, run_after=None
[2025-11-17T12:29:00.507+0000] {processor.py:208} INFO - Processing /home/airflow/.local/lib/python3.12/site-packages/airflow/example_dags/example_python_decorator.py took 0.072 seconds
[2025-11-17T12:29:31.159+0000] {processor.py:186} INFO - Started process (PID=4461) to work on /home/airflow/.local/lib/python3.12/site-packages/airflow/example_dags/example_python_decorator.py
[2025-11-17T12:29:31.160+0000] {processor.py:914} INFO - Processing file /home/airflow/.local/lib/python3.12/site-packages/airflow/example_dags/example_python_decorator.py for tasks to queue
[2025-11-17T12:29:31.163+0000] {logging_mixin.py:190} INFO - [2025-11-17T12:29:31.162+0000] {dagbag.py:588} INFO - Filling up the DagBag from /home/airflow/.local/lib/python3.12/site-packages/airflow/example_dags/example_python_decorator.py
[2025-11-17T12:29:31.176+0000] {processor.py:925} INFO - DAG(s) 'example_python_decorator' retrieved from /home/airflow/.local/lib/python3.12/site-packages/airflow/example_dags/example_python_decorator.py
[2025-11-17T12:29:31.197+0000] {logging_mixin.py:190} INFO - [2025-11-17T12:29:31.196+0000] {dag.py:3239} INFO - Sync 1 DAGs
[2025-11-17T12:29:31.207+0000] {logging_mixin.py:190} INFO - [2025-11-17T12:29:31.207+0000] {dag.py:4180} INFO - Setting next_dagrun for example_python_decorator to None, run_after=None
[2025-11-17T12:29:31.222+0000] {processor.py:208} INFO - Processing /home/airflow/.local/lib/python3.12/site-packages/airflow/example_dags/example_python_decorator.py took 0.069 seconds
[2025-11-17T12:30:02.070+0000] {processor.py:186} INFO - Started process (PID=4527) to work on /home/airflow/.local/lib/python3.12/site-packages/airflow/example_dags/example_python_decorator.py
[2025-11-17T12:30:02.071+0000] {processor.py:914} INFO - Processing file /home/airflow/.local/lib/python3.12/site-packages/airflow/example_dags/example_python_decorator.py for tasks to queue
[2025-11-17T12:30:02.074+0000] {logging_mixin.py:190} INFO - [2025-11-17T12:30:02.073+0000] {dagbag.py:588} INFO - Filling up the DagBag from /home/airflow/.local/lib/python3.12/site-packages/airflow/example_dags/example_python_decorator.py
[2025-11-17T12:30:02.086+0000] {processor.py:925} INFO - DAG(s) 'example_python_decorator' retrieved from /home/airflow/.local/lib/python3.12/site-packages/airflow/example_dags/example_python_decorator.py
[2025-11-17T12:30:02.105+0000] {logging_mixin.py:190} INFO - [2025-11-17T12:30:02.104+0000] {dag.py:3239} INFO - Sync 1 DAGs
[2025-11-17T12:30:02.117+0000] {logging_mixin.py:190} INFO - [2025-11-17T12:30:02.117+0000] {dag.py:4180} INFO - Setting next_dagrun for example_python_decorator to None, run_after=None
[2025-11-17T12:30:02.134+0000] {processor.py:208} INFO - Processing /home/airflow/.local/lib/python3.12/site-packages/airflow/example_dags/example_python_decorator.py took 0.068 seconds
[2025-11-17T12:30:33.745+0000] {processor.py:186} INFO - Started process (PID=4593) to work on /home/airflow/.local/lib/python3.12/site-packages/airflow/example_dags/example_python_decorator.py
[2025-11-17T12:30:33.746+0000] {processor.py:914} INFO - Processing file /home/airflow/.local/lib/python3.12/site-packages/airflow/example_dags/example_python_decorator.py for tasks to queue
[2025-11-17T12:30:33.749+0000] {logging_mixin.py:190} INFO - [2025-11-17T12:30:33.749+0000] {dagbag.py:588} INFO - Filling up the DagBag from /home/airflow/.local/lib/python3.12/site-packages/airflow/example_dags/example_python_decorator.py
[2025-11-17T12:30:33.761+0000] {processor.py:925} INFO - DAG(s) 'example_python_decorator' retrieved from /home/airflow/.local/lib/python3.12/site-packages/airflow/example_dags/example_python_decorator.py
[2025-11-17T12:30:33.787+0000] {logging_mixin.py:190} INFO - [2025-11-17T12:30:33.787+0000] {dag.py:3239} INFO - Sync 1 DAGs
[2025-11-17T12:30:33.803+0000] {logging_mixin.py:190} INFO - [2025-11-17T12:30:33.803+0000] {dag.py:4180} INFO - Setting next_dagrun for example_python_decorator to None, run_after=None
[2025-11-17T12:30:33.994+0000] {processor.py:208} INFO - Processing /home/airflow/.local/lib/python3.12/site-packages/airflow/example_dags/example_python_decorator.py took 0.254 seconds
[2025-11-17T12:31:04.392+0000] {processor.py:186} INFO - Started process (PID=4659) to work on /home/airflow/.local/lib/python3.12/site-packages/airflow/example_dags/example_python_decorator.py
[2025-11-17T12:31:04.394+0000] {processor.py:914} INFO - Processing file /home/airflow/.local/lib/python3.12/site-packages/airflow/example_dags/example_python_decorator.py for tasks to queue
[2025-11-17T12:31:04.399+0000] {logging_mixin.py:190} INFO - [2025-11-17T12:31:04.398+0000] {dagbag.py:588} INFO - Filling up the DagBag from /home/airflow/.local/lib/python3.12/site-packages/airflow/example_dags/example_python_decorator.py
[2025-11-17T12:31:04.413+0000] {processor.py:925} INFO - DAG(s) 'example_python_decorator' retrieved from /home/airflow/.local/lib/python3.12/site-packages/airflow/example_dags/example_python_decorator.py
[2025-11-17T12:31:04.432+0000] {logging_mixin.py:190} INFO - [2025-11-17T12:31:04.432+0000] {dag.py:3239} INFO - Sync 1 DAGs
[2025-11-17T12:31:04.443+0000] {logging_mixin.py:190} INFO - [2025-11-17T12:31:04.443+0000] {dag.py:4180} INFO - Setting next_dagrun for example_python_decorator to None, run_after=None
[2025-11-17T12:31:04.458+0000] {processor.py:208} INFO - Processing /home/airflow/.local/lib/python3.12/site-packages/airflow/example_dags/example_python_decorator.py took 0.071 seconds
[2025-11-17T12:31:35.439+0000] {processor.py:186} INFO - Started process (PID=4725) to work on /home/airflow/.local/lib/python3.12/site-packages/airflow/example_dags/example_python_decorator.py
[2025-11-17T12:31:35.440+0000] {processor.py:914} INFO - Processing file /home/airflow/.local/lib/python3.12/site-packages/airflow/example_dags/example_python_decorator.py for tasks to queue
[2025-11-17T12:31:35.443+0000] {logging_mixin.py:190} INFO - [2025-11-17T12:31:35.443+0000] {dagbag.py:588} INFO - Filling up the DagBag from /home/airflow/.local/lib/python3.12/site-packages/airflow/example_dags/example_python_decorator.py
[2025-11-17T12:31:35.459+0000] {processor.py:925} INFO - DAG(s) 'example_python_decorator' retrieved from /home/airflow/.local/lib/python3.12/site-packages/airflow/example_dags/example_python_decorator.py
[2025-11-17T12:31:35.488+0000] {logging_mixin.py:190} INFO - [2025-11-17T12:31:35.487+0000] {dag.py:3239} INFO - Sync 1 DAGs
[2025-11-17T12:31:35.503+0000] {logging_mixin.py:190} INFO - [2025-11-17T12:31:35.502+0000] {dag.py:4180} INFO - Setting next_dagrun for example_python_decorator to None, run_after=None
[2025-11-17T12:31:35.528+0000] {processor.py:208} INFO - Processing /home/airflow/.local/lib/python3.12/site-packages/airflow/example_dags/example_python_decorator.py took 0.094 seconds
[2025-11-17T12:32:07.174+0000] {processor.py:186} INFO - Started process (PID=4797) to work on /home/airflow/.local/lib/python3.12/site-packages/airflow/example_dags/example_python_decorator.py
[2025-11-17T12:32:07.175+0000] {processor.py:914} INFO - Processing file /home/airflow/.local/lib/python3.12/site-packages/airflow/example_dags/example_python_decorator.py for tasks to queue
[2025-11-17T12:32:07.178+0000] {logging_mixin.py:190} INFO - [2025-11-17T12:32:07.177+0000] {dagbag.py:588} INFO - Filling up the DagBag from /home/airflow/.local/lib/python3.12/site-packages/airflow/example_dags/example_python_decorator.py
[2025-11-17T12:32:07.193+0000] {processor.py:925} INFO - DAG(s) 'example_python_decorator' retrieved from /home/airflow/.local/lib/python3.12/site-packages/airflow/example_dags/example_python_decorator.py
[2025-11-17T12:32:07.391+0000] {logging_mixin.py:190} INFO - [2025-11-17T12:32:07.390+0000] {dag.py:3239} INFO - Sync 1 DAGs
[2025-11-17T12:32:07.403+0000] {logging_mixin.py:190} INFO - [2025-11-17T12:32:07.403+0000] {dag.py:4180} INFO - Setting next_dagrun for example_python_decorator to None, run_after=None
[2025-11-17T12:32:07.424+0000] {processor.py:208} INFO - Processing /home/airflow/.local/lib/python3.12/site-packages/airflow/example_dags/example_python_decorator.py took 0.257 seconds
[2025-11-17T12:32:37.667+0000] {processor.py:186} INFO - Started process (PID=4863) to work on /home/airflow/.local/lib/python3.12/site-packages/airflow/example_dags/example_python_decorator.py
[2025-11-17T12:32:37.669+0000] {processor.py:914} INFO - Processing file /home/airflow/.local/lib/python3.12/site-packages/airflow/example_dags/example_python_decorator.py for tasks to queue
[2025-11-17T12:32:37.672+0000] {logging_mixin.py:190} INFO - [2025-11-17T12:32:37.672+0000] {dagbag.py:588} INFO - Filling up the DagBag from /home/airflow/.local/lib/python3.12/site-packages/airflow/example_dags/example_python_decorator.py
[2025-11-17T12:32:37.685+0000] {processor.py:925} INFO - DAG(s) 'example_python_decorator' retrieved from /home/airflow/.local/lib/python3.12/site-packages/airflow/example_dags/example_python_decorator.py
[2025-11-17T12:32:37.707+0000] {logging_mixin.py:190} INFO - [2025-11-17T12:32:37.707+0000] {dag.py:3239} INFO - Sync 1 DAGs
[2025-11-17T12:32:37.721+0000] {logging_mixin.py:190} INFO - [2025-11-17T12:32:37.721+0000] {dag.py:4180} INFO - Setting next_dagrun for example_python_decorator to None, run_after=None
[2025-11-17T12:32:37.740+0000] {processor.py:208} INFO - Processing /home/airflow/.local/lib/python3.12/site-packages/airflow/example_dags/example_python_decorator.py took 0.079 seconds
[2025-11-17T12:33:08.656+0000] {processor.py:186} INFO - Started process (PID=4929) to work on /home/airflow/.local/lib/python3.12/site-packages/airflow/example_dags/example_python_decorator.py
[2025-11-17T12:33:08.659+0000] {processor.py:914} INFO - Processing file /home/airflow/.local/lib/python3.12/site-packages/airflow/example_dags/example_python_decorator.py for tasks to queue
[2025-11-17T12:33:08.663+0000] {logging_mixin.py:190} INFO - [2025-11-17T12:33:08.662+0000] {dagbag.py:588} INFO - Filling up the DagBag from /home/airflow/.local/lib/python3.12/site-packages/airflow/example_dags/example_python_decorator.py
[2025-11-17T12:33:08.680+0000] {processor.py:925} INFO - DAG(s) 'example_python_decorator' retrieved from /home/airflow/.local/lib/python3.12/site-packages/airflow/example_dags/example_python_decorator.py
[2025-11-17T12:33:08.709+0000] {logging_mixin.py:190} INFO - [2025-11-17T12:33:08.709+0000] {dag.py:3239} INFO - Sync 1 DAGs
[2025-11-17T12:33:08.725+0000] {logging_mixin.py:190} INFO - [2025-11-17T12:33:08.724+0000] {dag.py:4180} INFO - Setting next_dagrun for example_python_decorator to None, run_after=None
[2025-11-17T12:33:08.786+0000] {processor.py:208} INFO - Processing /home/airflow/.local/lib/python3.12/site-packages/airflow/example_dags/example_python_decorator.py took 0.140 seconds
[2025-11-17T12:33:39.775+0000] {processor.py:186} INFO - Started process (PID=4995) to work on /home/airflow/.local/lib/python3.12/site-packages/airflow/example_dags/example_python_decorator.py
[2025-11-17T12:33:39.776+0000] {processor.py:914} INFO - Processing file /home/airflow/.local/lib/python3.12/site-packages/airflow/example_dags/example_python_decorator.py for tasks to queue
[2025-11-17T12:33:39.779+0000] {logging_mixin.py:190} INFO - [2025-11-17T12:33:39.778+0000] {dagbag.py:588} INFO - Filling up the DagBag from /home/airflow/.local/lib/python3.12/site-packages/airflow/example_dags/example_python_decorator.py
[2025-11-17T12:33:39.791+0000] {processor.py:925} INFO - DAG(s) 'example_python_decorator' retrieved from /home/airflow/.local/lib/python3.12/site-packages/airflow/example_dags/example_python_decorator.py
[2025-11-17T12:33:39.811+0000] {logging_mixin.py:190} INFO - [2025-11-17T12:33:39.811+0000] {dag.py:3239} INFO - Sync 1 DAGs
[2025-11-17T12:33:39.823+0000] {logging_mixin.py:190} INFO - [2025-11-17T12:33:39.823+0000] {dag.py:4180} INFO - Setting next_dagrun for example_python_decorator to None, run_after=None
[2025-11-17T12:33:39.845+0000] {processor.py:208} INFO - Processing /home/airflow/.local/lib/python3.12/site-packages/airflow/example_dags/example_python_decorator.py took 0.075 seconds
[2025-11-17T12:34:10.874+0000] {processor.py:186} INFO - Started process (PID=5061) to work on /home/airflow/.local/lib/python3.12/site-packages/airflow/example_dags/example_python_decorator.py
[2025-11-17T12:34:10.876+0000] {processor.py:914} INFO - Processing file /home/airflow/.local/lib/python3.12/site-packages/airflow/example_dags/example_python_decorator.py for tasks to queue
[2025-11-17T12:34:10.878+0000] {logging_mixin.py:190} INFO - [2025-11-17T12:34:10.878+0000] {dagbag.py:588} INFO - Filling up the DagBag from /home/airflow/.local/lib/python3.12/site-packages/airflow/example_dags/example_python_decorator.py
[2025-11-17T12:34:10.892+0000] {processor.py:925} INFO - DAG(s) 'example_python_decorator' retrieved from /home/airflow/.local/lib/python3.12/site-packages/airflow/example_dags/example_python_decorator.py
[2025-11-17T12:34:10.912+0000] {logging_mixin.py:190} INFO - [2025-11-17T12:34:10.911+0000] {dag.py:3239} INFO - Sync 1 DAGs
[2025-11-17T12:34:10.923+0000] {logging_mixin.py:190} INFO - [2025-11-17T12:34:10.923+0000] {dag.py:4180} INFO - Setting next_dagrun for example_python_decorator to None, run_after=None
[2025-11-17T12:34:10.940+0000] {processor.py:208} INFO - Processing /home/airflow/.local/lib/python3.12/site-packages/airflow/example_dags/example_python_decorator.py took 0.071 seconds
[2025-11-17T12:34:41.786+0000] {processor.py:186} INFO - Started process (PID=5127) to work on /home/airflow/.local/lib/python3.12/site-packages/airflow/example_dags/example_python_decorator.py
[2025-11-17T12:34:41.788+0000] {processor.py:914} INFO - Processing file /home/airflow/.local/lib/python3.12/site-packages/airflow/example_dags/example_python_decorator.py for tasks to queue
[2025-11-17T12:34:41.790+0000] {logging_mixin.py:190} INFO - [2025-11-17T12:34:41.790+0000] {dagbag.py:588} INFO - Filling up the DagBag from /home/airflow/.local/lib/python3.12/site-packages/airflow/example_dags/example_python_decorator.py
[2025-11-17T12:34:41.803+0000] {processor.py:925} INFO - DAG(s) 'example_python_decorator' retrieved from /home/airflow/.local/lib/python3.12/site-packages/airflow/example_dags/example_python_decorator.py
[2025-11-17T12:34:41.823+0000] {logging_mixin.py:190} INFO - [2025-11-17T12:34:41.823+0000] {dag.py:3239} INFO - Sync 1 DAGs
[2025-11-17T12:34:41.835+0000] {logging_mixin.py:190} INFO - [2025-11-17T12:34:41.835+0000] {dag.py:4180} INFO - Setting next_dagrun for example_python_decorator to None, run_after=None
[2025-11-17T12:34:41.849+0000] {processor.py:208} INFO - Processing /home/airflow/.local/lib/python3.12/site-packages/airflow/example_dags/example_python_decorator.py took 0.068 seconds
[2025-11-17T12:35:12.711+0000] {processor.py:186} INFO - Started process (PID=5193) to work on /home/airflow/.local/lib/python3.12/site-packages/airflow/example_dags/example_python_decorator.py
[2025-11-17T12:35:12.712+0000] {processor.py:914} INFO - Processing file /home/airflow/.local/lib/python3.12/site-packages/airflow/example_dags/example_python_decorator.py for tasks to queue
[2025-11-17T12:35:12.715+0000] {logging_mixin.py:190} INFO - [2025-11-17T12:35:12.715+0000] {dagbag.py:588} INFO - Filling up the DagBag from /home/airflow/.local/lib/python3.12/site-packages/airflow/example_dags/example_python_decorator.py
[2025-11-17T12:35:12.727+0000] {processor.py:925} INFO - DAG(s) 'example_python_decorator' retrieved from /home/airflow/.local/lib/python3.12/site-packages/airflow/example_dags/example_python_decorator.py
[2025-11-17T12:35:12.749+0000] {logging_mixin.py:190} INFO - [2025-11-17T12:35:12.749+0000] {dag.py:3239} INFO - Sync 1 DAGs
[2025-11-17T12:35:12.762+0000] {logging_mixin.py:190} INFO - [2025-11-17T12:35:12.762+0000] {dag.py:4180} INFO - Setting next_dagrun for example_python_decorator to None, run_after=None
[2025-11-17T12:35:12.783+0000] {processor.py:208} INFO - Processing /home/airflow/.local/lib/python3.12/site-packages/airflow/example_dags/example_python_decorator.py took 0.079 seconds
[2025-11-17T12:35:43.770+0000] {processor.py:186} INFO - Started process (PID=5259) to work on /home/airflow/.local/lib/python3.12/site-packages/airflow/example_dags/example_python_decorator.py
[2025-11-17T12:35:43.772+0000] {processor.py:914} INFO - Processing file /home/airflow/.local/lib/python3.12/site-packages/airflow/example_dags/example_python_decorator.py for tasks to queue
[2025-11-17T12:35:43.775+0000] {logging_mixin.py:190} INFO - [2025-11-17T12:35:43.774+0000] {dagbag.py:588} INFO - Filling up the DagBag from /home/airflow/.local/lib/python3.12/site-packages/airflow/example_dags/example_python_decorator.py
[2025-11-17T12:35:43.788+0000] {processor.py:925} INFO - DAG(s) 'example_python_decorator' retrieved from /home/airflow/.local/lib/python3.12/site-packages/airflow/example_dags/example_python_decorator.py
[2025-11-17T12:35:43.809+0000] {logging_mixin.py:190} INFO - [2025-11-17T12:35:43.809+0000] {dag.py:3239} INFO - Sync 1 DAGs
[2025-11-17T12:35:43.823+0000] {logging_mixin.py:190} INFO - [2025-11-17T12:35:43.822+0000] {dag.py:4180} INFO - Setting next_dagrun for example_python_decorator to None, run_after=None
[2025-11-17T12:35:43.841+0000] {processor.py:208} INFO - Processing /home/airflow/.local/lib/python3.12/site-packages/airflow/example_dags/example_python_decorator.py took 0.076 seconds
[2025-11-17T12:36:14.621+0000] {processor.py:186} INFO - Started process (PID=5325) to work on /home/airflow/.local/lib/python3.12/site-packages/airflow/example_dags/example_python_decorator.py
[2025-11-17T12:36:14.623+0000] {processor.py:914} INFO - Processing file /home/airflow/.local/lib/python3.12/site-packages/airflow/example_dags/example_python_decorator.py for tasks to queue
[2025-11-17T12:36:14.625+0000] {logging_mixin.py:190} INFO - [2025-11-17T12:36:14.625+0000] {dagbag.py:588} INFO - Filling up the DagBag from /home/airflow/.local/lib/python3.12/site-packages/airflow/example_dags/example_python_decorator.py
[2025-11-17T12:36:14.651+0000] {processor.py:925} INFO - DAG(s) 'example_python_decorator' retrieved from /home/airflow/.local/lib/python3.12/site-packages/airflow/example_dags/example_python_decorator.py
[2025-11-17T12:36:14.689+0000] {logging_mixin.py:190} INFO - [2025-11-17T12:36:14.688+0000] {dag.py:3239} INFO - Sync 1 DAGs
[2025-11-17T12:36:14.722+0000] {logging_mixin.py:190} INFO - [2025-11-17T12:36:14.721+0000] {dag.py:4180} INFO - Setting next_dagrun for example_python_decorator to None, run_after=None
[2025-11-17T12:36:14.767+0000] {processor.py:208} INFO - Processing /home/airflow/.local/lib/python3.12/site-packages/airflow/example_dags/example_python_decorator.py took 0.153 seconds
[2025-11-17T12:36:45.776+0000] {processor.py:186} INFO - Started process (PID=5391) to work on /home/airflow/.local/lib/python3.12/site-packages/airflow/example_dags/example_python_decorator.py
[2025-11-17T12:36:45.777+0000] {processor.py:914} INFO - Processing file /home/airflow/.local/lib/python3.12/site-packages/airflow/example_dags/example_python_decorator.py for tasks to queue
[2025-11-17T12:36:45.780+0000] {logging_mixin.py:190} INFO - [2025-11-17T12:36:45.780+0000] {dagbag.py:588} INFO - Filling up the DagBag from /home/airflow/.local/lib/python3.12/site-packages/airflow/example_dags/example_python_decorator.py
[2025-11-17T12:36:45.791+0000] {processor.py:925} INFO - DAG(s) 'example_python_decorator' retrieved from /home/airflow/.local/lib/python3.12/site-packages/airflow/example_dags/example_python_decorator.py
[2025-11-17T12:36:45.810+0000] {logging_mixin.py:190} INFO - [2025-11-17T12:36:45.810+0000] {dag.py:3239} INFO - Sync 1 DAGs
[2025-11-17T12:36:45.821+0000] {logging_mixin.py:190} INFO - [2025-11-17T12:36:45.821+0000] {dag.py:4180} INFO - Setting next_dagrun for example_python_decorator to None, run_after=None
[2025-11-17T12:36:45.840+0000] {processor.py:208} INFO - Processing /home/airflow/.local/lib/python3.12/site-packages/airflow/example_dags/example_python_decorator.py took 0.070 seconds
[2025-11-17T12:37:16.237+0000] {processor.py:186} INFO - Started process (PID=5463) to work on /home/airflow/.local/lib/python3.12/site-packages/airflow/example_dags/example_python_decorator.py
[2025-11-17T12:37:16.238+0000] {processor.py:914} INFO - Processing file /home/airflow/.local/lib/python3.12/site-packages/airflow/example_dags/example_python_decorator.py for tasks to queue
[2025-11-17T12:37:16.241+0000] {logging_mixin.py:190} INFO - [2025-11-17T12:37:16.240+0000] {dagbag.py:588} INFO - Filling up the DagBag from /home/airflow/.local/lib/python3.12/site-packages/airflow/example_dags/example_python_decorator.py
[2025-11-17T12:37:16.252+0000] {processor.py:925} INFO - DAG(s) 'example_python_decorator' retrieved from /home/airflow/.local/lib/python3.12/site-packages/airflow/example_dags/example_python_decorator.py
[2025-11-17T12:37:16.270+0000] {logging_mixin.py:190} INFO - [2025-11-17T12:37:16.269+0000] {dag.py:3239} INFO - Sync 1 DAGs
[2025-11-17T12:37:16.281+0000] {logging_mixin.py:190} INFO - [2025-11-17T12:37:16.281+0000] {dag.py:4180} INFO - Setting next_dagrun for example_python_decorator to None, run_after=None
[2025-11-17T12:37:16.298+0000] {processor.py:208} INFO - Processing /home/airflow/.local/lib/python3.12/site-packages/airflow/example_dags/example_python_decorator.py took 0.065 seconds
[2025-11-17T12:37:47.001+0000] {processor.py:186} INFO - Started process (PID=5529) to work on /home/airflow/.local/lib/python3.12/site-packages/airflow/example_dags/example_python_decorator.py
[2025-11-17T12:37:47.002+0000] {processor.py:914} INFO - Processing file /home/airflow/.local/lib/python3.12/site-packages/airflow/example_dags/example_python_decorator.py for tasks to queue
[2025-11-17T12:37:47.004+0000] {logging_mixin.py:190} INFO - [2025-11-17T12:37:47.004+0000] {dagbag.py:588} INFO - Filling up the DagBag from /home/airflow/.local/lib/python3.12/site-packages/airflow/example_dags/example_python_decorator.py
[2025-11-17T12:37:47.016+0000] {processor.py:925} INFO - DAG(s) 'example_python_decorator' retrieved from /home/airflow/.local/lib/python3.12/site-packages/airflow/example_dags/example_python_decorator.py
[2025-11-17T12:37:47.034+0000] {logging_mixin.py:190} INFO - [2025-11-17T12:37:47.034+0000] {dag.py:3239} INFO - Sync 1 DAGs
[2025-11-17T12:37:47.045+0000] {logging_mixin.py:190} INFO - [2025-11-17T12:37:47.045+0000] {dag.py:4180} INFO - Setting next_dagrun for example_python_decorator to None, run_after=None
[2025-11-17T12:37:47.061+0000] {processor.py:208} INFO - Processing /home/airflow/.local/lib/python3.12/site-packages/airflow/example_dags/example_python_decorator.py took 0.066 seconds
[2025-11-17T12:38:16.228+0000] {processor.py:186} INFO - Started process (PID=5595) to work on /home/airflow/.local/lib/python3.12/site-packages/airflow/example_dags/example_python_decorator.py
[2025-11-17T12:38:16.229+0000] {processor.py:914} INFO - Processing file /home/airflow/.local/lib/python3.12/site-packages/airflow/example_dags/example_python_decorator.py for tasks to queue
[2025-11-17T12:38:16.231+0000] {logging_mixin.py:190} INFO - [2025-11-17T12:38:16.231+0000] {dagbag.py:588} INFO - Filling up the DagBag from /home/airflow/.local/lib/python3.12/site-packages/airflow/example_dags/example_python_decorator.py
[2025-11-17T12:38:16.243+0000] {processor.py:925} INFO - DAG(s) 'example_python_decorator' retrieved from /home/airflow/.local/lib/python3.12/site-packages/airflow/example_dags/example_python_decorator.py
[2025-11-17T12:38:16.260+0000] {logging_mixin.py:190} INFO - [2025-11-17T12:38:16.260+0000] {dag.py:3239} INFO - Sync 1 DAGs
[2025-11-17T12:38:16.271+0000] {logging_mixin.py:190} INFO - [2025-11-17T12:38:16.271+0000] {dag.py:4180} INFO - Setting next_dagrun for example_python_decorator to None, run_after=None
[2025-11-17T12:38:16.287+0000] {processor.py:208} INFO - Processing /home/airflow/.local/lib/python3.12/site-packages/airflow/example_dags/example_python_decorator.py took 0.064 seconds
[2025-11-17T12:38:47.160+0000] {processor.py:186} INFO - Started process (PID=5655) to work on /home/airflow/.local/lib/python3.12/site-packages/airflow/example_dags/example_python_decorator.py
[2025-11-17T12:38:47.161+0000] {processor.py:914} INFO - Processing file /home/airflow/.local/lib/python3.12/site-packages/airflow/example_dags/example_python_decorator.py for tasks to queue
[2025-11-17T12:38:47.163+0000] {logging_mixin.py:190} INFO - [2025-11-17T12:38:47.163+0000] {dagbag.py:588} INFO - Filling up the DagBag from /home/airflow/.local/lib/python3.12/site-packages/airflow/example_dags/example_python_decorator.py
[2025-11-17T12:38:47.175+0000] {processor.py:925} INFO - DAG(s) 'example_python_decorator' retrieved from /home/airflow/.local/lib/python3.12/site-packages/airflow/example_dags/example_python_decorator.py
[2025-11-17T12:38:47.192+0000] {logging_mixin.py:190} INFO - [2025-11-17T12:38:47.192+0000] {dag.py:3239} INFO - Sync 1 DAGs
[2025-11-17T12:38:47.202+0000] {logging_mixin.py:190} INFO - [2025-11-17T12:38:47.202+0000] {dag.py:4180} INFO - Setting next_dagrun for example_python_decorator to None, run_after=None
[2025-11-17T12:38:47.215+0000] {processor.py:208} INFO - Processing /home/airflow/.local/lib/python3.12/site-packages/airflow/example_dags/example_python_decorator.py took 0.060 seconds
[2025-11-17T12:39:17.740+0000] {processor.py:186} INFO - Started process (PID=5721) to work on /home/airflow/.local/lib/python3.12/site-packages/airflow/example_dags/example_python_decorator.py
[2025-11-17T12:39:17.741+0000] {processor.py:914} INFO - Processing file /home/airflow/.local/lib/python3.12/site-packages/airflow/example_dags/example_python_decorator.py for tasks to queue
[2025-11-17T12:39:17.743+0000] {logging_mixin.py:190} INFO - [2025-11-17T12:39:17.743+0000] {dagbag.py:588} INFO - Filling up the DagBag from /home/airflow/.local/lib/python3.12/site-packages/airflow/example_dags/example_python_decorator.py
[2025-11-17T12:39:17.755+0000] {processor.py:925} INFO - DAG(s) 'example_python_decorator' retrieved from /home/airflow/.local/lib/python3.12/site-packages/airflow/example_dags/example_python_decorator.py
[2025-11-17T12:39:17.785+0000] {logging_mixin.py:190} INFO - [2025-11-17T12:39:17.785+0000] {dag.py:3239} INFO - Sync 1 DAGs
[2025-11-17T12:39:17.802+0000] {logging_mixin.py:190} INFO - [2025-11-17T12:39:17.802+0000] {dag.py:4180} INFO - Setting next_dagrun for example_python_decorator to None, run_after=None
[2025-11-17T12:39:17.822+0000] {processor.py:208} INFO - Processing /home/airflow/.local/lib/python3.12/site-packages/airflow/example_dags/example_python_decorator.py took 0.087 seconds
[2025-11-17T12:39:48.072+0000] {processor.py:186} INFO - Started process (PID=5787) to work on /home/airflow/.local/lib/python3.12/site-packages/airflow/example_dags/example_python_decorator.py
[2025-11-17T12:39:48.075+0000] {processor.py:914} INFO - Processing file /home/airflow/.local/lib/python3.12/site-packages/airflow/example_dags/example_python_decorator.py for tasks to queue
[2025-11-17T12:39:48.077+0000] {logging_mixin.py:190} INFO - [2025-11-17T12:39:48.077+0000] {dagbag.py:588} INFO - Filling up the DagBag from /home/airflow/.local/lib/python3.12/site-packages/airflow/example_dags/example_python_decorator.py
[2025-11-17T12:39:48.090+0000] {processor.py:925} INFO - DAG(s) 'example_python_decorator' retrieved from /home/airflow/.local/lib/python3.12/site-packages/airflow/example_dags/example_python_decorator.py
[2025-11-17T12:39:48.109+0000] {logging_mixin.py:190} INFO - [2025-11-17T12:39:48.108+0000] {dag.py:3239} INFO - Sync 1 DAGs
[2025-11-17T12:39:48.121+0000] {logging_mixin.py:190} INFO - [2025-11-17T12:39:48.121+0000] {dag.py:4180} INFO - Setting next_dagrun for example_python_decorator to None, run_after=None
[2025-11-17T12:39:48.144+0000] {processor.py:208} INFO - Processing /home/airflow/.local/lib/python3.12/site-packages/airflow/example_dags/example_python_decorator.py took 0.079 seconds
[2025-11-17T18:21:32.210+0000] {processor.py:186} INFO - Started process (PID=116) to work on /home/airflow/.local/lib/python3.12/site-packages/airflow/example_dags/example_python_decorator.py
[2025-11-17T18:21:32.211+0000] {processor.py:914} INFO - Processing file /home/airflow/.local/lib/python3.12/site-packages/airflow/example_dags/example_python_decorator.py for tasks to queue
[2025-11-17T18:21:32.213+0000] {logging_mixin.py:190} INFO - [2025-11-17T18:21:32.213+0000] {dagbag.py:588} INFO - Filling up the DagBag from /home/airflow/.local/lib/python3.12/site-packages/airflow/example_dags/example_python_decorator.py
[2025-11-17T18:21:32.224+0000] {processor.py:925} INFO - DAG(s) 'example_python_decorator' retrieved from /home/airflow/.local/lib/python3.12/site-packages/airflow/example_dags/example_python_decorator.py
[2025-11-17T18:21:32.298+0000] {logging_mixin.py:190} INFO - [2025-11-17T18:21:32.298+0000] {dag.py:3239} INFO - Sync 1 DAGs
[2025-11-17T18:21:32.306+0000] {logging_mixin.py:190} INFO - [2025-11-17T18:21:32.305+0000] {dag.py:4180} INFO - Setting next_dagrun for example_python_decorator to None, run_after=None
[2025-11-17T18:21:32.321+0000] {processor.py:208} INFO - Processing /home/airflow/.local/lib/python3.12/site-packages/airflow/example_dags/example_python_decorator.py took 0.115 seconds
[2025-11-17T18:22:03.282+0000] {processor.py:186} INFO - Started process (PID=182) to work on /home/airflow/.local/lib/python3.12/site-packages/airflow/example_dags/example_python_decorator.py
[2025-11-17T18:22:03.283+0000] {processor.py:914} INFO - Processing file /home/airflow/.local/lib/python3.12/site-packages/airflow/example_dags/example_python_decorator.py for tasks to queue
[2025-11-17T18:22:03.285+0000] {logging_mixin.py:190} INFO - [2025-11-17T18:22:03.285+0000] {dagbag.py:588} INFO - Filling up the DagBag from /home/airflow/.local/lib/python3.12/site-packages/airflow/example_dags/example_python_decorator.py
[2025-11-17T18:22:03.295+0000] {processor.py:925} INFO - DAG(s) 'example_python_decorator' retrieved from /home/airflow/.local/lib/python3.12/site-packages/airflow/example_dags/example_python_decorator.py
[2025-11-17T18:22:03.311+0000] {logging_mixin.py:190} INFO - [2025-11-17T18:22:03.310+0000] {dag.py:3239} INFO - Sync 1 DAGs
[2025-11-17T18:22:03.321+0000] {logging_mixin.py:190} INFO - [2025-11-17T18:22:03.320+0000] {dag.py:4180} INFO - Setting next_dagrun for example_python_decorator to None, run_after=None
[2025-11-17T18:22:03.335+0000] {processor.py:208} INFO - Processing /home/airflow/.local/lib/python3.12/site-packages/airflow/example_dags/example_python_decorator.py took 0.057 seconds
[2025-11-17T18:22:34.217+0000] {processor.py:186} INFO - Started process (PID=248) to work on /home/airflow/.local/lib/python3.12/site-packages/airflow/example_dags/example_python_decorator.py
[2025-11-17T18:22:34.218+0000] {processor.py:914} INFO - Processing file /home/airflow/.local/lib/python3.12/site-packages/airflow/example_dags/example_python_decorator.py for tasks to queue
[2025-11-17T18:22:34.220+0000] {logging_mixin.py:190} INFO - [2025-11-17T18:22:34.220+0000] {dagbag.py:588} INFO - Filling up the DagBag from /home/airflow/.local/lib/python3.12/site-packages/airflow/example_dags/example_python_decorator.py
[2025-11-17T18:22:34.230+0000] {processor.py:925} INFO - DAG(s) 'example_python_decorator' retrieved from /home/airflow/.local/lib/python3.12/site-packages/airflow/example_dags/example_python_decorator.py
[2025-11-17T18:22:34.243+0000] {logging_mixin.py:190} INFO - [2025-11-17T18:22:34.243+0000] {dag.py:3239} INFO - Sync 1 DAGs
[2025-11-17T18:22:34.251+0000] {logging_mixin.py:190} INFO - [2025-11-17T18:22:34.251+0000] {dag.py:4180} INFO - Setting next_dagrun for example_python_decorator to None, run_after=None
[2025-11-17T18:22:34.263+0000] {processor.py:208} INFO - Processing /home/airflow/.local/lib/python3.12/site-packages/airflow/example_dags/example_python_decorator.py took 0.050 seconds
[2025-11-17T18:23:05.213+0000] {processor.py:186} INFO - Started process (PID=314) to work on /home/airflow/.local/lib/python3.12/site-packages/airflow/example_dags/example_python_decorator.py
[2025-11-17T18:23:05.214+0000] {processor.py:914} INFO - Processing file /home/airflow/.local/lib/python3.12/site-packages/airflow/example_dags/example_python_decorator.py for tasks to queue
[2025-11-17T18:23:05.216+0000] {logging_mixin.py:190} INFO - [2025-11-17T18:23:05.216+0000] {dagbag.py:588} INFO - Filling up the DagBag from /home/airflow/.local/lib/python3.12/site-packages/airflow/example_dags/example_python_decorator.py
[2025-11-17T18:23:05.228+0000] {processor.py:925} INFO - DAG(s) 'example_python_decorator' retrieved from /home/airflow/.local/lib/python3.12/site-packages/airflow/example_dags/example_python_decorator.py
[2025-11-17T18:23:05.244+0000] {logging_mixin.py:190} INFO - [2025-11-17T18:23:05.244+0000] {dag.py:3239} INFO - Sync 1 DAGs
[2025-11-17T18:23:05.253+0000] {logging_mixin.py:190} INFO - [2025-11-17T18:23:05.253+0000] {dag.py:4180} INFO - Setting next_dagrun for example_python_decorator to None, run_after=None
[2025-11-17T18:23:05.267+0000] {processor.py:208} INFO - Processing /home/airflow/.local/lib/python3.12/site-packages/airflow/example_dags/example_python_decorator.py took 0.060 seconds
[2025-11-17T18:23:35.753+0000] {processor.py:186} INFO - Started process (PID=380) to work on /home/airflow/.local/lib/python3.12/site-packages/airflow/example_dags/example_python_decorator.py
[2025-11-17T18:23:35.754+0000] {processor.py:914} INFO - Processing file /home/airflow/.local/lib/python3.12/site-packages/airflow/example_dags/example_python_decorator.py for tasks to queue
[2025-11-17T18:23:35.756+0000] {logging_mixin.py:190} INFO - [2025-11-17T18:23:35.756+0000] {dagbag.py:588} INFO - Filling up the DagBag from /home/airflow/.local/lib/python3.12/site-packages/airflow/example_dags/example_python_decorator.py
[2025-11-17T18:23:35.767+0000] {processor.py:925} INFO - DAG(s) 'example_python_decorator' retrieved from /home/airflow/.local/lib/python3.12/site-packages/airflow/example_dags/example_python_decorator.py
[2025-11-17T18:23:35.786+0000] {logging_mixin.py:190} INFO - [2025-11-17T18:23:35.786+0000] {dag.py:3239} INFO - Sync 1 DAGs
[2025-11-17T18:23:35.798+0000] {logging_mixin.py:190} INFO - [2025-11-17T18:23:35.797+0000] {dag.py:4180} INFO - Setting next_dagrun for example_python_decorator to None, run_after=None
[2025-11-17T18:23:35.813+0000] {processor.py:208} INFO - Processing /home/airflow/.local/lib/python3.12/site-packages/airflow/example_dags/example_python_decorator.py took 0.065 seconds
[2025-11-17T18:24:06.857+0000] {processor.py:186} INFO - Started process (PID=445) to work on /home/airflow/.local/lib/python3.12/site-packages/airflow/example_dags/example_python_decorator.py
[2025-11-17T18:24:06.858+0000] {processor.py:914} INFO - Processing file /home/airflow/.local/lib/python3.12/site-packages/airflow/example_dags/example_python_decorator.py for tasks to queue
[2025-11-17T18:24:06.860+0000] {logging_mixin.py:190} INFO - [2025-11-17T18:24:06.859+0000] {dagbag.py:588} INFO - Filling up the DagBag from /home/airflow/.local/lib/python3.12/site-packages/airflow/example_dags/example_python_decorator.py
[2025-11-17T18:24:06.869+0000] {processor.py:925} INFO - DAG(s) 'example_python_decorator' retrieved from /home/airflow/.local/lib/python3.12/site-packages/airflow/example_dags/example_python_decorator.py
[2025-11-17T18:24:06.884+0000] {logging_mixin.py:190} INFO - [2025-11-17T18:24:06.884+0000] {dag.py:3239} INFO - Sync 1 DAGs
[2025-11-17T18:24:06.892+0000] {logging_mixin.py:190} INFO - [2025-11-17T18:24:06.892+0000] {dag.py:4180} INFO - Setting next_dagrun for example_python_decorator to None, run_after=None
[2025-11-17T18:24:06.904+0000] {processor.py:208} INFO - Processing /home/airflow/.local/lib/python3.12/site-packages/airflow/example_dags/example_python_decorator.py took 0.051 seconds
[2025-11-17T18:24:38.231+0000] {processor.py:186} INFO - Started process (PID=511) to work on /home/airflow/.local/lib/python3.12/site-packages/airflow/example_dags/example_python_decorator.py
[2025-11-17T18:24:38.232+0000] {processor.py:914} INFO - Processing file /home/airflow/.local/lib/python3.12/site-packages/airflow/example_dags/example_python_decorator.py for tasks to queue
[2025-11-17T18:24:38.235+0000] {logging_mixin.py:190} INFO - [2025-11-17T18:24:38.234+0000] {dagbag.py:588} INFO - Filling up the DagBag from /home/airflow/.local/lib/python3.12/site-packages/airflow/example_dags/example_python_decorator.py
[2025-11-17T18:24:38.246+0000] {processor.py:925} INFO - DAG(s) 'example_python_decorator' retrieved from /home/airflow/.local/lib/python3.12/site-packages/airflow/example_dags/example_python_decorator.py
[2025-11-17T18:24:38.260+0000] {logging_mixin.py:190} INFO - [2025-11-17T18:24:38.260+0000] {dag.py:3239} INFO - Sync 1 DAGs
[2025-11-17T18:24:38.269+0000] {logging_mixin.py:190} INFO - [2025-11-17T18:24:38.269+0000] {dag.py:4180} INFO - Setting next_dagrun for example_python_decorator to None, run_after=None
[2025-11-17T18:24:38.293+0000] {processor.py:208} INFO - Processing /home/airflow/.local/lib/python3.12/site-packages/airflow/example_dags/example_python_decorator.py took 0.067 seconds
[2025-11-17T18:25:08.940+0000] {processor.py:186} INFO - Started process (PID=577) to work on /home/airflow/.local/lib/python3.12/site-packages/airflow/example_dags/example_python_decorator.py
[2025-11-17T18:25:08.941+0000] {processor.py:914} INFO - Processing file /home/airflow/.local/lib/python3.12/site-packages/airflow/example_dags/example_python_decorator.py for tasks to queue
[2025-11-17T18:25:08.942+0000] {logging_mixin.py:190} INFO - [2025-11-17T18:25:08.942+0000] {dagbag.py:588} INFO - Filling up the DagBag from /home/airflow/.local/lib/python3.12/site-packages/airflow/example_dags/example_python_decorator.py
[2025-11-17T18:25:08.952+0000] {processor.py:925} INFO - DAG(s) 'example_python_decorator' retrieved from /home/airflow/.local/lib/python3.12/site-packages/airflow/example_dags/example_python_decorator.py
[2025-11-17T18:25:08.967+0000] {logging_mixin.py:190} INFO - [2025-11-17T18:25:08.967+0000] {dag.py:3239} INFO - Sync 1 DAGs
[2025-11-17T18:25:08.976+0000] {logging_mixin.py:190} INFO - [2025-11-17T18:25:08.976+0000] {dag.py:4180} INFO - Setting next_dagrun for example_python_decorator to None, run_after=None
[2025-11-17T18:25:08.991+0000] {processor.py:208} INFO - Processing /home/airflow/.local/lib/python3.12/site-packages/airflow/example_dags/example_python_decorator.py took 0.055 seconds
[2025-11-17T18:25:40.260+0000] {processor.py:186} INFO - Started process (PID=643) to work on /home/airflow/.local/lib/python3.12/site-packages/airflow/example_dags/example_python_decorator.py
[2025-11-17T18:25:40.261+0000] {processor.py:914} INFO - Processing file /home/airflow/.local/lib/python3.12/site-packages/airflow/example_dags/example_python_decorator.py for tasks to queue
[2025-11-17T18:25:40.264+0000] {logging_mixin.py:190} INFO - [2025-11-17T18:25:40.263+0000] {dagbag.py:588} INFO - Filling up the DagBag from /home/airflow/.local/lib/python3.12/site-packages/airflow/example_dags/example_python_decorator.py
[2025-11-17T18:25:40.275+0000] {processor.py:925} INFO - DAG(s) 'example_python_decorator' retrieved from /home/airflow/.local/lib/python3.12/site-packages/airflow/example_dags/example_python_decorator.py
[2025-11-17T18:25:40.291+0000] {logging_mixin.py:190} INFO - [2025-11-17T18:25:40.291+0000] {dag.py:3239} INFO - Sync 1 DAGs
[2025-11-17T18:25:40.301+0000] {logging_mixin.py:190} INFO - [2025-11-17T18:25:40.301+0000] {dag.py:4180} INFO - Setting next_dagrun for example_python_decorator to None, run_after=None
[2025-11-17T18:25:40.314+0000] {processor.py:208} INFO - Processing /home/airflow/.local/lib/python3.12/site-packages/airflow/example_dags/example_python_decorator.py took 0.058 seconds
[2025-11-17T18:26:11.912+0000] {processor.py:186} INFO - Started process (PID=709) to work on /home/airflow/.local/lib/python3.12/site-packages/airflow/example_dags/example_python_decorator.py
[2025-11-17T18:26:11.913+0000] {processor.py:914} INFO - Processing file /home/airflow/.local/lib/python3.12/site-packages/airflow/example_dags/example_python_decorator.py for tasks to queue
[2025-11-17T18:26:11.915+0000] {logging_mixin.py:190} INFO - [2025-11-17T18:26:11.915+0000] {dagbag.py:588} INFO - Filling up the DagBag from /home/airflow/.local/lib/python3.12/site-packages/airflow/example_dags/example_python_decorator.py
[2025-11-17T18:26:11.926+0000] {processor.py:925} INFO - DAG(s) 'example_python_decorator' retrieved from /home/airflow/.local/lib/python3.12/site-packages/airflow/example_dags/example_python_decorator.py
[2025-11-17T18:26:11.941+0000] {logging_mixin.py:190} INFO - [2025-11-17T18:26:11.941+0000] {dag.py:3239} INFO - Sync 1 DAGs
[2025-11-17T18:26:11.951+0000] {logging_mixin.py:190} INFO - [2025-11-17T18:26:11.950+0000] {dag.py:4180} INFO - Setting next_dagrun for example_python_decorator to None, run_after=None
[2025-11-17T18:26:11.963+0000] {processor.py:208} INFO - Processing /home/airflow/.local/lib/python3.12/site-packages/airflow/example_dags/example_python_decorator.py took 0.055 seconds
[2025-11-17T18:26:43.294+0000] {processor.py:186} INFO - Started process (PID=775) to work on /home/airflow/.local/lib/python3.12/site-packages/airflow/example_dags/example_python_decorator.py
[2025-11-17T18:26:43.295+0000] {processor.py:914} INFO - Processing file /home/airflow/.local/lib/python3.12/site-packages/airflow/example_dags/example_python_decorator.py for tasks to queue
[2025-11-17T18:26:43.297+0000] {logging_mixin.py:190} INFO - [2025-11-17T18:26:43.296+0000] {dagbag.py:588} INFO - Filling up the DagBag from /home/airflow/.local/lib/python3.12/site-packages/airflow/example_dags/example_python_decorator.py
[2025-11-17T18:26:43.308+0000] {processor.py:925} INFO - DAG(s) 'example_python_decorator' retrieved from /home/airflow/.local/lib/python3.12/site-packages/airflow/example_dags/example_python_decorator.py
[2025-11-17T18:26:43.322+0000] {logging_mixin.py:190} INFO - [2025-11-17T18:26:43.322+0000] {dag.py:3239} INFO - Sync 1 DAGs
[2025-11-17T18:26:43.332+0000] {logging_mixin.py:190} INFO - [2025-11-17T18:26:43.332+0000] {dag.py:4180} INFO - Setting next_dagrun for example_python_decorator to None, run_after=None
[2025-11-17T18:26:43.344+0000] {processor.py:208} INFO - Processing /home/airflow/.local/lib/python3.12/site-packages/airflow/example_dags/example_python_decorator.py took 0.055 seconds
[2025-11-17T18:27:14.911+0000] {processor.py:186} INFO - Started process (PID=841) to work on /home/airflow/.local/lib/python3.12/site-packages/airflow/example_dags/example_python_decorator.py
[2025-11-17T18:27:14.912+0000] {processor.py:914} INFO - Processing file /home/airflow/.local/lib/python3.12/site-packages/airflow/example_dags/example_python_decorator.py for tasks to queue
[2025-11-17T18:27:14.914+0000] {logging_mixin.py:190} INFO - [2025-11-17T18:27:14.914+0000] {dagbag.py:588} INFO - Filling up the DagBag from /home/airflow/.local/lib/python3.12/site-packages/airflow/example_dags/example_python_decorator.py
[2025-11-17T18:27:14.926+0000] {processor.py:925} INFO - DAG(s) 'example_python_decorator' retrieved from /home/airflow/.local/lib/python3.12/site-packages/airflow/example_dags/example_python_decorator.py
[2025-11-17T18:27:14.945+0000] {logging_mixin.py:190} INFO - [2025-11-17T18:27:14.944+0000] {dag.py:3239} INFO - Sync 1 DAGs
[2025-11-17T18:27:14.955+0000] {logging_mixin.py:190} INFO - [2025-11-17T18:27:14.955+0000] {dag.py:4180} INFO - Setting next_dagrun for example_python_decorator to None, run_after=None
[2025-11-17T18:27:14.970+0000] {processor.py:208} INFO - Processing /home/airflow/.local/lib/python3.12/site-packages/airflow/example_dags/example_python_decorator.py took 0.066 seconds
[2025-11-17T18:27:45.641+0000] {processor.py:186} INFO - Started process (PID=907) to work on /home/airflow/.local/lib/python3.12/site-packages/airflow/example_dags/example_python_decorator.py
[2025-11-17T18:27:45.642+0000] {processor.py:914} INFO - Processing file /home/airflow/.local/lib/python3.12/site-packages/airflow/example_dags/example_python_decorator.py for tasks to queue
[2025-11-17T18:27:45.644+0000] {logging_mixin.py:190} INFO - [2025-11-17T18:27:45.643+0000] {dagbag.py:588} INFO - Filling up the DagBag from /home/airflow/.local/lib/python3.12/site-packages/airflow/example_dags/example_python_decorator.py
[2025-11-17T18:27:45.657+0000] {processor.py:925} INFO - DAG(s) 'example_python_decorator' retrieved from /home/airflow/.local/lib/python3.12/site-packages/airflow/example_dags/example_python_decorator.py
[2025-11-17T18:27:45.674+0000] {logging_mixin.py:190} INFO - [2025-11-17T18:27:45.674+0000] {dag.py:3239} INFO - Sync 1 DAGs
[2025-11-17T18:27:45.683+0000] {logging_mixin.py:190} INFO - [2025-11-17T18:27:45.683+0000] {dag.py:4180} INFO - Setting next_dagrun for example_python_decorator to None, run_after=None
[2025-11-17T18:27:45.696+0000] {processor.py:208} INFO - Processing /home/airflow/.local/lib/python3.12/site-packages/airflow/example_dags/example_python_decorator.py took 0.060 seconds
[2025-11-17T18:28:17.053+0000] {processor.py:186} INFO - Started process (PID=973) to work on /home/airflow/.local/lib/python3.12/site-packages/airflow/example_dags/example_python_decorator.py
[2025-11-17T18:28:17.054+0000] {processor.py:914} INFO - Processing file /home/airflow/.local/lib/python3.12/site-packages/airflow/example_dags/example_python_decorator.py for tasks to queue
[2025-11-17T18:28:17.057+0000] {logging_mixin.py:190} INFO - [2025-11-17T18:28:17.056+0000] {dagbag.py:588} INFO - Filling up the DagBag from /home/airflow/.local/lib/python3.12/site-packages/airflow/example_dags/example_python_decorator.py
[2025-11-17T18:28:17.067+0000] {processor.py:925} INFO - DAG(s) 'example_python_decorator' retrieved from /home/airflow/.local/lib/python3.12/site-packages/airflow/example_dags/example_python_decorator.py
[2025-11-17T18:28:17.081+0000] {logging_mixin.py:190} INFO - [2025-11-17T18:28:17.081+0000] {dag.py:3239} INFO - Sync 1 DAGs
[2025-11-17T18:28:17.090+0000] {logging_mixin.py:190} INFO - [2025-11-17T18:28:17.090+0000] {dag.py:4180} INFO - Setting next_dagrun for example_python_decorator to None, run_after=None
[2025-11-17T18:28:17.101+0000] {processor.py:208} INFO - Processing /home/airflow/.local/lib/python3.12/site-packages/airflow/example_dags/example_python_decorator.py took 0.052 seconds
[2025-11-17T18:28:48.131+0000] {processor.py:186} INFO - Started process (PID=1039) to work on /home/airflow/.local/lib/python3.12/site-packages/airflow/example_dags/example_python_decorator.py
[2025-11-17T18:28:48.132+0000] {processor.py:914} INFO - Processing file /home/airflow/.local/lib/python3.12/site-packages/airflow/example_dags/example_python_decorator.py for tasks to queue
[2025-11-17T18:28:48.134+0000] {logging_mixin.py:190} INFO - [2025-11-17T18:28:48.134+0000] {dagbag.py:588} INFO - Filling up the DagBag from /home/airflow/.local/lib/python3.12/site-packages/airflow/example_dags/example_python_decorator.py
[2025-11-17T18:28:48.144+0000] {processor.py:925} INFO - DAG(s) 'example_python_decorator' retrieved from /home/airflow/.local/lib/python3.12/site-packages/airflow/example_dags/example_python_decorator.py
[2025-11-17T18:28:48.160+0000] {logging_mixin.py:190} INFO - [2025-11-17T18:28:48.160+0000] {dag.py:3239} INFO - Sync 1 DAGs
[2025-11-17T18:28:48.170+0000] {logging_mixin.py:190} INFO - [2025-11-17T18:28:48.169+0000] {dag.py:4180} INFO - Setting next_dagrun for example_python_decorator to None, run_after=None
[2025-11-17T18:28:48.181+0000] {processor.py:208} INFO - Processing /home/airflow/.local/lib/python3.12/site-packages/airflow/example_dags/example_python_decorator.py took 0.055 seconds
[2025-11-17T18:29:19.506+0000] {processor.py:186} INFO - Started process (PID=1105) to work on /home/airflow/.local/lib/python3.12/site-packages/airflow/example_dags/example_python_decorator.py
[2025-11-17T18:29:19.507+0000] {processor.py:914} INFO - Processing file /home/airflow/.local/lib/python3.12/site-packages/airflow/example_dags/example_python_decorator.py for tasks to queue
[2025-11-17T18:29:19.510+0000] {logging_mixin.py:190} INFO - [2025-11-17T18:29:19.510+0000] {dagbag.py:588} INFO - Filling up the DagBag from /home/airflow/.local/lib/python3.12/site-packages/airflow/example_dags/example_python_decorator.py
[2025-11-17T18:29:19.521+0000] {processor.py:925} INFO - DAG(s) 'example_python_decorator' retrieved from /home/airflow/.local/lib/python3.12/site-packages/airflow/example_dags/example_python_decorator.py
[2025-11-17T18:29:19.537+0000] {logging_mixin.py:190} INFO - [2025-11-17T18:29:19.536+0000] {dag.py:3239} INFO - Sync 1 DAGs
[2025-11-17T18:29:19.546+0000] {logging_mixin.py:190} INFO - [2025-11-17T18:29:19.546+0000] {dag.py:4180} INFO - Setting next_dagrun for example_python_decorator to None, run_after=None
[2025-11-17T18:29:19.561+0000] {processor.py:208} INFO - Processing /home/airflow/.local/lib/python3.12/site-packages/airflow/example_dags/example_python_decorator.py took 0.060 seconds
[2025-11-17T18:29:49.793+0000] {processor.py:186} INFO - Started process (PID=1171) to work on /home/airflow/.local/lib/python3.12/site-packages/airflow/example_dags/example_python_decorator.py
[2025-11-17T18:29:49.794+0000] {processor.py:914} INFO - Processing file /home/airflow/.local/lib/python3.12/site-packages/airflow/example_dags/example_python_decorator.py for tasks to queue
[2025-11-17T18:29:49.797+0000] {logging_mixin.py:190} INFO - [2025-11-17T18:29:49.796+0000] {dagbag.py:588} INFO - Filling up the DagBag from /home/airflow/.local/lib/python3.12/site-packages/airflow/example_dags/example_python_decorator.py
[2025-11-17T18:29:49.807+0000] {processor.py:925} INFO - DAG(s) 'example_python_decorator' retrieved from /home/airflow/.local/lib/python3.12/site-packages/airflow/example_dags/example_python_decorator.py
[2025-11-17T18:29:49.823+0000] {logging_mixin.py:190} INFO - [2025-11-17T18:29:49.823+0000] {dag.py:3239} INFO - Sync 1 DAGs
[2025-11-17T18:29:49.833+0000] {logging_mixin.py:190} INFO - [2025-11-17T18:29:49.833+0000] {dag.py:4180} INFO - Setting next_dagrun for example_python_decorator to None, run_after=None
[2025-11-17T18:29:49.846+0000] {processor.py:208} INFO - Processing /home/airflow/.local/lib/python3.12/site-packages/airflow/example_dags/example_python_decorator.py took 0.057 seconds
[2025-11-17T18:30:20.818+0000] {processor.py:186} INFO - Started process (PID=1237) to work on /home/airflow/.local/lib/python3.12/site-packages/airflow/example_dags/example_python_decorator.py
[2025-11-17T18:30:20.819+0000] {processor.py:914} INFO - Processing file /home/airflow/.local/lib/python3.12/site-packages/airflow/example_dags/example_python_decorator.py for tasks to queue
[2025-11-17T18:30:20.822+0000] {logging_mixin.py:190} INFO - [2025-11-17T18:30:20.821+0000] {dagbag.py:588} INFO - Filling up the DagBag from /home/airflow/.local/lib/python3.12/site-packages/airflow/example_dags/example_python_decorator.py
[2025-11-17T18:30:20.834+0000] {processor.py:925} INFO - DAG(s) 'example_python_decorator' retrieved from /home/airflow/.local/lib/python3.12/site-packages/airflow/example_dags/example_python_decorator.py
[2025-11-17T18:30:20.847+0000] {logging_mixin.py:190} INFO - [2025-11-17T18:30:20.847+0000] {dag.py:3239} INFO - Sync 1 DAGs
[2025-11-17T18:30:20.856+0000] {logging_mixin.py:190} INFO - [2025-11-17T18:30:20.856+0000] {dag.py:4180} INFO - Setting next_dagrun for example_python_decorator to None, run_after=None
[2025-11-17T18:30:20.867+0000] {processor.py:208} INFO - Processing /home/airflow/.local/lib/python3.12/site-packages/airflow/example_dags/example_python_decorator.py took 0.054 seconds
[2025-11-17T18:30:51.820+0000] {processor.py:186} INFO - Started process (PID=1303) to work on /home/airflow/.local/lib/python3.12/site-packages/airflow/example_dags/example_python_decorator.py
[2025-11-17T18:30:51.821+0000] {processor.py:914} INFO - Processing file /home/airflow/.local/lib/python3.12/site-packages/airflow/example_dags/example_python_decorator.py for tasks to queue
[2025-11-17T18:30:51.823+0000] {logging_mixin.py:190} INFO - [2025-11-17T18:30:51.823+0000] {dagbag.py:588} INFO - Filling up the DagBag from /home/airflow/.local/lib/python3.12/site-packages/airflow/example_dags/example_python_decorator.py
[2025-11-17T18:30:51.834+0000] {processor.py:925} INFO - DAG(s) 'example_python_decorator' retrieved from /home/airflow/.local/lib/python3.12/site-packages/airflow/example_dags/example_python_decorator.py
[2025-11-17T18:30:51.850+0000] {logging_mixin.py:190} INFO - [2025-11-17T18:30:51.849+0000] {dag.py:3239} INFO - Sync 1 DAGs
[2025-11-17T18:30:51.860+0000] {logging_mixin.py:190} INFO - [2025-11-17T18:30:51.860+0000] {dag.py:4180} INFO - Setting next_dagrun for example_python_decorator to None, run_after=None
[2025-11-17T18:30:51.873+0000] {processor.py:208} INFO - Processing /home/airflow/.local/lib/python3.12/site-packages/airflow/example_dags/example_python_decorator.py took 0.058 seconds
[2025-11-17T18:31:23.421+0000] {processor.py:186} INFO - Started process (PID=1369) to work on /home/airflow/.local/lib/python3.12/site-packages/airflow/example_dags/example_python_decorator.py
[2025-11-17T18:31:23.422+0000] {processor.py:914} INFO - Processing file /home/airflow/.local/lib/python3.12/site-packages/airflow/example_dags/example_python_decorator.py for tasks to queue
[2025-11-17T18:31:23.424+0000] {logging_mixin.py:190} INFO - [2025-11-17T18:31:23.424+0000] {dagbag.py:588} INFO - Filling up the DagBag from /home/airflow/.local/lib/python3.12/site-packages/airflow/example_dags/example_python_decorator.py
[2025-11-17T18:31:23.435+0000] {processor.py:925} INFO - DAG(s) 'example_python_decorator' retrieved from /home/airflow/.local/lib/python3.12/site-packages/airflow/example_dags/example_python_decorator.py
[2025-11-17T18:31:23.450+0000] {logging_mixin.py:190} INFO - [2025-11-17T18:31:23.450+0000] {dag.py:3239} INFO - Sync 1 DAGs
[2025-11-17T18:31:23.459+0000] {logging_mixin.py:190} INFO - [2025-11-17T18:31:23.459+0000] {dag.py:4180} INFO - Setting next_dagrun for example_python_decorator to None, run_after=None
[2025-11-17T18:31:23.475+0000] {processor.py:208} INFO - Processing /home/airflow/.local/lib/python3.12/site-packages/airflow/example_dags/example_python_decorator.py took 0.059 seconds
[2025-11-17T18:31:54.309+0000] {processor.py:186} INFO - Started process (PID=1435) to work on /home/airflow/.local/lib/python3.12/site-packages/airflow/example_dags/example_python_decorator.py
[2025-11-17T18:31:54.311+0000] {processor.py:914} INFO - Processing file /home/airflow/.local/lib/python3.12/site-packages/airflow/example_dags/example_python_decorator.py for tasks to queue
[2025-11-17T18:31:54.313+0000] {logging_mixin.py:190} INFO - [2025-11-17T18:31:54.313+0000] {dagbag.py:588} INFO - Filling up the DagBag from /home/airflow/.local/lib/python3.12/site-packages/airflow/example_dags/example_python_decorator.py
[2025-11-17T18:31:54.325+0000] {processor.py:925} INFO - DAG(s) 'example_python_decorator' retrieved from /home/airflow/.local/lib/python3.12/site-packages/airflow/example_dags/example_python_decorator.py
[2025-11-17T18:31:54.343+0000] {logging_mixin.py:190} INFO - [2025-11-17T18:31:54.343+0000] {dag.py:3239} INFO - Sync 1 DAGs
[2025-11-17T18:31:54.353+0000] {logging_mixin.py:190} INFO - [2025-11-17T18:31:54.352+0000] {dag.py:4180} INFO - Setting next_dagrun for example_python_decorator to None, run_after=None
[2025-11-17T18:31:54.366+0000] {processor.py:208} INFO - Processing /home/airflow/.local/lib/python3.12/site-packages/airflow/example_dags/example_python_decorator.py took 0.061 seconds
[2025-11-17T18:32:25.430+0000] {processor.py:186} INFO - Started process (PID=1501) to work on /home/airflow/.local/lib/python3.12/site-packages/airflow/example_dags/example_python_decorator.py
[2025-11-17T18:32:25.431+0000] {processor.py:914} INFO - Processing file /home/airflow/.local/lib/python3.12/site-packages/airflow/example_dags/example_python_decorator.py for tasks to queue
[2025-11-17T18:32:25.433+0000] {logging_mixin.py:190} INFO - [2025-11-17T18:32:25.433+0000] {dagbag.py:588} INFO - Filling up the DagBag from /home/airflow/.local/lib/python3.12/site-packages/airflow/example_dags/example_python_decorator.py
[2025-11-17T18:32:25.444+0000] {processor.py:925} INFO - DAG(s) 'example_python_decorator' retrieved from /home/airflow/.local/lib/python3.12/site-packages/airflow/example_dags/example_python_decorator.py
[2025-11-17T18:32:25.459+0000] {logging_mixin.py:190} INFO - [2025-11-17T18:32:25.459+0000] {dag.py:3239} INFO - Sync 1 DAGs
[2025-11-17T18:32:25.469+0000] {logging_mixin.py:190} INFO - [2025-11-17T18:32:25.468+0000] {dag.py:4180} INFO - Setting next_dagrun for example_python_decorator to None, run_after=None
[2025-11-17T18:32:25.483+0000] {processor.py:208} INFO - Processing /home/airflow/.local/lib/python3.12/site-packages/airflow/example_dags/example_python_decorator.py took 0.057 seconds
[2025-11-17T18:32:56.776+0000] {processor.py:186} INFO - Started process (PID=1567) to work on /home/airflow/.local/lib/python3.12/site-packages/airflow/example_dags/example_python_decorator.py
[2025-11-17T18:32:56.777+0000] {processor.py:914} INFO - Processing file /home/airflow/.local/lib/python3.12/site-packages/airflow/example_dags/example_python_decorator.py for tasks to queue
[2025-11-17T18:32:56.779+0000] {logging_mixin.py:190} INFO - [2025-11-17T18:32:56.778+0000] {dagbag.py:588} INFO - Filling up the DagBag from /home/airflow/.local/lib/python3.12/site-packages/airflow/example_dags/example_python_decorator.py
[2025-11-17T18:32:56.790+0000] {processor.py:925} INFO - DAG(s) 'example_python_decorator' retrieved from /home/airflow/.local/lib/python3.12/site-packages/airflow/example_dags/example_python_decorator.py
[2025-11-17T18:32:56.805+0000] {logging_mixin.py:190} INFO - [2025-11-17T18:32:56.804+0000] {dag.py:3239} INFO - Sync 1 DAGs
[2025-11-17T18:32:56.814+0000] {logging_mixin.py:190} INFO - [2025-11-17T18:32:56.813+0000] {dag.py:4180} INFO - Setting next_dagrun for example_python_decorator to None, run_after=None
[2025-11-17T18:32:56.826+0000] {processor.py:208} INFO - Processing /home/airflow/.local/lib/python3.12/site-packages/airflow/example_dags/example_python_decorator.py took 0.054 seconds
[2025-11-17T18:33:28.438+0000] {processor.py:186} INFO - Started process (PID=1633) to work on /home/airflow/.local/lib/python3.12/site-packages/airflow/example_dags/example_python_decorator.py
[2025-11-17T18:33:28.439+0000] {processor.py:914} INFO - Processing file /home/airflow/.local/lib/python3.12/site-packages/airflow/example_dags/example_python_decorator.py for tasks to queue
[2025-11-17T18:33:28.441+0000] {logging_mixin.py:190} INFO - [2025-11-17T18:33:28.441+0000] {dagbag.py:588} INFO - Filling up the DagBag from /home/airflow/.local/lib/python3.12/site-packages/airflow/example_dags/example_python_decorator.py
[2025-11-17T18:33:28.452+0000] {processor.py:925} INFO - DAG(s) 'example_python_decorator' retrieved from /home/airflow/.local/lib/python3.12/site-packages/airflow/example_dags/example_python_decorator.py
[2025-11-17T18:33:28.468+0000] {logging_mixin.py:190} INFO - [2025-11-17T18:33:28.468+0000] {dag.py:3239} INFO - Sync 1 DAGs
[2025-11-17T18:33:28.480+0000] {logging_mixin.py:190} INFO - [2025-11-17T18:33:28.480+0000] {dag.py:4180} INFO - Setting next_dagrun for example_python_decorator to None, run_after=None
[2025-11-17T18:33:28.511+0000] {processor.py:208} INFO - Processing /home/airflow/.local/lib/python3.12/site-packages/airflow/example_dags/example_python_decorator.py took 0.077 seconds
[2025-11-17T18:33:59.364+0000] {processor.py:186} INFO - Started process (PID=1699) to work on /home/airflow/.local/lib/python3.12/site-packages/airflow/example_dags/example_python_decorator.py
[2025-11-17T18:33:59.366+0000] {processor.py:914} INFO - Processing file /home/airflow/.local/lib/python3.12/site-packages/airflow/example_dags/example_python_decorator.py for tasks to queue
[2025-11-17T18:33:59.367+0000] {logging_mixin.py:190} INFO - [2025-11-17T18:33:59.367+0000] {dagbag.py:588} INFO - Filling up the DagBag from /home/airflow/.local/lib/python3.12/site-packages/airflow/example_dags/example_python_decorator.py
[2025-11-17T18:33:59.379+0000] {processor.py:925} INFO - DAG(s) 'example_python_decorator' retrieved from /home/airflow/.local/lib/python3.12/site-packages/airflow/example_dags/example_python_decorator.py
[2025-11-17T18:33:59.393+0000] {logging_mixin.py:190} INFO - [2025-11-17T18:33:59.393+0000] {dag.py:3239} INFO - Sync 1 DAGs
[2025-11-17T18:33:59.402+0000] {logging_mixin.py:190} INFO - [2025-11-17T18:33:59.402+0000] {dag.py:4180} INFO - Setting next_dagrun for example_python_decorator to None, run_after=None
[2025-11-17T18:33:59.414+0000] {processor.py:208} INFO - Processing /home/airflow/.local/lib/python3.12/site-packages/airflow/example_dags/example_python_decorator.py took 0.054 seconds
[2025-11-17T18:34:30.137+0000] {processor.py:186} INFO - Started process (PID=1765) to work on /home/airflow/.local/lib/python3.12/site-packages/airflow/example_dags/example_python_decorator.py
[2025-11-17T18:34:30.138+0000] {processor.py:914} INFO - Processing file /home/airflow/.local/lib/python3.12/site-packages/airflow/example_dags/example_python_decorator.py for tasks to queue
[2025-11-17T18:34:30.140+0000] {logging_mixin.py:190} INFO - [2025-11-17T18:34:30.139+0000] {dagbag.py:588} INFO - Filling up the DagBag from /home/airflow/.local/lib/python3.12/site-packages/airflow/example_dags/example_python_decorator.py
[2025-11-17T18:34:30.151+0000] {processor.py:925} INFO - DAG(s) 'example_python_decorator' retrieved from /home/airflow/.local/lib/python3.12/site-packages/airflow/example_dags/example_python_decorator.py
[2025-11-17T18:34:30.167+0000] {logging_mixin.py:190} INFO - [2025-11-17T18:34:30.167+0000] {dag.py:3239} INFO - Sync 1 DAGs
[2025-11-17T18:34:30.178+0000] {logging_mixin.py:190} INFO - [2025-11-17T18:34:30.178+0000] {dag.py:4180} INFO - Setting next_dagrun for example_python_decorator to None, run_after=None
[2025-11-17T18:34:30.194+0000] {processor.py:208} INFO - Processing /home/airflow/.local/lib/python3.12/site-packages/airflow/example_dags/example_python_decorator.py took 0.062 seconds
[2025-11-17T18:35:01.451+0000] {processor.py:186} INFO - Started process (PID=1831) to work on /home/airflow/.local/lib/python3.12/site-packages/airflow/example_dags/example_python_decorator.py
[2025-11-17T18:35:01.452+0000] {processor.py:914} INFO - Processing file /home/airflow/.local/lib/python3.12/site-packages/airflow/example_dags/example_python_decorator.py for tasks to queue
[2025-11-17T18:35:01.454+0000] {logging_mixin.py:190} INFO - [2025-11-17T18:35:01.454+0000] {dagbag.py:588} INFO - Filling up the DagBag from /home/airflow/.local/lib/python3.12/site-packages/airflow/example_dags/example_python_decorator.py
[2025-11-17T18:35:01.465+0000] {processor.py:925} INFO - DAG(s) 'example_python_decorator' retrieved from /home/airflow/.local/lib/python3.12/site-packages/airflow/example_dags/example_python_decorator.py
[2025-11-17T18:35:01.480+0000] {logging_mixin.py:190} INFO - [2025-11-17T18:35:01.480+0000] {dag.py:3239} INFO - Sync 1 DAGs
[2025-11-17T18:35:01.490+0000] {logging_mixin.py:190} INFO - [2025-11-17T18:35:01.489+0000] {dag.py:4180} INFO - Setting next_dagrun for example_python_decorator to None, run_after=None
[2025-11-17T18:35:01.502+0000] {processor.py:208} INFO - Processing /home/airflow/.local/lib/python3.12/site-packages/airflow/example_dags/example_python_decorator.py took 0.055 seconds
[2025-11-17T18:35:33.081+0000] {processor.py:186} INFO - Started process (PID=1903) to work on /home/airflow/.local/lib/python3.12/site-packages/airflow/example_dags/example_python_decorator.py
[2025-11-17T18:35:33.082+0000] {processor.py:914} INFO - Processing file /home/airflow/.local/lib/python3.12/site-packages/airflow/example_dags/example_python_decorator.py for tasks to queue
[2025-11-17T18:35:33.084+0000] {logging_mixin.py:190} INFO - [2025-11-17T18:35:33.084+0000] {dagbag.py:588} INFO - Filling up the DagBag from /home/airflow/.local/lib/python3.12/site-packages/airflow/example_dags/example_python_decorator.py
[2025-11-17T18:35:33.096+0000] {processor.py:925} INFO - DAG(s) 'example_python_decorator' retrieved from /home/airflow/.local/lib/python3.12/site-packages/airflow/example_dags/example_python_decorator.py
[2025-11-17T18:35:33.110+0000] {logging_mixin.py:190} INFO - [2025-11-17T18:35:33.110+0000] {dag.py:3239} INFO - Sync 1 DAGs
[2025-11-17T18:35:33.119+0000] {logging_mixin.py:190} INFO - [2025-11-17T18:35:33.119+0000] {dag.py:4180} INFO - Setting next_dagrun for example_python_decorator to None, run_after=None
[2025-11-17T18:35:33.132+0000] {processor.py:208} INFO - Processing /home/airflow/.local/lib/python3.12/site-packages/airflow/example_dags/example_python_decorator.py took 0.054 seconds
[2025-11-17T18:36:03.428+0000] {processor.py:186} INFO - Started process (PID=1969) to work on /home/airflow/.local/lib/python3.12/site-packages/airflow/example_dags/example_python_decorator.py
[2025-11-17T18:36:03.429+0000] {processor.py:914} INFO - Processing file /home/airflow/.local/lib/python3.12/site-packages/airflow/example_dags/example_python_decorator.py for tasks to queue
[2025-11-17T18:36:03.431+0000] {logging_mixin.py:190} INFO - [2025-11-17T18:36:03.430+0000] {dagbag.py:588} INFO - Filling up the DagBag from /home/airflow/.local/lib/python3.12/site-packages/airflow/example_dags/example_python_decorator.py
[2025-11-17T18:36:03.441+0000] {processor.py:925} INFO - DAG(s) 'example_python_decorator' retrieved from /home/airflow/.local/lib/python3.12/site-packages/airflow/example_dags/example_python_decorator.py
[2025-11-17T18:36:03.456+0000] {logging_mixin.py:190} INFO - [2025-11-17T18:36:03.456+0000] {dag.py:3239} INFO - Sync 1 DAGs
[2025-11-17T18:36:03.466+0000] {logging_mixin.py:190} INFO - [2025-11-17T18:36:03.465+0000] {dag.py:4180} INFO - Setting next_dagrun for example_python_decorator to None, run_after=None
[2025-11-17T18:36:03.491+0000] {processor.py:208} INFO - Processing /home/airflow/.local/lib/python3.12/site-packages/airflow/example_dags/example_python_decorator.py took 0.068 seconds
[2025-11-17T18:36:34.613+0000] {processor.py:186} INFO - Started process (PID=2035) to work on /home/airflow/.local/lib/python3.12/site-packages/airflow/example_dags/example_python_decorator.py
[2025-11-17T18:36:34.614+0000] {processor.py:914} INFO - Processing file /home/airflow/.local/lib/python3.12/site-packages/airflow/example_dags/example_python_decorator.py for tasks to queue
[2025-11-17T18:36:34.616+0000] {logging_mixin.py:190} INFO - [2025-11-17T18:36:34.616+0000] {dagbag.py:588} INFO - Filling up the DagBag from /home/airflow/.local/lib/python3.12/site-packages/airflow/example_dags/example_python_decorator.py
[2025-11-17T18:36:34.627+0000] {processor.py:925} INFO - DAG(s) 'example_python_decorator' retrieved from /home/airflow/.local/lib/python3.12/site-packages/airflow/example_dags/example_python_decorator.py
[2025-11-17T18:36:34.643+0000] {logging_mixin.py:190} INFO - [2025-11-17T18:36:34.642+0000] {dag.py:3239} INFO - Sync 1 DAGs
[2025-11-17T18:36:34.652+0000] {logging_mixin.py:190} INFO - [2025-11-17T18:36:34.652+0000] {dag.py:4180} INFO - Setting next_dagrun for example_python_decorator to None, run_after=None
[2025-11-17T18:36:34.666+0000] {processor.py:208} INFO - Processing /home/airflow/.local/lib/python3.12/site-packages/airflow/example_dags/example_python_decorator.py took 0.057 seconds
[2025-11-17T18:37:05.443+0000] {processor.py:186} INFO - Started process (PID=2101) to work on /home/airflow/.local/lib/python3.12/site-packages/airflow/example_dags/example_python_decorator.py
[2025-11-17T18:37:05.444+0000] {processor.py:914} INFO - Processing file /home/airflow/.local/lib/python3.12/site-packages/airflow/example_dags/example_python_decorator.py for tasks to queue
[2025-11-17T18:37:05.446+0000] {logging_mixin.py:190} INFO - [2025-11-17T18:37:05.445+0000] {dagbag.py:588} INFO - Filling up the DagBag from /home/airflow/.local/lib/python3.12/site-packages/airflow/example_dags/example_python_decorator.py
[2025-11-17T18:37:05.458+0000] {processor.py:925} INFO - DAG(s) 'example_python_decorator' retrieved from /home/airflow/.local/lib/python3.12/site-packages/airflow/example_dags/example_python_decorator.py
[2025-11-17T18:37:05.474+0000] {logging_mixin.py:190} INFO - [2025-11-17T18:37:05.474+0000] {dag.py:3239} INFO - Sync 1 DAGs
[2025-11-17T18:37:05.486+0000] {logging_mixin.py:190} INFO - [2025-11-17T18:37:05.486+0000] {dag.py:4180} INFO - Setting next_dagrun for example_python_decorator to None, run_after=None
[2025-11-17T18:37:05.499+0000] {processor.py:208} INFO - Processing /home/airflow/.local/lib/python3.12/site-packages/airflow/example_dags/example_python_decorator.py took 0.061 seconds
[2025-11-17T18:37:36.791+0000] {processor.py:186} INFO - Started process (PID=2167) to work on /home/airflow/.local/lib/python3.12/site-packages/airflow/example_dags/example_python_decorator.py
[2025-11-17T18:37:36.792+0000] {processor.py:914} INFO - Processing file /home/airflow/.local/lib/python3.12/site-packages/airflow/example_dags/example_python_decorator.py for tasks to queue
[2025-11-17T18:37:36.794+0000] {logging_mixin.py:190} INFO - [2025-11-17T18:37:36.794+0000] {dagbag.py:588} INFO - Filling up the DagBag from /home/airflow/.local/lib/python3.12/site-packages/airflow/example_dags/example_python_decorator.py
[2025-11-17T18:37:36.805+0000] {processor.py:925} INFO - DAG(s) 'example_python_decorator' retrieved from /home/airflow/.local/lib/python3.12/site-packages/airflow/example_dags/example_python_decorator.py
[2025-11-17T18:37:36.821+0000] {logging_mixin.py:190} INFO - [2025-11-17T18:37:36.821+0000] {dag.py:3239} INFO - Sync 1 DAGs
[2025-11-17T18:37:36.832+0000] {logging_mixin.py:190} INFO - [2025-11-17T18:37:36.832+0000] {dag.py:4180} INFO - Setting next_dagrun for example_python_decorator to None, run_after=None
[2025-11-17T18:37:36.845+0000] {processor.py:208} INFO - Processing /home/airflow/.local/lib/python3.12/site-packages/airflow/example_dags/example_python_decorator.py took 0.058 seconds
[2025-11-17T18:38:08.033+0000] {processor.py:186} INFO - Started process (PID=2233) to work on /home/airflow/.local/lib/python3.12/site-packages/airflow/example_dags/example_python_decorator.py
[2025-11-17T18:38:08.034+0000] {processor.py:914} INFO - Processing file /home/airflow/.local/lib/python3.12/site-packages/airflow/example_dags/example_python_decorator.py for tasks to queue
[2025-11-17T18:38:08.037+0000] {logging_mixin.py:190} INFO - [2025-11-17T18:38:08.036+0000] {dagbag.py:588} INFO - Filling up the DagBag from /home/airflow/.local/lib/python3.12/site-packages/airflow/example_dags/example_python_decorator.py
[2025-11-17T18:38:08.049+0000] {processor.py:925} INFO - DAG(s) 'example_python_decorator' retrieved from /home/airflow/.local/lib/python3.12/site-packages/airflow/example_dags/example_python_decorator.py
[2025-11-17T18:38:08.066+0000] {logging_mixin.py:190} INFO - [2025-11-17T18:38:08.066+0000] {dag.py:3239} INFO - Sync 1 DAGs
[2025-11-17T18:38:08.076+0000] {logging_mixin.py:190} INFO - [2025-11-17T18:38:08.076+0000] {dag.py:4180} INFO - Setting next_dagrun for example_python_decorator to None, run_after=None
[2025-11-17T18:38:08.089+0000] {processor.py:208} INFO - Processing /home/airflow/.local/lib/python3.12/site-packages/airflow/example_dags/example_python_decorator.py took 0.060 seconds
[2025-11-17T18:38:38.417+0000] {processor.py:186} INFO - Started process (PID=2299) to work on /home/airflow/.local/lib/python3.12/site-packages/airflow/example_dags/example_python_decorator.py
[2025-11-17T18:38:38.419+0000] {processor.py:914} INFO - Processing file /home/airflow/.local/lib/python3.12/site-packages/airflow/example_dags/example_python_decorator.py for tasks to queue
[2025-11-17T18:38:38.421+0000] {logging_mixin.py:190} INFO - [2025-11-17T18:38:38.421+0000] {dagbag.py:588} INFO - Filling up the DagBag from /home/airflow/.local/lib/python3.12/site-packages/airflow/example_dags/example_python_decorator.py
[2025-11-17T18:38:38.432+0000] {processor.py:925} INFO - DAG(s) 'example_python_decorator' retrieved from /home/airflow/.local/lib/python3.12/site-packages/airflow/example_dags/example_python_decorator.py
[2025-11-17T18:38:38.448+0000] {logging_mixin.py:190} INFO - [2025-11-17T18:38:38.448+0000] {dag.py:3239} INFO - Sync 1 DAGs
[2025-11-17T18:38:38.457+0000] {logging_mixin.py:190} INFO - [2025-11-17T18:38:38.457+0000] {dag.py:4180} INFO - Setting next_dagrun for example_python_decorator to None, run_after=None
[2025-11-17T18:38:38.472+0000] {processor.py:208} INFO - Processing /home/airflow/.local/lib/python3.12/site-packages/airflow/example_dags/example_python_decorator.py took 0.059 seconds
[2025-11-17T18:39:09.550+0000] {processor.py:186} INFO - Started process (PID=2365) to work on /home/airflow/.local/lib/python3.12/site-packages/airflow/example_dags/example_python_decorator.py
[2025-11-17T18:39:09.551+0000] {processor.py:914} INFO - Processing file /home/airflow/.local/lib/python3.12/site-packages/airflow/example_dags/example_python_decorator.py for tasks to queue
[2025-11-17T18:39:09.553+0000] {logging_mixin.py:190} INFO - [2025-11-17T18:39:09.553+0000] {dagbag.py:588} INFO - Filling up the DagBag from /home/airflow/.local/lib/python3.12/site-packages/airflow/example_dags/example_python_decorator.py
[2025-11-17T18:39:09.565+0000] {processor.py:925} INFO - DAG(s) 'example_python_decorator' retrieved from /home/airflow/.local/lib/python3.12/site-packages/airflow/example_dags/example_python_decorator.py
[2025-11-17T18:39:09.580+0000] {logging_mixin.py:190} INFO - [2025-11-17T18:39:09.580+0000] {dag.py:3239} INFO - Sync 1 DAGs
[2025-11-17T18:39:09.590+0000] {logging_mixin.py:190} INFO - [2025-11-17T18:39:09.590+0000] {dag.py:4180} INFO - Setting next_dagrun for example_python_decorator to None, run_after=None
[2025-11-17T18:39:09.604+0000] {processor.py:208} INFO - Processing /home/airflow/.local/lib/python3.12/site-packages/airflow/example_dags/example_python_decorator.py took 0.059 seconds
[2025-11-17T18:39:41.870+0000] {processor.py:186} INFO - Started process (PID=2433) to work on /home/airflow/.local/lib/python3.12/site-packages/airflow/example_dags/example_python_decorator.py
[2025-11-17T18:39:41.871+0000] {processor.py:914} INFO - Processing file /home/airflow/.local/lib/python3.12/site-packages/airflow/example_dags/example_python_decorator.py for tasks to queue
[2025-11-17T18:39:41.873+0000] {logging_mixin.py:190} INFO - [2025-11-17T18:39:41.873+0000] {dagbag.py:588} INFO - Filling up the DagBag from /home/airflow/.local/lib/python3.12/site-packages/airflow/example_dags/example_python_decorator.py
[2025-11-17T18:39:41.884+0000] {processor.py:925} INFO - DAG(s) 'example_python_decorator' retrieved from /home/airflow/.local/lib/python3.12/site-packages/airflow/example_dags/example_python_decorator.py
[2025-11-17T18:39:41.901+0000] {logging_mixin.py:190} INFO - [2025-11-17T18:39:41.901+0000] {dag.py:3239} INFO - Sync 1 DAGs
[2025-11-17T18:39:41.912+0000] {logging_mixin.py:190} INFO - [2025-11-17T18:39:41.912+0000] {dag.py:4180} INFO - Setting next_dagrun for example_python_decorator to None, run_after=None
[2025-11-17T18:39:41.925+0000] {processor.py:208} INFO - Processing /home/airflow/.local/lib/python3.12/site-packages/airflow/example_dags/example_python_decorator.py took 0.059 seconds
[2025-11-17T18:40:12.947+0000] {processor.py:186} INFO - Started process (PID=2499) to work on /home/airflow/.local/lib/python3.12/site-packages/airflow/example_dags/example_python_decorator.py
[2025-11-17T18:40:12.948+0000] {processor.py:914} INFO - Processing file /home/airflow/.local/lib/python3.12/site-packages/airflow/example_dags/example_python_decorator.py for tasks to queue
[2025-11-17T18:40:12.950+0000] {logging_mixin.py:190} INFO - [2025-11-17T18:40:12.949+0000] {dagbag.py:588} INFO - Filling up the DagBag from /home/airflow/.local/lib/python3.12/site-packages/airflow/example_dags/example_python_decorator.py
[2025-11-17T18:40:12.961+0000] {processor.py:925} INFO - DAG(s) 'example_python_decorator' retrieved from /home/airflow/.local/lib/python3.12/site-packages/airflow/example_dags/example_python_decorator.py
[2025-11-17T18:40:12.977+0000] {logging_mixin.py:190} INFO - [2025-11-17T18:40:12.977+0000] {dag.py:3239} INFO - Sync 1 DAGs
[2025-11-17T18:40:12.986+0000] {logging_mixin.py:190} INFO - [2025-11-17T18:40:12.986+0000] {dag.py:4180} INFO - Setting next_dagrun for example_python_decorator to None, run_after=None
[2025-11-17T18:40:13.000+0000] {processor.py:208} INFO - Processing /home/airflow/.local/lib/python3.12/site-packages/airflow/example_dags/example_python_decorator.py took 0.058 seconds
[2025-11-17T18:40:44.120+0000] {processor.py:186} INFO - Started process (PID=2565) to work on /home/airflow/.local/lib/python3.12/site-packages/airflow/example_dags/example_python_decorator.py
[2025-11-17T18:40:44.122+0000] {processor.py:914} INFO - Processing file /home/airflow/.local/lib/python3.12/site-packages/airflow/example_dags/example_python_decorator.py for tasks to queue
[2025-11-17T18:40:44.124+0000] {logging_mixin.py:190} INFO - [2025-11-17T18:40:44.123+0000] {dagbag.py:588} INFO - Filling up the DagBag from /home/airflow/.local/lib/python3.12/site-packages/airflow/example_dags/example_python_decorator.py
[2025-11-17T18:40:44.134+0000] {processor.py:925} INFO - DAG(s) 'example_python_decorator' retrieved from /home/airflow/.local/lib/python3.12/site-packages/airflow/example_dags/example_python_decorator.py
[2025-11-17T18:40:44.151+0000] {logging_mixin.py:190} INFO - [2025-11-17T18:40:44.151+0000] {dag.py:3239} INFO - Sync 1 DAGs
[2025-11-17T18:40:44.161+0000] {logging_mixin.py:190} INFO - [2025-11-17T18:40:44.161+0000] {dag.py:4180} INFO - Setting next_dagrun for example_python_decorator to None, run_after=None
[2025-11-17T18:40:44.174+0000] {processor.py:208} INFO - Processing /home/airflow/.local/lib/python3.12/site-packages/airflow/example_dags/example_python_decorator.py took 0.058 seconds
[2025-11-17T18:41:16.786+0000] {processor.py:186} INFO - Started process (PID=2635) to work on /home/airflow/.local/lib/python3.12/site-packages/airflow/example_dags/example_python_decorator.py
[2025-11-17T18:41:16.787+0000] {processor.py:914} INFO - Processing file /home/airflow/.local/lib/python3.12/site-packages/airflow/example_dags/example_python_decorator.py for tasks to queue
[2025-11-17T18:41:16.790+0000] {logging_mixin.py:190} INFO - [2025-11-17T18:41:16.790+0000] {dagbag.py:588} INFO - Filling up the DagBag from /home/airflow/.local/lib/python3.12/site-packages/airflow/example_dags/example_python_decorator.py
[2025-11-17T18:41:16.805+0000] {processor.py:925} INFO - DAG(s) 'example_python_decorator' retrieved from /home/airflow/.local/lib/python3.12/site-packages/airflow/example_dags/example_python_decorator.py
[2025-11-17T18:41:16.825+0000] {logging_mixin.py:190} INFO - [2025-11-17T18:41:16.825+0000] {dag.py:3239} INFO - Sync 1 DAGs
[2025-11-17T18:41:16.838+0000] {logging_mixin.py:190} INFO - [2025-11-17T18:41:16.838+0000] {dag.py:4180} INFO - Setting next_dagrun for example_python_decorator to None, run_after=None
[2025-11-17T18:41:16.857+0000] {processor.py:208} INFO - Processing /home/airflow/.local/lib/python3.12/site-packages/airflow/example_dags/example_python_decorator.py took 0.078 seconds
[2025-11-17T18:41:47.150+0000] {processor.py:186} INFO - Started process (PID=2701) to work on /home/airflow/.local/lib/python3.12/site-packages/airflow/example_dags/example_python_decorator.py
[2025-11-17T18:41:47.150+0000] {processor.py:914} INFO - Processing file /home/airflow/.local/lib/python3.12/site-packages/airflow/example_dags/example_python_decorator.py for tasks to queue
[2025-11-17T18:41:47.152+0000] {logging_mixin.py:190} INFO - [2025-11-17T18:41:47.152+0000] {dagbag.py:588} INFO - Filling up the DagBag from /home/airflow/.local/lib/python3.12/site-packages/airflow/example_dags/example_python_decorator.py
[2025-11-17T18:41:47.163+0000] {processor.py:925} INFO - DAG(s) 'example_python_decorator' retrieved from /home/airflow/.local/lib/python3.12/site-packages/airflow/example_dags/example_python_decorator.py
[2025-11-17T18:41:47.182+0000] {logging_mixin.py:190} INFO - [2025-11-17T18:41:47.182+0000] {dag.py:3239} INFO - Sync 1 DAGs
[2025-11-17T18:41:47.195+0000] {logging_mixin.py:190} INFO - [2025-11-17T18:41:47.195+0000] {dag.py:4180} INFO - Setting next_dagrun for example_python_decorator to None, run_after=None
[2025-11-17T18:41:47.211+0000] {processor.py:208} INFO - Processing /home/airflow/.local/lib/python3.12/site-packages/airflow/example_dags/example_python_decorator.py took 0.065 seconds
[2025-11-17T18:43:14.852+0000] {processor.py:186} INFO - Started process (PID=110) to work on /home/airflow/.local/lib/python3.12/site-packages/airflow/example_dags/example_python_decorator.py
[2025-11-17T18:43:14.853+0000] {processor.py:914} INFO - Processing file /home/airflow/.local/lib/python3.12/site-packages/airflow/example_dags/example_python_decorator.py for tasks to queue
[2025-11-17T18:43:14.855+0000] {logging_mixin.py:190} INFO - [2025-11-17T18:43:14.855+0000] {dagbag.py:588} INFO - Filling up the DagBag from /home/airflow/.local/lib/python3.12/site-packages/airflow/example_dags/example_python_decorator.py
[2025-11-17T18:43:14.867+0000] {processor.py:925} INFO - DAG(s) 'example_python_decorator' retrieved from /home/airflow/.local/lib/python3.12/site-packages/airflow/example_dags/example_python_decorator.py
[2025-11-17T18:43:14.945+0000] {logging_mixin.py:190} INFO - [2025-11-17T18:43:14.944+0000] {dag.py:3239} INFO - Sync 1 DAGs
[2025-11-17T18:43:14.954+0000] {logging_mixin.py:190} INFO - [2025-11-17T18:43:14.954+0000] {dag.py:4180} INFO - Setting next_dagrun for example_python_decorator to None, run_after=None
[2025-11-17T18:43:14.970+0000] {processor.py:208} INFO - Processing /home/airflow/.local/lib/python3.12/site-packages/airflow/example_dags/example_python_decorator.py took 0.123 seconds
[2025-11-17T18:43:45.236+0000] {processor.py:186} INFO - Started process (PID=182) to work on /home/airflow/.local/lib/python3.12/site-packages/airflow/example_dags/example_python_decorator.py
[2025-11-17T18:43:45.237+0000] {processor.py:914} INFO - Processing file /home/airflow/.local/lib/python3.12/site-packages/airflow/example_dags/example_python_decorator.py for tasks to queue
[2025-11-17T18:43:45.239+0000] {logging_mixin.py:190} INFO - [2025-11-17T18:43:45.239+0000] {dagbag.py:588} INFO - Filling up the DagBag from /home/airflow/.local/lib/python3.12/site-packages/airflow/example_dags/example_python_decorator.py
[2025-11-17T18:43:45.249+0000] {processor.py:925} INFO - DAG(s) 'example_python_decorator' retrieved from /home/airflow/.local/lib/python3.12/site-packages/airflow/example_dags/example_python_decorator.py
[2025-11-17T18:43:45.263+0000] {logging_mixin.py:190} INFO - [2025-11-17T18:43:45.263+0000] {dag.py:3239} INFO - Sync 1 DAGs
[2025-11-17T18:43:45.272+0000] {logging_mixin.py:190} INFO - [2025-11-17T18:43:45.272+0000] {dag.py:4180} INFO - Setting next_dagrun for example_python_decorator to None, run_after=None
[2025-11-17T18:43:45.295+0000] {processor.py:208} INFO - Processing /home/airflow/.local/lib/python3.12/site-packages/airflow/example_dags/example_python_decorator.py took 0.063 seconds
[2025-11-17T18:44:15.538+0000] {processor.py:186} INFO - Started process (PID=248) to work on /home/airflow/.local/lib/python3.12/site-packages/airflow/example_dags/example_python_decorator.py
[2025-11-17T18:44:15.538+0000] {processor.py:914} INFO - Processing file /home/airflow/.local/lib/python3.12/site-packages/airflow/example_dags/example_python_decorator.py for tasks to queue
[2025-11-17T18:44:15.540+0000] {logging_mixin.py:190} INFO - [2025-11-17T18:44:15.540+0000] {dagbag.py:588} INFO - Filling up the DagBag from /home/airflow/.local/lib/python3.12/site-packages/airflow/example_dags/example_python_decorator.py
[2025-11-17T18:44:15.550+0000] {processor.py:925} INFO - DAG(s) 'example_python_decorator' retrieved from /home/airflow/.local/lib/python3.12/site-packages/airflow/example_dags/example_python_decorator.py
[2025-11-17T18:44:15.565+0000] {logging_mixin.py:190} INFO - [2025-11-17T18:44:15.565+0000] {dag.py:3239} INFO - Sync 1 DAGs
[2025-11-17T18:44:15.574+0000] {logging_mixin.py:190} INFO - [2025-11-17T18:44:15.574+0000] {dag.py:4180} INFO - Setting next_dagrun for example_python_decorator to None, run_after=None
[2025-11-17T18:44:15.586+0000] {processor.py:208} INFO - Processing /home/airflow/.local/lib/python3.12/site-packages/airflow/example_dags/example_python_decorator.py took 0.053 seconds
[2025-11-17T18:44:46.738+0000] {processor.py:186} INFO - Started process (PID=314) to work on /home/airflow/.local/lib/python3.12/site-packages/airflow/example_dags/example_python_decorator.py
[2025-11-17T18:44:46.739+0000] {processor.py:914} INFO - Processing file /home/airflow/.local/lib/python3.12/site-packages/airflow/example_dags/example_python_decorator.py for tasks to queue
[2025-11-17T18:44:46.740+0000] {logging_mixin.py:190} INFO - [2025-11-17T18:44:46.740+0000] {dagbag.py:588} INFO - Filling up the DagBag from /home/airflow/.local/lib/python3.12/site-packages/airflow/example_dags/example_python_decorator.py
[2025-11-17T18:44:46.751+0000] {processor.py:925} INFO - DAG(s) 'example_python_decorator' retrieved from /home/airflow/.local/lib/python3.12/site-packages/airflow/example_dags/example_python_decorator.py
[2025-11-17T18:44:46.767+0000] {logging_mixin.py:190} INFO - [2025-11-17T18:44:46.767+0000] {dag.py:3239} INFO - Sync 1 DAGs
[2025-11-17T18:44:46.778+0000] {logging_mixin.py:190} INFO - [2025-11-17T18:44:46.778+0000] {dag.py:4180} INFO - Setting next_dagrun for example_python_decorator to None, run_after=None
[2025-11-17T18:44:46.792+0000] {processor.py:208} INFO - Processing /home/airflow/.local/lib/python3.12/site-packages/airflow/example_dags/example_python_decorator.py took 0.058 seconds
[2025-11-17T18:45:18.343+0000] {processor.py:186} INFO - Started process (PID=380) to work on /home/airflow/.local/lib/python3.12/site-packages/airflow/example_dags/example_python_decorator.py
[2025-11-17T18:45:18.344+0000] {processor.py:914} INFO - Processing file /home/airflow/.local/lib/python3.12/site-packages/airflow/example_dags/example_python_decorator.py for tasks to queue
[2025-11-17T18:45:18.345+0000] {logging_mixin.py:190} INFO - [2025-11-17T18:45:18.345+0000] {dagbag.py:588} INFO - Filling up the DagBag from /home/airflow/.local/lib/python3.12/site-packages/airflow/example_dags/example_python_decorator.py
[2025-11-17T18:45:18.355+0000] {processor.py:925} INFO - DAG(s) 'example_python_decorator' retrieved from /home/airflow/.local/lib/python3.12/site-packages/airflow/example_dags/example_python_decorator.py
[2025-11-17T18:45:18.370+0000] {logging_mixin.py:190} INFO - [2025-11-17T18:45:18.369+0000] {dag.py:3239} INFO - Sync 1 DAGs
[2025-11-17T18:45:18.380+0000] {logging_mixin.py:190} INFO - [2025-11-17T18:45:18.379+0000] {dag.py:4180} INFO - Setting next_dagrun for example_python_decorator to None, run_after=None
[2025-11-17T18:45:18.393+0000] {processor.py:208} INFO - Processing /home/airflow/.local/lib/python3.12/site-packages/airflow/example_dags/example_python_decorator.py took 0.053 seconds
[2025-11-17T18:45:49.162+0000] {processor.py:186} INFO - Started process (PID=446) to work on /home/airflow/.local/lib/python3.12/site-packages/airflow/example_dags/example_python_decorator.py
[2025-11-17T18:45:49.163+0000] {processor.py:914} INFO - Processing file /home/airflow/.local/lib/python3.12/site-packages/airflow/example_dags/example_python_decorator.py for tasks to queue
[2025-11-17T18:45:49.166+0000] {logging_mixin.py:190} INFO - [2025-11-17T18:45:49.166+0000] {dagbag.py:588} INFO - Filling up the DagBag from /home/airflow/.local/lib/python3.12/site-packages/airflow/example_dags/example_python_decorator.py
[2025-11-17T18:45:49.178+0000] {processor.py:925} INFO - DAG(s) 'example_python_decorator' retrieved from /home/airflow/.local/lib/python3.12/site-packages/airflow/example_dags/example_python_decorator.py
[2025-11-17T18:45:49.196+0000] {logging_mixin.py:190} INFO - [2025-11-17T18:45:49.196+0000] {dag.py:3239} INFO - Sync 1 DAGs
[2025-11-17T18:45:49.207+0000] {logging_mixin.py:190} INFO - [2025-11-17T18:45:49.207+0000] {dag.py:4180} INFO - Setting next_dagrun for example_python_decorator to None, run_after=None
[2025-11-17T18:45:49.224+0000] {processor.py:208} INFO - Processing /home/airflow/.local/lib/python3.12/site-packages/airflow/example_dags/example_python_decorator.py took 0.067 seconds
[2025-11-17T18:47:07.599+0000] {processor.py:186} INFO - Started process (PID=110) to work on /home/airflow/.local/lib/python3.12/site-packages/airflow/example_dags/example_python_decorator.py
[2025-11-17T18:47:07.600+0000] {processor.py:914} INFO - Processing file /home/airflow/.local/lib/python3.12/site-packages/airflow/example_dags/example_python_decorator.py for tasks to queue
[2025-11-17T18:47:07.602+0000] {logging_mixin.py:190} INFO - [2025-11-17T18:47:07.602+0000] {dagbag.py:588} INFO - Filling up the DagBag from /home/airflow/.local/lib/python3.12/site-packages/airflow/example_dags/example_python_decorator.py
[2025-11-17T18:47:07.612+0000] {processor.py:925} INFO - DAG(s) 'example_python_decorator' retrieved from /home/airflow/.local/lib/python3.12/site-packages/airflow/example_dags/example_python_decorator.py
[2025-11-17T18:47:07.678+0000] {logging_mixin.py:190} INFO - [2025-11-17T18:47:07.678+0000] {dag.py:3239} INFO - Sync 1 DAGs
[2025-11-17T18:47:07.686+0000] {logging_mixin.py:190} INFO - [2025-11-17T18:47:07.686+0000] {dag.py:4180} INFO - Setting next_dagrun for example_python_decorator to None, run_after=None
[2025-11-17T18:47:07.699+0000] {processor.py:208} INFO - Processing /home/airflow/.local/lib/python3.12/site-packages/airflow/example_dags/example_python_decorator.py took 0.104 seconds
[2025-11-17T18:47:38.788+0000] {processor.py:186} INFO - Started process (PID=177) to work on /home/airflow/.local/lib/python3.12/site-packages/airflow/example_dags/example_python_decorator.py
[2025-11-17T18:47:38.789+0000] {processor.py:914} INFO - Processing file /home/airflow/.local/lib/python3.12/site-packages/airflow/example_dags/example_python_decorator.py for tasks to queue
[2025-11-17T18:47:38.791+0000] {logging_mixin.py:190} INFO - [2025-11-17T18:47:38.791+0000] {dagbag.py:588} INFO - Filling up the DagBag from /home/airflow/.local/lib/python3.12/site-packages/airflow/example_dags/example_python_decorator.py
[2025-11-17T18:47:38.801+0000] {processor.py:925} INFO - DAG(s) 'example_python_decorator' retrieved from /home/airflow/.local/lib/python3.12/site-packages/airflow/example_dags/example_python_decorator.py
[2025-11-17T18:47:38.817+0000] {logging_mixin.py:190} INFO - [2025-11-17T18:47:38.817+0000] {dag.py:3239} INFO - Sync 1 DAGs
[2025-11-17T18:47:38.826+0000] {logging_mixin.py:190} INFO - [2025-11-17T18:47:38.826+0000] {dag.py:4180} INFO - Setting next_dagrun for example_python_decorator to None, run_after=None
[2025-11-17T18:47:38.839+0000] {processor.py:208} INFO - Processing /home/airflow/.local/lib/python3.12/site-packages/airflow/example_dags/example_python_decorator.py took 0.056 seconds
[2025-11-17T18:48:09.908+0000] {processor.py:186} INFO - Started process (PID=243) to work on /home/airflow/.local/lib/python3.12/site-packages/airflow/example_dags/example_python_decorator.py
[2025-11-17T18:48:09.909+0000] {processor.py:914} INFO - Processing file /home/airflow/.local/lib/python3.12/site-packages/airflow/example_dags/example_python_decorator.py for tasks to queue
[2025-11-17T18:48:09.911+0000] {logging_mixin.py:190} INFO - [2025-11-17T18:48:09.911+0000] {dagbag.py:588} INFO - Filling up the DagBag from /home/airflow/.local/lib/python3.12/site-packages/airflow/example_dags/example_python_decorator.py
[2025-11-17T18:48:09.924+0000] {processor.py:925} INFO - DAG(s) 'example_python_decorator' retrieved from /home/airflow/.local/lib/python3.12/site-packages/airflow/example_dags/example_python_decorator.py
[2025-11-17T18:48:09.941+0000] {logging_mixin.py:190} INFO - [2025-11-17T18:48:09.940+0000] {dag.py:3239} INFO - Sync 1 DAGs
[2025-11-17T18:48:09.952+0000] {logging_mixin.py:190} INFO - [2025-11-17T18:48:09.951+0000] {dag.py:4180} INFO - Setting next_dagrun for example_python_decorator to None, run_after=None
[2025-11-17T18:48:09.965+0000] {processor.py:208} INFO - Processing /home/airflow/.local/lib/python3.12/site-packages/airflow/example_dags/example_python_decorator.py took 0.061 seconds
[2025-11-17T18:48:40.930+0000] {processor.py:186} INFO - Started process (PID=309) to work on /home/airflow/.local/lib/python3.12/site-packages/airflow/example_dags/example_python_decorator.py
[2025-11-17T18:48:40.930+0000] {processor.py:914} INFO - Processing file /home/airflow/.local/lib/python3.12/site-packages/airflow/example_dags/example_python_decorator.py for tasks to queue
[2025-11-17T18:48:40.932+0000] {logging_mixin.py:190} INFO - [2025-11-17T18:48:40.932+0000] {dagbag.py:588} INFO - Filling up the DagBag from /home/airflow/.local/lib/python3.12/site-packages/airflow/example_dags/example_python_decorator.py
[2025-11-17T18:48:40.941+0000] {processor.py:925} INFO - DAG(s) 'example_python_decorator' retrieved from /home/airflow/.local/lib/python3.12/site-packages/airflow/example_dags/example_python_decorator.py
[2025-11-17T18:48:40.955+0000] {logging_mixin.py:190} INFO - [2025-11-17T18:48:40.955+0000] {dag.py:3239} INFO - Sync 1 DAGs
[2025-11-17T18:48:40.964+0000] {logging_mixin.py:190} INFO - [2025-11-17T18:48:40.964+0000] {dag.py:4180} INFO - Setting next_dagrun for example_python_decorator to None, run_after=None
[2025-11-17T18:48:40.977+0000] {processor.py:208} INFO - Processing /home/airflow/.local/lib/python3.12/site-packages/airflow/example_dags/example_python_decorator.py took 0.051 seconds
[2025-11-17T18:49:11.838+0000] {processor.py:186} INFO - Started process (PID=375) to work on /home/airflow/.local/lib/python3.12/site-packages/airflow/example_dags/example_python_decorator.py
[2025-11-17T18:49:11.840+0000] {processor.py:914} INFO - Processing file /home/airflow/.local/lib/python3.12/site-packages/airflow/example_dags/example_python_decorator.py for tasks to queue
[2025-11-17T18:49:11.841+0000] {logging_mixin.py:190} INFO - [2025-11-17T18:49:11.841+0000] {dagbag.py:588} INFO - Filling up the DagBag from /home/airflow/.local/lib/python3.12/site-packages/airflow/example_dags/example_python_decorator.py
[2025-11-17T18:49:11.851+0000] {processor.py:925} INFO - DAG(s) 'example_python_decorator' retrieved from /home/airflow/.local/lib/python3.12/site-packages/airflow/example_dags/example_python_decorator.py
[2025-11-17T18:49:11.864+0000] {logging_mixin.py:190} INFO - [2025-11-17T18:49:11.864+0000] {dag.py:3239} INFO - Sync 1 DAGs
[2025-11-17T18:49:11.873+0000] {logging_mixin.py:190} INFO - [2025-11-17T18:49:11.873+0000] {dag.py:4180} INFO - Setting next_dagrun for example_python_decorator to None, run_after=None
[2025-11-17T18:49:11.885+0000] {processor.py:208} INFO - Processing /home/airflow/.local/lib/python3.12/site-packages/airflow/example_dags/example_python_decorator.py took 0.051 seconds
[2025-11-17T18:49:42.883+0000] {processor.py:186} INFO - Started process (PID=441) to work on /home/airflow/.local/lib/python3.12/site-packages/airflow/example_dags/example_python_decorator.py
[2025-11-17T18:49:42.884+0000] {processor.py:914} INFO - Processing file /home/airflow/.local/lib/python3.12/site-packages/airflow/example_dags/example_python_decorator.py for tasks to queue
[2025-11-17T18:49:42.886+0000] {logging_mixin.py:190} INFO - [2025-11-17T18:49:42.886+0000] {dagbag.py:588} INFO - Filling up the DagBag from /home/airflow/.local/lib/python3.12/site-packages/airflow/example_dags/example_python_decorator.py
[2025-11-17T18:49:42.897+0000] {processor.py:925} INFO - DAG(s) 'example_python_decorator' retrieved from /home/airflow/.local/lib/python3.12/site-packages/airflow/example_dags/example_python_decorator.py
[2025-11-17T18:49:42.911+0000] {logging_mixin.py:190} INFO - [2025-11-17T18:49:42.911+0000] {dag.py:3239} INFO - Sync 1 DAGs
[2025-11-17T18:49:42.920+0000] {logging_mixin.py:190} INFO - [2025-11-17T18:49:42.920+0000] {dag.py:4180} INFO - Setting next_dagrun for example_python_decorator to None, run_after=None
[2025-11-17T18:49:42.932+0000] {processor.py:208} INFO - Processing /home/airflow/.local/lib/python3.12/site-packages/airflow/example_dags/example_python_decorator.py took 0.053 seconds
[2025-11-17T18:50:14.055+0000] {processor.py:186} INFO - Started process (PID=507) to work on /home/airflow/.local/lib/python3.12/site-packages/airflow/example_dags/example_python_decorator.py
[2025-11-17T18:50:14.056+0000] {processor.py:914} INFO - Processing file /home/airflow/.local/lib/python3.12/site-packages/airflow/example_dags/example_python_decorator.py for tasks to queue
[2025-11-17T18:50:14.058+0000] {logging_mixin.py:190} INFO - [2025-11-17T18:50:14.058+0000] {dagbag.py:588} INFO - Filling up the DagBag from /home/airflow/.local/lib/python3.12/site-packages/airflow/example_dags/example_python_decorator.py
[2025-11-17T18:50:14.069+0000] {processor.py:925} INFO - DAG(s) 'example_python_decorator' retrieved from /home/airflow/.local/lib/python3.12/site-packages/airflow/example_dags/example_python_decorator.py
[2025-11-17T18:50:14.083+0000] {logging_mixin.py:190} INFO - [2025-11-17T18:50:14.083+0000] {dag.py:3239} INFO - Sync 1 DAGs
[2025-11-17T18:50:14.092+0000] {logging_mixin.py:190} INFO - [2025-11-17T18:50:14.092+0000] {dag.py:4180} INFO - Setting next_dagrun for example_python_decorator to None, run_after=None
[2025-11-17T18:50:14.104+0000] {processor.py:208} INFO - Processing /home/airflow/.local/lib/python3.12/site-packages/airflow/example_dags/example_python_decorator.py took 0.053 seconds
[2025-11-17T18:50:45.332+0000] {processor.py:186} INFO - Started process (PID=573) to work on /home/airflow/.local/lib/python3.12/site-packages/airflow/example_dags/example_python_decorator.py
[2025-11-17T18:50:45.333+0000] {processor.py:914} INFO - Processing file /home/airflow/.local/lib/python3.12/site-packages/airflow/example_dags/example_python_decorator.py for tasks to queue
[2025-11-17T18:50:45.335+0000] {logging_mixin.py:190} INFO - [2025-11-17T18:50:45.334+0000] {dagbag.py:588} INFO - Filling up the DagBag from /home/airflow/.local/lib/python3.12/site-packages/airflow/example_dags/example_python_decorator.py
[2025-11-17T18:50:45.345+0000] {processor.py:925} INFO - DAG(s) 'example_python_decorator' retrieved from /home/airflow/.local/lib/python3.12/site-packages/airflow/example_dags/example_python_decorator.py
[2025-11-17T18:50:45.362+0000] {logging_mixin.py:190} INFO - [2025-11-17T18:50:45.362+0000] {dag.py:3239} INFO - Sync 1 DAGs
[2025-11-17T18:50:45.374+0000] {logging_mixin.py:190} INFO - [2025-11-17T18:50:45.374+0000] {dag.py:4180} INFO - Setting next_dagrun for example_python_decorator to None, run_after=None
[2025-11-17T18:50:45.388+0000] {processor.py:208} INFO - Processing /home/airflow/.local/lib/python3.12/site-packages/airflow/example_dags/example_python_decorator.py took 0.061 seconds
[2025-11-17T18:51:15.971+0000] {processor.py:186} INFO - Started process (PID=641) to work on /home/airflow/.local/lib/python3.12/site-packages/airflow/example_dags/example_python_decorator.py
[2025-11-17T18:51:15.972+0000] {processor.py:914} INFO - Processing file /home/airflow/.local/lib/python3.12/site-packages/airflow/example_dags/example_python_decorator.py for tasks to queue
[2025-11-17T18:51:15.975+0000] {logging_mixin.py:190} INFO - [2025-11-17T18:51:15.974+0000] {dagbag.py:588} INFO - Filling up the DagBag from /home/airflow/.local/lib/python3.12/site-packages/airflow/example_dags/example_python_decorator.py
[2025-11-17T18:51:15.985+0000] {processor.py:925} INFO - DAG(s) 'example_python_decorator' retrieved from /home/airflow/.local/lib/python3.12/site-packages/airflow/example_dags/example_python_decorator.py
[2025-11-17T18:51:16.000+0000] {logging_mixin.py:190} INFO - [2025-11-17T18:51:16.000+0000] {dag.py:3239} INFO - Sync 1 DAGs
[2025-11-17T18:51:16.009+0000] {logging_mixin.py:190} INFO - [2025-11-17T18:51:16.009+0000] {dag.py:4180} INFO - Setting next_dagrun for example_python_decorator to None, run_after=None
[2025-11-17T18:51:16.022+0000] {processor.py:208} INFO - Processing /home/airflow/.local/lib/python3.12/site-packages/airflow/example_dags/example_python_decorator.py took 0.055 seconds
[2025-11-17T18:51:47.305+0000] {processor.py:186} INFO - Started process (PID=707) to work on /home/airflow/.local/lib/python3.12/site-packages/airflow/example_dags/example_python_decorator.py
[2025-11-17T18:51:47.306+0000] {processor.py:914} INFO - Processing file /home/airflow/.local/lib/python3.12/site-packages/airflow/example_dags/example_python_decorator.py for tasks to queue
[2025-11-17T18:51:47.308+0000] {logging_mixin.py:190} INFO - [2025-11-17T18:51:47.308+0000] {dagbag.py:588} INFO - Filling up the DagBag from /home/airflow/.local/lib/python3.12/site-packages/airflow/example_dags/example_python_decorator.py
[2025-11-17T18:51:47.318+0000] {processor.py:925} INFO - DAG(s) 'example_python_decorator' retrieved from /home/airflow/.local/lib/python3.12/site-packages/airflow/example_dags/example_python_decorator.py
[2025-11-17T18:51:47.333+0000] {logging_mixin.py:190} INFO - [2025-11-17T18:51:47.332+0000] {dag.py:3239} INFO - Sync 1 DAGs
[2025-11-17T18:51:47.342+0000] {logging_mixin.py:190} INFO - [2025-11-17T18:51:47.341+0000] {dag.py:4180} INFO - Setting next_dagrun for example_python_decorator to None, run_after=None
[2025-11-17T18:51:47.354+0000] {processor.py:208} INFO - Processing /home/airflow/.local/lib/python3.12/site-packages/airflow/example_dags/example_python_decorator.py took 0.053 seconds
[2025-11-17T18:52:18.454+0000] {processor.py:186} INFO - Started process (PID=773) to work on /home/airflow/.local/lib/python3.12/site-packages/airflow/example_dags/example_python_decorator.py
[2025-11-17T18:52:18.455+0000] {processor.py:914} INFO - Processing file /home/airflow/.local/lib/python3.12/site-packages/airflow/example_dags/example_python_decorator.py for tasks to queue
[2025-11-17T18:52:18.457+0000] {logging_mixin.py:190} INFO - [2025-11-17T18:52:18.457+0000] {dagbag.py:588} INFO - Filling up the DagBag from /home/airflow/.local/lib/python3.12/site-packages/airflow/example_dags/example_python_decorator.py
[2025-11-17T18:52:18.468+0000] {processor.py:925} INFO - DAG(s) 'example_python_decorator' retrieved from /home/airflow/.local/lib/python3.12/site-packages/airflow/example_dags/example_python_decorator.py
[2025-11-17T18:52:18.483+0000] {logging_mixin.py:190} INFO - [2025-11-17T18:52:18.483+0000] {dag.py:3239} INFO - Sync 1 DAGs
[2025-11-17T18:52:18.493+0000] {logging_mixin.py:190} INFO - [2025-11-17T18:52:18.493+0000] {dag.py:4180} INFO - Setting next_dagrun for example_python_decorator to None, run_after=None
[2025-11-17T18:52:18.507+0000] {processor.py:208} INFO - Processing /home/airflow/.local/lib/python3.12/site-packages/airflow/example_dags/example_python_decorator.py took 0.057 seconds
[2025-11-17T18:52:49.561+0000] {processor.py:186} INFO - Started process (PID=839) to work on /home/airflow/.local/lib/python3.12/site-packages/airflow/example_dags/example_python_decorator.py
[2025-11-17T18:52:49.562+0000] {processor.py:914} INFO - Processing file /home/airflow/.local/lib/python3.12/site-packages/airflow/example_dags/example_python_decorator.py for tasks to queue
[2025-11-17T18:52:49.564+0000] {logging_mixin.py:190} INFO - [2025-11-17T18:52:49.564+0000] {dagbag.py:588} INFO - Filling up the DagBag from /home/airflow/.local/lib/python3.12/site-packages/airflow/example_dags/example_python_decorator.py
[2025-11-17T18:52:49.575+0000] {processor.py:925} INFO - DAG(s) 'example_python_decorator' retrieved from /home/airflow/.local/lib/python3.12/site-packages/airflow/example_dags/example_python_decorator.py
[2025-11-17T18:52:49.589+0000] {logging_mixin.py:190} INFO - [2025-11-17T18:52:49.589+0000] {dag.py:3239} INFO - Sync 1 DAGs
[2025-11-17T18:52:49.599+0000] {logging_mixin.py:190} INFO - [2025-11-17T18:52:49.599+0000] {dag.py:4180} INFO - Setting next_dagrun for example_python_decorator to None, run_after=None
[2025-11-17T18:52:49.622+0000] {processor.py:208} INFO - Processing /home/airflow/.local/lib/python3.12/site-packages/airflow/example_dags/example_python_decorator.py took 0.065 seconds
[2025-11-17T18:53:20.049+0000] {processor.py:186} INFO - Started process (PID=905) to work on /home/airflow/.local/lib/python3.12/site-packages/airflow/example_dags/example_python_decorator.py
[2025-11-17T18:53:20.050+0000] {processor.py:914} INFO - Processing file /home/airflow/.local/lib/python3.12/site-packages/airflow/example_dags/example_python_decorator.py for tasks to queue
[2025-11-17T18:53:20.052+0000] {logging_mixin.py:190} INFO - [2025-11-17T18:53:20.052+0000] {dagbag.py:588} INFO - Filling up the DagBag from /home/airflow/.local/lib/python3.12/site-packages/airflow/example_dags/example_python_decorator.py
[2025-11-17T18:53:20.063+0000] {processor.py:925} INFO - DAG(s) 'example_python_decorator' retrieved from /home/airflow/.local/lib/python3.12/site-packages/airflow/example_dags/example_python_decorator.py
[2025-11-17T18:53:20.078+0000] {logging_mixin.py:190} INFO - [2025-11-17T18:53:20.078+0000] {dag.py:3239} INFO - Sync 1 DAGs
[2025-11-17T18:53:20.087+0000] {logging_mixin.py:190} INFO - [2025-11-17T18:53:20.087+0000] {dag.py:4180} INFO - Setting next_dagrun for example_python_decorator to None, run_after=None
[2025-11-17T18:53:20.099+0000] {processor.py:208} INFO - Processing /home/airflow/.local/lib/python3.12/site-packages/airflow/example_dags/example_python_decorator.py took 0.054 seconds
[2025-11-17T18:53:51.295+0000] {processor.py:186} INFO - Started process (PID=970) to work on /home/airflow/.local/lib/python3.12/site-packages/airflow/example_dags/example_python_decorator.py
[2025-11-17T18:53:51.296+0000] {processor.py:914} INFO - Processing file /home/airflow/.local/lib/python3.12/site-packages/airflow/example_dags/example_python_decorator.py for tasks to queue
[2025-11-17T18:53:51.298+0000] {logging_mixin.py:190} INFO - [2025-11-17T18:53:51.297+0000] {dagbag.py:588} INFO - Filling up the DagBag from /home/airflow/.local/lib/python3.12/site-packages/airflow/example_dags/example_python_decorator.py
[2025-11-17T18:53:51.308+0000] {processor.py:925} INFO - DAG(s) 'example_python_decorator' retrieved from /home/airflow/.local/lib/python3.12/site-packages/airflow/example_dags/example_python_decorator.py
[2025-11-17T18:53:51.323+0000] {logging_mixin.py:190} INFO - [2025-11-17T18:53:51.323+0000] {dag.py:3239} INFO - Sync 1 DAGs
[2025-11-17T18:53:51.332+0000] {logging_mixin.py:190} INFO - [2025-11-17T18:53:51.332+0000] {dag.py:4180} INFO - Setting next_dagrun for example_python_decorator to None, run_after=None
[2025-11-17T18:53:51.345+0000] {processor.py:208} INFO - Processing /home/airflow/.local/lib/python3.12/site-packages/airflow/example_dags/example_python_decorator.py took 0.054 seconds
[2025-11-17T18:54:22.111+0000] {processor.py:186} INFO - Started process (PID=1036) to work on /home/airflow/.local/lib/python3.12/site-packages/airflow/example_dags/example_python_decorator.py
[2025-11-17T18:54:22.112+0000] {processor.py:914} INFO - Processing file /home/airflow/.local/lib/python3.12/site-packages/airflow/example_dags/example_python_decorator.py for tasks to queue
[2025-11-17T18:54:22.114+0000] {logging_mixin.py:190} INFO - [2025-11-17T18:54:22.114+0000] {dagbag.py:588} INFO - Filling up the DagBag from /home/airflow/.local/lib/python3.12/site-packages/airflow/example_dags/example_python_decorator.py
[2025-11-17T18:54:22.125+0000] {processor.py:925} INFO - DAG(s) 'example_python_decorator' retrieved from /home/airflow/.local/lib/python3.12/site-packages/airflow/example_dags/example_python_decorator.py
[2025-11-17T18:54:22.140+0000] {logging_mixin.py:190} INFO - [2025-11-17T18:54:22.139+0000] {dag.py:3239} INFO - Sync 1 DAGs
[2025-11-17T18:54:22.149+0000] {logging_mixin.py:190} INFO - [2025-11-17T18:54:22.149+0000] {dag.py:4180} INFO - Setting next_dagrun for example_python_decorator to None, run_after=None
[2025-11-17T18:54:22.161+0000] {processor.py:208} INFO - Processing /home/airflow/.local/lib/python3.12/site-packages/airflow/example_dags/example_python_decorator.py took 0.054 seconds
[2025-11-17T18:54:52.923+0000] {processor.py:186} INFO - Started process (PID=1102) to work on /home/airflow/.local/lib/python3.12/site-packages/airflow/example_dags/example_python_decorator.py
[2025-11-17T18:54:52.924+0000] {processor.py:914} INFO - Processing file /home/airflow/.local/lib/python3.12/site-packages/airflow/example_dags/example_python_decorator.py for tasks to queue
[2025-11-17T18:54:52.926+0000] {logging_mixin.py:190} INFO - [2025-11-17T18:54:52.926+0000] {dagbag.py:588} INFO - Filling up the DagBag from /home/airflow/.local/lib/python3.12/site-packages/airflow/example_dags/example_python_decorator.py
[2025-11-17T18:54:52.936+0000] {processor.py:925} INFO - DAG(s) 'example_python_decorator' retrieved from /home/airflow/.local/lib/python3.12/site-packages/airflow/example_dags/example_python_decorator.py
[2025-11-17T18:54:52.950+0000] {logging_mixin.py:190} INFO - [2025-11-17T18:54:52.950+0000] {dag.py:3239} INFO - Sync 1 DAGs
[2025-11-17T18:54:52.960+0000] {logging_mixin.py:190} INFO - [2025-11-17T18:54:52.960+0000] {dag.py:4180} INFO - Setting next_dagrun for example_python_decorator to None, run_after=None
[2025-11-17T18:54:52.973+0000] {processor.py:208} INFO - Processing /home/airflow/.local/lib/python3.12/site-packages/airflow/example_dags/example_python_decorator.py took 0.054 seconds
[2025-11-17T18:55:24.043+0000] {processor.py:186} INFO - Started process (PID=1168) to work on /home/airflow/.local/lib/python3.12/site-packages/airflow/example_dags/example_python_decorator.py
[2025-11-17T18:55:24.044+0000] {processor.py:914} INFO - Processing file /home/airflow/.local/lib/python3.12/site-packages/airflow/example_dags/example_python_decorator.py for tasks to queue
[2025-11-17T18:55:24.046+0000] {logging_mixin.py:190} INFO - [2025-11-17T18:55:24.046+0000] {dagbag.py:588} INFO - Filling up the DagBag from /home/airflow/.local/lib/python3.12/site-packages/airflow/example_dags/example_python_decorator.py
[2025-11-17T18:55:24.057+0000] {processor.py:925} INFO - DAG(s) 'example_python_decorator' retrieved from /home/airflow/.local/lib/python3.12/site-packages/airflow/example_dags/example_python_decorator.py
[2025-11-17T18:55:24.071+0000] {logging_mixin.py:190} INFO - [2025-11-17T18:55:24.071+0000] {dag.py:3239} INFO - Sync 1 DAGs
[2025-11-17T18:55:24.081+0000] {logging_mixin.py:190} INFO - [2025-11-17T18:55:24.081+0000] {dag.py:4180} INFO - Setting next_dagrun for example_python_decorator to None, run_after=None
[2025-11-17T18:55:24.092+0000] {processor.py:208} INFO - Processing /home/airflow/.local/lib/python3.12/site-packages/airflow/example_dags/example_python_decorator.py took 0.053 seconds
[2025-11-17T18:55:55.241+0000] {processor.py:186} INFO - Started process (PID=1234) to work on /home/airflow/.local/lib/python3.12/site-packages/airflow/example_dags/example_python_decorator.py
[2025-11-17T18:55:55.242+0000] {processor.py:914} INFO - Processing file /home/airflow/.local/lib/python3.12/site-packages/airflow/example_dags/example_python_decorator.py for tasks to queue
[2025-11-17T18:55:55.243+0000] {logging_mixin.py:190} INFO - [2025-11-17T18:55:55.243+0000] {dagbag.py:588} INFO - Filling up the DagBag from /home/airflow/.local/lib/python3.12/site-packages/airflow/example_dags/example_python_decorator.py
[2025-11-17T18:55:55.253+0000] {processor.py:925} INFO - DAG(s) 'example_python_decorator' retrieved from /home/airflow/.local/lib/python3.12/site-packages/airflow/example_dags/example_python_decorator.py
[2025-11-17T18:55:55.268+0000] {logging_mixin.py:190} INFO - [2025-11-17T18:55:55.267+0000] {dag.py:3239} INFO - Sync 1 DAGs
[2025-11-17T18:55:55.277+0000] {logging_mixin.py:190} INFO - [2025-11-17T18:55:55.277+0000] {dag.py:4180} INFO - Setting next_dagrun for example_python_decorator to None, run_after=None
[2025-11-17T18:55:55.290+0000] {processor.py:208} INFO - Processing /home/airflow/.local/lib/python3.12/site-packages/airflow/example_dags/example_python_decorator.py took 0.053 seconds
[2025-11-17T18:56:26.558+0000] {processor.py:186} INFO - Started process (PID=1300) to work on /home/airflow/.local/lib/python3.12/site-packages/airflow/example_dags/example_python_decorator.py
[2025-11-17T18:56:26.559+0000] {processor.py:914} INFO - Processing file /home/airflow/.local/lib/python3.12/site-packages/airflow/example_dags/example_python_decorator.py for tasks to queue
[2025-11-17T18:56:26.561+0000] {logging_mixin.py:190} INFO - [2025-11-17T18:56:26.560+0000] {dagbag.py:588} INFO - Filling up the DagBag from /home/airflow/.local/lib/python3.12/site-packages/airflow/example_dags/example_python_decorator.py
[2025-11-17T18:56:26.571+0000] {processor.py:925} INFO - DAG(s) 'example_python_decorator' retrieved from /home/airflow/.local/lib/python3.12/site-packages/airflow/example_dags/example_python_decorator.py
[2025-11-17T18:56:26.586+0000] {logging_mixin.py:190} INFO - [2025-11-17T18:56:26.586+0000] {dag.py:3239} INFO - Sync 1 DAGs
[2025-11-17T18:56:26.595+0000] {logging_mixin.py:190} INFO - [2025-11-17T18:56:26.595+0000] {dag.py:4180} INFO - Setting next_dagrun for example_python_decorator to None, run_after=None
[2025-11-17T18:56:26.608+0000] {processor.py:208} INFO - Processing /home/airflow/.local/lib/python3.12/site-packages/airflow/example_dags/example_python_decorator.py took 0.054 seconds
[2025-11-17T18:56:57.557+0000] {processor.py:186} INFO - Started process (PID=1366) to work on /home/airflow/.local/lib/python3.12/site-packages/airflow/example_dags/example_python_decorator.py
[2025-11-17T18:56:57.559+0000] {processor.py:914} INFO - Processing file /home/airflow/.local/lib/python3.12/site-packages/airflow/example_dags/example_python_decorator.py for tasks to queue
[2025-11-17T18:56:57.561+0000] {logging_mixin.py:190} INFO - [2025-11-17T18:56:57.560+0000] {dagbag.py:588} INFO - Filling up the DagBag from /home/airflow/.local/lib/python3.12/site-packages/airflow/example_dags/example_python_decorator.py
[2025-11-17T18:56:57.571+0000] {processor.py:925} INFO - DAG(s) 'example_python_decorator' retrieved from /home/airflow/.local/lib/python3.12/site-packages/airflow/example_dags/example_python_decorator.py
[2025-11-17T18:56:57.587+0000] {logging_mixin.py:190} INFO - [2025-11-17T18:56:57.586+0000] {dag.py:3239} INFO - Sync 1 DAGs
[2025-11-17T18:56:57.597+0000] {logging_mixin.py:190} INFO - [2025-11-17T18:56:57.597+0000] {dag.py:4180} INFO - Setting next_dagrun for example_python_decorator to None, run_after=None
[2025-11-17T18:56:57.611+0000] {processor.py:208} INFO - Processing /home/airflow/.local/lib/python3.12/site-packages/airflow/example_dags/example_python_decorator.py took 0.058 seconds
[2025-11-17T18:57:40.218+0000] {processor.py:186} INFO - Started process (PID=110) to work on /home/airflow/.local/lib/python3.12/site-packages/airflow/example_dags/example_python_decorator.py
[2025-11-17T18:57:40.219+0000] {processor.py:914} INFO - Processing file /home/airflow/.local/lib/python3.12/site-packages/airflow/example_dags/example_python_decorator.py for tasks to queue
[2025-11-17T18:57:40.221+0000] {logging_mixin.py:190} INFO - [2025-11-17T18:57:40.221+0000] {dagbag.py:588} INFO - Filling up the DagBag from /home/airflow/.local/lib/python3.12/site-packages/airflow/example_dags/example_python_decorator.py
[2025-11-17T18:57:40.232+0000] {processor.py:925} INFO - DAG(s) 'example_python_decorator' retrieved from /home/airflow/.local/lib/python3.12/site-packages/airflow/example_dags/example_python_decorator.py
[2025-11-17T18:57:40.315+0000] {logging_mixin.py:190} INFO - [2025-11-17T18:57:40.315+0000] {dag.py:3239} INFO - Sync 1 DAGs
[2025-11-17T18:57:40.328+0000] {logging_mixin.py:190} INFO - [2025-11-17T18:57:40.328+0000] {dag.py:4180} INFO - Setting next_dagrun for example_python_decorator to None, run_after=None
[2025-11-17T18:57:40.345+0000] {processor.py:208} INFO - Processing /home/airflow/.local/lib/python3.12/site-packages/airflow/example_dags/example_python_decorator.py took 0.130 seconds
[2025-11-17T18:58:10.577+0000] {processor.py:186} INFO - Started process (PID=182) to work on /home/airflow/.local/lib/python3.12/site-packages/airflow/example_dags/example_python_decorator.py
[2025-11-17T18:58:10.578+0000] {processor.py:914} INFO - Processing file /home/airflow/.local/lib/python3.12/site-packages/airflow/example_dags/example_python_decorator.py for tasks to queue
[2025-11-17T18:58:10.579+0000] {logging_mixin.py:190} INFO - [2025-11-17T18:58:10.579+0000] {dagbag.py:588} INFO - Filling up the DagBag from /home/airflow/.local/lib/python3.12/site-packages/airflow/example_dags/example_python_decorator.py
[2025-11-17T18:58:10.590+0000] {processor.py:925} INFO - DAG(s) 'example_python_decorator' retrieved from /home/airflow/.local/lib/python3.12/site-packages/airflow/example_dags/example_python_decorator.py
[2025-11-17T18:58:10.604+0000] {logging_mixin.py:190} INFO - [2025-11-17T18:58:10.604+0000] {dag.py:3239} INFO - Sync 1 DAGs
[2025-11-17T18:58:10.613+0000] {logging_mixin.py:190} INFO - [2025-11-17T18:58:10.613+0000] {dag.py:4180} INFO - Setting next_dagrun for example_python_decorator to None, run_after=None
[2025-11-17T18:58:10.626+0000] {processor.py:208} INFO - Processing /home/airflow/.local/lib/python3.12/site-packages/airflow/example_dags/example_python_decorator.py took 0.054 seconds
[2025-11-17T18:58:41.979+0000] {processor.py:186} INFO - Started process (PID=248) to work on /home/airflow/.local/lib/python3.12/site-packages/airflow/example_dags/example_python_decorator.py
[2025-11-17T18:58:41.980+0000] {processor.py:914} INFO - Processing file /home/airflow/.local/lib/python3.12/site-packages/airflow/example_dags/example_python_decorator.py for tasks to queue
[2025-11-17T18:58:41.982+0000] {logging_mixin.py:190} INFO - [2025-11-17T18:58:41.982+0000] {dagbag.py:588} INFO - Filling up the DagBag from /home/airflow/.local/lib/python3.12/site-packages/airflow/example_dags/example_python_decorator.py
[2025-11-17T18:58:41.993+0000] {processor.py:925} INFO - DAG(s) 'example_python_decorator' retrieved from /home/airflow/.local/lib/python3.12/site-packages/airflow/example_dags/example_python_decorator.py
[2025-11-17T18:58:42.009+0000] {logging_mixin.py:190} INFO - [2025-11-17T18:58:42.009+0000] {dag.py:3239} INFO - Sync 1 DAGs
[2025-11-17T18:58:42.021+0000] {logging_mixin.py:190} INFO - [2025-11-17T18:58:42.020+0000] {dag.py:4180} INFO - Setting next_dagrun for example_python_decorator to None, run_after=None
[2025-11-17T18:58:42.035+0000] {processor.py:208} INFO - Processing /home/airflow/.local/lib/python3.12/site-packages/airflow/example_dags/example_python_decorator.py took 0.061 seconds
[2025-11-17T18:59:12.924+0000] {processor.py:186} INFO - Started process (PID=314) to work on /home/airflow/.local/lib/python3.12/site-packages/airflow/example_dags/example_python_decorator.py
[2025-11-17T18:59:12.924+0000] {processor.py:914} INFO - Processing file /home/airflow/.local/lib/python3.12/site-packages/airflow/example_dags/example_python_decorator.py for tasks to queue
[2025-11-17T18:59:12.926+0000] {logging_mixin.py:190} INFO - [2025-11-17T18:59:12.926+0000] {dagbag.py:588} INFO - Filling up the DagBag from /home/airflow/.local/lib/python3.12/site-packages/airflow/example_dags/example_python_decorator.py
[2025-11-17T18:59:12.937+0000] {processor.py:925} INFO - DAG(s) 'example_python_decorator' retrieved from /home/airflow/.local/lib/python3.12/site-packages/airflow/example_dags/example_python_decorator.py
[2025-11-17T18:59:12.952+0000] {logging_mixin.py:190} INFO - [2025-11-17T18:59:12.952+0000] {dag.py:3239} INFO - Sync 1 DAGs
[2025-11-17T18:59:12.962+0000] {logging_mixin.py:190} INFO - [2025-11-17T18:59:12.962+0000] {dag.py:4180} INFO - Setting next_dagrun for example_python_decorator to None, run_after=None
[2025-11-17T18:59:12.974+0000] {processor.py:208} INFO - Processing /home/airflow/.local/lib/python3.12/site-packages/airflow/example_dags/example_python_decorator.py took 0.054 seconds
[2025-11-17T18:59:43.575+0000] {processor.py:186} INFO - Started process (PID=380) to work on /home/airflow/.local/lib/python3.12/site-packages/airflow/example_dags/example_python_decorator.py
[2025-11-17T18:59:43.576+0000] {processor.py:914} INFO - Processing file /home/airflow/.local/lib/python3.12/site-packages/airflow/example_dags/example_python_decorator.py for tasks to queue
[2025-11-17T18:59:43.578+0000] {logging_mixin.py:190} INFO - [2025-11-17T18:59:43.578+0000] {dagbag.py:588} INFO - Filling up the DagBag from /home/airflow/.local/lib/python3.12/site-packages/airflow/example_dags/example_python_decorator.py
[2025-11-17T18:59:43.588+0000] {processor.py:925} INFO - DAG(s) 'example_python_decorator' retrieved from /home/airflow/.local/lib/python3.12/site-packages/airflow/example_dags/example_python_decorator.py
[2025-11-17T18:59:43.603+0000] {logging_mixin.py:190} INFO - [2025-11-17T18:59:43.603+0000] {dag.py:3239} INFO - Sync 1 DAGs
[2025-11-17T18:59:43.612+0000] {logging_mixin.py:190} INFO - [2025-11-17T18:59:43.612+0000] {dag.py:4180} INFO - Setting next_dagrun for example_python_decorator to None, run_after=None
[2025-11-17T18:59:43.627+0000] {processor.py:208} INFO - Processing /home/airflow/.local/lib/python3.12/site-packages/airflow/example_dags/example_python_decorator.py took 0.056 seconds
[2025-11-17T19:00:14.624+0000] {processor.py:186} INFO - Started process (PID=446) to work on /home/airflow/.local/lib/python3.12/site-packages/airflow/example_dags/example_python_decorator.py
[2025-11-17T19:00:14.625+0000] {processor.py:914} INFO - Processing file /home/airflow/.local/lib/python3.12/site-packages/airflow/example_dags/example_python_decorator.py for tasks to queue
[2025-11-17T19:00:14.627+0000] {logging_mixin.py:190} INFO - [2025-11-17T19:00:14.627+0000] {dagbag.py:588} INFO - Filling up the DagBag from /home/airflow/.local/lib/python3.12/site-packages/airflow/example_dags/example_python_decorator.py
[2025-11-17T19:00:14.638+0000] {processor.py:925} INFO - DAG(s) 'example_python_decorator' retrieved from /home/airflow/.local/lib/python3.12/site-packages/airflow/example_dags/example_python_decorator.py
[2025-11-17T19:00:14.653+0000] {logging_mixin.py:190} INFO - [2025-11-17T19:00:14.652+0000] {dag.py:3239} INFO - Sync 1 DAGs
[2025-11-17T19:00:14.662+0000] {logging_mixin.py:190} INFO - [2025-11-17T19:00:14.662+0000] {dag.py:4180} INFO - Setting next_dagrun for example_python_decorator to None, run_after=None
[2025-11-17T19:00:14.674+0000] {processor.py:208} INFO - Processing /home/airflow/.local/lib/python3.12/site-packages/airflow/example_dags/example_python_decorator.py took 0.054 seconds
[2025-11-17T19:00:45.462+0000] {processor.py:186} INFO - Started process (PID=512) to work on /home/airflow/.local/lib/python3.12/site-packages/airflow/example_dags/example_python_decorator.py
[2025-11-17T19:00:45.464+0000] {processor.py:914} INFO - Processing file /home/airflow/.local/lib/python3.12/site-packages/airflow/example_dags/example_python_decorator.py for tasks to queue
[2025-11-17T19:00:45.466+0000] {logging_mixin.py:190} INFO - [2025-11-17T19:00:45.466+0000] {dagbag.py:588} INFO - Filling up the DagBag from /home/airflow/.local/lib/python3.12/site-packages/airflow/example_dags/example_python_decorator.py
[2025-11-17T19:00:45.477+0000] {processor.py:925} INFO - DAG(s) 'example_python_decorator' retrieved from /home/airflow/.local/lib/python3.12/site-packages/airflow/example_dags/example_python_decorator.py
[2025-11-17T19:00:45.494+0000] {logging_mixin.py:190} INFO - [2025-11-17T19:00:45.494+0000] {dag.py:3239} INFO - Sync 1 DAGs
[2025-11-17T19:00:45.504+0000] {logging_mixin.py:190} INFO - [2025-11-17T19:00:45.504+0000] {dag.py:4180} INFO - Setting next_dagrun for example_python_decorator to None, run_after=None
[2025-11-17T19:00:45.518+0000] {processor.py:208} INFO - Processing /home/airflow/.local/lib/python3.12/site-packages/airflow/example_dags/example_python_decorator.py took 0.060 seconds
[2025-11-17T19:01:16.185+0000] {processor.py:186} INFO - Started process (PID=578) to work on /home/airflow/.local/lib/python3.12/site-packages/airflow/example_dags/example_python_decorator.py
[2025-11-17T19:01:16.186+0000] {processor.py:914} INFO - Processing file /home/airflow/.local/lib/python3.12/site-packages/airflow/example_dags/example_python_decorator.py for tasks to queue
[2025-11-17T19:01:16.188+0000] {logging_mixin.py:190} INFO - [2025-11-17T19:01:16.187+0000] {dagbag.py:588} INFO - Filling up the DagBag from /home/airflow/.local/lib/python3.12/site-packages/airflow/example_dags/example_python_decorator.py
[2025-11-17T19:01:16.198+0000] {processor.py:925} INFO - DAG(s) 'example_python_decorator' retrieved from /home/airflow/.local/lib/python3.12/site-packages/airflow/example_dags/example_python_decorator.py
[2025-11-17T19:01:16.213+0000] {logging_mixin.py:190} INFO - [2025-11-17T19:01:16.213+0000] {dag.py:3239} INFO - Sync 1 DAGs
[2025-11-17T19:01:16.222+0000] {logging_mixin.py:190} INFO - [2025-11-17T19:01:16.222+0000] {dag.py:4180} INFO - Setting next_dagrun for example_python_decorator to None, run_after=None
[2025-11-17T19:01:16.235+0000] {processor.py:208} INFO - Processing /home/airflow/.local/lib/python3.12/site-packages/airflow/example_dags/example_python_decorator.py took 0.055 seconds
[2025-11-17T19:01:47.053+0000] {processor.py:186} INFO - Started process (PID=644) to work on /home/airflow/.local/lib/python3.12/site-packages/airflow/example_dags/example_python_decorator.py
[2025-11-17T19:01:47.054+0000] {processor.py:914} INFO - Processing file /home/airflow/.local/lib/python3.12/site-packages/airflow/example_dags/example_python_decorator.py for tasks to queue
[2025-11-17T19:01:47.055+0000] {logging_mixin.py:190} INFO - [2025-11-17T19:01:47.055+0000] {dagbag.py:588} INFO - Filling up the DagBag from /home/airflow/.local/lib/python3.12/site-packages/airflow/example_dags/example_python_decorator.py
[2025-11-17T19:01:47.066+0000] {processor.py:925} INFO - DAG(s) 'example_python_decorator' retrieved from /home/airflow/.local/lib/python3.12/site-packages/airflow/example_dags/example_python_decorator.py
[2025-11-17T19:01:47.083+0000] {logging_mixin.py:190} INFO - [2025-11-17T19:01:47.082+0000] {dag.py:3239} INFO - Sync 1 DAGs
[2025-11-17T19:01:47.094+0000] {logging_mixin.py:190} INFO - [2025-11-17T19:01:47.094+0000] {dag.py:4180} INFO - Setting next_dagrun for example_python_decorator to None, run_after=None
[2025-11-17T19:01:47.118+0000] {processor.py:208} INFO - Processing /home/airflow/.local/lib/python3.12/site-packages/airflow/example_dags/example_python_decorator.py took 0.070 seconds
[2025-11-17T19:02:17.924+0000] {processor.py:186} INFO - Started process (PID=710) to work on /home/airflow/.local/lib/python3.12/site-packages/airflow/example_dags/example_python_decorator.py
[2025-11-17T19:02:17.925+0000] {processor.py:914} INFO - Processing file /home/airflow/.local/lib/python3.12/site-packages/airflow/example_dags/example_python_decorator.py for tasks to queue
[2025-11-17T19:02:17.927+0000] {logging_mixin.py:190} INFO - [2025-11-17T19:02:17.926+0000] {dagbag.py:588} INFO - Filling up the DagBag from /home/airflow/.local/lib/python3.12/site-packages/airflow/example_dags/example_python_decorator.py
[2025-11-17T19:02:17.937+0000] {processor.py:925} INFO - DAG(s) 'example_python_decorator' retrieved from /home/airflow/.local/lib/python3.12/site-packages/airflow/example_dags/example_python_decorator.py
[2025-11-17T19:02:17.952+0000] {logging_mixin.py:190} INFO - [2025-11-17T19:02:17.952+0000] {dag.py:3239} INFO - Sync 1 DAGs
[2025-11-17T19:02:17.961+0000] {logging_mixin.py:190} INFO - [2025-11-17T19:02:17.961+0000] {dag.py:4180} INFO - Setting next_dagrun for example_python_decorator to None, run_after=None
[2025-11-17T19:02:17.974+0000] {processor.py:208} INFO - Processing /home/airflow/.local/lib/python3.12/site-packages/airflow/example_dags/example_python_decorator.py took 0.054 seconds
[2025-11-17T19:02:50.426+0000] {processor.py:186} INFO - Started process (PID=777) to work on /home/airflow/.local/lib/python3.12/site-packages/airflow/example_dags/example_python_decorator.py
[2025-11-17T19:02:50.427+0000] {processor.py:914} INFO - Processing file /home/airflow/.local/lib/python3.12/site-packages/airflow/example_dags/example_python_decorator.py for tasks to queue
[2025-11-17T19:02:50.429+0000] {logging_mixin.py:190} INFO - [2025-11-17T19:02:50.429+0000] {dagbag.py:588} INFO - Filling up the DagBag from /home/airflow/.local/lib/python3.12/site-packages/airflow/example_dags/example_python_decorator.py
[2025-11-17T19:02:50.439+0000] {processor.py:925} INFO - DAG(s) 'example_python_decorator' retrieved from /home/airflow/.local/lib/python3.12/site-packages/airflow/example_dags/example_python_decorator.py
[2025-11-17T19:02:50.454+0000] {logging_mixin.py:190} INFO - [2025-11-17T19:02:50.454+0000] {dag.py:3239} INFO - Sync 1 DAGs
[2025-11-17T19:02:50.464+0000] {logging_mixin.py:190} INFO - [2025-11-17T19:02:50.464+0000] {dag.py:4180} INFO - Setting next_dagrun for example_python_decorator to None, run_after=None
[2025-11-17T19:02:50.478+0000] {processor.py:208} INFO - Processing /home/airflow/.local/lib/python3.12/site-packages/airflow/example_dags/example_python_decorator.py took 0.055 seconds
[2025-11-17T19:03:20.719+0000] {processor.py:186} INFO - Started process (PID=843) to work on /home/airflow/.local/lib/python3.12/site-packages/airflow/example_dags/example_python_decorator.py
[2025-11-17T19:03:20.720+0000] {processor.py:914} INFO - Processing file /home/airflow/.local/lib/python3.12/site-packages/airflow/example_dags/example_python_decorator.py for tasks to queue
[2025-11-17T19:03:20.722+0000] {logging_mixin.py:190} INFO - [2025-11-17T19:03:20.722+0000] {dagbag.py:588} INFO - Filling up the DagBag from /home/airflow/.local/lib/python3.12/site-packages/airflow/example_dags/example_python_decorator.py
[2025-11-17T19:03:20.732+0000] {processor.py:925} INFO - DAG(s) 'example_python_decorator' retrieved from /home/airflow/.local/lib/python3.12/site-packages/airflow/example_dags/example_python_decorator.py
[2025-11-17T19:03:20.747+0000] {logging_mixin.py:190} INFO - [2025-11-17T19:03:20.747+0000] {dag.py:3239} INFO - Sync 1 DAGs
[2025-11-17T19:03:20.758+0000] {logging_mixin.py:190} INFO - [2025-11-17T19:03:20.758+0000] {dag.py:4180} INFO - Setting next_dagrun for example_python_decorator to None, run_after=None
[2025-11-17T19:03:20.772+0000] {processor.py:208} INFO - Processing /home/airflow/.local/lib/python3.12/site-packages/airflow/example_dags/example_python_decorator.py took 0.057 seconds
[2025-11-17T19:03:52.150+0000] {processor.py:186} INFO - Started process (PID=909) to work on /home/airflow/.local/lib/python3.12/site-packages/airflow/example_dags/example_python_decorator.py
[2025-11-17T19:03:52.151+0000] {processor.py:914} INFO - Processing file /home/airflow/.local/lib/python3.12/site-packages/airflow/example_dags/example_python_decorator.py for tasks to queue
[2025-11-17T19:03:52.153+0000] {logging_mixin.py:190} INFO - [2025-11-17T19:03:52.153+0000] {dagbag.py:588} INFO - Filling up the DagBag from /home/airflow/.local/lib/python3.12/site-packages/airflow/example_dags/example_python_decorator.py
[2025-11-17T19:03:52.164+0000] {processor.py:925} INFO - DAG(s) 'example_python_decorator' retrieved from /home/airflow/.local/lib/python3.12/site-packages/airflow/example_dags/example_python_decorator.py
[2025-11-17T19:03:52.180+0000] {logging_mixin.py:190} INFO - [2025-11-17T19:03:52.180+0000] {dag.py:3239} INFO - Sync 1 DAGs
[2025-11-17T19:03:52.190+0000] {logging_mixin.py:190} INFO - [2025-11-17T19:03:52.190+0000] {dag.py:4180} INFO - Setting next_dagrun for example_python_decorator to None, run_after=None
[2025-11-17T19:03:52.205+0000] {processor.py:208} INFO - Processing /home/airflow/.local/lib/python3.12/site-packages/airflow/example_dags/example_python_decorator.py took 0.060 seconds
[2025-11-17T19:04:22.330+0000] {processor.py:186} INFO - Started process (PID=975) to work on /home/airflow/.local/lib/python3.12/site-packages/airflow/example_dags/example_python_decorator.py
[2025-11-17T19:04:22.331+0000] {processor.py:914} INFO - Processing file /home/airflow/.local/lib/python3.12/site-packages/airflow/example_dags/example_python_decorator.py for tasks to queue
[2025-11-17T19:04:22.332+0000] {logging_mixin.py:190} INFO - [2025-11-17T19:04:22.332+0000] {dagbag.py:588} INFO - Filling up the DagBag from /home/airflow/.local/lib/python3.12/site-packages/airflow/example_dags/example_python_decorator.py
[2025-11-17T19:04:22.343+0000] {processor.py:925} INFO - DAG(s) 'example_python_decorator' retrieved from /home/airflow/.local/lib/python3.12/site-packages/airflow/example_dags/example_python_decorator.py
[2025-11-17T19:04:22.359+0000] {logging_mixin.py:190} INFO - [2025-11-17T19:04:22.359+0000] {dag.py:3239} INFO - Sync 1 DAGs
[2025-11-17T19:04:22.370+0000] {logging_mixin.py:190} INFO - [2025-11-17T19:04:22.370+0000] {dag.py:4180} INFO - Setting next_dagrun for example_python_decorator to None, run_after=None
[2025-11-17T19:04:22.385+0000] {processor.py:208} INFO - Processing /home/airflow/.local/lib/python3.12/site-packages/airflow/example_dags/example_python_decorator.py took 0.060 seconds
[2025-11-17T19:04:53.626+0000] {processor.py:186} INFO - Started process (PID=1041) to work on /home/airflow/.local/lib/python3.12/site-packages/airflow/example_dags/example_python_decorator.py
[2025-11-17T19:04:53.627+0000] {processor.py:914} INFO - Processing file /home/airflow/.local/lib/python3.12/site-packages/airflow/example_dags/example_python_decorator.py for tasks to queue
[2025-11-17T19:04:53.628+0000] {logging_mixin.py:190} INFO - [2025-11-17T19:04:53.628+0000] {dagbag.py:588} INFO - Filling up the DagBag from /home/airflow/.local/lib/python3.12/site-packages/airflow/example_dags/example_python_decorator.py
[2025-11-17T19:04:53.638+0000] {processor.py:925} INFO - DAG(s) 'example_python_decorator' retrieved from /home/airflow/.local/lib/python3.12/site-packages/airflow/example_dags/example_python_decorator.py
[2025-11-17T19:04:53.654+0000] {logging_mixin.py:190} INFO - [2025-11-17T19:04:53.654+0000] {dag.py:3239} INFO - Sync 1 DAGs
[2025-11-17T19:04:53.663+0000] {logging_mixin.py:190} INFO - [2025-11-17T19:04:53.663+0000] {dag.py:4180} INFO - Setting next_dagrun for example_python_decorator to None, run_after=None
[2025-11-17T19:04:53.677+0000] {processor.py:208} INFO - Processing /home/airflow/.local/lib/python3.12/site-packages/airflow/example_dags/example_python_decorator.py took 0.055 seconds
[2025-11-17T19:05:24.881+0000] {processor.py:186} INFO - Started process (PID=1107) to work on /home/airflow/.local/lib/python3.12/site-packages/airflow/example_dags/example_python_decorator.py
[2025-11-17T19:05:24.882+0000] {processor.py:914} INFO - Processing file /home/airflow/.local/lib/python3.12/site-packages/airflow/example_dags/example_python_decorator.py for tasks to queue
[2025-11-17T19:05:24.884+0000] {logging_mixin.py:190} INFO - [2025-11-17T19:05:24.884+0000] {dagbag.py:588} INFO - Filling up the DagBag from /home/airflow/.local/lib/python3.12/site-packages/airflow/example_dags/example_python_decorator.py
[2025-11-17T19:05:24.893+0000] {processor.py:925} INFO - DAG(s) 'example_python_decorator' retrieved from /home/airflow/.local/lib/python3.12/site-packages/airflow/example_dags/example_python_decorator.py
[2025-11-17T19:05:24.906+0000] {logging_mixin.py:190} INFO - [2025-11-17T19:05:24.906+0000] {dag.py:3239} INFO - Sync 1 DAGs
[2025-11-17T19:05:24.915+0000] {logging_mixin.py:190} INFO - [2025-11-17T19:05:24.915+0000] {dag.py:4180} INFO - Setting next_dagrun for example_python_decorator to None, run_after=None
[2025-11-17T19:05:24.926+0000] {processor.py:208} INFO - Processing /home/airflow/.local/lib/python3.12/site-packages/airflow/example_dags/example_python_decorator.py took 0.049 seconds
[2025-11-17T19:05:56.135+0000] {processor.py:186} INFO - Started process (PID=1174) to work on /home/airflow/.local/lib/python3.12/site-packages/airflow/example_dags/example_python_decorator.py
[2025-11-17T19:05:56.137+0000] {processor.py:914} INFO - Processing file /home/airflow/.local/lib/python3.12/site-packages/airflow/example_dags/example_python_decorator.py for tasks to queue
[2025-11-17T19:05:56.139+0000] {logging_mixin.py:190} INFO - [2025-11-17T19:05:56.139+0000] {dagbag.py:588} INFO - Filling up the DagBag from /home/airflow/.local/lib/python3.12/site-packages/airflow/example_dags/example_python_decorator.py
[2025-11-17T19:05:56.150+0000] {processor.py:925} INFO - DAG(s) 'example_python_decorator' retrieved from /home/airflow/.local/lib/python3.12/site-packages/airflow/example_dags/example_python_decorator.py
[2025-11-17T19:05:56.165+0000] {logging_mixin.py:190} INFO - [2025-11-17T19:05:56.164+0000] {dag.py:3239} INFO - Sync 1 DAGs
[2025-11-17T19:05:56.173+0000] {logging_mixin.py:190} INFO - [2025-11-17T19:05:56.173+0000] {dag.py:4180} INFO - Setting next_dagrun for example_python_decorator to None, run_after=None
[2025-11-17T19:05:56.186+0000] {processor.py:208} INFO - Processing /home/airflow/.local/lib/python3.12/site-packages/airflow/example_dags/example_python_decorator.py took 0.055 seconds
[2025-11-17T19:06:27.749+0000] {processor.py:186} INFO - Started process (PID=1240) to work on /home/airflow/.local/lib/python3.12/site-packages/airflow/example_dags/example_python_decorator.py
[2025-11-17T19:06:27.750+0000] {processor.py:914} INFO - Processing file /home/airflow/.local/lib/python3.12/site-packages/airflow/example_dags/example_python_decorator.py for tasks to queue
[2025-11-17T19:06:27.752+0000] {logging_mixin.py:190} INFO - [2025-11-17T19:06:27.752+0000] {dagbag.py:588} INFO - Filling up the DagBag from /home/airflow/.local/lib/python3.12/site-packages/airflow/example_dags/example_python_decorator.py
[2025-11-17T19:06:27.763+0000] {processor.py:925} INFO - DAG(s) 'example_python_decorator' retrieved from /home/airflow/.local/lib/python3.12/site-packages/airflow/example_dags/example_python_decorator.py
[2025-11-17T19:06:27.777+0000] {logging_mixin.py:190} INFO - [2025-11-17T19:06:27.777+0000] {dag.py:3239} INFO - Sync 1 DAGs
[2025-11-17T19:06:27.786+0000] {logging_mixin.py:190} INFO - [2025-11-17T19:06:27.786+0000] {dag.py:4180} INFO - Setting next_dagrun for example_python_decorator to None, run_after=None
[2025-11-17T19:06:27.798+0000] {processor.py:208} INFO - Processing /home/airflow/.local/lib/python3.12/site-packages/airflow/example_dags/example_python_decorator.py took 0.053 seconds
[2025-11-17T19:06:58.931+0000] {processor.py:186} INFO - Started process (PID=1306) to work on /home/airflow/.local/lib/python3.12/site-packages/airflow/example_dags/example_python_decorator.py
[2025-11-17T19:06:58.932+0000] {processor.py:914} INFO - Processing file /home/airflow/.local/lib/python3.12/site-packages/airflow/example_dags/example_python_decorator.py for tasks to queue
[2025-11-17T19:06:58.934+0000] {logging_mixin.py:190} INFO - [2025-11-17T19:06:58.934+0000] {dagbag.py:588} INFO - Filling up the DagBag from /home/airflow/.local/lib/python3.12/site-packages/airflow/example_dags/example_python_decorator.py
[2025-11-17T19:06:58.946+0000] {processor.py:925} INFO - DAG(s) 'example_python_decorator' retrieved from /home/airflow/.local/lib/python3.12/site-packages/airflow/example_dags/example_python_decorator.py
[2025-11-17T19:06:58.961+0000] {logging_mixin.py:190} INFO - [2025-11-17T19:06:58.961+0000] {dag.py:3239} INFO - Sync 1 DAGs
[2025-11-17T19:06:58.971+0000] {logging_mixin.py:190} INFO - [2025-11-17T19:06:58.971+0000] {dag.py:4180} INFO - Setting next_dagrun for example_python_decorator to None, run_after=None
[2025-11-17T19:06:58.986+0000] {processor.py:208} INFO - Processing /home/airflow/.local/lib/python3.12/site-packages/airflow/example_dags/example_python_decorator.py took 0.059 seconds
[2025-11-17T19:07:30.258+0000] {processor.py:186} INFO - Started process (PID=1372) to work on /home/airflow/.local/lib/python3.12/site-packages/airflow/example_dags/example_python_decorator.py
[2025-11-17T19:07:30.259+0000] {processor.py:914} INFO - Processing file /home/airflow/.local/lib/python3.12/site-packages/airflow/example_dags/example_python_decorator.py for tasks to queue
[2025-11-17T19:07:30.261+0000] {logging_mixin.py:190} INFO - [2025-11-17T19:07:30.261+0000] {dagbag.py:588} INFO - Filling up the DagBag from /home/airflow/.local/lib/python3.12/site-packages/airflow/example_dags/example_python_decorator.py
[2025-11-17T19:07:30.271+0000] {processor.py:925} INFO - DAG(s) 'example_python_decorator' retrieved from /home/airflow/.local/lib/python3.12/site-packages/airflow/example_dags/example_python_decorator.py
[2025-11-17T19:07:30.284+0000] {logging_mixin.py:190} INFO - [2025-11-17T19:07:30.284+0000] {dag.py:3239} INFO - Sync 1 DAGs
[2025-11-17T19:07:30.293+0000] {logging_mixin.py:190} INFO - [2025-11-17T19:07:30.293+0000] {dag.py:4180} INFO - Setting next_dagrun for example_python_decorator to None, run_after=None
[2025-11-17T19:07:30.305+0000] {processor.py:208} INFO - Processing /home/airflow/.local/lib/python3.12/site-packages/airflow/example_dags/example_python_decorator.py took 0.051 seconds
[2025-11-17T19:08:01.392+0000] {processor.py:186} INFO - Started process (PID=1438) to work on /home/airflow/.local/lib/python3.12/site-packages/airflow/example_dags/example_python_decorator.py
[2025-11-17T19:08:01.393+0000] {processor.py:914} INFO - Processing file /home/airflow/.local/lib/python3.12/site-packages/airflow/example_dags/example_python_decorator.py for tasks to queue
[2025-11-17T19:08:01.395+0000] {logging_mixin.py:190} INFO - [2025-11-17T19:08:01.395+0000] {dagbag.py:588} INFO - Filling up the DagBag from /home/airflow/.local/lib/python3.12/site-packages/airflow/example_dags/example_python_decorator.py
[2025-11-17T19:08:01.405+0000] {processor.py:925} INFO - DAG(s) 'example_python_decorator' retrieved from /home/airflow/.local/lib/python3.12/site-packages/airflow/example_dags/example_python_decorator.py
[2025-11-17T19:08:01.420+0000] {logging_mixin.py:190} INFO - [2025-11-17T19:08:01.420+0000] {dag.py:3239} INFO - Sync 1 DAGs
[2025-11-17T19:08:01.429+0000] {logging_mixin.py:190} INFO - [2025-11-17T19:08:01.429+0000] {dag.py:4180} INFO - Setting next_dagrun for example_python_decorator to None, run_after=None
[2025-11-17T19:08:01.441+0000] {processor.py:208} INFO - Processing /home/airflow/.local/lib/python3.12/site-packages/airflow/example_dags/example_python_decorator.py took 0.052 seconds
[2025-11-17T19:08:31.854+0000] {processor.py:186} INFO - Started process (PID=1504) to work on /home/airflow/.local/lib/python3.12/site-packages/airflow/example_dags/example_python_decorator.py
[2025-11-17T19:08:31.855+0000] {processor.py:914} INFO - Processing file /home/airflow/.local/lib/python3.12/site-packages/airflow/example_dags/example_python_decorator.py for tasks to queue
[2025-11-17T19:08:31.858+0000] {logging_mixin.py:190} INFO - [2025-11-17T19:08:31.857+0000] {dagbag.py:588} INFO - Filling up the DagBag from /home/airflow/.local/lib/python3.12/site-packages/airflow/example_dags/example_python_decorator.py
[2025-11-17T19:08:31.868+0000] {processor.py:925} INFO - DAG(s) 'example_python_decorator' retrieved from /home/airflow/.local/lib/python3.12/site-packages/airflow/example_dags/example_python_decorator.py
[2025-11-17T19:08:31.882+0000] {logging_mixin.py:190} INFO - [2025-11-17T19:08:31.882+0000] {dag.py:3239} INFO - Sync 1 DAGs
[2025-11-17T19:08:31.891+0000] {logging_mixin.py:190} INFO - [2025-11-17T19:08:31.891+0000] {dag.py:4180} INFO - Setting next_dagrun for example_python_decorator to None, run_after=None
[2025-11-17T19:08:31.903+0000] {processor.py:208} INFO - Processing /home/airflow/.local/lib/python3.12/site-packages/airflow/example_dags/example_python_decorator.py took 0.053 seconds
[2025-11-17T19:09:02.593+0000] {processor.py:186} INFO - Started process (PID=1570) to work on /home/airflow/.local/lib/python3.12/site-packages/airflow/example_dags/example_python_decorator.py
[2025-11-17T19:09:02.594+0000] {processor.py:914} INFO - Processing file /home/airflow/.local/lib/python3.12/site-packages/airflow/example_dags/example_python_decorator.py for tasks to queue
[2025-11-17T19:09:02.596+0000] {logging_mixin.py:190} INFO - [2025-11-17T19:09:02.596+0000] {dagbag.py:588} INFO - Filling up the DagBag from /home/airflow/.local/lib/python3.12/site-packages/airflow/example_dags/example_python_decorator.py
[2025-11-17T19:09:02.606+0000] {processor.py:925} INFO - DAG(s) 'example_python_decorator' retrieved from /home/airflow/.local/lib/python3.12/site-packages/airflow/example_dags/example_python_decorator.py
[2025-11-17T19:09:02.621+0000] {logging_mixin.py:190} INFO - [2025-11-17T19:09:02.620+0000] {dag.py:3239} INFO - Sync 1 DAGs
[2025-11-17T19:09:02.630+0000] {logging_mixin.py:190} INFO - [2025-11-17T19:09:02.630+0000] {dag.py:4180} INFO - Setting next_dagrun for example_python_decorator to None, run_after=None
[2025-11-17T19:09:02.643+0000] {processor.py:208} INFO - Processing /home/airflow/.local/lib/python3.12/site-packages/airflow/example_dags/example_python_decorator.py took 0.053 seconds
[2025-11-17T19:09:33.917+0000] {processor.py:186} INFO - Started process (PID=1636) to work on /home/airflow/.local/lib/python3.12/site-packages/airflow/example_dags/example_python_decorator.py
[2025-11-17T19:09:33.918+0000] {processor.py:914} INFO - Processing file /home/airflow/.local/lib/python3.12/site-packages/airflow/example_dags/example_python_decorator.py for tasks to queue
[2025-11-17T19:09:33.919+0000] {logging_mixin.py:190} INFO - [2025-11-17T19:09:33.919+0000] {dagbag.py:588} INFO - Filling up the DagBag from /home/airflow/.local/lib/python3.12/site-packages/airflow/example_dags/example_python_decorator.py
[2025-11-17T19:09:33.930+0000] {processor.py:925} INFO - DAG(s) 'example_python_decorator' retrieved from /home/airflow/.local/lib/python3.12/site-packages/airflow/example_dags/example_python_decorator.py
[2025-11-17T19:09:33.945+0000] {logging_mixin.py:190} INFO - [2025-11-17T19:09:33.944+0000] {dag.py:3239} INFO - Sync 1 DAGs
[2025-11-17T19:09:33.954+0000] {logging_mixin.py:190} INFO - [2025-11-17T19:09:33.954+0000] {dag.py:4180} INFO - Setting next_dagrun for example_python_decorator to None, run_after=None
[2025-11-17T19:09:33.966+0000] {processor.py:208} INFO - Processing /home/airflow/.local/lib/python3.12/site-packages/airflow/example_dags/example_python_decorator.py took 0.053 seconds
[2025-11-17T19:10:04.339+0000] {processor.py:186} INFO - Started process (PID=1702) to work on /home/airflow/.local/lib/python3.12/site-packages/airflow/example_dags/example_python_decorator.py
[2025-11-17T19:10:04.340+0000] {processor.py:914} INFO - Processing file /home/airflow/.local/lib/python3.12/site-packages/airflow/example_dags/example_python_decorator.py for tasks to queue
[2025-11-17T19:10:04.342+0000] {logging_mixin.py:190} INFO - [2025-11-17T19:10:04.342+0000] {dagbag.py:588} INFO - Filling up the DagBag from /home/airflow/.local/lib/python3.12/site-packages/airflow/example_dags/example_python_decorator.py
[2025-11-17T19:10:04.353+0000] {processor.py:925} INFO - DAG(s) 'example_python_decorator' retrieved from /home/airflow/.local/lib/python3.12/site-packages/airflow/example_dags/example_python_decorator.py
[2025-11-17T19:10:04.368+0000] {logging_mixin.py:190} INFO - [2025-11-17T19:10:04.368+0000] {dag.py:3239} INFO - Sync 1 DAGs
[2025-11-17T19:10:04.378+0000] {logging_mixin.py:190} INFO - [2025-11-17T19:10:04.378+0000] {dag.py:4180} INFO - Setting next_dagrun for example_python_decorator to None, run_after=None
[2025-11-17T19:10:04.391+0000] {processor.py:208} INFO - Processing /home/airflow/.local/lib/python3.12/site-packages/airflow/example_dags/example_python_decorator.py took 0.056 seconds
[2025-11-17T19:10:36.050+0000] {processor.py:186} INFO - Started process (PID=1768) to work on /home/airflow/.local/lib/python3.12/site-packages/airflow/example_dags/example_python_decorator.py
[2025-11-17T19:10:36.051+0000] {processor.py:914} INFO - Processing file /home/airflow/.local/lib/python3.12/site-packages/airflow/example_dags/example_python_decorator.py for tasks to queue
[2025-11-17T19:10:36.053+0000] {logging_mixin.py:190} INFO - [2025-11-17T19:10:36.052+0000] {dagbag.py:588} INFO - Filling up the DagBag from /home/airflow/.local/lib/python3.12/site-packages/airflow/example_dags/example_python_decorator.py
[2025-11-17T19:10:36.065+0000] {processor.py:925} INFO - DAG(s) 'example_python_decorator' retrieved from /home/airflow/.local/lib/python3.12/site-packages/airflow/example_dags/example_python_decorator.py
[2025-11-17T19:10:36.082+0000] {logging_mixin.py:190} INFO - [2025-11-17T19:10:36.081+0000] {dag.py:3239} INFO - Sync 1 DAGs
[2025-11-17T19:10:36.092+0000] {logging_mixin.py:190} INFO - [2025-11-17T19:10:36.092+0000] {dag.py:4180} INFO - Setting next_dagrun for example_python_decorator to None, run_after=None
[2025-11-17T19:10:36.105+0000] {processor.py:208} INFO - Processing /home/airflow/.local/lib/python3.12/site-packages/airflow/example_dags/example_python_decorator.py took 0.060 seconds
[2025-11-17T19:11:07.170+0000] {processor.py:186} INFO - Started process (PID=1834) to work on /home/airflow/.local/lib/python3.12/site-packages/airflow/example_dags/example_python_decorator.py
[2025-11-17T19:11:07.172+0000] {processor.py:914} INFO - Processing file /home/airflow/.local/lib/python3.12/site-packages/airflow/example_dags/example_python_decorator.py for tasks to queue
[2025-11-17T19:11:07.174+0000] {logging_mixin.py:190} INFO - [2025-11-17T19:11:07.174+0000] {dagbag.py:588} INFO - Filling up the DagBag from /home/airflow/.local/lib/python3.12/site-packages/airflow/example_dags/example_python_decorator.py
[2025-11-17T19:11:07.186+0000] {processor.py:925} INFO - DAG(s) 'example_python_decorator' retrieved from /home/airflow/.local/lib/python3.12/site-packages/airflow/example_dags/example_python_decorator.py
[2025-11-17T19:11:07.203+0000] {logging_mixin.py:190} INFO - [2025-11-17T19:11:07.203+0000] {dag.py:3239} INFO - Sync 1 DAGs
[2025-11-17T19:11:07.214+0000] {logging_mixin.py:190} INFO - [2025-11-17T19:11:07.214+0000] {dag.py:4180} INFO - Setting next_dagrun for example_python_decorator to None, run_after=None
[2025-11-17T19:11:07.237+0000] {processor.py:208} INFO - Processing /home/airflow/.local/lib/python3.12/site-packages/airflow/example_dags/example_python_decorator.py took 0.071 seconds
[2025-11-17T19:13:36.946+0000] {processor.py:186} INFO - Started process (PID=110) to work on /home/airflow/.local/lib/python3.12/site-packages/airflow/example_dags/example_python_decorator.py
[2025-11-17T19:13:36.947+0000] {processor.py:914} INFO - Processing file /home/airflow/.local/lib/python3.12/site-packages/airflow/example_dags/example_python_decorator.py for tasks to queue
[2025-11-17T19:13:36.949+0000] {logging_mixin.py:190} INFO - [2025-11-17T19:13:36.949+0000] {dagbag.py:588} INFO - Filling up the DagBag from /home/airflow/.local/lib/python3.12/site-packages/airflow/example_dags/example_python_decorator.py
[2025-11-17T19:13:36.959+0000] {processor.py:925} INFO - DAG(s) 'example_python_decorator' retrieved from /home/airflow/.local/lib/python3.12/site-packages/airflow/example_dags/example_python_decorator.py
[2025-11-17T19:13:37.031+0000] {logging_mixin.py:190} INFO - [2025-11-17T19:13:37.031+0000] {dag.py:3239} INFO - Sync 1 DAGs
[2025-11-17T19:13:37.039+0000] {logging_mixin.py:190} INFO - [2025-11-17T19:13:37.039+0000] {dag.py:4180} INFO - Setting next_dagrun for example_python_decorator to None, run_after=None
[2025-11-17T19:13:37.053+0000] {processor.py:208} INFO - Processing /home/airflow/.local/lib/python3.12/site-packages/airflow/example_dags/example_python_decorator.py took 0.111 seconds
[2025-11-17T19:14:07.461+0000] {processor.py:186} INFO - Started process (PID=176) to work on /home/airflow/.local/lib/python3.12/site-packages/airflow/example_dags/example_python_decorator.py
[2025-11-17T19:14:07.462+0000] {processor.py:914} INFO - Processing file /home/airflow/.local/lib/python3.12/site-packages/airflow/example_dags/example_python_decorator.py for tasks to queue
[2025-11-17T19:14:07.464+0000] {logging_mixin.py:190} INFO - [2025-11-17T19:14:07.463+0000] {dagbag.py:588} INFO - Filling up the DagBag from /home/airflow/.local/lib/python3.12/site-packages/airflow/example_dags/example_python_decorator.py
[2025-11-17T19:14:07.474+0000] {processor.py:925} INFO - DAG(s) 'example_python_decorator' retrieved from /home/airflow/.local/lib/python3.12/site-packages/airflow/example_dags/example_python_decorator.py
[2025-11-17T19:14:07.488+0000] {logging_mixin.py:190} INFO - [2025-11-17T19:14:07.488+0000] {dag.py:3239} INFO - Sync 1 DAGs
[2025-11-17T19:14:07.497+0000] {logging_mixin.py:190} INFO - [2025-11-17T19:14:07.497+0000] {dag.py:4180} INFO - Setting next_dagrun for example_python_decorator to None, run_after=None
[2025-11-17T19:14:07.509+0000] {processor.py:208} INFO - Processing /home/airflow/.local/lib/python3.12/site-packages/airflow/example_dags/example_python_decorator.py took 0.052 seconds
[2025-11-17T19:14:38.319+0000] {processor.py:186} INFO - Started process (PID=242) to work on /home/airflow/.local/lib/python3.12/site-packages/airflow/example_dags/example_python_decorator.py
[2025-11-17T19:14:38.320+0000] {processor.py:914} INFO - Processing file /home/airflow/.local/lib/python3.12/site-packages/airflow/example_dags/example_python_decorator.py for tasks to queue
[2025-11-17T19:14:38.322+0000] {logging_mixin.py:190} INFO - [2025-11-17T19:14:38.321+0000] {dagbag.py:588} INFO - Filling up the DagBag from /home/airflow/.local/lib/python3.12/site-packages/airflow/example_dags/example_python_decorator.py
[2025-11-17T19:14:38.331+0000] {processor.py:925} INFO - DAG(s) 'example_python_decorator' retrieved from /home/airflow/.local/lib/python3.12/site-packages/airflow/example_dags/example_python_decorator.py
[2025-11-17T19:14:38.345+0000] {logging_mixin.py:190} INFO - [2025-11-17T19:14:38.344+0000] {dag.py:3239} INFO - Sync 1 DAGs
[2025-11-17T19:14:38.354+0000] {logging_mixin.py:190} INFO - [2025-11-17T19:14:38.354+0000] {dag.py:4180} INFO - Setting next_dagrun for example_python_decorator to None, run_after=None
[2025-11-17T19:14:38.366+0000] {processor.py:208} INFO - Processing /home/airflow/.local/lib/python3.12/site-packages/airflow/example_dags/example_python_decorator.py took 0.050 seconds
[2025-11-17T19:15:08.970+0000] {processor.py:186} INFO - Started process (PID=308) to work on /home/airflow/.local/lib/python3.12/site-packages/airflow/example_dags/example_python_decorator.py
[2025-11-17T19:15:08.971+0000] {processor.py:914} INFO - Processing file /home/airflow/.local/lib/python3.12/site-packages/airflow/example_dags/example_python_decorator.py for tasks to queue
[2025-11-17T19:15:08.972+0000] {logging_mixin.py:190} INFO - [2025-11-17T19:15:08.972+0000] {dagbag.py:588} INFO - Filling up the DagBag from /home/airflow/.local/lib/python3.12/site-packages/airflow/example_dags/example_python_decorator.py
[2025-11-17T19:15:08.983+0000] {processor.py:925} INFO - DAG(s) 'example_python_decorator' retrieved from /home/airflow/.local/lib/python3.12/site-packages/airflow/example_dags/example_python_decorator.py
[2025-11-17T19:15:09.000+0000] {logging_mixin.py:190} INFO - [2025-11-17T19:15:09.000+0000] {dag.py:3239} INFO - Sync 1 DAGs
[2025-11-17T19:15:09.013+0000] {logging_mixin.py:190} INFO - [2025-11-17T19:15:09.012+0000] {dag.py:4180} INFO - Setting next_dagrun for example_python_decorator to None, run_after=None
[2025-11-17T19:15:09.035+0000] {processor.py:208} INFO - Processing /home/airflow/.local/lib/python3.12/site-packages/airflow/example_dags/example_python_decorator.py took 0.070 seconds
[2025-11-17T19:15:47.923+0000] {processor.py:186} INFO - Started process (PID=110) to work on /home/airflow/.local/lib/python3.12/site-packages/airflow/example_dags/example_python_decorator.py
[2025-11-17T19:15:47.924+0000] {processor.py:914} INFO - Processing file /home/airflow/.local/lib/python3.12/site-packages/airflow/example_dags/example_python_decorator.py for tasks to queue
[2025-11-17T19:15:47.927+0000] {logging_mixin.py:190} INFO - [2025-11-17T19:15:47.926+0000] {dagbag.py:588} INFO - Filling up the DagBag from /home/airflow/.local/lib/python3.12/site-packages/airflow/example_dags/example_python_decorator.py
[2025-11-17T19:15:47.938+0000] {processor.py:925} INFO - DAG(s) 'example_python_decorator' retrieved from /home/airflow/.local/lib/python3.12/site-packages/airflow/example_dags/example_python_decorator.py
[2025-11-17T19:15:48.007+0000] {logging_mixin.py:190} INFO - [2025-11-17T19:15:48.007+0000] {dag.py:3239} INFO - Sync 1 DAGs
[2025-11-17T19:15:48.017+0000] {logging_mixin.py:190} INFO - [2025-11-17T19:15:48.016+0000] {dag.py:4180} INFO - Setting next_dagrun for example_python_decorator to None, run_after=None
[2025-11-17T19:15:48.032+0000] {processor.py:208} INFO - Processing /home/airflow/.local/lib/python3.12/site-packages/airflow/example_dags/example_python_decorator.py took 0.113 seconds
[2025-11-17T19:16:19.211+0000] {processor.py:186} INFO - Started process (PID=176) to work on /home/airflow/.local/lib/python3.12/site-packages/airflow/example_dags/example_python_decorator.py
[2025-11-17T19:16:19.212+0000] {processor.py:914} INFO - Processing file /home/airflow/.local/lib/python3.12/site-packages/airflow/example_dags/example_python_decorator.py for tasks to queue
[2025-11-17T19:16:19.214+0000] {logging_mixin.py:190} INFO - [2025-11-17T19:16:19.214+0000] {dagbag.py:588} INFO - Filling up the DagBag from /home/airflow/.local/lib/python3.12/site-packages/airflow/example_dags/example_python_decorator.py
[2025-11-17T19:16:19.225+0000] {processor.py:925} INFO - DAG(s) 'example_python_decorator' retrieved from /home/airflow/.local/lib/python3.12/site-packages/airflow/example_dags/example_python_decorator.py
[2025-11-17T19:16:19.239+0000] {logging_mixin.py:190} INFO - [2025-11-17T19:16:19.239+0000] {dag.py:3239} INFO - Sync 1 DAGs
[2025-11-17T19:16:19.248+0000] {logging_mixin.py:190} INFO - [2025-11-17T19:16:19.248+0000] {dag.py:4180} INFO - Setting next_dagrun for example_python_decorator to None, run_after=None
[2025-11-17T19:16:19.260+0000] {processor.py:208} INFO - Processing /home/airflow/.local/lib/python3.12/site-packages/airflow/example_dags/example_python_decorator.py took 0.052 seconds
[2025-11-17T19:16:50.275+0000] {processor.py:186} INFO - Started process (PID=242) to work on /home/airflow/.local/lib/python3.12/site-packages/airflow/example_dags/example_python_decorator.py
[2025-11-17T19:16:50.276+0000] {processor.py:914} INFO - Processing file /home/airflow/.local/lib/python3.12/site-packages/airflow/example_dags/example_python_decorator.py for tasks to queue
[2025-11-17T19:16:50.278+0000] {logging_mixin.py:190} INFO - [2025-11-17T19:16:50.278+0000] {dagbag.py:588} INFO - Filling up the DagBag from /home/airflow/.local/lib/python3.12/site-packages/airflow/example_dags/example_python_decorator.py
[2025-11-17T19:16:50.289+0000] {processor.py:925} INFO - DAG(s) 'example_python_decorator' retrieved from /home/airflow/.local/lib/python3.12/site-packages/airflow/example_dags/example_python_decorator.py
[2025-11-17T19:16:50.306+0000] {logging_mixin.py:190} INFO - [2025-11-17T19:16:50.306+0000] {dag.py:3239} INFO - Sync 1 DAGs
[2025-11-17T19:16:50.316+0000] {logging_mixin.py:190} INFO - [2025-11-17T19:16:50.316+0000] {dag.py:4180} INFO - Setting next_dagrun for example_python_decorator to None, run_after=None
[2025-11-17T19:16:50.330+0000] {processor.py:208} INFO - Processing /home/airflow/.local/lib/python3.12/site-packages/airflow/example_dags/example_python_decorator.py took 0.059 seconds
[2025-11-17T19:17:21.379+0000] {processor.py:186} INFO - Started process (PID=308) to work on /home/airflow/.local/lib/python3.12/site-packages/airflow/example_dags/example_python_decorator.py
[2025-11-17T19:17:21.380+0000] {processor.py:914} INFO - Processing file /home/airflow/.local/lib/python3.12/site-packages/airflow/example_dags/example_python_decorator.py for tasks to queue
[2025-11-17T19:17:21.382+0000] {logging_mixin.py:190} INFO - [2025-11-17T19:17:21.381+0000] {dagbag.py:588} INFO - Filling up the DagBag from /home/airflow/.local/lib/python3.12/site-packages/airflow/example_dags/example_python_decorator.py
[2025-11-17T19:17:21.392+0000] {processor.py:925} INFO - DAG(s) 'example_python_decorator' retrieved from /home/airflow/.local/lib/python3.12/site-packages/airflow/example_dags/example_python_decorator.py
[2025-11-17T19:17:21.407+0000] {logging_mixin.py:190} INFO - [2025-11-17T19:17:21.407+0000] {dag.py:3239} INFO - Sync 1 DAGs
[2025-11-17T19:17:21.417+0000] {logging_mixin.py:190} INFO - [2025-11-17T19:17:21.416+0000] {dag.py:4180} INFO - Setting next_dagrun for example_python_decorator to None, run_after=None
[2025-11-17T19:17:21.428+0000] {processor.py:208} INFO - Processing /home/airflow/.local/lib/python3.12/site-packages/airflow/example_dags/example_python_decorator.py took 0.054 seconds
[2025-11-17T19:17:52.566+0000] {processor.py:186} INFO - Started process (PID=397) to work on /home/airflow/.local/lib/python3.12/site-packages/airflow/example_dags/example_python_decorator.py
[2025-11-17T19:17:52.567+0000] {processor.py:914} INFO - Processing file /home/airflow/.local/lib/python3.12/site-packages/airflow/example_dags/example_python_decorator.py for tasks to queue
[2025-11-17T19:17:52.569+0000] {logging_mixin.py:190} INFO - [2025-11-17T19:17:52.568+0000] {dagbag.py:588} INFO - Filling up the DagBag from /home/airflow/.local/lib/python3.12/site-packages/airflow/example_dags/example_python_decorator.py
[2025-11-17T19:17:52.579+0000] {processor.py:925} INFO - DAG(s) 'example_python_decorator' retrieved from /home/airflow/.local/lib/python3.12/site-packages/airflow/example_dags/example_python_decorator.py
[2025-11-17T19:17:52.592+0000] {logging_mixin.py:190} INFO - [2025-11-17T19:17:52.592+0000] {dag.py:3239} INFO - Sync 1 DAGs
[2025-11-17T19:17:52.601+0000] {logging_mixin.py:190} INFO - [2025-11-17T19:17:52.600+0000] {dag.py:4180} INFO - Setting next_dagrun for example_python_decorator to None, run_after=None
[2025-11-17T19:17:52.612+0000] {processor.py:208} INFO - Processing /home/airflow/.local/lib/python3.12/site-packages/airflow/example_dags/example_python_decorator.py took 0.051 seconds
[2025-11-17T19:18:23.812+0000] {processor.py:186} INFO - Started process (PID=480) to work on /home/airflow/.local/lib/python3.12/site-packages/airflow/example_dags/example_python_decorator.py
[2025-11-17T19:18:23.813+0000] {processor.py:914} INFO - Processing file /home/airflow/.local/lib/python3.12/site-packages/airflow/example_dags/example_python_decorator.py for tasks to queue
[2025-11-17T19:18:23.815+0000] {logging_mixin.py:190} INFO - [2025-11-17T19:18:23.815+0000] {dagbag.py:588} INFO - Filling up the DagBag from /home/airflow/.local/lib/python3.12/site-packages/airflow/example_dags/example_python_decorator.py
[2025-11-17T19:18:23.825+0000] {processor.py:925} INFO - DAG(s) 'example_python_decorator' retrieved from /home/airflow/.local/lib/python3.12/site-packages/airflow/example_dags/example_python_decorator.py
[2025-11-17T19:18:23.838+0000] {logging_mixin.py:190} INFO - [2025-11-17T19:18:23.838+0000] {dag.py:3239} INFO - Sync 1 DAGs
[2025-11-17T19:18:23.847+0000] {logging_mixin.py:190} INFO - [2025-11-17T19:18:23.847+0000] {dag.py:4180} INFO - Setting next_dagrun for example_python_decorator to None, run_after=None
[2025-11-17T19:18:23.859+0000] {processor.py:208} INFO - Processing /home/airflow/.local/lib/python3.12/site-packages/airflow/example_dags/example_python_decorator.py took 0.053 seconds
[2025-11-17T19:18:55.402+0000] {processor.py:186} INFO - Started process (PID=547) to work on /home/airflow/.local/lib/python3.12/site-packages/airflow/example_dags/example_python_decorator.py
[2025-11-17T19:18:55.403+0000] {processor.py:914} INFO - Processing file /home/airflow/.local/lib/python3.12/site-packages/airflow/example_dags/example_python_decorator.py for tasks to queue
[2025-11-17T19:18:55.405+0000] {logging_mixin.py:190} INFO - [2025-11-17T19:18:55.405+0000] {dagbag.py:588} INFO - Filling up the DagBag from /home/airflow/.local/lib/python3.12/site-packages/airflow/example_dags/example_python_decorator.py
[2025-11-17T19:18:55.415+0000] {processor.py:925} INFO - DAG(s) 'example_python_decorator' retrieved from /home/airflow/.local/lib/python3.12/site-packages/airflow/example_dags/example_python_decorator.py
[2025-11-17T19:18:55.430+0000] {logging_mixin.py:190} INFO - [2025-11-17T19:18:55.430+0000] {dag.py:3239} INFO - Sync 1 DAGs
[2025-11-17T19:18:55.439+0000] {logging_mixin.py:190} INFO - [2025-11-17T19:18:55.439+0000] {dag.py:4180} INFO - Setting next_dagrun for example_python_decorator to None, run_after=None
[2025-11-17T19:18:55.454+0000] {processor.py:208} INFO - Processing /home/airflow/.local/lib/python3.12/site-packages/airflow/example_dags/example_python_decorator.py took 0.058 seconds
[2025-11-17T19:19:26.894+0000] {processor.py:186} INFO - Started process (PID=613) to work on /home/airflow/.local/lib/python3.12/site-packages/airflow/example_dags/example_python_decorator.py
[2025-11-17T19:19:26.895+0000] {processor.py:914} INFO - Processing file /home/airflow/.local/lib/python3.12/site-packages/airflow/example_dags/example_python_decorator.py for tasks to queue
[2025-11-17T19:19:26.897+0000] {logging_mixin.py:190} INFO - [2025-11-17T19:19:26.897+0000] {dagbag.py:588} INFO - Filling up the DagBag from /home/airflow/.local/lib/python3.12/site-packages/airflow/example_dags/example_python_decorator.py
[2025-11-17T19:19:26.906+0000] {processor.py:925} INFO - DAG(s) 'example_python_decorator' retrieved from /home/airflow/.local/lib/python3.12/site-packages/airflow/example_dags/example_python_decorator.py
[2025-11-17T19:19:26.921+0000] {logging_mixin.py:190} INFO - [2025-11-17T19:19:26.921+0000] {dag.py:3239} INFO - Sync 1 DAGs
[2025-11-17T19:19:26.930+0000] {logging_mixin.py:190} INFO - [2025-11-17T19:19:26.930+0000] {dag.py:4180} INFO - Setting next_dagrun for example_python_decorator to None, run_after=None
[2025-11-17T19:19:26.942+0000] {processor.py:208} INFO - Processing /home/airflow/.local/lib/python3.12/site-packages/airflow/example_dags/example_python_decorator.py took 0.053 seconds
[2025-11-17T19:19:57.572+0000] {processor.py:186} INFO - Started process (PID=679) to work on /home/airflow/.local/lib/python3.12/site-packages/airflow/example_dags/example_python_decorator.py
[2025-11-17T19:19:57.573+0000] {processor.py:914} INFO - Processing file /home/airflow/.local/lib/python3.12/site-packages/airflow/example_dags/example_python_decorator.py for tasks to queue
[2025-11-17T19:19:57.575+0000] {logging_mixin.py:190} INFO - [2025-11-17T19:19:57.574+0000] {dagbag.py:588} INFO - Filling up the DagBag from /home/airflow/.local/lib/python3.12/site-packages/airflow/example_dags/example_python_decorator.py
[2025-11-17T19:19:57.585+0000] {processor.py:925} INFO - DAG(s) 'example_python_decorator' retrieved from /home/airflow/.local/lib/python3.12/site-packages/airflow/example_dags/example_python_decorator.py
[2025-11-17T19:19:57.599+0000] {logging_mixin.py:190} INFO - [2025-11-17T19:19:57.599+0000] {dag.py:3239} INFO - Sync 1 DAGs
[2025-11-17T19:19:57.608+0000] {logging_mixin.py:190} INFO - [2025-11-17T19:19:57.608+0000] {dag.py:4180} INFO - Setting next_dagrun for example_python_decorator to None, run_after=None
[2025-11-17T19:19:57.621+0000] {processor.py:208} INFO - Processing /home/airflow/.local/lib/python3.12/site-packages/airflow/example_dags/example_python_decorator.py took 0.056 seconds
[2025-11-17T19:20:28.645+0000] {processor.py:186} INFO - Started process (PID=745) to work on /home/airflow/.local/lib/python3.12/site-packages/airflow/example_dags/example_python_decorator.py
[2025-11-17T19:20:28.646+0000] {processor.py:914} INFO - Processing file /home/airflow/.local/lib/python3.12/site-packages/airflow/example_dags/example_python_decorator.py for tasks to queue
[2025-11-17T19:20:28.648+0000] {logging_mixin.py:190} INFO - [2025-11-17T19:20:28.648+0000] {dagbag.py:588} INFO - Filling up the DagBag from /home/airflow/.local/lib/python3.12/site-packages/airflow/example_dags/example_python_decorator.py
[2025-11-17T19:20:28.659+0000] {processor.py:925} INFO - DAG(s) 'example_python_decorator' retrieved from /home/airflow/.local/lib/python3.12/site-packages/airflow/example_dags/example_python_decorator.py
[2025-11-17T19:20:28.677+0000] {logging_mixin.py:190} INFO - [2025-11-17T19:20:28.677+0000] {dag.py:3239} INFO - Sync 1 DAGs
[2025-11-17T19:20:28.687+0000] {logging_mixin.py:190} INFO - [2025-11-17T19:20:28.687+0000] {dag.py:4180} INFO - Setting next_dagrun for example_python_decorator to None, run_after=None
[2025-11-17T19:20:28.702+0000] {processor.py:208} INFO - Processing /home/airflow/.local/lib/python3.12/site-packages/airflow/example_dags/example_python_decorator.py took 0.063 seconds
[2025-11-17T19:20:59.686+0000] {processor.py:186} INFO - Started process (PID=812) to work on /home/airflow/.local/lib/python3.12/site-packages/airflow/example_dags/example_python_decorator.py
[2025-11-17T19:20:59.687+0000] {processor.py:914} INFO - Processing file /home/airflow/.local/lib/python3.12/site-packages/airflow/example_dags/example_python_decorator.py for tasks to queue
[2025-11-17T19:20:59.689+0000] {logging_mixin.py:190} INFO - [2025-11-17T19:20:59.689+0000] {dagbag.py:588} INFO - Filling up the DagBag from /home/airflow/.local/lib/python3.12/site-packages/airflow/example_dags/example_python_decorator.py
[2025-11-17T19:20:59.700+0000] {processor.py:925} INFO - DAG(s) 'example_python_decorator' retrieved from /home/airflow/.local/lib/python3.12/site-packages/airflow/example_dags/example_python_decorator.py
[2025-11-17T19:20:59.716+0000] {logging_mixin.py:190} INFO - [2025-11-17T19:20:59.716+0000] {dag.py:3239} INFO - Sync 1 DAGs
[2025-11-17T19:20:59.726+0000] {logging_mixin.py:190} INFO - [2025-11-17T19:20:59.726+0000] {dag.py:4180} INFO - Setting next_dagrun for example_python_decorator to None, run_after=None
[2025-11-17T19:20:59.741+0000] {processor.py:208} INFO - Processing /home/airflow/.local/lib/python3.12/site-packages/airflow/example_dags/example_python_decorator.py took 0.061 seconds
[2025-11-17T19:21:30.458+0000] {processor.py:186} INFO - Started process (PID=881) to work on /home/airflow/.local/lib/python3.12/site-packages/airflow/example_dags/example_python_decorator.py
[2025-11-17T19:21:30.459+0000] {processor.py:914} INFO - Processing file /home/airflow/.local/lib/python3.12/site-packages/airflow/example_dags/example_python_decorator.py for tasks to queue
[2025-11-17T19:21:30.461+0000] {logging_mixin.py:190} INFO - [2025-11-17T19:21:30.461+0000] {dagbag.py:588} INFO - Filling up the DagBag from /home/airflow/.local/lib/python3.12/site-packages/airflow/example_dags/example_python_decorator.py
[2025-11-17T19:21:30.472+0000] {processor.py:925} INFO - DAG(s) 'example_python_decorator' retrieved from /home/airflow/.local/lib/python3.12/site-packages/airflow/example_dags/example_python_decorator.py
[2025-11-17T19:21:30.488+0000] {logging_mixin.py:190} INFO - [2025-11-17T19:21:30.487+0000] {dag.py:3239} INFO - Sync 1 DAGs
[2025-11-17T19:21:30.497+0000] {logging_mixin.py:190} INFO - [2025-11-17T19:21:30.497+0000] {dag.py:4180} INFO - Setting next_dagrun for example_python_decorator to None, run_after=None
[2025-11-17T19:21:30.510+0000] {processor.py:208} INFO - Processing /home/airflow/.local/lib/python3.12/site-packages/airflow/example_dags/example_python_decorator.py took 0.058 seconds
[2025-11-17T19:22:02.598+0000] {processor.py:186} INFO - Started process (PID=949) to work on /home/airflow/.local/lib/python3.12/site-packages/airflow/example_dags/example_python_decorator.py
[2025-11-17T19:22:02.599+0000] {processor.py:914} INFO - Processing file /home/airflow/.local/lib/python3.12/site-packages/airflow/example_dags/example_python_decorator.py for tasks to queue
[2025-11-17T19:22:02.601+0000] {logging_mixin.py:190} INFO - [2025-11-17T19:22:02.601+0000] {dagbag.py:588} INFO - Filling up the DagBag from /home/airflow/.local/lib/python3.12/site-packages/airflow/example_dags/example_python_decorator.py
[2025-11-17T19:22:02.611+0000] {processor.py:925} INFO - DAG(s) 'example_python_decorator' retrieved from /home/airflow/.local/lib/python3.12/site-packages/airflow/example_dags/example_python_decorator.py
[2025-11-17T19:22:02.627+0000] {logging_mixin.py:190} INFO - [2025-11-17T19:22:02.627+0000] {dag.py:3239} INFO - Sync 1 DAGs
[2025-11-17T19:22:02.636+0000] {logging_mixin.py:190} INFO - [2025-11-17T19:22:02.636+0000] {dag.py:4180} INFO - Setting next_dagrun for example_python_decorator to None, run_after=None
[2025-11-17T19:22:02.650+0000] {processor.py:208} INFO - Processing /home/airflow/.local/lib/python3.12/site-packages/airflow/example_dags/example_python_decorator.py took 0.058 seconds
[2025-11-17T19:22:33.092+0000] {processor.py:186} INFO - Started process (PID=1018) to work on /home/airflow/.local/lib/python3.12/site-packages/airflow/example_dags/example_python_decorator.py
[2025-11-17T19:22:33.093+0000] {processor.py:914} INFO - Processing file /home/airflow/.local/lib/python3.12/site-packages/airflow/example_dags/example_python_decorator.py for tasks to queue
[2025-11-17T19:22:33.095+0000] {logging_mixin.py:190} INFO - [2025-11-17T19:22:33.095+0000] {dagbag.py:588} INFO - Filling up the DagBag from /home/airflow/.local/lib/python3.12/site-packages/airflow/example_dags/example_python_decorator.py
[2025-11-17T19:22:33.105+0000] {processor.py:925} INFO - DAG(s) 'example_python_decorator' retrieved from /home/airflow/.local/lib/python3.12/site-packages/airflow/example_dags/example_python_decorator.py
[2025-11-17T19:22:33.121+0000] {logging_mixin.py:190} INFO - [2025-11-17T19:22:33.120+0000] {dag.py:3239} INFO - Sync 1 DAGs
[2025-11-17T19:22:33.131+0000] {logging_mixin.py:190} INFO - [2025-11-17T19:22:33.131+0000] {dag.py:4180} INFO - Setting next_dagrun for example_python_decorator to None, run_after=None
[2025-11-17T19:22:33.145+0000] {processor.py:208} INFO - Processing /home/airflow/.local/lib/python3.12/site-packages/airflow/example_dags/example_python_decorator.py took 0.059 seconds
[2025-11-17T19:23:04.602+0000] {processor.py:186} INFO - Started process (PID=1086) to work on /home/airflow/.local/lib/python3.12/site-packages/airflow/example_dags/example_python_decorator.py
[2025-11-17T19:23:04.604+0000] {processor.py:914} INFO - Processing file /home/airflow/.local/lib/python3.12/site-packages/airflow/example_dags/example_python_decorator.py for tasks to queue
[2025-11-17T19:23:04.606+0000] {logging_mixin.py:190} INFO - [2025-11-17T19:23:04.606+0000] {dagbag.py:588} INFO - Filling up the DagBag from /home/airflow/.local/lib/python3.12/site-packages/airflow/example_dags/example_python_decorator.py
[2025-11-17T19:23:04.617+0000] {processor.py:925} INFO - DAG(s) 'example_python_decorator' retrieved from /home/airflow/.local/lib/python3.12/site-packages/airflow/example_dags/example_python_decorator.py
[2025-11-17T19:23:04.634+0000] {logging_mixin.py:190} INFO - [2025-11-17T19:23:04.634+0000] {dag.py:3239} INFO - Sync 1 DAGs
[2025-11-17T19:23:04.645+0000] {logging_mixin.py:190} INFO - [2025-11-17T19:23:04.644+0000] {dag.py:4180} INFO - Setting next_dagrun for example_python_decorator to None, run_after=None
[2025-11-17T19:23:04.672+0000] {processor.py:208} INFO - Processing /home/airflow/.local/lib/python3.12/site-packages/airflow/example_dags/example_python_decorator.py took 0.076 seconds
[2025-11-17T19:23:35.622+0000] {processor.py:186} INFO - Started process (PID=1153) to work on /home/airflow/.local/lib/python3.12/site-packages/airflow/example_dags/example_python_decorator.py
[2025-11-17T19:23:35.623+0000] {processor.py:914} INFO - Processing file /home/airflow/.local/lib/python3.12/site-packages/airflow/example_dags/example_python_decorator.py for tasks to queue
[2025-11-17T19:23:35.625+0000] {logging_mixin.py:190} INFO - [2025-11-17T19:23:35.625+0000] {dagbag.py:588} INFO - Filling up the DagBag from /home/airflow/.local/lib/python3.12/site-packages/airflow/example_dags/example_python_decorator.py
[2025-11-17T19:23:35.636+0000] {processor.py:925} INFO - DAG(s) 'example_python_decorator' retrieved from /home/airflow/.local/lib/python3.12/site-packages/airflow/example_dags/example_python_decorator.py
[2025-11-17T19:23:35.652+0000] {logging_mixin.py:190} INFO - [2025-11-17T19:23:35.651+0000] {dag.py:3239} INFO - Sync 1 DAGs
[2025-11-17T19:23:35.662+0000] {logging_mixin.py:190} INFO - [2025-11-17T19:23:35.662+0000] {dag.py:4180} INFO - Setting next_dagrun for example_python_decorator to None, run_after=None
[2025-11-17T19:23:35.682+0000] {processor.py:208} INFO - Processing /home/airflow/.local/lib/python3.12/site-packages/airflow/example_dags/example_python_decorator.py took 0.067 seconds
[2025-11-17T19:24:06.745+0000] {processor.py:186} INFO - Started process (PID=1223) to work on /home/airflow/.local/lib/python3.12/site-packages/airflow/example_dags/example_python_decorator.py
[2025-11-17T19:24:06.746+0000] {processor.py:914} INFO - Processing file /home/airflow/.local/lib/python3.12/site-packages/airflow/example_dags/example_python_decorator.py for tasks to queue
[2025-11-17T19:24:06.748+0000] {logging_mixin.py:190} INFO - [2025-11-17T19:24:06.748+0000] {dagbag.py:588} INFO - Filling up the DagBag from /home/airflow/.local/lib/python3.12/site-packages/airflow/example_dags/example_python_decorator.py
[2025-11-17T19:24:06.758+0000] {processor.py:925} INFO - DAG(s) 'example_python_decorator' retrieved from /home/airflow/.local/lib/python3.12/site-packages/airflow/example_dags/example_python_decorator.py
[2025-11-17T19:24:06.772+0000] {logging_mixin.py:190} INFO - [2025-11-17T19:24:06.772+0000] {dag.py:3239} INFO - Sync 1 DAGs
[2025-11-17T19:24:06.782+0000] {logging_mixin.py:190} INFO - [2025-11-17T19:24:06.781+0000] {dag.py:4180} INFO - Setting next_dagrun for example_python_decorator to None, run_after=None
[2025-11-17T19:24:06.797+0000] {processor.py:208} INFO - Processing /home/airflow/.local/lib/python3.12/site-packages/airflow/example_dags/example_python_decorator.py took 0.058 seconds
[2025-11-17T19:24:37.702+0000] {processor.py:186} INFO - Started process (PID=1292) to work on /home/airflow/.local/lib/python3.12/site-packages/airflow/example_dags/example_python_decorator.py
[2025-11-17T19:24:37.703+0000] {processor.py:914} INFO - Processing file /home/airflow/.local/lib/python3.12/site-packages/airflow/example_dags/example_python_decorator.py for tasks to queue
[2025-11-17T19:24:37.705+0000] {logging_mixin.py:190} INFO - [2025-11-17T19:24:37.705+0000] {dagbag.py:588} INFO - Filling up the DagBag from /home/airflow/.local/lib/python3.12/site-packages/airflow/example_dags/example_python_decorator.py
[2025-11-17T19:24:37.716+0000] {processor.py:925} INFO - DAG(s) 'example_python_decorator' retrieved from /home/airflow/.local/lib/python3.12/site-packages/airflow/example_dags/example_python_decorator.py
[2025-11-17T19:24:37.731+0000] {logging_mixin.py:190} INFO - [2025-11-17T19:24:37.731+0000] {dag.py:3239} INFO - Sync 1 DAGs
[2025-11-17T19:24:37.741+0000] {logging_mixin.py:190} INFO - [2025-11-17T19:24:37.741+0000] {dag.py:4180} INFO - Setting next_dagrun for example_python_decorator to None, run_after=None
[2025-11-17T19:24:37.755+0000] {processor.py:208} INFO - Processing /home/airflow/.local/lib/python3.12/site-packages/airflow/example_dags/example_python_decorator.py took 0.059 seconds
[2025-11-17T19:25:08.497+0000] {processor.py:186} INFO - Started process (PID=1360) to work on /home/airflow/.local/lib/python3.12/site-packages/airflow/example_dags/example_python_decorator.py
[2025-11-17T19:25:08.498+0000] {processor.py:914} INFO - Processing file /home/airflow/.local/lib/python3.12/site-packages/airflow/example_dags/example_python_decorator.py for tasks to queue
[2025-11-17T19:25:08.500+0000] {logging_mixin.py:190} INFO - [2025-11-17T19:25:08.499+0000] {dagbag.py:588} INFO - Filling up the DagBag from /home/airflow/.local/lib/python3.12/site-packages/airflow/example_dags/example_python_decorator.py
[2025-11-17T19:25:08.510+0000] {processor.py:925} INFO - DAG(s) 'example_python_decorator' retrieved from /home/airflow/.local/lib/python3.12/site-packages/airflow/example_dags/example_python_decorator.py
[2025-11-17T19:25:08.523+0000] {logging_mixin.py:190} INFO - [2025-11-17T19:25:08.523+0000] {dag.py:3239} INFO - Sync 1 DAGs
[2025-11-17T19:25:08.533+0000] {logging_mixin.py:190} INFO - [2025-11-17T19:25:08.533+0000] {dag.py:4180} INFO - Setting next_dagrun for example_python_decorator to None, run_after=None
[2025-11-17T19:25:08.544+0000] {processor.py:208} INFO - Processing /home/airflow/.local/lib/python3.12/site-packages/airflow/example_dags/example_python_decorator.py took 0.053 seconds
[2025-11-17T19:25:40.123+0000] {processor.py:186} INFO - Started process (PID=1427) to work on /home/airflow/.local/lib/python3.12/site-packages/airflow/example_dags/example_python_decorator.py
[2025-11-17T19:25:40.124+0000] {processor.py:914} INFO - Processing file /home/airflow/.local/lib/python3.12/site-packages/airflow/example_dags/example_python_decorator.py for tasks to queue
[2025-11-17T19:25:40.126+0000] {logging_mixin.py:190} INFO - [2025-11-17T19:25:40.125+0000] {dagbag.py:588} INFO - Filling up the DagBag from /home/airflow/.local/lib/python3.12/site-packages/airflow/example_dags/example_python_decorator.py
[2025-11-17T19:25:40.137+0000] {processor.py:925} INFO - DAG(s) 'example_python_decorator' retrieved from /home/airflow/.local/lib/python3.12/site-packages/airflow/example_dags/example_python_decorator.py
[2025-11-17T19:25:40.152+0000] {logging_mixin.py:190} INFO - [2025-11-17T19:25:40.152+0000] {dag.py:3239} INFO - Sync 1 DAGs
[2025-11-17T19:25:40.162+0000] {logging_mixin.py:190} INFO - [2025-11-17T19:25:40.161+0000] {dag.py:4180} INFO - Setting next_dagrun for example_python_decorator to None, run_after=None
[2025-11-17T19:25:40.174+0000] {processor.py:208} INFO - Processing /home/airflow/.local/lib/python3.12/site-packages/airflow/example_dags/example_python_decorator.py took 0.057 seconds
[2025-11-17T19:26:11.210+0000] {processor.py:186} INFO - Started process (PID=1495) to work on /home/airflow/.local/lib/python3.12/site-packages/airflow/example_dags/example_python_decorator.py
[2025-11-17T19:26:11.211+0000] {processor.py:914} INFO - Processing file /home/airflow/.local/lib/python3.12/site-packages/airflow/example_dags/example_python_decorator.py for tasks to queue
[2025-11-17T19:26:11.214+0000] {logging_mixin.py:190} INFO - [2025-11-17T19:26:11.214+0000] {dagbag.py:588} INFO - Filling up the DagBag from /home/airflow/.local/lib/python3.12/site-packages/airflow/example_dags/example_python_decorator.py
[2025-11-17T19:26:11.225+0000] {processor.py:925} INFO - DAG(s) 'example_python_decorator' retrieved from /home/airflow/.local/lib/python3.12/site-packages/airflow/example_dags/example_python_decorator.py
[2025-11-17T19:26:11.244+0000] {logging_mixin.py:190} INFO - [2025-11-17T19:26:11.243+0000] {dag.py:3239} INFO - Sync 1 DAGs
[2025-11-17T19:26:11.254+0000] {logging_mixin.py:190} INFO - [2025-11-17T19:26:11.254+0000] {dag.py:4180} INFO - Setting next_dagrun for example_python_decorator to None, run_after=None
[2025-11-17T19:26:11.267+0000] {processor.py:208} INFO - Processing /home/airflow/.local/lib/python3.12/site-packages/airflow/example_dags/example_python_decorator.py took 0.064 seconds
[2025-11-17T19:26:42.397+0000] {processor.py:186} INFO - Started process (PID=1563) to work on /home/airflow/.local/lib/python3.12/site-packages/airflow/example_dags/example_python_decorator.py
[2025-11-17T19:26:42.398+0000] {processor.py:914} INFO - Processing file /home/airflow/.local/lib/python3.12/site-packages/airflow/example_dags/example_python_decorator.py for tasks to queue
[2025-11-17T19:26:42.400+0000] {logging_mixin.py:190} INFO - [2025-11-17T19:26:42.400+0000] {dagbag.py:588} INFO - Filling up the DagBag from /home/airflow/.local/lib/python3.12/site-packages/airflow/example_dags/example_python_decorator.py
[2025-11-17T19:26:42.417+0000] {processor.py:925} INFO - DAG(s) 'example_python_decorator' retrieved from /home/airflow/.local/lib/python3.12/site-packages/airflow/example_dags/example_python_decorator.py
[2025-11-17T19:26:42.446+0000] {logging_mixin.py:190} INFO - [2025-11-17T19:26:42.446+0000] {dag.py:3239} INFO - Sync 1 DAGs
[2025-11-17T19:26:42.460+0000] {logging_mixin.py:190} INFO - [2025-11-17T19:26:42.460+0000] {dag.py:4180} INFO - Setting next_dagrun for example_python_decorator to None, run_after=None
[2025-11-17T19:26:42.477+0000] {processor.py:208} INFO - Processing /home/airflow/.local/lib/python3.12/site-packages/airflow/example_dags/example_python_decorator.py took 0.086 seconds
[2025-11-17T19:28:13.769+0000] {processor.py:186} INFO - Started process (PID=111) to work on /home/airflow/.local/lib/python3.12/site-packages/airflow/example_dags/example_python_decorator.py
[2025-11-17T19:28:13.770+0000] {processor.py:914} INFO - Processing file /home/airflow/.local/lib/python3.12/site-packages/airflow/example_dags/example_python_decorator.py for tasks to queue
[2025-11-17T19:28:13.772+0000] {logging_mixin.py:190} INFO - [2025-11-17T19:28:13.772+0000] {dagbag.py:588} INFO - Filling up the DagBag from /home/airflow/.local/lib/python3.12/site-packages/airflow/example_dags/example_python_decorator.py
[2025-11-17T19:28:13.783+0000] {processor.py:925} INFO - DAG(s) 'example_python_decorator' retrieved from /home/airflow/.local/lib/python3.12/site-packages/airflow/example_dags/example_python_decorator.py
[2025-11-17T19:28:13.850+0000] {logging_mixin.py:190} INFO - [2025-11-17T19:28:13.850+0000] {dag.py:3239} INFO - Sync 1 DAGs
[2025-11-17T19:28:13.857+0000] {logging_mixin.py:190} INFO - [2025-11-17T19:28:13.857+0000] {dag.py:4180} INFO - Setting next_dagrun for example_python_decorator to None, run_after=None
[2025-11-17T19:28:13.869+0000] {processor.py:208} INFO - Processing /home/airflow/.local/lib/python3.12/site-packages/airflow/example_dags/example_python_decorator.py took 0.104 seconds
[2025-11-17T19:28:44.807+0000] {processor.py:186} INFO - Started process (PID=177) to work on /home/airflow/.local/lib/python3.12/site-packages/airflow/example_dags/example_python_decorator.py
[2025-11-17T19:28:44.808+0000] {processor.py:914} INFO - Processing file /home/airflow/.local/lib/python3.12/site-packages/airflow/example_dags/example_python_decorator.py for tasks to queue
[2025-11-17T19:28:44.810+0000] {logging_mixin.py:190} INFO - [2025-11-17T19:28:44.810+0000] {dagbag.py:588} INFO - Filling up the DagBag from /home/airflow/.local/lib/python3.12/site-packages/airflow/example_dags/example_python_decorator.py
[2025-11-17T19:28:44.823+0000] {processor.py:925} INFO - DAG(s) 'example_python_decorator' retrieved from /home/airflow/.local/lib/python3.12/site-packages/airflow/example_dags/example_python_decorator.py
[2025-11-17T19:28:44.837+0000] {logging_mixin.py:190} INFO - [2025-11-17T19:28:44.836+0000] {dag.py:3239} INFO - Sync 1 DAGs
[2025-11-17T19:28:44.846+0000] {logging_mixin.py:190} INFO - [2025-11-17T19:28:44.846+0000] {dag.py:4180} INFO - Setting next_dagrun for example_python_decorator to None, run_after=None
[2025-11-17T19:28:44.859+0000] {processor.py:208} INFO - Processing /home/airflow/.local/lib/python3.12/site-packages/airflow/example_dags/example_python_decorator.py took 0.057 seconds
[2025-11-17T19:29:16.142+0000] {processor.py:186} INFO - Started process (PID=243) to work on /home/airflow/.local/lib/python3.12/site-packages/airflow/example_dags/example_python_decorator.py
[2025-11-17T19:29:16.143+0000] {processor.py:914} INFO - Processing file /home/airflow/.local/lib/python3.12/site-packages/airflow/example_dags/example_python_decorator.py for tasks to queue
[2025-11-17T19:29:16.145+0000] {logging_mixin.py:190} INFO - [2025-11-17T19:29:16.144+0000] {dagbag.py:588} INFO - Filling up the DagBag from /home/airflow/.local/lib/python3.12/site-packages/airflow/example_dags/example_python_decorator.py
[2025-11-17T19:29:16.155+0000] {processor.py:925} INFO - DAG(s) 'example_python_decorator' retrieved from /home/airflow/.local/lib/python3.12/site-packages/airflow/example_dags/example_python_decorator.py
[2025-11-17T19:29:16.169+0000] {logging_mixin.py:190} INFO - [2025-11-17T19:29:16.169+0000] {dag.py:3239} INFO - Sync 1 DAGs
[2025-11-17T19:29:16.177+0000] {logging_mixin.py:190} INFO - [2025-11-17T19:29:16.177+0000] {dag.py:4180} INFO - Setting next_dagrun for example_python_decorator to None, run_after=None
[2025-11-17T19:29:16.190+0000] {processor.py:208} INFO - Processing /home/airflow/.local/lib/python3.12/site-packages/airflow/example_dags/example_python_decorator.py took 0.052 seconds
[2025-11-17T19:29:46.824+0000] {processor.py:186} INFO - Started process (PID=309) to work on /home/airflow/.local/lib/python3.12/site-packages/airflow/example_dags/example_python_decorator.py
[2025-11-17T19:29:46.825+0000] {processor.py:914} INFO - Processing file /home/airflow/.local/lib/python3.12/site-packages/airflow/example_dags/example_python_decorator.py for tasks to queue
[2025-11-17T19:29:46.827+0000] {logging_mixin.py:190} INFO - [2025-11-17T19:29:46.827+0000] {dagbag.py:588} INFO - Filling up the DagBag from /home/airflow/.local/lib/python3.12/site-packages/airflow/example_dags/example_python_decorator.py
[2025-11-17T19:29:46.838+0000] {processor.py:925} INFO - DAG(s) 'example_python_decorator' retrieved from /home/airflow/.local/lib/python3.12/site-packages/airflow/example_dags/example_python_decorator.py
[2025-11-17T19:29:46.855+0000] {logging_mixin.py:190} INFO - [2025-11-17T19:29:46.855+0000] {dag.py:3239} INFO - Sync 1 DAGs
[2025-11-17T19:29:46.864+0000] {logging_mixin.py:190} INFO - [2025-11-17T19:29:46.864+0000] {dag.py:4180} INFO - Setting next_dagrun for example_python_decorator to None, run_after=None
[2025-11-17T19:29:46.877+0000] {processor.py:208} INFO - Processing /home/airflow/.local/lib/python3.12/site-packages/airflow/example_dags/example_python_decorator.py took 0.058 seconds
[2025-11-17T19:30:17.819+0000] {processor.py:186} INFO - Started process (PID=375) to work on /home/airflow/.local/lib/python3.12/site-packages/airflow/example_dags/example_python_decorator.py
[2025-11-17T19:30:17.820+0000] {processor.py:914} INFO - Processing file /home/airflow/.local/lib/python3.12/site-packages/airflow/example_dags/example_python_decorator.py for tasks to queue
[2025-11-17T19:30:17.821+0000] {logging_mixin.py:190} INFO - [2025-11-17T19:30:17.821+0000] {dagbag.py:588} INFO - Filling up the DagBag from /home/airflow/.local/lib/python3.12/site-packages/airflow/example_dags/example_python_decorator.py
[2025-11-17T19:30:17.831+0000] {processor.py:925} INFO - DAG(s) 'example_python_decorator' retrieved from /home/airflow/.local/lib/python3.12/site-packages/airflow/example_dags/example_python_decorator.py
[2025-11-17T19:30:17.846+0000] {logging_mixin.py:190} INFO - [2025-11-17T19:30:17.846+0000] {dag.py:3239} INFO - Sync 1 DAGs
[2025-11-17T19:30:17.855+0000] {logging_mixin.py:190} INFO - [2025-11-17T19:30:17.855+0000] {dag.py:4180} INFO - Setting next_dagrun for example_python_decorator to None, run_after=None
[2025-11-17T19:30:17.866+0000] {processor.py:208} INFO - Processing /home/airflow/.local/lib/python3.12/site-packages/airflow/example_dags/example_python_decorator.py took 0.051 seconds
[2025-11-17T19:30:48.295+0000] {processor.py:186} INFO - Started process (PID=441) to work on /home/airflow/.local/lib/python3.12/site-packages/airflow/example_dags/example_python_decorator.py
[2025-11-17T19:30:48.296+0000] {processor.py:914} INFO - Processing file /home/airflow/.local/lib/python3.12/site-packages/airflow/example_dags/example_python_decorator.py for tasks to queue
[2025-11-17T19:30:48.298+0000] {logging_mixin.py:190} INFO - [2025-11-17T19:30:48.298+0000] {dagbag.py:588} INFO - Filling up the DagBag from /home/airflow/.local/lib/python3.12/site-packages/airflow/example_dags/example_python_decorator.py
[2025-11-17T19:30:48.309+0000] {processor.py:925} INFO - DAG(s) 'example_python_decorator' retrieved from /home/airflow/.local/lib/python3.12/site-packages/airflow/example_dags/example_python_decorator.py
[2025-11-17T19:30:48.324+0000] {logging_mixin.py:190} INFO - [2025-11-17T19:30:48.324+0000] {dag.py:3239} INFO - Sync 1 DAGs
[2025-11-17T19:30:48.334+0000] {logging_mixin.py:190} INFO - [2025-11-17T19:30:48.334+0000] {dag.py:4180} INFO - Setting next_dagrun for example_python_decorator to None, run_after=None
[2025-11-17T19:30:48.347+0000] {processor.py:208} INFO - Processing /home/airflow/.local/lib/python3.12/site-packages/airflow/example_dags/example_python_decorator.py took 0.057 seconds
[2025-11-17T19:31:18.861+0000] {processor.py:186} INFO - Started process (PID=508) to work on /home/airflow/.local/lib/python3.12/site-packages/airflow/example_dags/example_python_decorator.py
[2025-11-17T19:31:18.864+0000] {processor.py:914} INFO - Processing file /home/airflow/.local/lib/python3.12/site-packages/airflow/example_dags/example_python_decorator.py for tasks to queue
[2025-11-17T19:31:18.867+0000] {logging_mixin.py:190} INFO - [2025-11-17T19:31:18.866+0000] {dagbag.py:588} INFO - Filling up the DagBag from /home/airflow/.local/lib/python3.12/site-packages/airflow/example_dags/example_python_decorator.py
[2025-11-17T19:31:18.879+0000] {processor.py:925} INFO - DAG(s) 'example_python_decorator' retrieved from /home/airflow/.local/lib/python3.12/site-packages/airflow/example_dags/example_python_decorator.py
[2025-11-17T19:31:18.898+0000] {logging_mixin.py:190} INFO - [2025-11-17T19:31:18.898+0000] {dag.py:3239} INFO - Sync 1 DAGs
[2025-11-17T19:31:18.908+0000] {logging_mixin.py:190} INFO - [2025-11-17T19:31:18.908+0000] {dag.py:4180} INFO - Setting next_dagrun for example_python_decorator to None, run_after=None
[2025-11-17T19:31:18.923+0000] {processor.py:208} INFO - Processing /home/airflow/.local/lib/python3.12/site-packages/airflow/example_dags/example_python_decorator.py took 0.068 seconds
[2025-11-17T19:31:49.297+0000] {processor.py:186} INFO - Started process (PID=574) to work on /home/airflow/.local/lib/python3.12/site-packages/airflow/example_dags/example_python_decorator.py
[2025-11-17T19:31:49.298+0000] {processor.py:914} INFO - Processing file /home/airflow/.local/lib/python3.12/site-packages/airflow/example_dags/example_python_decorator.py for tasks to queue
[2025-11-17T19:31:49.300+0000] {logging_mixin.py:190} INFO - [2025-11-17T19:31:49.300+0000] {dagbag.py:588} INFO - Filling up the DagBag from /home/airflow/.local/lib/python3.12/site-packages/airflow/example_dags/example_python_decorator.py
[2025-11-17T19:31:49.311+0000] {processor.py:925} INFO - DAG(s) 'example_python_decorator' retrieved from /home/airflow/.local/lib/python3.12/site-packages/airflow/example_dags/example_python_decorator.py
[2025-11-17T19:31:49.328+0000] {logging_mixin.py:190} INFO - [2025-11-17T19:31:49.328+0000] {dag.py:3239} INFO - Sync 1 DAGs
[2025-11-17T19:31:49.339+0000] {logging_mixin.py:190} INFO - [2025-11-17T19:31:49.339+0000] {dag.py:4180} INFO - Setting next_dagrun for example_python_decorator to None, run_after=None
[2025-11-17T19:31:49.353+0000] {processor.py:208} INFO - Processing /home/airflow/.local/lib/python3.12/site-packages/airflow/example_dags/example_python_decorator.py took 0.060 seconds
[2025-11-17T19:32:21.158+0000] {processor.py:186} INFO - Started process (PID=640) to work on /home/airflow/.local/lib/python3.12/site-packages/airflow/example_dags/example_python_decorator.py
[2025-11-17T19:32:21.159+0000] {processor.py:914} INFO - Processing file /home/airflow/.local/lib/python3.12/site-packages/airflow/example_dags/example_python_decorator.py for tasks to queue
[2025-11-17T19:32:21.160+0000] {logging_mixin.py:190} INFO - [2025-11-17T19:32:21.160+0000] {dagbag.py:588} INFO - Filling up the DagBag from /home/airflow/.local/lib/python3.12/site-packages/airflow/example_dags/example_python_decorator.py
[2025-11-17T19:32:21.170+0000] {processor.py:925} INFO - DAG(s) 'example_python_decorator' retrieved from /home/airflow/.local/lib/python3.12/site-packages/airflow/example_dags/example_python_decorator.py
[2025-11-17T19:32:21.184+0000] {logging_mixin.py:190} INFO - [2025-11-17T19:32:21.183+0000] {dag.py:3239} INFO - Sync 1 DAGs
[2025-11-17T19:32:21.192+0000] {logging_mixin.py:190} INFO - [2025-11-17T19:32:21.192+0000] {dag.py:4180} INFO - Setting next_dagrun for example_python_decorator to None, run_after=None
[2025-11-17T19:32:21.205+0000] {processor.py:208} INFO - Processing /home/airflow/.local/lib/python3.12/site-packages/airflow/example_dags/example_python_decorator.py took 0.051 seconds
[2025-11-17T19:32:52.134+0000] {processor.py:186} INFO - Started process (PID=706) to work on /home/airflow/.local/lib/python3.12/site-packages/airflow/example_dags/example_python_decorator.py
[2025-11-17T19:32:52.135+0000] {processor.py:914} INFO - Processing file /home/airflow/.local/lib/python3.12/site-packages/airflow/example_dags/example_python_decorator.py for tasks to queue
[2025-11-17T19:32:52.137+0000] {logging_mixin.py:190} INFO - [2025-11-17T19:32:52.137+0000] {dagbag.py:588} INFO - Filling up the DagBag from /home/airflow/.local/lib/python3.12/site-packages/airflow/example_dags/example_python_decorator.py
[2025-11-17T19:32:52.147+0000] {processor.py:925} INFO - DAG(s) 'example_python_decorator' retrieved from /home/airflow/.local/lib/python3.12/site-packages/airflow/example_dags/example_python_decorator.py
[2025-11-17T19:32:52.162+0000] {logging_mixin.py:190} INFO - [2025-11-17T19:32:52.162+0000] {dag.py:3239} INFO - Sync 1 DAGs
[2025-11-17T19:32:52.172+0000] {logging_mixin.py:190} INFO - [2025-11-17T19:32:52.172+0000] {dag.py:4180} INFO - Setting next_dagrun for example_python_decorator to None, run_after=None
[2025-11-17T19:32:52.184+0000] {processor.py:208} INFO - Processing /home/airflow/.local/lib/python3.12/site-packages/airflow/example_dags/example_python_decorator.py took 0.054 seconds
[2025-11-17T19:33:22.982+0000] {processor.py:186} INFO - Started process (PID=772) to work on /home/airflow/.local/lib/python3.12/site-packages/airflow/example_dags/example_python_decorator.py
[2025-11-17T19:33:22.983+0000] {processor.py:914} INFO - Processing file /home/airflow/.local/lib/python3.12/site-packages/airflow/example_dags/example_python_decorator.py for tasks to queue
[2025-11-17T19:33:22.985+0000] {logging_mixin.py:190} INFO - [2025-11-17T19:33:22.985+0000] {dagbag.py:588} INFO - Filling up the DagBag from /home/airflow/.local/lib/python3.12/site-packages/airflow/example_dags/example_python_decorator.py
[2025-11-17T19:33:22.995+0000] {processor.py:925} INFO - DAG(s) 'example_python_decorator' retrieved from /home/airflow/.local/lib/python3.12/site-packages/airflow/example_dags/example_python_decorator.py
[2025-11-17T19:33:23.010+0000] {logging_mixin.py:190} INFO - [2025-11-17T19:33:23.010+0000] {dag.py:3239} INFO - Sync 1 DAGs
[2025-11-17T19:33:23.020+0000] {logging_mixin.py:190} INFO - [2025-11-17T19:33:23.020+0000] {dag.py:4180} INFO - Setting next_dagrun for example_python_decorator to None, run_after=None
[2025-11-17T19:33:23.032+0000] {processor.py:208} INFO - Processing /home/airflow/.local/lib/python3.12/site-packages/airflow/example_dags/example_python_decorator.py took 0.054 seconds
[2025-11-17T19:33:56.767+0000] {processor.py:186} INFO - Started process (PID=110) to work on /home/airflow/.local/lib/python3.12/site-packages/airflow/example_dags/example_python_decorator.py
[2025-11-17T19:33:56.767+0000] {processor.py:914} INFO - Processing file /home/airflow/.local/lib/python3.12/site-packages/airflow/example_dags/example_python_decorator.py for tasks to queue
[2025-11-17T19:33:56.769+0000] {logging_mixin.py:190} INFO - [2025-11-17T19:33:56.769+0000] {dagbag.py:588} INFO - Filling up the DagBag from /home/airflow/.local/lib/python3.12/site-packages/airflow/example_dags/example_python_decorator.py
[2025-11-17T19:33:56.780+0000] {processor.py:925} INFO - DAG(s) 'example_python_decorator' retrieved from /home/airflow/.local/lib/python3.12/site-packages/airflow/example_dags/example_python_decorator.py
[2025-11-17T19:33:56.852+0000] {logging_mixin.py:190} INFO - [2025-11-17T19:33:56.851+0000] {dag.py:3239} INFO - Sync 1 DAGs
[2025-11-17T19:33:56.859+0000] {logging_mixin.py:190} INFO - [2025-11-17T19:33:56.859+0000] {dag.py:4180} INFO - Setting next_dagrun for example_python_decorator to None, run_after=None
[2025-11-17T19:33:56.876+0000] {processor.py:208} INFO - Processing /home/airflow/.local/lib/python3.12/site-packages/airflow/example_dags/example_python_decorator.py took 0.114 seconds
[2025-11-17T19:34:27.056+0000] {processor.py:186} INFO - Started process (PID=176) to work on /home/airflow/.local/lib/python3.12/site-packages/airflow/example_dags/example_python_decorator.py
[2025-11-17T19:34:27.057+0000] {processor.py:914} INFO - Processing file /home/airflow/.local/lib/python3.12/site-packages/airflow/example_dags/example_python_decorator.py for tasks to queue
[2025-11-17T19:34:27.059+0000] {logging_mixin.py:190} INFO - [2025-11-17T19:34:27.058+0000] {dagbag.py:588} INFO - Filling up the DagBag from /home/airflow/.local/lib/python3.12/site-packages/airflow/example_dags/example_python_decorator.py
[2025-11-17T19:34:27.068+0000] {processor.py:925} INFO - DAG(s) 'example_python_decorator' retrieved from /home/airflow/.local/lib/python3.12/site-packages/airflow/example_dags/example_python_decorator.py
[2025-11-17T19:34:27.082+0000] {logging_mixin.py:190} INFO - [2025-11-17T19:34:27.082+0000] {dag.py:3239} INFO - Sync 1 DAGs
[2025-11-17T19:34:27.091+0000] {logging_mixin.py:190} INFO - [2025-11-17T19:34:27.091+0000] {dag.py:4180} INFO - Setting next_dagrun for example_python_decorator to None, run_after=None
[2025-11-17T19:34:27.103+0000] {processor.py:208} INFO - Processing /home/airflow/.local/lib/python3.12/site-packages/airflow/example_dags/example_python_decorator.py took 0.050 seconds
[2025-11-17T19:34:57.557+0000] {processor.py:186} INFO - Started process (PID=242) to work on /home/airflow/.local/lib/python3.12/site-packages/airflow/example_dags/example_python_decorator.py
[2025-11-17T19:34:57.558+0000] {processor.py:914} INFO - Processing file /home/airflow/.local/lib/python3.12/site-packages/airflow/example_dags/example_python_decorator.py for tasks to queue
[2025-11-17T19:34:57.560+0000] {logging_mixin.py:190} INFO - [2025-11-17T19:34:57.559+0000] {dagbag.py:588} INFO - Filling up the DagBag from /home/airflow/.local/lib/python3.12/site-packages/airflow/example_dags/example_python_decorator.py
[2025-11-17T19:34:57.572+0000] {processor.py:925} INFO - DAG(s) 'example_python_decorator' retrieved from /home/airflow/.local/lib/python3.12/site-packages/airflow/example_dags/example_python_decorator.py
[2025-11-17T19:34:57.591+0000] {logging_mixin.py:190} INFO - [2025-11-17T19:34:57.591+0000] {dag.py:3239} INFO - Sync 1 DAGs
[2025-11-17T19:34:57.602+0000] {logging_mixin.py:190} INFO - [2025-11-17T19:34:57.602+0000] {dag.py:4180} INFO - Setting next_dagrun for example_python_decorator to None, run_after=None
[2025-11-17T19:34:57.618+0000] {processor.py:208} INFO - Processing /home/airflow/.local/lib/python3.12/site-packages/airflow/example_dags/example_python_decorator.py took 0.065 seconds
[2025-11-17T19:35:28.169+0000] {processor.py:186} INFO - Started process (PID=307) to work on /home/airflow/.local/lib/python3.12/site-packages/airflow/example_dags/example_python_decorator.py
[2025-11-17T19:35:28.170+0000] {processor.py:914} INFO - Processing file /home/airflow/.local/lib/python3.12/site-packages/airflow/example_dags/example_python_decorator.py for tasks to queue
[2025-11-17T19:35:28.172+0000] {logging_mixin.py:190} INFO - [2025-11-17T19:35:28.171+0000] {dagbag.py:588} INFO - Filling up the DagBag from /home/airflow/.local/lib/python3.12/site-packages/airflow/example_dags/example_python_decorator.py
[2025-11-17T19:35:28.182+0000] {processor.py:925} INFO - DAG(s) 'example_python_decorator' retrieved from /home/airflow/.local/lib/python3.12/site-packages/airflow/example_dags/example_python_decorator.py
[2025-11-17T19:35:28.197+0000] {logging_mixin.py:190} INFO - [2025-11-17T19:35:28.197+0000] {dag.py:3239} INFO - Sync 1 DAGs
[2025-11-17T19:35:28.206+0000] {logging_mixin.py:190} INFO - [2025-11-17T19:35:28.206+0000] {dag.py:4180} INFO - Setting next_dagrun for example_python_decorator to None, run_after=None
[2025-11-17T19:35:28.219+0000] {processor.py:208} INFO - Processing /home/airflow/.local/lib/python3.12/site-packages/airflow/example_dags/example_python_decorator.py took 0.054 seconds
[2025-11-17T19:35:58.875+0000] {processor.py:186} INFO - Started process (PID=373) to work on /home/airflow/.local/lib/python3.12/site-packages/airflow/example_dags/example_python_decorator.py
[2025-11-17T19:35:58.876+0000] {processor.py:914} INFO - Processing file /home/airflow/.local/lib/python3.12/site-packages/airflow/example_dags/example_python_decorator.py for tasks to queue
[2025-11-17T19:35:58.878+0000] {logging_mixin.py:190} INFO - [2025-11-17T19:35:58.878+0000] {dagbag.py:588} INFO - Filling up the DagBag from /home/airflow/.local/lib/python3.12/site-packages/airflow/example_dags/example_python_decorator.py
[2025-11-17T19:35:58.889+0000] {processor.py:925} INFO - DAG(s) 'example_python_decorator' retrieved from /home/airflow/.local/lib/python3.12/site-packages/airflow/example_dags/example_python_decorator.py
[2025-11-17T19:35:58.905+0000] {logging_mixin.py:190} INFO - [2025-11-17T19:35:58.905+0000] {dag.py:3239} INFO - Sync 1 DAGs
[2025-11-17T19:35:58.915+0000] {logging_mixin.py:190} INFO - [2025-11-17T19:35:58.914+0000] {dag.py:4180} INFO - Setting next_dagrun for example_python_decorator to None, run_after=None
[2025-11-17T19:35:58.928+0000] {processor.py:208} INFO - Processing /home/airflow/.local/lib/python3.12/site-packages/airflow/example_dags/example_python_decorator.py took 0.058 seconds
[2025-11-17T19:36:29.606+0000] {processor.py:186} INFO - Started process (PID=439) to work on /home/airflow/.local/lib/python3.12/site-packages/airflow/example_dags/example_python_decorator.py
[2025-11-17T19:36:29.607+0000] {processor.py:914} INFO - Processing file /home/airflow/.local/lib/python3.12/site-packages/airflow/example_dags/example_python_decorator.py for tasks to queue
[2025-11-17T19:36:29.608+0000] {logging_mixin.py:190} INFO - [2025-11-17T19:36:29.608+0000] {dagbag.py:588} INFO - Filling up the DagBag from /home/airflow/.local/lib/python3.12/site-packages/airflow/example_dags/example_python_decorator.py
[2025-11-17T19:36:29.620+0000] {processor.py:925} INFO - DAG(s) 'example_python_decorator' retrieved from /home/airflow/.local/lib/python3.12/site-packages/airflow/example_dags/example_python_decorator.py
[2025-11-17T19:36:29.638+0000] {logging_mixin.py:190} INFO - [2025-11-17T19:36:29.638+0000] {dag.py:3239} INFO - Sync 1 DAGs
[2025-11-17T19:36:29.648+0000] {logging_mixin.py:190} INFO - [2025-11-17T19:36:29.648+0000] {dag.py:4180} INFO - Setting next_dagrun for example_python_decorator to None, run_after=None
[2025-11-17T19:36:29.663+0000] {processor.py:208} INFO - Processing /home/airflow/.local/lib/python3.12/site-packages/airflow/example_dags/example_python_decorator.py took 0.062 seconds
[2025-11-17T19:37:00.712+0000] {processor.py:186} INFO - Started process (PID=509) to work on /home/airflow/.local/lib/python3.12/site-packages/airflow/example_dags/example_python_decorator.py
[2025-11-17T19:37:00.714+0000] {processor.py:914} INFO - Processing file /home/airflow/.local/lib/python3.12/site-packages/airflow/example_dags/example_python_decorator.py for tasks to queue
[2025-11-17T19:37:00.716+0000] {logging_mixin.py:190} INFO - [2025-11-17T19:37:00.716+0000] {dagbag.py:588} INFO - Filling up the DagBag from /home/airflow/.local/lib/python3.12/site-packages/airflow/example_dags/example_python_decorator.py
[2025-11-17T19:37:00.727+0000] {processor.py:925} INFO - DAG(s) 'example_python_decorator' retrieved from /home/airflow/.local/lib/python3.12/site-packages/airflow/example_dags/example_python_decorator.py
[2025-11-17T19:37:00.745+0000] {logging_mixin.py:190} INFO - [2025-11-17T19:37:00.745+0000] {dag.py:3239} INFO - Sync 1 DAGs
[2025-11-17T19:37:00.757+0000] {logging_mixin.py:190} INFO - [2025-11-17T19:37:00.756+0000] {dag.py:4180} INFO - Setting next_dagrun for example_python_decorator to None, run_after=None
[2025-11-17T19:37:00.773+0000] {processor.py:208} INFO - Processing /home/airflow/.local/lib/python3.12/site-packages/airflow/example_dags/example_python_decorator.py took 0.065 seconds
[2025-11-17T19:37:31.528+0000] {processor.py:186} INFO - Started process (PID=575) to work on /home/airflow/.local/lib/python3.12/site-packages/airflow/example_dags/example_python_decorator.py
[2025-11-17T19:37:31.529+0000] {processor.py:914} INFO - Processing file /home/airflow/.local/lib/python3.12/site-packages/airflow/example_dags/example_python_decorator.py for tasks to queue
[2025-11-17T19:37:31.531+0000] {logging_mixin.py:190} INFO - [2025-11-17T19:37:31.530+0000] {dagbag.py:588} INFO - Filling up the DagBag from /home/airflow/.local/lib/python3.12/site-packages/airflow/example_dags/example_python_decorator.py
[2025-11-17T19:37:31.540+0000] {processor.py:925} INFO - DAG(s) 'example_python_decorator' retrieved from /home/airflow/.local/lib/python3.12/site-packages/airflow/example_dags/example_python_decorator.py
[2025-11-17T19:37:31.554+0000] {logging_mixin.py:190} INFO - [2025-11-17T19:37:31.554+0000] {dag.py:3239} INFO - Sync 1 DAGs
[2025-11-17T19:37:31.564+0000] {logging_mixin.py:190} INFO - [2025-11-17T19:37:31.564+0000] {dag.py:4180} INFO - Setting next_dagrun for example_python_decorator to None, run_after=None
[2025-11-17T19:37:31.577+0000] {processor.py:208} INFO - Processing /home/airflow/.local/lib/python3.12/site-packages/airflow/example_dags/example_python_decorator.py took 0.054 seconds
[2025-11-17T19:38:02.025+0000] {processor.py:186} INFO - Started process (PID=641) to work on /home/airflow/.local/lib/python3.12/site-packages/airflow/example_dags/example_python_decorator.py
[2025-11-17T19:38:02.026+0000] {processor.py:914} INFO - Processing file /home/airflow/.local/lib/python3.12/site-packages/airflow/example_dags/example_python_decorator.py for tasks to queue
[2025-11-17T19:38:02.028+0000] {logging_mixin.py:190} INFO - [2025-11-17T19:38:02.028+0000] {dagbag.py:588} INFO - Filling up the DagBag from /home/airflow/.local/lib/python3.12/site-packages/airflow/example_dags/example_python_decorator.py
[2025-11-17T19:38:02.041+0000] {processor.py:925} INFO - DAG(s) 'example_python_decorator' retrieved from /home/airflow/.local/lib/python3.12/site-packages/airflow/example_dags/example_python_decorator.py
[2025-11-17T19:38:02.058+0000] {logging_mixin.py:190} INFO - [2025-11-17T19:38:02.058+0000] {dag.py:3239} INFO - Sync 1 DAGs
[2025-11-17T19:38:02.069+0000] {logging_mixin.py:190} INFO - [2025-11-17T19:38:02.069+0000] {dag.py:4180} INFO - Setting next_dagrun for example_python_decorator to None, run_after=None
[2025-11-17T19:38:02.085+0000] {processor.py:208} INFO - Processing /home/airflow/.local/lib/python3.12/site-packages/airflow/example_dags/example_python_decorator.py took 0.065 seconds
[2025-11-17T19:38:33.131+0000] {processor.py:186} INFO - Started process (PID=707) to work on /home/airflow/.local/lib/python3.12/site-packages/airflow/example_dags/example_python_decorator.py
[2025-11-17T19:38:33.132+0000] {processor.py:914} INFO - Processing file /home/airflow/.local/lib/python3.12/site-packages/airflow/example_dags/example_python_decorator.py for tasks to queue
[2025-11-17T19:38:33.134+0000] {logging_mixin.py:190} INFO - [2025-11-17T19:38:33.134+0000] {dagbag.py:588} INFO - Filling up the DagBag from /home/airflow/.local/lib/python3.12/site-packages/airflow/example_dags/example_python_decorator.py
[2025-11-17T19:38:33.145+0000] {processor.py:925} INFO - DAG(s) 'example_python_decorator' retrieved from /home/airflow/.local/lib/python3.12/site-packages/airflow/example_dags/example_python_decorator.py
[2025-11-17T19:38:33.162+0000] {logging_mixin.py:190} INFO - [2025-11-17T19:38:33.162+0000] {dag.py:3239} INFO - Sync 1 DAGs
[2025-11-17T19:38:33.172+0000] {logging_mixin.py:190} INFO - [2025-11-17T19:38:33.172+0000] {dag.py:4180} INFO - Setting next_dagrun for example_python_decorator to None, run_after=None
[2025-11-17T19:38:33.187+0000] {processor.py:208} INFO - Processing /home/airflow/.local/lib/python3.12/site-packages/airflow/example_dags/example_python_decorator.py took 0.060 seconds
[2025-11-17T19:39:04.203+0000] {processor.py:186} INFO - Started process (PID=774) to work on /home/airflow/.local/lib/python3.12/site-packages/airflow/example_dags/example_python_decorator.py
[2025-11-17T19:39:04.204+0000] {processor.py:914} INFO - Processing file /home/airflow/.local/lib/python3.12/site-packages/airflow/example_dags/example_python_decorator.py for tasks to queue
[2025-11-17T19:39:04.206+0000] {logging_mixin.py:190} INFO - [2025-11-17T19:39:04.206+0000] {dagbag.py:588} INFO - Filling up the DagBag from /home/airflow/.local/lib/python3.12/site-packages/airflow/example_dags/example_python_decorator.py
[2025-11-17T19:39:04.218+0000] {processor.py:925} INFO - DAG(s) 'example_python_decorator' retrieved from /home/airflow/.local/lib/python3.12/site-packages/airflow/example_dags/example_python_decorator.py
[2025-11-17T19:39:04.233+0000] {logging_mixin.py:190} INFO - [2025-11-17T19:39:04.233+0000] {dag.py:3239} INFO - Sync 1 DAGs
[2025-11-17T19:39:04.244+0000] {logging_mixin.py:190} INFO - [2025-11-17T19:39:04.244+0000] {dag.py:4180} INFO - Setting next_dagrun for example_python_decorator to None, run_after=None
[2025-11-17T19:39:04.258+0000] {processor.py:208} INFO - Processing /home/airflow/.local/lib/python3.12/site-packages/airflow/example_dags/example_python_decorator.py took 0.060 seconds
[2025-11-17T19:39:34.972+0000] {processor.py:186} INFO - Started process (PID=840) to work on /home/airflow/.local/lib/python3.12/site-packages/airflow/example_dags/example_python_decorator.py
[2025-11-17T19:39:34.973+0000] {processor.py:914} INFO - Processing file /home/airflow/.local/lib/python3.12/site-packages/airflow/example_dags/example_python_decorator.py for tasks to queue
[2025-11-17T19:39:34.975+0000] {logging_mixin.py:190} INFO - [2025-11-17T19:39:34.975+0000] {dagbag.py:588} INFO - Filling up the DagBag from /home/airflow/.local/lib/python3.12/site-packages/airflow/example_dags/example_python_decorator.py
[2025-11-17T19:39:34.985+0000] {processor.py:925} INFO - DAG(s) 'example_python_decorator' retrieved from /home/airflow/.local/lib/python3.12/site-packages/airflow/example_dags/example_python_decorator.py
[2025-11-17T19:39:35.001+0000] {logging_mixin.py:190} INFO - [2025-11-17T19:39:35.001+0000] {dag.py:3239} INFO - Sync 1 DAGs
[2025-11-17T19:39:35.010+0000] {logging_mixin.py:190} INFO - [2025-11-17T19:39:35.010+0000] {dag.py:4180} INFO - Setting next_dagrun for example_python_decorator to None, run_after=None
[2025-11-17T19:39:35.022+0000] {processor.py:208} INFO - Processing /home/airflow/.local/lib/python3.12/site-packages/airflow/example_dags/example_python_decorator.py took 0.055 seconds
[2025-11-17T19:40:05.943+0000] {processor.py:186} INFO - Started process (PID=906) to work on /home/airflow/.local/lib/python3.12/site-packages/airflow/example_dags/example_python_decorator.py
[2025-11-17T19:40:05.945+0000] {processor.py:914} INFO - Processing file /home/airflow/.local/lib/python3.12/site-packages/airflow/example_dags/example_python_decorator.py for tasks to queue
[2025-11-17T19:40:05.947+0000] {logging_mixin.py:190} INFO - [2025-11-17T19:40:05.946+0000] {dagbag.py:588} INFO - Filling up the DagBag from /home/airflow/.local/lib/python3.12/site-packages/airflow/example_dags/example_python_decorator.py
[2025-11-17T19:40:05.957+0000] {processor.py:925} INFO - DAG(s) 'example_python_decorator' retrieved from /home/airflow/.local/lib/python3.12/site-packages/airflow/example_dags/example_python_decorator.py
[2025-11-17T19:40:05.971+0000] {logging_mixin.py:190} INFO - [2025-11-17T19:40:05.971+0000] {dag.py:3239} INFO - Sync 1 DAGs
[2025-11-17T19:40:05.981+0000] {logging_mixin.py:190} INFO - [2025-11-17T19:40:05.981+0000] {dag.py:4180} INFO - Setting next_dagrun for example_python_decorator to None, run_after=None
[2025-11-17T19:40:05.994+0000] {processor.py:208} INFO - Processing /home/airflow/.local/lib/python3.12/site-packages/airflow/example_dags/example_python_decorator.py took 0.055 seconds
[2025-11-17T19:40:37.382+0000] {processor.py:186} INFO - Started process (PID=972) to work on /home/airflow/.local/lib/python3.12/site-packages/airflow/example_dags/example_python_decorator.py
[2025-11-17T19:40:37.383+0000] {processor.py:914} INFO - Processing file /home/airflow/.local/lib/python3.12/site-packages/airflow/example_dags/example_python_decorator.py for tasks to queue
[2025-11-17T19:40:37.385+0000] {logging_mixin.py:190} INFO - [2025-11-17T19:40:37.385+0000] {dagbag.py:588} INFO - Filling up the DagBag from /home/airflow/.local/lib/python3.12/site-packages/airflow/example_dags/example_python_decorator.py
[2025-11-17T19:40:37.396+0000] {processor.py:925} INFO - DAG(s) 'example_python_decorator' retrieved from /home/airflow/.local/lib/python3.12/site-packages/airflow/example_dags/example_python_decorator.py
[2025-11-17T19:40:37.411+0000] {logging_mixin.py:190} INFO - [2025-11-17T19:40:37.411+0000] {dag.py:3239} INFO - Sync 1 DAGs
[2025-11-17T19:40:37.424+0000] {logging_mixin.py:190} INFO - [2025-11-17T19:40:37.424+0000] {dag.py:4180} INFO - Setting next_dagrun for example_python_decorator to None, run_after=None
[2025-11-17T19:40:37.439+0000] {processor.py:208} INFO - Processing /home/airflow/.local/lib/python3.12/site-packages/airflow/example_dags/example_python_decorator.py took 0.062 seconds
[2025-11-17T19:41:08.304+0000] {processor.py:186} INFO - Started process (PID=1038) to work on /home/airflow/.local/lib/python3.12/site-packages/airflow/example_dags/example_python_decorator.py
[2025-11-17T19:41:08.305+0000] {processor.py:914} INFO - Processing file /home/airflow/.local/lib/python3.12/site-packages/airflow/example_dags/example_python_decorator.py for tasks to queue
[2025-11-17T19:41:08.307+0000] {logging_mixin.py:190} INFO - [2025-11-17T19:41:08.307+0000] {dagbag.py:588} INFO - Filling up the DagBag from /home/airflow/.local/lib/python3.12/site-packages/airflow/example_dags/example_python_decorator.py
[2025-11-17T19:41:08.317+0000] {processor.py:925} INFO - DAG(s) 'example_python_decorator' retrieved from /home/airflow/.local/lib/python3.12/site-packages/airflow/example_dags/example_python_decorator.py
[2025-11-17T19:41:08.331+0000] {logging_mixin.py:190} INFO - [2025-11-17T19:41:08.331+0000] {dag.py:3239} INFO - Sync 1 DAGs
[2025-11-17T19:41:08.340+0000] {logging_mixin.py:190} INFO - [2025-11-17T19:41:08.340+0000] {dag.py:4180} INFO - Setting next_dagrun for example_python_decorator to None, run_after=None
[2025-11-17T19:41:08.352+0000] {processor.py:208} INFO - Processing /home/airflow/.local/lib/python3.12/site-packages/airflow/example_dags/example_python_decorator.py took 0.052 seconds
[2025-11-17T19:41:39.659+0000] {processor.py:186} INFO - Started process (PID=1106) to work on /home/airflow/.local/lib/python3.12/site-packages/airflow/example_dags/example_python_decorator.py
[2025-11-17T19:41:39.660+0000] {processor.py:914} INFO - Processing file /home/airflow/.local/lib/python3.12/site-packages/airflow/example_dags/example_python_decorator.py for tasks to queue
[2025-11-17T19:41:39.662+0000] {logging_mixin.py:190} INFO - [2025-11-17T19:41:39.662+0000] {dagbag.py:588} INFO - Filling up the DagBag from /home/airflow/.local/lib/python3.12/site-packages/airflow/example_dags/example_python_decorator.py
[2025-11-17T19:41:39.672+0000] {processor.py:925} INFO - DAG(s) 'example_python_decorator' retrieved from /home/airflow/.local/lib/python3.12/site-packages/airflow/example_dags/example_python_decorator.py
[2025-11-17T19:41:39.689+0000] {logging_mixin.py:190} INFO - [2025-11-17T19:41:39.689+0000] {dag.py:3239} INFO - Sync 1 DAGs
[2025-11-17T19:41:39.699+0000] {logging_mixin.py:190} INFO - [2025-11-17T19:41:39.699+0000] {dag.py:4180} INFO - Setting next_dagrun for example_python_decorator to None, run_after=None
[2025-11-17T19:41:39.713+0000] {processor.py:208} INFO - Processing /home/airflow/.local/lib/python3.12/site-packages/airflow/example_dags/example_python_decorator.py took 0.059 seconds
[2025-11-17T19:42:10.083+0000] {processor.py:186} INFO - Started process (PID=1171) to work on /home/airflow/.local/lib/python3.12/site-packages/airflow/example_dags/example_python_decorator.py
[2025-11-17T19:42:10.083+0000] {processor.py:914} INFO - Processing file /home/airflow/.local/lib/python3.12/site-packages/airflow/example_dags/example_python_decorator.py for tasks to queue
[2025-11-17T19:42:10.085+0000] {logging_mixin.py:190} INFO - [2025-11-17T19:42:10.085+0000] {dagbag.py:588} INFO - Filling up the DagBag from /home/airflow/.local/lib/python3.12/site-packages/airflow/example_dags/example_python_decorator.py
[2025-11-17T19:42:10.095+0000] {processor.py:925} INFO - DAG(s) 'example_python_decorator' retrieved from /home/airflow/.local/lib/python3.12/site-packages/airflow/example_dags/example_python_decorator.py
[2025-11-17T19:42:10.110+0000] {logging_mixin.py:190} INFO - [2025-11-17T19:42:10.110+0000] {dag.py:3239} INFO - Sync 1 DAGs
[2025-11-17T19:42:10.119+0000] {logging_mixin.py:190} INFO - [2025-11-17T19:42:10.119+0000] {dag.py:4180} INFO - Setting next_dagrun for example_python_decorator to None, run_after=None
[2025-11-17T19:42:10.131+0000] {processor.py:208} INFO - Processing /home/airflow/.local/lib/python3.12/site-packages/airflow/example_dags/example_python_decorator.py took 0.053 seconds
[2025-11-17T19:42:40.955+0000] {processor.py:186} INFO - Started process (PID=1237) to work on /home/airflow/.local/lib/python3.12/site-packages/airflow/example_dags/example_python_decorator.py
[2025-11-17T19:42:40.956+0000] {processor.py:914} INFO - Processing file /home/airflow/.local/lib/python3.12/site-packages/airflow/example_dags/example_python_decorator.py for tasks to queue
[2025-11-17T19:42:40.958+0000] {logging_mixin.py:190} INFO - [2025-11-17T19:42:40.958+0000] {dagbag.py:588} INFO - Filling up the DagBag from /home/airflow/.local/lib/python3.12/site-packages/airflow/example_dags/example_python_decorator.py
[2025-11-17T19:42:40.970+0000] {processor.py:925} INFO - DAG(s) 'example_python_decorator' retrieved from /home/airflow/.local/lib/python3.12/site-packages/airflow/example_dags/example_python_decorator.py
[2025-11-17T19:42:40.986+0000] {logging_mixin.py:190} INFO - [2025-11-17T19:42:40.986+0000] {dag.py:3239} INFO - Sync 1 DAGs
[2025-11-17T19:42:40.996+0000] {logging_mixin.py:190} INFO - [2025-11-17T19:42:40.996+0000] {dag.py:4180} INFO - Setting next_dagrun for example_python_decorator to None, run_after=None
[2025-11-17T19:42:41.009+0000] {processor.py:208} INFO - Processing /home/airflow/.local/lib/python3.12/site-packages/airflow/example_dags/example_python_decorator.py took 0.059 seconds
[2025-11-17T19:43:12.033+0000] {processor.py:186} INFO - Started process (PID=1304) to work on /home/airflow/.local/lib/python3.12/site-packages/airflow/example_dags/example_python_decorator.py
[2025-11-17T19:43:12.034+0000] {processor.py:914} INFO - Processing file /home/airflow/.local/lib/python3.12/site-packages/airflow/example_dags/example_python_decorator.py for tasks to queue
[2025-11-17T19:43:12.036+0000] {logging_mixin.py:190} INFO - [2025-11-17T19:43:12.036+0000] {dagbag.py:588} INFO - Filling up the DagBag from /home/airflow/.local/lib/python3.12/site-packages/airflow/example_dags/example_python_decorator.py
[2025-11-17T19:43:12.046+0000] {processor.py:925} INFO - DAG(s) 'example_python_decorator' retrieved from /home/airflow/.local/lib/python3.12/site-packages/airflow/example_dags/example_python_decorator.py
[2025-11-17T19:43:12.064+0000] {logging_mixin.py:190} INFO - [2025-11-17T19:43:12.064+0000] {dag.py:3239} INFO - Sync 1 DAGs
[2025-11-17T19:43:12.075+0000] {logging_mixin.py:190} INFO - [2025-11-17T19:43:12.075+0000] {dag.py:4180} INFO - Setting next_dagrun for example_python_decorator to None, run_after=None
[2025-11-17T19:43:12.089+0000] {processor.py:208} INFO - Processing /home/airflow/.local/lib/python3.12/site-packages/airflow/example_dags/example_python_decorator.py took 0.060 seconds
[2025-11-17T19:43:43.001+0000] {processor.py:186} INFO - Started process (PID=1371) to work on /home/airflow/.local/lib/python3.12/site-packages/airflow/example_dags/example_python_decorator.py
[2025-11-17T19:43:43.003+0000] {processor.py:914} INFO - Processing file /home/airflow/.local/lib/python3.12/site-packages/airflow/example_dags/example_python_decorator.py for tasks to queue
[2025-11-17T19:43:43.009+0000] {logging_mixin.py:190} INFO - [2025-11-17T19:43:43.008+0000] {dagbag.py:588} INFO - Filling up the DagBag from /home/airflow/.local/lib/python3.12/site-packages/airflow/example_dags/example_python_decorator.py
[2025-11-17T19:43:43.032+0000] {processor.py:925} INFO - DAG(s) 'example_python_decorator' retrieved from /home/airflow/.local/lib/python3.12/site-packages/airflow/example_dags/example_python_decorator.py
[2025-11-17T19:43:43.066+0000] {logging_mixin.py:190} INFO - [2025-11-17T19:43:43.066+0000] {dag.py:3239} INFO - Sync 1 DAGs
[2025-11-17T19:43:43.086+0000] {logging_mixin.py:190} INFO - [2025-11-17T19:43:43.086+0000] {dag.py:4180} INFO - Setting next_dagrun for example_python_decorator to None, run_after=None
[2025-11-17T19:43:43.117+0000] {processor.py:208} INFO - Processing /home/airflow/.local/lib/python3.12/site-packages/airflow/example_dags/example_python_decorator.py took 0.125 seconds
[2025-11-17T19:44:13.580+0000] {processor.py:186} INFO - Started process (PID=1436) to work on /home/airflow/.local/lib/python3.12/site-packages/airflow/example_dags/example_python_decorator.py
[2025-11-17T19:44:13.582+0000] {processor.py:914} INFO - Processing file /home/airflow/.local/lib/python3.12/site-packages/airflow/example_dags/example_python_decorator.py for tasks to queue
[2025-11-17T19:44:13.583+0000] {logging_mixin.py:190} INFO - [2025-11-17T19:44:13.583+0000] {dagbag.py:588} INFO - Filling up the DagBag from /home/airflow/.local/lib/python3.12/site-packages/airflow/example_dags/example_python_decorator.py
[2025-11-17T19:44:13.594+0000] {processor.py:925} INFO - DAG(s) 'example_python_decorator' retrieved from /home/airflow/.local/lib/python3.12/site-packages/airflow/example_dags/example_python_decorator.py
[2025-11-17T19:44:13.611+0000] {logging_mixin.py:190} INFO - [2025-11-17T19:44:13.611+0000] {dag.py:3239} INFO - Sync 1 DAGs
[2025-11-17T19:44:13.624+0000] {logging_mixin.py:190} INFO - [2025-11-17T19:44:13.623+0000] {dag.py:4180} INFO - Setting next_dagrun for example_python_decorator to None, run_after=None
[2025-11-17T19:44:13.637+0000] {processor.py:208} INFO - Processing /home/airflow/.local/lib/python3.12/site-packages/airflow/example_dags/example_python_decorator.py took 0.061 seconds
[2025-11-17T19:44:44.964+0000] {processor.py:186} INFO - Started process (PID=1502) to work on /home/airflow/.local/lib/python3.12/site-packages/airflow/example_dags/example_python_decorator.py
[2025-11-17T19:44:44.965+0000] {processor.py:914} INFO - Processing file /home/airflow/.local/lib/python3.12/site-packages/airflow/example_dags/example_python_decorator.py for tasks to queue
[2025-11-17T19:44:44.967+0000] {logging_mixin.py:190} INFO - [2025-11-17T19:44:44.967+0000] {dagbag.py:588} INFO - Filling up the DagBag from /home/airflow/.local/lib/python3.12/site-packages/airflow/example_dags/example_python_decorator.py
[2025-11-17T19:44:44.979+0000] {processor.py:925} INFO - DAG(s) 'example_python_decorator' retrieved from /home/airflow/.local/lib/python3.12/site-packages/airflow/example_dags/example_python_decorator.py
[2025-11-17T19:44:44.996+0000] {logging_mixin.py:190} INFO - [2025-11-17T19:44:44.995+0000] {dag.py:3239} INFO - Sync 1 DAGs
[2025-11-17T19:44:45.006+0000] {logging_mixin.py:190} INFO - [2025-11-17T19:44:45.006+0000] {dag.py:4180} INFO - Setting next_dagrun for example_python_decorator to None, run_after=None
[2025-11-17T19:44:45.020+0000] {processor.py:208} INFO - Processing /home/airflow/.local/lib/python3.12/site-packages/airflow/example_dags/example_python_decorator.py took 0.060 seconds
[2025-11-17T19:45:16.103+0000] {processor.py:186} INFO - Started process (PID=1569) to work on /home/airflow/.local/lib/python3.12/site-packages/airflow/example_dags/example_python_decorator.py
[2025-11-17T19:45:16.104+0000] {processor.py:914} INFO - Processing file /home/airflow/.local/lib/python3.12/site-packages/airflow/example_dags/example_python_decorator.py for tasks to queue
[2025-11-17T19:45:16.106+0000] {logging_mixin.py:190} INFO - [2025-11-17T19:45:16.106+0000] {dagbag.py:588} INFO - Filling up the DagBag from /home/airflow/.local/lib/python3.12/site-packages/airflow/example_dags/example_python_decorator.py
[2025-11-17T19:45:16.116+0000] {processor.py:925} INFO - DAG(s) 'example_python_decorator' retrieved from /home/airflow/.local/lib/python3.12/site-packages/airflow/example_dags/example_python_decorator.py
[2025-11-17T19:45:16.132+0000] {logging_mixin.py:190} INFO - [2025-11-17T19:45:16.132+0000] {dag.py:3239} INFO - Sync 1 DAGs
[2025-11-17T19:45:16.141+0000] {logging_mixin.py:190} INFO - [2025-11-17T19:45:16.141+0000] {dag.py:4180} INFO - Setting next_dagrun for example_python_decorator to None, run_after=None
[2025-11-17T19:45:16.154+0000] {processor.py:208} INFO - Processing /home/airflow/.local/lib/python3.12/site-packages/airflow/example_dags/example_python_decorator.py took 0.055 seconds
[2025-11-17T19:45:46.887+0000] {processor.py:186} INFO - Started process (PID=1636) to work on /home/airflow/.local/lib/python3.12/site-packages/airflow/example_dags/example_python_decorator.py
[2025-11-17T19:45:46.888+0000] {processor.py:914} INFO - Processing file /home/airflow/.local/lib/python3.12/site-packages/airflow/example_dags/example_python_decorator.py for tasks to queue
[2025-11-17T19:45:46.890+0000] {logging_mixin.py:190} INFO - [2025-11-17T19:45:46.889+0000] {dagbag.py:588} INFO - Filling up the DagBag from /home/airflow/.local/lib/python3.12/site-packages/airflow/example_dags/example_python_decorator.py
[2025-11-17T19:45:46.900+0000] {processor.py:925} INFO - DAG(s) 'example_python_decorator' retrieved from /home/airflow/.local/lib/python3.12/site-packages/airflow/example_dags/example_python_decorator.py
[2025-11-17T19:45:46.915+0000] {logging_mixin.py:190} INFO - [2025-11-17T19:45:46.915+0000] {dag.py:3239} INFO - Sync 1 DAGs
[2025-11-17T19:45:46.925+0000] {logging_mixin.py:190} INFO - [2025-11-17T19:45:46.924+0000] {dag.py:4180} INFO - Setting next_dagrun for example_python_decorator to None, run_after=None
[2025-11-17T19:45:46.938+0000] {processor.py:208} INFO - Processing /home/airflow/.local/lib/python3.12/site-packages/airflow/example_dags/example_python_decorator.py took 0.055 seconds
[2025-11-17T19:46:18.010+0000] {processor.py:186} INFO - Started process (PID=1701) to work on /home/airflow/.local/lib/python3.12/site-packages/airflow/example_dags/example_python_decorator.py
[2025-11-17T19:46:18.011+0000] {processor.py:914} INFO - Processing file /home/airflow/.local/lib/python3.12/site-packages/airflow/example_dags/example_python_decorator.py for tasks to queue
[2025-11-17T19:46:18.013+0000] {logging_mixin.py:190} INFO - [2025-11-17T19:46:18.013+0000] {dagbag.py:588} INFO - Filling up the DagBag from /home/airflow/.local/lib/python3.12/site-packages/airflow/example_dags/example_python_decorator.py
[2025-11-17T19:46:18.024+0000] {processor.py:925} INFO - DAG(s) 'example_python_decorator' retrieved from /home/airflow/.local/lib/python3.12/site-packages/airflow/example_dags/example_python_decorator.py
[2025-11-17T19:46:18.040+0000] {logging_mixin.py:190} INFO - [2025-11-17T19:46:18.040+0000] {dag.py:3239} INFO - Sync 1 DAGs
[2025-11-17T19:46:18.050+0000] {logging_mixin.py:190} INFO - [2025-11-17T19:46:18.049+0000] {dag.py:4180} INFO - Setting next_dagrun for example_python_decorator to None, run_after=None
[2025-11-17T19:46:18.063+0000] {processor.py:208} INFO - Processing /home/airflow/.local/lib/python3.12/site-packages/airflow/example_dags/example_python_decorator.py took 0.057 seconds
[2025-11-17T19:46:48.916+0000] {processor.py:186} INFO - Started process (PID=1767) to work on /home/airflow/.local/lib/python3.12/site-packages/airflow/example_dags/example_python_decorator.py
[2025-11-17T19:46:48.917+0000] {processor.py:914} INFO - Processing file /home/airflow/.local/lib/python3.12/site-packages/airflow/example_dags/example_python_decorator.py for tasks to queue
[2025-11-17T19:46:48.919+0000] {logging_mixin.py:190} INFO - [2025-11-17T19:46:48.918+0000] {dagbag.py:588} INFO - Filling up the DagBag from /home/airflow/.local/lib/python3.12/site-packages/airflow/example_dags/example_python_decorator.py
[2025-11-17T19:46:48.928+0000] {processor.py:925} INFO - DAG(s) 'example_python_decorator' retrieved from /home/airflow/.local/lib/python3.12/site-packages/airflow/example_dags/example_python_decorator.py
[2025-11-17T19:46:48.943+0000] {logging_mixin.py:190} INFO - [2025-11-17T19:46:48.943+0000] {dag.py:3239} INFO - Sync 1 DAGs
[2025-11-17T19:46:48.952+0000] {logging_mixin.py:190} INFO - [2025-11-17T19:46:48.952+0000] {dag.py:4180} INFO - Setting next_dagrun for example_python_decorator to None, run_after=None
[2025-11-17T19:46:48.965+0000] {processor.py:208} INFO - Processing /home/airflow/.local/lib/python3.12/site-packages/airflow/example_dags/example_python_decorator.py took 0.053 seconds
[2025-11-17T19:47:19.455+0000] {processor.py:186} INFO - Started process (PID=1833) to work on /home/airflow/.local/lib/python3.12/site-packages/airflow/example_dags/example_python_decorator.py
[2025-11-17T19:47:19.456+0000] {processor.py:914} INFO - Processing file /home/airflow/.local/lib/python3.12/site-packages/airflow/example_dags/example_python_decorator.py for tasks to queue
[2025-11-17T19:47:19.458+0000] {logging_mixin.py:190} INFO - [2025-11-17T19:47:19.458+0000] {dagbag.py:588} INFO - Filling up the DagBag from /home/airflow/.local/lib/python3.12/site-packages/airflow/example_dags/example_python_decorator.py
[2025-11-17T19:47:19.468+0000] {processor.py:925} INFO - DAG(s) 'example_python_decorator' retrieved from /home/airflow/.local/lib/python3.12/site-packages/airflow/example_dags/example_python_decorator.py
[2025-11-17T19:47:19.482+0000] {logging_mixin.py:190} INFO - [2025-11-17T19:47:19.482+0000] {dag.py:3239} INFO - Sync 1 DAGs
[2025-11-17T19:47:19.491+0000] {logging_mixin.py:190} INFO - [2025-11-17T19:47:19.491+0000] {dag.py:4180} INFO - Setting next_dagrun for example_python_decorator to None, run_after=None
[2025-11-17T19:47:19.502+0000] {processor.py:208} INFO - Processing /home/airflow/.local/lib/python3.12/site-packages/airflow/example_dags/example_python_decorator.py took 0.051 seconds
[2025-11-17T19:47:50.446+0000] {processor.py:186} INFO - Started process (PID=1900) to work on /home/airflow/.local/lib/python3.12/site-packages/airflow/example_dags/example_python_decorator.py
[2025-11-17T19:47:50.447+0000] {processor.py:914} INFO - Processing file /home/airflow/.local/lib/python3.12/site-packages/airflow/example_dags/example_python_decorator.py for tasks to queue
[2025-11-17T19:47:50.449+0000] {logging_mixin.py:190} INFO - [2025-11-17T19:47:50.449+0000] {dagbag.py:588} INFO - Filling up the DagBag from /home/airflow/.local/lib/python3.12/site-packages/airflow/example_dags/example_python_decorator.py
[2025-11-17T19:47:50.459+0000] {processor.py:925} INFO - DAG(s) 'example_python_decorator' retrieved from /home/airflow/.local/lib/python3.12/site-packages/airflow/example_dags/example_python_decorator.py
[2025-11-17T19:47:50.476+0000] {logging_mixin.py:190} INFO - [2025-11-17T19:47:50.475+0000] {dag.py:3239} INFO - Sync 1 DAGs
[2025-11-17T19:47:50.484+0000] {logging_mixin.py:190} INFO - [2025-11-17T19:47:50.484+0000] {dag.py:4180} INFO - Setting next_dagrun for example_python_decorator to None, run_after=None
[2025-11-17T19:47:50.496+0000] {processor.py:208} INFO - Processing /home/airflow/.local/lib/python3.12/site-packages/airflow/example_dags/example_python_decorator.py took 0.054 seconds
[2025-11-17T19:48:21.489+0000] {processor.py:186} INFO - Started process (PID=1966) to work on /home/airflow/.local/lib/python3.12/site-packages/airflow/example_dags/example_python_decorator.py
[2025-11-17T19:48:21.490+0000] {processor.py:914} INFO - Processing file /home/airflow/.local/lib/python3.12/site-packages/airflow/example_dags/example_python_decorator.py for tasks to queue
[2025-11-17T19:48:21.492+0000] {logging_mixin.py:190} INFO - [2025-11-17T19:48:21.492+0000] {dagbag.py:588} INFO - Filling up the DagBag from /home/airflow/.local/lib/python3.12/site-packages/airflow/example_dags/example_python_decorator.py
[2025-11-17T19:48:21.503+0000] {processor.py:925} INFO - DAG(s) 'example_python_decorator' retrieved from /home/airflow/.local/lib/python3.12/site-packages/airflow/example_dags/example_python_decorator.py
[2025-11-17T19:48:21.520+0000] {logging_mixin.py:190} INFO - [2025-11-17T19:48:21.519+0000] {dag.py:3239} INFO - Sync 1 DAGs
[2025-11-17T19:48:21.530+0000] {logging_mixin.py:190} INFO - [2025-11-17T19:48:21.530+0000] {dag.py:4180} INFO - Setting next_dagrun for example_python_decorator to None, run_after=None
[2025-11-17T19:48:21.547+0000] {processor.py:208} INFO - Processing /home/airflow/.local/lib/python3.12/site-packages/airflow/example_dags/example_python_decorator.py took 0.062 seconds
[2025-11-17T19:48:52.571+0000] {processor.py:186} INFO - Started process (PID=2032) to work on /home/airflow/.local/lib/python3.12/site-packages/airflow/example_dags/example_python_decorator.py
[2025-11-17T19:48:52.572+0000] {processor.py:914} INFO - Processing file /home/airflow/.local/lib/python3.12/site-packages/airflow/example_dags/example_python_decorator.py for tasks to queue
[2025-11-17T19:48:52.574+0000] {logging_mixin.py:190} INFO - [2025-11-17T19:48:52.574+0000] {dagbag.py:588} INFO - Filling up the DagBag from /home/airflow/.local/lib/python3.12/site-packages/airflow/example_dags/example_python_decorator.py
[2025-11-17T19:48:52.585+0000] {processor.py:925} INFO - DAG(s) 'example_python_decorator' retrieved from /home/airflow/.local/lib/python3.12/site-packages/airflow/example_dags/example_python_decorator.py
[2025-11-17T19:48:52.602+0000] {logging_mixin.py:190} INFO - [2025-11-17T19:48:52.601+0000] {dag.py:3239} INFO - Sync 1 DAGs
[2025-11-17T19:48:52.612+0000] {logging_mixin.py:190} INFO - [2025-11-17T19:48:52.611+0000] {dag.py:4180} INFO - Setting next_dagrun for example_python_decorator to None, run_after=None
[2025-11-17T19:48:52.624+0000] {processor.py:208} INFO - Processing /home/airflow/.local/lib/python3.12/site-packages/airflow/example_dags/example_python_decorator.py took 0.057 seconds
[2025-11-17T19:49:23.965+0000] {processor.py:186} INFO - Started process (PID=2098) to work on /home/airflow/.local/lib/python3.12/site-packages/airflow/example_dags/example_python_decorator.py
[2025-11-17T19:49:23.967+0000] {processor.py:914} INFO - Processing file /home/airflow/.local/lib/python3.12/site-packages/airflow/example_dags/example_python_decorator.py for tasks to queue
[2025-11-17T19:49:23.969+0000] {logging_mixin.py:190} INFO - [2025-11-17T19:49:23.968+0000] {dagbag.py:588} INFO - Filling up the DagBag from /home/airflow/.local/lib/python3.12/site-packages/airflow/example_dags/example_python_decorator.py
[2025-11-17T19:49:23.979+0000] {processor.py:925} INFO - DAG(s) 'example_python_decorator' retrieved from /home/airflow/.local/lib/python3.12/site-packages/airflow/example_dags/example_python_decorator.py
[2025-11-17T19:49:23.995+0000] {logging_mixin.py:190} INFO - [2025-11-17T19:49:23.994+0000] {dag.py:3239} INFO - Sync 1 DAGs
[2025-11-17T19:49:24.004+0000] {logging_mixin.py:190} INFO - [2025-11-17T19:49:24.004+0000] {dag.py:4180} INFO - Setting next_dagrun for example_python_decorator to None, run_after=None
[2025-11-17T19:49:24.021+0000] {processor.py:208} INFO - Processing /home/airflow/.local/lib/python3.12/site-packages/airflow/example_dags/example_python_decorator.py took 0.060 seconds
[2025-11-17T19:49:55.151+0000] {processor.py:186} INFO - Started process (PID=2164) to work on /home/airflow/.local/lib/python3.12/site-packages/airflow/example_dags/example_python_decorator.py
[2025-11-17T19:49:55.152+0000] {processor.py:914} INFO - Processing file /home/airflow/.local/lib/python3.12/site-packages/airflow/example_dags/example_python_decorator.py for tasks to queue
[2025-11-17T19:49:55.154+0000] {logging_mixin.py:190} INFO - [2025-11-17T19:49:55.154+0000] {dagbag.py:588} INFO - Filling up the DagBag from /home/airflow/.local/lib/python3.12/site-packages/airflow/example_dags/example_python_decorator.py
[2025-11-17T19:49:55.164+0000] {processor.py:925} INFO - DAG(s) 'example_python_decorator' retrieved from /home/airflow/.local/lib/python3.12/site-packages/airflow/example_dags/example_python_decorator.py
[2025-11-17T19:49:55.178+0000] {logging_mixin.py:190} INFO - [2025-11-17T19:49:55.178+0000] {dag.py:3239} INFO - Sync 1 DAGs
[2025-11-17T19:49:55.187+0000] {logging_mixin.py:190} INFO - [2025-11-17T19:49:55.187+0000] {dag.py:4180} INFO - Setting next_dagrun for example_python_decorator to None, run_after=None
[2025-11-17T19:49:55.200+0000] {processor.py:208} INFO - Processing /home/airflow/.local/lib/python3.12/site-packages/airflow/example_dags/example_python_decorator.py took 0.053 seconds
[2025-11-17T19:50:26.052+0000] {processor.py:186} INFO - Started process (PID=2230) to work on /home/airflow/.local/lib/python3.12/site-packages/airflow/example_dags/example_python_decorator.py
[2025-11-17T19:50:26.054+0000] {processor.py:914} INFO - Processing file /home/airflow/.local/lib/python3.12/site-packages/airflow/example_dags/example_python_decorator.py for tasks to queue
[2025-11-17T19:50:26.055+0000] {logging_mixin.py:190} INFO - [2025-11-17T19:50:26.055+0000] {dagbag.py:588} INFO - Filling up the DagBag from /home/airflow/.local/lib/python3.12/site-packages/airflow/example_dags/example_python_decorator.py
[2025-11-17T19:50:26.066+0000] {processor.py:925} INFO - DAG(s) 'example_python_decorator' retrieved from /home/airflow/.local/lib/python3.12/site-packages/airflow/example_dags/example_python_decorator.py
[2025-11-17T19:50:26.082+0000] {logging_mixin.py:190} INFO - [2025-11-17T19:50:26.081+0000] {dag.py:3239} INFO - Sync 1 DAGs
[2025-11-17T19:50:26.091+0000] {logging_mixin.py:190} INFO - [2025-11-17T19:50:26.091+0000] {dag.py:4180} INFO - Setting next_dagrun for example_python_decorator to None, run_after=None
[2025-11-17T19:50:26.105+0000] {processor.py:208} INFO - Processing /home/airflow/.local/lib/python3.12/site-packages/airflow/example_dags/example_python_decorator.py took 0.057 seconds
[2025-11-17T19:50:57.329+0000] {processor.py:186} INFO - Started process (PID=2301) to work on /home/airflow/.local/lib/python3.12/site-packages/airflow/example_dags/example_python_decorator.py
[2025-11-17T19:50:57.330+0000] {processor.py:914} INFO - Processing file /home/airflow/.local/lib/python3.12/site-packages/airflow/example_dags/example_python_decorator.py for tasks to queue
[2025-11-17T19:50:57.333+0000] {logging_mixin.py:190} INFO - [2025-11-17T19:50:57.333+0000] {dagbag.py:588} INFO - Filling up the DagBag from /home/airflow/.local/lib/python3.12/site-packages/airflow/example_dags/example_python_decorator.py
[2025-11-17T19:50:57.344+0000] {processor.py:925} INFO - DAG(s) 'example_python_decorator' retrieved from /home/airflow/.local/lib/python3.12/site-packages/airflow/example_dags/example_python_decorator.py
[2025-11-17T19:50:57.361+0000] {logging_mixin.py:190} INFO - [2025-11-17T19:50:57.361+0000] {dag.py:3239} INFO - Sync 1 DAGs
[2025-11-17T19:50:57.371+0000] {logging_mixin.py:190} INFO - [2025-11-17T19:50:57.371+0000] {dag.py:4180} INFO - Setting next_dagrun for example_python_decorator to None, run_after=None
[2025-11-17T19:50:57.385+0000] {processor.py:208} INFO - Processing /home/airflow/.local/lib/python3.12/site-packages/airflow/example_dags/example_python_decorator.py took 0.060 seconds
[2025-11-17T19:51:28.445+0000] {processor.py:186} INFO - Started process (PID=2367) to work on /home/airflow/.local/lib/python3.12/site-packages/airflow/example_dags/example_python_decorator.py
[2025-11-17T19:51:28.446+0000] {processor.py:914} INFO - Processing file /home/airflow/.local/lib/python3.12/site-packages/airflow/example_dags/example_python_decorator.py for tasks to queue
[2025-11-17T19:51:28.448+0000] {logging_mixin.py:190} INFO - [2025-11-17T19:51:28.448+0000] {dagbag.py:588} INFO - Filling up the DagBag from /home/airflow/.local/lib/python3.12/site-packages/airflow/example_dags/example_python_decorator.py
[2025-11-17T19:51:28.459+0000] {processor.py:925} INFO - DAG(s) 'example_python_decorator' retrieved from /home/airflow/.local/lib/python3.12/site-packages/airflow/example_dags/example_python_decorator.py
[2025-11-17T19:51:28.479+0000] {logging_mixin.py:190} INFO - [2025-11-17T19:51:28.478+0000] {dag.py:3239} INFO - Sync 1 DAGs
[2025-11-17T19:51:28.490+0000] {logging_mixin.py:190} INFO - [2025-11-17T19:51:28.490+0000] {dag.py:4180} INFO - Setting next_dagrun for example_python_decorator to None, run_after=None
[2025-11-17T19:51:28.506+0000] {processor.py:208} INFO - Processing /home/airflow/.local/lib/python3.12/site-packages/airflow/example_dags/example_python_decorator.py took 0.066 seconds
[2025-11-17T19:51:59.097+0000] {processor.py:186} INFO - Started process (PID=2433) to work on /home/airflow/.local/lib/python3.12/site-packages/airflow/example_dags/example_python_decorator.py
[2025-11-17T19:51:59.098+0000] {processor.py:914} INFO - Processing file /home/airflow/.local/lib/python3.12/site-packages/airflow/example_dags/example_python_decorator.py for tasks to queue
[2025-11-17T19:51:59.100+0000] {logging_mixin.py:190} INFO - [2025-11-17T19:51:59.100+0000] {dagbag.py:588} INFO - Filling up the DagBag from /home/airflow/.local/lib/python3.12/site-packages/airflow/example_dags/example_python_decorator.py
[2025-11-17T19:51:59.111+0000] {processor.py:925} INFO - DAG(s) 'example_python_decorator' retrieved from /home/airflow/.local/lib/python3.12/site-packages/airflow/example_dags/example_python_decorator.py
[2025-11-17T19:51:59.127+0000] {logging_mixin.py:190} INFO - [2025-11-17T19:51:59.127+0000] {dag.py:3239} INFO - Sync 1 DAGs
[2025-11-17T19:51:59.137+0000] {logging_mixin.py:190} INFO - [2025-11-17T19:51:59.137+0000] {dag.py:4180} INFO - Setting next_dagrun for example_python_decorator to None, run_after=None
[2025-11-17T19:51:59.151+0000] {processor.py:208} INFO - Processing /home/airflow/.local/lib/python3.12/site-packages/airflow/example_dags/example_python_decorator.py took 0.058 seconds
[2025-11-17T19:52:29.648+0000] {processor.py:186} INFO - Started process (PID=2499) to work on /home/airflow/.local/lib/python3.12/site-packages/airflow/example_dags/example_python_decorator.py
[2025-11-17T19:52:29.649+0000] {processor.py:914} INFO - Processing file /home/airflow/.local/lib/python3.12/site-packages/airflow/example_dags/example_python_decorator.py for tasks to queue
[2025-11-17T19:52:29.651+0000] {logging_mixin.py:190} INFO - [2025-11-17T19:52:29.651+0000] {dagbag.py:588} INFO - Filling up the DagBag from /home/airflow/.local/lib/python3.12/site-packages/airflow/example_dags/example_python_decorator.py
[2025-11-17T19:52:29.663+0000] {processor.py:925} INFO - DAG(s) 'example_python_decorator' retrieved from /home/airflow/.local/lib/python3.12/site-packages/airflow/example_dags/example_python_decorator.py
[2025-11-17T19:52:29.680+0000] {logging_mixin.py:190} INFO - [2025-11-17T19:52:29.680+0000] {dag.py:3239} INFO - Sync 1 DAGs
[2025-11-17T19:52:29.692+0000] {logging_mixin.py:190} INFO - [2025-11-17T19:52:29.691+0000] {dag.py:4180} INFO - Setting next_dagrun for example_python_decorator to None, run_after=None
[2025-11-17T19:52:29.706+0000] {processor.py:208} INFO - Processing /home/airflow/.local/lib/python3.12/site-packages/airflow/example_dags/example_python_decorator.py took 0.062 seconds
[2025-11-17T19:53:01.028+0000] {processor.py:186} INFO - Started process (PID=2565) to work on /home/airflow/.local/lib/python3.12/site-packages/airflow/example_dags/example_python_decorator.py
[2025-11-17T19:53:01.030+0000] {processor.py:914} INFO - Processing file /home/airflow/.local/lib/python3.12/site-packages/airflow/example_dags/example_python_decorator.py for tasks to queue
[2025-11-17T19:53:01.031+0000] {logging_mixin.py:190} INFO - [2025-11-17T19:53:01.031+0000] {dagbag.py:588} INFO - Filling up the DagBag from /home/airflow/.local/lib/python3.12/site-packages/airflow/example_dags/example_python_decorator.py
[2025-11-17T19:53:01.043+0000] {processor.py:925} INFO - DAG(s) 'example_python_decorator' retrieved from /home/airflow/.local/lib/python3.12/site-packages/airflow/example_dags/example_python_decorator.py
[2025-11-17T19:53:01.060+0000] {logging_mixin.py:190} INFO - [2025-11-17T19:53:01.059+0000] {dag.py:3239} INFO - Sync 1 DAGs
[2025-11-17T19:53:01.070+0000] {logging_mixin.py:190} INFO - [2025-11-17T19:53:01.070+0000] {dag.py:4180} INFO - Setting next_dagrun for example_python_decorator to None, run_after=None
[2025-11-17T19:53:01.085+0000] {processor.py:208} INFO - Processing /home/airflow/.local/lib/python3.12/site-packages/airflow/example_dags/example_python_decorator.py took 0.061 seconds
[2025-11-17T19:53:30.549+0000] {processor.py:186} INFO - Started process (PID=112) to work on /home/airflow/.local/lib/python3.12/site-packages/airflow/example_dags/example_python_decorator.py
[2025-11-17T19:53:30.550+0000] {processor.py:914} INFO - Processing file /home/airflow/.local/lib/python3.12/site-packages/airflow/example_dags/example_python_decorator.py for tasks to queue
[2025-11-17T19:53:30.552+0000] {logging_mixin.py:190} INFO - [2025-11-17T19:53:30.552+0000] {dagbag.py:588} INFO - Filling up the DagBag from /home/airflow/.local/lib/python3.12/site-packages/airflow/example_dags/example_python_decorator.py
[2025-11-17T19:53:30.566+0000] {processor.py:925} INFO - DAG(s) 'example_python_decorator' retrieved from /home/airflow/.local/lib/python3.12/site-packages/airflow/example_dags/example_python_decorator.py
[2025-11-17T19:53:30.646+0000] {logging_mixin.py:190} INFO - [2025-11-17T19:53:30.645+0000] {dag.py:3239} INFO - Sync 1 DAGs
[2025-11-17T19:53:30.654+0000] {logging_mixin.py:190} INFO - [2025-11-17T19:53:30.653+0000] {dag.py:4180} INFO - Setting next_dagrun for example_python_decorator to None, run_after=None
[2025-11-17T19:53:30.667+0000] {processor.py:208} INFO - Processing /home/airflow/.local/lib/python3.12/site-packages/airflow/example_dags/example_python_decorator.py took 0.123 seconds
[2025-11-17T19:54:01.702+0000] {processor.py:186} INFO - Started process (PID=178) to work on /home/airflow/.local/lib/python3.12/site-packages/airflow/example_dags/example_python_decorator.py
[2025-11-17T19:54:01.703+0000] {processor.py:914} INFO - Processing file /home/airflow/.local/lib/python3.12/site-packages/airflow/example_dags/example_python_decorator.py for tasks to queue
[2025-11-17T19:54:01.705+0000] {logging_mixin.py:190} INFO - [2025-11-17T19:54:01.705+0000] {dagbag.py:588} INFO - Filling up the DagBag from /home/airflow/.local/lib/python3.12/site-packages/airflow/example_dags/example_python_decorator.py
[2025-11-17T19:54:01.715+0000] {processor.py:925} INFO - DAG(s) 'example_python_decorator' retrieved from /home/airflow/.local/lib/python3.12/site-packages/airflow/example_dags/example_python_decorator.py
[2025-11-17T19:54:01.729+0000] {logging_mixin.py:190} INFO - [2025-11-17T19:54:01.729+0000] {dag.py:3239} INFO - Sync 1 DAGs
[2025-11-17T19:54:01.738+0000] {logging_mixin.py:190} INFO - [2025-11-17T19:54:01.738+0000] {dag.py:4180} INFO - Setting next_dagrun for example_python_decorator to None, run_after=None
[2025-11-17T19:54:01.750+0000] {processor.py:208} INFO - Processing /home/airflow/.local/lib/python3.12/site-packages/airflow/example_dags/example_python_decorator.py took 0.052 seconds
[2025-11-17T19:54:33.025+0000] {processor.py:186} INFO - Started process (PID=244) to work on /home/airflow/.local/lib/python3.12/site-packages/airflow/example_dags/example_python_decorator.py
[2025-11-17T19:54:33.026+0000] {processor.py:914} INFO - Processing file /home/airflow/.local/lib/python3.12/site-packages/airflow/example_dags/example_python_decorator.py for tasks to queue
[2025-11-17T19:54:33.027+0000] {logging_mixin.py:190} INFO - [2025-11-17T19:54:33.027+0000] {dagbag.py:588} INFO - Filling up the DagBag from /home/airflow/.local/lib/python3.12/site-packages/airflow/example_dags/example_python_decorator.py
[2025-11-17T19:54:33.038+0000] {processor.py:925} INFO - DAG(s) 'example_python_decorator' retrieved from /home/airflow/.local/lib/python3.12/site-packages/airflow/example_dags/example_python_decorator.py
[2025-11-17T19:54:33.052+0000] {logging_mixin.py:190} INFO - [2025-11-17T19:54:33.052+0000] {dag.py:3239} INFO - Sync 1 DAGs
[2025-11-17T19:54:33.062+0000] {logging_mixin.py:190} INFO - [2025-11-17T19:54:33.062+0000] {dag.py:4180} INFO - Setting next_dagrun for example_python_decorator to None, run_after=None
[2025-11-17T19:54:33.074+0000] {processor.py:208} INFO - Processing /home/airflow/.local/lib/python3.12/site-packages/airflow/example_dags/example_python_decorator.py took 0.052 seconds
[2025-11-17T19:55:04.499+0000] {processor.py:186} INFO - Started process (PID=310) to work on /home/airflow/.local/lib/python3.12/site-packages/airflow/example_dags/example_python_decorator.py
[2025-11-17T19:55:04.500+0000] {processor.py:914} INFO - Processing file /home/airflow/.local/lib/python3.12/site-packages/airflow/example_dags/example_python_decorator.py for tasks to queue
[2025-11-17T19:55:04.501+0000] {logging_mixin.py:190} INFO - [2025-11-17T19:55:04.501+0000] {dagbag.py:588} INFO - Filling up the DagBag from /home/airflow/.local/lib/python3.12/site-packages/airflow/example_dags/example_python_decorator.py
[2025-11-17T19:55:04.512+0000] {processor.py:925} INFO - DAG(s) 'example_python_decorator' retrieved from /home/airflow/.local/lib/python3.12/site-packages/airflow/example_dags/example_python_decorator.py
[2025-11-17T19:55:04.528+0000] {logging_mixin.py:190} INFO - [2025-11-17T19:55:04.528+0000] {dag.py:3239} INFO - Sync 1 DAGs
[2025-11-17T19:55:04.538+0000] {logging_mixin.py:190} INFO - [2025-11-17T19:55:04.538+0000] {dag.py:4180} INFO - Setting next_dagrun for example_python_decorator to None, run_after=None
[2025-11-17T19:55:04.553+0000] {processor.py:208} INFO - Processing /home/airflow/.local/lib/python3.12/site-packages/airflow/example_dags/example_python_decorator.py took 0.059 seconds
[2025-11-17T19:55:35.589+0000] {processor.py:186} INFO - Started process (PID=376) to work on /home/airflow/.local/lib/python3.12/site-packages/airflow/example_dags/example_python_decorator.py
[2025-11-17T19:55:35.590+0000] {processor.py:914} INFO - Processing file /home/airflow/.local/lib/python3.12/site-packages/airflow/example_dags/example_python_decorator.py for tasks to queue
[2025-11-17T19:55:35.591+0000] {logging_mixin.py:190} INFO - [2025-11-17T19:55:35.591+0000] {dagbag.py:588} INFO - Filling up the DagBag from /home/airflow/.local/lib/python3.12/site-packages/airflow/example_dags/example_python_decorator.py
[2025-11-17T19:55:35.602+0000] {processor.py:925} INFO - DAG(s) 'example_python_decorator' retrieved from /home/airflow/.local/lib/python3.12/site-packages/airflow/example_dags/example_python_decorator.py
[2025-11-17T19:55:35.616+0000] {logging_mixin.py:190} INFO - [2025-11-17T19:55:35.616+0000] {dag.py:3239} INFO - Sync 1 DAGs
[2025-11-17T19:55:35.626+0000] {logging_mixin.py:190} INFO - [2025-11-17T19:55:35.626+0000] {dag.py:4180} INFO - Setting next_dagrun for example_python_decorator to None, run_after=None
[2025-11-17T19:55:35.639+0000] {processor.py:208} INFO - Processing /home/airflow/.local/lib/python3.12/site-packages/airflow/example_dags/example_python_decorator.py took 0.054 seconds
[2025-11-17T19:56:07.154+0000] {processor.py:186} INFO - Started process (PID=442) to work on /home/airflow/.local/lib/python3.12/site-packages/airflow/example_dags/example_python_decorator.py
[2025-11-17T19:56:07.155+0000] {processor.py:914} INFO - Processing file /home/airflow/.local/lib/python3.12/site-packages/airflow/example_dags/example_python_decorator.py for tasks to queue
[2025-11-17T19:56:07.156+0000] {logging_mixin.py:190} INFO - [2025-11-17T19:56:07.156+0000] {dagbag.py:588} INFO - Filling up the DagBag from /home/airflow/.local/lib/python3.12/site-packages/airflow/example_dags/example_python_decorator.py
[2025-11-17T19:56:07.167+0000] {processor.py:925} INFO - DAG(s) 'example_python_decorator' retrieved from /home/airflow/.local/lib/python3.12/site-packages/airflow/example_dags/example_python_decorator.py
[2025-11-17T19:56:07.182+0000] {logging_mixin.py:190} INFO - [2025-11-17T19:56:07.182+0000] {dag.py:3239} INFO - Sync 1 DAGs
[2025-11-17T19:56:07.191+0000] {logging_mixin.py:190} INFO - [2025-11-17T19:56:07.191+0000] {dag.py:4180} INFO - Setting next_dagrun for example_python_decorator to None, run_after=None
[2025-11-17T19:56:07.204+0000] {processor.py:208} INFO - Processing /home/airflow/.local/lib/python3.12/site-packages/airflow/example_dags/example_python_decorator.py took 0.054 seconds
[2025-11-17T19:56:38.145+0000] {processor.py:186} INFO - Started process (PID=508) to work on /home/airflow/.local/lib/python3.12/site-packages/airflow/example_dags/example_python_decorator.py
[2025-11-17T19:56:38.145+0000] {processor.py:914} INFO - Processing file /home/airflow/.local/lib/python3.12/site-packages/airflow/example_dags/example_python_decorator.py for tasks to queue
[2025-11-17T19:56:38.146+0000] {logging_mixin.py:190} INFO - [2025-11-17T19:56:38.146+0000] {dagbag.py:588} INFO - Filling up the DagBag from /home/airflow/.local/lib/python3.12/site-packages/airflow/example_dags/example_python_decorator.py
[2025-11-17T19:56:38.157+0000] {processor.py:925} INFO - DAG(s) 'example_python_decorator' retrieved from /home/airflow/.local/lib/python3.12/site-packages/airflow/example_dags/example_python_decorator.py
[2025-11-17T19:56:38.171+0000] {logging_mixin.py:190} INFO - [2025-11-17T19:56:38.170+0000] {dag.py:3239} INFO - Sync 1 DAGs
[2025-11-17T19:56:38.179+0000] {logging_mixin.py:190} INFO - [2025-11-17T19:56:38.179+0000] {dag.py:4180} INFO - Setting next_dagrun for example_python_decorator to None, run_after=None
[2025-11-17T19:56:38.192+0000] {processor.py:208} INFO - Processing /home/airflow/.local/lib/python3.12/site-packages/airflow/example_dags/example_python_decorator.py took 0.051 seconds
[2025-11-17T19:57:09.548+0000] {processor.py:186} INFO - Started process (PID=574) to work on /home/airflow/.local/lib/python3.12/site-packages/airflow/example_dags/example_python_decorator.py
[2025-11-17T19:57:09.549+0000] {processor.py:914} INFO - Processing file /home/airflow/.local/lib/python3.12/site-packages/airflow/example_dags/example_python_decorator.py for tasks to queue
[2025-11-17T19:57:09.551+0000] {logging_mixin.py:190} INFO - [2025-11-17T19:57:09.550+0000] {dagbag.py:588} INFO - Filling up the DagBag from /home/airflow/.local/lib/python3.12/site-packages/airflow/example_dags/example_python_decorator.py
[2025-11-17T19:57:09.562+0000] {processor.py:925} INFO - DAG(s) 'example_python_decorator' retrieved from /home/airflow/.local/lib/python3.12/site-packages/airflow/example_dags/example_python_decorator.py
[2025-11-17T19:57:09.578+0000] {logging_mixin.py:190} INFO - [2025-11-17T19:57:09.577+0000] {dag.py:3239} INFO - Sync 1 DAGs
[2025-11-17T19:57:09.588+0000] {logging_mixin.py:190} INFO - [2025-11-17T19:57:09.588+0000] {dag.py:4180} INFO - Setting next_dagrun for example_python_decorator to None, run_after=None
[2025-11-17T19:57:09.601+0000] {processor.py:208} INFO - Processing /home/airflow/.local/lib/python3.12/site-packages/airflow/example_dags/example_python_decorator.py took 0.057 seconds
[2025-11-17T19:57:40.538+0000] {processor.py:186} INFO - Started process (PID=640) to work on /home/airflow/.local/lib/python3.12/site-packages/airflow/example_dags/example_python_decorator.py
[2025-11-17T19:57:40.539+0000] {processor.py:914} INFO - Processing file /home/airflow/.local/lib/python3.12/site-packages/airflow/example_dags/example_python_decorator.py for tasks to queue
[2025-11-17T19:57:40.540+0000] {logging_mixin.py:190} INFO - [2025-11-17T19:57:40.540+0000] {dagbag.py:588} INFO - Filling up the DagBag from /home/airflow/.local/lib/python3.12/site-packages/airflow/example_dags/example_python_decorator.py
[2025-11-17T19:57:40.549+0000] {processor.py:925} INFO - DAG(s) 'example_python_decorator' retrieved from /home/airflow/.local/lib/python3.12/site-packages/airflow/example_dags/example_python_decorator.py
[2025-11-17T19:57:40.564+0000] {logging_mixin.py:190} INFO - [2025-11-17T19:57:40.564+0000] {dag.py:3239} INFO - Sync 1 DAGs
[2025-11-17T19:57:40.573+0000] {logging_mixin.py:190} INFO - [2025-11-17T19:57:40.573+0000] {dag.py:4180} INFO - Setting next_dagrun for example_python_decorator to None, run_after=None
[2025-11-17T19:57:40.586+0000] {processor.py:208} INFO - Processing /home/airflow/.local/lib/python3.12/site-packages/airflow/example_dags/example_python_decorator.py took 0.052 seconds
[2025-11-17T19:58:11.570+0000] {processor.py:186} INFO - Started process (PID=706) to work on /home/airflow/.local/lib/python3.12/site-packages/airflow/example_dags/example_python_decorator.py
[2025-11-17T19:58:11.571+0000] {processor.py:914} INFO - Processing file /home/airflow/.local/lib/python3.12/site-packages/airflow/example_dags/example_python_decorator.py for tasks to queue
[2025-11-17T19:58:11.572+0000] {logging_mixin.py:190} INFO - [2025-11-17T19:58:11.572+0000] {dagbag.py:588} INFO - Filling up the DagBag from /home/airflow/.local/lib/python3.12/site-packages/airflow/example_dags/example_python_decorator.py
[2025-11-17T19:58:11.583+0000] {processor.py:925} INFO - DAG(s) 'example_python_decorator' retrieved from /home/airflow/.local/lib/python3.12/site-packages/airflow/example_dags/example_python_decorator.py
[2025-11-17T19:58:11.600+0000] {logging_mixin.py:190} INFO - [2025-11-17T19:58:11.600+0000] {dag.py:3239} INFO - Sync 1 DAGs
[2025-11-17T19:58:11.609+0000] {logging_mixin.py:190} INFO - [2025-11-17T19:58:11.609+0000] {dag.py:4180} INFO - Setting next_dagrun for example_python_decorator to None, run_after=None
[2025-11-17T19:58:11.622+0000] {processor.py:208} INFO - Processing /home/airflow/.local/lib/python3.12/site-packages/airflow/example_dags/example_python_decorator.py took 0.056 seconds
[2025-11-17T19:58:42.820+0000] {processor.py:186} INFO - Started process (PID=772) to work on /home/airflow/.local/lib/python3.12/site-packages/airflow/example_dags/example_python_decorator.py
[2025-11-17T19:58:42.821+0000] {processor.py:914} INFO - Processing file /home/airflow/.local/lib/python3.12/site-packages/airflow/example_dags/example_python_decorator.py for tasks to queue
[2025-11-17T19:58:42.822+0000] {logging_mixin.py:190} INFO - [2025-11-17T19:58:42.822+0000] {dagbag.py:588} INFO - Filling up the DagBag from /home/airflow/.local/lib/python3.12/site-packages/airflow/example_dags/example_python_decorator.py
[2025-11-17T19:58:42.833+0000] {processor.py:925} INFO - DAG(s) 'example_python_decorator' retrieved from /home/airflow/.local/lib/python3.12/site-packages/airflow/example_dags/example_python_decorator.py
[2025-11-17T19:58:42.848+0000] {logging_mixin.py:190} INFO - [2025-11-17T19:58:42.848+0000] {dag.py:3239} INFO - Sync 1 DAGs
[2025-11-17T19:58:42.858+0000] {logging_mixin.py:190} INFO - [2025-11-17T19:58:42.858+0000] {dag.py:4180} INFO - Setting next_dagrun for example_python_decorator to None, run_after=None
[2025-11-17T19:58:42.870+0000] {processor.py:208} INFO - Processing /home/airflow/.local/lib/python3.12/site-packages/airflow/example_dags/example_python_decorator.py took 0.055 seconds
[2025-11-17T19:59:14.100+0000] {processor.py:186} INFO - Started process (PID=838) to work on /home/airflow/.local/lib/python3.12/site-packages/airflow/example_dags/example_python_decorator.py
[2025-11-17T19:59:14.101+0000] {processor.py:914} INFO - Processing file /home/airflow/.local/lib/python3.12/site-packages/airflow/example_dags/example_python_decorator.py for tasks to queue
[2025-11-17T19:59:14.102+0000] {logging_mixin.py:190} INFO - [2025-11-17T19:59:14.102+0000] {dagbag.py:588} INFO - Filling up the DagBag from /home/airflow/.local/lib/python3.12/site-packages/airflow/example_dags/example_python_decorator.py
[2025-11-17T19:59:14.112+0000] {processor.py:925} INFO - DAG(s) 'example_python_decorator' retrieved from /home/airflow/.local/lib/python3.12/site-packages/airflow/example_dags/example_python_decorator.py
[2025-11-17T19:59:14.128+0000] {logging_mixin.py:190} INFO - [2025-11-17T19:59:14.128+0000] {dag.py:3239} INFO - Sync 1 DAGs
[2025-11-17T19:59:14.138+0000] {logging_mixin.py:190} INFO - [2025-11-17T19:59:14.138+0000] {dag.py:4180} INFO - Setting next_dagrun for example_python_decorator to None, run_after=None
[2025-11-17T19:59:14.150+0000] {processor.py:208} INFO - Processing /home/airflow/.local/lib/python3.12/site-packages/airflow/example_dags/example_python_decorator.py took 0.054 seconds
[2025-11-17T19:59:45.730+0000] {processor.py:186} INFO - Started process (PID=904) to work on /home/airflow/.local/lib/python3.12/site-packages/airflow/example_dags/example_python_decorator.py
[2025-11-17T19:59:45.731+0000] {processor.py:914} INFO - Processing file /home/airflow/.local/lib/python3.12/site-packages/airflow/example_dags/example_python_decorator.py for tasks to queue
[2025-11-17T19:59:45.732+0000] {logging_mixin.py:190} INFO - [2025-11-17T19:59:45.731+0000] {dagbag.py:588} INFO - Filling up the DagBag from /home/airflow/.local/lib/python3.12/site-packages/airflow/example_dags/example_python_decorator.py
[2025-11-17T19:59:45.741+0000] {processor.py:925} INFO - DAG(s) 'example_python_decorator' retrieved from /home/airflow/.local/lib/python3.12/site-packages/airflow/example_dags/example_python_decorator.py
[2025-11-17T19:59:45.757+0000] {logging_mixin.py:190} INFO - [2025-11-17T19:59:45.757+0000] {dag.py:3239} INFO - Sync 1 DAGs
[2025-11-17T19:59:45.767+0000] {logging_mixin.py:190} INFO - [2025-11-17T19:59:45.767+0000] {dag.py:4180} INFO - Setting next_dagrun for example_python_decorator to None, run_after=None
[2025-11-17T19:59:45.779+0000] {processor.py:208} INFO - Processing /home/airflow/.local/lib/python3.12/site-packages/airflow/example_dags/example_python_decorator.py took 0.054 seconds
[2025-11-17T20:00:17.001+0000] {processor.py:186} INFO - Started process (PID=971) to work on /home/airflow/.local/lib/python3.12/site-packages/airflow/example_dags/example_python_decorator.py
[2025-11-17T20:00:17.002+0000] {processor.py:914} INFO - Processing file /home/airflow/.local/lib/python3.12/site-packages/airflow/example_dags/example_python_decorator.py for tasks to queue
[2025-11-17T20:00:17.004+0000] {logging_mixin.py:190} INFO - [2025-11-17T20:00:17.003+0000] {dagbag.py:588} INFO - Filling up the DagBag from /home/airflow/.local/lib/python3.12/site-packages/airflow/example_dags/example_python_decorator.py
[2025-11-17T20:00:17.014+0000] {processor.py:925} INFO - DAG(s) 'example_python_decorator' retrieved from /home/airflow/.local/lib/python3.12/site-packages/airflow/example_dags/example_python_decorator.py
[2025-11-17T20:00:17.030+0000] {logging_mixin.py:190} INFO - [2025-11-17T20:00:17.030+0000] {dag.py:3239} INFO - Sync 1 DAGs
[2025-11-17T20:00:17.041+0000] {logging_mixin.py:190} INFO - [2025-11-17T20:00:17.041+0000] {dag.py:4180} INFO - Setting next_dagrun for example_python_decorator to None, run_after=None
[2025-11-17T20:00:17.055+0000] {processor.py:208} INFO - Processing /home/airflow/.local/lib/python3.12/site-packages/airflow/example_dags/example_python_decorator.py took 0.059 seconds
[2025-11-17T20:00:48.493+0000] {processor.py:186} INFO - Started process (PID=1038) to work on /home/airflow/.local/lib/python3.12/site-packages/airflow/example_dags/example_python_decorator.py
[2025-11-17T20:00:48.494+0000] {processor.py:914} INFO - Processing file /home/airflow/.local/lib/python3.12/site-packages/airflow/example_dags/example_python_decorator.py for tasks to queue
[2025-11-17T20:00:48.495+0000] {logging_mixin.py:190} INFO - [2025-11-17T20:00:48.495+0000] {dagbag.py:588} INFO - Filling up the DagBag from /home/airflow/.local/lib/python3.12/site-packages/airflow/example_dags/example_python_decorator.py
[2025-11-17T20:00:48.505+0000] {processor.py:925} INFO - DAG(s) 'example_python_decorator' retrieved from /home/airflow/.local/lib/python3.12/site-packages/airflow/example_dags/example_python_decorator.py
[2025-11-17T20:00:48.519+0000] {logging_mixin.py:190} INFO - [2025-11-17T20:00:48.518+0000] {dag.py:3239} INFO - Sync 1 DAGs
[2025-11-17T20:00:48.528+0000] {logging_mixin.py:190} INFO - [2025-11-17T20:00:48.528+0000] {dag.py:4180} INFO - Setting next_dagrun for example_python_decorator to None, run_after=None
[2025-11-17T20:00:48.541+0000] {processor.py:208} INFO - Processing /home/airflow/.local/lib/python3.12/site-packages/airflow/example_dags/example_python_decorator.py took 0.052 seconds
[2025-11-17T20:01:19.398+0000] {processor.py:186} INFO - Started process (PID=1123) to work on /home/airflow/.local/lib/python3.12/site-packages/airflow/example_dags/example_python_decorator.py
[2025-11-17T20:01:19.399+0000] {processor.py:914} INFO - Processing file /home/airflow/.local/lib/python3.12/site-packages/airflow/example_dags/example_python_decorator.py for tasks to queue
[2025-11-17T20:01:19.400+0000] {logging_mixin.py:190} INFO - [2025-11-17T20:01:19.400+0000] {dagbag.py:588} INFO - Filling up the DagBag from /home/airflow/.local/lib/python3.12/site-packages/airflow/example_dags/example_python_decorator.py
[2025-11-17T20:01:19.413+0000] {processor.py:925} INFO - DAG(s) 'example_python_decorator' retrieved from /home/airflow/.local/lib/python3.12/site-packages/airflow/example_dags/example_python_decorator.py
[2025-11-17T20:01:19.430+0000] {logging_mixin.py:190} INFO - [2025-11-17T20:01:19.430+0000] {dag.py:3239} INFO - Sync 1 DAGs
[2025-11-17T20:01:19.440+0000] {logging_mixin.py:190} INFO - [2025-11-17T20:01:19.440+0000] {dag.py:4180} INFO - Setting next_dagrun for example_python_decorator to None, run_after=None
[2025-11-17T20:01:19.454+0000] {processor.py:208} INFO - Processing /home/airflow/.local/lib/python3.12/site-packages/airflow/example_dags/example_python_decorator.py took 0.061 seconds
[2025-11-17T20:01:50.946+0000] {processor.py:186} INFO - Started process (PID=1193) to work on /home/airflow/.local/lib/python3.12/site-packages/airflow/example_dags/example_python_decorator.py
[2025-11-17T20:01:50.947+0000] {processor.py:914} INFO - Processing file /home/airflow/.local/lib/python3.12/site-packages/airflow/example_dags/example_python_decorator.py for tasks to queue
[2025-11-17T20:01:50.948+0000] {logging_mixin.py:190} INFO - [2025-11-17T20:01:50.948+0000] {dagbag.py:588} INFO - Filling up the DagBag from /home/airflow/.local/lib/python3.12/site-packages/airflow/example_dags/example_python_decorator.py
[2025-11-17T20:01:50.960+0000] {processor.py:925} INFO - DAG(s) 'example_python_decorator' retrieved from /home/airflow/.local/lib/python3.12/site-packages/airflow/example_dags/example_python_decorator.py
[2025-11-17T20:01:50.976+0000] {logging_mixin.py:190} INFO - [2025-11-17T20:01:50.975+0000] {dag.py:3239} INFO - Sync 1 DAGs
[2025-11-17T20:01:50.986+0000] {logging_mixin.py:190} INFO - [2025-11-17T20:01:50.986+0000] {dag.py:4180} INFO - Setting next_dagrun for example_python_decorator to None, run_after=None
[2025-11-17T20:01:50.999+0000] {processor.py:208} INFO - Processing /home/airflow/.local/lib/python3.12/site-packages/airflow/example_dags/example_python_decorator.py took 0.057 seconds
[2025-11-17T20:02:22.061+0000] {processor.py:186} INFO - Started process (PID=1263) to work on /home/airflow/.local/lib/python3.12/site-packages/airflow/example_dags/example_python_decorator.py
[2025-11-17T20:02:22.062+0000] {processor.py:914} INFO - Processing file /home/airflow/.local/lib/python3.12/site-packages/airflow/example_dags/example_python_decorator.py for tasks to queue
[2025-11-17T20:02:22.063+0000] {logging_mixin.py:190} INFO - [2025-11-17T20:02:22.063+0000] {dagbag.py:588} INFO - Filling up the DagBag from /home/airflow/.local/lib/python3.12/site-packages/airflow/example_dags/example_python_decorator.py
[2025-11-17T20:02:22.073+0000] {processor.py:925} INFO - DAG(s) 'example_python_decorator' retrieved from /home/airflow/.local/lib/python3.12/site-packages/airflow/example_dags/example_python_decorator.py
[2025-11-17T20:02:22.089+0000] {logging_mixin.py:190} INFO - [2025-11-17T20:02:22.089+0000] {dag.py:3239} INFO - Sync 1 DAGs
[2025-11-17T20:02:22.099+0000] {logging_mixin.py:190} INFO - [2025-11-17T20:02:22.098+0000] {dag.py:4180} INFO - Setting next_dagrun for example_python_decorator to None, run_after=None
[2025-11-17T20:02:22.111+0000] {processor.py:208} INFO - Processing /home/airflow/.local/lib/python3.12/site-packages/airflow/example_dags/example_python_decorator.py took 0.054 seconds
[2025-11-17T20:02:53.447+0000] {processor.py:186} INFO - Started process (PID=1329) to work on /home/airflow/.local/lib/python3.12/site-packages/airflow/example_dags/example_python_decorator.py
[2025-11-17T20:02:53.448+0000] {processor.py:914} INFO - Processing file /home/airflow/.local/lib/python3.12/site-packages/airflow/example_dags/example_python_decorator.py for tasks to queue
[2025-11-17T20:02:53.449+0000] {logging_mixin.py:190} INFO - [2025-11-17T20:02:53.448+0000] {dagbag.py:588} INFO - Filling up the DagBag from /home/airflow/.local/lib/python3.12/site-packages/airflow/example_dags/example_python_decorator.py
[2025-11-17T20:02:53.459+0000] {processor.py:925} INFO - DAG(s) 'example_python_decorator' retrieved from /home/airflow/.local/lib/python3.12/site-packages/airflow/example_dags/example_python_decorator.py
[2025-11-17T20:02:53.474+0000] {logging_mixin.py:190} INFO - [2025-11-17T20:02:53.474+0000] {dag.py:3239} INFO - Sync 1 DAGs
[2025-11-17T20:02:53.485+0000] {logging_mixin.py:190} INFO - [2025-11-17T20:02:53.485+0000] {dag.py:4180} INFO - Setting next_dagrun for example_python_decorator to None, run_after=None
[2025-11-17T20:02:53.499+0000] {processor.py:208} INFO - Processing /home/airflow/.local/lib/python3.12/site-packages/airflow/example_dags/example_python_decorator.py took 0.056 seconds
[2025-11-17T20:03:25.016+0000] {processor.py:186} INFO - Started process (PID=1395) to work on /home/airflow/.local/lib/python3.12/site-packages/airflow/example_dags/example_python_decorator.py
[2025-11-17T20:03:25.017+0000] {processor.py:914} INFO - Processing file /home/airflow/.local/lib/python3.12/site-packages/airflow/example_dags/example_python_decorator.py for tasks to queue
[2025-11-17T20:03:25.019+0000] {logging_mixin.py:190} INFO - [2025-11-17T20:03:25.018+0000] {dagbag.py:588} INFO - Filling up the DagBag from /home/airflow/.local/lib/python3.12/site-packages/airflow/example_dags/example_python_decorator.py
[2025-11-17T20:03:25.030+0000] {processor.py:925} INFO - DAG(s) 'example_python_decorator' retrieved from /home/airflow/.local/lib/python3.12/site-packages/airflow/example_dags/example_python_decorator.py
[2025-11-17T20:03:25.046+0000] {logging_mixin.py:190} INFO - [2025-11-17T20:03:25.046+0000] {dag.py:3239} INFO - Sync 1 DAGs
[2025-11-17T20:03:25.056+0000] {logging_mixin.py:190} INFO - [2025-11-17T20:03:25.056+0000] {dag.py:4180} INFO - Setting next_dagrun for example_python_decorator to None, run_after=None
[2025-11-17T20:03:25.071+0000] {processor.py:208} INFO - Processing /home/airflow/.local/lib/python3.12/site-packages/airflow/example_dags/example_python_decorator.py took 0.060 seconds
[2025-11-17T20:03:56.183+0000] {processor.py:186} INFO - Started process (PID=1461) to work on /home/airflow/.local/lib/python3.12/site-packages/airflow/example_dags/example_python_decorator.py
[2025-11-17T20:03:56.184+0000] {processor.py:914} INFO - Processing file /home/airflow/.local/lib/python3.12/site-packages/airflow/example_dags/example_python_decorator.py for tasks to queue
[2025-11-17T20:03:56.185+0000] {logging_mixin.py:190} INFO - [2025-11-17T20:03:56.184+0000] {dagbag.py:588} INFO - Filling up the DagBag from /home/airflow/.local/lib/python3.12/site-packages/airflow/example_dags/example_python_decorator.py
[2025-11-17T20:03:56.195+0000] {processor.py:925} INFO - DAG(s) 'example_python_decorator' retrieved from /home/airflow/.local/lib/python3.12/site-packages/airflow/example_dags/example_python_decorator.py
[2025-11-17T20:03:56.209+0000] {logging_mixin.py:190} INFO - [2025-11-17T20:03:56.209+0000] {dag.py:3239} INFO - Sync 1 DAGs
[2025-11-17T20:03:56.219+0000] {logging_mixin.py:190} INFO - [2025-11-17T20:03:56.219+0000] {dag.py:4180} INFO - Setting next_dagrun for example_python_decorator to None, run_after=None
[2025-11-17T20:03:56.232+0000] {processor.py:208} INFO - Processing /home/airflow/.local/lib/python3.12/site-packages/airflow/example_dags/example_python_decorator.py took 0.053 seconds
[2025-11-17T20:04:28.194+0000] {processor.py:186} INFO - Started process (PID=1527) to work on /home/airflow/.local/lib/python3.12/site-packages/airflow/example_dags/example_python_decorator.py
[2025-11-17T20:04:28.195+0000] {processor.py:914} INFO - Processing file /home/airflow/.local/lib/python3.12/site-packages/airflow/example_dags/example_python_decorator.py for tasks to queue
[2025-11-17T20:04:28.195+0000] {logging_mixin.py:190} INFO - [2025-11-17T20:04:28.195+0000] {dagbag.py:588} INFO - Filling up the DagBag from /home/airflow/.local/lib/python3.12/site-packages/airflow/example_dags/example_python_decorator.py
[2025-11-17T20:04:28.205+0000] {processor.py:925} INFO - DAG(s) 'example_python_decorator' retrieved from /home/airflow/.local/lib/python3.12/site-packages/airflow/example_dags/example_python_decorator.py
[2025-11-17T20:04:28.219+0000] {logging_mixin.py:190} INFO - [2025-11-17T20:04:28.219+0000] {dag.py:3239} INFO - Sync 1 DAGs
[2025-11-17T20:04:28.228+0000] {logging_mixin.py:190} INFO - [2025-11-17T20:04:28.228+0000] {dag.py:4180} INFO - Setting next_dagrun for example_python_decorator to None, run_after=None
[2025-11-17T20:04:28.240+0000] {processor.py:208} INFO - Processing /home/airflow/.local/lib/python3.12/site-packages/airflow/example_dags/example_python_decorator.py took 0.050 seconds
[2025-11-17T20:04:58.535+0000] {processor.py:186} INFO - Started process (PID=1593) to work on /home/airflow/.local/lib/python3.12/site-packages/airflow/example_dags/example_python_decorator.py
[2025-11-17T20:04:58.536+0000] {processor.py:914} INFO - Processing file /home/airflow/.local/lib/python3.12/site-packages/airflow/example_dags/example_python_decorator.py for tasks to queue
[2025-11-17T20:04:58.537+0000] {logging_mixin.py:190} INFO - [2025-11-17T20:04:58.537+0000] {dagbag.py:588} INFO - Filling up the DagBag from /home/airflow/.local/lib/python3.12/site-packages/airflow/example_dags/example_python_decorator.py
[2025-11-17T20:04:58.550+0000] {processor.py:925} INFO - DAG(s) 'example_python_decorator' retrieved from /home/airflow/.local/lib/python3.12/site-packages/airflow/example_dags/example_python_decorator.py
[2025-11-17T20:04:58.569+0000] {logging_mixin.py:190} INFO - [2025-11-17T20:04:58.569+0000] {dag.py:3239} INFO - Sync 1 DAGs
[2025-11-17T20:04:58.580+0000] {logging_mixin.py:190} INFO - [2025-11-17T20:04:58.580+0000] {dag.py:4180} INFO - Setting next_dagrun for example_python_decorator to None, run_after=None
[2025-11-17T20:04:58.593+0000] {processor.py:208} INFO - Processing /home/airflow/.local/lib/python3.12/site-packages/airflow/example_dags/example_python_decorator.py took 0.063 seconds
[2025-11-17T20:05:29.969+0000] {processor.py:186} INFO - Started process (PID=1659) to work on /home/airflow/.local/lib/python3.12/site-packages/airflow/example_dags/example_python_decorator.py
[2025-11-17T20:05:29.970+0000] {processor.py:914} INFO - Processing file /home/airflow/.local/lib/python3.12/site-packages/airflow/example_dags/example_python_decorator.py for tasks to queue
[2025-11-17T20:05:29.972+0000] {logging_mixin.py:190} INFO - [2025-11-17T20:05:29.971+0000] {dagbag.py:588} INFO - Filling up the DagBag from /home/airflow/.local/lib/python3.12/site-packages/airflow/example_dags/example_python_decorator.py
[2025-11-17T20:05:29.981+0000] {processor.py:925} INFO - DAG(s) 'example_python_decorator' retrieved from /home/airflow/.local/lib/python3.12/site-packages/airflow/example_dags/example_python_decorator.py
[2025-11-17T20:05:29.997+0000] {logging_mixin.py:190} INFO - [2025-11-17T20:05:29.996+0000] {dag.py:3239} INFO - Sync 1 DAGs
[2025-11-17T20:05:30.007+0000] {logging_mixin.py:190} INFO - [2025-11-17T20:05:30.007+0000] {dag.py:4180} INFO - Setting next_dagrun for example_python_decorator to None, run_after=None
[2025-11-17T20:05:30.020+0000] {processor.py:208} INFO - Processing /home/airflow/.local/lib/python3.12/site-packages/airflow/example_dags/example_python_decorator.py took 0.055 seconds
[2025-11-17T20:06:00.934+0000] {processor.py:186} INFO - Started process (PID=1732) to work on /home/airflow/.local/lib/python3.12/site-packages/airflow/example_dags/example_python_decorator.py
[2025-11-17T20:06:00.935+0000] {processor.py:914} INFO - Processing file /home/airflow/.local/lib/python3.12/site-packages/airflow/example_dags/example_python_decorator.py for tasks to queue
[2025-11-17T20:06:00.936+0000] {logging_mixin.py:190} INFO - [2025-11-17T20:06:00.936+0000] {dagbag.py:588} INFO - Filling up the DagBag from /home/airflow/.local/lib/python3.12/site-packages/airflow/example_dags/example_python_decorator.py
[2025-11-17T20:06:00.947+0000] {processor.py:925} INFO - DAG(s) 'example_python_decorator' retrieved from /home/airflow/.local/lib/python3.12/site-packages/airflow/example_dags/example_python_decorator.py
[2025-11-17T20:06:00.962+0000] {logging_mixin.py:190} INFO - [2025-11-17T20:06:00.962+0000] {dag.py:3239} INFO - Sync 1 DAGs
[2025-11-17T20:06:00.972+0000] {logging_mixin.py:190} INFO - [2025-11-17T20:06:00.972+0000] {dag.py:4180} INFO - Setting next_dagrun for example_python_decorator to None, run_after=None
[2025-11-17T20:06:00.984+0000] {processor.py:208} INFO - Processing /home/airflow/.local/lib/python3.12/site-packages/airflow/example_dags/example_python_decorator.py took 0.055 seconds
[2025-11-17T20:06:31.946+0000] {processor.py:186} INFO - Started process (PID=1798) to work on /home/airflow/.local/lib/python3.12/site-packages/airflow/example_dags/example_python_decorator.py
[2025-11-17T20:06:31.947+0000] {processor.py:914} INFO - Processing file /home/airflow/.local/lib/python3.12/site-packages/airflow/example_dags/example_python_decorator.py for tasks to queue
[2025-11-17T20:06:31.948+0000] {logging_mixin.py:190} INFO - [2025-11-17T20:06:31.948+0000] {dagbag.py:588} INFO - Filling up the DagBag from /home/airflow/.local/lib/python3.12/site-packages/airflow/example_dags/example_python_decorator.py
[2025-11-17T20:06:31.958+0000] {processor.py:925} INFO - DAG(s) 'example_python_decorator' retrieved from /home/airflow/.local/lib/python3.12/site-packages/airflow/example_dags/example_python_decorator.py
[2025-11-17T20:06:31.972+0000] {logging_mixin.py:190} INFO - [2025-11-17T20:06:31.972+0000] {dag.py:3239} INFO - Sync 1 DAGs
[2025-11-17T20:06:31.983+0000] {logging_mixin.py:190} INFO - [2025-11-17T20:06:31.982+0000] {dag.py:4180} INFO - Setting next_dagrun for example_python_decorator to None, run_after=None
[2025-11-17T20:06:31.995+0000] {processor.py:208} INFO - Processing /home/airflow/.local/lib/python3.12/site-packages/airflow/example_dags/example_python_decorator.py took 0.053 seconds
[2025-11-17T20:07:03.485+0000] {processor.py:186} INFO - Started process (PID=1864) to work on /home/airflow/.local/lib/python3.12/site-packages/airflow/example_dags/example_python_decorator.py
[2025-11-17T20:07:03.486+0000] {processor.py:914} INFO - Processing file /home/airflow/.local/lib/python3.12/site-packages/airflow/example_dags/example_python_decorator.py for tasks to queue
[2025-11-17T20:07:03.487+0000] {logging_mixin.py:190} INFO - [2025-11-17T20:07:03.487+0000] {dagbag.py:588} INFO - Filling up the DagBag from /home/airflow/.local/lib/python3.12/site-packages/airflow/example_dags/example_python_decorator.py
[2025-11-17T20:07:03.497+0000] {processor.py:925} INFO - DAG(s) 'example_python_decorator' retrieved from /home/airflow/.local/lib/python3.12/site-packages/airflow/example_dags/example_python_decorator.py
[2025-11-17T20:07:03.513+0000] {logging_mixin.py:190} INFO - [2025-11-17T20:07:03.512+0000] {dag.py:3239} INFO - Sync 1 DAGs
[2025-11-17T20:07:03.523+0000] {logging_mixin.py:190} INFO - [2025-11-17T20:07:03.522+0000] {dag.py:4180} INFO - Setting next_dagrun for example_python_decorator to None, run_after=None
[2025-11-17T20:07:03.546+0000] {processor.py:208} INFO - Processing /home/airflow/.local/lib/python3.12/site-packages/airflow/example_dags/example_python_decorator.py took 0.065 seconds
[2025-11-17T20:07:34.082+0000] {processor.py:186} INFO - Started process (PID=1930) to work on /home/airflow/.local/lib/python3.12/site-packages/airflow/example_dags/example_python_decorator.py
[2025-11-17T20:07:34.083+0000] {processor.py:914} INFO - Processing file /home/airflow/.local/lib/python3.12/site-packages/airflow/example_dags/example_python_decorator.py for tasks to queue
[2025-11-17T20:07:34.084+0000] {logging_mixin.py:190} INFO - [2025-11-17T20:07:34.083+0000] {dagbag.py:588} INFO - Filling up the DagBag from /home/airflow/.local/lib/python3.12/site-packages/airflow/example_dags/example_python_decorator.py
[2025-11-17T20:07:34.093+0000] {processor.py:925} INFO - DAG(s) 'example_python_decorator' retrieved from /home/airflow/.local/lib/python3.12/site-packages/airflow/example_dags/example_python_decorator.py
[2025-11-17T20:07:34.108+0000] {logging_mixin.py:190} INFO - [2025-11-17T20:07:34.108+0000] {dag.py:3239} INFO - Sync 1 DAGs
[2025-11-17T20:07:34.119+0000] {logging_mixin.py:190} INFO - [2025-11-17T20:07:34.119+0000] {dag.py:4180} INFO - Setting next_dagrun for example_python_decorator to None, run_after=None
[2025-11-17T20:07:34.132+0000] {processor.py:208} INFO - Processing /home/airflow/.local/lib/python3.12/site-packages/airflow/example_dags/example_python_decorator.py took 0.054 seconds
[2025-11-17T20:08:04.509+0000] {processor.py:186} INFO - Started process (PID=1996) to work on /home/airflow/.local/lib/python3.12/site-packages/airflow/example_dags/example_python_decorator.py
[2025-11-17T20:08:04.509+0000] {processor.py:914} INFO - Processing file /home/airflow/.local/lib/python3.12/site-packages/airflow/example_dags/example_python_decorator.py for tasks to queue
[2025-11-17T20:08:04.511+0000] {logging_mixin.py:190} INFO - [2025-11-17T20:08:04.510+0000] {dagbag.py:588} INFO - Filling up the DagBag from /home/airflow/.local/lib/python3.12/site-packages/airflow/example_dags/example_python_decorator.py
[2025-11-17T20:08:04.521+0000] {processor.py:925} INFO - DAG(s) 'example_python_decorator' retrieved from /home/airflow/.local/lib/python3.12/site-packages/airflow/example_dags/example_python_decorator.py
[2025-11-17T20:08:04.537+0000] {logging_mixin.py:190} INFO - [2025-11-17T20:08:04.537+0000] {dag.py:3239} INFO - Sync 1 DAGs
[2025-11-17T20:08:04.547+0000] {logging_mixin.py:190} INFO - [2025-11-17T20:08:04.547+0000] {dag.py:4180} INFO - Setting next_dagrun for example_python_decorator to None, run_after=None
[2025-11-17T20:08:04.561+0000] {processor.py:208} INFO - Processing /home/airflow/.local/lib/python3.12/site-packages/airflow/example_dags/example_python_decorator.py took 0.057 seconds
[2025-11-17T20:08:35.892+0000] {processor.py:186} INFO - Started process (PID=2062) to work on /home/airflow/.local/lib/python3.12/site-packages/airflow/example_dags/example_python_decorator.py
[2025-11-17T20:08:35.893+0000] {processor.py:914} INFO - Processing file /home/airflow/.local/lib/python3.12/site-packages/airflow/example_dags/example_python_decorator.py for tasks to queue
[2025-11-17T20:08:35.894+0000] {logging_mixin.py:190} INFO - [2025-11-17T20:08:35.894+0000] {dagbag.py:588} INFO - Filling up the DagBag from /home/airflow/.local/lib/python3.12/site-packages/airflow/example_dags/example_python_decorator.py
[2025-11-17T20:08:35.905+0000] {processor.py:925} INFO - DAG(s) 'example_python_decorator' retrieved from /home/airflow/.local/lib/python3.12/site-packages/airflow/example_dags/example_python_decorator.py
[2025-11-17T20:08:35.924+0000] {logging_mixin.py:190} INFO - [2025-11-17T20:08:35.924+0000] {dag.py:3239} INFO - Sync 1 DAGs
[2025-11-17T20:08:35.938+0000] {logging_mixin.py:190} INFO - [2025-11-17T20:08:35.938+0000] {dag.py:4180} INFO - Setting next_dagrun for example_python_decorator to None, run_after=None
[2025-11-17T20:08:35.952+0000] {processor.py:208} INFO - Processing /home/airflow/.local/lib/python3.12/site-packages/airflow/example_dags/example_python_decorator.py took 0.064 seconds
[2025-11-17T20:09:07.613+0000] {processor.py:186} INFO - Started process (PID=2128) to work on /home/airflow/.local/lib/python3.12/site-packages/airflow/example_dags/example_python_decorator.py
[2025-11-17T20:09:07.614+0000] {processor.py:914} INFO - Processing file /home/airflow/.local/lib/python3.12/site-packages/airflow/example_dags/example_python_decorator.py for tasks to queue
[2025-11-17T20:09:07.615+0000] {logging_mixin.py:190} INFO - [2025-11-17T20:09:07.615+0000] {dagbag.py:588} INFO - Filling up the DagBag from /home/airflow/.local/lib/python3.12/site-packages/airflow/example_dags/example_python_decorator.py
[2025-11-17T20:09:07.626+0000] {processor.py:925} INFO - DAG(s) 'example_python_decorator' retrieved from /home/airflow/.local/lib/python3.12/site-packages/airflow/example_dags/example_python_decorator.py
[2025-11-17T20:09:07.644+0000] {logging_mixin.py:190} INFO - [2025-11-17T20:09:07.644+0000] {dag.py:3239} INFO - Sync 1 DAGs
[2025-11-17T20:09:07.655+0000] {logging_mixin.py:190} INFO - [2025-11-17T20:09:07.655+0000] {dag.py:4180} INFO - Setting next_dagrun for example_python_decorator to None, run_after=None
[2025-11-17T20:09:07.669+0000] {processor.py:208} INFO - Processing /home/airflow/.local/lib/python3.12/site-packages/airflow/example_dags/example_python_decorator.py took 0.061 seconds
[2025-11-17T20:09:38.309+0000] {processor.py:186} INFO - Started process (PID=2194) to work on /home/airflow/.local/lib/python3.12/site-packages/airflow/example_dags/example_python_decorator.py
[2025-11-17T20:09:38.310+0000] {processor.py:914} INFO - Processing file /home/airflow/.local/lib/python3.12/site-packages/airflow/example_dags/example_python_decorator.py for tasks to queue
[2025-11-17T20:09:38.311+0000] {logging_mixin.py:190} INFO - [2025-11-17T20:09:38.311+0000] {dagbag.py:588} INFO - Filling up the DagBag from /home/airflow/.local/lib/python3.12/site-packages/airflow/example_dags/example_python_decorator.py
[2025-11-17T20:09:38.320+0000] {processor.py:925} INFO - DAG(s) 'example_python_decorator' retrieved from /home/airflow/.local/lib/python3.12/site-packages/airflow/example_dags/example_python_decorator.py
[2025-11-17T20:09:38.335+0000] {logging_mixin.py:190} INFO - [2025-11-17T20:09:38.335+0000] {dag.py:3239} INFO - Sync 1 DAGs
[2025-11-17T20:09:38.345+0000] {logging_mixin.py:190} INFO - [2025-11-17T20:09:38.345+0000] {dag.py:4180} INFO - Setting next_dagrun for example_python_decorator to None, run_after=None
[2025-11-17T20:09:38.357+0000] {processor.py:208} INFO - Processing /home/airflow/.local/lib/python3.12/site-packages/airflow/example_dags/example_python_decorator.py took 0.052 seconds
[2025-11-17T20:10:08.802+0000] {processor.py:186} INFO - Started process (PID=2260) to work on /home/airflow/.local/lib/python3.12/site-packages/airflow/example_dags/example_python_decorator.py
[2025-11-17T20:10:08.803+0000] {processor.py:914} INFO - Processing file /home/airflow/.local/lib/python3.12/site-packages/airflow/example_dags/example_python_decorator.py for tasks to queue
[2025-11-17T20:10:08.804+0000] {logging_mixin.py:190} INFO - [2025-11-17T20:10:08.804+0000] {dagbag.py:588} INFO - Filling up the DagBag from /home/airflow/.local/lib/python3.12/site-packages/airflow/example_dags/example_python_decorator.py
[2025-11-17T20:10:08.814+0000] {processor.py:925} INFO - DAG(s) 'example_python_decorator' retrieved from /home/airflow/.local/lib/python3.12/site-packages/airflow/example_dags/example_python_decorator.py
[2025-11-17T20:10:08.829+0000] {logging_mixin.py:190} INFO - [2025-11-17T20:10:08.828+0000] {dag.py:3239} INFO - Sync 1 DAGs
[2025-11-17T20:10:08.838+0000] {logging_mixin.py:190} INFO - [2025-11-17T20:10:08.838+0000] {dag.py:4180} INFO - Setting next_dagrun for example_python_decorator to None, run_after=None
[2025-11-17T20:10:08.850+0000] {processor.py:208} INFO - Processing /home/airflow/.local/lib/python3.12/site-packages/airflow/example_dags/example_python_decorator.py took 0.053 seconds
[2025-11-17T20:10:39.555+0000] {processor.py:186} INFO - Started process (PID=2325) to work on /home/airflow/.local/lib/python3.12/site-packages/airflow/example_dags/example_python_decorator.py
[2025-11-17T20:10:39.556+0000] {processor.py:914} INFO - Processing file /home/airflow/.local/lib/python3.12/site-packages/airflow/example_dags/example_python_decorator.py for tasks to queue
[2025-11-17T20:10:39.557+0000] {logging_mixin.py:190} INFO - [2025-11-17T20:10:39.557+0000] {dagbag.py:588} INFO - Filling up the DagBag from /home/airflow/.local/lib/python3.12/site-packages/airflow/example_dags/example_python_decorator.py
[2025-11-17T20:10:39.567+0000] {processor.py:925} INFO - DAG(s) 'example_python_decorator' retrieved from /home/airflow/.local/lib/python3.12/site-packages/airflow/example_dags/example_python_decorator.py
[2025-11-17T20:10:39.584+0000] {logging_mixin.py:190} INFO - [2025-11-17T20:10:39.583+0000] {dag.py:3239} INFO - Sync 1 DAGs
[2025-11-17T20:10:39.594+0000] {logging_mixin.py:190} INFO - [2025-11-17T20:10:39.594+0000] {dag.py:4180} INFO - Setting next_dagrun for example_python_decorator to None, run_after=None
[2025-11-17T20:10:39.606+0000] {processor.py:208} INFO - Processing /home/airflow/.local/lib/python3.12/site-packages/airflow/example_dags/example_python_decorator.py took 0.056 seconds
[2025-11-17T20:11:10.764+0000] {processor.py:186} INFO - Started process (PID=2391) to work on /home/airflow/.local/lib/python3.12/site-packages/airflow/example_dags/example_python_decorator.py
[2025-11-17T20:11:10.766+0000] {processor.py:914} INFO - Processing file /home/airflow/.local/lib/python3.12/site-packages/airflow/example_dags/example_python_decorator.py for tasks to queue
[2025-11-17T20:11:10.767+0000] {logging_mixin.py:190} INFO - [2025-11-17T20:11:10.766+0000] {dagbag.py:588} INFO - Filling up the DagBag from /home/airflow/.local/lib/python3.12/site-packages/airflow/example_dags/example_python_decorator.py
[2025-11-17T20:11:10.776+0000] {processor.py:925} INFO - DAG(s) 'example_python_decorator' retrieved from /home/airflow/.local/lib/python3.12/site-packages/airflow/example_dags/example_python_decorator.py
[2025-11-17T20:11:10.791+0000] {logging_mixin.py:190} INFO - [2025-11-17T20:11:10.791+0000] {dag.py:3239} INFO - Sync 1 DAGs
[2025-11-17T20:11:10.802+0000] {logging_mixin.py:190} INFO - [2025-11-17T20:11:10.802+0000] {dag.py:4180} INFO - Setting next_dagrun for example_python_decorator to None, run_after=None
[2025-11-17T20:11:10.815+0000] {processor.py:208} INFO - Processing /home/airflow/.local/lib/python3.12/site-packages/airflow/example_dags/example_python_decorator.py took 0.055 seconds
[2025-11-17T20:11:42.729+0000] {processor.py:186} INFO - Started process (PID=2457) to work on /home/airflow/.local/lib/python3.12/site-packages/airflow/example_dags/example_python_decorator.py
[2025-11-17T20:11:42.731+0000] {processor.py:914} INFO - Processing file /home/airflow/.local/lib/python3.12/site-packages/airflow/example_dags/example_python_decorator.py for tasks to queue
[2025-11-17T20:11:42.732+0000] {logging_mixin.py:190} INFO - [2025-11-17T20:11:42.732+0000] {dagbag.py:588} INFO - Filling up the DagBag from /home/airflow/.local/lib/python3.12/site-packages/airflow/example_dags/example_python_decorator.py
[2025-11-17T20:11:42.742+0000] {processor.py:925} INFO - DAG(s) 'example_python_decorator' retrieved from /home/airflow/.local/lib/python3.12/site-packages/airflow/example_dags/example_python_decorator.py
[2025-11-17T20:11:42.758+0000] {logging_mixin.py:190} INFO - [2025-11-17T20:11:42.757+0000] {dag.py:3239} INFO - Sync 1 DAGs
[2025-11-17T20:11:42.768+0000] {logging_mixin.py:190} INFO - [2025-11-17T20:11:42.768+0000] {dag.py:4180} INFO - Setting next_dagrun for example_python_decorator to None, run_after=None
[2025-11-17T20:11:42.780+0000] {processor.py:208} INFO - Processing /home/airflow/.local/lib/python3.12/site-packages/airflow/example_dags/example_python_decorator.py took 0.055 seconds
[2025-11-17T20:59:12.270+0000] {processor.py:186} INFO - Started process (PID=110) to work on /home/airflow/.local/lib/python3.12/site-packages/airflow/example_dags/example_python_decorator.py
[2025-11-17T20:59:12.272+0000] {processor.py:914} INFO - Processing file /home/airflow/.local/lib/python3.12/site-packages/airflow/example_dags/example_python_decorator.py for tasks to queue
[2025-11-17T20:59:12.274+0000] {logging_mixin.py:190} INFO - [2025-11-17T20:59:12.274+0000] {dagbag.py:588} INFO - Filling up the DagBag from /home/airflow/.local/lib/python3.12/site-packages/airflow/example_dags/example_python_decorator.py
[2025-11-17T20:59:12.285+0000] {processor.py:925} INFO - DAG(s) 'example_python_decorator' retrieved from /home/airflow/.local/lib/python3.12/site-packages/airflow/example_dags/example_python_decorator.py
[2025-11-17T20:59:12.369+0000] {logging_mixin.py:190} INFO - [2025-11-17T20:59:12.369+0000] {dag.py:3239} INFO - Sync 1 DAGs
[2025-11-17T20:59:12.379+0000] {logging_mixin.py:190} INFO - [2025-11-17T20:59:12.379+0000] {dag.py:4180} INFO - Setting next_dagrun for example_python_decorator to None, run_after=None
[2025-11-17T20:59:12.393+0000] {processor.py:208} INFO - Processing /home/airflow/.local/lib/python3.12/site-packages/airflow/example_dags/example_python_decorator.py took 0.128 seconds
[2025-11-17T20:59:43.269+0000] {processor.py:186} INFO - Started process (PID=176) to work on /home/airflow/.local/lib/python3.12/site-packages/airflow/example_dags/example_python_decorator.py
[2025-11-17T20:59:43.270+0000] {processor.py:914} INFO - Processing file /home/airflow/.local/lib/python3.12/site-packages/airflow/example_dags/example_python_decorator.py for tasks to queue
[2025-11-17T20:59:43.272+0000] {logging_mixin.py:190} INFO - [2025-11-17T20:59:43.272+0000] {dagbag.py:588} INFO - Filling up the DagBag from /home/airflow/.local/lib/python3.12/site-packages/airflow/example_dags/example_python_decorator.py
[2025-11-17T20:59:43.282+0000] {processor.py:925} INFO - DAG(s) 'example_python_decorator' retrieved from /home/airflow/.local/lib/python3.12/site-packages/airflow/example_dags/example_python_decorator.py
[2025-11-17T20:59:43.298+0000] {logging_mixin.py:190} INFO - [2025-11-17T20:59:43.297+0000] {dag.py:3239} INFO - Sync 1 DAGs
[2025-11-17T20:59:43.306+0000] {logging_mixin.py:190} INFO - [2025-11-17T20:59:43.306+0000] {dag.py:4180} INFO - Setting next_dagrun for example_python_decorator to None, run_after=None
[2025-11-17T20:59:43.321+0000] {processor.py:208} INFO - Processing /home/airflow/.local/lib/python3.12/site-packages/airflow/example_dags/example_python_decorator.py took 0.056 seconds
[2025-11-17T21:00:14.191+0000] {processor.py:186} INFO - Started process (PID=248) to work on /home/airflow/.local/lib/python3.12/site-packages/airflow/example_dags/example_python_decorator.py
[2025-11-17T21:00:14.192+0000] {processor.py:914} INFO - Processing file /home/airflow/.local/lib/python3.12/site-packages/airflow/example_dags/example_python_decorator.py for tasks to queue
[2025-11-17T21:00:14.193+0000] {logging_mixin.py:190} INFO - [2025-11-17T21:00:14.193+0000] {dagbag.py:588} INFO - Filling up the DagBag from /home/airflow/.local/lib/python3.12/site-packages/airflow/example_dags/example_python_decorator.py
[2025-11-17T21:00:14.203+0000] {processor.py:925} INFO - DAG(s) 'example_python_decorator' retrieved from /home/airflow/.local/lib/python3.12/site-packages/airflow/example_dags/example_python_decorator.py
[2025-11-17T21:00:14.217+0000] {logging_mixin.py:190} INFO - [2025-11-17T21:00:14.216+0000] {dag.py:3239} INFO - Sync 1 DAGs
[2025-11-17T21:00:14.226+0000] {logging_mixin.py:190} INFO - [2025-11-17T21:00:14.226+0000] {dag.py:4180} INFO - Setting next_dagrun for example_python_decorator to None, run_after=None
[2025-11-17T21:00:14.239+0000] {processor.py:208} INFO - Processing /home/airflow/.local/lib/python3.12/site-packages/airflow/example_dags/example_python_decorator.py took 0.052 seconds
[2025-11-17T21:00:45.128+0000] {processor.py:186} INFO - Started process (PID=314) to work on /home/airflow/.local/lib/python3.12/site-packages/airflow/example_dags/example_python_decorator.py
[2025-11-17T21:00:45.129+0000] {processor.py:914} INFO - Processing file /home/airflow/.local/lib/python3.12/site-packages/airflow/example_dags/example_python_decorator.py for tasks to queue
[2025-11-17T21:00:45.131+0000] {logging_mixin.py:190} INFO - [2025-11-17T21:00:45.131+0000] {dagbag.py:588} INFO - Filling up the DagBag from /home/airflow/.local/lib/python3.12/site-packages/airflow/example_dags/example_python_decorator.py
[2025-11-17T21:00:45.141+0000] {processor.py:925} INFO - DAG(s) 'example_python_decorator' retrieved from /home/airflow/.local/lib/python3.12/site-packages/airflow/example_dags/example_python_decorator.py
[2025-11-17T21:00:45.156+0000] {logging_mixin.py:190} INFO - [2025-11-17T21:00:45.156+0000] {dag.py:3239} INFO - Sync 1 DAGs
[2025-11-17T21:00:45.165+0000] {logging_mixin.py:190} INFO - [2025-11-17T21:00:45.165+0000] {dag.py:4180} INFO - Setting next_dagrun for example_python_decorator to None, run_after=None
[2025-11-17T21:00:45.177+0000] {processor.py:208} INFO - Processing /home/airflow/.local/lib/python3.12/site-packages/airflow/example_dags/example_python_decorator.py took 0.053 seconds
[2025-11-17T21:01:16.224+0000] {processor.py:186} INFO - Started process (PID=380) to work on /home/airflow/.local/lib/python3.12/site-packages/airflow/example_dags/example_python_decorator.py
[2025-11-17T21:01:16.226+0000] {processor.py:914} INFO - Processing file /home/airflow/.local/lib/python3.12/site-packages/airflow/example_dags/example_python_decorator.py for tasks to queue
[2025-11-17T21:01:16.228+0000] {logging_mixin.py:190} INFO - [2025-11-17T21:01:16.228+0000] {dagbag.py:588} INFO - Filling up the DagBag from /home/airflow/.local/lib/python3.12/site-packages/airflow/example_dags/example_python_decorator.py
[2025-11-17T21:01:16.244+0000] {processor.py:925} INFO - DAG(s) 'example_python_decorator' retrieved from /home/airflow/.local/lib/python3.12/site-packages/airflow/example_dags/example_python_decorator.py
[2025-11-17T21:01:16.264+0000] {logging_mixin.py:190} INFO - [2025-11-17T21:01:16.264+0000] {dag.py:3239} INFO - Sync 1 DAGs
[2025-11-17T21:01:16.276+0000] {logging_mixin.py:190} INFO - [2025-11-17T21:01:16.275+0000] {dag.py:4180} INFO - Setting next_dagrun for example_python_decorator to None, run_after=None
[2025-11-17T21:01:16.294+0000] {processor.py:208} INFO - Processing /home/airflow/.local/lib/python3.12/site-packages/airflow/example_dags/example_python_decorator.py took 0.074 seconds
[2025-11-17T21:01:47.400+0000] {processor.py:186} INFO - Started process (PID=446) to work on /home/airflow/.local/lib/python3.12/site-packages/airflow/example_dags/example_python_decorator.py
[2025-11-17T21:01:47.401+0000] {processor.py:914} INFO - Processing file /home/airflow/.local/lib/python3.12/site-packages/airflow/example_dags/example_python_decorator.py for tasks to queue
[2025-11-17T21:01:47.403+0000] {logging_mixin.py:190} INFO - [2025-11-17T21:01:47.403+0000] {dagbag.py:588} INFO - Filling up the DagBag from /home/airflow/.local/lib/python3.12/site-packages/airflow/example_dags/example_python_decorator.py
[2025-11-17T21:01:47.413+0000] {processor.py:925} INFO - DAG(s) 'example_python_decorator' retrieved from /home/airflow/.local/lib/python3.12/site-packages/airflow/example_dags/example_python_decorator.py
[2025-11-17T21:01:47.428+0000] {logging_mixin.py:190} INFO - [2025-11-17T21:01:47.427+0000] {dag.py:3239} INFO - Sync 1 DAGs
[2025-11-17T21:01:47.437+0000] {logging_mixin.py:190} INFO - [2025-11-17T21:01:47.437+0000] {dag.py:4180} INFO - Setting next_dagrun for example_python_decorator to None, run_after=None
[2025-11-17T21:01:47.449+0000] {processor.py:208} INFO - Processing /home/airflow/.local/lib/python3.12/site-packages/airflow/example_dags/example_python_decorator.py took 0.053 seconds
[2025-11-17T21:02:18.713+0000] {processor.py:186} INFO - Started process (PID=512) to work on /home/airflow/.local/lib/python3.12/site-packages/airflow/example_dags/example_python_decorator.py
[2025-11-17T21:02:18.714+0000] {processor.py:914} INFO - Processing file /home/airflow/.local/lib/python3.12/site-packages/airflow/example_dags/example_python_decorator.py for tasks to queue
[2025-11-17T21:02:18.715+0000] {logging_mixin.py:190} INFO - [2025-11-17T21:02:18.715+0000] {dagbag.py:588} INFO - Filling up the DagBag from /home/airflow/.local/lib/python3.12/site-packages/airflow/example_dags/example_python_decorator.py
[2025-11-17T21:02:18.725+0000] {processor.py:925} INFO - DAG(s) 'example_python_decorator' retrieved from /home/airflow/.local/lib/python3.12/site-packages/airflow/example_dags/example_python_decorator.py
[2025-11-17T21:02:18.743+0000] {logging_mixin.py:190} INFO - [2025-11-17T21:02:18.743+0000] {dag.py:3239} INFO - Sync 1 DAGs
[2025-11-17T21:02:18.752+0000] {logging_mixin.py:190} INFO - [2025-11-17T21:02:18.752+0000] {dag.py:4180} INFO - Setting next_dagrun for example_python_decorator to None, run_after=None
[2025-11-17T21:02:18.764+0000] {processor.py:208} INFO - Processing /home/airflow/.local/lib/python3.12/site-packages/airflow/example_dags/example_python_decorator.py took 0.056 seconds
[2025-11-17T21:02:50.180+0000] {processor.py:186} INFO - Started process (PID=578) to work on /home/airflow/.local/lib/python3.12/site-packages/airflow/example_dags/example_python_decorator.py
[2025-11-17T21:02:50.181+0000] {processor.py:914} INFO - Processing file /home/airflow/.local/lib/python3.12/site-packages/airflow/example_dags/example_python_decorator.py for tasks to queue
[2025-11-17T21:02:50.183+0000] {logging_mixin.py:190} INFO - [2025-11-17T21:02:50.182+0000] {dagbag.py:588} INFO - Filling up the DagBag from /home/airflow/.local/lib/python3.12/site-packages/airflow/example_dags/example_python_decorator.py
[2025-11-17T21:02:50.193+0000] {processor.py:925} INFO - DAG(s) 'example_python_decorator' retrieved from /home/airflow/.local/lib/python3.12/site-packages/airflow/example_dags/example_python_decorator.py
[2025-11-17T21:02:50.208+0000] {logging_mixin.py:190} INFO - [2025-11-17T21:02:50.208+0000] {dag.py:3239} INFO - Sync 1 DAGs
[2025-11-17T21:02:50.217+0000] {logging_mixin.py:190} INFO - [2025-11-17T21:02:50.217+0000] {dag.py:4180} INFO - Setting next_dagrun for example_python_decorator to None, run_after=None
[2025-11-17T21:02:50.230+0000] {processor.py:208} INFO - Processing /home/airflow/.local/lib/python3.12/site-packages/airflow/example_dags/example_python_decorator.py took 0.055 seconds
[2025-11-17T21:03:20.418+0000] {processor.py:186} INFO - Started process (PID=644) to work on /home/airflow/.local/lib/python3.12/site-packages/airflow/example_dags/example_python_decorator.py
[2025-11-17T21:03:20.419+0000] {processor.py:914} INFO - Processing file /home/airflow/.local/lib/python3.12/site-packages/airflow/example_dags/example_python_decorator.py for tasks to queue
[2025-11-17T21:03:20.421+0000] {logging_mixin.py:190} INFO - [2025-11-17T21:03:20.421+0000] {dagbag.py:588} INFO - Filling up the DagBag from /home/airflow/.local/lib/python3.12/site-packages/airflow/example_dags/example_python_decorator.py
[2025-11-17T21:03:20.433+0000] {processor.py:925} INFO - DAG(s) 'example_python_decorator' retrieved from /home/airflow/.local/lib/python3.12/site-packages/airflow/example_dags/example_python_decorator.py
[2025-11-17T21:03:20.454+0000] {logging_mixin.py:190} INFO - [2025-11-17T21:03:20.453+0000] {dag.py:3239} INFO - Sync 1 DAGs
[2025-11-17T21:03:20.465+0000] {logging_mixin.py:190} INFO - [2025-11-17T21:03:20.464+0000] {dag.py:4180} INFO - Setting next_dagrun for example_python_decorator to None, run_after=None
[2025-11-17T21:03:20.479+0000] {processor.py:208} INFO - Processing /home/airflow/.local/lib/python3.12/site-packages/airflow/example_dags/example_python_decorator.py took 0.066 seconds
[2025-11-17T21:03:51.368+0000] {processor.py:186} INFO - Started process (PID=710) to work on /home/airflow/.local/lib/python3.12/site-packages/airflow/example_dags/example_python_decorator.py
[2025-11-17T21:03:51.369+0000] {processor.py:914} INFO - Processing file /home/airflow/.local/lib/python3.12/site-packages/airflow/example_dags/example_python_decorator.py for tasks to queue
[2025-11-17T21:03:51.371+0000] {logging_mixin.py:190} INFO - [2025-11-17T21:03:51.371+0000] {dagbag.py:588} INFO - Filling up the DagBag from /home/airflow/.local/lib/python3.12/site-packages/airflow/example_dags/example_python_decorator.py
[2025-11-17T21:03:51.382+0000] {processor.py:925} INFO - DAG(s) 'example_python_decorator' retrieved from /home/airflow/.local/lib/python3.12/site-packages/airflow/example_dags/example_python_decorator.py
[2025-11-17T21:03:51.397+0000] {logging_mixin.py:190} INFO - [2025-11-17T21:03:51.397+0000] {dag.py:3239} INFO - Sync 1 DAGs
[2025-11-17T21:03:51.408+0000] {logging_mixin.py:190} INFO - [2025-11-17T21:03:51.408+0000] {dag.py:4180} INFO - Setting next_dagrun for example_python_decorator to None, run_after=None
[2025-11-17T21:03:51.425+0000] {processor.py:208} INFO - Processing /home/airflow/.local/lib/python3.12/site-packages/airflow/example_dags/example_python_decorator.py took 0.061 seconds
[2025-11-17T21:04:22.149+0000] {processor.py:186} INFO - Started process (PID=775) to work on /home/airflow/.local/lib/python3.12/site-packages/airflow/example_dags/example_python_decorator.py
[2025-11-17T21:04:22.151+0000] {processor.py:914} INFO - Processing file /home/airflow/.local/lib/python3.12/site-packages/airflow/example_dags/example_python_decorator.py for tasks to queue
[2025-11-17T21:04:22.154+0000] {logging_mixin.py:190} INFO - [2025-11-17T21:04:22.154+0000] {dagbag.py:588} INFO - Filling up the DagBag from /home/airflow/.local/lib/python3.12/site-packages/airflow/example_dags/example_python_decorator.py
[2025-11-17T21:04:22.168+0000] {processor.py:925} INFO - DAG(s) 'example_python_decorator' retrieved from /home/airflow/.local/lib/python3.12/site-packages/airflow/example_dags/example_python_decorator.py
[2025-11-17T21:04:22.190+0000] {logging_mixin.py:190} INFO - [2025-11-17T21:04:22.190+0000] {dag.py:3239} INFO - Sync 1 DAGs
[2025-11-17T21:04:22.204+0000] {logging_mixin.py:190} INFO - [2025-11-17T21:04:22.204+0000] {dag.py:4180} INFO - Setting next_dagrun for example_python_decorator to None, run_after=None
[2025-11-17T21:04:22.220+0000] {processor.py:208} INFO - Processing /home/airflow/.local/lib/python3.12/site-packages/airflow/example_dags/example_python_decorator.py took 0.078 seconds
[2025-11-17T21:04:53.628+0000] {processor.py:186} INFO - Started process (PID=842) to work on /home/airflow/.local/lib/python3.12/site-packages/airflow/example_dags/example_python_decorator.py
[2025-11-17T21:04:53.629+0000] {processor.py:914} INFO - Processing file /home/airflow/.local/lib/python3.12/site-packages/airflow/example_dags/example_python_decorator.py for tasks to queue
[2025-11-17T21:04:53.631+0000] {logging_mixin.py:190} INFO - [2025-11-17T21:04:53.631+0000] {dagbag.py:588} INFO - Filling up the DagBag from /home/airflow/.local/lib/python3.12/site-packages/airflow/example_dags/example_python_decorator.py
[2025-11-17T21:04:53.643+0000] {processor.py:925} INFO - DAG(s) 'example_python_decorator' retrieved from /home/airflow/.local/lib/python3.12/site-packages/airflow/example_dags/example_python_decorator.py
[2025-11-17T21:04:53.659+0000] {logging_mixin.py:190} INFO - [2025-11-17T21:04:53.658+0000] {dag.py:3239} INFO - Sync 1 DAGs
[2025-11-17T21:04:53.668+0000] {logging_mixin.py:190} INFO - [2025-11-17T21:04:53.668+0000] {dag.py:4180} INFO - Setting next_dagrun for example_python_decorator to None, run_after=None
[2025-11-17T21:04:53.681+0000] {processor.py:208} INFO - Processing /home/airflow/.local/lib/python3.12/site-packages/airflow/example_dags/example_python_decorator.py took 0.058 seconds
[2025-11-17T21:05:24.607+0000] {processor.py:186} INFO - Started process (PID=908) to work on /home/airflow/.local/lib/python3.12/site-packages/airflow/example_dags/example_python_decorator.py
[2025-11-17T21:05:24.608+0000] {processor.py:914} INFO - Processing file /home/airflow/.local/lib/python3.12/site-packages/airflow/example_dags/example_python_decorator.py for tasks to queue
[2025-11-17T21:05:24.610+0000] {logging_mixin.py:190} INFO - [2025-11-17T21:05:24.610+0000] {dagbag.py:588} INFO - Filling up the DagBag from /home/airflow/.local/lib/python3.12/site-packages/airflow/example_dags/example_python_decorator.py
[2025-11-17T21:05:24.620+0000] {processor.py:925} INFO - DAG(s) 'example_python_decorator' retrieved from /home/airflow/.local/lib/python3.12/site-packages/airflow/example_dags/example_python_decorator.py
[2025-11-17T21:05:24.633+0000] {logging_mixin.py:190} INFO - [2025-11-17T21:05:24.633+0000] {dag.py:3239} INFO - Sync 1 DAGs
[2025-11-17T21:05:24.642+0000] {logging_mixin.py:190} INFO - [2025-11-17T21:05:24.641+0000] {dag.py:4180} INFO - Setting next_dagrun for example_python_decorator to None, run_after=None
[2025-11-17T21:05:24.655+0000] {processor.py:208} INFO - Processing /home/airflow/.local/lib/python3.12/site-packages/airflow/example_dags/example_python_decorator.py took 0.051 seconds
[2025-11-17T21:05:55.565+0000] {processor.py:186} INFO - Started process (PID=973) to work on /home/airflow/.local/lib/python3.12/site-packages/airflow/example_dags/example_python_decorator.py
[2025-11-17T21:05:55.566+0000] {processor.py:914} INFO - Processing file /home/airflow/.local/lib/python3.12/site-packages/airflow/example_dags/example_python_decorator.py for tasks to queue
[2025-11-17T21:05:55.568+0000] {logging_mixin.py:190} INFO - [2025-11-17T21:05:55.568+0000] {dagbag.py:588} INFO - Filling up the DagBag from /home/airflow/.local/lib/python3.12/site-packages/airflow/example_dags/example_python_decorator.py
[2025-11-17T21:05:55.578+0000] {processor.py:925} INFO - DAG(s) 'example_python_decorator' retrieved from /home/airflow/.local/lib/python3.12/site-packages/airflow/example_dags/example_python_decorator.py
[2025-11-17T21:05:55.593+0000] {logging_mixin.py:190} INFO - [2025-11-17T21:05:55.592+0000] {dag.py:3239} INFO - Sync 1 DAGs
[2025-11-17T21:05:55.602+0000] {logging_mixin.py:190} INFO - [2025-11-17T21:05:55.601+0000] {dag.py:4180} INFO - Setting next_dagrun for example_python_decorator to None, run_after=None
[2025-11-17T21:05:55.614+0000] {processor.py:208} INFO - Processing /home/airflow/.local/lib/python3.12/site-packages/airflow/example_dags/example_python_decorator.py took 0.053 seconds
[2025-11-17T21:06:27.089+0000] {processor.py:186} INFO - Started process (PID=1039) to work on /home/airflow/.local/lib/python3.12/site-packages/airflow/example_dags/example_python_decorator.py
[2025-11-17T21:06:27.091+0000] {processor.py:914} INFO - Processing file /home/airflow/.local/lib/python3.12/site-packages/airflow/example_dags/example_python_decorator.py for tasks to queue
[2025-11-17T21:06:27.093+0000] {logging_mixin.py:190} INFO - [2025-11-17T21:06:27.092+0000] {dagbag.py:588} INFO - Filling up the DagBag from /home/airflow/.local/lib/python3.12/site-packages/airflow/example_dags/example_python_decorator.py
[2025-11-17T21:06:27.115+0000] {processor.py:925} INFO - DAG(s) 'example_python_decorator' retrieved from /home/airflow/.local/lib/python3.12/site-packages/airflow/example_dags/example_python_decorator.py
[2025-11-17T21:06:27.143+0000] {logging_mixin.py:190} INFO - [2025-11-17T21:06:27.143+0000] {dag.py:3239} INFO - Sync 1 DAGs
[2025-11-17T21:06:27.161+0000] {logging_mixin.py:190} INFO - [2025-11-17T21:06:27.161+0000] {dag.py:4180} INFO - Setting next_dagrun for example_python_decorator to None, run_after=None
[2025-11-17T21:06:27.184+0000] {processor.py:208} INFO - Processing /home/airflow/.local/lib/python3.12/site-packages/airflow/example_dags/example_python_decorator.py took 0.098 seconds
[2025-11-17T21:06:58.101+0000] {processor.py:186} INFO - Started process (PID=1105) to work on /home/airflow/.local/lib/python3.12/site-packages/airflow/example_dags/example_python_decorator.py
[2025-11-17T21:06:58.102+0000] {processor.py:914} INFO - Processing file /home/airflow/.local/lib/python3.12/site-packages/airflow/example_dags/example_python_decorator.py for tasks to queue
[2025-11-17T21:06:58.104+0000] {logging_mixin.py:190} INFO - [2025-11-17T21:06:58.104+0000] {dagbag.py:588} INFO - Filling up the DagBag from /home/airflow/.local/lib/python3.12/site-packages/airflow/example_dags/example_python_decorator.py
[2025-11-17T21:06:58.115+0000] {processor.py:925} INFO - DAG(s) 'example_python_decorator' retrieved from /home/airflow/.local/lib/python3.12/site-packages/airflow/example_dags/example_python_decorator.py
[2025-11-17T21:06:58.129+0000] {logging_mixin.py:190} INFO - [2025-11-17T21:06:58.129+0000] {dag.py:3239} INFO - Sync 1 DAGs
[2025-11-17T21:06:58.138+0000] {logging_mixin.py:190} INFO - [2025-11-17T21:06:58.137+0000] {dag.py:4180} INFO - Setting next_dagrun for example_python_decorator to None, run_after=None
[2025-11-17T21:06:58.151+0000] {processor.py:208} INFO - Processing /home/airflow/.local/lib/python3.12/site-packages/airflow/example_dags/example_python_decorator.py took 0.054 seconds
[2025-11-17T21:07:28.890+0000] {processor.py:186} INFO - Started process (PID=1171) to work on /home/airflow/.local/lib/python3.12/site-packages/airflow/example_dags/example_python_decorator.py
[2025-11-17T21:07:28.890+0000] {processor.py:914} INFO - Processing file /home/airflow/.local/lib/python3.12/site-packages/airflow/example_dags/example_python_decorator.py for tasks to queue
[2025-11-17T21:07:28.892+0000] {logging_mixin.py:190} INFO - [2025-11-17T21:07:28.892+0000] {dagbag.py:588} INFO - Filling up the DagBag from /home/airflow/.local/lib/python3.12/site-packages/airflow/example_dags/example_python_decorator.py
[2025-11-17T21:07:28.902+0000] {processor.py:925} INFO - DAG(s) 'example_python_decorator' retrieved from /home/airflow/.local/lib/python3.12/site-packages/airflow/example_dags/example_python_decorator.py
[2025-11-17T21:07:28.916+0000] {logging_mixin.py:190} INFO - [2025-11-17T21:07:28.915+0000] {dag.py:3239} INFO - Sync 1 DAGs
[2025-11-17T21:07:28.925+0000] {logging_mixin.py:190} INFO - [2025-11-17T21:07:28.924+0000] {dag.py:4180} INFO - Setting next_dagrun for example_python_decorator to None, run_after=None
[2025-11-17T21:07:28.937+0000] {processor.py:208} INFO - Processing /home/airflow/.local/lib/python3.12/site-packages/airflow/example_dags/example_python_decorator.py took 0.052 seconds
[2025-11-17T21:07:59.781+0000] {processor.py:186} INFO - Started process (PID=1237) to work on /home/airflow/.local/lib/python3.12/site-packages/airflow/example_dags/example_python_decorator.py
[2025-11-17T21:07:59.782+0000] {processor.py:914} INFO - Processing file /home/airflow/.local/lib/python3.12/site-packages/airflow/example_dags/example_python_decorator.py for tasks to queue
[2025-11-17T21:07:59.784+0000] {logging_mixin.py:190} INFO - [2025-11-17T21:07:59.784+0000] {dagbag.py:588} INFO - Filling up the DagBag from /home/airflow/.local/lib/python3.12/site-packages/airflow/example_dags/example_python_decorator.py
[2025-11-17T21:07:59.793+0000] {processor.py:925} INFO - DAG(s) 'example_python_decorator' retrieved from /home/airflow/.local/lib/python3.12/site-packages/airflow/example_dags/example_python_decorator.py
[2025-11-17T21:07:59.809+0000] {logging_mixin.py:190} INFO - [2025-11-17T21:07:59.809+0000] {dag.py:3239} INFO - Sync 1 DAGs
[2025-11-17T21:07:59.818+0000] {logging_mixin.py:190} INFO - [2025-11-17T21:07:59.818+0000] {dag.py:4180} INFO - Setting next_dagrun for example_python_decorator to None, run_after=None
[2025-11-17T21:07:59.830+0000] {processor.py:208} INFO - Processing /home/airflow/.local/lib/python3.12/site-packages/airflow/example_dags/example_python_decorator.py took 0.054 seconds
[2025-11-17T21:08:31.125+0000] {processor.py:186} INFO - Started process (PID=1303) to work on /home/airflow/.local/lib/python3.12/site-packages/airflow/example_dags/example_python_decorator.py
[2025-11-17T21:08:31.126+0000] {processor.py:914} INFO - Processing file /home/airflow/.local/lib/python3.12/site-packages/airflow/example_dags/example_python_decorator.py for tasks to queue
[2025-11-17T21:08:31.128+0000] {logging_mixin.py:190} INFO - [2025-11-17T21:08:31.128+0000] {dagbag.py:588} INFO - Filling up the DagBag from /home/airflow/.local/lib/python3.12/site-packages/airflow/example_dags/example_python_decorator.py
[2025-11-17T21:08:31.139+0000] {processor.py:925} INFO - DAG(s) 'example_python_decorator' retrieved from /home/airflow/.local/lib/python3.12/site-packages/airflow/example_dags/example_python_decorator.py
[2025-11-17T21:08:31.154+0000] {logging_mixin.py:190} INFO - [2025-11-17T21:08:31.154+0000] {dag.py:3239} INFO - Sync 1 DAGs
[2025-11-17T21:08:31.164+0000] {logging_mixin.py:190} INFO - [2025-11-17T21:08:31.164+0000] {dag.py:4180} INFO - Setting next_dagrun for example_python_decorator to None, run_after=None
[2025-11-17T21:08:31.178+0000] {processor.py:208} INFO - Processing /home/airflow/.local/lib/python3.12/site-packages/airflow/example_dags/example_python_decorator.py took 0.058 seconds
[2025-11-17T21:09:02.510+0000] {processor.py:186} INFO - Started process (PID=1369) to work on /home/airflow/.local/lib/python3.12/site-packages/airflow/example_dags/example_python_decorator.py
[2025-11-17T21:09:02.511+0000] {processor.py:914} INFO - Processing file /home/airflow/.local/lib/python3.12/site-packages/airflow/example_dags/example_python_decorator.py for tasks to queue
[2025-11-17T21:09:02.514+0000] {logging_mixin.py:190} INFO - [2025-11-17T21:09:02.513+0000] {dagbag.py:588} INFO - Filling up the DagBag from /home/airflow/.local/lib/python3.12/site-packages/airflow/example_dags/example_python_decorator.py
[2025-11-17T21:09:02.525+0000] {processor.py:925} INFO - DAG(s) 'example_python_decorator' retrieved from /home/airflow/.local/lib/python3.12/site-packages/airflow/example_dags/example_python_decorator.py
[2025-11-17T21:09:02.550+0000] {logging_mixin.py:190} INFO - [2025-11-17T21:09:02.550+0000] {dag.py:3239} INFO - Sync 1 DAGs
[2025-11-17T21:09:02.566+0000] {logging_mixin.py:190} INFO - [2025-11-17T21:09:02.566+0000] {dag.py:4180} INFO - Setting next_dagrun for example_python_decorator to None, run_after=None
[2025-11-17T21:09:02.595+0000] {processor.py:208} INFO - Processing /home/airflow/.local/lib/python3.12/site-packages/airflow/example_dags/example_python_decorator.py took 0.089 seconds
[2025-11-17T21:09:33.763+0000] {processor.py:186} INFO - Started process (PID=1435) to work on /home/airflow/.local/lib/python3.12/site-packages/airflow/example_dags/example_python_decorator.py
[2025-11-17T21:09:33.764+0000] {processor.py:914} INFO - Processing file /home/airflow/.local/lib/python3.12/site-packages/airflow/example_dags/example_python_decorator.py for tasks to queue
[2025-11-17T21:09:33.766+0000] {logging_mixin.py:190} INFO - [2025-11-17T21:09:33.766+0000] {dagbag.py:588} INFO - Filling up the DagBag from /home/airflow/.local/lib/python3.12/site-packages/airflow/example_dags/example_python_decorator.py
[2025-11-17T21:09:33.776+0000] {processor.py:925} INFO - DAG(s) 'example_python_decorator' retrieved from /home/airflow/.local/lib/python3.12/site-packages/airflow/example_dags/example_python_decorator.py
[2025-11-17T21:09:33.791+0000] {logging_mixin.py:190} INFO - [2025-11-17T21:09:33.791+0000] {dag.py:3239} INFO - Sync 1 DAGs
[2025-11-17T21:09:33.801+0000] {logging_mixin.py:190} INFO - [2025-11-17T21:09:33.801+0000] {dag.py:4180} INFO - Setting next_dagrun for example_python_decorator to None, run_after=None
[2025-11-17T21:09:33.813+0000] {processor.py:208} INFO - Processing /home/airflow/.local/lib/python3.12/site-packages/airflow/example_dags/example_python_decorator.py took 0.054 seconds
[2025-11-17T21:10:04.816+0000] {processor.py:186} INFO - Started process (PID=1501) to work on /home/airflow/.local/lib/python3.12/site-packages/airflow/example_dags/example_python_decorator.py
[2025-11-17T21:10:04.817+0000] {processor.py:914} INFO - Processing file /home/airflow/.local/lib/python3.12/site-packages/airflow/example_dags/example_python_decorator.py for tasks to queue
[2025-11-17T21:10:04.818+0000] {logging_mixin.py:190} INFO - [2025-11-17T21:10:04.818+0000] {dagbag.py:588} INFO - Filling up the DagBag from /home/airflow/.local/lib/python3.12/site-packages/airflow/example_dags/example_python_decorator.py
[2025-11-17T21:10:04.828+0000] {processor.py:925} INFO - DAG(s) 'example_python_decorator' retrieved from /home/airflow/.local/lib/python3.12/site-packages/airflow/example_dags/example_python_decorator.py
[2025-11-17T21:10:04.842+0000] {logging_mixin.py:190} INFO - [2025-11-17T21:10:04.842+0000] {dag.py:3239} INFO - Sync 1 DAGs
[2025-11-17T21:10:04.851+0000] {logging_mixin.py:190} INFO - [2025-11-17T21:10:04.851+0000] {dag.py:4180} INFO - Setting next_dagrun for example_python_decorator to None, run_after=None
[2025-11-17T21:10:04.865+0000] {processor.py:208} INFO - Processing /home/airflow/.local/lib/python3.12/site-packages/airflow/example_dags/example_python_decorator.py took 0.053 seconds
[2025-11-17T21:10:35.753+0000] {processor.py:186} INFO - Started process (PID=1567) to work on /home/airflow/.local/lib/python3.12/site-packages/airflow/example_dags/example_python_decorator.py
[2025-11-17T21:10:35.754+0000] {processor.py:914} INFO - Processing file /home/airflow/.local/lib/python3.12/site-packages/airflow/example_dags/example_python_decorator.py for tasks to queue
[2025-11-17T21:10:35.756+0000] {logging_mixin.py:190} INFO - [2025-11-17T21:10:35.756+0000] {dagbag.py:588} INFO - Filling up the DagBag from /home/airflow/.local/lib/python3.12/site-packages/airflow/example_dags/example_python_decorator.py
[2025-11-17T21:10:35.767+0000] {processor.py:925} INFO - DAG(s) 'example_python_decorator' retrieved from /home/airflow/.local/lib/python3.12/site-packages/airflow/example_dags/example_python_decorator.py
[2025-11-17T21:10:35.784+0000] {logging_mixin.py:190} INFO - [2025-11-17T21:10:35.784+0000] {dag.py:3239} INFO - Sync 1 DAGs
[2025-11-17T21:10:35.794+0000] {logging_mixin.py:190} INFO - [2025-11-17T21:10:35.794+0000] {dag.py:4180} INFO - Setting next_dagrun for example_python_decorator to None, run_after=None
[2025-11-17T21:10:35.807+0000] {processor.py:208} INFO - Processing /home/airflow/.local/lib/python3.12/site-packages/airflow/example_dags/example_python_decorator.py took 0.058 seconds
[2025-11-17T21:11:07.012+0000] {processor.py:186} INFO - Started process (PID=1633) to work on /home/airflow/.local/lib/python3.12/site-packages/airflow/example_dags/example_python_decorator.py
[2025-11-17T21:11:07.014+0000] {processor.py:914} INFO - Processing file /home/airflow/.local/lib/python3.12/site-packages/airflow/example_dags/example_python_decorator.py for tasks to queue
[2025-11-17T21:11:07.016+0000] {logging_mixin.py:190} INFO - [2025-11-17T21:11:07.016+0000] {dagbag.py:588} INFO - Filling up the DagBag from /home/airflow/.local/lib/python3.12/site-packages/airflow/example_dags/example_python_decorator.py
[2025-11-17T21:11:07.027+0000] {processor.py:925} INFO - DAG(s) 'example_python_decorator' retrieved from /home/airflow/.local/lib/python3.12/site-packages/airflow/example_dags/example_python_decorator.py
[2025-11-17T21:11:07.042+0000] {logging_mixin.py:190} INFO - [2025-11-17T21:11:07.042+0000] {dag.py:3239} INFO - Sync 1 DAGs
[2025-11-17T21:11:07.052+0000] {logging_mixin.py:190} INFO - [2025-11-17T21:11:07.052+0000] {dag.py:4180} INFO - Setting next_dagrun for example_python_decorator to None, run_after=None
[2025-11-17T21:11:07.067+0000] {processor.py:208} INFO - Processing /home/airflow/.local/lib/python3.12/site-packages/airflow/example_dags/example_python_decorator.py took 0.058 seconds
[2025-11-17T21:11:38.537+0000] {processor.py:186} INFO - Started process (PID=1699) to work on /home/airflow/.local/lib/python3.12/site-packages/airflow/example_dags/example_python_decorator.py
[2025-11-17T21:11:38.538+0000] {processor.py:914} INFO - Processing file /home/airflow/.local/lib/python3.12/site-packages/airflow/example_dags/example_python_decorator.py for tasks to queue
[2025-11-17T21:11:38.540+0000] {logging_mixin.py:190} INFO - [2025-11-17T21:11:38.540+0000] {dagbag.py:588} INFO - Filling up the DagBag from /home/airflow/.local/lib/python3.12/site-packages/airflow/example_dags/example_python_decorator.py
[2025-11-17T21:11:38.550+0000] {processor.py:925} INFO - DAG(s) 'example_python_decorator' retrieved from /home/airflow/.local/lib/python3.12/site-packages/airflow/example_dags/example_python_decorator.py
[2025-11-17T21:11:38.566+0000] {logging_mixin.py:190} INFO - [2025-11-17T21:11:38.565+0000] {dag.py:3239} INFO - Sync 1 DAGs
[2025-11-17T21:11:38.575+0000] {logging_mixin.py:190} INFO - [2025-11-17T21:11:38.575+0000] {dag.py:4180} INFO - Setting next_dagrun for example_python_decorator to None, run_after=None
[2025-11-17T21:11:38.587+0000] {processor.py:208} INFO - Processing /home/airflow/.local/lib/python3.12/site-packages/airflow/example_dags/example_python_decorator.py took 0.054 seconds
[2025-11-17T21:12:09.013+0000] {processor.py:186} INFO - Started process (PID=1765) to work on /home/airflow/.local/lib/python3.12/site-packages/airflow/example_dags/example_python_decorator.py
[2025-11-17T21:12:09.014+0000] {processor.py:914} INFO - Processing file /home/airflow/.local/lib/python3.12/site-packages/airflow/example_dags/example_python_decorator.py for tasks to queue
[2025-11-17T21:12:09.016+0000] {logging_mixin.py:190} INFO - [2025-11-17T21:12:09.016+0000] {dagbag.py:588} INFO - Filling up the DagBag from /home/airflow/.local/lib/python3.12/site-packages/airflow/example_dags/example_python_decorator.py
[2025-11-17T21:12:09.027+0000] {processor.py:925} INFO - DAG(s) 'example_python_decorator' retrieved from /home/airflow/.local/lib/python3.12/site-packages/airflow/example_dags/example_python_decorator.py
[2025-11-17T21:12:09.044+0000] {logging_mixin.py:190} INFO - [2025-11-17T21:12:09.044+0000] {dag.py:3239} INFO - Sync 1 DAGs
[2025-11-17T21:12:09.054+0000] {logging_mixin.py:190} INFO - [2025-11-17T21:12:09.054+0000] {dag.py:4180} INFO - Setting next_dagrun for example_python_decorator to None, run_after=None
[2025-11-17T21:12:09.069+0000] {processor.py:208} INFO - Processing /home/airflow/.local/lib/python3.12/site-packages/airflow/example_dags/example_python_decorator.py took 0.060 seconds
[2025-11-17T21:12:39.879+0000] {processor.py:186} INFO - Started process (PID=1831) to work on /home/airflow/.local/lib/python3.12/site-packages/airflow/example_dags/example_python_decorator.py
[2025-11-17T21:12:39.880+0000] {processor.py:914} INFO - Processing file /home/airflow/.local/lib/python3.12/site-packages/airflow/example_dags/example_python_decorator.py for tasks to queue
[2025-11-17T21:12:39.882+0000] {logging_mixin.py:190} INFO - [2025-11-17T21:12:39.882+0000] {dagbag.py:588} INFO - Filling up the DagBag from /home/airflow/.local/lib/python3.12/site-packages/airflow/example_dags/example_python_decorator.py
[2025-11-17T21:12:39.893+0000] {processor.py:925} INFO - DAG(s) 'example_python_decorator' retrieved from /home/airflow/.local/lib/python3.12/site-packages/airflow/example_dags/example_python_decorator.py
[2025-11-17T21:12:39.909+0000] {logging_mixin.py:190} INFO - [2025-11-17T21:12:39.909+0000] {dag.py:3239} INFO - Sync 1 DAGs
[2025-11-17T21:12:39.918+0000] {logging_mixin.py:190} INFO - [2025-11-17T21:12:39.918+0000] {dag.py:4180} INFO - Setting next_dagrun for example_python_decorator to None, run_after=None
[2025-11-17T21:12:39.930+0000] {processor.py:208} INFO - Processing /home/airflow/.local/lib/python3.12/site-packages/airflow/example_dags/example_python_decorator.py took 0.056 seconds
[2025-11-17T21:13:10.510+0000] {processor.py:186} INFO - Started process (PID=1897) to work on /home/airflow/.local/lib/python3.12/site-packages/airflow/example_dags/example_python_decorator.py
[2025-11-17T21:13:10.511+0000] {processor.py:914} INFO - Processing file /home/airflow/.local/lib/python3.12/site-packages/airflow/example_dags/example_python_decorator.py for tasks to queue
[2025-11-17T21:13:10.513+0000] {logging_mixin.py:190} INFO - [2025-11-17T21:13:10.513+0000] {dagbag.py:588} INFO - Filling up the DagBag from /home/airflow/.local/lib/python3.12/site-packages/airflow/example_dags/example_python_decorator.py
[2025-11-17T21:13:10.524+0000] {processor.py:925} INFO - DAG(s) 'example_python_decorator' retrieved from /home/airflow/.local/lib/python3.12/site-packages/airflow/example_dags/example_python_decorator.py
[2025-11-17T21:13:10.540+0000] {logging_mixin.py:190} INFO - [2025-11-17T21:13:10.540+0000] {dag.py:3239} INFO - Sync 1 DAGs
[2025-11-17T21:13:10.551+0000] {logging_mixin.py:190} INFO - [2025-11-17T21:13:10.551+0000] {dag.py:4180} INFO - Setting next_dagrun for example_python_decorator to None, run_after=None
[2025-11-17T21:13:10.565+0000] {processor.py:208} INFO - Processing /home/airflow/.local/lib/python3.12/site-packages/airflow/example_dags/example_python_decorator.py took 0.059 seconds
[2025-11-17T21:13:41.711+0000] {processor.py:186} INFO - Started process (PID=1963) to work on /home/airflow/.local/lib/python3.12/site-packages/airflow/example_dags/example_python_decorator.py
[2025-11-17T21:13:41.712+0000] {processor.py:914} INFO - Processing file /home/airflow/.local/lib/python3.12/site-packages/airflow/example_dags/example_python_decorator.py for tasks to queue
[2025-11-17T21:13:41.714+0000] {logging_mixin.py:190} INFO - [2025-11-17T21:13:41.714+0000] {dagbag.py:588} INFO - Filling up the DagBag from /home/airflow/.local/lib/python3.12/site-packages/airflow/example_dags/example_python_decorator.py
[2025-11-17T21:13:41.726+0000] {processor.py:925} INFO - DAG(s) 'example_python_decorator' retrieved from /home/airflow/.local/lib/python3.12/site-packages/airflow/example_dags/example_python_decorator.py
[2025-11-17T21:13:41.742+0000] {logging_mixin.py:190} INFO - [2025-11-17T21:13:41.742+0000] {dag.py:3239} INFO - Sync 1 DAGs
[2025-11-17T21:13:41.752+0000] {logging_mixin.py:190} INFO - [2025-11-17T21:13:41.752+0000] {dag.py:4180} INFO - Setting next_dagrun for example_python_decorator to None, run_after=None
[2025-11-17T21:13:41.765+0000] {processor.py:208} INFO - Processing /home/airflow/.local/lib/python3.12/site-packages/airflow/example_dags/example_python_decorator.py took 0.058 seconds
[2025-11-17T21:14:12.519+0000] {processor.py:186} INFO - Started process (PID=2029) to work on /home/airflow/.local/lib/python3.12/site-packages/airflow/example_dags/example_python_decorator.py
[2025-11-17T21:14:12.521+0000] {processor.py:914} INFO - Processing file /home/airflow/.local/lib/python3.12/site-packages/airflow/example_dags/example_python_decorator.py for tasks to queue
[2025-11-17T21:14:12.522+0000] {logging_mixin.py:190} INFO - [2025-11-17T21:14:12.522+0000] {dagbag.py:588} INFO - Filling up the DagBag from /home/airflow/.local/lib/python3.12/site-packages/airflow/example_dags/example_python_decorator.py
[2025-11-17T21:14:12.532+0000] {processor.py:925} INFO - DAG(s) 'example_python_decorator' retrieved from /home/airflow/.local/lib/python3.12/site-packages/airflow/example_dags/example_python_decorator.py
[2025-11-17T21:14:12.545+0000] {logging_mixin.py:190} INFO - [2025-11-17T21:14:12.545+0000] {dag.py:3239} INFO - Sync 1 DAGs
[2025-11-17T21:14:12.554+0000] {logging_mixin.py:190} INFO - [2025-11-17T21:14:12.554+0000] {dag.py:4180} INFO - Setting next_dagrun for example_python_decorator to None, run_after=None
[2025-11-17T21:14:12.565+0000] {processor.py:208} INFO - Processing /home/airflow/.local/lib/python3.12/site-packages/airflow/example_dags/example_python_decorator.py took 0.049 seconds
[2025-11-17T21:14:43.490+0000] {processor.py:186} INFO - Started process (PID=2095) to work on /home/airflow/.local/lib/python3.12/site-packages/airflow/example_dags/example_python_decorator.py
[2025-11-17T21:14:43.491+0000] {processor.py:914} INFO - Processing file /home/airflow/.local/lib/python3.12/site-packages/airflow/example_dags/example_python_decorator.py for tasks to queue
[2025-11-17T21:14:43.493+0000] {logging_mixin.py:190} INFO - [2025-11-17T21:14:43.492+0000] {dagbag.py:588} INFO - Filling up the DagBag from /home/airflow/.local/lib/python3.12/site-packages/airflow/example_dags/example_python_decorator.py
[2025-11-17T21:14:43.503+0000] {processor.py:925} INFO - DAG(s) 'example_python_decorator' retrieved from /home/airflow/.local/lib/python3.12/site-packages/airflow/example_dags/example_python_decorator.py
[2025-11-17T21:14:43.517+0000] {logging_mixin.py:190} INFO - [2025-11-17T21:14:43.517+0000] {dag.py:3239} INFO - Sync 1 DAGs
[2025-11-17T21:14:43.527+0000] {logging_mixin.py:190} INFO - [2025-11-17T21:14:43.527+0000] {dag.py:4180} INFO - Setting next_dagrun for example_python_decorator to None, run_after=None
[2025-11-17T21:14:43.539+0000] {processor.py:208} INFO - Processing /home/airflow/.local/lib/python3.12/site-packages/airflow/example_dags/example_python_decorator.py took 0.053 seconds
[2025-11-17T21:15:14.250+0000] {processor.py:186} INFO - Started process (PID=2161) to work on /home/airflow/.local/lib/python3.12/site-packages/airflow/example_dags/example_python_decorator.py
[2025-11-17T21:15:14.251+0000] {processor.py:914} INFO - Processing file /home/airflow/.local/lib/python3.12/site-packages/airflow/example_dags/example_python_decorator.py for tasks to queue
[2025-11-17T21:15:14.253+0000] {logging_mixin.py:190} INFO - [2025-11-17T21:15:14.253+0000] {dagbag.py:588} INFO - Filling up the DagBag from /home/airflow/.local/lib/python3.12/site-packages/airflow/example_dags/example_python_decorator.py
[2025-11-17T21:15:14.264+0000] {processor.py:925} INFO - DAG(s) 'example_python_decorator' retrieved from /home/airflow/.local/lib/python3.12/site-packages/airflow/example_dags/example_python_decorator.py
[2025-11-17T21:15:14.280+0000] {logging_mixin.py:190} INFO - [2025-11-17T21:15:14.280+0000] {dag.py:3239} INFO - Sync 1 DAGs
[2025-11-17T21:15:14.290+0000] {logging_mixin.py:190} INFO - [2025-11-17T21:15:14.290+0000] {dag.py:4180} INFO - Setting next_dagrun for example_python_decorator to None, run_after=None
[2025-11-17T21:15:14.303+0000] {processor.py:208} INFO - Processing /home/airflow/.local/lib/python3.12/site-packages/airflow/example_dags/example_python_decorator.py took 0.057 seconds
[2025-11-17T21:15:45.090+0000] {processor.py:186} INFO - Started process (PID=2227) to work on /home/airflow/.local/lib/python3.12/site-packages/airflow/example_dags/example_python_decorator.py
[2025-11-17T21:15:45.091+0000] {processor.py:914} INFO - Processing file /home/airflow/.local/lib/python3.12/site-packages/airflow/example_dags/example_python_decorator.py for tasks to queue
[2025-11-17T21:15:45.093+0000] {logging_mixin.py:190} INFO - [2025-11-17T21:15:45.093+0000] {dagbag.py:588} INFO - Filling up the DagBag from /home/airflow/.local/lib/python3.12/site-packages/airflow/example_dags/example_python_decorator.py
[2025-11-17T21:15:45.103+0000] {processor.py:925} INFO - DAG(s) 'example_python_decorator' retrieved from /home/airflow/.local/lib/python3.12/site-packages/airflow/example_dags/example_python_decorator.py
[2025-11-17T21:15:45.117+0000] {logging_mixin.py:190} INFO - [2025-11-17T21:15:45.117+0000] {dag.py:3239} INFO - Sync 1 DAGs
[2025-11-17T21:15:45.126+0000] {logging_mixin.py:190} INFO - [2025-11-17T21:15:45.126+0000] {dag.py:4180} INFO - Setting next_dagrun for example_python_decorator to None, run_after=None
[2025-11-17T21:15:45.139+0000] {processor.py:208} INFO - Processing /home/airflow/.local/lib/python3.12/site-packages/airflow/example_dags/example_python_decorator.py took 0.053 seconds
[2025-11-17T21:16:16.151+0000] {processor.py:186} INFO - Started process (PID=2299) to work on /home/airflow/.local/lib/python3.12/site-packages/airflow/example_dags/example_python_decorator.py
[2025-11-17T21:16:16.152+0000] {processor.py:914} INFO - Processing file /home/airflow/.local/lib/python3.12/site-packages/airflow/example_dags/example_python_decorator.py for tasks to queue
[2025-11-17T21:16:16.154+0000] {logging_mixin.py:190} INFO - [2025-11-17T21:16:16.154+0000] {dagbag.py:588} INFO - Filling up the DagBag from /home/airflow/.local/lib/python3.12/site-packages/airflow/example_dags/example_python_decorator.py
[2025-11-17T21:16:16.164+0000] {processor.py:925} INFO - DAG(s) 'example_python_decorator' retrieved from /home/airflow/.local/lib/python3.12/site-packages/airflow/example_dags/example_python_decorator.py
[2025-11-17T21:16:16.178+0000] {logging_mixin.py:190} INFO - [2025-11-17T21:16:16.178+0000] {dag.py:3239} INFO - Sync 1 DAGs
[2025-11-17T21:16:16.187+0000] {logging_mixin.py:190} INFO - [2025-11-17T21:16:16.186+0000] {dag.py:4180} INFO - Setting next_dagrun for example_python_decorator to None, run_after=None
[2025-11-17T21:16:16.198+0000] {processor.py:208} INFO - Processing /home/airflow/.local/lib/python3.12/site-packages/airflow/example_dags/example_python_decorator.py took 0.051 seconds
[2025-11-17T21:16:46.718+0000] {processor.py:186} INFO - Started process (PID=2365) to work on /home/airflow/.local/lib/python3.12/site-packages/airflow/example_dags/example_python_decorator.py
[2025-11-17T21:16:46.719+0000] {processor.py:914} INFO - Processing file /home/airflow/.local/lib/python3.12/site-packages/airflow/example_dags/example_python_decorator.py for tasks to queue
[2025-11-17T21:16:46.721+0000] {logging_mixin.py:190} INFO - [2025-11-17T21:16:46.721+0000] {dagbag.py:588} INFO - Filling up the DagBag from /home/airflow/.local/lib/python3.12/site-packages/airflow/example_dags/example_python_decorator.py
[2025-11-17T21:16:46.732+0000] {processor.py:925} INFO - DAG(s) 'example_python_decorator' retrieved from /home/airflow/.local/lib/python3.12/site-packages/airflow/example_dags/example_python_decorator.py
[2025-11-17T21:16:46.746+0000] {logging_mixin.py:190} INFO - [2025-11-17T21:16:46.746+0000] {dag.py:3239} INFO - Sync 1 DAGs
[2025-11-17T21:16:46.756+0000] {logging_mixin.py:190} INFO - [2025-11-17T21:16:46.755+0000] {dag.py:4180} INFO - Setting next_dagrun for example_python_decorator to None, run_after=None
[2025-11-17T21:16:46.768+0000] {processor.py:208} INFO - Processing /home/airflow/.local/lib/python3.12/site-packages/airflow/example_dags/example_python_decorator.py took 0.055 seconds
[2025-11-17T21:17:17.527+0000] {processor.py:186} INFO - Started process (PID=2431) to work on /home/airflow/.local/lib/python3.12/site-packages/airflow/example_dags/example_python_decorator.py
[2025-11-17T21:17:17.528+0000] {processor.py:914} INFO - Processing file /home/airflow/.local/lib/python3.12/site-packages/airflow/example_dags/example_python_decorator.py for tasks to queue
[2025-11-17T21:17:17.530+0000] {logging_mixin.py:190} INFO - [2025-11-17T21:17:17.530+0000] {dagbag.py:588} INFO - Filling up the DagBag from /home/airflow/.local/lib/python3.12/site-packages/airflow/example_dags/example_python_decorator.py
[2025-11-17T21:17:17.540+0000] {processor.py:925} INFO - DAG(s) 'example_python_decorator' retrieved from /home/airflow/.local/lib/python3.12/site-packages/airflow/example_dags/example_python_decorator.py
[2025-11-17T21:17:17.553+0000] {logging_mixin.py:190} INFO - [2025-11-17T21:17:17.553+0000] {dag.py:3239} INFO - Sync 1 DAGs
[2025-11-17T21:17:17.562+0000] {logging_mixin.py:190} INFO - [2025-11-17T21:17:17.562+0000] {dag.py:4180} INFO - Setting next_dagrun for example_python_decorator to None, run_after=None
[2025-11-17T21:17:17.573+0000] {processor.py:208} INFO - Processing /home/airflow/.local/lib/python3.12/site-packages/airflow/example_dags/example_python_decorator.py took 0.050 seconds
[2025-11-17T21:17:48.774+0000] {processor.py:186} INFO - Started process (PID=2497) to work on /home/airflow/.local/lib/python3.12/site-packages/airflow/example_dags/example_python_decorator.py
[2025-11-17T21:17:48.775+0000] {processor.py:914} INFO - Processing file /home/airflow/.local/lib/python3.12/site-packages/airflow/example_dags/example_python_decorator.py for tasks to queue
[2025-11-17T21:17:48.777+0000] {logging_mixin.py:190} INFO - [2025-11-17T21:17:48.777+0000] {dagbag.py:588} INFO - Filling up the DagBag from /home/airflow/.local/lib/python3.12/site-packages/airflow/example_dags/example_python_decorator.py
[2025-11-17T21:17:48.788+0000] {processor.py:925} INFO - DAG(s) 'example_python_decorator' retrieved from /home/airflow/.local/lib/python3.12/site-packages/airflow/example_dags/example_python_decorator.py
[2025-11-17T21:17:48.802+0000] {logging_mixin.py:190} INFO - [2025-11-17T21:17:48.802+0000] {dag.py:3239} INFO - Sync 1 DAGs
[2025-11-17T21:17:48.811+0000] {logging_mixin.py:190} INFO - [2025-11-17T21:17:48.811+0000] {dag.py:4180} INFO - Setting next_dagrun for example_python_decorator to None, run_after=None
[2025-11-17T21:17:48.826+0000] {processor.py:208} INFO - Processing /home/airflow/.local/lib/python3.12/site-packages/airflow/example_dags/example_python_decorator.py took 0.055 seconds
[2025-11-17T21:18:19.860+0000] {processor.py:186} INFO - Started process (PID=2563) to work on /home/airflow/.local/lib/python3.12/site-packages/airflow/example_dags/example_python_decorator.py
[2025-11-17T21:18:19.862+0000] {processor.py:914} INFO - Processing file /home/airflow/.local/lib/python3.12/site-packages/airflow/example_dags/example_python_decorator.py for tasks to queue
[2025-11-17T21:18:19.864+0000] {logging_mixin.py:190} INFO - [2025-11-17T21:18:19.863+0000] {dagbag.py:588} INFO - Filling up the DagBag from /home/airflow/.local/lib/python3.12/site-packages/airflow/example_dags/example_python_decorator.py
[2025-11-17T21:18:19.874+0000] {processor.py:925} INFO - DAG(s) 'example_python_decorator' retrieved from /home/airflow/.local/lib/python3.12/site-packages/airflow/example_dags/example_python_decorator.py
[2025-11-17T21:18:19.890+0000] {logging_mixin.py:190} INFO - [2025-11-17T21:18:19.890+0000] {dag.py:3239} INFO - Sync 1 DAGs
[2025-11-17T21:18:19.899+0000] {logging_mixin.py:190} INFO - [2025-11-17T21:18:19.899+0000] {dag.py:4180} INFO - Setting next_dagrun for example_python_decorator to None, run_after=None
[2025-11-17T21:18:19.926+0000] {processor.py:208} INFO - Processing /home/airflow/.local/lib/python3.12/site-packages/airflow/example_dags/example_python_decorator.py took 0.071 seconds
[2025-11-17T21:18:51.170+0000] {processor.py:186} INFO - Started process (PID=2629) to work on /home/airflow/.local/lib/python3.12/site-packages/airflow/example_dags/example_python_decorator.py
[2025-11-17T21:18:51.171+0000] {processor.py:914} INFO - Processing file /home/airflow/.local/lib/python3.12/site-packages/airflow/example_dags/example_python_decorator.py for tasks to queue
[2025-11-17T21:18:51.173+0000] {logging_mixin.py:190} INFO - [2025-11-17T21:18:51.173+0000] {dagbag.py:588} INFO - Filling up the DagBag from /home/airflow/.local/lib/python3.12/site-packages/airflow/example_dags/example_python_decorator.py
[2025-11-17T21:18:51.184+0000] {processor.py:925} INFO - DAG(s) 'example_python_decorator' retrieved from /home/airflow/.local/lib/python3.12/site-packages/airflow/example_dags/example_python_decorator.py
[2025-11-17T21:18:51.201+0000] {logging_mixin.py:190} INFO - [2025-11-17T21:18:51.201+0000] {dag.py:3239} INFO - Sync 1 DAGs
[2025-11-17T21:18:51.211+0000] {logging_mixin.py:190} INFO - [2025-11-17T21:18:51.210+0000] {dag.py:4180} INFO - Setting next_dagrun for example_python_decorator to None, run_after=None
[2025-11-17T21:18:51.226+0000] {processor.py:208} INFO - Processing /home/airflow/.local/lib/python3.12/site-packages/airflow/example_dags/example_python_decorator.py took 0.060 seconds
[2025-11-17T21:19:22.832+0000] {processor.py:186} INFO - Started process (PID=2695) to work on /home/airflow/.local/lib/python3.12/site-packages/airflow/example_dags/example_python_decorator.py
[2025-11-17T21:19:22.834+0000] {processor.py:914} INFO - Processing file /home/airflow/.local/lib/python3.12/site-packages/airflow/example_dags/example_python_decorator.py for tasks to queue
[2025-11-17T21:19:22.836+0000] {logging_mixin.py:190} INFO - [2025-11-17T21:19:22.836+0000] {dagbag.py:588} INFO - Filling up the DagBag from /home/airflow/.local/lib/python3.12/site-packages/airflow/example_dags/example_python_decorator.py
[2025-11-17T21:19:22.850+0000] {processor.py:925} INFO - DAG(s) 'example_python_decorator' retrieved from /home/airflow/.local/lib/python3.12/site-packages/airflow/example_dags/example_python_decorator.py
[2025-11-17T21:19:22.871+0000] {logging_mixin.py:190} INFO - [2025-11-17T21:19:22.871+0000] {dag.py:3239} INFO - Sync 1 DAGs
[2025-11-17T21:19:22.882+0000] {logging_mixin.py:190} INFO - [2025-11-17T21:19:22.882+0000] {dag.py:4180} INFO - Setting next_dagrun for example_python_decorator to None, run_after=None
[2025-11-17T21:19:22.905+0000] {processor.py:208} INFO - Processing /home/airflow/.local/lib/python3.12/site-packages/airflow/example_dags/example_python_decorator.py took 0.080 seconds
[2025-11-17T21:19:53.254+0000] {processor.py:186} INFO - Started process (PID=2761) to work on /home/airflow/.local/lib/python3.12/site-packages/airflow/example_dags/example_python_decorator.py
[2025-11-17T21:19:53.255+0000] {processor.py:914} INFO - Processing file /home/airflow/.local/lib/python3.12/site-packages/airflow/example_dags/example_python_decorator.py for tasks to queue
[2025-11-17T21:19:53.257+0000] {logging_mixin.py:190} INFO - [2025-11-17T21:19:53.257+0000] {dagbag.py:588} INFO - Filling up the DagBag from /home/airflow/.local/lib/python3.12/site-packages/airflow/example_dags/example_python_decorator.py
[2025-11-17T21:19:53.267+0000] {processor.py:925} INFO - DAG(s) 'example_python_decorator' retrieved from /home/airflow/.local/lib/python3.12/site-packages/airflow/example_dags/example_python_decorator.py
[2025-11-17T21:19:53.282+0000] {logging_mixin.py:190} INFO - [2025-11-17T21:19:53.282+0000] {dag.py:3239} INFO - Sync 1 DAGs
[2025-11-17T21:19:53.292+0000] {logging_mixin.py:190} INFO - [2025-11-17T21:19:53.292+0000] {dag.py:4180} INFO - Setting next_dagrun for example_python_decorator to None, run_after=None
[2025-11-17T21:19:53.307+0000] {processor.py:208} INFO - Processing /home/airflow/.local/lib/python3.12/site-packages/airflow/example_dags/example_python_decorator.py took 0.057 seconds
[2025-11-17T21:20:24.738+0000] {processor.py:186} INFO - Started process (PID=2827) to work on /home/airflow/.local/lib/python3.12/site-packages/airflow/example_dags/example_python_decorator.py
[2025-11-17T21:20:24.739+0000] {processor.py:914} INFO - Processing file /home/airflow/.local/lib/python3.12/site-packages/airflow/example_dags/example_python_decorator.py for tasks to queue
[2025-11-17T21:20:24.741+0000] {logging_mixin.py:190} INFO - [2025-11-17T21:20:24.741+0000] {dagbag.py:588} INFO - Filling up the DagBag from /home/airflow/.local/lib/python3.12/site-packages/airflow/example_dags/example_python_decorator.py
[2025-11-17T21:20:24.751+0000] {processor.py:925} INFO - DAG(s) 'example_python_decorator' retrieved from /home/airflow/.local/lib/python3.12/site-packages/airflow/example_dags/example_python_decorator.py
[2025-11-17T21:20:24.766+0000] {logging_mixin.py:190} INFO - [2025-11-17T21:20:24.766+0000] {dag.py:3239} INFO - Sync 1 DAGs
[2025-11-17T21:20:24.775+0000] {logging_mixin.py:190} INFO - [2025-11-17T21:20:24.775+0000] {dag.py:4180} INFO - Setting next_dagrun for example_python_decorator to None, run_after=None
[2025-11-17T21:20:24.787+0000] {processor.py:208} INFO - Processing /home/airflow/.local/lib/python3.12/site-packages/airflow/example_dags/example_python_decorator.py took 0.053 seconds
[2025-11-17T21:20:55.947+0000] {processor.py:186} INFO - Started process (PID=2893) to work on /home/airflow/.local/lib/python3.12/site-packages/airflow/example_dags/example_python_decorator.py
[2025-11-17T21:20:55.950+0000] {processor.py:914} INFO - Processing file /home/airflow/.local/lib/python3.12/site-packages/airflow/example_dags/example_python_decorator.py for tasks to queue
[2025-11-17T21:20:55.953+0000] {logging_mixin.py:190} INFO - [2025-11-17T21:20:55.953+0000] {dagbag.py:588} INFO - Filling up the DagBag from /home/airflow/.local/lib/python3.12/site-packages/airflow/example_dags/example_python_decorator.py
[2025-11-17T21:20:55.965+0000] {processor.py:925} INFO - DAG(s) 'example_python_decorator' retrieved from /home/airflow/.local/lib/python3.12/site-packages/airflow/example_dags/example_python_decorator.py
[2025-11-17T21:20:55.983+0000] {logging_mixin.py:190} INFO - [2025-11-17T21:20:55.983+0000] {dag.py:3239} INFO - Sync 1 DAGs
[2025-11-17T21:20:55.992+0000] {logging_mixin.py:190} INFO - [2025-11-17T21:20:55.992+0000] {dag.py:4180} INFO - Setting next_dagrun for example_python_decorator to None, run_after=None
[2025-11-17T21:20:56.008+0000] {processor.py:208} INFO - Processing /home/airflow/.local/lib/python3.12/site-packages/airflow/example_dags/example_python_decorator.py took 0.066 seconds
[2025-11-17T21:21:26.953+0000] {processor.py:186} INFO - Started process (PID=2959) to work on /home/airflow/.local/lib/python3.12/site-packages/airflow/example_dags/example_python_decorator.py
[2025-11-17T21:21:26.954+0000] {processor.py:914} INFO - Processing file /home/airflow/.local/lib/python3.12/site-packages/airflow/example_dags/example_python_decorator.py for tasks to queue
[2025-11-17T21:21:26.956+0000] {logging_mixin.py:190} INFO - [2025-11-17T21:21:26.956+0000] {dagbag.py:588} INFO - Filling up the DagBag from /home/airflow/.local/lib/python3.12/site-packages/airflow/example_dags/example_python_decorator.py
[2025-11-17T21:21:26.966+0000] {processor.py:925} INFO - DAG(s) 'example_python_decorator' retrieved from /home/airflow/.local/lib/python3.12/site-packages/airflow/example_dags/example_python_decorator.py
[2025-11-17T21:21:26.981+0000] {logging_mixin.py:190} INFO - [2025-11-17T21:21:26.981+0000] {dag.py:3239} INFO - Sync 1 DAGs
[2025-11-17T21:21:26.991+0000] {logging_mixin.py:190} INFO - [2025-11-17T21:21:26.991+0000] {dag.py:4180} INFO - Setting next_dagrun for example_python_decorator to None, run_after=None
[2025-11-17T21:21:27.007+0000] {processor.py:208} INFO - Processing /home/airflow/.local/lib/python3.12/site-packages/airflow/example_dags/example_python_decorator.py took 0.058 seconds
[2025-11-17T21:21:58.433+0000] {processor.py:186} INFO - Started process (PID=3025) to work on /home/airflow/.local/lib/python3.12/site-packages/airflow/example_dags/example_python_decorator.py
[2025-11-17T21:21:58.434+0000] {processor.py:914} INFO - Processing file /home/airflow/.local/lib/python3.12/site-packages/airflow/example_dags/example_python_decorator.py for tasks to queue
[2025-11-17T21:21:58.436+0000] {logging_mixin.py:190} INFO - [2025-11-17T21:21:58.435+0000] {dagbag.py:588} INFO - Filling up the DagBag from /home/airflow/.local/lib/python3.12/site-packages/airflow/example_dags/example_python_decorator.py
[2025-11-17T21:21:58.446+0000] {processor.py:925} INFO - DAG(s) 'example_python_decorator' retrieved from /home/airflow/.local/lib/python3.12/site-packages/airflow/example_dags/example_python_decorator.py
[2025-11-17T21:21:58.461+0000] {logging_mixin.py:190} INFO - [2025-11-17T21:21:58.461+0000] {dag.py:3239} INFO - Sync 1 DAGs
[2025-11-17T21:21:58.470+0000] {logging_mixin.py:190} INFO - [2025-11-17T21:21:58.470+0000] {dag.py:4180} INFO - Setting next_dagrun for example_python_decorator to None, run_after=None
[2025-11-17T21:21:58.482+0000] {processor.py:208} INFO - Processing /home/airflow/.local/lib/python3.12/site-packages/airflow/example_dags/example_python_decorator.py took 0.053 seconds
[2025-11-17T21:22:29.541+0000] {processor.py:186} INFO - Started process (PID=3091) to work on /home/airflow/.local/lib/python3.12/site-packages/airflow/example_dags/example_python_decorator.py
[2025-11-17T21:22:29.542+0000] {processor.py:914} INFO - Processing file /home/airflow/.local/lib/python3.12/site-packages/airflow/example_dags/example_python_decorator.py for tasks to queue
[2025-11-17T21:22:29.544+0000] {logging_mixin.py:190} INFO - [2025-11-17T21:22:29.544+0000] {dagbag.py:588} INFO - Filling up the DagBag from /home/airflow/.local/lib/python3.12/site-packages/airflow/example_dags/example_python_decorator.py
[2025-11-17T21:22:29.555+0000] {processor.py:925} INFO - DAG(s) 'example_python_decorator' retrieved from /home/airflow/.local/lib/python3.12/site-packages/airflow/example_dags/example_python_decorator.py
[2025-11-17T21:22:29.571+0000] {logging_mixin.py:190} INFO - [2025-11-17T21:22:29.571+0000] {dag.py:3239} INFO - Sync 1 DAGs
[2025-11-17T21:22:29.581+0000] {logging_mixin.py:190} INFO - [2025-11-17T21:22:29.581+0000] {dag.py:4180} INFO - Setting next_dagrun for example_python_decorator to None, run_after=None
[2025-11-17T21:22:29.594+0000] {processor.py:208} INFO - Processing /home/airflow/.local/lib/python3.12/site-packages/airflow/example_dags/example_python_decorator.py took 0.057 seconds
[2025-11-17T21:23:00.349+0000] {processor.py:186} INFO - Started process (PID=3157) to work on /home/airflow/.local/lib/python3.12/site-packages/airflow/example_dags/example_python_decorator.py
[2025-11-17T21:23:00.350+0000] {processor.py:914} INFO - Processing file /home/airflow/.local/lib/python3.12/site-packages/airflow/example_dags/example_python_decorator.py for tasks to queue
[2025-11-17T21:23:00.352+0000] {logging_mixin.py:190} INFO - [2025-11-17T21:23:00.351+0000] {dagbag.py:588} INFO - Filling up the DagBag from /home/airflow/.local/lib/python3.12/site-packages/airflow/example_dags/example_python_decorator.py
[2025-11-17T21:23:00.362+0000] {processor.py:925} INFO - DAG(s) 'example_python_decorator' retrieved from /home/airflow/.local/lib/python3.12/site-packages/airflow/example_dags/example_python_decorator.py
[2025-11-17T21:23:00.378+0000] {logging_mixin.py:190} INFO - [2025-11-17T21:23:00.378+0000] {dag.py:3239} INFO - Sync 1 DAGs
[2025-11-17T21:23:00.388+0000] {logging_mixin.py:190} INFO - [2025-11-17T21:23:00.388+0000] {dag.py:4180} INFO - Setting next_dagrun for example_python_decorator to None, run_after=None
[2025-11-17T21:23:00.401+0000] {processor.py:208} INFO - Processing /home/airflow/.local/lib/python3.12/site-packages/airflow/example_dags/example_python_decorator.py took 0.056 seconds
[2025-11-17T21:23:31.444+0000] {processor.py:186} INFO - Started process (PID=3223) to work on /home/airflow/.local/lib/python3.12/site-packages/airflow/example_dags/example_python_decorator.py
[2025-11-17T21:23:31.446+0000] {processor.py:914} INFO - Processing file /home/airflow/.local/lib/python3.12/site-packages/airflow/example_dags/example_python_decorator.py for tasks to queue
[2025-11-17T21:23:31.448+0000] {logging_mixin.py:190} INFO - [2025-11-17T21:23:31.447+0000] {dagbag.py:588} INFO - Filling up the DagBag from /home/airflow/.local/lib/python3.12/site-packages/airflow/example_dags/example_python_decorator.py
[2025-11-17T21:23:31.458+0000] {processor.py:925} INFO - DAG(s) 'example_python_decorator' retrieved from /home/airflow/.local/lib/python3.12/site-packages/airflow/example_dags/example_python_decorator.py
[2025-11-17T21:23:31.472+0000] {logging_mixin.py:190} INFO - [2025-11-17T21:23:31.472+0000] {dag.py:3239} INFO - Sync 1 DAGs
[2025-11-17T21:23:31.481+0000] {logging_mixin.py:190} INFO - [2025-11-17T21:23:31.481+0000] {dag.py:4180} INFO - Setting next_dagrun for example_python_decorator to None, run_after=None
[2025-11-17T21:23:31.493+0000] {processor.py:208} INFO - Processing /home/airflow/.local/lib/python3.12/site-packages/airflow/example_dags/example_python_decorator.py took 0.053 seconds
[2025-11-17T21:24:03.276+0000] {processor.py:186} INFO - Started process (PID=3289) to work on /home/airflow/.local/lib/python3.12/site-packages/airflow/example_dags/example_python_decorator.py
[2025-11-17T21:24:03.277+0000] {processor.py:914} INFO - Processing file /home/airflow/.local/lib/python3.12/site-packages/airflow/example_dags/example_python_decorator.py for tasks to queue
[2025-11-17T21:24:03.279+0000] {logging_mixin.py:190} INFO - [2025-11-17T21:24:03.278+0000] {dagbag.py:588} INFO - Filling up the DagBag from /home/airflow/.local/lib/python3.12/site-packages/airflow/example_dags/example_python_decorator.py
[2025-11-17T21:24:03.289+0000] {processor.py:925} INFO - DAG(s) 'example_python_decorator' retrieved from /home/airflow/.local/lib/python3.12/site-packages/airflow/example_dags/example_python_decorator.py
[2025-11-17T21:24:03.303+0000] {logging_mixin.py:190} INFO - [2025-11-17T21:24:03.303+0000] {dag.py:3239} INFO - Sync 1 DAGs
[2025-11-17T21:24:03.314+0000] {logging_mixin.py:190} INFO - [2025-11-17T21:24:03.314+0000] {dag.py:4180} INFO - Setting next_dagrun for example_python_decorator to None, run_after=None
[2025-11-17T21:24:03.327+0000] {processor.py:208} INFO - Processing /home/airflow/.local/lib/python3.12/site-packages/airflow/example_dags/example_python_decorator.py took 0.056 seconds
[2025-11-17T21:24:34.104+0000] {processor.py:186} INFO - Started process (PID=3355) to work on /home/airflow/.local/lib/python3.12/site-packages/airflow/example_dags/example_python_decorator.py
[2025-11-17T21:24:34.105+0000] {processor.py:914} INFO - Processing file /home/airflow/.local/lib/python3.12/site-packages/airflow/example_dags/example_python_decorator.py for tasks to queue
[2025-11-17T21:24:34.106+0000] {logging_mixin.py:190} INFO - [2025-11-17T21:24:34.106+0000] {dagbag.py:588} INFO - Filling up the DagBag from /home/airflow/.local/lib/python3.12/site-packages/airflow/example_dags/example_python_decorator.py
[2025-11-17T21:24:34.118+0000] {processor.py:925} INFO - DAG(s) 'example_python_decorator' retrieved from /home/airflow/.local/lib/python3.12/site-packages/airflow/example_dags/example_python_decorator.py
[2025-11-17T21:24:34.134+0000] {logging_mixin.py:190} INFO - [2025-11-17T21:24:34.134+0000] {dag.py:3239} INFO - Sync 1 DAGs
[2025-11-17T21:24:34.145+0000] {logging_mixin.py:190} INFO - [2025-11-17T21:24:34.144+0000] {dag.py:4180} INFO - Setting next_dagrun for example_python_decorator to None, run_after=None
[2025-11-17T21:24:34.160+0000] {processor.py:208} INFO - Processing /home/airflow/.local/lib/python3.12/site-packages/airflow/example_dags/example_python_decorator.py took 0.061 seconds
[2025-11-17T21:25:05.241+0000] {processor.py:186} INFO - Started process (PID=3421) to work on /home/airflow/.local/lib/python3.12/site-packages/airflow/example_dags/example_python_decorator.py
[2025-11-17T21:25:05.243+0000] {processor.py:914} INFO - Processing file /home/airflow/.local/lib/python3.12/site-packages/airflow/example_dags/example_python_decorator.py for tasks to queue
[2025-11-17T21:25:05.245+0000] {logging_mixin.py:190} INFO - [2025-11-17T21:25:05.244+0000] {dagbag.py:588} INFO - Filling up the DagBag from /home/airflow/.local/lib/python3.12/site-packages/airflow/example_dags/example_python_decorator.py
[2025-11-17T21:25:05.256+0000] {processor.py:925} INFO - DAG(s) 'example_python_decorator' retrieved from /home/airflow/.local/lib/python3.12/site-packages/airflow/example_dags/example_python_decorator.py
[2025-11-17T21:25:05.272+0000] {logging_mixin.py:190} INFO - [2025-11-17T21:25:05.272+0000] {dag.py:3239} INFO - Sync 1 DAGs
[2025-11-17T21:25:05.283+0000] {logging_mixin.py:190} INFO - [2025-11-17T21:25:05.282+0000] {dag.py:4180} INFO - Setting next_dagrun for example_python_decorator to None, run_after=None
[2025-11-17T21:25:05.296+0000] {processor.py:208} INFO - Processing /home/airflow/.local/lib/python3.12/site-packages/airflow/example_dags/example_python_decorator.py took 0.059 seconds
[2025-11-17T21:25:35.720+0000] {processor.py:186} INFO - Started process (PID=3488) to work on /home/airflow/.local/lib/python3.12/site-packages/airflow/example_dags/example_python_decorator.py
[2025-11-17T21:25:35.721+0000] {processor.py:914} INFO - Processing file /home/airflow/.local/lib/python3.12/site-packages/airflow/example_dags/example_python_decorator.py for tasks to queue
[2025-11-17T21:25:35.723+0000] {logging_mixin.py:190} INFO - [2025-11-17T21:25:35.723+0000] {dagbag.py:588} INFO - Filling up the DagBag from /home/airflow/.local/lib/python3.12/site-packages/airflow/example_dags/example_python_decorator.py
[2025-11-17T21:25:35.733+0000] {processor.py:925} INFO - DAG(s) 'example_python_decorator' retrieved from /home/airflow/.local/lib/python3.12/site-packages/airflow/example_dags/example_python_decorator.py
[2025-11-17T21:25:35.748+0000] {logging_mixin.py:190} INFO - [2025-11-17T21:25:35.748+0000] {dag.py:3239} INFO - Sync 1 DAGs
[2025-11-17T21:25:35.758+0000] {logging_mixin.py:190} INFO - [2025-11-17T21:25:35.758+0000] {dag.py:4180} INFO - Setting next_dagrun for example_python_decorator to None, run_after=None
[2025-11-17T21:25:35.771+0000] {processor.py:208} INFO - Processing /home/airflow/.local/lib/python3.12/site-packages/airflow/example_dags/example_python_decorator.py took 0.055 seconds
[2025-11-17T21:26:06.217+0000] {processor.py:186} INFO - Started process (PID=3555) to work on /home/airflow/.local/lib/python3.12/site-packages/airflow/example_dags/example_python_decorator.py
[2025-11-17T21:26:06.218+0000] {processor.py:914} INFO - Processing file /home/airflow/.local/lib/python3.12/site-packages/airflow/example_dags/example_python_decorator.py for tasks to queue
[2025-11-17T21:26:06.221+0000] {logging_mixin.py:190} INFO - [2025-11-17T21:26:06.221+0000] {dagbag.py:588} INFO - Filling up the DagBag from /home/airflow/.local/lib/python3.12/site-packages/airflow/example_dags/example_python_decorator.py
[2025-11-17T21:26:06.232+0000] {processor.py:925} INFO - DAG(s) 'example_python_decorator' retrieved from /home/airflow/.local/lib/python3.12/site-packages/airflow/example_dags/example_python_decorator.py
[2025-11-17T21:26:06.249+0000] {logging_mixin.py:190} INFO - [2025-11-17T21:26:06.249+0000] {dag.py:3239} INFO - Sync 1 DAGs
[2025-11-17T21:26:06.261+0000] {logging_mixin.py:190} INFO - [2025-11-17T21:26:06.261+0000] {dag.py:4180} INFO - Setting next_dagrun for example_python_decorator to None, run_after=None
[2025-11-17T21:26:06.275+0000] {processor.py:208} INFO - Processing /home/airflow/.local/lib/python3.12/site-packages/airflow/example_dags/example_python_decorator.py took 0.063 seconds
[2025-11-17T21:26:37.013+0000] {processor.py:186} INFO - Started process (PID=3621) to work on /home/airflow/.local/lib/python3.12/site-packages/airflow/example_dags/example_python_decorator.py
[2025-11-17T21:26:37.014+0000] {processor.py:914} INFO - Processing file /home/airflow/.local/lib/python3.12/site-packages/airflow/example_dags/example_python_decorator.py for tasks to queue
[2025-11-17T21:26:37.017+0000] {logging_mixin.py:190} INFO - [2025-11-17T21:26:37.016+0000] {dagbag.py:588} INFO - Filling up the DagBag from /home/airflow/.local/lib/python3.12/site-packages/airflow/example_dags/example_python_decorator.py
[2025-11-17T21:26:37.029+0000] {processor.py:925} INFO - DAG(s) 'example_python_decorator' retrieved from /home/airflow/.local/lib/python3.12/site-packages/airflow/example_dags/example_python_decorator.py
[2025-11-17T21:26:37.046+0000] {logging_mixin.py:190} INFO - [2025-11-17T21:26:37.046+0000] {dag.py:3239} INFO - Sync 1 DAGs
[2025-11-17T21:26:37.057+0000] {logging_mixin.py:190} INFO - [2025-11-17T21:26:37.057+0000] {dag.py:4180} INFO - Setting next_dagrun for example_python_decorator to None, run_after=None
[2025-11-17T21:26:37.072+0000] {processor.py:208} INFO - Processing /home/airflow/.local/lib/python3.12/site-packages/airflow/example_dags/example_python_decorator.py took 0.065 seconds
[2025-11-17T21:27:07.789+0000] {processor.py:186} INFO - Started process (PID=3687) to work on /home/airflow/.local/lib/python3.12/site-packages/airflow/example_dags/example_python_decorator.py
[2025-11-17T21:27:07.790+0000] {processor.py:914} INFO - Processing file /home/airflow/.local/lib/python3.12/site-packages/airflow/example_dags/example_python_decorator.py for tasks to queue
[2025-11-17T21:27:07.793+0000] {logging_mixin.py:190} INFO - [2025-11-17T21:27:07.792+0000] {dagbag.py:588} INFO - Filling up the DagBag from /home/airflow/.local/lib/python3.12/site-packages/airflow/example_dags/example_python_decorator.py
[2025-11-17T21:27:07.805+0000] {processor.py:925} INFO - DAG(s) 'example_python_decorator' retrieved from /home/airflow/.local/lib/python3.12/site-packages/airflow/example_dags/example_python_decorator.py
[2025-11-17T21:27:07.823+0000] {logging_mixin.py:190} INFO - [2025-11-17T21:27:07.823+0000] {dag.py:3239} INFO - Sync 1 DAGs
[2025-11-17T21:27:07.834+0000] {logging_mixin.py:190} INFO - [2025-11-17T21:27:07.834+0000] {dag.py:4180} INFO - Setting next_dagrun for example_python_decorator to None, run_after=None
[2025-11-17T21:27:07.850+0000] {processor.py:208} INFO - Processing /home/airflow/.local/lib/python3.12/site-packages/airflow/example_dags/example_python_decorator.py took 0.066 seconds
[2025-11-17T21:27:39.456+0000] {processor.py:186} INFO - Started process (PID=3753) to work on /home/airflow/.local/lib/python3.12/site-packages/airflow/example_dags/example_python_decorator.py
[2025-11-17T21:27:39.457+0000] {processor.py:914} INFO - Processing file /home/airflow/.local/lib/python3.12/site-packages/airflow/example_dags/example_python_decorator.py for tasks to queue
[2025-11-17T21:27:39.459+0000] {logging_mixin.py:190} INFO - [2025-11-17T21:27:39.459+0000] {dagbag.py:588} INFO - Filling up the DagBag from /home/airflow/.local/lib/python3.12/site-packages/airflow/example_dags/example_python_decorator.py
[2025-11-17T21:27:39.471+0000] {processor.py:925} INFO - DAG(s) 'example_python_decorator' retrieved from /home/airflow/.local/lib/python3.12/site-packages/airflow/example_dags/example_python_decorator.py
[2025-11-17T21:27:39.488+0000] {logging_mixin.py:190} INFO - [2025-11-17T21:27:39.488+0000] {dag.py:3239} INFO - Sync 1 DAGs
[2025-11-17T21:27:39.498+0000] {logging_mixin.py:190} INFO - [2025-11-17T21:27:39.498+0000] {dag.py:4180} INFO - Setting next_dagrun for example_python_decorator to None, run_after=None
[2025-11-17T21:27:39.513+0000] {processor.py:208} INFO - Processing /home/airflow/.local/lib/python3.12/site-packages/airflow/example_dags/example_python_decorator.py took 0.061 seconds
[2025-11-17T21:28:10.518+0000] {processor.py:186} INFO - Started process (PID=3823) to work on /home/airflow/.local/lib/python3.12/site-packages/airflow/example_dags/example_python_decorator.py
[2025-11-17T21:28:10.519+0000] {processor.py:914} INFO - Processing file /home/airflow/.local/lib/python3.12/site-packages/airflow/example_dags/example_python_decorator.py for tasks to queue
[2025-11-17T21:28:10.521+0000] {logging_mixin.py:190} INFO - [2025-11-17T21:28:10.520+0000] {dagbag.py:588} INFO - Filling up the DagBag from /home/airflow/.local/lib/python3.12/site-packages/airflow/example_dags/example_python_decorator.py
[2025-11-17T21:28:10.530+0000] {processor.py:925} INFO - DAG(s) 'example_python_decorator' retrieved from /home/airflow/.local/lib/python3.12/site-packages/airflow/example_dags/example_python_decorator.py
[2025-11-17T21:28:10.544+0000] {logging_mixin.py:190} INFO - [2025-11-17T21:28:10.544+0000] {dag.py:3239} INFO - Sync 1 DAGs
[2025-11-17T21:28:10.553+0000] {logging_mixin.py:190} INFO - [2025-11-17T21:28:10.553+0000] {dag.py:4180} INFO - Setting next_dagrun for example_python_decorator to None, run_after=None
[2025-11-17T21:28:10.565+0000] {processor.py:208} INFO - Processing /home/airflow/.local/lib/python3.12/site-packages/airflow/example_dags/example_python_decorator.py took 0.052 seconds
[2025-11-17T21:28:41.590+0000] {processor.py:186} INFO - Started process (PID=3889) to work on /home/airflow/.local/lib/python3.12/site-packages/airflow/example_dags/example_python_decorator.py
[2025-11-17T21:28:41.591+0000] {processor.py:914} INFO - Processing file /home/airflow/.local/lib/python3.12/site-packages/airflow/example_dags/example_python_decorator.py for tasks to queue
[2025-11-17T21:28:41.592+0000] {logging_mixin.py:190} INFO - [2025-11-17T21:28:41.592+0000] {dagbag.py:588} INFO - Filling up the DagBag from /home/airflow/.local/lib/python3.12/site-packages/airflow/example_dags/example_python_decorator.py
[2025-11-17T21:28:41.602+0000] {processor.py:925} INFO - DAG(s) 'example_python_decorator' retrieved from /home/airflow/.local/lib/python3.12/site-packages/airflow/example_dags/example_python_decorator.py
[2025-11-17T21:28:41.616+0000] {logging_mixin.py:190} INFO - [2025-11-17T21:28:41.616+0000] {dag.py:3239} INFO - Sync 1 DAGs
[2025-11-17T21:28:41.626+0000] {logging_mixin.py:190} INFO - [2025-11-17T21:28:41.626+0000] {dag.py:4180} INFO - Setting next_dagrun for example_python_decorator to None, run_after=None
[2025-11-17T21:28:41.638+0000] {processor.py:208} INFO - Processing /home/airflow/.local/lib/python3.12/site-packages/airflow/example_dags/example_python_decorator.py took 0.052 seconds
[2025-11-17T21:29:12.429+0000] {processor.py:186} INFO - Started process (PID=3955) to work on /home/airflow/.local/lib/python3.12/site-packages/airflow/example_dags/example_python_decorator.py
[2025-11-17T21:29:12.430+0000] {processor.py:914} INFO - Processing file /home/airflow/.local/lib/python3.12/site-packages/airflow/example_dags/example_python_decorator.py for tasks to queue
[2025-11-17T21:29:12.431+0000] {logging_mixin.py:190} INFO - [2025-11-17T21:29:12.431+0000] {dagbag.py:588} INFO - Filling up the DagBag from /home/airflow/.local/lib/python3.12/site-packages/airflow/example_dags/example_python_decorator.py
[2025-11-17T21:29:12.441+0000] {processor.py:925} INFO - DAG(s) 'example_python_decorator' retrieved from /home/airflow/.local/lib/python3.12/site-packages/airflow/example_dags/example_python_decorator.py
[2025-11-17T21:29:12.456+0000] {logging_mixin.py:190} INFO - [2025-11-17T21:29:12.456+0000] {dag.py:3239} INFO - Sync 1 DAGs
[2025-11-17T21:29:12.464+0000] {logging_mixin.py:190} INFO - [2025-11-17T21:29:12.464+0000] {dag.py:4180} INFO - Setting next_dagrun for example_python_decorator to None, run_after=None
[2025-11-17T21:29:12.476+0000] {processor.py:208} INFO - Processing /home/airflow/.local/lib/python3.12/site-packages/airflow/example_dags/example_python_decorator.py took 0.051 seconds
[2025-11-17T21:29:43.501+0000] {processor.py:186} INFO - Started process (PID=4021) to work on /home/airflow/.local/lib/python3.12/site-packages/airflow/example_dags/example_python_decorator.py
[2025-11-17T21:29:43.501+0000] {processor.py:914} INFO - Processing file /home/airflow/.local/lib/python3.12/site-packages/airflow/example_dags/example_python_decorator.py for tasks to queue
[2025-11-17T21:29:43.503+0000] {logging_mixin.py:190} INFO - [2025-11-17T21:29:43.503+0000] {dagbag.py:588} INFO - Filling up the DagBag from /home/airflow/.local/lib/python3.12/site-packages/airflow/example_dags/example_python_decorator.py
[2025-11-17T21:29:43.513+0000] {processor.py:925} INFO - DAG(s) 'example_python_decorator' retrieved from /home/airflow/.local/lib/python3.12/site-packages/airflow/example_dags/example_python_decorator.py
[2025-11-17T21:29:43.527+0000] {logging_mixin.py:190} INFO - [2025-11-17T21:29:43.526+0000] {dag.py:3239} INFO - Sync 1 DAGs
[2025-11-17T21:29:43.536+0000] {logging_mixin.py:190} INFO - [2025-11-17T21:29:43.535+0000] {dag.py:4180} INFO - Setting next_dagrun for example_python_decorator to None, run_after=None
[2025-11-17T21:29:43.549+0000] {processor.py:208} INFO - Processing /home/airflow/.local/lib/python3.12/site-packages/airflow/example_dags/example_python_decorator.py took 0.052 seconds
[2025-11-17T21:30:15.794+0000] {processor.py:186} INFO - Started process (PID=111) to work on /home/airflow/.local/lib/python3.12/site-packages/airflow/example_dags/example_python_decorator.py
[2025-11-17T21:30:15.795+0000] {processor.py:914} INFO - Processing file /home/airflow/.local/lib/python3.12/site-packages/airflow/example_dags/example_python_decorator.py for tasks to queue
[2025-11-17T21:30:15.797+0000] {logging_mixin.py:190} INFO - [2025-11-17T21:30:15.797+0000] {dagbag.py:588} INFO - Filling up the DagBag from /home/airflow/.local/lib/python3.12/site-packages/airflow/example_dags/example_python_decorator.py
[2025-11-17T21:30:15.807+0000] {processor.py:925} INFO - DAG(s) 'example_python_decorator' retrieved from /home/airflow/.local/lib/python3.12/site-packages/airflow/example_dags/example_python_decorator.py
[2025-11-17T21:30:15.878+0000] {logging_mixin.py:190} INFO - [2025-11-17T21:30:15.878+0000] {dag.py:3239} INFO - Sync 1 DAGs
[2025-11-17T21:30:15.887+0000] {logging_mixin.py:190} INFO - [2025-11-17T21:30:15.886+0000] {dag.py:4180} INFO - Setting next_dagrun for example_python_decorator to None, run_after=None
[2025-11-17T21:30:15.901+0000] {processor.py:208} INFO - Processing /home/airflow/.local/lib/python3.12/site-packages/airflow/example_dags/example_python_decorator.py took 0.111 seconds
[2025-11-17T21:37:46.160+0000] {processor.py:186} INFO - Started process (PID=110) to work on /home/airflow/.local/lib/python3.12/site-packages/airflow/example_dags/example_python_decorator.py
[2025-11-17T21:37:46.161+0000] {processor.py:914} INFO - Processing file /home/airflow/.local/lib/python3.12/site-packages/airflow/example_dags/example_python_decorator.py for tasks to queue
[2025-11-17T21:37:46.162+0000] {logging_mixin.py:190} INFO - [2025-11-17T21:37:46.162+0000] {dagbag.py:588} INFO - Filling up the DagBag from /home/airflow/.local/lib/python3.12/site-packages/airflow/example_dags/example_python_decorator.py
[2025-11-17T21:37:46.174+0000] {processor.py:925} INFO - DAG(s) 'example_python_decorator' retrieved from /home/airflow/.local/lib/python3.12/site-packages/airflow/example_dags/example_python_decorator.py
[2025-11-17T21:37:46.245+0000] {logging_mixin.py:190} INFO - [2025-11-17T21:37:46.245+0000] {dag.py:3239} INFO - Sync 1 DAGs
[2025-11-17T21:37:46.253+0000] {logging_mixin.py:190} INFO - [2025-11-17T21:37:46.253+0000] {dag.py:4180} INFO - Setting next_dagrun for example_python_decorator to None, run_after=None
[2025-11-17T21:37:46.267+0000] {processor.py:208} INFO - Processing /home/airflow/.local/lib/python3.12/site-packages/airflow/example_dags/example_python_decorator.py took 0.110 seconds
[2025-11-17T21:38:17.248+0000] {processor.py:186} INFO - Started process (PID=176) to work on /home/airflow/.local/lib/python3.12/site-packages/airflow/example_dags/example_python_decorator.py
[2025-11-17T21:38:17.250+0000] {processor.py:914} INFO - Processing file /home/airflow/.local/lib/python3.12/site-packages/airflow/example_dags/example_python_decorator.py for tasks to queue
[2025-11-17T21:38:17.251+0000] {logging_mixin.py:190} INFO - [2025-11-17T21:38:17.251+0000] {dagbag.py:588} INFO - Filling up the DagBag from /home/airflow/.local/lib/python3.12/site-packages/airflow/example_dags/example_python_decorator.py
[2025-11-17T21:38:17.261+0000] {processor.py:925} INFO - DAG(s) 'example_python_decorator' retrieved from /home/airflow/.local/lib/python3.12/site-packages/airflow/example_dags/example_python_decorator.py
[2025-11-17T21:38:17.276+0000] {logging_mixin.py:190} INFO - [2025-11-17T21:38:17.275+0000] {dag.py:3239} INFO - Sync 1 DAGs
[2025-11-17T21:38:17.284+0000] {logging_mixin.py:190} INFO - [2025-11-17T21:38:17.284+0000] {dag.py:4180} INFO - Setting next_dagrun for example_python_decorator to None, run_after=None
[2025-11-17T21:38:17.297+0000] {processor.py:208} INFO - Processing /home/airflow/.local/lib/python3.12/site-packages/airflow/example_dags/example_python_decorator.py took 0.052 seconds
[2025-11-17T21:38:47.988+0000] {processor.py:186} INFO - Started process (PID=242) to work on /home/airflow/.local/lib/python3.12/site-packages/airflow/example_dags/example_python_decorator.py
[2025-11-17T21:38:47.989+0000] {processor.py:914} INFO - Processing file /home/airflow/.local/lib/python3.12/site-packages/airflow/example_dags/example_python_decorator.py for tasks to queue
[2025-11-17T21:38:47.991+0000] {logging_mixin.py:190} INFO - [2025-11-17T21:38:47.991+0000] {dagbag.py:588} INFO - Filling up the DagBag from /home/airflow/.local/lib/python3.12/site-packages/airflow/example_dags/example_python_decorator.py
[2025-11-17T21:38:48.001+0000] {processor.py:925} INFO - DAG(s) 'example_python_decorator' retrieved from /home/airflow/.local/lib/python3.12/site-packages/airflow/example_dags/example_python_decorator.py
[2025-11-17T21:38:48.016+0000] {logging_mixin.py:190} INFO - [2025-11-17T21:38:48.015+0000] {dag.py:3239} INFO - Sync 1 DAGs
[2025-11-17T21:38:48.025+0000] {logging_mixin.py:190} INFO - [2025-11-17T21:38:48.025+0000] {dag.py:4180} INFO - Setting next_dagrun for example_python_decorator to None, run_after=None
[2025-11-17T21:38:48.040+0000] {processor.py:208} INFO - Processing /home/airflow/.local/lib/python3.12/site-packages/airflow/example_dags/example_python_decorator.py took 0.055 seconds
[2025-11-17T21:39:18.685+0000] {processor.py:186} INFO - Started process (PID=308) to work on /home/airflow/.local/lib/python3.12/site-packages/airflow/example_dags/example_python_decorator.py
[2025-11-17T21:39:18.686+0000] {processor.py:914} INFO - Processing file /home/airflow/.local/lib/python3.12/site-packages/airflow/example_dags/example_python_decorator.py for tasks to queue
[2025-11-17T21:39:18.687+0000] {logging_mixin.py:190} INFO - [2025-11-17T21:39:18.687+0000] {dagbag.py:588} INFO - Filling up the DagBag from /home/airflow/.local/lib/python3.12/site-packages/airflow/example_dags/example_python_decorator.py
[2025-11-17T21:39:18.697+0000] {processor.py:925} INFO - DAG(s) 'example_python_decorator' retrieved from /home/airflow/.local/lib/python3.12/site-packages/airflow/example_dags/example_python_decorator.py
[2025-11-17T21:39:18.710+0000] {logging_mixin.py:190} INFO - [2025-11-17T21:39:18.710+0000] {dag.py:3239} INFO - Sync 1 DAGs
[2025-11-17T21:39:18.719+0000] {logging_mixin.py:190} INFO - [2025-11-17T21:39:18.719+0000] {dag.py:4180} INFO - Setting next_dagrun for example_python_decorator to None, run_after=None
[2025-11-17T21:39:18.731+0000] {processor.py:208} INFO - Processing /home/airflow/.local/lib/python3.12/site-packages/airflow/example_dags/example_python_decorator.py took 0.050 seconds
[2025-11-17T21:39:49.411+0000] {processor.py:186} INFO - Started process (PID=374) to work on /home/airflow/.local/lib/python3.12/site-packages/airflow/example_dags/example_python_decorator.py
[2025-11-17T21:39:49.412+0000] {processor.py:914} INFO - Processing file /home/airflow/.local/lib/python3.12/site-packages/airflow/example_dags/example_python_decorator.py for tasks to queue
[2025-11-17T21:39:49.414+0000] {logging_mixin.py:190} INFO - [2025-11-17T21:39:49.413+0000] {dagbag.py:588} INFO - Filling up the DagBag from /home/airflow/.local/lib/python3.12/site-packages/airflow/example_dags/example_python_decorator.py
[2025-11-17T21:39:49.423+0000] {processor.py:925} INFO - DAG(s) 'example_python_decorator' retrieved from /home/airflow/.local/lib/python3.12/site-packages/airflow/example_dags/example_python_decorator.py
[2025-11-17T21:39:49.437+0000] {logging_mixin.py:190} INFO - [2025-11-17T21:39:49.437+0000] {dag.py:3239} INFO - Sync 1 DAGs
[2025-11-17T21:39:49.445+0000] {logging_mixin.py:190} INFO - [2025-11-17T21:39:49.445+0000] {dag.py:4180} INFO - Setting next_dagrun for example_python_decorator to None, run_after=None
[2025-11-17T21:39:49.457+0000] {processor.py:208} INFO - Processing /home/airflow/.local/lib/python3.12/site-packages/airflow/example_dags/example_python_decorator.py took 0.050 seconds
[2025-11-17T21:40:20.440+0000] {processor.py:186} INFO - Started process (PID=440) to work on /home/airflow/.local/lib/python3.12/site-packages/airflow/example_dags/example_python_decorator.py
[2025-11-17T21:40:20.440+0000] {processor.py:914} INFO - Processing file /home/airflow/.local/lib/python3.12/site-packages/airflow/example_dags/example_python_decorator.py for tasks to queue
[2025-11-17T21:40:20.442+0000] {logging_mixin.py:190} INFO - [2025-11-17T21:40:20.442+0000] {dagbag.py:588} INFO - Filling up the DagBag from /home/airflow/.local/lib/python3.12/site-packages/airflow/example_dags/example_python_decorator.py
[2025-11-17T21:40:20.452+0000] {processor.py:925} INFO - DAG(s) 'example_python_decorator' retrieved from /home/airflow/.local/lib/python3.12/site-packages/airflow/example_dags/example_python_decorator.py
[2025-11-17T21:40:20.467+0000] {logging_mixin.py:190} INFO - [2025-11-17T21:40:20.467+0000] {dag.py:3239} INFO - Sync 1 DAGs
[2025-11-17T21:40:20.476+0000] {logging_mixin.py:190} INFO - [2025-11-17T21:40:20.476+0000] {dag.py:4180} INFO - Setting next_dagrun for example_python_decorator to None, run_after=None
[2025-11-17T21:40:20.488+0000] {processor.py:208} INFO - Processing /home/airflow/.local/lib/python3.12/site-packages/airflow/example_dags/example_python_decorator.py took 0.053 seconds
[2025-11-17T21:40:51.571+0000] {processor.py:186} INFO - Started process (PID=506) to work on /home/airflow/.local/lib/python3.12/site-packages/airflow/example_dags/example_python_decorator.py
[2025-11-17T21:40:51.573+0000] {processor.py:914} INFO - Processing file /home/airflow/.local/lib/python3.12/site-packages/airflow/example_dags/example_python_decorator.py for tasks to queue
[2025-11-17T21:40:51.574+0000] {logging_mixin.py:190} INFO - [2025-11-17T21:40:51.574+0000] {dagbag.py:588} INFO - Filling up the DagBag from /home/airflow/.local/lib/python3.12/site-packages/airflow/example_dags/example_python_decorator.py
[2025-11-17T21:40:51.584+0000] {processor.py:925} INFO - DAG(s) 'example_python_decorator' retrieved from /home/airflow/.local/lib/python3.12/site-packages/airflow/example_dags/example_python_decorator.py
[2025-11-17T21:40:51.598+0000] {logging_mixin.py:190} INFO - [2025-11-17T21:40:51.598+0000] {dag.py:3239} INFO - Sync 1 DAGs
[2025-11-17T21:40:51.606+0000] {logging_mixin.py:190} INFO - [2025-11-17T21:40:51.606+0000] {dag.py:4180} INFO - Setting next_dagrun for example_python_decorator to None, run_after=None
[2025-11-17T21:40:51.618+0000] {processor.py:208} INFO - Processing /home/airflow/.local/lib/python3.12/site-packages/airflow/example_dags/example_python_decorator.py took 0.051 seconds
[2025-11-17T21:41:22.708+0000] {processor.py:186} INFO - Started process (PID=572) to work on /home/airflow/.local/lib/python3.12/site-packages/airflow/example_dags/example_python_decorator.py
[2025-11-17T21:41:22.709+0000] {processor.py:914} INFO - Processing file /home/airflow/.local/lib/python3.12/site-packages/airflow/example_dags/example_python_decorator.py for tasks to queue
[2025-11-17T21:41:22.711+0000] {logging_mixin.py:190} INFO - [2025-11-17T21:41:22.711+0000] {dagbag.py:588} INFO - Filling up the DagBag from /home/airflow/.local/lib/python3.12/site-packages/airflow/example_dags/example_python_decorator.py
[2025-11-17T21:41:22.721+0000] {processor.py:925} INFO - DAG(s) 'example_python_decorator' retrieved from /home/airflow/.local/lib/python3.12/site-packages/airflow/example_dags/example_python_decorator.py
[2025-11-17T21:41:22.735+0000] {logging_mixin.py:190} INFO - [2025-11-17T21:41:22.735+0000] {dag.py:3239} INFO - Sync 1 DAGs
[2025-11-17T21:41:22.745+0000] {logging_mixin.py:190} INFO - [2025-11-17T21:41:22.744+0000] {dag.py:4180} INFO - Setting next_dagrun for example_python_decorator to None, run_after=None
[2025-11-17T21:41:22.759+0000] {processor.py:208} INFO - Processing /home/airflow/.local/lib/python3.12/site-packages/airflow/example_dags/example_python_decorator.py took 0.055 seconds
[2025-11-17T21:41:53.605+0000] {processor.py:186} INFO - Started process (PID=638) to work on /home/airflow/.local/lib/python3.12/site-packages/airflow/example_dags/example_python_decorator.py
[2025-11-17T21:41:53.606+0000] {processor.py:914} INFO - Processing file /home/airflow/.local/lib/python3.12/site-packages/airflow/example_dags/example_python_decorator.py for tasks to queue
[2025-11-17T21:41:53.608+0000] {logging_mixin.py:190} INFO - [2025-11-17T21:41:53.608+0000] {dagbag.py:588} INFO - Filling up the DagBag from /home/airflow/.local/lib/python3.12/site-packages/airflow/example_dags/example_python_decorator.py
[2025-11-17T21:41:53.618+0000] {processor.py:925} INFO - DAG(s) 'example_python_decorator' retrieved from /home/airflow/.local/lib/python3.12/site-packages/airflow/example_dags/example_python_decorator.py
[2025-11-17T21:41:53.635+0000] {logging_mixin.py:190} INFO - [2025-11-17T21:41:53.634+0000] {dag.py:3239} INFO - Sync 1 DAGs
[2025-11-17T21:41:53.645+0000] {logging_mixin.py:190} INFO - [2025-11-17T21:41:53.645+0000] {dag.py:4180} INFO - Setting next_dagrun for example_python_decorator to None, run_after=None
[2025-11-17T21:41:53.658+0000] {processor.py:208} INFO - Processing /home/airflow/.local/lib/python3.12/site-packages/airflow/example_dags/example_python_decorator.py took 0.057 seconds
[2025-11-17T21:42:24.631+0000] {processor.py:186} INFO - Started process (PID=704) to work on /home/airflow/.local/lib/python3.12/site-packages/airflow/example_dags/example_python_decorator.py
[2025-11-17T21:42:24.632+0000] {processor.py:914} INFO - Processing file /home/airflow/.local/lib/python3.12/site-packages/airflow/example_dags/example_python_decorator.py for tasks to queue
[2025-11-17T21:42:24.634+0000] {logging_mixin.py:190} INFO - [2025-11-17T21:42:24.633+0000] {dagbag.py:588} INFO - Filling up the DagBag from /home/airflow/.local/lib/python3.12/site-packages/airflow/example_dags/example_python_decorator.py
[2025-11-17T21:42:24.643+0000] {processor.py:925} INFO - DAG(s) 'example_python_decorator' retrieved from /home/airflow/.local/lib/python3.12/site-packages/airflow/example_dags/example_python_decorator.py
[2025-11-17T21:42:24.657+0000] {logging_mixin.py:190} INFO - [2025-11-17T21:42:24.657+0000] {dag.py:3239} INFO - Sync 1 DAGs
[2025-11-17T21:42:24.665+0000] {logging_mixin.py:190} INFO - [2025-11-17T21:42:24.665+0000] {dag.py:4180} INFO - Setting next_dagrun for example_python_decorator to None, run_after=None
[2025-11-17T21:42:24.678+0000] {processor.py:208} INFO - Processing /home/airflow/.local/lib/python3.12/site-packages/airflow/example_dags/example_python_decorator.py took 0.051 seconds
[2025-11-17T21:42:57.107+0000] {processor.py:186} INFO - Started process (PID=770) to work on /home/airflow/.local/lib/python3.12/site-packages/airflow/example_dags/example_python_decorator.py
[2025-11-17T21:42:57.108+0000] {processor.py:914} INFO - Processing file /home/airflow/.local/lib/python3.12/site-packages/airflow/example_dags/example_python_decorator.py for tasks to queue
[2025-11-17T21:42:57.110+0000] {logging_mixin.py:190} INFO - [2025-11-17T21:42:57.110+0000] {dagbag.py:588} INFO - Filling up the DagBag from /home/airflow/.local/lib/python3.12/site-packages/airflow/example_dags/example_python_decorator.py
[2025-11-17T21:42:57.121+0000] {processor.py:925} INFO - DAG(s) 'example_python_decorator' retrieved from /home/airflow/.local/lib/python3.12/site-packages/airflow/example_dags/example_python_decorator.py
[2025-11-17T21:42:57.138+0000] {logging_mixin.py:190} INFO - [2025-11-17T21:42:57.137+0000] {dag.py:3239} INFO - Sync 1 DAGs
[2025-11-17T21:42:57.149+0000] {logging_mixin.py:190} INFO - [2025-11-17T21:42:57.149+0000] {dag.py:4180} INFO - Setting next_dagrun for example_python_decorator to None, run_after=None
[2025-11-17T21:42:57.164+0000] {processor.py:208} INFO - Processing /home/airflow/.local/lib/python3.12/site-packages/airflow/example_dags/example_python_decorator.py took 0.062 seconds
[2025-11-17T21:43:27.655+0000] {processor.py:186} INFO - Started process (PID=836) to work on /home/airflow/.local/lib/python3.12/site-packages/airflow/example_dags/example_python_decorator.py
[2025-11-17T21:43:27.656+0000] {processor.py:914} INFO - Processing file /home/airflow/.local/lib/python3.12/site-packages/airflow/example_dags/example_python_decorator.py for tasks to queue
[2025-11-17T21:43:27.658+0000] {logging_mixin.py:190} INFO - [2025-11-17T21:43:27.658+0000] {dagbag.py:588} INFO - Filling up the DagBag from /home/airflow/.local/lib/python3.12/site-packages/airflow/example_dags/example_python_decorator.py
[2025-11-17T21:43:27.669+0000] {processor.py:925} INFO - DAG(s) 'example_python_decorator' retrieved from /home/airflow/.local/lib/python3.12/site-packages/airflow/example_dags/example_python_decorator.py
[2025-11-17T21:43:27.685+0000] {logging_mixin.py:190} INFO - [2025-11-17T21:43:27.685+0000] {dag.py:3239} INFO - Sync 1 DAGs
[2025-11-17T21:43:27.695+0000] {logging_mixin.py:190} INFO - [2025-11-17T21:43:27.694+0000] {dag.py:4180} INFO - Setting next_dagrun for example_python_decorator to None, run_after=None
[2025-11-17T21:43:27.707+0000] {processor.py:208} INFO - Processing /home/airflow/.local/lib/python3.12/site-packages/airflow/example_dags/example_python_decorator.py took 0.057 seconds
[2025-11-17T21:43:58.743+0000] {processor.py:186} INFO - Started process (PID=902) to work on /home/airflow/.local/lib/python3.12/site-packages/airflow/example_dags/example_python_decorator.py
[2025-11-17T21:43:58.744+0000] {processor.py:914} INFO - Processing file /home/airflow/.local/lib/python3.12/site-packages/airflow/example_dags/example_python_decorator.py for tasks to queue
[2025-11-17T21:43:58.746+0000] {logging_mixin.py:190} INFO - [2025-11-17T21:43:58.746+0000] {dagbag.py:588} INFO - Filling up the DagBag from /home/airflow/.local/lib/python3.12/site-packages/airflow/example_dags/example_python_decorator.py
[2025-11-17T21:43:58.757+0000] {processor.py:925} INFO - DAG(s) 'example_python_decorator' retrieved from /home/airflow/.local/lib/python3.12/site-packages/airflow/example_dags/example_python_decorator.py
[2025-11-17T21:43:58.773+0000] {logging_mixin.py:190} INFO - [2025-11-17T21:43:58.773+0000] {dag.py:3239} INFO - Sync 1 DAGs
[2025-11-17T21:43:58.783+0000] {logging_mixin.py:190} INFO - [2025-11-17T21:43:58.783+0000] {dag.py:4180} INFO - Setting next_dagrun for example_python_decorator to None, run_after=None
[2025-11-17T21:43:58.801+0000] {processor.py:208} INFO - Processing /home/airflow/.local/lib/python3.12/site-packages/airflow/example_dags/example_python_decorator.py took 0.063 seconds
[2025-11-17T21:44:30.393+0000] {processor.py:186} INFO - Started process (PID=968) to work on /home/airflow/.local/lib/python3.12/site-packages/airflow/example_dags/example_python_decorator.py
[2025-11-17T21:44:30.394+0000] {processor.py:914} INFO - Processing file /home/airflow/.local/lib/python3.12/site-packages/airflow/example_dags/example_python_decorator.py for tasks to queue
[2025-11-17T21:44:30.396+0000] {logging_mixin.py:190} INFO - [2025-11-17T21:44:30.396+0000] {dagbag.py:588} INFO - Filling up the DagBag from /home/airflow/.local/lib/python3.12/site-packages/airflow/example_dags/example_python_decorator.py
[2025-11-17T21:44:30.407+0000] {processor.py:925} INFO - DAG(s) 'example_python_decorator' retrieved from /home/airflow/.local/lib/python3.12/site-packages/airflow/example_dags/example_python_decorator.py
[2025-11-17T21:44:30.424+0000] {logging_mixin.py:190} INFO - [2025-11-17T21:44:30.423+0000] {dag.py:3239} INFO - Sync 1 DAGs
[2025-11-17T21:44:30.443+0000] {logging_mixin.py:190} INFO - [2025-11-17T21:44:30.443+0000] {dag.py:4180} INFO - Setting next_dagrun for example_python_decorator to None, run_after=None
[2025-11-17T21:44:30.468+0000] {processor.py:208} INFO - Processing /home/airflow/.local/lib/python3.12/site-packages/airflow/example_dags/example_python_decorator.py took 0.079 seconds
[2025-11-17T21:45:00.844+0000] {processor.py:186} INFO - Started process (PID=1034) to work on /home/airflow/.local/lib/python3.12/site-packages/airflow/example_dags/example_python_decorator.py
[2025-11-17T21:45:00.845+0000] {processor.py:914} INFO - Processing file /home/airflow/.local/lib/python3.12/site-packages/airflow/example_dags/example_python_decorator.py for tasks to queue
[2025-11-17T21:45:00.847+0000] {logging_mixin.py:190} INFO - [2025-11-17T21:45:00.847+0000] {dagbag.py:588} INFO - Filling up the DagBag from /home/airflow/.local/lib/python3.12/site-packages/airflow/example_dags/example_python_decorator.py
[2025-11-17T21:45:00.858+0000] {processor.py:925} INFO - DAG(s) 'example_python_decorator' retrieved from /home/airflow/.local/lib/python3.12/site-packages/airflow/example_dags/example_python_decorator.py
[2025-11-17T21:45:00.874+0000] {logging_mixin.py:190} INFO - [2025-11-17T21:45:00.874+0000] {dag.py:3239} INFO - Sync 1 DAGs
[2025-11-17T21:45:00.886+0000] {logging_mixin.py:190} INFO - [2025-11-17T21:45:00.886+0000] {dag.py:4180} INFO - Setting next_dagrun for example_python_decorator to None, run_after=None
[2025-11-17T21:45:00.900+0000] {processor.py:208} INFO - Processing /home/airflow/.local/lib/python3.12/site-packages/airflow/example_dags/example_python_decorator.py took 0.061 seconds
[2025-11-17T21:45:31.450+0000] {processor.py:186} INFO - Started process (PID=1100) to work on /home/airflow/.local/lib/python3.12/site-packages/airflow/example_dags/example_python_decorator.py
[2025-11-17T21:45:31.451+0000] {processor.py:914} INFO - Processing file /home/airflow/.local/lib/python3.12/site-packages/airflow/example_dags/example_python_decorator.py for tasks to queue
[2025-11-17T21:45:31.454+0000] {logging_mixin.py:190} INFO - [2025-11-17T21:45:31.453+0000] {dagbag.py:588} INFO - Filling up the DagBag from /home/airflow/.local/lib/python3.12/site-packages/airflow/example_dags/example_python_decorator.py
[2025-11-17T21:45:31.468+0000] {processor.py:925} INFO - DAG(s) 'example_python_decorator' retrieved from /home/airflow/.local/lib/python3.12/site-packages/airflow/example_dags/example_python_decorator.py
[2025-11-17T21:45:31.490+0000] {logging_mixin.py:190} INFO - [2025-11-17T21:45:31.490+0000] {dag.py:3239} INFO - Sync 1 DAGs
[2025-11-17T21:45:31.503+0000] {logging_mixin.py:190} INFO - [2025-11-17T21:45:31.503+0000] {dag.py:4180} INFO - Setting next_dagrun for example_python_decorator to None, run_after=None
[2025-11-17T21:45:31.524+0000] {processor.py:208} INFO - Processing /home/airflow/.local/lib/python3.12/site-packages/airflow/example_dags/example_python_decorator.py took 0.079 seconds
[2025-11-17T21:46:02.534+0000] {processor.py:186} INFO - Started process (PID=1166) to work on /home/airflow/.local/lib/python3.12/site-packages/airflow/example_dags/example_python_decorator.py
[2025-11-17T21:46:02.536+0000] {processor.py:914} INFO - Processing file /home/airflow/.local/lib/python3.12/site-packages/airflow/example_dags/example_python_decorator.py for tasks to queue
[2025-11-17T21:46:02.538+0000] {logging_mixin.py:190} INFO - [2025-11-17T21:46:02.537+0000] {dagbag.py:588} INFO - Filling up the DagBag from /home/airflow/.local/lib/python3.12/site-packages/airflow/example_dags/example_python_decorator.py
[2025-11-17T21:46:02.549+0000] {processor.py:925} INFO - DAG(s) 'example_python_decorator' retrieved from /home/airflow/.local/lib/python3.12/site-packages/airflow/example_dags/example_python_decorator.py
[2025-11-17T21:46:02.565+0000] {logging_mixin.py:190} INFO - [2025-11-17T21:46:02.565+0000] {dag.py:3239} INFO - Sync 1 DAGs
[2025-11-17T21:46:02.575+0000] {logging_mixin.py:190} INFO - [2025-11-17T21:46:02.575+0000] {dag.py:4180} INFO - Setting next_dagrun for example_python_decorator to None, run_after=None
[2025-11-17T21:46:02.602+0000] {processor.py:208} INFO - Processing /home/airflow/.local/lib/python3.12/site-packages/airflow/example_dags/example_python_decorator.py took 0.072 seconds
[2025-11-17T21:46:33.176+0000] {processor.py:186} INFO - Started process (PID=1232) to work on /home/airflow/.local/lib/python3.12/site-packages/airflow/example_dags/example_python_decorator.py
[2025-11-17T21:46:33.177+0000] {processor.py:914} INFO - Processing file /home/airflow/.local/lib/python3.12/site-packages/airflow/example_dags/example_python_decorator.py for tasks to queue
[2025-11-17T21:46:33.179+0000] {logging_mixin.py:190} INFO - [2025-11-17T21:46:33.179+0000] {dagbag.py:588} INFO - Filling up the DagBag from /home/airflow/.local/lib/python3.12/site-packages/airflow/example_dags/example_python_decorator.py
[2025-11-17T21:46:33.189+0000] {processor.py:925} INFO - DAG(s) 'example_python_decorator' retrieved from /home/airflow/.local/lib/python3.12/site-packages/airflow/example_dags/example_python_decorator.py
[2025-11-17T21:46:33.206+0000] {logging_mixin.py:190} INFO - [2025-11-17T21:46:33.206+0000] {dag.py:3239} INFO - Sync 1 DAGs
[2025-11-17T21:46:33.216+0000] {logging_mixin.py:190} INFO - [2025-11-17T21:46:33.216+0000] {dag.py:4180} INFO - Setting next_dagrun for example_python_decorator to None, run_after=None
[2025-11-17T21:46:33.231+0000] {processor.py:208} INFO - Processing /home/airflow/.local/lib/python3.12/site-packages/airflow/example_dags/example_python_decorator.py took 0.059 seconds
[2025-11-17T21:47:04.758+0000] {processor.py:186} INFO - Started process (PID=1297) to work on /home/airflow/.local/lib/python3.12/site-packages/airflow/example_dags/example_python_decorator.py
[2025-11-17T21:47:04.759+0000] {processor.py:914} INFO - Processing file /home/airflow/.local/lib/python3.12/site-packages/airflow/example_dags/example_python_decorator.py for tasks to queue
[2025-11-17T21:47:04.761+0000] {logging_mixin.py:190} INFO - [2025-11-17T21:47:04.761+0000] {dagbag.py:588} INFO - Filling up the DagBag from /home/airflow/.local/lib/python3.12/site-packages/airflow/example_dags/example_python_decorator.py
[2025-11-17T21:47:04.771+0000] {processor.py:925} INFO - DAG(s) 'example_python_decorator' retrieved from /home/airflow/.local/lib/python3.12/site-packages/airflow/example_dags/example_python_decorator.py
[2025-11-17T21:47:04.786+0000] {logging_mixin.py:190} INFO - [2025-11-17T21:47:04.786+0000] {dag.py:3239} INFO - Sync 1 DAGs
[2025-11-17T21:47:04.794+0000] {logging_mixin.py:190} INFO - [2025-11-17T21:47:04.794+0000] {dag.py:4180} INFO - Setting next_dagrun for example_python_decorator to None, run_after=None
[2025-11-17T21:47:04.806+0000] {processor.py:208} INFO - Processing /home/airflow/.local/lib/python3.12/site-packages/airflow/example_dags/example_python_decorator.py took 0.052 seconds
[2025-11-17T21:47:35.457+0000] {processor.py:186} INFO - Started process (PID=1363) to work on /home/airflow/.local/lib/python3.12/site-packages/airflow/example_dags/example_python_decorator.py
[2025-11-17T21:47:35.458+0000] {processor.py:914} INFO - Processing file /home/airflow/.local/lib/python3.12/site-packages/airflow/example_dags/example_python_decorator.py for tasks to queue
[2025-11-17T21:47:35.459+0000] {logging_mixin.py:190} INFO - [2025-11-17T21:47:35.459+0000] {dagbag.py:588} INFO - Filling up the DagBag from /home/airflow/.local/lib/python3.12/site-packages/airflow/example_dags/example_python_decorator.py
[2025-11-17T21:47:35.469+0000] {processor.py:925} INFO - DAG(s) 'example_python_decorator' retrieved from /home/airflow/.local/lib/python3.12/site-packages/airflow/example_dags/example_python_decorator.py
[2025-11-17T21:47:35.483+0000] {logging_mixin.py:190} INFO - [2025-11-17T21:47:35.483+0000] {dag.py:3239} INFO - Sync 1 DAGs
[2025-11-17T21:47:35.491+0000] {logging_mixin.py:190} INFO - [2025-11-17T21:47:35.491+0000] {dag.py:4180} INFO - Setting next_dagrun for example_python_decorator to None, run_after=None
[2025-11-17T21:47:35.502+0000] {processor.py:208} INFO - Processing /home/airflow/.local/lib/python3.12/site-packages/airflow/example_dags/example_python_decorator.py took 0.049 seconds
[2025-11-17T21:48:06.340+0000] {processor.py:186} INFO - Started process (PID=1429) to work on /home/airflow/.local/lib/python3.12/site-packages/airflow/example_dags/example_python_decorator.py
[2025-11-17T21:48:06.341+0000] {processor.py:914} INFO - Processing file /home/airflow/.local/lib/python3.12/site-packages/airflow/example_dags/example_python_decorator.py for tasks to queue
[2025-11-17T21:48:06.343+0000] {logging_mixin.py:190} INFO - [2025-11-17T21:48:06.343+0000] {dagbag.py:588} INFO - Filling up the DagBag from /home/airflow/.local/lib/python3.12/site-packages/airflow/example_dags/example_python_decorator.py
[2025-11-17T21:48:06.353+0000] {processor.py:925} INFO - DAG(s) 'example_python_decorator' retrieved from /home/airflow/.local/lib/python3.12/site-packages/airflow/example_dags/example_python_decorator.py
[2025-11-17T21:48:06.368+0000] {logging_mixin.py:190} INFO - [2025-11-17T21:48:06.368+0000] {dag.py:3239} INFO - Sync 1 DAGs
[2025-11-17T21:48:06.378+0000] {logging_mixin.py:190} INFO - [2025-11-17T21:48:06.378+0000] {dag.py:4180} INFO - Setting next_dagrun for example_python_decorator to None, run_after=None
[2025-11-17T21:48:06.390+0000] {processor.py:208} INFO - Processing /home/airflow/.local/lib/python3.12/site-packages/airflow/example_dags/example_python_decorator.py took 0.054 seconds
[2025-11-17T21:48:37.027+0000] {processor.py:186} INFO - Started process (PID=1495) to work on /home/airflow/.local/lib/python3.12/site-packages/airflow/example_dags/example_python_decorator.py
[2025-11-17T21:48:37.028+0000] {processor.py:914} INFO - Processing file /home/airflow/.local/lib/python3.12/site-packages/airflow/example_dags/example_python_decorator.py for tasks to queue
[2025-11-17T21:48:37.029+0000] {logging_mixin.py:190} INFO - [2025-11-17T21:48:37.029+0000] {dagbag.py:588} INFO - Filling up the DagBag from /home/airflow/.local/lib/python3.12/site-packages/airflow/example_dags/example_python_decorator.py
[2025-11-17T21:48:37.040+0000] {processor.py:925} INFO - DAG(s) 'example_python_decorator' retrieved from /home/airflow/.local/lib/python3.12/site-packages/airflow/example_dags/example_python_decorator.py
[2025-11-17T21:48:37.054+0000] {logging_mixin.py:190} INFO - [2025-11-17T21:48:37.054+0000] {dag.py:3239} INFO - Sync 1 DAGs
[2025-11-17T21:48:37.063+0000] {logging_mixin.py:190} INFO - [2025-11-17T21:48:37.063+0000] {dag.py:4180} INFO - Setting next_dagrun for example_python_decorator to None, run_after=None
[2025-11-17T21:48:37.075+0000] {processor.py:208} INFO - Processing /home/airflow/.local/lib/python3.12/site-packages/airflow/example_dags/example_python_decorator.py took 0.053 seconds
[2025-11-17T21:49:07.964+0000] {processor.py:186} INFO - Started process (PID=1561) to work on /home/airflow/.local/lib/python3.12/site-packages/airflow/example_dags/example_python_decorator.py
[2025-11-17T21:49:07.965+0000] {processor.py:914} INFO - Processing file /home/airflow/.local/lib/python3.12/site-packages/airflow/example_dags/example_python_decorator.py for tasks to queue
[2025-11-17T21:49:07.967+0000] {logging_mixin.py:190} INFO - [2025-11-17T21:49:07.967+0000] {dagbag.py:588} INFO - Filling up the DagBag from /home/airflow/.local/lib/python3.12/site-packages/airflow/example_dags/example_python_decorator.py
[2025-11-17T21:49:07.976+0000] {processor.py:925} INFO - DAG(s) 'example_python_decorator' retrieved from /home/airflow/.local/lib/python3.12/site-packages/airflow/example_dags/example_python_decorator.py
[2025-11-17T21:49:07.991+0000] {logging_mixin.py:190} INFO - [2025-11-17T21:49:07.991+0000] {dag.py:3239} INFO - Sync 1 DAGs
[2025-11-17T21:49:08.000+0000] {logging_mixin.py:190} INFO - [2025-11-17T21:49:08.000+0000] {dag.py:4180} INFO - Setting next_dagrun for example_python_decorator to None, run_after=None
[2025-11-17T21:49:08.012+0000] {processor.py:208} INFO - Processing /home/airflow/.local/lib/python3.12/site-packages/airflow/example_dags/example_python_decorator.py took 0.052 seconds
[2025-11-17T21:49:39.265+0000] {processor.py:186} INFO - Started process (PID=1627) to work on /home/airflow/.local/lib/python3.12/site-packages/airflow/example_dags/example_python_decorator.py
[2025-11-17T21:49:39.266+0000] {processor.py:914} INFO - Processing file /home/airflow/.local/lib/python3.12/site-packages/airflow/example_dags/example_python_decorator.py for tasks to queue
[2025-11-17T21:49:39.268+0000] {logging_mixin.py:190} INFO - [2025-11-17T21:49:39.268+0000] {dagbag.py:588} INFO - Filling up the DagBag from /home/airflow/.local/lib/python3.12/site-packages/airflow/example_dags/example_python_decorator.py
[2025-11-17T21:49:39.278+0000] {processor.py:925} INFO - DAG(s) 'example_python_decorator' retrieved from /home/airflow/.local/lib/python3.12/site-packages/airflow/example_dags/example_python_decorator.py
[2025-11-17T21:49:39.293+0000] {logging_mixin.py:190} INFO - [2025-11-17T21:49:39.293+0000] {dag.py:3239} INFO - Sync 1 DAGs
[2025-11-17T21:49:39.302+0000] {logging_mixin.py:190} INFO - [2025-11-17T21:49:39.302+0000] {dag.py:4180} INFO - Setting next_dagrun for example_python_decorator to None, run_after=None
[2025-11-17T21:49:39.315+0000] {processor.py:208} INFO - Processing /home/airflow/.local/lib/python3.12/site-packages/airflow/example_dags/example_python_decorator.py took 0.054 seconds
[2025-11-17T21:50:10.460+0000] {processor.py:186} INFO - Started process (PID=1693) to work on /home/airflow/.local/lib/python3.12/site-packages/airflow/example_dags/example_python_decorator.py
[2025-11-17T21:50:10.461+0000] {processor.py:914} INFO - Processing file /home/airflow/.local/lib/python3.12/site-packages/airflow/example_dags/example_python_decorator.py for tasks to queue
[2025-11-17T21:50:10.462+0000] {logging_mixin.py:190} INFO - [2025-11-17T21:50:10.462+0000] {dagbag.py:588} INFO - Filling up the DagBag from /home/airflow/.local/lib/python3.12/site-packages/airflow/example_dags/example_python_decorator.py
[2025-11-17T21:50:10.472+0000] {processor.py:925} INFO - DAG(s) 'example_python_decorator' retrieved from /home/airflow/.local/lib/python3.12/site-packages/airflow/example_dags/example_python_decorator.py
[2025-11-17T21:50:10.487+0000] {logging_mixin.py:190} INFO - [2025-11-17T21:50:10.487+0000] {dag.py:3239} INFO - Sync 1 DAGs
[2025-11-17T21:50:10.496+0000] {logging_mixin.py:190} INFO - [2025-11-17T21:50:10.496+0000] {dag.py:4180} INFO - Setting next_dagrun for example_python_decorator to None, run_after=None
[2025-11-17T21:50:10.508+0000] {processor.py:208} INFO - Processing /home/airflow/.local/lib/python3.12/site-packages/airflow/example_dags/example_python_decorator.py took 0.052 seconds
[2025-11-17T21:50:41.233+0000] {processor.py:186} INFO - Started process (PID=1759) to work on /home/airflow/.local/lib/python3.12/site-packages/airflow/example_dags/example_python_decorator.py
[2025-11-17T21:50:41.234+0000] {processor.py:914} INFO - Processing file /home/airflow/.local/lib/python3.12/site-packages/airflow/example_dags/example_python_decorator.py for tasks to queue
[2025-11-17T21:50:41.236+0000] {logging_mixin.py:190} INFO - [2025-11-17T21:50:41.236+0000] {dagbag.py:588} INFO - Filling up the DagBag from /home/airflow/.local/lib/python3.12/site-packages/airflow/example_dags/example_python_decorator.py
[2025-11-17T21:50:41.247+0000] {processor.py:925} INFO - DAG(s) 'example_python_decorator' retrieved from /home/airflow/.local/lib/python3.12/site-packages/airflow/example_dags/example_python_decorator.py
[2025-11-17T21:50:41.263+0000] {logging_mixin.py:190} INFO - [2025-11-17T21:50:41.263+0000] {dag.py:3239} INFO - Sync 1 DAGs
[2025-11-17T21:50:41.272+0000] {logging_mixin.py:190} INFO - [2025-11-17T21:50:41.272+0000] {dag.py:4180} INFO - Setting next_dagrun for example_python_decorator to None, run_after=None
[2025-11-17T21:50:41.284+0000] {processor.py:208} INFO - Processing /home/airflow/.local/lib/python3.12/site-packages/airflow/example_dags/example_python_decorator.py took 0.056 seconds
[2025-11-17T21:51:12.350+0000] {processor.py:186} INFO - Started process (PID=1825) to work on /home/airflow/.local/lib/python3.12/site-packages/airflow/example_dags/example_python_decorator.py
[2025-11-17T21:51:12.351+0000] {processor.py:914} INFO - Processing file /home/airflow/.local/lib/python3.12/site-packages/airflow/example_dags/example_python_decorator.py for tasks to queue
[2025-11-17T21:51:12.353+0000] {logging_mixin.py:190} INFO - [2025-11-17T21:51:12.353+0000] {dagbag.py:588} INFO - Filling up the DagBag from /home/airflow/.local/lib/python3.12/site-packages/airflow/example_dags/example_python_decorator.py
[2025-11-17T21:51:12.363+0000] {processor.py:925} INFO - DAG(s) 'example_python_decorator' retrieved from /home/airflow/.local/lib/python3.12/site-packages/airflow/example_dags/example_python_decorator.py
[2025-11-17T21:51:12.378+0000] {logging_mixin.py:190} INFO - [2025-11-17T21:51:12.378+0000] {dag.py:3239} INFO - Sync 1 DAGs
[2025-11-17T21:51:12.388+0000] {logging_mixin.py:190} INFO - [2025-11-17T21:51:12.388+0000] {dag.py:4180} INFO - Setting next_dagrun for example_python_decorator to None, run_after=None
[2025-11-17T21:51:12.400+0000] {processor.py:208} INFO - Processing /home/airflow/.local/lib/python3.12/site-packages/airflow/example_dags/example_python_decorator.py took 0.055 seconds
[2025-11-17T21:51:43.407+0000] {processor.py:186} INFO - Started process (PID=1890) to work on /home/airflow/.local/lib/python3.12/site-packages/airflow/example_dags/example_python_decorator.py
[2025-11-17T21:51:43.409+0000] {processor.py:914} INFO - Processing file /home/airflow/.local/lib/python3.12/site-packages/airflow/example_dags/example_python_decorator.py for tasks to queue
[2025-11-17T21:51:43.411+0000] {logging_mixin.py:190} INFO - [2025-11-17T21:51:43.411+0000] {dagbag.py:588} INFO - Filling up the DagBag from /home/airflow/.local/lib/python3.12/site-packages/airflow/example_dags/example_python_decorator.py
[2025-11-17T21:51:43.421+0000] {processor.py:925} INFO - DAG(s) 'example_python_decorator' retrieved from /home/airflow/.local/lib/python3.12/site-packages/airflow/example_dags/example_python_decorator.py
[2025-11-17T21:51:43.436+0000] {logging_mixin.py:190} INFO - [2025-11-17T21:51:43.436+0000] {dag.py:3239} INFO - Sync 1 DAGs
[2025-11-17T21:51:43.447+0000] {logging_mixin.py:190} INFO - [2025-11-17T21:51:43.447+0000] {dag.py:4180} INFO - Setting next_dagrun for example_python_decorator to None, run_after=None
[2025-11-17T21:51:43.461+0000] {processor.py:208} INFO - Processing /home/airflow/.local/lib/python3.12/site-packages/airflow/example_dags/example_python_decorator.py took 0.058 seconds
[2025-11-17T21:52:13.958+0000] {processor.py:186} INFO - Started process (PID=1956) to work on /home/airflow/.local/lib/python3.12/site-packages/airflow/example_dags/example_python_decorator.py
[2025-11-17T21:52:13.959+0000] {processor.py:914} INFO - Processing file /home/airflow/.local/lib/python3.12/site-packages/airflow/example_dags/example_python_decorator.py for tasks to queue
[2025-11-17T21:52:13.961+0000] {logging_mixin.py:190} INFO - [2025-11-17T21:52:13.961+0000] {dagbag.py:588} INFO - Filling up the DagBag from /home/airflow/.local/lib/python3.12/site-packages/airflow/example_dags/example_python_decorator.py
[2025-11-17T21:52:13.970+0000] {processor.py:925} INFO - DAG(s) 'example_python_decorator' retrieved from /home/airflow/.local/lib/python3.12/site-packages/airflow/example_dags/example_python_decorator.py
[2025-11-17T21:52:13.985+0000] {logging_mixin.py:190} INFO - [2025-11-17T21:52:13.985+0000] {dag.py:3239} INFO - Sync 1 DAGs
[2025-11-17T21:52:13.995+0000] {logging_mixin.py:190} INFO - [2025-11-17T21:52:13.995+0000] {dag.py:4180} INFO - Setting next_dagrun for example_python_decorator to None, run_after=None
[2025-11-17T21:52:14.007+0000] {processor.py:208} INFO - Processing /home/airflow/.local/lib/python3.12/site-packages/airflow/example_dags/example_python_decorator.py took 0.053 seconds
[2025-11-17T21:52:45.471+0000] {processor.py:186} INFO - Started process (PID=2028) to work on /home/airflow/.local/lib/python3.12/site-packages/airflow/example_dags/example_python_decorator.py
[2025-11-17T21:52:45.472+0000] {processor.py:914} INFO - Processing file /home/airflow/.local/lib/python3.12/site-packages/airflow/example_dags/example_python_decorator.py for tasks to queue
[2025-11-17T21:52:45.474+0000] {logging_mixin.py:190} INFO - [2025-11-17T21:52:45.474+0000] {dagbag.py:588} INFO - Filling up the DagBag from /home/airflow/.local/lib/python3.12/site-packages/airflow/example_dags/example_python_decorator.py
[2025-11-17T21:52:45.485+0000] {processor.py:925} INFO - DAG(s) 'example_python_decorator' retrieved from /home/airflow/.local/lib/python3.12/site-packages/airflow/example_dags/example_python_decorator.py
[2025-11-17T21:52:45.500+0000] {logging_mixin.py:190} INFO - [2025-11-17T21:52:45.500+0000] {dag.py:3239} INFO - Sync 1 DAGs
[2025-11-17T21:52:45.509+0000] {logging_mixin.py:190} INFO - [2025-11-17T21:52:45.509+0000] {dag.py:4180} INFO - Setting next_dagrun for example_python_decorator to None, run_after=None
[2025-11-17T21:52:45.525+0000] {processor.py:208} INFO - Processing /home/airflow/.local/lib/python3.12/site-packages/airflow/example_dags/example_python_decorator.py took 0.058 seconds
[2025-11-17T21:53:15.720+0000] {processor.py:186} INFO - Started process (PID=2094) to work on /home/airflow/.local/lib/python3.12/site-packages/airflow/example_dags/example_python_decorator.py
[2025-11-17T21:53:15.721+0000] {processor.py:914} INFO - Processing file /home/airflow/.local/lib/python3.12/site-packages/airflow/example_dags/example_python_decorator.py for tasks to queue
[2025-11-17T21:53:15.722+0000] {logging_mixin.py:190} INFO - [2025-11-17T21:53:15.722+0000] {dagbag.py:588} INFO - Filling up the DagBag from /home/airflow/.local/lib/python3.12/site-packages/airflow/example_dags/example_python_decorator.py
[2025-11-17T21:53:15.732+0000] {processor.py:925} INFO - DAG(s) 'example_python_decorator' retrieved from /home/airflow/.local/lib/python3.12/site-packages/airflow/example_dags/example_python_decorator.py
[2025-11-17T21:53:15.746+0000] {logging_mixin.py:190} INFO - [2025-11-17T21:53:15.746+0000] {dag.py:3239} INFO - Sync 1 DAGs
[2025-11-17T21:53:15.755+0000] {logging_mixin.py:190} INFO - [2025-11-17T21:53:15.755+0000] {dag.py:4180} INFO - Setting next_dagrun for example_python_decorator to None, run_after=None
[2025-11-17T21:53:15.767+0000] {processor.py:208} INFO - Processing /home/airflow/.local/lib/python3.12/site-packages/airflow/example_dags/example_python_decorator.py took 0.052 seconds
[2025-11-17T21:53:46.476+0000] {processor.py:186} INFO - Started process (PID=2160) to work on /home/airflow/.local/lib/python3.12/site-packages/airflow/example_dags/example_python_decorator.py
[2025-11-17T21:53:46.477+0000] {processor.py:914} INFO - Processing file /home/airflow/.local/lib/python3.12/site-packages/airflow/example_dags/example_python_decorator.py for tasks to queue
[2025-11-17T21:53:46.478+0000] {logging_mixin.py:190} INFO - [2025-11-17T21:53:46.478+0000] {dagbag.py:588} INFO - Filling up the DagBag from /home/airflow/.local/lib/python3.12/site-packages/airflow/example_dags/example_python_decorator.py
[2025-11-17T21:53:46.489+0000] {processor.py:925} INFO - DAG(s) 'example_python_decorator' retrieved from /home/airflow/.local/lib/python3.12/site-packages/airflow/example_dags/example_python_decorator.py
[2025-11-17T21:53:46.504+0000] {logging_mixin.py:190} INFO - [2025-11-17T21:53:46.504+0000] {dag.py:3239} INFO - Sync 1 DAGs
[2025-11-17T21:53:46.513+0000] {logging_mixin.py:190} INFO - [2025-11-17T21:53:46.513+0000] {dag.py:4180} INFO - Setting next_dagrun for example_python_decorator to None, run_after=None
[2025-11-17T21:53:46.524+0000] {processor.py:208} INFO - Processing /home/airflow/.local/lib/python3.12/site-packages/airflow/example_dags/example_python_decorator.py took 0.053 seconds
[2025-11-17T21:54:18.196+0000] {processor.py:186} INFO - Started process (PID=2226) to work on /home/airflow/.local/lib/python3.12/site-packages/airflow/example_dags/example_python_decorator.py
[2025-11-17T21:54:18.197+0000] {processor.py:914} INFO - Processing file /home/airflow/.local/lib/python3.12/site-packages/airflow/example_dags/example_python_decorator.py for tasks to queue
[2025-11-17T21:54:18.199+0000] {logging_mixin.py:190} INFO - [2025-11-17T21:54:18.199+0000] {dagbag.py:588} INFO - Filling up the DagBag from /home/airflow/.local/lib/python3.12/site-packages/airflow/example_dags/example_python_decorator.py
[2025-11-17T21:54:18.209+0000] {processor.py:925} INFO - DAG(s) 'example_python_decorator' retrieved from /home/airflow/.local/lib/python3.12/site-packages/airflow/example_dags/example_python_decorator.py
[2025-11-17T21:54:18.222+0000] {logging_mixin.py:190} INFO - [2025-11-17T21:54:18.222+0000] {dag.py:3239} INFO - Sync 1 DAGs
[2025-11-17T21:54:18.231+0000] {logging_mixin.py:190} INFO - [2025-11-17T21:54:18.230+0000] {dag.py:4180} INFO - Setting next_dagrun for example_python_decorator to None, run_after=None
[2025-11-17T21:54:18.245+0000] {processor.py:208} INFO - Processing /home/airflow/.local/lib/python3.12/site-packages/airflow/example_dags/example_python_decorator.py took 0.052 seconds
[2025-11-17T21:54:48.547+0000] {processor.py:186} INFO - Started process (PID=2293) to work on /home/airflow/.local/lib/python3.12/site-packages/airflow/example_dags/example_python_decorator.py
[2025-11-17T21:54:48.548+0000] {processor.py:914} INFO - Processing file /home/airflow/.local/lib/python3.12/site-packages/airflow/example_dags/example_python_decorator.py for tasks to queue
[2025-11-17T21:54:48.551+0000] {logging_mixin.py:190} INFO - [2025-11-17T21:54:48.551+0000] {dagbag.py:588} INFO - Filling up the DagBag from /home/airflow/.local/lib/python3.12/site-packages/airflow/example_dags/example_python_decorator.py
[2025-11-17T21:54:48.561+0000] {processor.py:925} INFO - DAG(s) 'example_python_decorator' retrieved from /home/airflow/.local/lib/python3.12/site-packages/airflow/example_dags/example_python_decorator.py
[2025-11-17T21:54:48.575+0000] {logging_mixin.py:190} INFO - [2025-11-17T21:54:48.575+0000] {dag.py:3239} INFO - Sync 1 DAGs
[2025-11-17T21:54:48.584+0000] {logging_mixin.py:190} INFO - [2025-11-17T21:54:48.584+0000] {dag.py:4180} INFO - Setting next_dagrun for example_python_decorator to None, run_after=None
[2025-11-17T21:54:48.597+0000] {processor.py:208} INFO - Processing /home/airflow/.local/lib/python3.12/site-packages/airflow/example_dags/example_python_decorator.py took 0.053 seconds
[2025-11-17T21:55:20.075+0000] {processor.py:186} INFO - Started process (PID=2359) to work on /home/airflow/.local/lib/python3.12/site-packages/airflow/example_dags/example_python_decorator.py
[2025-11-17T21:55:20.076+0000] {processor.py:914} INFO - Processing file /home/airflow/.local/lib/python3.12/site-packages/airflow/example_dags/example_python_decorator.py for tasks to queue
[2025-11-17T21:55:20.078+0000] {logging_mixin.py:190} INFO - [2025-11-17T21:55:20.077+0000] {dagbag.py:588} INFO - Filling up the DagBag from /home/airflow/.local/lib/python3.12/site-packages/airflow/example_dags/example_python_decorator.py
[2025-11-17T21:55:20.088+0000] {processor.py:925} INFO - DAG(s) 'example_python_decorator' retrieved from /home/airflow/.local/lib/python3.12/site-packages/airflow/example_dags/example_python_decorator.py
[2025-11-17T21:55:20.102+0000] {logging_mixin.py:190} INFO - [2025-11-17T21:55:20.102+0000] {dag.py:3239} INFO - Sync 1 DAGs
[2025-11-17T21:55:20.112+0000] {logging_mixin.py:190} INFO - [2025-11-17T21:55:20.111+0000] {dag.py:4180} INFO - Setting next_dagrun for example_python_decorator to None, run_after=None
[2025-11-17T21:55:20.124+0000] {processor.py:208} INFO - Processing /home/airflow/.local/lib/python3.12/site-packages/airflow/example_dags/example_python_decorator.py took 0.054 seconds
[2025-11-17T21:55:50.493+0000] {processor.py:186} INFO - Started process (PID=2425) to work on /home/airflow/.local/lib/python3.12/site-packages/airflow/example_dags/example_python_decorator.py
[2025-11-17T21:55:50.494+0000] {processor.py:914} INFO - Processing file /home/airflow/.local/lib/python3.12/site-packages/airflow/example_dags/example_python_decorator.py for tasks to queue
[2025-11-17T21:55:50.496+0000] {logging_mixin.py:190} INFO - [2025-11-17T21:55:50.496+0000] {dagbag.py:588} INFO - Filling up the DagBag from /home/airflow/.local/lib/python3.12/site-packages/airflow/example_dags/example_python_decorator.py
[2025-11-17T21:55:50.506+0000] {processor.py:925} INFO - DAG(s) 'example_python_decorator' retrieved from /home/airflow/.local/lib/python3.12/site-packages/airflow/example_dags/example_python_decorator.py
[2025-11-17T21:55:50.521+0000] {logging_mixin.py:190} INFO - [2025-11-17T21:55:50.521+0000] {dag.py:3239} INFO - Sync 1 DAGs
[2025-11-17T21:55:50.531+0000] {logging_mixin.py:190} INFO - [2025-11-17T21:55:50.531+0000] {dag.py:4180} INFO - Setting next_dagrun for example_python_decorator to None, run_after=None
[2025-11-17T21:55:50.543+0000] {processor.py:208} INFO - Processing /home/airflow/.local/lib/python3.12/site-packages/airflow/example_dags/example_python_decorator.py took 0.053 seconds
[2025-11-17T21:56:21.268+0000] {processor.py:186} INFO - Started process (PID=2491) to work on /home/airflow/.local/lib/python3.12/site-packages/airflow/example_dags/example_python_decorator.py
[2025-11-17T21:56:21.270+0000] {processor.py:914} INFO - Processing file /home/airflow/.local/lib/python3.12/site-packages/airflow/example_dags/example_python_decorator.py for tasks to queue
[2025-11-17T21:56:21.272+0000] {logging_mixin.py:190} INFO - [2025-11-17T21:56:21.272+0000] {dagbag.py:588} INFO - Filling up the DagBag from /home/airflow/.local/lib/python3.12/site-packages/airflow/example_dags/example_python_decorator.py
[2025-11-17T21:56:21.283+0000] {processor.py:925} INFO - DAG(s) 'example_python_decorator' retrieved from /home/airflow/.local/lib/python3.12/site-packages/airflow/example_dags/example_python_decorator.py
[2025-11-17T21:56:21.301+0000] {logging_mixin.py:190} INFO - [2025-11-17T21:56:21.301+0000] {dag.py:3239} INFO - Sync 1 DAGs
[2025-11-17T21:56:21.311+0000] {logging_mixin.py:190} INFO - [2025-11-17T21:56:21.311+0000] {dag.py:4180} INFO - Setting next_dagrun for example_python_decorator to None, run_after=None
[2025-11-17T21:56:21.327+0000] {processor.py:208} INFO - Processing /home/airflow/.local/lib/python3.12/site-packages/airflow/example_dags/example_python_decorator.py took 0.062 seconds
[2025-11-17T21:57:28.966+0000] {processor.py:186} INFO - Started process (PID=110) to work on /home/airflow/.local/lib/python3.12/site-packages/airflow/example_dags/example_python_decorator.py
[2025-11-17T21:57:28.967+0000] {processor.py:914} INFO - Processing file /home/airflow/.local/lib/python3.12/site-packages/airflow/example_dags/example_python_decorator.py for tasks to queue
[2025-11-17T21:57:28.970+0000] {logging_mixin.py:190} INFO - [2025-11-17T21:57:28.969+0000] {dagbag.py:588} INFO - Filling up the DagBag from /home/airflow/.local/lib/python3.12/site-packages/airflow/example_dags/example_python_decorator.py
[2025-11-17T21:57:28.979+0000] {processor.py:925} INFO - DAG(s) 'example_python_decorator' retrieved from /home/airflow/.local/lib/python3.12/site-packages/airflow/example_dags/example_python_decorator.py
[2025-11-17T21:57:29.057+0000] {logging_mixin.py:190} INFO - [2025-11-17T21:57:29.057+0000] {dag.py:3239} INFO - Sync 1 DAGs
[2025-11-17T21:57:29.066+0000] {logging_mixin.py:190} INFO - [2025-11-17T21:57:29.066+0000] {dag.py:4180} INFO - Setting next_dagrun for example_python_decorator to None, run_after=None
[2025-11-17T21:57:29.090+0000] {processor.py:208} INFO - Processing /home/airflow/.local/lib/python3.12/site-packages/airflow/example_dags/example_python_decorator.py took 0.128 seconds
[2025-11-17T21:58:00.180+0000] {processor.py:186} INFO - Started process (PID=180) to work on /home/airflow/.local/lib/python3.12/site-packages/airflow/example_dags/example_python_decorator.py
[2025-11-17T21:58:00.181+0000] {processor.py:914} INFO - Processing file /home/airflow/.local/lib/python3.12/site-packages/airflow/example_dags/example_python_decorator.py for tasks to queue
[2025-11-17T21:58:00.183+0000] {logging_mixin.py:190} INFO - [2025-11-17T21:58:00.182+0000] {dagbag.py:588} INFO - Filling up the DagBag from /home/airflow/.local/lib/python3.12/site-packages/airflow/example_dags/example_python_decorator.py
[2025-11-17T21:58:00.193+0000] {processor.py:925} INFO - DAG(s) 'example_python_decorator' retrieved from /home/airflow/.local/lib/python3.12/site-packages/airflow/example_dags/example_python_decorator.py
[2025-11-17T21:58:00.209+0000] {logging_mixin.py:190} INFO - [2025-11-17T21:58:00.209+0000] {dag.py:3239} INFO - Sync 1 DAGs
[2025-11-17T21:58:00.219+0000] {logging_mixin.py:190} INFO - [2025-11-17T21:58:00.219+0000] {dag.py:4180} INFO - Setting next_dagrun for example_python_decorator to None, run_after=None
[2025-11-17T21:58:00.232+0000] {processor.py:208} INFO - Processing /home/airflow/.local/lib/python3.12/site-packages/airflow/example_dags/example_python_decorator.py took 0.057 seconds
[2025-11-17T21:58:31.030+0000] {processor.py:186} INFO - Started process (PID=246) to work on /home/airflow/.local/lib/python3.12/site-packages/airflow/example_dags/example_python_decorator.py
[2025-11-17T21:58:31.031+0000] {processor.py:914} INFO - Processing file /home/airflow/.local/lib/python3.12/site-packages/airflow/example_dags/example_python_decorator.py for tasks to queue
[2025-11-17T21:58:31.033+0000] {logging_mixin.py:190} INFO - [2025-11-17T21:58:31.033+0000] {dagbag.py:588} INFO - Filling up the DagBag from /home/airflow/.local/lib/python3.12/site-packages/airflow/example_dags/example_python_decorator.py
[2025-11-17T21:58:31.044+0000] {processor.py:925} INFO - DAG(s) 'example_python_decorator' retrieved from /home/airflow/.local/lib/python3.12/site-packages/airflow/example_dags/example_python_decorator.py
[2025-11-17T21:58:31.060+0000] {logging_mixin.py:190} INFO - [2025-11-17T21:58:31.060+0000] {dag.py:3239} INFO - Sync 1 DAGs
[2025-11-17T21:58:31.070+0000] {logging_mixin.py:190} INFO - [2025-11-17T21:58:31.070+0000] {dag.py:4180} INFO - Setting next_dagrun for example_python_decorator to None, run_after=None
[2025-11-17T21:58:31.084+0000] {processor.py:208} INFO - Processing /home/airflow/.local/lib/python3.12/site-packages/airflow/example_dags/example_python_decorator.py took 0.058 seconds
[2025-11-17T21:59:01.714+0000] {processor.py:186} INFO - Started process (PID=312) to work on /home/airflow/.local/lib/python3.12/site-packages/airflow/example_dags/example_python_decorator.py
[2025-11-17T21:59:01.715+0000] {processor.py:914} INFO - Processing file /home/airflow/.local/lib/python3.12/site-packages/airflow/example_dags/example_python_decorator.py for tasks to queue
[2025-11-17T21:59:01.717+0000] {logging_mixin.py:190} INFO - [2025-11-17T21:59:01.716+0000] {dagbag.py:588} INFO - Filling up the DagBag from /home/airflow/.local/lib/python3.12/site-packages/airflow/example_dags/example_python_decorator.py
[2025-11-17T21:59:01.728+0000] {processor.py:925} INFO - DAG(s) 'example_python_decorator' retrieved from /home/airflow/.local/lib/python3.12/site-packages/airflow/example_dags/example_python_decorator.py
[2025-11-17T21:59:01.743+0000] {logging_mixin.py:190} INFO - [2025-11-17T21:59:01.743+0000] {dag.py:3239} INFO - Sync 1 DAGs
[2025-11-17T21:59:01.753+0000] {logging_mixin.py:190} INFO - [2025-11-17T21:59:01.753+0000] {dag.py:4180} INFO - Setting next_dagrun for example_python_decorator to None, run_after=None
[2025-11-17T21:59:01.765+0000] {processor.py:208} INFO - Processing /home/airflow/.local/lib/python3.12/site-packages/airflow/example_dags/example_python_decorator.py took 0.055 seconds
[2025-11-17T21:59:32.987+0000] {processor.py:186} INFO - Started process (PID=378) to work on /home/airflow/.local/lib/python3.12/site-packages/airflow/example_dags/example_python_decorator.py
[2025-11-17T21:59:32.989+0000] {processor.py:914} INFO - Processing file /home/airflow/.local/lib/python3.12/site-packages/airflow/example_dags/example_python_decorator.py for tasks to queue
[2025-11-17T21:59:32.991+0000] {logging_mixin.py:190} INFO - [2025-11-17T21:59:32.991+0000] {dagbag.py:588} INFO - Filling up the DagBag from /home/airflow/.local/lib/python3.12/site-packages/airflow/example_dags/example_python_decorator.py
[2025-11-17T21:59:33.003+0000] {processor.py:925} INFO - DAG(s) 'example_python_decorator' retrieved from /home/airflow/.local/lib/python3.12/site-packages/airflow/example_dags/example_python_decorator.py
[2025-11-17T21:59:33.018+0000] {logging_mixin.py:190} INFO - [2025-11-17T21:59:33.018+0000] {dag.py:3239} INFO - Sync 1 DAGs
[2025-11-17T21:59:33.028+0000] {logging_mixin.py:190} INFO - [2025-11-17T21:59:33.027+0000] {dag.py:4180} INFO - Setting next_dagrun for example_python_decorator to None, run_after=None
[2025-11-17T21:59:33.041+0000] {processor.py:208} INFO - Processing /home/airflow/.local/lib/python3.12/site-packages/airflow/example_dags/example_python_decorator.py took 0.059 seconds
[2025-11-17T22:00:03.902+0000] {processor.py:186} INFO - Started process (PID=444) to work on /home/airflow/.local/lib/python3.12/site-packages/airflow/example_dags/example_python_decorator.py
[2025-11-17T22:00:03.903+0000] {processor.py:914} INFO - Processing file /home/airflow/.local/lib/python3.12/site-packages/airflow/example_dags/example_python_decorator.py for tasks to queue
[2025-11-17T22:00:03.905+0000] {logging_mixin.py:190} INFO - [2025-11-17T22:00:03.905+0000] {dagbag.py:588} INFO - Filling up the DagBag from /home/airflow/.local/lib/python3.12/site-packages/airflow/example_dags/example_python_decorator.py
[2025-11-17T22:00:03.916+0000] {processor.py:925} INFO - DAG(s) 'example_python_decorator' retrieved from /home/airflow/.local/lib/python3.12/site-packages/airflow/example_dags/example_python_decorator.py
[2025-11-17T22:00:03.931+0000] {logging_mixin.py:190} INFO - [2025-11-17T22:00:03.931+0000] {dag.py:3239} INFO - Sync 1 DAGs
[2025-11-17T22:00:03.941+0000] {logging_mixin.py:190} INFO - [2025-11-17T22:00:03.941+0000] {dag.py:4180} INFO - Setting next_dagrun for example_python_decorator to None, run_after=None
[2025-11-17T22:00:03.953+0000] {processor.py:208} INFO - Processing /home/airflow/.local/lib/python3.12/site-packages/airflow/example_dags/example_python_decorator.py took 0.055 seconds
[2025-11-17T22:05:22.948+0000] {processor.py:186} INFO - Started process (PID=110) to work on /home/airflow/.local/lib/python3.12/site-packages/airflow/example_dags/example_python_decorator.py
[2025-11-17T22:05:22.949+0000] {processor.py:914} INFO - Processing file /home/airflow/.local/lib/python3.12/site-packages/airflow/example_dags/example_python_decorator.py for tasks to queue
[2025-11-17T22:05:22.951+0000] {logging_mixin.py:190} INFO - [2025-11-17T22:05:22.951+0000] {dagbag.py:588} INFO - Filling up the DagBag from /home/airflow/.local/lib/python3.12/site-packages/airflow/example_dags/example_python_decorator.py
[2025-11-17T22:05:22.963+0000] {processor.py:925} INFO - DAG(s) 'example_python_decorator' retrieved from /home/airflow/.local/lib/python3.12/site-packages/airflow/example_dags/example_python_decorator.py
[2025-11-17T22:05:23.042+0000] {logging_mixin.py:190} INFO - [2025-11-17T22:05:23.042+0000] {dag.py:3239} INFO - Sync 1 DAGs
[2025-11-17T22:05:23.050+0000] {logging_mixin.py:190} INFO - [2025-11-17T22:05:23.050+0000] {dag.py:4180} INFO - Setting next_dagrun for example_python_decorator to None, run_after=None
[2025-11-17T22:05:23.064+0000] {processor.py:208} INFO - Processing /home/airflow/.local/lib/python3.12/site-packages/airflow/example_dags/example_python_decorator.py took 0.120 seconds
