[2025-11-13T17:17:04.340+0000] {processor.py:186} INFO - Started process (PID=111) to work on /home/airflow/.local/lib/python3.12/site-packages/airflow/example_dags/example_params_trigger_ui.py
[2025-11-13T17:17:04.342+0000] {processor.py:914} INFO - Processing file /home/airflow/.local/lib/python3.12/site-packages/airflow/example_dags/example_params_trigger_ui.py for tasks to queue
[2025-11-13T17:17:04.345+0000] {logging_mixin.py:190} INFO - [2025-11-13T17:17:04.345+0000] {dagbag.py:588} INFO - Filling up the DagBag from /home/airflow/.local/lib/python3.12/site-packages/airflow/example_dags/example_params_trigger_ui.py
[2025-11-13T17:17:04.355+0000] {processor.py:925} INFO - DAG(s) 'example_params_trigger_ui' retrieved from /home/airflow/.local/lib/python3.12/site-packages/airflow/example_dags/example_params_trigger_ui.py
[2025-11-13T17:17:04.388+0000] {logging_mixin.py:190} INFO - [2025-11-13T17:17:04.388+0000] {dag.py:3239} INFO - Sync 1 DAGs
[2025-11-13T17:17:04.400+0000] {logging_mixin.py:190} INFO - [2025-11-13T17:17:04.400+0000] {dag.py:4180} INFO - Setting next_dagrun for example_params_trigger_ui to None, run_after=None
[2025-11-13T17:17:04.419+0000] {processor.py:208} INFO - Processing /home/airflow/.local/lib/python3.12/site-packages/airflow/example_dags/example_params_trigger_ui.py took 0.083 seconds
[2025-11-13T17:17:34.600+0000] {processor.py:186} INFO - Started process (PID=176) to work on /home/airflow/.local/lib/python3.12/site-packages/airflow/example_dags/example_params_trigger_ui.py
[2025-11-13T17:17:34.601+0000] {processor.py:914} INFO - Processing file /home/airflow/.local/lib/python3.12/site-packages/airflow/example_dags/example_params_trigger_ui.py for tasks to queue
[2025-11-13T17:17:34.603+0000] {logging_mixin.py:190} INFO - [2025-11-13T17:17:34.603+0000] {dagbag.py:588} INFO - Filling up the DagBag from /home/airflow/.local/lib/python3.12/site-packages/airflow/example_dags/example_params_trigger_ui.py
[2025-11-13T17:17:34.613+0000] {processor.py:925} INFO - DAG(s) 'example_params_trigger_ui' retrieved from /home/airflow/.local/lib/python3.12/site-packages/airflow/example_dags/example_params_trigger_ui.py
[2025-11-13T17:17:34.650+0000] {logging_mixin.py:190} INFO - [2025-11-13T17:17:34.650+0000] {dag.py:3239} INFO - Sync 1 DAGs
[2025-11-13T17:17:34.662+0000] {logging_mixin.py:190} INFO - [2025-11-13T17:17:34.662+0000] {dag.py:4180} INFO - Setting next_dagrun for example_params_trigger_ui to None, run_after=None
[2025-11-13T17:17:34.692+0000] {processor.py:208} INFO - Processing /home/airflow/.local/lib/python3.12/site-packages/airflow/example_dags/example_params_trigger_ui.py took 0.098 seconds
[2025-11-13T17:18:05.824+0000] {processor.py:186} INFO - Started process (PID=241) to work on /home/airflow/.local/lib/python3.12/site-packages/airflow/example_dags/example_params_trigger_ui.py
[2025-11-13T17:18:05.826+0000] {processor.py:914} INFO - Processing file /home/airflow/.local/lib/python3.12/site-packages/airflow/example_dags/example_params_trigger_ui.py for tasks to queue
[2025-11-13T17:18:05.828+0000] {logging_mixin.py:190} INFO - [2025-11-13T17:18:05.828+0000] {dagbag.py:588} INFO - Filling up the DagBag from /home/airflow/.local/lib/python3.12/site-packages/airflow/example_dags/example_params_trigger_ui.py
[2025-11-13T17:18:05.838+0000] {processor.py:925} INFO - DAG(s) 'example_params_trigger_ui' retrieved from /home/airflow/.local/lib/python3.12/site-packages/airflow/example_dags/example_params_trigger_ui.py
[2025-11-13T17:18:05.871+0000] {logging_mixin.py:190} INFO - [2025-11-13T17:18:05.870+0000] {dag.py:3239} INFO - Sync 1 DAGs
[2025-11-13T17:18:05.883+0000] {logging_mixin.py:190} INFO - [2025-11-13T17:18:05.882+0000] {dag.py:4180} INFO - Setting next_dagrun for example_params_trigger_ui to None, run_after=None
[2025-11-13T17:18:05.899+0000] {processor.py:208} INFO - Processing /home/airflow/.local/lib/python3.12/site-packages/airflow/example_dags/example_params_trigger_ui.py took 0.079 seconds
[2025-11-13T17:18:36.955+0000] {processor.py:186} INFO - Started process (PID=306) to work on /home/airflow/.local/lib/python3.12/site-packages/airflow/example_dags/example_params_trigger_ui.py
[2025-11-13T17:18:36.957+0000] {processor.py:914} INFO - Processing file /home/airflow/.local/lib/python3.12/site-packages/airflow/example_dags/example_params_trigger_ui.py for tasks to queue
[2025-11-13T17:18:36.959+0000] {logging_mixin.py:190} INFO - [2025-11-13T17:18:36.959+0000] {dagbag.py:588} INFO - Filling up the DagBag from /home/airflow/.local/lib/python3.12/site-packages/airflow/example_dags/example_params_trigger_ui.py
[2025-11-13T17:18:36.969+0000] {processor.py:925} INFO - DAG(s) 'example_params_trigger_ui' retrieved from /home/airflow/.local/lib/python3.12/site-packages/airflow/example_dags/example_params_trigger_ui.py
[2025-11-13T17:18:37.000+0000] {logging_mixin.py:190} INFO - [2025-11-13T17:18:37.000+0000] {dag.py:3239} INFO - Sync 1 DAGs
[2025-11-13T17:18:37.011+0000] {logging_mixin.py:190} INFO - [2025-11-13T17:18:37.011+0000] {dag.py:4180} INFO - Setting next_dagrun for example_params_trigger_ui to None, run_after=None
[2025-11-13T17:18:37.029+0000] {processor.py:208} INFO - Processing /home/airflow/.local/lib/python3.12/site-packages/airflow/example_dags/example_params_trigger_ui.py took 0.078 seconds
[2025-11-13T17:19:07.796+0000] {processor.py:186} INFO - Started process (PID=370) to work on /home/airflow/.local/lib/python3.12/site-packages/airflow/example_dags/example_params_trigger_ui.py
[2025-11-13T17:19:07.797+0000] {processor.py:914} INFO - Processing file /home/airflow/.local/lib/python3.12/site-packages/airflow/example_dags/example_params_trigger_ui.py for tasks to queue
[2025-11-13T17:19:07.800+0000] {logging_mixin.py:190} INFO - [2025-11-13T17:19:07.799+0000] {dagbag.py:588} INFO - Filling up the DagBag from /home/airflow/.local/lib/python3.12/site-packages/airflow/example_dags/example_params_trigger_ui.py
[2025-11-13T17:19:07.810+0000] {processor.py:925} INFO - DAG(s) 'example_params_trigger_ui' retrieved from /home/airflow/.local/lib/python3.12/site-packages/airflow/example_dags/example_params_trigger_ui.py
[2025-11-13T17:19:07.840+0000] {logging_mixin.py:190} INFO - [2025-11-13T17:19:07.840+0000] {dag.py:3239} INFO - Sync 1 DAGs
[2025-11-13T17:19:07.851+0000] {logging_mixin.py:190} INFO - [2025-11-13T17:19:07.851+0000] {dag.py:4180} INFO - Setting next_dagrun for example_params_trigger_ui to None, run_after=None
[2025-11-13T17:19:07.866+0000] {processor.py:208} INFO - Processing /home/airflow/.local/lib/python3.12/site-packages/airflow/example_dags/example_params_trigger_ui.py took 0.076 seconds
[2025-11-13T17:19:39.489+0000] {processor.py:186} INFO - Started process (PID=438) to work on /home/airflow/.local/lib/python3.12/site-packages/airflow/example_dags/example_params_trigger_ui.py
[2025-11-13T17:19:39.490+0000] {processor.py:914} INFO - Processing file /home/airflow/.local/lib/python3.12/site-packages/airflow/example_dags/example_params_trigger_ui.py for tasks to queue
[2025-11-13T17:19:39.492+0000] {logging_mixin.py:190} INFO - [2025-11-13T17:19:39.492+0000] {dagbag.py:588} INFO - Filling up the DagBag from /home/airflow/.local/lib/python3.12/site-packages/airflow/example_dags/example_params_trigger_ui.py
[2025-11-13T17:19:39.503+0000] {processor.py:925} INFO - DAG(s) 'example_params_trigger_ui' retrieved from /home/airflow/.local/lib/python3.12/site-packages/airflow/example_dags/example_params_trigger_ui.py
[2025-11-13T17:19:39.535+0000] {logging_mixin.py:190} INFO - [2025-11-13T17:19:39.534+0000] {dag.py:3239} INFO - Sync 1 DAGs
[2025-11-13T17:19:39.546+0000] {logging_mixin.py:190} INFO - [2025-11-13T17:19:39.546+0000] {dag.py:4180} INFO - Setting next_dagrun for example_params_trigger_ui to None, run_after=None
[2025-11-13T17:19:39.565+0000] {processor.py:208} INFO - Processing /home/airflow/.local/lib/python3.12/site-packages/airflow/example_dags/example_params_trigger_ui.py took 0.081 seconds
[2025-11-13T17:20:10.177+0000] {processor.py:186} INFO - Started process (PID=504) to work on /home/airflow/.local/lib/python3.12/site-packages/airflow/example_dags/example_params_trigger_ui.py
[2025-11-13T17:20:10.179+0000] {processor.py:914} INFO - Processing file /home/airflow/.local/lib/python3.12/site-packages/airflow/example_dags/example_params_trigger_ui.py for tasks to queue
[2025-11-13T17:20:10.181+0000] {logging_mixin.py:190} INFO - [2025-11-13T17:20:10.181+0000] {dagbag.py:588} INFO - Filling up the DagBag from /home/airflow/.local/lib/python3.12/site-packages/airflow/example_dags/example_params_trigger_ui.py
[2025-11-13T17:20:10.190+0000] {processor.py:925} INFO - DAG(s) 'example_params_trigger_ui' retrieved from /home/airflow/.local/lib/python3.12/site-packages/airflow/example_dags/example_params_trigger_ui.py
[2025-11-13T17:20:10.222+0000] {logging_mixin.py:190} INFO - [2025-11-13T17:20:10.222+0000] {dag.py:3239} INFO - Sync 1 DAGs
[2025-11-13T17:20:10.234+0000] {logging_mixin.py:190} INFO - [2025-11-13T17:20:10.234+0000] {dag.py:4180} INFO - Setting next_dagrun for example_params_trigger_ui to None, run_after=None
[2025-11-13T17:20:10.252+0000] {processor.py:208} INFO - Processing /home/airflow/.local/lib/python3.12/site-packages/airflow/example_dags/example_params_trigger_ui.py took 0.079 seconds
[2025-11-13T17:20:40.952+0000] {processor.py:186} INFO - Started process (PID=568) to work on /home/airflow/.local/lib/python3.12/site-packages/airflow/example_dags/example_params_trigger_ui.py
[2025-11-13T17:20:40.955+0000] {processor.py:914} INFO - Processing file /home/airflow/.local/lib/python3.12/site-packages/airflow/example_dags/example_params_trigger_ui.py for tasks to queue
[2025-11-13T17:20:40.958+0000] {logging_mixin.py:190} INFO - [2025-11-13T17:20:40.957+0000] {dagbag.py:588} INFO - Filling up the DagBag from /home/airflow/.local/lib/python3.12/site-packages/airflow/example_dags/example_params_trigger_ui.py
[2025-11-13T17:20:40.970+0000] {processor.py:925} INFO - DAG(s) 'example_params_trigger_ui' retrieved from /home/airflow/.local/lib/python3.12/site-packages/airflow/example_dags/example_params_trigger_ui.py
[2025-11-13T17:20:41.008+0000] {logging_mixin.py:190} INFO - [2025-11-13T17:20:41.008+0000] {dag.py:3239} INFO - Sync 1 DAGs
[2025-11-13T17:20:41.025+0000] {logging_mixin.py:190} INFO - [2025-11-13T17:20:41.025+0000] {dag.py:4180} INFO - Setting next_dagrun for example_params_trigger_ui to None, run_after=None
[2025-11-13T17:20:41.044+0000] {processor.py:208} INFO - Processing /home/airflow/.local/lib/python3.12/site-packages/airflow/example_dags/example_params_trigger_ui.py took 0.097 seconds
[2025-11-13T17:21:11.477+0000] {processor.py:186} INFO - Started process (PID=632) to work on /home/airflow/.local/lib/python3.12/site-packages/airflow/example_dags/example_params_trigger_ui.py
[2025-11-13T17:21:11.479+0000] {processor.py:914} INFO - Processing file /home/airflow/.local/lib/python3.12/site-packages/airflow/example_dags/example_params_trigger_ui.py for tasks to queue
[2025-11-13T17:21:11.481+0000] {logging_mixin.py:190} INFO - [2025-11-13T17:21:11.481+0000] {dagbag.py:588} INFO - Filling up the DagBag from /home/airflow/.local/lib/python3.12/site-packages/airflow/example_dags/example_params_trigger_ui.py
[2025-11-13T17:21:11.491+0000] {processor.py:925} INFO - DAG(s) 'example_params_trigger_ui' retrieved from /home/airflow/.local/lib/python3.12/site-packages/airflow/example_dags/example_params_trigger_ui.py
[2025-11-13T17:21:11.521+0000] {logging_mixin.py:190} INFO - [2025-11-13T17:21:11.521+0000] {dag.py:3239} INFO - Sync 1 DAGs
[2025-11-13T17:21:11.534+0000] {logging_mixin.py:190} INFO - [2025-11-13T17:21:11.534+0000] {dag.py:4180} INFO - Setting next_dagrun for example_params_trigger_ui to None, run_after=None
[2025-11-13T17:21:11.550+0000] {processor.py:208} INFO - Processing /home/airflow/.local/lib/python3.12/site-packages/airflow/example_dags/example_params_trigger_ui.py took 0.077 seconds
[2025-11-13T17:21:42.070+0000] {processor.py:186} INFO - Started process (PID=694) to work on /home/airflow/.local/lib/python3.12/site-packages/airflow/example_dags/example_params_trigger_ui.py
[2025-11-13T17:21:42.071+0000] {processor.py:914} INFO - Processing file /home/airflow/.local/lib/python3.12/site-packages/airflow/example_dags/example_params_trigger_ui.py for tasks to queue
[2025-11-13T17:21:42.073+0000] {logging_mixin.py:190} INFO - [2025-11-13T17:21:42.073+0000] {dagbag.py:588} INFO - Filling up the DagBag from /home/airflow/.local/lib/python3.12/site-packages/airflow/example_dags/example_params_trigger_ui.py
[2025-11-13T17:21:42.083+0000] {processor.py:925} INFO - DAG(s) 'example_params_trigger_ui' retrieved from /home/airflow/.local/lib/python3.12/site-packages/airflow/example_dags/example_params_trigger_ui.py
[2025-11-13T17:21:42.114+0000] {logging_mixin.py:190} INFO - [2025-11-13T17:21:42.114+0000] {dag.py:3239} INFO - Sync 1 DAGs
[2025-11-13T17:21:42.126+0000] {logging_mixin.py:190} INFO - [2025-11-13T17:21:42.126+0000] {dag.py:4180} INFO - Setting next_dagrun for example_params_trigger_ui to None, run_after=None
[2025-11-13T17:21:42.142+0000] {processor.py:208} INFO - Processing /home/airflow/.local/lib/python3.12/site-packages/airflow/example_dags/example_params_trigger_ui.py took 0.077 seconds
[2025-11-13T17:22:13.067+0000] {processor.py:186} INFO - Started process (PID=759) to work on /home/airflow/.local/lib/python3.12/site-packages/airflow/example_dags/example_params_trigger_ui.py
[2025-11-13T17:22:13.068+0000] {processor.py:914} INFO - Processing file /home/airflow/.local/lib/python3.12/site-packages/airflow/example_dags/example_params_trigger_ui.py for tasks to queue
[2025-11-13T17:22:13.070+0000] {logging_mixin.py:190} INFO - [2025-11-13T17:22:13.070+0000] {dagbag.py:588} INFO - Filling up the DagBag from /home/airflow/.local/lib/python3.12/site-packages/airflow/example_dags/example_params_trigger_ui.py
[2025-11-13T17:22:13.080+0000] {processor.py:925} INFO - DAG(s) 'example_params_trigger_ui' retrieved from /home/airflow/.local/lib/python3.12/site-packages/airflow/example_dags/example_params_trigger_ui.py
[2025-11-13T17:22:13.114+0000] {logging_mixin.py:190} INFO - [2025-11-13T17:22:13.113+0000] {dag.py:3239} INFO - Sync 1 DAGs
[2025-11-13T17:22:13.126+0000] {logging_mixin.py:190} INFO - [2025-11-13T17:22:13.125+0000] {dag.py:4180} INFO - Setting next_dagrun for example_params_trigger_ui to None, run_after=None
[2025-11-13T17:22:13.140+0000] {processor.py:208} INFO - Processing /home/airflow/.local/lib/python3.12/site-packages/airflow/example_dags/example_params_trigger_ui.py took 0.079 seconds
[2025-11-13T17:22:43.855+0000] {processor.py:186} INFO - Started process (PID=824) to work on /home/airflow/.local/lib/python3.12/site-packages/airflow/example_dags/example_params_trigger_ui.py
[2025-11-13T17:22:43.858+0000] {processor.py:914} INFO - Processing file /home/airflow/.local/lib/python3.12/site-packages/airflow/example_dags/example_params_trigger_ui.py for tasks to queue
[2025-11-13T17:22:43.861+0000] {logging_mixin.py:190} INFO - [2025-11-13T17:22:43.861+0000] {dagbag.py:588} INFO - Filling up the DagBag from /home/airflow/.local/lib/python3.12/site-packages/airflow/example_dags/example_params_trigger_ui.py
[2025-11-13T17:22:43.873+0000] {processor.py:925} INFO - DAG(s) 'example_params_trigger_ui' retrieved from /home/airflow/.local/lib/python3.12/site-packages/airflow/example_dags/example_params_trigger_ui.py
[2025-11-13T17:22:43.909+0000] {logging_mixin.py:190} INFO - [2025-11-13T17:22:43.908+0000] {dag.py:3239} INFO - Sync 1 DAGs
[2025-11-13T17:22:43.921+0000] {logging_mixin.py:190} INFO - [2025-11-13T17:22:43.921+0000] {dag.py:4180} INFO - Setting next_dagrun for example_params_trigger_ui to None, run_after=None
[2025-11-13T17:22:43.972+0000] {processor.py:208} INFO - Processing /home/airflow/.local/lib/python3.12/site-packages/airflow/example_dags/example_params_trigger_ui.py took 0.123 seconds
[2025-11-13T17:23:14.864+0000] {processor.py:186} INFO - Started process (PID=889) to work on /home/airflow/.local/lib/python3.12/site-packages/airflow/example_dags/example_params_trigger_ui.py
[2025-11-13T17:23:14.865+0000] {processor.py:914} INFO - Processing file /home/airflow/.local/lib/python3.12/site-packages/airflow/example_dags/example_params_trigger_ui.py for tasks to queue
[2025-11-13T17:23:14.867+0000] {logging_mixin.py:190} INFO - [2025-11-13T17:23:14.867+0000] {dagbag.py:588} INFO - Filling up the DagBag from /home/airflow/.local/lib/python3.12/site-packages/airflow/example_dags/example_params_trigger_ui.py
[2025-11-13T17:23:14.877+0000] {processor.py:925} INFO - DAG(s) 'example_params_trigger_ui' retrieved from /home/airflow/.local/lib/python3.12/site-packages/airflow/example_dags/example_params_trigger_ui.py
[2025-11-13T17:23:14.906+0000] {logging_mixin.py:190} INFO - [2025-11-13T17:23:14.906+0000] {dag.py:3239} INFO - Sync 1 DAGs
[2025-11-13T17:23:14.916+0000] {logging_mixin.py:190} INFO - [2025-11-13T17:23:14.916+0000] {dag.py:4180} INFO - Setting next_dagrun for example_params_trigger_ui to None, run_after=None
[2025-11-13T17:23:14.931+0000] {processor.py:208} INFO - Processing /home/airflow/.local/lib/python3.12/site-packages/airflow/example_dags/example_params_trigger_ui.py took 0.072 seconds
[2025-11-13T17:23:45.346+0000] {processor.py:186} INFO - Started process (PID=960) to work on /home/airflow/.local/lib/python3.12/site-packages/airflow/example_dags/example_params_trigger_ui.py
[2025-11-13T17:23:45.347+0000] {processor.py:914} INFO - Processing file /home/airflow/.local/lib/python3.12/site-packages/airflow/example_dags/example_params_trigger_ui.py for tasks to queue
[2025-11-13T17:23:45.350+0000] {logging_mixin.py:190} INFO - [2025-11-13T17:23:45.350+0000] {dagbag.py:588} INFO - Filling up the DagBag from /home/airflow/.local/lib/python3.12/site-packages/airflow/example_dags/example_params_trigger_ui.py
[2025-11-13T17:23:45.361+0000] {processor.py:925} INFO - DAG(s) 'example_params_trigger_ui' retrieved from /home/airflow/.local/lib/python3.12/site-packages/airflow/example_dags/example_params_trigger_ui.py
[2025-11-13T17:23:45.395+0000] {logging_mixin.py:190} INFO - [2025-11-13T17:23:45.395+0000] {dag.py:3239} INFO - Sync 1 DAGs
[2025-11-13T17:23:45.413+0000] {logging_mixin.py:190} INFO - [2025-11-13T17:23:45.413+0000] {dag.py:4180} INFO - Setting next_dagrun for example_params_trigger_ui to None, run_after=None
[2025-11-13T17:23:45.429+0000] {processor.py:208} INFO - Processing /home/airflow/.local/lib/python3.12/site-packages/airflow/example_dags/example_params_trigger_ui.py took 0.088 seconds
[2025-11-13T17:24:16.028+0000] {processor.py:186} INFO - Started process (PID=1025) to work on /home/airflow/.local/lib/python3.12/site-packages/airflow/example_dags/example_params_trigger_ui.py
[2025-11-13T17:24:16.030+0000] {processor.py:914} INFO - Processing file /home/airflow/.local/lib/python3.12/site-packages/airflow/example_dags/example_params_trigger_ui.py for tasks to queue
[2025-11-13T17:24:16.034+0000] {logging_mixin.py:190} INFO - [2025-11-13T17:24:16.033+0000] {dagbag.py:588} INFO - Filling up the DagBag from /home/airflow/.local/lib/python3.12/site-packages/airflow/example_dags/example_params_trigger_ui.py
[2025-11-13T17:24:16.046+0000] {processor.py:925} INFO - DAG(s) 'example_params_trigger_ui' retrieved from /home/airflow/.local/lib/python3.12/site-packages/airflow/example_dags/example_params_trigger_ui.py
[2025-11-13T17:24:16.082+0000] {logging_mixin.py:190} INFO - [2025-11-13T17:24:16.082+0000] {dag.py:3239} INFO - Sync 1 DAGs
[2025-11-13T17:24:16.095+0000] {logging_mixin.py:190} INFO - [2025-11-13T17:24:16.094+0000] {dag.py:4180} INFO - Setting next_dagrun for example_params_trigger_ui to None, run_after=None
[2025-11-13T17:24:16.111+0000] {processor.py:208} INFO - Processing /home/airflow/.local/lib/python3.12/site-packages/airflow/example_dags/example_params_trigger_ui.py took 0.088 seconds
[2025-11-13T17:24:46.753+0000] {processor.py:186} INFO - Started process (PID=1091) to work on /home/airflow/.local/lib/python3.12/site-packages/airflow/example_dags/example_params_trigger_ui.py
[2025-11-13T17:24:46.755+0000] {processor.py:914} INFO - Processing file /home/airflow/.local/lib/python3.12/site-packages/airflow/example_dags/example_params_trigger_ui.py for tasks to queue
[2025-11-13T17:24:46.757+0000] {logging_mixin.py:190} INFO - [2025-11-13T17:24:46.757+0000] {dagbag.py:588} INFO - Filling up the DagBag from /home/airflow/.local/lib/python3.12/site-packages/airflow/example_dags/example_params_trigger_ui.py
[2025-11-13T17:24:46.768+0000] {processor.py:925} INFO - DAG(s) 'example_params_trigger_ui' retrieved from /home/airflow/.local/lib/python3.12/site-packages/airflow/example_dags/example_params_trigger_ui.py
[2025-11-13T17:24:46.801+0000] {logging_mixin.py:190} INFO - [2025-11-13T17:24:46.800+0000] {dag.py:3239} INFO - Sync 1 DAGs
[2025-11-13T17:24:46.814+0000] {logging_mixin.py:190} INFO - [2025-11-13T17:24:46.813+0000] {dag.py:4180} INFO - Setting next_dagrun for example_params_trigger_ui to None, run_after=None
[2025-11-13T17:24:46.831+0000] {processor.py:208} INFO - Processing /home/airflow/.local/lib/python3.12/site-packages/airflow/example_dags/example_params_trigger_ui.py took 0.082 seconds
[2025-11-13T17:25:17.944+0000] {processor.py:186} INFO - Started process (PID=1156) to work on /home/airflow/.local/lib/python3.12/site-packages/airflow/example_dags/example_params_trigger_ui.py
[2025-11-13T17:25:17.945+0000] {processor.py:914} INFO - Processing file /home/airflow/.local/lib/python3.12/site-packages/airflow/example_dags/example_params_trigger_ui.py for tasks to queue
[2025-11-13T17:25:17.948+0000] {logging_mixin.py:190} INFO - [2025-11-13T17:25:17.947+0000] {dagbag.py:588} INFO - Filling up the DagBag from /home/airflow/.local/lib/python3.12/site-packages/airflow/example_dags/example_params_trigger_ui.py
[2025-11-13T17:25:17.960+0000] {processor.py:925} INFO - DAG(s) 'example_params_trigger_ui' retrieved from /home/airflow/.local/lib/python3.12/site-packages/airflow/example_dags/example_params_trigger_ui.py
[2025-11-13T17:25:17.998+0000] {logging_mixin.py:190} INFO - [2025-11-13T17:25:17.998+0000] {dag.py:3239} INFO - Sync 1 DAGs
[2025-11-13T17:25:18.012+0000] {logging_mixin.py:190} INFO - [2025-11-13T17:25:18.012+0000] {dag.py:4180} INFO - Setting next_dagrun for example_params_trigger_ui to None, run_after=None
[2025-11-13T17:25:18.033+0000] {processor.py:208} INFO - Processing /home/airflow/.local/lib/python3.12/site-packages/airflow/example_dags/example_params_trigger_ui.py took 0.096 seconds
[2025-11-13T17:25:48.544+0000] {processor.py:186} INFO - Started process (PID=1221) to work on /home/airflow/.local/lib/python3.12/site-packages/airflow/example_dags/example_params_trigger_ui.py
[2025-11-13T17:25:48.546+0000] {processor.py:914} INFO - Processing file /home/airflow/.local/lib/python3.12/site-packages/airflow/example_dags/example_params_trigger_ui.py for tasks to queue
[2025-11-13T17:25:48.548+0000] {logging_mixin.py:190} INFO - [2025-11-13T17:25:48.548+0000] {dagbag.py:588} INFO - Filling up the DagBag from /home/airflow/.local/lib/python3.12/site-packages/airflow/example_dags/example_params_trigger_ui.py
[2025-11-13T17:25:48.558+0000] {processor.py:925} INFO - DAG(s) 'example_params_trigger_ui' retrieved from /home/airflow/.local/lib/python3.12/site-packages/airflow/example_dags/example_params_trigger_ui.py
[2025-11-13T17:25:48.591+0000] {logging_mixin.py:190} INFO - [2025-11-13T17:25:48.591+0000] {dag.py:3239} INFO - Sync 1 DAGs
[2025-11-13T17:25:48.602+0000] {logging_mixin.py:190} INFO - [2025-11-13T17:25:48.602+0000] {dag.py:4180} INFO - Setting next_dagrun for example_params_trigger_ui to None, run_after=None
[2025-11-13T17:25:48.618+0000] {processor.py:208} INFO - Processing /home/airflow/.local/lib/python3.12/site-packages/airflow/example_dags/example_params_trigger_ui.py took 0.078 seconds
[2025-11-13T17:26:18.904+0000] {processor.py:186} INFO - Started process (PID=1286) to work on /home/airflow/.local/lib/python3.12/site-packages/airflow/example_dags/example_params_trigger_ui.py
[2025-11-13T17:26:18.905+0000] {processor.py:914} INFO - Processing file /home/airflow/.local/lib/python3.12/site-packages/airflow/example_dags/example_params_trigger_ui.py for tasks to queue
[2025-11-13T17:26:18.908+0000] {logging_mixin.py:190} INFO - [2025-11-13T17:26:18.908+0000] {dagbag.py:588} INFO - Filling up the DagBag from /home/airflow/.local/lib/python3.12/site-packages/airflow/example_dags/example_params_trigger_ui.py
[2025-11-13T17:26:18.918+0000] {processor.py:925} INFO - DAG(s) 'example_params_trigger_ui' retrieved from /home/airflow/.local/lib/python3.12/site-packages/airflow/example_dags/example_params_trigger_ui.py
[2025-11-13T17:26:18.948+0000] {logging_mixin.py:190} INFO - [2025-11-13T17:26:18.948+0000] {dag.py:3239} INFO - Sync 1 DAGs
[2025-11-13T17:26:18.959+0000] {logging_mixin.py:190} INFO - [2025-11-13T17:26:18.959+0000] {dag.py:4180} INFO - Setting next_dagrun for example_params_trigger_ui to None, run_after=None
[2025-11-13T17:26:18.975+0000] {processor.py:208} INFO - Processing /home/airflow/.local/lib/python3.12/site-packages/airflow/example_dags/example_params_trigger_ui.py took 0.076 seconds
[2025-11-13T17:26:49.076+0000] {processor.py:186} INFO - Started process (PID=1351) to work on /home/airflow/.local/lib/python3.12/site-packages/airflow/example_dags/example_params_trigger_ui.py
[2025-11-13T17:26:49.077+0000] {processor.py:914} INFO - Processing file /home/airflow/.local/lib/python3.12/site-packages/airflow/example_dags/example_params_trigger_ui.py for tasks to queue
[2025-11-13T17:26:49.079+0000] {logging_mixin.py:190} INFO - [2025-11-13T17:26:49.079+0000] {dagbag.py:588} INFO - Filling up the DagBag from /home/airflow/.local/lib/python3.12/site-packages/airflow/example_dags/example_params_trigger_ui.py
[2025-11-13T17:26:49.088+0000] {processor.py:925} INFO - DAG(s) 'example_params_trigger_ui' retrieved from /home/airflow/.local/lib/python3.12/site-packages/airflow/example_dags/example_params_trigger_ui.py
[2025-11-13T17:26:49.118+0000] {logging_mixin.py:190} INFO - [2025-11-13T17:26:49.118+0000] {dag.py:3239} INFO - Sync 1 DAGs
[2025-11-13T17:26:49.130+0000] {logging_mixin.py:190} INFO - [2025-11-13T17:26:49.130+0000] {dag.py:4180} INFO - Setting next_dagrun for example_params_trigger_ui to None, run_after=None
[2025-11-13T17:26:49.145+0000] {processor.py:208} INFO - Processing /home/airflow/.local/lib/python3.12/site-packages/airflow/example_dags/example_params_trigger_ui.py took 0.074 seconds
[2025-11-13T17:27:19.251+0000] {processor.py:186} INFO - Started process (PID=1415) to work on /home/airflow/.local/lib/python3.12/site-packages/airflow/example_dags/example_params_trigger_ui.py
[2025-11-13T17:27:19.253+0000] {processor.py:914} INFO - Processing file /home/airflow/.local/lib/python3.12/site-packages/airflow/example_dags/example_params_trigger_ui.py for tasks to queue
[2025-11-13T17:27:19.255+0000] {logging_mixin.py:190} INFO - [2025-11-13T17:27:19.255+0000] {dagbag.py:588} INFO - Filling up the DagBag from /home/airflow/.local/lib/python3.12/site-packages/airflow/example_dags/example_params_trigger_ui.py
[2025-11-13T17:27:19.265+0000] {processor.py:925} INFO - DAG(s) 'example_params_trigger_ui' retrieved from /home/airflow/.local/lib/python3.12/site-packages/airflow/example_dags/example_params_trigger_ui.py
[2025-11-13T17:27:19.299+0000] {logging_mixin.py:190} INFO - [2025-11-13T17:27:19.299+0000] {dag.py:3239} INFO - Sync 1 DAGs
[2025-11-13T17:27:19.311+0000] {logging_mixin.py:190} INFO - [2025-11-13T17:27:19.310+0000] {dag.py:4180} INFO - Setting next_dagrun for example_params_trigger_ui to None, run_after=None
[2025-11-13T17:27:19.328+0000] {processor.py:208} INFO - Processing /home/airflow/.local/lib/python3.12/site-packages/airflow/example_dags/example_params_trigger_ui.py took 0.081 seconds
[2025-11-13T17:27:49.630+0000] {processor.py:186} INFO - Started process (PID=1480) to work on /home/airflow/.local/lib/python3.12/site-packages/airflow/example_dags/example_params_trigger_ui.py
[2025-11-13T17:27:49.632+0000] {processor.py:914} INFO - Processing file /home/airflow/.local/lib/python3.12/site-packages/airflow/example_dags/example_params_trigger_ui.py for tasks to queue
[2025-11-13T17:27:49.634+0000] {logging_mixin.py:190} INFO - [2025-11-13T17:27:49.634+0000] {dagbag.py:588} INFO - Filling up the DagBag from /home/airflow/.local/lib/python3.12/site-packages/airflow/example_dags/example_params_trigger_ui.py
[2025-11-13T17:27:49.645+0000] {processor.py:925} INFO - DAG(s) 'example_params_trigger_ui' retrieved from /home/airflow/.local/lib/python3.12/site-packages/airflow/example_dags/example_params_trigger_ui.py
[2025-11-13T17:27:49.680+0000] {logging_mixin.py:190} INFO - [2025-11-13T17:27:49.680+0000] {dag.py:3239} INFO - Sync 1 DAGs
[2025-11-13T17:27:49.692+0000] {logging_mixin.py:190} INFO - [2025-11-13T17:27:49.692+0000] {dag.py:4180} INFO - Setting next_dagrun for example_params_trigger_ui to None, run_after=None
[2025-11-13T17:27:49.711+0000] {processor.py:208} INFO - Processing /home/airflow/.local/lib/python3.12/site-packages/airflow/example_dags/example_params_trigger_ui.py took 0.086 seconds
[2025-11-13T17:28:20.745+0000] {processor.py:186} INFO - Started process (PID=1545) to work on /home/airflow/.local/lib/python3.12/site-packages/airflow/example_dags/example_params_trigger_ui.py
[2025-11-13T17:28:20.747+0000] {processor.py:914} INFO - Processing file /home/airflow/.local/lib/python3.12/site-packages/airflow/example_dags/example_params_trigger_ui.py for tasks to queue
[2025-11-13T17:28:20.750+0000] {logging_mixin.py:190} INFO - [2025-11-13T17:28:20.749+0000] {dagbag.py:588} INFO - Filling up the DagBag from /home/airflow/.local/lib/python3.12/site-packages/airflow/example_dags/example_params_trigger_ui.py
[2025-11-13T17:28:20.760+0000] {processor.py:925} INFO - DAG(s) 'example_params_trigger_ui' retrieved from /home/airflow/.local/lib/python3.12/site-packages/airflow/example_dags/example_params_trigger_ui.py
[2025-11-13T17:28:20.794+0000] {logging_mixin.py:190} INFO - [2025-11-13T17:28:20.794+0000] {dag.py:3239} INFO - Sync 1 DAGs
[2025-11-13T17:28:20.806+0000] {logging_mixin.py:190} INFO - [2025-11-13T17:28:20.806+0000] {dag.py:4180} INFO - Setting next_dagrun for example_params_trigger_ui to None, run_after=None
[2025-11-13T17:28:20.824+0000] {processor.py:208} INFO - Processing /home/airflow/.local/lib/python3.12/site-packages/airflow/example_dags/example_params_trigger_ui.py took 0.086 seconds
[2025-11-13T17:28:51.843+0000] {processor.py:186} INFO - Started process (PID=1610) to work on /home/airflow/.local/lib/python3.12/site-packages/airflow/example_dags/example_params_trigger_ui.py
[2025-11-13T17:28:51.844+0000] {processor.py:914} INFO - Processing file /home/airflow/.local/lib/python3.12/site-packages/airflow/example_dags/example_params_trigger_ui.py for tasks to queue
[2025-11-13T17:28:51.847+0000] {logging_mixin.py:190} INFO - [2025-11-13T17:28:51.846+0000] {dagbag.py:588} INFO - Filling up the DagBag from /home/airflow/.local/lib/python3.12/site-packages/airflow/example_dags/example_params_trigger_ui.py
[2025-11-13T17:28:51.857+0000] {processor.py:925} INFO - DAG(s) 'example_params_trigger_ui' retrieved from /home/airflow/.local/lib/python3.12/site-packages/airflow/example_dags/example_params_trigger_ui.py
[2025-11-13T17:28:51.890+0000] {logging_mixin.py:190} INFO - [2025-11-13T17:28:51.889+0000] {dag.py:3239} INFO - Sync 1 DAGs
[2025-11-13T17:28:51.902+0000] {logging_mixin.py:190} INFO - [2025-11-13T17:28:51.901+0000] {dag.py:4180} INFO - Setting next_dagrun for example_params_trigger_ui to None, run_after=None
[2025-11-13T17:28:51.919+0000] {processor.py:208} INFO - Processing /home/airflow/.local/lib/python3.12/site-packages/airflow/example_dags/example_params_trigger_ui.py took 0.081 seconds
[2025-11-13T17:29:22.868+0000] {processor.py:186} INFO - Started process (PID=1675) to work on /home/airflow/.local/lib/python3.12/site-packages/airflow/example_dags/example_params_trigger_ui.py
[2025-11-13T17:29:22.870+0000] {processor.py:914} INFO - Processing file /home/airflow/.local/lib/python3.12/site-packages/airflow/example_dags/example_params_trigger_ui.py for tasks to queue
[2025-11-13T17:29:22.872+0000] {logging_mixin.py:190} INFO - [2025-11-13T17:29:22.872+0000] {dagbag.py:588} INFO - Filling up the DagBag from /home/airflow/.local/lib/python3.12/site-packages/airflow/example_dags/example_params_trigger_ui.py
[2025-11-13T17:29:22.883+0000] {processor.py:925} INFO - DAG(s) 'example_params_trigger_ui' retrieved from /home/airflow/.local/lib/python3.12/site-packages/airflow/example_dags/example_params_trigger_ui.py
[2025-11-13T17:29:22.916+0000] {logging_mixin.py:190} INFO - [2025-11-13T17:29:22.916+0000] {dag.py:3239} INFO - Sync 1 DAGs
[2025-11-13T17:29:22.928+0000] {logging_mixin.py:190} INFO - [2025-11-13T17:29:22.928+0000] {dag.py:4180} INFO - Setting next_dagrun for example_params_trigger_ui to None, run_after=None
[2025-11-13T17:29:22.946+0000] {processor.py:208} INFO - Processing /home/airflow/.local/lib/python3.12/site-packages/airflow/example_dags/example_params_trigger_ui.py took 0.083 seconds
[2025-11-13T17:29:54.178+0000] {processor.py:186} INFO - Started process (PID=1740) to work on /home/airflow/.local/lib/python3.12/site-packages/airflow/example_dags/example_params_trigger_ui.py
[2025-11-13T17:29:54.181+0000] {processor.py:914} INFO - Processing file /home/airflow/.local/lib/python3.12/site-packages/airflow/example_dags/example_params_trigger_ui.py for tasks to queue
[2025-11-13T17:29:54.183+0000] {logging_mixin.py:190} INFO - [2025-11-13T17:29:54.183+0000] {dagbag.py:588} INFO - Filling up the DagBag from /home/airflow/.local/lib/python3.12/site-packages/airflow/example_dags/example_params_trigger_ui.py
[2025-11-13T17:29:54.195+0000] {processor.py:925} INFO - DAG(s) 'example_params_trigger_ui' retrieved from /home/airflow/.local/lib/python3.12/site-packages/airflow/example_dags/example_params_trigger_ui.py
[2025-11-13T17:29:54.234+0000] {logging_mixin.py:190} INFO - [2025-11-13T17:29:54.233+0000] {dag.py:3239} INFO - Sync 1 DAGs
[2025-11-13T17:29:54.247+0000] {logging_mixin.py:190} INFO - [2025-11-13T17:29:54.246+0000] {dag.py:4180} INFO - Setting next_dagrun for example_params_trigger_ui to None, run_after=None
[2025-11-13T17:29:54.266+0000] {processor.py:208} INFO - Processing /home/airflow/.local/lib/python3.12/site-packages/airflow/example_dags/example_params_trigger_ui.py took 0.093 seconds
[2025-11-13T17:30:25.227+0000] {processor.py:186} INFO - Started process (PID=1811) to work on /home/airflow/.local/lib/python3.12/site-packages/airflow/example_dags/example_params_trigger_ui.py
[2025-11-13T17:30:25.229+0000] {processor.py:914} INFO - Processing file /home/airflow/.local/lib/python3.12/site-packages/airflow/example_dags/example_params_trigger_ui.py for tasks to queue
[2025-11-13T17:30:25.234+0000] {logging_mixin.py:190} INFO - [2025-11-13T17:30:25.234+0000] {dagbag.py:588} INFO - Filling up the DagBag from /home/airflow/.local/lib/python3.12/site-packages/airflow/example_dags/example_params_trigger_ui.py
[2025-11-13T17:30:25.246+0000] {processor.py:925} INFO - DAG(s) 'example_params_trigger_ui' retrieved from /home/airflow/.local/lib/python3.12/site-packages/airflow/example_dags/example_params_trigger_ui.py
[2025-11-13T17:30:25.281+0000] {logging_mixin.py:190} INFO - [2025-11-13T17:30:25.280+0000] {dag.py:3239} INFO - Sync 1 DAGs
[2025-11-13T17:30:25.293+0000] {logging_mixin.py:190} INFO - [2025-11-13T17:30:25.293+0000] {dag.py:4180} INFO - Setting next_dagrun for example_params_trigger_ui to None, run_after=None
[2025-11-13T17:30:25.346+0000] {processor.py:208} INFO - Processing /home/airflow/.local/lib/python3.12/site-packages/airflow/example_dags/example_params_trigger_ui.py took 0.124 seconds
[2025-11-13T17:30:56.125+0000] {processor.py:186} INFO - Started process (PID=1876) to work on /home/airflow/.local/lib/python3.12/site-packages/airflow/example_dags/example_params_trigger_ui.py
[2025-11-13T17:30:56.127+0000] {processor.py:914} INFO - Processing file /home/airflow/.local/lib/python3.12/site-packages/airflow/example_dags/example_params_trigger_ui.py for tasks to queue
[2025-11-13T17:30:56.130+0000] {logging_mixin.py:190} INFO - [2025-11-13T17:30:56.129+0000] {dagbag.py:588} INFO - Filling up the DagBag from /home/airflow/.local/lib/python3.12/site-packages/airflow/example_dags/example_params_trigger_ui.py
[2025-11-13T17:30:56.140+0000] {processor.py:925} INFO - DAG(s) 'example_params_trigger_ui' retrieved from /home/airflow/.local/lib/python3.12/site-packages/airflow/example_dags/example_params_trigger_ui.py
[2025-11-13T17:30:56.172+0000] {logging_mixin.py:190} INFO - [2025-11-13T17:30:56.172+0000] {dag.py:3239} INFO - Sync 1 DAGs
[2025-11-13T17:30:56.183+0000] {logging_mixin.py:190} INFO - [2025-11-13T17:30:56.183+0000] {dag.py:4180} INFO - Setting next_dagrun for example_params_trigger_ui to None, run_after=None
[2025-11-13T17:30:56.202+0000] {processor.py:208} INFO - Processing /home/airflow/.local/lib/python3.12/site-packages/airflow/example_dags/example_params_trigger_ui.py took 0.081 seconds
[2025-11-13T17:31:27.757+0000] {processor.py:186} INFO - Started process (PID=1941) to work on /home/airflow/.local/lib/python3.12/site-packages/airflow/example_dags/example_params_trigger_ui.py
[2025-11-13T17:31:27.758+0000] {processor.py:914} INFO - Processing file /home/airflow/.local/lib/python3.12/site-packages/airflow/example_dags/example_params_trigger_ui.py for tasks to queue
[2025-11-13T17:31:27.761+0000] {logging_mixin.py:190} INFO - [2025-11-13T17:31:27.760+0000] {dagbag.py:588} INFO - Filling up the DagBag from /home/airflow/.local/lib/python3.12/site-packages/airflow/example_dags/example_params_trigger_ui.py
[2025-11-13T17:31:27.772+0000] {processor.py:925} INFO - DAG(s) 'example_params_trigger_ui' retrieved from /home/airflow/.local/lib/python3.12/site-packages/airflow/example_dags/example_params_trigger_ui.py
[2025-11-13T17:31:27.804+0000] {logging_mixin.py:190} INFO - [2025-11-13T17:31:27.804+0000] {dag.py:3239} INFO - Sync 1 DAGs
[2025-11-13T17:31:27.817+0000] {logging_mixin.py:190} INFO - [2025-11-13T17:31:27.817+0000] {dag.py:4180} INFO - Setting next_dagrun for example_params_trigger_ui to None, run_after=None
[2025-11-13T17:31:27.835+0000] {processor.py:208} INFO - Processing /home/airflow/.local/lib/python3.12/site-packages/airflow/example_dags/example_params_trigger_ui.py took 0.084 seconds
[2025-11-13T17:31:58.607+0000] {processor.py:186} INFO - Started process (PID=2005) to work on /home/airflow/.local/lib/python3.12/site-packages/airflow/example_dags/example_params_trigger_ui.py
[2025-11-13T17:31:58.608+0000] {processor.py:914} INFO - Processing file /home/airflow/.local/lib/python3.12/site-packages/airflow/example_dags/example_params_trigger_ui.py for tasks to queue
[2025-11-13T17:31:58.611+0000] {logging_mixin.py:190} INFO - [2025-11-13T17:31:58.610+0000] {dagbag.py:588} INFO - Filling up the DagBag from /home/airflow/.local/lib/python3.12/site-packages/airflow/example_dags/example_params_trigger_ui.py
[2025-11-13T17:31:58.622+0000] {processor.py:925} INFO - DAG(s) 'example_params_trigger_ui' retrieved from /home/airflow/.local/lib/python3.12/site-packages/airflow/example_dags/example_params_trigger_ui.py
[2025-11-13T17:31:58.652+0000] {logging_mixin.py:190} INFO - [2025-11-13T17:31:58.652+0000] {dag.py:3239} INFO - Sync 1 DAGs
[2025-11-13T17:31:58.664+0000] {logging_mixin.py:190} INFO - [2025-11-13T17:31:58.664+0000] {dag.py:4180} INFO - Setting next_dagrun for example_params_trigger_ui to None, run_after=None
[2025-11-13T17:31:58.679+0000] {processor.py:208} INFO - Processing /home/airflow/.local/lib/python3.12/site-packages/airflow/example_dags/example_params_trigger_ui.py took 0.078 seconds
[2025-11-13T17:32:30.145+0000] {processor.py:186} INFO - Started process (PID=2070) to work on /home/airflow/.local/lib/python3.12/site-packages/airflow/example_dags/example_params_trigger_ui.py
[2025-11-13T17:32:30.147+0000] {processor.py:914} INFO - Processing file /home/airflow/.local/lib/python3.12/site-packages/airflow/example_dags/example_params_trigger_ui.py for tasks to queue
[2025-11-13T17:32:30.153+0000] {logging_mixin.py:190} INFO - [2025-11-13T17:32:30.153+0000] {dagbag.py:588} INFO - Filling up the DagBag from /home/airflow/.local/lib/python3.12/site-packages/airflow/example_dags/example_params_trigger_ui.py
[2025-11-13T17:32:30.168+0000] {processor.py:925} INFO - DAG(s) 'example_params_trigger_ui' retrieved from /home/airflow/.local/lib/python3.12/site-packages/airflow/example_dags/example_params_trigger_ui.py
[2025-11-13T17:32:30.203+0000] {logging_mixin.py:190} INFO - [2025-11-13T17:32:30.203+0000] {dag.py:3239} INFO - Sync 1 DAGs
[2025-11-13T17:32:30.217+0000] {logging_mixin.py:190} INFO - [2025-11-13T17:32:30.217+0000] {dag.py:4180} INFO - Setting next_dagrun for example_params_trigger_ui to None, run_after=None
[2025-11-13T17:32:30.238+0000] {processor.py:208} INFO - Processing /home/airflow/.local/lib/python3.12/site-packages/airflow/example_dags/example_params_trigger_ui.py took 0.100 seconds
[2025-11-13T17:33:00.803+0000] {processor.py:186} INFO - Started process (PID=2135) to work on /home/airflow/.local/lib/python3.12/site-packages/airflow/example_dags/example_params_trigger_ui.py
[2025-11-13T17:33:00.804+0000] {processor.py:914} INFO - Processing file /home/airflow/.local/lib/python3.12/site-packages/airflow/example_dags/example_params_trigger_ui.py for tasks to queue
[2025-11-13T17:33:00.807+0000] {logging_mixin.py:190} INFO - [2025-11-13T17:33:00.806+0000] {dagbag.py:588} INFO - Filling up the DagBag from /home/airflow/.local/lib/python3.12/site-packages/airflow/example_dags/example_params_trigger_ui.py
[2025-11-13T17:33:00.816+0000] {processor.py:925} INFO - DAG(s) 'example_params_trigger_ui' retrieved from /home/airflow/.local/lib/python3.12/site-packages/airflow/example_dags/example_params_trigger_ui.py
[2025-11-13T17:33:00.848+0000] {logging_mixin.py:190} INFO - [2025-11-13T17:33:00.848+0000] {dag.py:3239} INFO - Sync 1 DAGs
[2025-11-13T17:33:00.860+0000] {logging_mixin.py:190} INFO - [2025-11-13T17:33:00.860+0000] {dag.py:4180} INFO - Setting next_dagrun for example_params_trigger_ui to None, run_after=None
[2025-11-13T17:33:00.877+0000] {processor.py:208} INFO - Processing /home/airflow/.local/lib/python3.12/site-packages/airflow/example_dags/example_params_trigger_ui.py took 0.079 seconds
[2025-11-13T17:33:31.660+0000] {processor.py:186} INFO - Started process (PID=2200) to work on /home/airflow/.local/lib/python3.12/site-packages/airflow/example_dags/example_params_trigger_ui.py
[2025-11-13T17:33:31.661+0000] {processor.py:914} INFO - Processing file /home/airflow/.local/lib/python3.12/site-packages/airflow/example_dags/example_params_trigger_ui.py for tasks to queue
[2025-11-13T17:33:31.664+0000] {logging_mixin.py:190} INFO - [2025-11-13T17:33:31.663+0000] {dagbag.py:588} INFO - Filling up the DagBag from /home/airflow/.local/lib/python3.12/site-packages/airflow/example_dags/example_params_trigger_ui.py
[2025-11-13T17:33:31.676+0000] {processor.py:925} INFO - DAG(s) 'example_params_trigger_ui' retrieved from /home/airflow/.local/lib/python3.12/site-packages/airflow/example_dags/example_params_trigger_ui.py
[2025-11-13T17:33:31.711+0000] {logging_mixin.py:190} INFO - [2025-11-13T17:33:31.710+0000] {dag.py:3239} INFO - Sync 1 DAGs
[2025-11-13T17:33:31.722+0000] {logging_mixin.py:190} INFO - [2025-11-13T17:33:31.722+0000] {dag.py:4180} INFO - Setting next_dagrun for example_params_trigger_ui to None, run_after=None
[2025-11-13T17:33:31.741+0000] {processor.py:208} INFO - Processing /home/airflow/.local/lib/python3.12/site-packages/airflow/example_dags/example_params_trigger_ui.py took 0.087 seconds
[2025-11-13T17:34:02.020+0000] {processor.py:186} INFO - Started process (PID=2265) to work on /home/airflow/.local/lib/python3.12/site-packages/airflow/example_dags/example_params_trigger_ui.py
[2025-11-13T17:34:02.021+0000] {processor.py:914} INFO - Processing file /home/airflow/.local/lib/python3.12/site-packages/airflow/example_dags/example_params_trigger_ui.py for tasks to queue
[2025-11-13T17:34:02.024+0000] {logging_mixin.py:190} INFO - [2025-11-13T17:34:02.024+0000] {dagbag.py:588} INFO - Filling up the DagBag from /home/airflow/.local/lib/python3.12/site-packages/airflow/example_dags/example_params_trigger_ui.py
[2025-11-13T17:34:02.034+0000] {processor.py:925} INFO - DAG(s) 'example_params_trigger_ui' retrieved from /home/airflow/.local/lib/python3.12/site-packages/airflow/example_dags/example_params_trigger_ui.py
[2025-11-13T17:34:02.066+0000] {logging_mixin.py:190} INFO - [2025-11-13T17:34:02.066+0000] {dag.py:3239} INFO - Sync 1 DAGs
[2025-11-13T17:34:02.079+0000] {logging_mixin.py:190} INFO - [2025-11-13T17:34:02.078+0000] {dag.py:4180} INFO - Setting next_dagrun for example_params_trigger_ui to None, run_after=None
[2025-11-13T17:34:02.097+0000] {processor.py:208} INFO - Processing /home/airflow/.local/lib/python3.12/site-packages/airflow/example_dags/example_params_trigger_ui.py took 0.082 seconds
[2025-11-13T17:34:32.762+0000] {processor.py:186} INFO - Started process (PID=2330) to work on /home/airflow/.local/lib/python3.12/site-packages/airflow/example_dags/example_params_trigger_ui.py
[2025-11-13T17:34:32.763+0000] {processor.py:914} INFO - Processing file /home/airflow/.local/lib/python3.12/site-packages/airflow/example_dags/example_params_trigger_ui.py for tasks to queue
[2025-11-13T17:34:32.766+0000] {logging_mixin.py:190} INFO - [2025-11-13T17:34:32.765+0000] {dagbag.py:588} INFO - Filling up the DagBag from /home/airflow/.local/lib/python3.12/site-packages/airflow/example_dags/example_params_trigger_ui.py
[2025-11-13T17:34:32.776+0000] {processor.py:925} INFO - DAG(s) 'example_params_trigger_ui' retrieved from /home/airflow/.local/lib/python3.12/site-packages/airflow/example_dags/example_params_trigger_ui.py
[2025-11-13T17:34:32.809+0000] {logging_mixin.py:190} INFO - [2025-11-13T17:34:32.809+0000] {dag.py:3239} INFO - Sync 1 DAGs
[2025-11-13T17:34:32.821+0000] {logging_mixin.py:190} INFO - [2025-11-13T17:34:32.821+0000] {dag.py:4180} INFO - Setting next_dagrun for example_params_trigger_ui to None, run_after=None
[2025-11-13T17:34:32.837+0000] {processor.py:208} INFO - Processing /home/airflow/.local/lib/python3.12/site-packages/airflow/example_dags/example_params_trigger_ui.py took 0.080 seconds
[2025-11-13T17:35:03.530+0000] {processor.py:186} INFO - Started process (PID=2395) to work on /home/airflow/.local/lib/python3.12/site-packages/airflow/example_dags/example_params_trigger_ui.py
[2025-11-13T17:35:03.532+0000] {processor.py:914} INFO - Processing file /home/airflow/.local/lib/python3.12/site-packages/airflow/example_dags/example_params_trigger_ui.py for tasks to queue
[2025-11-13T17:35:03.534+0000] {logging_mixin.py:190} INFO - [2025-11-13T17:35:03.534+0000] {dagbag.py:588} INFO - Filling up the DagBag from /home/airflow/.local/lib/python3.12/site-packages/airflow/example_dags/example_params_trigger_ui.py
[2025-11-13T17:35:03.544+0000] {processor.py:925} INFO - DAG(s) 'example_params_trigger_ui' retrieved from /home/airflow/.local/lib/python3.12/site-packages/airflow/example_dags/example_params_trigger_ui.py
[2025-11-13T17:35:03.575+0000] {logging_mixin.py:190} INFO - [2025-11-13T17:35:03.575+0000] {dag.py:3239} INFO - Sync 1 DAGs
[2025-11-13T17:35:03.587+0000] {logging_mixin.py:190} INFO - [2025-11-13T17:35:03.586+0000] {dag.py:4180} INFO - Setting next_dagrun for example_params_trigger_ui to None, run_after=None
[2025-11-13T17:35:03.603+0000] {processor.py:208} INFO - Processing /home/airflow/.local/lib/python3.12/site-packages/airflow/example_dags/example_params_trigger_ui.py took 0.078 seconds
[2025-11-13T17:35:34.770+0000] {processor.py:186} INFO - Started process (PID=2460) to work on /home/airflow/.local/lib/python3.12/site-packages/airflow/example_dags/example_params_trigger_ui.py
[2025-11-13T17:35:34.771+0000] {processor.py:914} INFO - Processing file /home/airflow/.local/lib/python3.12/site-packages/airflow/example_dags/example_params_trigger_ui.py for tasks to queue
[2025-11-13T17:35:34.774+0000] {logging_mixin.py:190} INFO - [2025-11-13T17:35:34.774+0000] {dagbag.py:588} INFO - Filling up the DagBag from /home/airflow/.local/lib/python3.12/site-packages/airflow/example_dags/example_params_trigger_ui.py
[2025-11-13T17:35:34.784+0000] {processor.py:925} INFO - DAG(s) 'example_params_trigger_ui' retrieved from /home/airflow/.local/lib/python3.12/site-packages/airflow/example_dags/example_params_trigger_ui.py
[2025-11-13T17:35:34.818+0000] {logging_mixin.py:190} INFO - [2025-11-13T17:35:34.818+0000] {dag.py:3239} INFO - Sync 1 DAGs
[2025-11-13T17:35:34.831+0000] {logging_mixin.py:190} INFO - [2025-11-13T17:35:34.831+0000] {dag.py:4180} INFO - Setting next_dagrun for example_params_trigger_ui to None, run_after=None
[2025-11-13T17:35:34.860+0000] {processor.py:208} INFO - Processing /home/airflow/.local/lib/python3.12/site-packages/airflow/example_dags/example_params_trigger_ui.py took 0.095 seconds
[2025-11-13T17:36:06.312+0000] {processor.py:186} INFO - Started process (PID=2531) to work on /home/airflow/.local/lib/python3.12/site-packages/airflow/example_dags/example_params_trigger_ui.py
[2025-11-13T17:36:06.313+0000] {processor.py:914} INFO - Processing file /home/airflow/.local/lib/python3.12/site-packages/airflow/example_dags/example_params_trigger_ui.py for tasks to queue
[2025-11-13T17:36:06.316+0000] {logging_mixin.py:190} INFO - [2025-11-13T17:36:06.315+0000] {dagbag.py:588} INFO - Filling up the DagBag from /home/airflow/.local/lib/python3.12/site-packages/airflow/example_dags/example_params_trigger_ui.py
[2025-11-13T17:36:06.325+0000] {processor.py:925} INFO - DAG(s) 'example_params_trigger_ui' retrieved from /home/airflow/.local/lib/python3.12/site-packages/airflow/example_dags/example_params_trigger_ui.py
[2025-11-13T17:36:06.356+0000] {logging_mixin.py:190} INFO - [2025-11-13T17:36:06.356+0000] {dag.py:3239} INFO - Sync 1 DAGs
[2025-11-13T17:36:06.368+0000] {logging_mixin.py:190} INFO - [2025-11-13T17:36:06.368+0000] {dag.py:4180} INFO - Setting next_dagrun for example_params_trigger_ui to None, run_after=None
[2025-11-13T17:36:06.400+0000] {processor.py:208} INFO - Processing /home/airflow/.local/lib/python3.12/site-packages/airflow/example_dags/example_params_trigger_ui.py took 0.094 seconds
[2025-11-13T17:36:36.896+0000] {processor.py:186} INFO - Started process (PID=2596) to work on /home/airflow/.local/lib/python3.12/site-packages/airflow/example_dags/example_params_trigger_ui.py
[2025-11-13T17:36:36.897+0000] {processor.py:914} INFO - Processing file /home/airflow/.local/lib/python3.12/site-packages/airflow/example_dags/example_params_trigger_ui.py for tasks to queue
[2025-11-13T17:36:36.900+0000] {logging_mixin.py:190} INFO - [2025-11-13T17:36:36.899+0000] {dagbag.py:588} INFO - Filling up the DagBag from /home/airflow/.local/lib/python3.12/site-packages/airflow/example_dags/example_params_trigger_ui.py
[2025-11-13T17:36:36.910+0000] {processor.py:925} INFO - DAG(s) 'example_params_trigger_ui' retrieved from /home/airflow/.local/lib/python3.12/site-packages/airflow/example_dags/example_params_trigger_ui.py
[2025-11-13T17:36:36.944+0000] {logging_mixin.py:190} INFO - [2025-11-13T17:36:36.944+0000] {dag.py:3239} INFO - Sync 1 DAGs
[2025-11-13T17:36:36.957+0000] {logging_mixin.py:190} INFO - [2025-11-13T17:36:36.956+0000] {dag.py:4180} INFO - Setting next_dagrun for example_params_trigger_ui to None, run_after=None
[2025-11-13T17:36:36.975+0000] {processor.py:208} INFO - Processing /home/airflow/.local/lib/python3.12/site-packages/airflow/example_dags/example_params_trigger_ui.py took 0.086 seconds
[2025-11-13T17:37:07.571+0000] {processor.py:186} INFO - Started process (PID=2661) to work on /home/airflow/.local/lib/python3.12/site-packages/airflow/example_dags/example_params_trigger_ui.py
[2025-11-13T17:37:07.573+0000] {processor.py:914} INFO - Processing file /home/airflow/.local/lib/python3.12/site-packages/airflow/example_dags/example_params_trigger_ui.py for tasks to queue
[2025-11-13T17:37:07.576+0000] {logging_mixin.py:190} INFO - [2025-11-13T17:37:07.575+0000] {dagbag.py:588} INFO - Filling up the DagBag from /home/airflow/.local/lib/python3.12/site-packages/airflow/example_dags/example_params_trigger_ui.py
[2025-11-13T17:37:07.588+0000] {processor.py:925} INFO - DAG(s) 'example_params_trigger_ui' retrieved from /home/airflow/.local/lib/python3.12/site-packages/airflow/example_dags/example_params_trigger_ui.py
[2025-11-13T17:37:07.624+0000] {logging_mixin.py:190} INFO - [2025-11-13T17:37:07.623+0000] {dag.py:3239} INFO - Sync 1 DAGs
[2025-11-13T17:37:07.637+0000] {logging_mixin.py:190} INFO - [2025-11-13T17:37:07.637+0000] {dag.py:4180} INFO - Setting next_dagrun for example_params_trigger_ui to None, run_after=None
[2025-11-13T17:37:07.655+0000] {processor.py:208} INFO - Processing /home/airflow/.local/lib/python3.12/site-packages/airflow/example_dags/example_params_trigger_ui.py took 0.090 seconds
[2025-11-13T17:37:39.228+0000] {processor.py:186} INFO - Started process (PID=2726) to work on /home/airflow/.local/lib/python3.12/site-packages/airflow/example_dags/example_params_trigger_ui.py
[2025-11-13T17:37:39.230+0000] {processor.py:914} INFO - Processing file /home/airflow/.local/lib/python3.12/site-packages/airflow/example_dags/example_params_trigger_ui.py for tasks to queue
[2025-11-13T17:37:39.232+0000] {logging_mixin.py:190} INFO - [2025-11-13T17:37:39.232+0000] {dagbag.py:588} INFO - Filling up the DagBag from /home/airflow/.local/lib/python3.12/site-packages/airflow/example_dags/example_params_trigger_ui.py
[2025-11-13T17:37:39.242+0000] {processor.py:925} INFO - DAG(s) 'example_params_trigger_ui' retrieved from /home/airflow/.local/lib/python3.12/site-packages/airflow/example_dags/example_params_trigger_ui.py
[2025-11-13T17:37:39.275+0000] {logging_mixin.py:190} INFO - [2025-11-13T17:37:39.275+0000] {dag.py:3239} INFO - Sync 1 DAGs
[2025-11-13T17:37:39.287+0000] {logging_mixin.py:190} INFO - [2025-11-13T17:37:39.286+0000] {dag.py:4180} INFO - Setting next_dagrun for example_params_trigger_ui to None, run_after=None
[2025-11-13T17:37:39.305+0000] {processor.py:208} INFO - Processing /home/airflow/.local/lib/python3.12/site-packages/airflow/example_dags/example_params_trigger_ui.py took 0.082 seconds
[2025-11-13T17:38:10.604+0000] {processor.py:186} INFO - Started process (PID=2800) to work on /home/airflow/.local/lib/python3.12/site-packages/airflow/example_dags/example_params_trigger_ui.py
[2025-11-13T17:38:10.606+0000] {processor.py:914} INFO - Processing file /home/airflow/.local/lib/python3.12/site-packages/airflow/example_dags/example_params_trigger_ui.py for tasks to queue
[2025-11-13T17:38:10.608+0000] {logging_mixin.py:190} INFO - [2025-11-13T17:38:10.608+0000] {dagbag.py:588} INFO - Filling up the DagBag from /home/airflow/.local/lib/python3.12/site-packages/airflow/example_dags/example_params_trigger_ui.py
[2025-11-13T17:38:10.619+0000] {processor.py:925} INFO - DAG(s) 'example_params_trigger_ui' retrieved from /home/airflow/.local/lib/python3.12/site-packages/airflow/example_dags/example_params_trigger_ui.py
[2025-11-13T17:38:10.652+0000] {logging_mixin.py:190} INFO - [2025-11-13T17:38:10.652+0000] {dag.py:3239} INFO - Sync 1 DAGs
[2025-11-13T17:38:10.664+0000] {logging_mixin.py:190} INFO - [2025-11-13T17:38:10.663+0000] {dag.py:4180} INFO - Setting next_dagrun for example_params_trigger_ui to None, run_after=None
[2025-11-13T17:38:10.679+0000] {processor.py:208} INFO - Processing /home/airflow/.local/lib/python3.12/site-packages/airflow/example_dags/example_params_trigger_ui.py took 0.080 seconds
[2025-11-13T17:38:41.814+0000] {processor.py:186} INFO - Started process (PID=2865) to work on /home/airflow/.local/lib/python3.12/site-packages/airflow/example_dags/example_params_trigger_ui.py
[2025-11-13T17:38:41.815+0000] {processor.py:914} INFO - Processing file /home/airflow/.local/lib/python3.12/site-packages/airflow/example_dags/example_params_trigger_ui.py for tasks to queue
[2025-11-13T17:38:41.818+0000] {logging_mixin.py:190} INFO - [2025-11-13T17:38:41.817+0000] {dagbag.py:588} INFO - Filling up the DagBag from /home/airflow/.local/lib/python3.12/site-packages/airflow/example_dags/example_params_trigger_ui.py
[2025-11-13T17:38:41.827+0000] {processor.py:925} INFO - DAG(s) 'example_params_trigger_ui' retrieved from /home/airflow/.local/lib/python3.12/site-packages/airflow/example_dags/example_params_trigger_ui.py
[2025-11-13T17:38:41.859+0000] {logging_mixin.py:190} INFO - [2025-11-13T17:38:41.859+0000] {dag.py:3239} INFO - Sync 1 DAGs
[2025-11-13T17:38:41.871+0000] {logging_mixin.py:190} INFO - [2025-11-13T17:38:41.871+0000] {dag.py:4180} INFO - Setting next_dagrun for example_params_trigger_ui to None, run_after=None
[2025-11-13T17:38:41.890+0000] {processor.py:208} INFO - Processing /home/airflow/.local/lib/python3.12/site-packages/airflow/example_dags/example_params_trigger_ui.py took 0.081 seconds
[2025-11-13T17:39:12.997+0000] {processor.py:186} INFO - Started process (PID=2930) to work on /home/airflow/.local/lib/python3.12/site-packages/airflow/example_dags/example_params_trigger_ui.py
[2025-11-13T17:39:12.999+0000] {processor.py:914} INFO - Processing file /home/airflow/.local/lib/python3.12/site-packages/airflow/example_dags/example_params_trigger_ui.py for tasks to queue
[2025-11-13T17:39:13.001+0000] {logging_mixin.py:190} INFO - [2025-11-13T17:39:13.001+0000] {dagbag.py:588} INFO - Filling up the DagBag from /home/airflow/.local/lib/python3.12/site-packages/airflow/example_dags/example_params_trigger_ui.py
[2025-11-13T17:39:13.011+0000] {processor.py:925} INFO - DAG(s) 'example_params_trigger_ui' retrieved from /home/airflow/.local/lib/python3.12/site-packages/airflow/example_dags/example_params_trigger_ui.py
[2025-11-13T17:39:13.043+0000] {logging_mixin.py:190} INFO - [2025-11-13T17:39:13.043+0000] {dag.py:3239} INFO - Sync 1 DAGs
[2025-11-13T17:39:13.055+0000] {logging_mixin.py:190} INFO - [2025-11-13T17:39:13.055+0000] {dag.py:4180} INFO - Setting next_dagrun for example_params_trigger_ui to None, run_after=None
[2025-11-13T17:39:13.071+0000] {processor.py:208} INFO - Processing /home/airflow/.local/lib/python3.12/site-packages/airflow/example_dags/example_params_trigger_ui.py took 0.079 seconds
[2025-11-13T17:39:44.273+0000] {processor.py:186} INFO - Started process (PID=2995) to work on /home/airflow/.local/lib/python3.12/site-packages/airflow/example_dags/example_params_trigger_ui.py
[2025-11-13T17:39:44.274+0000] {processor.py:914} INFO - Processing file /home/airflow/.local/lib/python3.12/site-packages/airflow/example_dags/example_params_trigger_ui.py for tasks to queue
[2025-11-13T17:39:44.276+0000] {logging_mixin.py:190} INFO - [2025-11-13T17:39:44.276+0000] {dagbag.py:588} INFO - Filling up the DagBag from /home/airflow/.local/lib/python3.12/site-packages/airflow/example_dags/example_params_trigger_ui.py
[2025-11-13T17:39:44.287+0000] {processor.py:925} INFO - DAG(s) 'example_params_trigger_ui' retrieved from /home/airflow/.local/lib/python3.12/site-packages/airflow/example_dags/example_params_trigger_ui.py
[2025-11-13T17:39:44.320+0000] {logging_mixin.py:190} INFO - [2025-11-13T17:39:44.320+0000] {dag.py:3239} INFO - Sync 1 DAGs
[2025-11-13T17:39:44.333+0000] {logging_mixin.py:190} INFO - [2025-11-13T17:39:44.333+0000] {dag.py:4180} INFO - Setting next_dagrun for example_params_trigger_ui to None, run_after=None
[2025-11-13T17:39:44.349+0000] {processor.py:208} INFO - Processing /home/airflow/.local/lib/python3.12/site-packages/airflow/example_dags/example_params_trigger_ui.py took 0.081 seconds
[2025-11-13T17:40:15.768+0000] {processor.py:186} INFO - Started process (PID=3060) to work on /home/airflow/.local/lib/python3.12/site-packages/airflow/example_dags/example_params_trigger_ui.py
[2025-11-13T17:40:15.770+0000] {processor.py:914} INFO - Processing file /home/airflow/.local/lib/python3.12/site-packages/airflow/example_dags/example_params_trigger_ui.py for tasks to queue
[2025-11-13T17:40:15.775+0000] {logging_mixin.py:190} INFO - [2025-11-13T17:40:15.775+0000] {dagbag.py:588} INFO - Filling up the DagBag from /home/airflow/.local/lib/python3.12/site-packages/airflow/example_dags/example_params_trigger_ui.py
[2025-11-13T17:40:15.793+0000] {processor.py:925} INFO - DAG(s) 'example_params_trigger_ui' retrieved from /home/airflow/.local/lib/python3.12/site-packages/airflow/example_dags/example_params_trigger_ui.py
[2025-11-13T17:40:15.846+0000] {logging_mixin.py:190} INFO - [2025-11-13T17:40:15.845+0000] {dag.py:3239} INFO - Sync 1 DAGs
[2025-11-13T17:40:15.867+0000] {logging_mixin.py:190} INFO - [2025-11-13T17:40:15.867+0000] {dag.py:4180} INFO - Setting next_dagrun for example_params_trigger_ui to None, run_after=None
[2025-11-13T17:40:15.895+0000] {processor.py:208} INFO - Processing /home/airflow/.local/lib/python3.12/site-packages/airflow/example_dags/example_params_trigger_ui.py took 0.135 seconds
[2025-11-13T17:40:46.580+0000] {processor.py:186} INFO - Started process (PID=3125) to work on /home/airflow/.local/lib/python3.12/site-packages/airflow/example_dags/example_params_trigger_ui.py
[2025-11-13T17:40:46.582+0000] {processor.py:914} INFO - Processing file /home/airflow/.local/lib/python3.12/site-packages/airflow/example_dags/example_params_trigger_ui.py for tasks to queue
[2025-11-13T17:40:46.586+0000] {logging_mixin.py:190} INFO - [2025-11-13T17:40:46.585+0000] {dagbag.py:588} INFO - Filling up the DagBag from /home/airflow/.local/lib/python3.12/site-packages/airflow/example_dags/example_params_trigger_ui.py
[2025-11-13T17:40:46.602+0000] {processor.py:925} INFO - DAG(s) 'example_params_trigger_ui' retrieved from /home/airflow/.local/lib/python3.12/site-packages/airflow/example_dags/example_params_trigger_ui.py
[2025-11-13T17:40:46.657+0000] {logging_mixin.py:190} INFO - [2025-11-13T17:40:46.656+0000] {dag.py:3239} INFO - Sync 1 DAGs
[2025-11-13T17:40:46.676+0000] {logging_mixin.py:190} INFO - [2025-11-13T17:40:46.676+0000] {dag.py:4180} INFO - Setting next_dagrun for example_params_trigger_ui to None, run_after=None
[2025-11-13T17:40:46.701+0000] {processor.py:208} INFO - Processing /home/airflow/.local/lib/python3.12/site-packages/airflow/example_dags/example_params_trigger_ui.py took 0.130 seconds
[2025-11-13T17:41:18.124+0000] {processor.py:186} INFO - Started process (PID=3196) to work on /home/airflow/.local/lib/python3.12/site-packages/airflow/example_dags/example_params_trigger_ui.py
[2025-11-13T17:41:18.127+0000] {processor.py:914} INFO - Processing file /home/airflow/.local/lib/python3.12/site-packages/airflow/example_dags/example_params_trigger_ui.py for tasks to queue
[2025-11-13T17:41:18.130+0000] {logging_mixin.py:190} INFO - [2025-11-13T17:41:18.130+0000] {dagbag.py:588} INFO - Filling up the DagBag from /home/airflow/.local/lib/python3.12/site-packages/airflow/example_dags/example_params_trigger_ui.py
[2025-11-13T17:41:18.146+0000] {processor.py:925} INFO - DAG(s) 'example_params_trigger_ui' retrieved from /home/airflow/.local/lib/python3.12/site-packages/airflow/example_dags/example_params_trigger_ui.py
[2025-11-13T17:41:18.203+0000] {logging_mixin.py:190} INFO - [2025-11-13T17:41:18.203+0000] {dag.py:3239} INFO - Sync 1 DAGs
[2025-11-13T17:41:18.226+0000] {logging_mixin.py:190} INFO - [2025-11-13T17:41:18.225+0000] {dag.py:4180} INFO - Setting next_dagrun for example_params_trigger_ui to None, run_after=None
[2025-11-13T17:41:18.254+0000] {processor.py:208} INFO - Processing /home/airflow/.local/lib/python3.12/site-packages/airflow/example_dags/example_params_trigger_ui.py took 0.137 seconds
[2025-11-13T17:41:49.201+0000] {processor.py:186} INFO - Started process (PID=3261) to work on /home/airflow/.local/lib/python3.12/site-packages/airflow/example_dags/example_params_trigger_ui.py
[2025-11-13T17:41:49.203+0000] {processor.py:914} INFO - Processing file /home/airflow/.local/lib/python3.12/site-packages/airflow/example_dags/example_params_trigger_ui.py for tasks to queue
[2025-11-13T17:41:49.206+0000] {logging_mixin.py:190} INFO - [2025-11-13T17:41:49.206+0000] {dagbag.py:588} INFO - Filling up the DagBag from /home/airflow/.local/lib/python3.12/site-packages/airflow/example_dags/example_params_trigger_ui.py
[2025-11-13T17:41:49.222+0000] {processor.py:925} INFO - DAG(s) 'example_params_trigger_ui' retrieved from /home/airflow/.local/lib/python3.12/site-packages/airflow/example_dags/example_params_trigger_ui.py
[2025-11-13T17:41:49.270+0000] {logging_mixin.py:190} INFO - [2025-11-13T17:41:49.269+0000] {dag.py:3239} INFO - Sync 1 DAGs
[2025-11-13T17:41:49.287+0000] {logging_mixin.py:190} INFO - [2025-11-13T17:41:49.287+0000] {dag.py:4180} INFO - Setting next_dagrun for example_params_trigger_ui to None, run_after=None
[2025-11-13T17:41:49.311+0000] {processor.py:208} INFO - Processing /home/airflow/.local/lib/python3.12/site-packages/airflow/example_dags/example_params_trigger_ui.py took 0.117 seconds
[2025-11-13T17:42:20.916+0000] {processor.py:186} INFO - Started process (PID=3326) to work on /home/airflow/.local/lib/python3.12/site-packages/airflow/example_dags/example_params_trigger_ui.py
[2025-11-13T17:42:20.918+0000] {processor.py:914} INFO - Processing file /home/airflow/.local/lib/python3.12/site-packages/airflow/example_dags/example_params_trigger_ui.py for tasks to queue
[2025-11-13T17:42:20.922+0000] {logging_mixin.py:190} INFO - [2025-11-13T17:42:20.922+0000] {dagbag.py:588} INFO - Filling up the DagBag from /home/airflow/.local/lib/python3.12/site-packages/airflow/example_dags/example_params_trigger_ui.py
[2025-11-13T17:42:20.939+0000] {processor.py:925} INFO - DAG(s) 'example_params_trigger_ui' retrieved from /home/airflow/.local/lib/python3.12/site-packages/airflow/example_dags/example_params_trigger_ui.py
[2025-11-13T17:42:20.989+0000] {logging_mixin.py:190} INFO - [2025-11-13T17:42:20.989+0000] {dag.py:3239} INFO - Sync 1 DAGs
[2025-11-13T17:42:21.007+0000] {logging_mixin.py:190} INFO - [2025-11-13T17:42:21.007+0000] {dag.py:4180} INFO - Setting next_dagrun for example_params_trigger_ui to None, run_after=None
[2025-11-13T17:42:21.066+0000] {processor.py:208} INFO - Processing /home/airflow/.local/lib/python3.12/site-packages/airflow/example_dags/example_params_trigger_ui.py took 0.157 seconds
[2025-11-13T17:42:52.605+0000] {processor.py:186} INFO - Started process (PID=3391) to work on /home/airflow/.local/lib/python3.12/site-packages/airflow/example_dags/example_params_trigger_ui.py
[2025-11-13T17:42:52.612+0000] {processor.py:914} INFO - Processing file /home/airflow/.local/lib/python3.12/site-packages/airflow/example_dags/example_params_trigger_ui.py for tasks to queue
[2025-11-13T17:42:52.616+0000] {logging_mixin.py:190} INFO - [2025-11-13T17:42:52.615+0000] {dagbag.py:588} INFO - Filling up the DagBag from /home/airflow/.local/lib/python3.12/site-packages/airflow/example_dags/example_params_trigger_ui.py
[2025-11-13T17:42:52.632+0000] {processor.py:925} INFO - DAG(s) 'example_params_trigger_ui' retrieved from /home/airflow/.local/lib/python3.12/site-packages/airflow/example_dags/example_params_trigger_ui.py
[2025-11-13T17:42:52.684+0000] {logging_mixin.py:190} INFO - [2025-11-13T17:42:52.684+0000] {dag.py:3239} INFO - Sync 1 DAGs
[2025-11-13T17:42:52.705+0000] {logging_mixin.py:190} INFO - [2025-11-13T17:42:52.704+0000] {dag.py:4180} INFO - Setting next_dagrun for example_params_trigger_ui to None, run_after=None
[2025-11-13T17:42:52.764+0000] {processor.py:208} INFO - Processing /home/airflow/.local/lib/python3.12/site-packages/airflow/example_dags/example_params_trigger_ui.py took 0.167 seconds
[2025-11-13T17:43:24.369+0000] {processor.py:186} INFO - Started process (PID=3456) to work on /home/airflow/.local/lib/python3.12/site-packages/airflow/example_dags/example_params_trigger_ui.py
[2025-11-13T17:43:24.371+0000] {processor.py:914} INFO - Processing file /home/airflow/.local/lib/python3.12/site-packages/airflow/example_dags/example_params_trigger_ui.py for tasks to queue
[2025-11-13T17:43:24.375+0000] {logging_mixin.py:190} INFO - [2025-11-13T17:43:24.374+0000] {dagbag.py:588} INFO - Filling up the DagBag from /home/airflow/.local/lib/python3.12/site-packages/airflow/example_dags/example_params_trigger_ui.py
[2025-11-13T17:43:24.391+0000] {processor.py:925} INFO - DAG(s) 'example_params_trigger_ui' retrieved from /home/airflow/.local/lib/python3.12/site-packages/airflow/example_dags/example_params_trigger_ui.py
[2025-11-13T17:43:24.440+0000] {logging_mixin.py:190} INFO - [2025-11-13T17:43:24.440+0000] {dag.py:3239} INFO - Sync 1 DAGs
[2025-11-13T17:43:24.459+0000] {logging_mixin.py:190} INFO - [2025-11-13T17:43:24.459+0000] {dag.py:4180} INFO - Setting next_dagrun for example_params_trigger_ui to None, run_after=None
[2025-11-13T17:43:24.485+0000] {processor.py:208} INFO - Processing /home/airflow/.local/lib/python3.12/site-packages/airflow/example_dags/example_params_trigger_ui.py took 0.124 seconds
[2025-11-13T17:43:55.497+0000] {processor.py:186} INFO - Started process (PID=3521) to work on /home/airflow/.local/lib/python3.12/site-packages/airflow/example_dags/example_params_trigger_ui.py
[2025-11-13T17:43:55.499+0000] {processor.py:914} INFO - Processing file /home/airflow/.local/lib/python3.12/site-packages/airflow/example_dags/example_params_trigger_ui.py for tasks to queue
[2025-11-13T17:43:55.504+0000] {logging_mixin.py:190} INFO - [2025-11-13T17:43:55.503+0000] {dagbag.py:588} INFO - Filling up the DagBag from /home/airflow/.local/lib/python3.12/site-packages/airflow/example_dags/example_params_trigger_ui.py
[2025-11-13T17:43:55.520+0000] {processor.py:925} INFO - DAG(s) 'example_params_trigger_ui' retrieved from /home/airflow/.local/lib/python3.12/site-packages/airflow/example_dags/example_params_trigger_ui.py
[2025-11-13T17:43:55.569+0000] {logging_mixin.py:190} INFO - [2025-11-13T17:43:55.568+0000] {dag.py:3239} INFO - Sync 1 DAGs
[2025-11-13T17:43:55.587+0000] {logging_mixin.py:190} INFO - [2025-11-13T17:43:55.587+0000] {dag.py:4180} INFO - Setting next_dagrun for example_params_trigger_ui to None, run_after=None
[2025-11-13T17:43:55.612+0000] {processor.py:208} INFO - Processing /home/airflow/.local/lib/python3.12/site-packages/airflow/example_dags/example_params_trigger_ui.py took 0.123 seconds
[2025-11-13T17:44:27.612+0000] {processor.py:186} INFO - Started process (PID=3586) to work on /home/airflow/.local/lib/python3.12/site-packages/airflow/example_dags/example_params_trigger_ui.py
[2025-11-13T17:44:27.614+0000] {processor.py:914} INFO - Processing file /home/airflow/.local/lib/python3.12/site-packages/airflow/example_dags/example_params_trigger_ui.py for tasks to queue
[2025-11-13T17:44:27.619+0000] {logging_mixin.py:190} INFO - [2025-11-13T17:44:27.618+0000] {dagbag.py:588} INFO - Filling up the DagBag from /home/airflow/.local/lib/python3.12/site-packages/airflow/example_dags/example_params_trigger_ui.py
[2025-11-13T17:44:27.638+0000] {processor.py:925} INFO - DAG(s) 'example_params_trigger_ui' retrieved from /home/airflow/.local/lib/python3.12/site-packages/airflow/example_dags/example_params_trigger_ui.py
[2025-11-13T17:44:27.689+0000] {logging_mixin.py:190} INFO - [2025-11-13T17:44:27.689+0000] {dag.py:3239} INFO - Sync 1 DAGs
[2025-11-13T17:44:27.707+0000] {logging_mixin.py:190} INFO - [2025-11-13T17:44:27.707+0000] {dag.py:4180} INFO - Setting next_dagrun for example_params_trigger_ui to None, run_after=None
[2025-11-13T17:44:27.761+0000] {processor.py:208} INFO - Processing /home/airflow/.local/lib/python3.12/site-packages/airflow/example_dags/example_params_trigger_ui.py took 0.160 seconds
[2025-11-13T17:44:58.490+0000] {processor.py:186} INFO - Started process (PID=3651) to work on /home/airflow/.local/lib/python3.12/site-packages/airflow/example_dags/example_params_trigger_ui.py
[2025-11-13T17:44:58.492+0000] {processor.py:914} INFO - Processing file /home/airflow/.local/lib/python3.12/site-packages/airflow/example_dags/example_params_trigger_ui.py for tasks to queue
[2025-11-13T17:44:58.496+0000] {logging_mixin.py:190} INFO - [2025-11-13T17:44:58.496+0000] {dagbag.py:588} INFO - Filling up the DagBag from /home/airflow/.local/lib/python3.12/site-packages/airflow/example_dags/example_params_trigger_ui.py
[2025-11-13T17:44:58.511+0000] {processor.py:925} INFO - DAG(s) 'example_params_trigger_ui' retrieved from /home/airflow/.local/lib/python3.12/site-packages/airflow/example_dags/example_params_trigger_ui.py
[2025-11-13T17:44:58.563+0000] {logging_mixin.py:190} INFO - [2025-11-13T17:44:58.563+0000] {dag.py:3239} INFO - Sync 1 DAGs
[2025-11-13T17:44:58.580+0000] {logging_mixin.py:190} INFO - [2025-11-13T17:44:58.580+0000] {dag.py:4180} INFO - Setting next_dagrun for example_params_trigger_ui to None, run_after=None
[2025-11-13T17:44:58.604+0000] {processor.py:208} INFO - Processing /home/airflow/.local/lib/python3.12/site-packages/airflow/example_dags/example_params_trigger_ui.py took 0.121 seconds
[2025-11-13T17:45:30.287+0000] {processor.py:186} INFO - Started process (PID=3716) to work on /home/airflow/.local/lib/python3.12/site-packages/airflow/example_dags/example_params_trigger_ui.py
[2025-11-13T17:45:30.289+0000] {processor.py:914} INFO - Processing file /home/airflow/.local/lib/python3.12/site-packages/airflow/example_dags/example_params_trigger_ui.py for tasks to queue
[2025-11-13T17:45:30.293+0000] {logging_mixin.py:190} INFO - [2025-11-13T17:45:30.292+0000] {dagbag.py:588} INFO - Filling up the DagBag from /home/airflow/.local/lib/python3.12/site-packages/airflow/example_dags/example_params_trigger_ui.py
[2025-11-13T17:45:30.308+0000] {processor.py:925} INFO - DAG(s) 'example_params_trigger_ui' retrieved from /home/airflow/.local/lib/python3.12/site-packages/airflow/example_dags/example_params_trigger_ui.py
[2025-11-13T17:45:30.355+0000] {logging_mixin.py:190} INFO - [2025-11-13T17:45:30.355+0000] {dag.py:3239} INFO - Sync 1 DAGs
[2025-11-13T17:45:30.373+0000] {logging_mixin.py:190} INFO - [2025-11-13T17:45:30.372+0000] {dag.py:4180} INFO - Setting next_dagrun for example_params_trigger_ui to None, run_after=None
[2025-11-13T17:45:30.398+0000] {processor.py:208} INFO - Processing /home/airflow/.local/lib/python3.12/site-packages/airflow/example_dags/example_params_trigger_ui.py took 0.119 seconds
[2025-11-13T17:46:01.706+0000] {processor.py:186} INFO - Started process (PID=3787) to work on /home/airflow/.local/lib/python3.12/site-packages/airflow/example_dags/example_params_trigger_ui.py
[2025-11-13T17:46:01.708+0000] {processor.py:914} INFO - Processing file /home/airflow/.local/lib/python3.12/site-packages/airflow/example_dags/example_params_trigger_ui.py for tasks to queue
[2025-11-13T17:46:01.711+0000] {logging_mixin.py:190} INFO - [2025-11-13T17:46:01.711+0000] {dagbag.py:588} INFO - Filling up the DagBag from /home/airflow/.local/lib/python3.12/site-packages/airflow/example_dags/example_params_trigger_ui.py
[2025-11-13T17:46:01.725+0000] {processor.py:925} INFO - DAG(s) 'example_params_trigger_ui' retrieved from /home/airflow/.local/lib/python3.12/site-packages/airflow/example_dags/example_params_trigger_ui.py
[2025-11-13T17:46:01.769+0000] {logging_mixin.py:190} INFO - [2025-11-13T17:46:01.768+0000] {dag.py:3239} INFO - Sync 1 DAGs
[2025-11-13T17:46:01.785+0000] {logging_mixin.py:190} INFO - [2025-11-13T17:46:01.785+0000] {dag.py:4180} INFO - Setting next_dagrun for example_params_trigger_ui to None, run_after=None
[2025-11-13T17:46:01.809+0000] {processor.py:208} INFO - Processing /home/airflow/.local/lib/python3.12/site-packages/airflow/example_dags/example_params_trigger_ui.py took 0.111 seconds
[2025-11-13T17:46:33.890+0000] {processor.py:186} INFO - Started process (PID=3854) to work on /home/airflow/.local/lib/python3.12/site-packages/airflow/example_dags/example_params_trigger_ui.py
[2025-11-13T17:46:33.892+0000] {processor.py:914} INFO - Processing file /home/airflow/.local/lib/python3.12/site-packages/airflow/example_dags/example_params_trigger_ui.py for tasks to queue
[2025-11-13T17:46:33.898+0000] {logging_mixin.py:190} INFO - [2025-11-13T17:46:33.897+0000] {dagbag.py:588} INFO - Filling up the DagBag from /home/airflow/.local/lib/python3.12/site-packages/airflow/example_dags/example_params_trigger_ui.py
[2025-11-13T17:46:33.916+0000] {processor.py:925} INFO - DAG(s) 'example_params_trigger_ui' retrieved from /home/airflow/.local/lib/python3.12/site-packages/airflow/example_dags/example_params_trigger_ui.py
[2025-11-13T17:46:33.983+0000] {logging_mixin.py:190} INFO - [2025-11-13T17:46:33.982+0000] {dag.py:3239} INFO - Sync 1 DAGs
[2025-11-13T17:46:34.006+0000] {logging_mixin.py:190} INFO - [2025-11-13T17:46:34.005+0000] {dag.py:4180} INFO - Setting next_dagrun for example_params_trigger_ui to None, run_after=None
[2025-11-13T17:46:34.036+0000] {processor.py:208} INFO - Processing /home/airflow/.local/lib/python3.12/site-packages/airflow/example_dags/example_params_trigger_ui.py took 0.155 seconds
[2025-11-13T17:47:04.898+0000] {processor.py:186} INFO - Started process (PID=3923) to work on /home/airflow/.local/lib/python3.12/site-packages/airflow/example_dags/example_params_trigger_ui.py
[2025-11-13T17:47:04.901+0000] {processor.py:914} INFO - Processing file /home/airflow/.local/lib/python3.12/site-packages/airflow/example_dags/example_params_trigger_ui.py for tasks to queue
[2025-11-13T17:47:04.904+0000] {logging_mixin.py:190} INFO - [2025-11-13T17:47:04.904+0000] {dagbag.py:588} INFO - Filling up the DagBag from /home/airflow/.local/lib/python3.12/site-packages/airflow/example_dags/example_params_trigger_ui.py
[2025-11-13T17:47:04.919+0000] {processor.py:925} INFO - DAG(s) 'example_params_trigger_ui' retrieved from /home/airflow/.local/lib/python3.12/site-packages/airflow/example_dags/example_params_trigger_ui.py
[2025-11-13T17:47:04.972+0000] {logging_mixin.py:190} INFO - [2025-11-13T17:47:04.972+0000] {dag.py:3239} INFO - Sync 1 DAGs
[2025-11-13T17:47:04.993+0000] {logging_mixin.py:190} INFO - [2025-11-13T17:47:04.992+0000] {dag.py:4180} INFO - Setting next_dagrun for example_params_trigger_ui to None, run_after=None
[2025-11-13T17:47:05.017+0000] {processor.py:208} INFO - Processing /home/airflow/.local/lib/python3.12/site-packages/airflow/example_dags/example_params_trigger_ui.py took 0.127 seconds
[2025-11-13T17:47:36.276+0000] {processor.py:186} INFO - Started process (PID=3989) to work on /home/airflow/.local/lib/python3.12/site-packages/airflow/example_dags/example_params_trigger_ui.py
[2025-11-13T17:47:36.278+0000] {processor.py:914} INFO - Processing file /home/airflow/.local/lib/python3.12/site-packages/airflow/example_dags/example_params_trigger_ui.py for tasks to queue
[2025-11-13T17:47:36.282+0000] {logging_mixin.py:190} INFO - [2025-11-13T17:47:36.282+0000] {dagbag.py:588} INFO - Filling up the DagBag from /home/airflow/.local/lib/python3.12/site-packages/airflow/example_dags/example_params_trigger_ui.py
[2025-11-13T17:47:36.298+0000] {processor.py:925} INFO - DAG(s) 'example_params_trigger_ui' retrieved from /home/airflow/.local/lib/python3.12/site-packages/airflow/example_dags/example_params_trigger_ui.py
[2025-11-13T17:47:36.353+0000] {logging_mixin.py:190} INFO - [2025-11-13T17:47:36.353+0000] {dag.py:3239} INFO - Sync 1 DAGs
[2025-11-13T17:47:36.372+0000] {logging_mixin.py:190} INFO - [2025-11-13T17:47:36.371+0000] {dag.py:4180} INFO - Setting next_dagrun for example_params_trigger_ui to None, run_after=None
[2025-11-13T17:47:36.398+0000] {processor.py:208} INFO - Processing /home/airflow/.local/lib/python3.12/site-packages/airflow/example_dags/example_params_trigger_ui.py took 0.129 seconds
[2025-11-13T17:48:08.510+0000] {processor.py:186} INFO - Started process (PID=4059) to work on /home/airflow/.local/lib/python3.12/site-packages/airflow/example_dags/example_params_trigger_ui.py
[2025-11-13T17:48:08.511+0000] {processor.py:914} INFO - Processing file /home/airflow/.local/lib/python3.12/site-packages/airflow/example_dags/example_params_trigger_ui.py for tasks to queue
[2025-11-13T17:48:08.515+0000] {logging_mixin.py:190} INFO - [2025-11-13T17:48:08.514+0000] {dagbag.py:588} INFO - Filling up the DagBag from /home/airflow/.local/lib/python3.12/site-packages/airflow/example_dags/example_params_trigger_ui.py
[2025-11-13T17:48:08.529+0000] {processor.py:925} INFO - DAG(s) 'example_params_trigger_ui' retrieved from /home/airflow/.local/lib/python3.12/site-packages/airflow/example_dags/example_params_trigger_ui.py
[2025-11-13T17:48:08.577+0000] {logging_mixin.py:190} INFO - [2025-11-13T17:48:08.577+0000] {dag.py:3239} INFO - Sync 1 DAGs
[2025-11-13T17:48:08.597+0000] {logging_mixin.py:190} INFO - [2025-11-13T17:48:08.596+0000] {dag.py:4180} INFO - Setting next_dagrun for example_params_trigger_ui to None, run_after=None
[2025-11-13T17:48:08.653+0000] {processor.py:208} INFO - Processing /home/airflow/.local/lib/python3.12/site-packages/airflow/example_dags/example_params_trigger_ui.py took 0.151 seconds
[2025-11-13T17:48:39.873+0000] {processor.py:186} INFO - Started process (PID=4127) to work on /home/airflow/.local/lib/python3.12/site-packages/airflow/example_dags/example_params_trigger_ui.py
[2025-11-13T17:48:39.875+0000] {processor.py:914} INFO - Processing file /home/airflow/.local/lib/python3.12/site-packages/airflow/example_dags/example_params_trigger_ui.py for tasks to queue
[2025-11-13T17:48:39.879+0000] {logging_mixin.py:190} INFO - [2025-11-13T17:48:39.879+0000] {dagbag.py:588} INFO - Filling up the DagBag from /home/airflow/.local/lib/python3.12/site-packages/airflow/example_dags/example_params_trigger_ui.py
[2025-11-13T17:48:39.895+0000] {processor.py:925} INFO - DAG(s) 'example_params_trigger_ui' retrieved from /home/airflow/.local/lib/python3.12/site-packages/airflow/example_dags/example_params_trigger_ui.py
[2025-11-13T17:48:39.944+0000] {logging_mixin.py:190} INFO - [2025-11-13T17:48:39.944+0000] {dag.py:3239} INFO - Sync 1 DAGs
[2025-11-13T17:48:39.965+0000] {logging_mixin.py:190} INFO - [2025-11-13T17:48:39.965+0000] {dag.py:4180} INFO - Setting next_dagrun for example_params_trigger_ui to None, run_after=None
[2025-11-13T17:48:40.009+0000] {processor.py:208} INFO - Processing /home/airflow/.local/lib/python3.12/site-packages/airflow/example_dags/example_params_trigger_ui.py took 0.144 seconds
[2025-11-13T17:49:11.139+0000] {processor.py:186} INFO - Started process (PID=4194) to work on /home/airflow/.local/lib/python3.12/site-packages/airflow/example_dags/example_params_trigger_ui.py
[2025-11-13T17:49:11.141+0000] {processor.py:914} INFO - Processing file /home/airflow/.local/lib/python3.12/site-packages/airflow/example_dags/example_params_trigger_ui.py for tasks to queue
[2025-11-13T17:49:11.145+0000] {logging_mixin.py:190} INFO - [2025-11-13T17:49:11.144+0000] {dagbag.py:588} INFO - Filling up the DagBag from /home/airflow/.local/lib/python3.12/site-packages/airflow/example_dags/example_params_trigger_ui.py
[2025-11-13T17:49:11.163+0000] {processor.py:925} INFO - DAG(s) 'example_params_trigger_ui' retrieved from /home/airflow/.local/lib/python3.12/site-packages/airflow/example_dags/example_params_trigger_ui.py
[2025-11-13T17:49:11.212+0000] {logging_mixin.py:190} INFO - [2025-11-13T17:49:11.212+0000] {dag.py:3239} INFO - Sync 1 DAGs
[2025-11-13T17:49:11.229+0000] {logging_mixin.py:190} INFO - [2025-11-13T17:49:11.229+0000] {dag.py:4180} INFO - Setting next_dagrun for example_params_trigger_ui to None, run_after=None
[2025-11-13T17:49:11.267+0000] {processor.py:208} INFO - Processing /home/airflow/.local/lib/python3.12/site-packages/airflow/example_dags/example_params_trigger_ui.py took 0.135 seconds
[2025-11-13T17:49:42.204+0000] {processor.py:186} INFO - Started process (PID=4259) to work on /home/airflow/.local/lib/python3.12/site-packages/airflow/example_dags/example_params_trigger_ui.py
[2025-11-13T17:49:42.206+0000] {processor.py:914} INFO - Processing file /home/airflow/.local/lib/python3.12/site-packages/airflow/example_dags/example_params_trigger_ui.py for tasks to queue
[2025-11-13T17:49:42.209+0000] {logging_mixin.py:190} INFO - [2025-11-13T17:49:42.209+0000] {dagbag.py:588} INFO - Filling up the DagBag from /home/airflow/.local/lib/python3.12/site-packages/airflow/example_dags/example_params_trigger_ui.py
[2025-11-13T17:49:42.225+0000] {processor.py:925} INFO - DAG(s) 'example_params_trigger_ui' retrieved from /home/airflow/.local/lib/python3.12/site-packages/airflow/example_dags/example_params_trigger_ui.py
[2025-11-13T17:49:42.281+0000] {logging_mixin.py:190} INFO - [2025-11-13T17:49:42.280+0000] {dag.py:3239} INFO - Sync 1 DAGs
[2025-11-13T17:49:42.299+0000] {logging_mixin.py:190} INFO - [2025-11-13T17:49:42.299+0000] {dag.py:4180} INFO - Setting next_dagrun for example_params_trigger_ui to None, run_after=None
[2025-11-13T17:49:42.325+0000] {processor.py:208} INFO - Processing /home/airflow/.local/lib/python3.12/site-packages/airflow/example_dags/example_params_trigger_ui.py took 0.129 seconds
[2025-11-13T17:50:13.562+0000] {processor.py:186} INFO - Started process (PID=4327) to work on /home/airflow/.local/lib/python3.12/site-packages/airflow/example_dags/example_params_trigger_ui.py
[2025-11-13T17:50:13.564+0000] {processor.py:914} INFO - Processing file /home/airflow/.local/lib/python3.12/site-packages/airflow/example_dags/example_params_trigger_ui.py for tasks to queue
[2025-11-13T17:50:13.568+0000] {logging_mixin.py:190} INFO - [2025-11-13T17:50:13.567+0000] {dagbag.py:588} INFO - Filling up the DagBag from /home/airflow/.local/lib/python3.12/site-packages/airflow/example_dags/example_params_trigger_ui.py
[2025-11-13T17:50:13.583+0000] {processor.py:925} INFO - DAG(s) 'example_params_trigger_ui' retrieved from /home/airflow/.local/lib/python3.12/site-packages/airflow/example_dags/example_params_trigger_ui.py
[2025-11-13T17:50:13.633+0000] {logging_mixin.py:190} INFO - [2025-11-13T17:50:13.633+0000] {dag.py:3239} INFO - Sync 1 DAGs
[2025-11-13T17:50:13.654+0000] {logging_mixin.py:190} INFO - [2025-11-13T17:50:13.653+0000] {dag.py:4180} INFO - Setting next_dagrun for example_params_trigger_ui to None, run_after=None
[2025-11-13T17:50:13.678+0000] {processor.py:208} INFO - Processing /home/airflow/.local/lib/python3.12/site-packages/airflow/example_dags/example_params_trigger_ui.py took 0.124 seconds
[2025-11-13T17:50:45.388+0000] {processor.py:186} INFO - Started process (PID=4402) to work on /home/airflow/.local/lib/python3.12/site-packages/airflow/example_dags/example_params_trigger_ui.py
[2025-11-13T17:50:45.390+0000] {processor.py:914} INFO - Processing file /home/airflow/.local/lib/python3.12/site-packages/airflow/example_dags/example_params_trigger_ui.py for tasks to queue
[2025-11-13T17:50:45.394+0000] {logging_mixin.py:190} INFO - [2025-11-13T17:50:45.393+0000] {dagbag.py:588} INFO - Filling up the DagBag from /home/airflow/.local/lib/python3.12/site-packages/airflow/example_dags/example_params_trigger_ui.py
[2025-11-13T17:50:45.410+0000] {processor.py:925} INFO - DAG(s) 'example_params_trigger_ui' retrieved from /home/airflow/.local/lib/python3.12/site-packages/airflow/example_dags/example_params_trigger_ui.py
[2025-11-13T17:50:45.460+0000] {logging_mixin.py:190} INFO - [2025-11-13T17:50:45.460+0000] {dag.py:3239} INFO - Sync 1 DAGs
[2025-11-13T17:50:45.479+0000] {logging_mixin.py:190} INFO - [2025-11-13T17:50:45.479+0000] {dag.py:4180} INFO - Setting next_dagrun for example_params_trigger_ui to None, run_after=None
[2025-11-13T17:50:45.515+0000] {processor.py:208} INFO - Processing /home/airflow/.local/lib/python3.12/site-packages/airflow/example_dags/example_params_trigger_ui.py took 0.134 seconds
[2025-11-13T17:51:18.249+0000] {processor.py:186} INFO - Started process (PID=4471) to work on /home/airflow/.local/lib/python3.12/site-packages/airflow/example_dags/example_params_trigger_ui.py
[2025-11-13T17:51:18.251+0000] {processor.py:914} INFO - Processing file /home/airflow/.local/lib/python3.12/site-packages/airflow/example_dags/example_params_trigger_ui.py for tasks to queue
[2025-11-13T17:51:18.255+0000] {logging_mixin.py:190} INFO - [2025-11-13T17:51:18.255+0000] {dagbag.py:588} INFO - Filling up the DagBag from /home/airflow/.local/lib/python3.12/site-packages/airflow/example_dags/example_params_trigger_ui.py
[2025-11-13T17:51:18.270+0000] {processor.py:925} INFO - DAG(s) 'example_params_trigger_ui' retrieved from /home/airflow/.local/lib/python3.12/site-packages/airflow/example_dags/example_params_trigger_ui.py
[2025-11-13T17:51:18.506+0000] {logging_mixin.py:190} INFO - [2025-11-13T17:51:18.506+0000] {dag.py:3239} INFO - Sync 1 DAGs
[2025-11-13T17:51:18.520+0000] {logging_mixin.py:190} INFO - [2025-11-13T17:51:18.520+0000] {dag.py:4180} INFO - Setting next_dagrun for example_params_trigger_ui to None, run_after=None
[2025-11-13T17:51:18.540+0000] {processor.py:208} INFO - Processing /home/airflow/.local/lib/python3.12/site-packages/airflow/example_dags/example_params_trigger_ui.py took 0.299 seconds
[2025-11-13T17:51:50.121+0000] {processor.py:186} INFO - Started process (PID=4541) to work on /home/airflow/.local/lib/python3.12/site-packages/airflow/example_dags/example_params_trigger_ui.py
[2025-11-13T17:51:50.123+0000] {processor.py:914} INFO - Processing file /home/airflow/.local/lib/python3.12/site-packages/airflow/example_dags/example_params_trigger_ui.py for tasks to queue
[2025-11-13T17:51:50.127+0000] {logging_mixin.py:190} INFO - [2025-11-13T17:51:50.127+0000] {dagbag.py:588} INFO - Filling up the DagBag from /home/airflow/.local/lib/python3.12/site-packages/airflow/example_dags/example_params_trigger_ui.py
[2025-11-13T17:51:50.144+0000] {processor.py:925} INFO - DAG(s) 'example_params_trigger_ui' retrieved from /home/airflow/.local/lib/python3.12/site-packages/airflow/example_dags/example_params_trigger_ui.py
[2025-11-13T17:51:50.194+0000] {logging_mixin.py:190} INFO - [2025-11-13T17:51:50.194+0000] {dag.py:3239} INFO - Sync 1 DAGs
[2025-11-13T17:51:50.406+0000] {logging_mixin.py:190} INFO - [2025-11-13T17:51:50.406+0000] {dag.py:4180} INFO - Setting next_dagrun for example_params_trigger_ui to None, run_after=None
[2025-11-13T17:51:50.427+0000] {processor.py:208} INFO - Processing /home/airflow/.local/lib/python3.12/site-packages/airflow/example_dags/example_params_trigger_ui.py took 0.313 seconds
[2025-11-13T17:52:20.869+0000] {processor.py:186} INFO - Started process (PID=4606) to work on /home/airflow/.local/lib/python3.12/site-packages/airflow/example_dags/example_params_trigger_ui.py
[2025-11-13T17:52:20.871+0000] {processor.py:914} INFO - Processing file /home/airflow/.local/lib/python3.12/site-packages/airflow/example_dags/example_params_trigger_ui.py for tasks to queue
[2025-11-13T17:52:20.874+0000] {logging_mixin.py:190} INFO - [2025-11-13T17:52:20.873+0000] {dagbag.py:588} INFO - Filling up the DagBag from /home/airflow/.local/lib/python3.12/site-packages/airflow/example_dags/example_params_trigger_ui.py
[2025-11-13T17:52:20.888+0000] {processor.py:925} INFO - DAG(s) 'example_params_trigger_ui' retrieved from /home/airflow/.local/lib/python3.12/site-packages/airflow/example_dags/example_params_trigger_ui.py
[2025-11-13T17:52:20.935+0000] {logging_mixin.py:190} INFO - [2025-11-13T17:52:20.935+0000] {dag.py:3239} INFO - Sync 1 DAGs
[2025-11-13T17:52:20.952+0000] {logging_mixin.py:190} INFO - [2025-11-13T17:52:20.952+0000] {dag.py:4180} INFO - Setting next_dagrun for example_params_trigger_ui to None, run_after=None
[2025-11-13T17:52:20.976+0000] {processor.py:208} INFO - Processing /home/airflow/.local/lib/python3.12/site-packages/airflow/example_dags/example_params_trigger_ui.py took 0.114 seconds
[2025-11-13T17:52:51.715+0000] {processor.py:186} INFO - Started process (PID=4671) to work on /home/airflow/.local/lib/python3.12/site-packages/airflow/example_dags/example_params_trigger_ui.py
[2025-11-13T17:52:51.718+0000] {processor.py:914} INFO - Processing file /home/airflow/.local/lib/python3.12/site-packages/airflow/example_dags/example_params_trigger_ui.py for tasks to queue
[2025-11-13T17:52:51.722+0000] {logging_mixin.py:190} INFO - [2025-11-13T17:52:51.721+0000] {dagbag.py:588} INFO - Filling up the DagBag from /home/airflow/.local/lib/python3.12/site-packages/airflow/example_dags/example_params_trigger_ui.py
[2025-11-13T17:52:51.737+0000] {processor.py:925} INFO - DAG(s) 'example_params_trigger_ui' retrieved from /home/airflow/.local/lib/python3.12/site-packages/airflow/example_dags/example_params_trigger_ui.py
[2025-11-13T17:52:51.793+0000] {logging_mixin.py:190} INFO - [2025-11-13T17:52:51.792+0000] {dag.py:3239} INFO - Sync 1 DAGs
[2025-11-13T17:52:51.813+0000] {logging_mixin.py:190} INFO - [2025-11-13T17:52:51.813+0000] {dag.py:4180} INFO - Setting next_dagrun for example_params_trigger_ui to None, run_after=None
[2025-11-13T17:52:51.843+0000] {processor.py:208} INFO - Processing /home/airflow/.local/lib/python3.12/site-packages/airflow/example_dags/example_params_trigger_ui.py took 0.137 seconds
[2025-11-13T17:53:22.316+0000] {processor.py:186} INFO - Started process (PID=4735) to work on /home/airflow/.local/lib/python3.12/site-packages/airflow/example_dags/example_params_trigger_ui.py
[2025-11-13T17:53:22.318+0000] {processor.py:914} INFO - Processing file /home/airflow/.local/lib/python3.12/site-packages/airflow/example_dags/example_params_trigger_ui.py for tasks to queue
[2025-11-13T17:53:22.322+0000] {logging_mixin.py:190} INFO - [2025-11-13T17:53:22.322+0000] {dagbag.py:588} INFO - Filling up the DagBag from /home/airflow/.local/lib/python3.12/site-packages/airflow/example_dags/example_params_trigger_ui.py
[2025-11-13T17:53:22.339+0000] {processor.py:925} INFO - DAG(s) 'example_params_trigger_ui' retrieved from /home/airflow/.local/lib/python3.12/site-packages/airflow/example_dags/example_params_trigger_ui.py
[2025-11-13T17:53:22.391+0000] {logging_mixin.py:190} INFO - [2025-11-13T17:53:22.391+0000] {dag.py:3239} INFO - Sync 1 DAGs
[2025-11-13T17:53:22.410+0000] {logging_mixin.py:190} INFO - [2025-11-13T17:53:22.410+0000] {dag.py:4180} INFO - Setting next_dagrun for example_params_trigger_ui to None, run_after=None
[2025-11-13T17:53:22.434+0000] {processor.py:208} INFO - Processing /home/airflow/.local/lib/python3.12/site-packages/airflow/example_dags/example_params_trigger_ui.py took 0.125 seconds
[2025-11-13T17:53:53.322+0000] {processor.py:186} INFO - Started process (PID=4800) to work on /home/airflow/.local/lib/python3.12/site-packages/airflow/example_dags/example_params_trigger_ui.py
[2025-11-13T17:53:53.325+0000] {processor.py:914} INFO - Processing file /home/airflow/.local/lib/python3.12/site-packages/airflow/example_dags/example_params_trigger_ui.py for tasks to queue
[2025-11-13T17:53:53.329+0000] {logging_mixin.py:190} INFO - [2025-11-13T17:53:53.329+0000] {dagbag.py:588} INFO - Filling up the DagBag from /home/airflow/.local/lib/python3.12/site-packages/airflow/example_dags/example_params_trigger_ui.py
[2025-11-13T17:53:53.348+0000] {processor.py:925} INFO - DAG(s) 'example_params_trigger_ui' retrieved from /home/airflow/.local/lib/python3.12/site-packages/airflow/example_dags/example_params_trigger_ui.py
[2025-11-13T17:53:53.402+0000] {logging_mixin.py:190} INFO - [2025-11-13T17:53:53.401+0000] {dag.py:3239} INFO - Sync 1 DAGs
[2025-11-13T17:53:53.422+0000] {logging_mixin.py:190} INFO - [2025-11-13T17:53:53.422+0000] {dag.py:4180} INFO - Setting next_dagrun for example_params_trigger_ui to None, run_after=None
[2025-11-13T17:53:53.484+0000] {processor.py:208} INFO - Processing /home/airflow/.local/lib/python3.12/site-packages/airflow/example_dags/example_params_trigger_ui.py took 0.172 seconds
[2025-11-13T17:54:24.629+0000] {processor.py:186} INFO - Started process (PID=4867) to work on /home/airflow/.local/lib/python3.12/site-packages/airflow/example_dags/example_params_trigger_ui.py
[2025-11-13T17:54:24.631+0000] {processor.py:914} INFO - Processing file /home/airflow/.local/lib/python3.12/site-packages/airflow/example_dags/example_params_trigger_ui.py for tasks to queue
[2025-11-13T17:54:24.636+0000] {logging_mixin.py:190} INFO - [2025-11-13T17:54:24.635+0000] {dagbag.py:588} INFO - Filling up the DagBag from /home/airflow/.local/lib/python3.12/site-packages/airflow/example_dags/example_params_trigger_ui.py
[2025-11-13T17:54:24.654+0000] {processor.py:925} INFO - DAG(s) 'example_params_trigger_ui' retrieved from /home/airflow/.local/lib/python3.12/site-packages/airflow/example_dags/example_params_trigger_ui.py
[2025-11-13T17:54:24.705+0000] {logging_mixin.py:190} INFO - [2025-11-13T17:54:24.704+0000] {dag.py:3239} INFO - Sync 1 DAGs
[2025-11-13T17:54:24.724+0000] {logging_mixin.py:190} INFO - [2025-11-13T17:54:24.724+0000] {dag.py:4180} INFO - Setting next_dagrun for example_params_trigger_ui to None, run_after=None
[2025-11-13T17:54:24.773+0000] {processor.py:208} INFO - Processing /home/airflow/.local/lib/python3.12/site-packages/airflow/example_dags/example_params_trigger_ui.py took 0.153 seconds
[2025-11-13T17:54:55.376+0000] {processor.py:186} INFO - Started process (PID=4932) to work on /home/airflow/.local/lib/python3.12/site-packages/airflow/example_dags/example_params_trigger_ui.py
[2025-11-13T17:54:55.378+0000] {processor.py:914} INFO - Processing file /home/airflow/.local/lib/python3.12/site-packages/airflow/example_dags/example_params_trigger_ui.py for tasks to queue
[2025-11-13T17:54:55.382+0000] {logging_mixin.py:190} INFO - [2025-11-13T17:54:55.382+0000] {dagbag.py:588} INFO - Filling up the DagBag from /home/airflow/.local/lib/python3.12/site-packages/airflow/example_dags/example_params_trigger_ui.py
[2025-11-13T17:54:55.400+0000] {processor.py:925} INFO - DAG(s) 'example_params_trigger_ui' retrieved from /home/airflow/.local/lib/python3.12/site-packages/airflow/example_dags/example_params_trigger_ui.py
[2025-11-13T17:54:55.451+0000] {logging_mixin.py:190} INFO - [2025-11-13T17:54:55.451+0000] {dag.py:3239} INFO - Sync 1 DAGs
[2025-11-13T17:54:55.471+0000] {logging_mixin.py:190} INFO - [2025-11-13T17:54:55.471+0000] {dag.py:4180} INFO - Setting next_dagrun for example_params_trigger_ui to None, run_after=None
[2025-11-13T17:54:55.497+0000] {processor.py:208} INFO - Processing /home/airflow/.local/lib/python3.12/site-packages/airflow/example_dags/example_params_trigger_ui.py took 0.131 seconds
[2025-11-13T17:55:26.183+0000] {processor.py:186} INFO - Started process (PID=4998) to work on /home/airflow/.local/lib/python3.12/site-packages/airflow/example_dags/example_params_trigger_ui.py
[2025-11-13T17:55:26.185+0000] {processor.py:914} INFO - Processing file /home/airflow/.local/lib/python3.12/site-packages/airflow/example_dags/example_params_trigger_ui.py for tasks to queue
[2025-11-13T17:55:26.189+0000] {logging_mixin.py:190} INFO - [2025-11-13T17:55:26.188+0000] {dagbag.py:588} INFO - Filling up the DagBag from /home/airflow/.local/lib/python3.12/site-packages/airflow/example_dags/example_params_trigger_ui.py
[2025-11-13T17:55:26.204+0000] {processor.py:925} INFO - DAG(s) 'example_params_trigger_ui' retrieved from /home/airflow/.local/lib/python3.12/site-packages/airflow/example_dags/example_params_trigger_ui.py
[2025-11-13T17:55:26.255+0000] {logging_mixin.py:190} INFO - [2025-11-13T17:55:26.255+0000] {dag.py:3239} INFO - Sync 1 DAGs
[2025-11-13T17:55:26.275+0000] {logging_mixin.py:190} INFO - [2025-11-13T17:55:26.274+0000] {dag.py:4180} INFO - Setting next_dagrun for example_params_trigger_ui to None, run_after=None
[2025-11-13T17:55:26.317+0000] {processor.py:208} INFO - Processing /home/airflow/.local/lib/python3.12/site-packages/airflow/example_dags/example_params_trigger_ui.py took 0.142 seconds
[2025-11-13T17:55:56.498+0000] {processor.py:186} INFO - Started process (PID=5063) to work on /home/airflow/.local/lib/python3.12/site-packages/airflow/example_dags/example_params_trigger_ui.py
[2025-11-13T17:55:56.500+0000] {processor.py:914} INFO - Processing file /home/airflow/.local/lib/python3.12/site-packages/airflow/example_dags/example_params_trigger_ui.py for tasks to queue
[2025-11-13T17:55:56.504+0000] {logging_mixin.py:190} INFO - [2025-11-13T17:55:56.503+0000] {dagbag.py:588} INFO - Filling up the DagBag from /home/airflow/.local/lib/python3.12/site-packages/airflow/example_dags/example_params_trigger_ui.py
[2025-11-13T17:55:56.520+0000] {processor.py:925} INFO - DAG(s) 'example_params_trigger_ui' retrieved from /home/airflow/.local/lib/python3.12/site-packages/airflow/example_dags/example_params_trigger_ui.py
[2025-11-13T17:55:56.571+0000] {logging_mixin.py:190} INFO - [2025-11-13T17:55:56.571+0000] {dag.py:3239} INFO - Sync 1 DAGs
[2025-11-13T17:55:56.591+0000] {logging_mixin.py:190} INFO - [2025-11-13T17:55:56.590+0000] {dag.py:4180} INFO - Setting next_dagrun for example_params_trigger_ui to None, run_after=None
[2025-11-13T17:55:56.650+0000] {processor.py:208} INFO - Processing /home/airflow/.local/lib/python3.12/site-packages/airflow/example_dags/example_params_trigger_ui.py took 0.160 seconds
[2025-11-13T17:56:26.803+0000] {processor.py:186} INFO - Started process (PID=5133) to work on /home/airflow/.local/lib/python3.12/site-packages/airflow/example_dags/example_params_trigger_ui.py
[2025-11-13T17:56:26.805+0000] {processor.py:914} INFO - Processing file /home/airflow/.local/lib/python3.12/site-packages/airflow/example_dags/example_params_trigger_ui.py for tasks to queue
[2025-11-13T17:56:26.809+0000] {logging_mixin.py:190} INFO - [2025-11-13T17:56:26.809+0000] {dagbag.py:588} INFO - Filling up the DagBag from /home/airflow/.local/lib/python3.12/site-packages/airflow/example_dags/example_params_trigger_ui.py
[2025-11-13T17:56:26.826+0000] {processor.py:925} INFO - DAG(s) 'example_params_trigger_ui' retrieved from /home/airflow/.local/lib/python3.12/site-packages/airflow/example_dags/example_params_trigger_ui.py
[2025-11-13T17:56:26.878+0000] {logging_mixin.py:190} INFO - [2025-11-13T17:56:26.877+0000] {dag.py:3239} INFO - Sync 1 DAGs
[2025-11-13T17:56:26.897+0000] {logging_mixin.py:190} INFO - [2025-11-13T17:56:26.897+0000] {dag.py:4180} INFO - Setting next_dagrun for example_params_trigger_ui to None, run_after=None
[2025-11-13T17:56:26.921+0000] {processor.py:208} INFO - Processing /home/airflow/.local/lib/python3.12/site-packages/airflow/example_dags/example_params_trigger_ui.py took 0.127 seconds
[2025-11-13T17:56:56.565+0000] {processor.py:186} INFO - Started process (PID=5199) to work on /home/airflow/.local/lib/python3.12/site-packages/airflow/example_dags/example_params_trigger_ui.py
[2025-11-13T17:56:56.567+0000] {processor.py:914} INFO - Processing file /home/airflow/.local/lib/python3.12/site-packages/airflow/example_dags/example_params_trigger_ui.py for tasks to queue
[2025-11-13T17:56:56.571+0000] {logging_mixin.py:190} INFO - [2025-11-13T17:56:56.570+0000] {dagbag.py:588} INFO - Filling up the DagBag from /home/airflow/.local/lib/python3.12/site-packages/airflow/example_dags/example_params_trigger_ui.py
[2025-11-13T17:56:56.584+0000] {processor.py:925} INFO - DAG(s) 'example_params_trigger_ui' retrieved from /home/airflow/.local/lib/python3.12/site-packages/airflow/example_dags/example_params_trigger_ui.py
[2025-11-13T17:56:56.632+0000] {logging_mixin.py:190} INFO - [2025-11-13T17:56:56.632+0000] {dag.py:3239} INFO - Sync 1 DAGs
[2025-11-13T17:56:56.650+0000] {logging_mixin.py:190} INFO - [2025-11-13T17:56:56.650+0000] {dag.py:4180} INFO - Setting next_dagrun for example_params_trigger_ui to None, run_after=None
[2025-11-13T17:56:56.693+0000] {processor.py:208} INFO - Processing /home/airflow/.local/lib/python3.12/site-packages/airflow/example_dags/example_params_trigger_ui.py took 0.136 seconds
[2025-11-13T17:57:28.626+0000] {processor.py:186} INFO - Started process (PID=5263) to work on /home/airflow/.local/lib/python3.12/site-packages/airflow/example_dags/example_params_trigger_ui.py
[2025-11-13T17:57:28.635+0000] {processor.py:914} INFO - Processing file /home/airflow/.local/lib/python3.12/site-packages/airflow/example_dags/example_params_trigger_ui.py for tasks to queue
[2025-11-13T17:57:28.637+0000] {logging_mixin.py:190} INFO - [2025-11-13T17:57:28.637+0000] {dagbag.py:588} INFO - Filling up the DagBag from /home/airflow/.local/lib/python3.12/site-packages/airflow/example_dags/example_params_trigger_ui.py
[2025-11-13T17:57:28.646+0000] {processor.py:925} INFO - DAG(s) 'example_params_trigger_ui' retrieved from /home/airflow/.local/lib/python3.12/site-packages/airflow/example_dags/example_params_trigger_ui.py
[2025-11-13T17:57:28.679+0000] {logging_mixin.py:190} INFO - [2025-11-13T17:57:28.678+0000] {dag.py:3239} INFO - Sync 1 DAGs
[2025-11-13T17:57:28.695+0000] {logging_mixin.py:190} INFO - [2025-11-13T17:57:28.695+0000] {dag.py:4180} INFO - Setting next_dagrun for example_params_trigger_ui to None, run_after=None
[2025-11-13T17:57:28.710+0000] {processor.py:208} INFO - Processing /home/airflow/.local/lib/python3.12/site-packages/airflow/example_dags/example_params_trigger_ui.py took 0.088 seconds
[2025-11-13T17:57:59.684+0000] {processor.py:186} INFO - Started process (PID=5328) to work on /home/airflow/.local/lib/python3.12/site-packages/airflow/example_dags/example_params_trigger_ui.py
[2025-11-13T17:57:59.685+0000] {processor.py:914} INFO - Processing file /home/airflow/.local/lib/python3.12/site-packages/airflow/example_dags/example_params_trigger_ui.py for tasks to queue
[2025-11-13T17:57:59.687+0000] {logging_mixin.py:190} INFO - [2025-11-13T17:57:59.687+0000] {dagbag.py:588} INFO - Filling up the DagBag from /home/airflow/.local/lib/python3.12/site-packages/airflow/example_dags/example_params_trigger_ui.py
[2025-11-13T17:57:59.696+0000] {processor.py:925} INFO - DAG(s) 'example_params_trigger_ui' retrieved from /home/airflow/.local/lib/python3.12/site-packages/airflow/example_dags/example_params_trigger_ui.py
[2025-11-13T17:57:59.722+0000] {logging_mixin.py:190} INFO - [2025-11-13T17:57:59.722+0000] {dag.py:3239} INFO - Sync 1 DAGs
[2025-11-13T17:57:59.732+0000] {logging_mixin.py:190} INFO - [2025-11-13T17:57:59.732+0000] {dag.py:4180} INFO - Setting next_dagrun for example_params_trigger_ui to None, run_after=None
[2025-11-13T17:57:59.752+0000] {processor.py:208} INFO - Processing /home/airflow/.local/lib/python3.12/site-packages/airflow/example_dags/example_params_trigger_ui.py took 0.072 seconds
[2025-11-13T17:58:30.839+0000] {processor.py:186} INFO - Started process (PID=5395) to work on /home/airflow/.local/lib/python3.12/site-packages/airflow/example_dags/example_params_trigger_ui.py
[2025-11-13T17:58:30.841+0000] {processor.py:914} INFO - Processing file /home/airflow/.local/lib/python3.12/site-packages/airflow/example_dags/example_params_trigger_ui.py for tasks to queue
[2025-11-13T17:58:30.843+0000] {logging_mixin.py:190} INFO - [2025-11-13T17:58:30.843+0000] {dagbag.py:588} INFO - Filling up the DagBag from /home/airflow/.local/lib/python3.12/site-packages/airflow/example_dags/example_params_trigger_ui.py
[2025-11-13T17:58:30.852+0000] {processor.py:925} INFO - DAG(s) 'example_params_trigger_ui' retrieved from /home/airflow/.local/lib/python3.12/site-packages/airflow/example_dags/example_params_trigger_ui.py
[2025-11-13T17:58:30.881+0000] {logging_mixin.py:190} INFO - [2025-11-13T17:58:30.881+0000] {dag.py:3239} INFO - Sync 1 DAGs
[2025-11-13T17:58:30.892+0000] {logging_mixin.py:190} INFO - [2025-11-13T17:58:30.892+0000] {dag.py:4180} INFO - Setting next_dagrun for example_params_trigger_ui to None, run_after=None
[2025-11-13T17:58:30.906+0000] {processor.py:208} INFO - Processing /home/airflow/.local/lib/python3.12/site-packages/airflow/example_dags/example_params_trigger_ui.py took 0.071 seconds
[2025-11-13T17:59:01.821+0000] {processor.py:186} INFO - Started process (PID=5460) to work on /home/airflow/.local/lib/python3.12/site-packages/airflow/example_dags/example_params_trigger_ui.py
[2025-11-13T17:59:01.822+0000] {processor.py:914} INFO - Processing file /home/airflow/.local/lib/python3.12/site-packages/airflow/example_dags/example_params_trigger_ui.py for tasks to queue
[2025-11-13T17:59:01.824+0000] {logging_mixin.py:190} INFO - [2025-11-13T17:59:01.824+0000] {dagbag.py:588} INFO - Filling up the DagBag from /home/airflow/.local/lib/python3.12/site-packages/airflow/example_dags/example_params_trigger_ui.py
[2025-11-13T17:59:01.833+0000] {processor.py:925} INFO - DAG(s) 'example_params_trigger_ui' retrieved from /home/airflow/.local/lib/python3.12/site-packages/airflow/example_dags/example_params_trigger_ui.py
[2025-11-13T17:59:01.859+0000] {logging_mixin.py:190} INFO - [2025-11-13T17:59:01.859+0000] {dag.py:3239} INFO - Sync 1 DAGs
[2025-11-13T17:59:01.869+0000] {logging_mixin.py:190} INFO - [2025-11-13T17:59:01.869+0000] {dag.py:4180} INFO - Setting next_dagrun for example_params_trigger_ui to None, run_after=None
[2025-11-13T17:59:01.882+0000] {processor.py:208} INFO - Processing /home/airflow/.local/lib/python3.12/site-packages/airflow/example_dags/example_params_trigger_ui.py took 0.065 seconds
[2025-11-13T17:59:33.164+0000] {processor.py:186} INFO - Started process (PID=5525) to work on /home/airflow/.local/lib/python3.12/site-packages/airflow/example_dags/example_params_trigger_ui.py
[2025-11-13T17:59:33.166+0000] {processor.py:914} INFO - Processing file /home/airflow/.local/lib/python3.12/site-packages/airflow/example_dags/example_params_trigger_ui.py for tasks to queue
[2025-11-13T17:59:33.169+0000] {logging_mixin.py:190} INFO - [2025-11-13T17:59:33.169+0000] {dagbag.py:588} INFO - Filling up the DagBag from /home/airflow/.local/lib/python3.12/site-packages/airflow/example_dags/example_params_trigger_ui.py
[2025-11-13T17:59:33.178+0000] {processor.py:925} INFO - DAG(s) 'example_params_trigger_ui' retrieved from /home/airflow/.local/lib/python3.12/site-packages/airflow/example_dags/example_params_trigger_ui.py
[2025-11-13T17:59:33.209+0000] {logging_mixin.py:190} INFO - [2025-11-13T17:59:33.208+0000] {dag.py:3239} INFO - Sync 1 DAGs
[2025-11-13T17:59:33.220+0000] {logging_mixin.py:190} INFO - [2025-11-13T17:59:33.220+0000] {dag.py:4180} INFO - Setting next_dagrun for example_params_trigger_ui to None, run_after=None
[2025-11-13T17:59:33.236+0000] {processor.py:208} INFO - Processing /home/airflow/.local/lib/python3.12/site-packages/airflow/example_dags/example_params_trigger_ui.py took 0.078 seconds
[2025-11-13T18:00:03.561+0000] {processor.py:186} INFO - Started process (PID=5590) to work on /home/airflow/.local/lib/python3.12/site-packages/airflow/example_dags/example_params_trigger_ui.py
[2025-11-13T18:00:03.562+0000] {processor.py:914} INFO - Processing file /home/airflow/.local/lib/python3.12/site-packages/airflow/example_dags/example_params_trigger_ui.py for tasks to queue
[2025-11-13T18:00:03.564+0000] {logging_mixin.py:190} INFO - [2025-11-13T18:00:03.564+0000] {dagbag.py:588} INFO - Filling up the DagBag from /home/airflow/.local/lib/python3.12/site-packages/airflow/example_dags/example_params_trigger_ui.py
[2025-11-13T18:00:03.573+0000] {processor.py:925} INFO - DAG(s) 'example_params_trigger_ui' retrieved from /home/airflow/.local/lib/python3.12/site-packages/airflow/example_dags/example_params_trigger_ui.py
[2025-11-13T18:00:03.600+0000] {logging_mixin.py:190} INFO - [2025-11-13T18:00:03.600+0000] {dag.py:3239} INFO - Sync 1 DAGs
[2025-11-13T18:00:03.610+0000] {logging_mixin.py:190} INFO - [2025-11-13T18:00:03.610+0000] {dag.py:4180} INFO - Setting next_dagrun for example_params_trigger_ui to None, run_after=None
[2025-11-13T18:00:03.625+0000] {processor.py:208} INFO - Processing /home/airflow/.local/lib/python3.12/site-packages/airflow/example_dags/example_params_trigger_ui.py took 0.068 seconds
[2025-11-13T18:00:35.069+0000] {processor.py:186} INFO - Started process (PID=5655) to work on /home/airflow/.local/lib/python3.12/site-packages/airflow/example_dags/example_params_trigger_ui.py
[2025-11-13T18:00:35.076+0000] {processor.py:914} INFO - Processing file /home/airflow/.local/lib/python3.12/site-packages/airflow/example_dags/example_params_trigger_ui.py for tasks to queue
[2025-11-13T18:00:35.078+0000] {logging_mixin.py:190} INFO - [2025-11-13T18:00:35.078+0000] {dagbag.py:588} INFO - Filling up the DagBag from /home/airflow/.local/lib/python3.12/site-packages/airflow/example_dags/example_params_trigger_ui.py
[2025-11-13T18:00:35.087+0000] {processor.py:925} INFO - DAG(s) 'example_params_trigger_ui' retrieved from /home/airflow/.local/lib/python3.12/site-packages/airflow/example_dags/example_params_trigger_ui.py
[2025-11-13T18:00:35.118+0000] {logging_mixin.py:190} INFO - [2025-11-13T18:00:35.118+0000] {dag.py:3239} INFO - Sync 1 DAGs
[2025-11-13T18:00:35.130+0000] {logging_mixin.py:190} INFO - [2025-11-13T18:00:35.129+0000] {dag.py:4180} INFO - Setting next_dagrun for example_params_trigger_ui to None, run_after=None
[2025-11-13T18:00:35.144+0000] {processor.py:208} INFO - Processing /home/airflow/.local/lib/python3.12/site-packages/airflow/example_dags/example_params_trigger_ui.py took 0.080 seconds
[2025-11-13T18:01:06.442+0000] {processor.py:186} INFO - Started process (PID=5721) to work on /home/airflow/.local/lib/python3.12/site-packages/airflow/example_dags/example_params_trigger_ui.py
[2025-11-13T18:01:06.443+0000] {processor.py:914} INFO - Processing file /home/airflow/.local/lib/python3.12/site-packages/airflow/example_dags/example_params_trigger_ui.py for tasks to queue
[2025-11-13T18:01:06.445+0000] {logging_mixin.py:190} INFO - [2025-11-13T18:01:06.445+0000] {dagbag.py:588} INFO - Filling up the DagBag from /home/airflow/.local/lib/python3.12/site-packages/airflow/example_dags/example_params_trigger_ui.py
[2025-11-13T18:01:06.455+0000] {processor.py:925} INFO - DAG(s) 'example_params_trigger_ui' retrieved from /home/airflow/.local/lib/python3.12/site-packages/airflow/example_dags/example_params_trigger_ui.py
[2025-11-13T18:01:06.483+0000] {logging_mixin.py:190} INFO - [2025-11-13T18:01:06.483+0000] {dag.py:3239} INFO - Sync 1 DAGs
[2025-11-13T18:01:06.495+0000] {logging_mixin.py:190} INFO - [2025-11-13T18:01:06.495+0000] {dag.py:4180} INFO - Setting next_dagrun for example_params_trigger_ui to None, run_after=None
[2025-11-13T18:01:06.511+0000] {processor.py:208} INFO - Processing /home/airflow/.local/lib/python3.12/site-packages/airflow/example_dags/example_params_trigger_ui.py took 0.074 seconds
[2025-11-13T18:01:38.149+0000] {processor.py:186} INFO - Started process (PID=5796) to work on /home/airflow/.local/lib/python3.12/site-packages/airflow/example_dags/example_params_trigger_ui.py
[2025-11-13T18:01:38.150+0000] {processor.py:914} INFO - Processing file /home/airflow/.local/lib/python3.12/site-packages/airflow/example_dags/example_params_trigger_ui.py for tasks to queue
[2025-11-13T18:01:38.153+0000] {logging_mixin.py:190} INFO - [2025-11-13T18:01:38.152+0000] {dagbag.py:588} INFO - Filling up the DagBag from /home/airflow/.local/lib/python3.12/site-packages/airflow/example_dags/example_params_trigger_ui.py
[2025-11-13T18:01:38.162+0000] {processor.py:925} INFO - DAG(s) 'example_params_trigger_ui' retrieved from /home/airflow/.local/lib/python3.12/site-packages/airflow/example_dags/example_params_trigger_ui.py
[2025-11-13T18:01:38.192+0000] {logging_mixin.py:190} INFO - [2025-11-13T18:01:38.192+0000] {dag.py:3239} INFO - Sync 1 DAGs
[2025-11-13T18:01:38.203+0000] {logging_mixin.py:190} INFO - [2025-11-13T18:01:38.203+0000] {dag.py:4180} INFO - Setting next_dagrun for example_params_trigger_ui to None, run_after=None
[2025-11-13T18:01:38.219+0000] {processor.py:208} INFO - Processing /home/airflow/.local/lib/python3.12/site-packages/airflow/example_dags/example_params_trigger_ui.py took 0.075 seconds
[2025-11-13T18:02:08.326+0000] {processor.py:186} INFO - Started process (PID=5861) to work on /home/airflow/.local/lib/python3.12/site-packages/airflow/example_dags/example_params_trigger_ui.py
[2025-11-13T18:02:08.327+0000] {processor.py:914} INFO - Processing file /home/airflow/.local/lib/python3.12/site-packages/airflow/example_dags/example_params_trigger_ui.py for tasks to queue
[2025-11-13T18:02:08.329+0000] {logging_mixin.py:190} INFO - [2025-11-13T18:02:08.329+0000] {dagbag.py:588} INFO - Filling up the DagBag from /home/airflow/.local/lib/python3.12/site-packages/airflow/example_dags/example_params_trigger_ui.py
[2025-11-13T18:02:08.338+0000] {processor.py:925} INFO - DAG(s) 'example_params_trigger_ui' retrieved from /home/airflow/.local/lib/python3.12/site-packages/airflow/example_dags/example_params_trigger_ui.py
[2025-11-13T18:02:08.365+0000] {logging_mixin.py:190} INFO - [2025-11-13T18:02:08.365+0000] {dag.py:3239} INFO - Sync 1 DAGs
[2025-11-13T18:02:08.375+0000] {logging_mixin.py:190} INFO - [2025-11-13T18:02:08.375+0000] {dag.py:4180} INFO - Setting next_dagrun for example_params_trigger_ui to None, run_after=None
[2025-11-13T18:02:08.388+0000] {processor.py:208} INFO - Processing /home/airflow/.local/lib/python3.12/site-packages/airflow/example_dags/example_params_trigger_ui.py took 0.066 seconds
[2025-11-13T18:02:38.719+0000] {processor.py:186} INFO - Started process (PID=5925) to work on /home/airflow/.local/lib/python3.12/site-packages/airflow/example_dags/example_params_trigger_ui.py
[2025-11-13T18:02:38.720+0000] {processor.py:914} INFO - Processing file /home/airflow/.local/lib/python3.12/site-packages/airflow/example_dags/example_params_trigger_ui.py for tasks to queue
[2025-11-13T18:02:38.722+0000] {logging_mixin.py:190} INFO - [2025-11-13T18:02:38.722+0000] {dagbag.py:588} INFO - Filling up the DagBag from /home/airflow/.local/lib/python3.12/site-packages/airflow/example_dags/example_params_trigger_ui.py
[2025-11-13T18:02:38.731+0000] {processor.py:925} INFO - DAG(s) 'example_params_trigger_ui' retrieved from /home/airflow/.local/lib/python3.12/site-packages/airflow/example_dags/example_params_trigger_ui.py
[2025-11-13T18:02:38.758+0000] {logging_mixin.py:190} INFO - [2025-11-13T18:02:38.758+0000] {dag.py:3239} INFO - Sync 1 DAGs
[2025-11-13T18:02:38.768+0000] {logging_mixin.py:190} INFO - [2025-11-13T18:02:38.768+0000] {dag.py:4180} INFO - Setting next_dagrun for example_params_trigger_ui to None, run_after=None
[2025-11-13T18:02:38.780+0000] {processor.py:208} INFO - Processing /home/airflow/.local/lib/python3.12/site-packages/airflow/example_dags/example_params_trigger_ui.py took 0.066 seconds
[2025-11-13T18:03:09.215+0000] {processor.py:186} INFO - Started process (PID=5990) to work on /home/airflow/.local/lib/python3.12/site-packages/airflow/example_dags/example_params_trigger_ui.py
[2025-11-13T18:03:09.216+0000] {processor.py:914} INFO - Processing file /home/airflow/.local/lib/python3.12/site-packages/airflow/example_dags/example_params_trigger_ui.py for tasks to queue
[2025-11-13T18:03:09.219+0000] {logging_mixin.py:190} INFO - [2025-11-13T18:03:09.218+0000] {dagbag.py:588} INFO - Filling up the DagBag from /home/airflow/.local/lib/python3.12/site-packages/airflow/example_dags/example_params_trigger_ui.py
[2025-11-13T18:03:09.228+0000] {processor.py:925} INFO - DAG(s) 'example_params_trigger_ui' retrieved from /home/airflow/.local/lib/python3.12/site-packages/airflow/example_dags/example_params_trigger_ui.py
[2025-11-13T18:03:09.258+0000] {logging_mixin.py:190} INFO - [2025-11-13T18:03:09.257+0000] {dag.py:3239} INFO - Sync 1 DAGs
[2025-11-13T18:03:09.269+0000] {logging_mixin.py:190} INFO - [2025-11-13T18:03:09.268+0000] {dag.py:4180} INFO - Setting next_dagrun for example_params_trigger_ui to None, run_after=None
[2025-11-13T18:03:09.283+0000] {processor.py:208} INFO - Processing /home/airflow/.local/lib/python3.12/site-packages/airflow/example_dags/example_params_trigger_ui.py took 0.073 seconds
[2025-11-13T18:03:40.756+0000] {processor.py:186} INFO - Started process (PID=6056) to work on /home/airflow/.local/lib/python3.12/site-packages/airflow/example_dags/example_params_trigger_ui.py
[2025-11-13T18:03:40.757+0000] {processor.py:914} INFO - Processing file /home/airflow/.local/lib/python3.12/site-packages/airflow/example_dags/example_params_trigger_ui.py for tasks to queue
[2025-11-13T18:03:40.759+0000] {logging_mixin.py:190} INFO - [2025-11-13T18:03:40.759+0000] {dagbag.py:588} INFO - Filling up the DagBag from /home/airflow/.local/lib/python3.12/site-packages/airflow/example_dags/example_params_trigger_ui.py
[2025-11-13T18:03:40.768+0000] {processor.py:925} INFO - DAG(s) 'example_params_trigger_ui' retrieved from /home/airflow/.local/lib/python3.12/site-packages/airflow/example_dags/example_params_trigger_ui.py
[2025-11-13T18:03:40.796+0000] {logging_mixin.py:190} INFO - [2025-11-13T18:03:40.796+0000] {dag.py:3239} INFO - Sync 1 DAGs
[2025-11-13T18:03:40.808+0000] {logging_mixin.py:190} INFO - [2025-11-13T18:03:40.808+0000] {dag.py:4180} INFO - Setting next_dagrun for example_params_trigger_ui to None, run_after=None
[2025-11-13T18:03:40.824+0000] {processor.py:208} INFO - Processing /home/airflow/.local/lib/python3.12/site-packages/airflow/example_dags/example_params_trigger_ui.py took 0.072 seconds
[2025-11-13T18:04:11.819+0000] {processor.py:186} INFO - Started process (PID=6121) to work on /home/airflow/.local/lib/python3.12/site-packages/airflow/example_dags/example_params_trigger_ui.py
[2025-11-13T18:04:11.821+0000] {processor.py:914} INFO - Processing file /home/airflow/.local/lib/python3.12/site-packages/airflow/example_dags/example_params_trigger_ui.py for tasks to queue
[2025-11-13T18:04:11.823+0000] {logging_mixin.py:190} INFO - [2025-11-13T18:04:11.823+0000] {dagbag.py:588} INFO - Filling up the DagBag from /home/airflow/.local/lib/python3.12/site-packages/airflow/example_dags/example_params_trigger_ui.py
[2025-11-13T18:04:11.832+0000] {processor.py:925} INFO - DAG(s) 'example_params_trigger_ui' retrieved from /home/airflow/.local/lib/python3.12/site-packages/airflow/example_dags/example_params_trigger_ui.py
[2025-11-13T18:04:11.860+0000] {logging_mixin.py:190} INFO - [2025-11-13T18:04:11.860+0000] {dag.py:3239} INFO - Sync 1 DAGs
[2025-11-13T18:04:11.871+0000] {logging_mixin.py:190} INFO - [2025-11-13T18:04:11.871+0000] {dag.py:4180} INFO - Setting next_dagrun for example_params_trigger_ui to None, run_after=None
[2025-11-13T18:04:11.885+0000] {processor.py:208} INFO - Processing /home/airflow/.local/lib/python3.12/site-packages/airflow/example_dags/example_params_trigger_ui.py took 0.071 seconds
[2025-11-13T18:04:43.147+0000] {processor.py:186} INFO - Started process (PID=6185) to work on /home/airflow/.local/lib/python3.12/site-packages/airflow/example_dags/example_params_trigger_ui.py
[2025-11-13T18:04:43.148+0000] {processor.py:914} INFO - Processing file /home/airflow/.local/lib/python3.12/site-packages/airflow/example_dags/example_params_trigger_ui.py for tasks to queue
[2025-11-13T18:04:43.150+0000] {logging_mixin.py:190} INFO - [2025-11-13T18:04:43.150+0000] {dagbag.py:588} INFO - Filling up the DagBag from /home/airflow/.local/lib/python3.12/site-packages/airflow/example_dags/example_params_trigger_ui.py
[2025-11-13T18:04:43.160+0000] {processor.py:925} INFO - DAG(s) 'example_params_trigger_ui' retrieved from /home/airflow/.local/lib/python3.12/site-packages/airflow/example_dags/example_params_trigger_ui.py
[2025-11-13T18:04:43.191+0000] {logging_mixin.py:190} INFO - [2025-11-13T18:04:43.191+0000] {dag.py:3239} INFO - Sync 1 DAGs
[2025-11-13T18:04:43.204+0000] {logging_mixin.py:190} INFO - [2025-11-13T18:04:43.204+0000] {dag.py:4180} INFO - Setting next_dagrun for example_params_trigger_ui to None, run_after=None
[2025-11-13T18:04:43.221+0000] {processor.py:208} INFO - Processing /home/airflow/.local/lib/python3.12/site-packages/airflow/example_dags/example_params_trigger_ui.py took 0.079 seconds
[2025-11-13T18:05:14.513+0000] {processor.py:186} INFO - Started process (PID=6250) to work on /home/airflow/.local/lib/python3.12/site-packages/airflow/example_dags/example_params_trigger_ui.py
[2025-11-13T18:05:14.515+0000] {processor.py:914} INFO - Processing file /home/airflow/.local/lib/python3.12/site-packages/airflow/example_dags/example_params_trigger_ui.py for tasks to queue
[2025-11-13T18:05:14.518+0000] {logging_mixin.py:190} INFO - [2025-11-13T18:05:14.517+0000] {dagbag.py:588} INFO - Filling up the DagBag from /home/airflow/.local/lib/python3.12/site-packages/airflow/example_dags/example_params_trigger_ui.py
[2025-11-13T18:05:14.529+0000] {processor.py:925} INFO - DAG(s) 'example_params_trigger_ui' retrieved from /home/airflow/.local/lib/python3.12/site-packages/airflow/example_dags/example_params_trigger_ui.py
[2025-11-13T18:05:14.564+0000] {logging_mixin.py:190} INFO - [2025-11-13T18:05:14.564+0000] {dag.py:3239} INFO - Sync 1 DAGs
[2025-11-13T18:05:14.577+0000] {logging_mixin.py:190} INFO - [2025-11-13T18:05:14.576+0000] {dag.py:4180} INFO - Setting next_dagrun for example_params_trigger_ui to None, run_after=None
[2025-11-13T18:05:14.595+0000] {processor.py:208} INFO - Processing /home/airflow/.local/lib/python3.12/site-packages/airflow/example_dags/example_params_trigger_ui.py took 0.088 seconds
[2025-11-13T18:05:45.673+0000] {processor.py:186} INFO - Started process (PID=6315) to work on /home/airflow/.local/lib/python3.12/site-packages/airflow/example_dags/example_params_trigger_ui.py
[2025-11-13T18:05:45.674+0000] {processor.py:914} INFO - Processing file /home/airflow/.local/lib/python3.12/site-packages/airflow/example_dags/example_params_trigger_ui.py for tasks to queue
[2025-11-13T18:05:45.676+0000] {logging_mixin.py:190} INFO - [2025-11-13T18:05:45.676+0000] {dagbag.py:588} INFO - Filling up the DagBag from /home/airflow/.local/lib/python3.12/site-packages/airflow/example_dags/example_params_trigger_ui.py
[2025-11-13T18:05:45.686+0000] {processor.py:925} INFO - DAG(s) 'example_params_trigger_ui' retrieved from /home/airflow/.local/lib/python3.12/site-packages/airflow/example_dags/example_params_trigger_ui.py
[2025-11-13T18:05:45.716+0000] {logging_mixin.py:190} INFO - [2025-11-13T18:05:45.716+0000] {dag.py:3239} INFO - Sync 1 DAGs
[2025-11-13T18:05:45.729+0000] {logging_mixin.py:190} INFO - [2025-11-13T18:05:45.729+0000] {dag.py:4180} INFO - Setting next_dagrun for example_params_trigger_ui to None, run_after=None
[2025-11-13T18:05:45.747+0000] {processor.py:208} INFO - Processing /home/airflow/.local/lib/python3.12/site-packages/airflow/example_dags/example_params_trigger_ui.py took 0.079 seconds
[2025-11-13T18:06:16.650+0000] {processor.py:186} INFO - Started process (PID=6380) to work on /home/airflow/.local/lib/python3.12/site-packages/airflow/example_dags/example_params_trigger_ui.py
[2025-11-13T18:06:16.652+0000] {processor.py:914} INFO - Processing file /home/airflow/.local/lib/python3.12/site-packages/airflow/example_dags/example_params_trigger_ui.py for tasks to queue
[2025-11-13T18:06:16.654+0000] {logging_mixin.py:190} INFO - [2025-11-13T18:06:16.654+0000] {dagbag.py:588} INFO - Filling up the DagBag from /home/airflow/.local/lib/python3.12/site-packages/airflow/example_dags/example_params_trigger_ui.py
[2025-11-13T18:06:16.665+0000] {processor.py:925} INFO - DAG(s) 'example_params_trigger_ui' retrieved from /home/airflow/.local/lib/python3.12/site-packages/airflow/example_dags/example_params_trigger_ui.py
[2025-11-13T18:06:16.698+0000] {logging_mixin.py:190} INFO - [2025-11-13T18:06:16.698+0000] {dag.py:3239} INFO - Sync 1 DAGs
[2025-11-13T18:06:16.713+0000] {logging_mixin.py:190} INFO - [2025-11-13T18:06:16.713+0000] {dag.py:4180} INFO - Setting next_dagrun for example_params_trigger_ui to None, run_after=None
[2025-11-13T18:06:16.734+0000] {processor.py:208} INFO - Processing /home/airflow/.local/lib/python3.12/site-packages/airflow/example_dags/example_params_trigger_ui.py took 0.089 seconds
[2025-11-13T18:06:47.045+0000] {processor.py:186} INFO - Started process (PID=6451) to work on /home/airflow/.local/lib/python3.12/site-packages/airflow/example_dags/example_params_trigger_ui.py
[2025-11-13T18:06:47.046+0000] {processor.py:914} INFO - Processing file /home/airflow/.local/lib/python3.12/site-packages/airflow/example_dags/example_params_trigger_ui.py for tasks to queue
[2025-11-13T18:06:47.048+0000] {logging_mixin.py:190} INFO - [2025-11-13T18:06:47.048+0000] {dagbag.py:588} INFO - Filling up the DagBag from /home/airflow/.local/lib/python3.12/site-packages/airflow/example_dags/example_params_trigger_ui.py
[2025-11-13T18:06:47.058+0000] {processor.py:925} INFO - DAG(s) 'example_params_trigger_ui' retrieved from /home/airflow/.local/lib/python3.12/site-packages/airflow/example_dags/example_params_trigger_ui.py
[2025-11-13T18:06:47.086+0000] {logging_mixin.py:190} INFO - [2025-11-13T18:06:47.086+0000] {dag.py:3239} INFO - Sync 1 DAGs
[2025-11-13T18:06:47.096+0000] {logging_mixin.py:190} INFO - [2025-11-13T18:06:47.096+0000] {dag.py:4180} INFO - Setting next_dagrun for example_params_trigger_ui to None, run_after=None
[2025-11-13T18:06:47.112+0000] {processor.py:208} INFO - Processing /home/airflow/.local/lib/python3.12/site-packages/airflow/example_dags/example_params_trigger_ui.py took 0.072 seconds
[2025-11-13T18:07:17.704+0000] {processor.py:186} INFO - Started process (PID=6516) to work on /home/airflow/.local/lib/python3.12/site-packages/airflow/example_dags/example_params_trigger_ui.py
[2025-11-13T18:07:17.705+0000] {processor.py:914} INFO - Processing file /home/airflow/.local/lib/python3.12/site-packages/airflow/example_dags/example_params_trigger_ui.py for tasks to queue
[2025-11-13T18:07:17.707+0000] {logging_mixin.py:190} INFO - [2025-11-13T18:07:17.707+0000] {dagbag.py:588} INFO - Filling up the DagBag from /home/airflow/.local/lib/python3.12/site-packages/airflow/example_dags/example_params_trigger_ui.py
[2025-11-13T18:07:17.716+0000] {processor.py:925} INFO - DAG(s) 'example_params_trigger_ui' retrieved from /home/airflow/.local/lib/python3.12/site-packages/airflow/example_dags/example_params_trigger_ui.py
[2025-11-13T18:07:17.744+0000] {logging_mixin.py:190} INFO - [2025-11-13T18:07:17.744+0000] {dag.py:3239} INFO - Sync 1 DAGs
[2025-11-13T18:07:17.754+0000] {logging_mixin.py:190} INFO - [2025-11-13T18:07:17.754+0000] {dag.py:4180} INFO - Setting next_dagrun for example_params_trigger_ui to None, run_after=None
[2025-11-13T18:07:17.768+0000] {processor.py:208} INFO - Processing /home/airflow/.local/lib/python3.12/site-packages/airflow/example_dags/example_params_trigger_ui.py took 0.068 seconds
[2025-11-13T18:07:48.592+0000] {processor.py:186} INFO - Started process (PID=6581) to work on /home/airflow/.local/lib/python3.12/site-packages/airflow/example_dags/example_params_trigger_ui.py
[2025-11-13T18:07:48.594+0000] {processor.py:914} INFO - Processing file /home/airflow/.local/lib/python3.12/site-packages/airflow/example_dags/example_params_trigger_ui.py for tasks to queue
[2025-11-13T18:07:48.596+0000] {logging_mixin.py:190} INFO - [2025-11-13T18:07:48.596+0000] {dagbag.py:588} INFO - Filling up the DagBag from /home/airflow/.local/lib/python3.12/site-packages/airflow/example_dags/example_params_trigger_ui.py
[2025-11-13T18:07:48.606+0000] {processor.py:925} INFO - DAG(s) 'example_params_trigger_ui' retrieved from /home/airflow/.local/lib/python3.12/site-packages/airflow/example_dags/example_params_trigger_ui.py
[2025-11-13T18:07:48.634+0000] {logging_mixin.py:190} INFO - [2025-11-13T18:07:48.634+0000] {dag.py:3239} INFO - Sync 1 DAGs
[2025-11-13T18:07:48.646+0000] {logging_mixin.py:190} INFO - [2025-11-13T18:07:48.645+0000] {dag.py:4180} INFO - Setting next_dagrun for example_params_trigger_ui to None, run_after=None
[2025-11-13T18:07:48.662+0000] {processor.py:208} INFO - Processing /home/airflow/.local/lib/python3.12/site-packages/airflow/example_dags/example_params_trigger_ui.py took 0.075 seconds
[2025-11-13T18:08:19.069+0000] {processor.py:186} INFO - Started process (PID=6645) to work on /home/airflow/.local/lib/python3.12/site-packages/airflow/example_dags/example_params_trigger_ui.py
[2025-11-13T18:08:19.070+0000] {processor.py:914} INFO - Processing file /home/airflow/.local/lib/python3.12/site-packages/airflow/example_dags/example_params_trigger_ui.py for tasks to queue
[2025-11-13T18:08:19.072+0000] {logging_mixin.py:190} INFO - [2025-11-13T18:08:19.072+0000] {dagbag.py:588} INFO - Filling up the DagBag from /home/airflow/.local/lib/python3.12/site-packages/airflow/example_dags/example_params_trigger_ui.py
[2025-11-13T18:08:19.081+0000] {processor.py:925} INFO - DAG(s) 'example_params_trigger_ui' retrieved from /home/airflow/.local/lib/python3.12/site-packages/airflow/example_dags/example_params_trigger_ui.py
[2025-11-13T18:08:19.111+0000] {logging_mixin.py:190} INFO - [2025-11-13T18:08:19.110+0000] {dag.py:3239} INFO - Sync 1 DAGs
[2025-11-13T18:08:19.122+0000] {logging_mixin.py:190} INFO - [2025-11-13T18:08:19.121+0000] {dag.py:4180} INFO - Setting next_dagrun for example_params_trigger_ui to None, run_after=None
[2025-11-13T18:08:19.138+0000] {processor.py:208} INFO - Processing /home/airflow/.local/lib/python3.12/site-packages/airflow/example_dags/example_params_trigger_ui.py took 0.074 seconds
[2025-11-13T18:08:50.068+0000] {processor.py:186} INFO - Started process (PID=6710) to work on /home/airflow/.local/lib/python3.12/site-packages/airflow/example_dags/example_params_trigger_ui.py
[2025-11-13T18:08:50.069+0000] {processor.py:914} INFO - Processing file /home/airflow/.local/lib/python3.12/site-packages/airflow/example_dags/example_params_trigger_ui.py for tasks to queue
[2025-11-13T18:08:50.071+0000] {logging_mixin.py:190} INFO - [2025-11-13T18:08:50.071+0000] {dagbag.py:588} INFO - Filling up the DagBag from /home/airflow/.local/lib/python3.12/site-packages/airflow/example_dags/example_params_trigger_ui.py
[2025-11-13T18:08:50.079+0000] {processor.py:925} INFO - DAG(s) 'example_params_trigger_ui' retrieved from /home/airflow/.local/lib/python3.12/site-packages/airflow/example_dags/example_params_trigger_ui.py
[2025-11-13T18:08:50.105+0000] {logging_mixin.py:190} INFO - [2025-11-13T18:08:50.105+0000] {dag.py:3239} INFO - Sync 1 DAGs
[2025-11-13T18:08:50.116+0000] {logging_mixin.py:190} INFO - [2025-11-13T18:08:50.115+0000] {dag.py:4180} INFO - Setting next_dagrun for example_params_trigger_ui to None, run_after=None
[2025-11-13T18:08:50.128+0000] {processor.py:208} INFO - Processing /home/airflow/.local/lib/python3.12/site-packages/airflow/example_dags/example_params_trigger_ui.py took 0.065 seconds
[2025-11-13T18:09:20.924+0000] {processor.py:186} INFO - Started process (PID=6775) to work on /home/airflow/.local/lib/python3.12/site-packages/airflow/example_dags/example_params_trigger_ui.py
[2025-11-13T18:09:20.925+0000] {processor.py:914} INFO - Processing file /home/airflow/.local/lib/python3.12/site-packages/airflow/example_dags/example_params_trigger_ui.py for tasks to queue
[2025-11-13T18:09:20.927+0000] {logging_mixin.py:190} INFO - [2025-11-13T18:09:20.927+0000] {dagbag.py:588} INFO - Filling up the DagBag from /home/airflow/.local/lib/python3.12/site-packages/airflow/example_dags/example_params_trigger_ui.py
[2025-11-13T18:09:20.935+0000] {processor.py:925} INFO - DAG(s) 'example_params_trigger_ui' retrieved from /home/airflow/.local/lib/python3.12/site-packages/airflow/example_dags/example_params_trigger_ui.py
[2025-11-13T18:09:20.961+0000] {logging_mixin.py:190} INFO - [2025-11-13T18:09:20.960+0000] {dag.py:3239} INFO - Sync 1 DAGs
[2025-11-13T18:09:20.970+0000] {logging_mixin.py:190} INFO - [2025-11-13T18:09:20.970+0000] {dag.py:4180} INFO - Setting next_dagrun for example_params_trigger_ui to None, run_after=None
[2025-11-13T18:09:20.984+0000] {processor.py:208} INFO - Processing /home/airflow/.local/lib/python3.12/site-packages/airflow/example_dags/example_params_trigger_ui.py took 0.064 seconds
[2025-11-13T18:09:52.038+0000] {processor.py:186} INFO - Started process (PID=6840) to work on /home/airflow/.local/lib/python3.12/site-packages/airflow/example_dags/example_params_trigger_ui.py
[2025-11-13T18:09:52.040+0000] {processor.py:914} INFO - Processing file /home/airflow/.local/lib/python3.12/site-packages/airflow/example_dags/example_params_trigger_ui.py for tasks to queue
[2025-11-13T18:09:52.042+0000] {logging_mixin.py:190} INFO - [2025-11-13T18:09:52.042+0000] {dagbag.py:588} INFO - Filling up the DagBag from /home/airflow/.local/lib/python3.12/site-packages/airflow/example_dags/example_params_trigger_ui.py
[2025-11-13T18:09:52.051+0000] {processor.py:925} INFO - DAG(s) 'example_params_trigger_ui' retrieved from /home/airflow/.local/lib/python3.12/site-packages/airflow/example_dags/example_params_trigger_ui.py
[2025-11-13T18:09:52.080+0000] {logging_mixin.py:190} INFO - [2025-11-13T18:09:52.079+0000] {dag.py:3239} INFO - Sync 1 DAGs
[2025-11-13T18:09:52.090+0000] {logging_mixin.py:190} INFO - [2025-11-13T18:09:52.090+0000] {dag.py:4180} INFO - Setting next_dagrun for example_params_trigger_ui to None, run_after=None
[2025-11-13T18:09:52.104+0000] {processor.py:208} INFO - Processing /home/airflow/.local/lib/python3.12/site-packages/airflow/example_dags/example_params_trigger_ui.py took 0.071 seconds
[2025-11-13T18:10:22.788+0000] {processor.py:186} INFO - Started process (PID=6905) to work on /home/airflow/.local/lib/python3.12/site-packages/airflow/example_dags/example_params_trigger_ui.py
[2025-11-13T18:10:22.790+0000] {processor.py:914} INFO - Processing file /home/airflow/.local/lib/python3.12/site-packages/airflow/example_dags/example_params_trigger_ui.py for tasks to queue
[2025-11-13T18:10:22.793+0000] {logging_mixin.py:190} INFO - [2025-11-13T18:10:22.792+0000] {dagbag.py:588} INFO - Filling up the DagBag from /home/airflow/.local/lib/python3.12/site-packages/airflow/example_dags/example_params_trigger_ui.py
[2025-11-13T18:10:22.803+0000] {processor.py:925} INFO - DAG(s) 'example_params_trigger_ui' retrieved from /home/airflow/.local/lib/python3.12/site-packages/airflow/example_dags/example_params_trigger_ui.py
[2025-11-13T18:10:22.832+0000] {logging_mixin.py:190} INFO - [2025-11-13T18:10:22.832+0000] {dag.py:3239} INFO - Sync 1 DAGs
[2025-11-13T18:10:22.844+0000] {logging_mixin.py:190} INFO - [2025-11-13T18:10:22.844+0000] {dag.py:4180} INFO - Setting next_dagrun for example_params_trigger_ui to None, run_after=None
[2025-11-13T18:10:22.858+0000] {processor.py:208} INFO - Processing /home/airflow/.local/lib/python3.12/site-packages/airflow/example_dags/example_params_trigger_ui.py took 0.075 seconds
[2025-11-13T18:10:53.567+0000] {processor.py:186} INFO - Started process (PID=6971) to work on /home/airflow/.local/lib/python3.12/site-packages/airflow/example_dags/example_params_trigger_ui.py
[2025-11-13T18:10:53.568+0000] {processor.py:914} INFO - Processing file /home/airflow/.local/lib/python3.12/site-packages/airflow/example_dags/example_params_trigger_ui.py for tasks to queue
[2025-11-13T18:10:53.571+0000] {logging_mixin.py:190} INFO - [2025-11-13T18:10:53.571+0000] {dagbag.py:588} INFO - Filling up the DagBag from /home/airflow/.local/lib/python3.12/site-packages/airflow/example_dags/example_params_trigger_ui.py
[2025-11-13T18:10:53.580+0000] {processor.py:925} INFO - DAG(s) 'example_params_trigger_ui' retrieved from /home/airflow/.local/lib/python3.12/site-packages/airflow/example_dags/example_params_trigger_ui.py
[2025-11-13T18:10:53.607+0000] {logging_mixin.py:190} INFO - [2025-11-13T18:10:53.607+0000] {dag.py:3239} INFO - Sync 1 DAGs
[2025-11-13T18:10:53.618+0000] {logging_mixin.py:190} INFO - [2025-11-13T18:10:53.618+0000] {dag.py:4180} INFO - Setting next_dagrun for example_params_trigger_ui to None, run_after=None
[2025-11-13T18:10:53.632+0000] {processor.py:208} INFO - Processing /home/airflow/.local/lib/python3.12/site-packages/airflow/example_dags/example_params_trigger_ui.py took 0.069 seconds
[2025-11-13T18:11:24.946+0000] {processor.py:186} INFO - Started process (PID=7036) to work on /home/airflow/.local/lib/python3.12/site-packages/airflow/example_dags/example_params_trigger_ui.py
[2025-11-13T18:11:24.947+0000] {processor.py:914} INFO - Processing file /home/airflow/.local/lib/python3.12/site-packages/airflow/example_dags/example_params_trigger_ui.py for tasks to queue
[2025-11-13T18:11:24.950+0000] {logging_mixin.py:190} INFO - [2025-11-13T18:11:24.950+0000] {dagbag.py:588} INFO - Filling up the DagBag from /home/airflow/.local/lib/python3.12/site-packages/airflow/example_dags/example_params_trigger_ui.py
[2025-11-13T18:11:24.959+0000] {processor.py:925} INFO - DAG(s) 'example_params_trigger_ui' retrieved from /home/airflow/.local/lib/python3.12/site-packages/airflow/example_dags/example_params_trigger_ui.py
[2025-11-13T18:11:24.989+0000] {logging_mixin.py:190} INFO - [2025-11-13T18:11:24.988+0000] {dag.py:3239} INFO - Sync 1 DAGs
[2025-11-13T18:11:25.000+0000] {logging_mixin.py:190} INFO - [2025-11-13T18:11:25.000+0000] {dag.py:4180} INFO - Setting next_dagrun for example_params_trigger_ui to None, run_after=None
[2025-11-13T18:11:25.018+0000] {processor.py:208} INFO - Processing /home/airflow/.local/lib/python3.12/site-packages/airflow/example_dags/example_params_trigger_ui.py took 0.077 seconds
[2025-11-13T18:11:56.468+0000] {processor.py:186} INFO - Started process (PID=7101) to work on /home/airflow/.local/lib/python3.12/site-packages/airflow/example_dags/example_params_trigger_ui.py
[2025-11-13T18:11:56.469+0000] {processor.py:914} INFO - Processing file /home/airflow/.local/lib/python3.12/site-packages/airflow/example_dags/example_params_trigger_ui.py for tasks to queue
[2025-11-13T18:11:56.471+0000] {logging_mixin.py:190} INFO - [2025-11-13T18:11:56.471+0000] {dagbag.py:588} INFO - Filling up the DagBag from /home/airflow/.local/lib/python3.12/site-packages/airflow/example_dags/example_params_trigger_ui.py
[2025-11-13T18:11:56.480+0000] {processor.py:925} INFO - DAG(s) 'example_params_trigger_ui' retrieved from /home/airflow/.local/lib/python3.12/site-packages/airflow/example_dags/example_params_trigger_ui.py
[2025-11-13T18:11:56.506+0000] {logging_mixin.py:190} INFO - [2025-11-13T18:11:56.506+0000] {dag.py:3239} INFO - Sync 1 DAGs
[2025-11-13T18:11:56.517+0000] {logging_mixin.py:190} INFO - [2025-11-13T18:11:56.517+0000] {dag.py:4180} INFO - Setting next_dagrun for example_params_trigger_ui to None, run_after=None
[2025-11-13T18:11:56.532+0000] {processor.py:208} INFO - Processing /home/airflow/.local/lib/python3.12/site-packages/airflow/example_dags/example_params_trigger_ui.py took 0.068 seconds
[2025-11-13T18:12:26.551+0000] {processor.py:186} INFO - Started process (PID=7172) to work on /home/airflow/.local/lib/python3.12/site-packages/airflow/example_dags/example_params_trigger_ui.py
[2025-11-13T18:12:26.554+0000] {processor.py:914} INFO - Processing file /home/airflow/.local/lib/python3.12/site-packages/airflow/example_dags/example_params_trigger_ui.py for tasks to queue
[2025-11-13T18:12:26.557+0000] {logging_mixin.py:190} INFO - [2025-11-13T18:12:26.556+0000] {dagbag.py:588} INFO - Filling up the DagBag from /home/airflow/.local/lib/python3.12/site-packages/airflow/example_dags/example_params_trigger_ui.py
[2025-11-13T18:12:26.566+0000] {processor.py:925} INFO - DAG(s) 'example_params_trigger_ui' retrieved from /home/airflow/.local/lib/python3.12/site-packages/airflow/example_dags/example_params_trigger_ui.py
[2025-11-13T18:12:26.594+0000] {logging_mixin.py:190} INFO - [2025-11-13T18:12:26.593+0000] {dag.py:3239} INFO - Sync 1 DAGs
[2025-11-13T18:12:26.605+0000] {logging_mixin.py:190} INFO - [2025-11-13T18:12:26.605+0000] {dag.py:4180} INFO - Setting next_dagrun for example_params_trigger_ui to None, run_after=None
[2025-11-13T18:12:26.619+0000] {processor.py:208} INFO - Processing /home/airflow/.local/lib/python3.12/site-packages/airflow/example_dags/example_params_trigger_ui.py took 0.073 seconds
[2025-11-13T18:12:58.168+0000] {processor.py:186} INFO - Started process (PID=7236) to work on /home/airflow/.local/lib/python3.12/site-packages/airflow/example_dags/example_params_trigger_ui.py
[2025-11-13T18:12:58.169+0000] {processor.py:914} INFO - Processing file /home/airflow/.local/lib/python3.12/site-packages/airflow/example_dags/example_params_trigger_ui.py for tasks to queue
[2025-11-13T18:12:58.171+0000] {logging_mixin.py:190} INFO - [2025-11-13T18:12:58.171+0000] {dagbag.py:588} INFO - Filling up the DagBag from /home/airflow/.local/lib/python3.12/site-packages/airflow/example_dags/example_params_trigger_ui.py
[2025-11-13T18:12:58.180+0000] {processor.py:925} INFO - DAG(s) 'example_params_trigger_ui' retrieved from /home/airflow/.local/lib/python3.12/site-packages/airflow/example_dags/example_params_trigger_ui.py
[2025-11-13T18:12:58.206+0000] {logging_mixin.py:190} INFO - [2025-11-13T18:12:58.206+0000] {dag.py:3239} INFO - Sync 1 DAGs
[2025-11-13T18:12:58.216+0000] {logging_mixin.py:190} INFO - [2025-11-13T18:12:58.216+0000] {dag.py:4180} INFO - Setting next_dagrun for example_params_trigger_ui to None, run_after=None
[2025-11-13T18:12:58.230+0000] {processor.py:208} INFO - Processing /home/airflow/.local/lib/python3.12/site-packages/airflow/example_dags/example_params_trigger_ui.py took 0.067 seconds
[2025-11-13T18:13:29.330+0000] {processor.py:186} INFO - Started process (PID=7301) to work on /home/airflow/.local/lib/python3.12/site-packages/airflow/example_dags/example_params_trigger_ui.py
[2025-11-13T18:13:29.331+0000] {processor.py:914} INFO - Processing file /home/airflow/.local/lib/python3.12/site-packages/airflow/example_dags/example_params_trigger_ui.py for tasks to queue
[2025-11-13T18:13:29.333+0000] {logging_mixin.py:190} INFO - [2025-11-13T18:13:29.332+0000] {dagbag.py:588} INFO - Filling up the DagBag from /home/airflow/.local/lib/python3.12/site-packages/airflow/example_dags/example_params_trigger_ui.py
[2025-11-13T18:13:29.341+0000] {processor.py:925} INFO - DAG(s) 'example_params_trigger_ui' retrieved from /home/airflow/.local/lib/python3.12/site-packages/airflow/example_dags/example_params_trigger_ui.py
[2025-11-13T18:13:29.368+0000] {logging_mixin.py:190} INFO - [2025-11-13T18:13:29.367+0000] {dag.py:3239} INFO - Sync 1 DAGs
[2025-11-13T18:13:29.377+0000] {logging_mixin.py:190} INFO - [2025-11-13T18:13:29.377+0000] {dag.py:4180} INFO - Setting next_dagrun for example_params_trigger_ui to None, run_after=None
[2025-11-13T18:13:29.392+0000] {processor.py:208} INFO - Processing /home/airflow/.local/lib/python3.12/site-packages/airflow/example_dags/example_params_trigger_ui.py took 0.067 seconds
[2025-11-13T18:14:00.109+0000] {processor.py:186} INFO - Started process (PID=7368) to work on /home/airflow/.local/lib/python3.12/site-packages/airflow/example_dags/example_params_trigger_ui.py
[2025-11-13T18:14:00.110+0000] {processor.py:914} INFO - Processing file /home/airflow/.local/lib/python3.12/site-packages/airflow/example_dags/example_params_trigger_ui.py for tasks to queue
[2025-11-13T18:14:00.112+0000] {logging_mixin.py:190} INFO - [2025-11-13T18:14:00.112+0000] {dagbag.py:588} INFO - Filling up the DagBag from /home/airflow/.local/lib/python3.12/site-packages/airflow/example_dags/example_params_trigger_ui.py
[2025-11-13T18:14:00.121+0000] {processor.py:925} INFO - DAG(s) 'example_params_trigger_ui' retrieved from /home/airflow/.local/lib/python3.12/site-packages/airflow/example_dags/example_params_trigger_ui.py
[2025-11-13T18:14:00.148+0000] {logging_mixin.py:190} INFO - [2025-11-13T18:14:00.148+0000] {dag.py:3239} INFO - Sync 1 DAGs
[2025-11-13T18:14:00.158+0000] {logging_mixin.py:190} INFO - [2025-11-13T18:14:00.158+0000] {dag.py:4180} INFO - Setting next_dagrun for example_params_trigger_ui to None, run_after=None
[2025-11-13T18:14:00.172+0000] {processor.py:208} INFO - Processing /home/airflow/.local/lib/python3.12/site-packages/airflow/example_dags/example_params_trigger_ui.py took 0.067 seconds
[2025-11-13T18:14:30.773+0000] {processor.py:186} INFO - Started process (PID=7435) to work on /home/airflow/.local/lib/python3.12/site-packages/airflow/example_dags/example_params_trigger_ui.py
[2025-11-13T18:14:30.774+0000] {processor.py:914} INFO - Processing file /home/airflow/.local/lib/python3.12/site-packages/airflow/example_dags/example_params_trigger_ui.py for tasks to queue
[2025-11-13T18:14:30.777+0000] {logging_mixin.py:190} INFO - [2025-11-13T18:14:30.776+0000] {dagbag.py:588} INFO - Filling up the DagBag from /home/airflow/.local/lib/python3.12/site-packages/airflow/example_dags/example_params_trigger_ui.py
[2025-11-13T18:14:30.787+0000] {processor.py:925} INFO - DAG(s) 'example_params_trigger_ui' retrieved from /home/airflow/.local/lib/python3.12/site-packages/airflow/example_dags/example_params_trigger_ui.py
[2025-11-13T18:14:30.813+0000] {logging_mixin.py:190} INFO - [2025-11-13T18:14:30.813+0000] {dag.py:3239} INFO - Sync 1 DAGs
[2025-11-13T18:14:30.823+0000] {logging_mixin.py:190} INFO - [2025-11-13T18:14:30.823+0000] {dag.py:4180} INFO - Setting next_dagrun for example_params_trigger_ui to None, run_after=None
[2025-11-13T18:14:30.838+0000] {processor.py:208} INFO - Processing /home/airflow/.local/lib/python3.12/site-packages/airflow/example_dags/example_params_trigger_ui.py took 0.069 seconds
[2025-11-13T18:15:02.395+0000] {processor.py:186} INFO - Started process (PID=7500) to work on /home/airflow/.local/lib/python3.12/site-packages/airflow/example_dags/example_params_trigger_ui.py
[2025-11-13T18:15:02.396+0000] {processor.py:914} INFO - Processing file /home/airflow/.local/lib/python3.12/site-packages/airflow/example_dags/example_params_trigger_ui.py for tasks to queue
[2025-11-13T18:15:02.399+0000] {logging_mixin.py:190} INFO - [2025-11-13T18:15:02.398+0000] {dagbag.py:588} INFO - Filling up the DagBag from /home/airflow/.local/lib/python3.12/site-packages/airflow/example_dags/example_params_trigger_ui.py
[2025-11-13T18:15:02.408+0000] {processor.py:925} INFO - DAG(s) 'example_params_trigger_ui' retrieved from /home/airflow/.local/lib/python3.12/site-packages/airflow/example_dags/example_params_trigger_ui.py
[2025-11-13T18:15:02.435+0000] {logging_mixin.py:190} INFO - [2025-11-13T18:15:02.435+0000] {dag.py:3239} INFO - Sync 1 DAGs
[2025-11-13T18:15:02.446+0000] {logging_mixin.py:190} INFO - [2025-11-13T18:15:02.446+0000] {dag.py:4180} INFO - Setting next_dagrun for example_params_trigger_ui to None, run_after=None
[2025-11-13T18:15:02.460+0000] {processor.py:208} INFO - Processing /home/airflow/.local/lib/python3.12/site-packages/airflow/example_dags/example_params_trigger_ui.py took 0.070 seconds
[2025-11-13T18:15:32.857+0000] {processor.py:186} INFO - Started process (PID=7565) to work on /home/airflow/.local/lib/python3.12/site-packages/airflow/example_dags/example_params_trigger_ui.py
[2025-11-13T18:15:32.859+0000] {processor.py:914} INFO - Processing file /home/airflow/.local/lib/python3.12/site-packages/airflow/example_dags/example_params_trigger_ui.py for tasks to queue
[2025-11-13T18:15:32.861+0000] {logging_mixin.py:190} INFO - [2025-11-13T18:15:32.860+0000] {dagbag.py:588} INFO - Filling up the DagBag from /home/airflow/.local/lib/python3.12/site-packages/airflow/example_dags/example_params_trigger_ui.py
[2025-11-13T18:15:32.869+0000] {processor.py:925} INFO - DAG(s) 'example_params_trigger_ui' retrieved from /home/airflow/.local/lib/python3.12/site-packages/airflow/example_dags/example_params_trigger_ui.py
[2025-11-13T18:15:32.897+0000] {logging_mixin.py:190} INFO - [2025-11-13T18:15:32.897+0000] {dag.py:3239} INFO - Sync 1 DAGs
[2025-11-13T18:15:32.908+0000] {logging_mixin.py:190} INFO - [2025-11-13T18:15:32.908+0000] {dag.py:4180} INFO - Setting next_dagrun for example_params_trigger_ui to None, run_after=None
[2025-11-13T18:15:32.923+0000] {processor.py:208} INFO - Processing /home/airflow/.local/lib/python3.12/site-packages/airflow/example_dags/example_params_trigger_ui.py took 0.070 seconds
[2025-11-13T18:16:03.488+0000] {processor.py:186} INFO - Started process (PID=7629) to work on /home/airflow/.local/lib/python3.12/site-packages/airflow/example_dags/example_params_trigger_ui.py
[2025-11-13T18:16:03.489+0000] {processor.py:914} INFO - Processing file /home/airflow/.local/lib/python3.12/site-packages/airflow/example_dags/example_params_trigger_ui.py for tasks to queue
[2025-11-13T18:16:03.491+0000] {logging_mixin.py:190} INFO - [2025-11-13T18:16:03.490+0000] {dagbag.py:588} INFO - Filling up the DagBag from /home/airflow/.local/lib/python3.12/site-packages/airflow/example_dags/example_params_trigger_ui.py
[2025-11-13T18:16:03.499+0000] {processor.py:925} INFO - DAG(s) 'example_params_trigger_ui' retrieved from /home/airflow/.local/lib/python3.12/site-packages/airflow/example_dags/example_params_trigger_ui.py
[2025-11-13T18:16:03.528+0000] {logging_mixin.py:190} INFO - [2025-11-13T18:16:03.528+0000] {dag.py:3239} INFO - Sync 1 DAGs
[2025-11-13T18:16:03.538+0000] {logging_mixin.py:190} INFO - [2025-11-13T18:16:03.538+0000] {dag.py:4180} INFO - Setting next_dagrun for example_params_trigger_ui to None, run_after=None
[2025-11-13T18:16:03.555+0000] {processor.py:208} INFO - Processing /home/airflow/.local/lib/python3.12/site-packages/airflow/example_dags/example_params_trigger_ui.py took 0.072 seconds
[2025-11-13T18:16:34.109+0000] {processor.py:186} INFO - Started process (PID=7694) to work on /home/airflow/.local/lib/python3.12/site-packages/airflow/example_dags/example_params_trigger_ui.py
[2025-11-13T18:16:34.110+0000] {processor.py:914} INFO - Processing file /home/airflow/.local/lib/python3.12/site-packages/airflow/example_dags/example_params_trigger_ui.py for tasks to queue
[2025-11-13T18:16:34.112+0000] {logging_mixin.py:190} INFO - [2025-11-13T18:16:34.112+0000] {dagbag.py:588} INFO - Filling up the DagBag from /home/airflow/.local/lib/python3.12/site-packages/airflow/example_dags/example_params_trigger_ui.py
[2025-11-13T18:16:34.121+0000] {processor.py:925} INFO - DAG(s) 'example_params_trigger_ui' retrieved from /home/airflow/.local/lib/python3.12/site-packages/airflow/example_dags/example_params_trigger_ui.py
[2025-11-13T18:16:34.149+0000] {logging_mixin.py:190} INFO - [2025-11-13T18:16:34.148+0000] {dag.py:3239} INFO - Sync 1 DAGs
[2025-11-13T18:16:34.159+0000] {logging_mixin.py:190} INFO - [2025-11-13T18:16:34.159+0000] {dag.py:4180} INFO - Setting next_dagrun for example_params_trigger_ui to None, run_after=None
[2025-11-13T18:16:34.173+0000] {processor.py:208} INFO - Processing /home/airflow/.local/lib/python3.12/site-packages/airflow/example_dags/example_params_trigger_ui.py took 0.068 seconds
[2025-11-13T18:17:06.608+0000] {processor.py:186} INFO - Started process (PID=7764) to work on /home/airflow/.local/lib/python3.12/site-packages/airflow/example_dags/example_params_trigger_ui.py
[2025-11-13T18:17:06.610+0000] {processor.py:914} INFO - Processing file /home/airflow/.local/lib/python3.12/site-packages/airflow/example_dags/example_params_trigger_ui.py for tasks to queue
[2025-11-13T18:17:06.612+0000] {logging_mixin.py:190} INFO - [2025-11-13T18:17:06.612+0000] {dagbag.py:588} INFO - Filling up the DagBag from /home/airflow/.local/lib/python3.12/site-packages/airflow/example_dags/example_params_trigger_ui.py
[2025-11-13T18:17:06.627+0000] {processor.py:925} INFO - DAG(s) 'example_params_trigger_ui' retrieved from /home/airflow/.local/lib/python3.12/site-packages/airflow/example_dags/example_params_trigger_ui.py
[2025-11-13T18:17:06.672+0000] {logging_mixin.py:190} INFO - [2025-11-13T18:17:06.672+0000] {dag.py:3239} INFO - Sync 1 DAGs
[2025-11-13T18:17:06.693+0000] {logging_mixin.py:190} INFO - [2025-11-13T18:17:06.693+0000] {dag.py:4180} INFO - Setting next_dagrun for example_params_trigger_ui to None, run_after=None
[2025-11-13T18:17:06.717+0000] {processor.py:208} INFO - Processing /home/airflow/.local/lib/python3.12/site-packages/airflow/example_dags/example_params_trigger_ui.py took 0.116 seconds
[2025-11-13T18:17:37.620+0000] {processor.py:186} INFO - Started process (PID=7835) to work on /home/airflow/.local/lib/python3.12/site-packages/airflow/example_dags/example_params_trigger_ui.py
[2025-11-13T18:17:37.622+0000] {processor.py:914} INFO - Processing file /home/airflow/.local/lib/python3.12/site-packages/airflow/example_dags/example_params_trigger_ui.py for tasks to queue
[2025-11-13T18:17:37.625+0000] {logging_mixin.py:190} INFO - [2025-11-13T18:17:37.625+0000] {dagbag.py:588} INFO - Filling up the DagBag from /home/airflow/.local/lib/python3.12/site-packages/airflow/example_dags/example_params_trigger_ui.py
[2025-11-13T18:17:37.635+0000] {processor.py:925} INFO - DAG(s) 'example_params_trigger_ui' retrieved from /home/airflow/.local/lib/python3.12/site-packages/airflow/example_dags/example_params_trigger_ui.py
[2025-11-13T18:17:37.668+0000] {logging_mixin.py:190} INFO - [2025-11-13T18:17:37.668+0000] {dag.py:3239} INFO - Sync 1 DAGs
[2025-11-13T18:17:37.679+0000] {logging_mixin.py:190} INFO - [2025-11-13T18:17:37.679+0000] {dag.py:4180} INFO - Setting next_dagrun for example_params_trigger_ui to None, run_after=None
[2025-11-13T18:17:37.695+0000] {processor.py:208} INFO - Processing /home/airflow/.local/lib/python3.12/site-packages/airflow/example_dags/example_params_trigger_ui.py took 0.080 seconds
[2025-11-13T18:18:07.797+0000] {processor.py:186} INFO - Started process (PID=7911) to work on /home/airflow/.local/lib/python3.12/site-packages/airflow/example_dags/example_params_trigger_ui.py
[2025-11-13T18:18:07.798+0000] {processor.py:914} INFO - Processing file /home/airflow/.local/lib/python3.12/site-packages/airflow/example_dags/example_params_trigger_ui.py for tasks to queue
[2025-11-13T18:18:07.800+0000] {logging_mixin.py:190} INFO - [2025-11-13T18:18:07.799+0000] {dagbag.py:588} INFO - Filling up the DagBag from /home/airflow/.local/lib/python3.12/site-packages/airflow/example_dags/example_params_trigger_ui.py
[2025-11-13T18:18:07.808+0000] {processor.py:925} INFO - DAG(s) 'example_params_trigger_ui' retrieved from /home/airflow/.local/lib/python3.12/site-packages/airflow/example_dags/example_params_trigger_ui.py
[2025-11-13T18:18:07.835+0000] {logging_mixin.py:190} INFO - [2025-11-13T18:18:07.835+0000] {dag.py:3239} INFO - Sync 1 DAGs
[2025-11-13T18:18:07.846+0000] {logging_mixin.py:190} INFO - [2025-11-13T18:18:07.845+0000] {dag.py:4180} INFO - Setting next_dagrun for example_params_trigger_ui to None, run_after=None
[2025-11-13T18:18:07.873+0000] {processor.py:208} INFO - Processing /home/airflow/.local/lib/python3.12/site-packages/airflow/example_dags/example_params_trigger_ui.py took 0.081 seconds
[2025-11-13T18:18:38.610+0000] {processor.py:186} INFO - Started process (PID=7976) to work on /home/airflow/.local/lib/python3.12/site-packages/airflow/example_dags/example_params_trigger_ui.py
[2025-11-13T18:18:38.611+0000] {processor.py:914} INFO - Processing file /home/airflow/.local/lib/python3.12/site-packages/airflow/example_dags/example_params_trigger_ui.py for tasks to queue
[2025-11-13T18:18:38.613+0000] {logging_mixin.py:190} INFO - [2025-11-13T18:18:38.612+0000] {dagbag.py:588} INFO - Filling up the DagBag from /home/airflow/.local/lib/python3.12/site-packages/airflow/example_dags/example_params_trigger_ui.py
[2025-11-13T18:18:38.621+0000] {processor.py:925} INFO - DAG(s) 'example_params_trigger_ui' retrieved from /home/airflow/.local/lib/python3.12/site-packages/airflow/example_dags/example_params_trigger_ui.py
[2025-11-13T18:18:38.647+0000] {logging_mixin.py:190} INFO - [2025-11-13T18:18:38.647+0000] {dag.py:3239} INFO - Sync 1 DAGs
[2025-11-13T18:18:38.658+0000] {logging_mixin.py:190} INFO - [2025-11-13T18:18:38.658+0000] {dag.py:4180} INFO - Setting next_dagrun for example_params_trigger_ui to None, run_after=None
[2025-11-13T18:18:38.675+0000] {processor.py:208} INFO - Processing /home/airflow/.local/lib/python3.12/site-packages/airflow/example_dags/example_params_trigger_ui.py took 0.070 seconds
[2025-11-13T18:19:09.673+0000] {processor.py:186} INFO - Started process (PID=8040) to work on /home/airflow/.local/lib/python3.12/site-packages/airflow/example_dags/example_params_trigger_ui.py
[2025-11-13T18:19:09.674+0000] {processor.py:914} INFO - Processing file /home/airflow/.local/lib/python3.12/site-packages/airflow/example_dags/example_params_trigger_ui.py for tasks to queue
[2025-11-13T18:19:09.676+0000] {logging_mixin.py:190} INFO - [2025-11-13T18:19:09.676+0000] {dagbag.py:588} INFO - Filling up the DagBag from /home/airflow/.local/lib/python3.12/site-packages/airflow/example_dags/example_params_trigger_ui.py
[2025-11-13T18:19:09.685+0000] {processor.py:925} INFO - DAG(s) 'example_params_trigger_ui' retrieved from /home/airflow/.local/lib/python3.12/site-packages/airflow/example_dags/example_params_trigger_ui.py
[2025-11-13T18:19:09.711+0000] {logging_mixin.py:190} INFO - [2025-11-13T18:19:09.711+0000] {dag.py:3239} INFO - Sync 1 DAGs
[2025-11-13T18:19:09.722+0000] {logging_mixin.py:190} INFO - [2025-11-13T18:19:09.722+0000] {dag.py:4180} INFO - Setting next_dagrun for example_params_trigger_ui to None, run_after=None
[2025-11-13T18:19:09.736+0000] {processor.py:208} INFO - Processing /home/airflow/.local/lib/python3.12/site-packages/airflow/example_dags/example_params_trigger_ui.py took 0.067 seconds
[2025-11-13T18:19:40.720+0000] {processor.py:186} INFO - Started process (PID=8105) to work on /home/airflow/.local/lib/python3.12/site-packages/airflow/example_dags/example_params_trigger_ui.py
[2025-11-13T18:19:40.721+0000] {processor.py:914} INFO - Processing file /home/airflow/.local/lib/python3.12/site-packages/airflow/example_dags/example_params_trigger_ui.py for tasks to queue
[2025-11-13T18:19:40.723+0000] {logging_mixin.py:190} INFO - [2025-11-13T18:19:40.723+0000] {dagbag.py:588} INFO - Filling up the DagBag from /home/airflow/.local/lib/python3.12/site-packages/airflow/example_dags/example_params_trigger_ui.py
[2025-11-13T18:19:40.733+0000] {processor.py:925} INFO - DAG(s) 'example_params_trigger_ui' retrieved from /home/airflow/.local/lib/python3.12/site-packages/airflow/example_dags/example_params_trigger_ui.py
[2025-11-13T18:19:40.761+0000] {logging_mixin.py:190} INFO - [2025-11-13T18:19:40.761+0000] {dag.py:3239} INFO - Sync 1 DAGs
[2025-11-13T18:19:40.772+0000] {logging_mixin.py:190} INFO - [2025-11-13T18:19:40.772+0000] {dag.py:4180} INFO - Setting next_dagrun for example_params_trigger_ui to None, run_after=None
[2025-11-13T18:19:40.788+0000] {processor.py:208} INFO - Processing /home/airflow/.local/lib/python3.12/site-packages/airflow/example_dags/example_params_trigger_ui.py took 0.073 seconds
[2025-11-13T18:20:11.488+0000] {processor.py:186} INFO - Started process (PID=8170) to work on /home/airflow/.local/lib/python3.12/site-packages/airflow/example_dags/example_params_trigger_ui.py
[2025-11-13T18:20:11.489+0000] {processor.py:914} INFO - Processing file /home/airflow/.local/lib/python3.12/site-packages/airflow/example_dags/example_params_trigger_ui.py for tasks to queue
[2025-11-13T18:20:11.491+0000] {logging_mixin.py:190} INFO - [2025-11-13T18:20:11.491+0000] {dagbag.py:588} INFO - Filling up the DagBag from /home/airflow/.local/lib/python3.12/site-packages/airflow/example_dags/example_params_trigger_ui.py
[2025-11-13T18:20:11.499+0000] {processor.py:925} INFO - DAG(s) 'example_params_trigger_ui' retrieved from /home/airflow/.local/lib/python3.12/site-packages/airflow/example_dags/example_params_trigger_ui.py
[2025-11-13T18:20:11.528+0000] {logging_mixin.py:190} INFO - [2025-11-13T18:20:11.527+0000] {dag.py:3239} INFO - Sync 1 DAGs
[2025-11-13T18:20:11.539+0000] {logging_mixin.py:190} INFO - [2025-11-13T18:20:11.538+0000] {dag.py:4180} INFO - Setting next_dagrun for example_params_trigger_ui to None, run_after=None
[2025-11-13T18:20:11.555+0000] {processor.py:208} INFO - Processing /home/airflow/.local/lib/python3.12/site-packages/airflow/example_dags/example_params_trigger_ui.py took 0.072 seconds
[2025-11-13T18:20:42.555+0000] {processor.py:186} INFO - Started process (PID=8230) to work on /home/airflow/.local/lib/python3.12/site-packages/airflow/example_dags/example_params_trigger_ui.py
[2025-11-13T18:20:42.556+0000] {processor.py:914} INFO - Processing file /home/airflow/.local/lib/python3.12/site-packages/airflow/example_dags/example_params_trigger_ui.py for tasks to queue
[2025-11-13T18:20:42.559+0000] {logging_mixin.py:190} INFO - [2025-11-13T18:20:42.558+0000] {dagbag.py:588} INFO - Filling up the DagBag from /home/airflow/.local/lib/python3.12/site-packages/airflow/example_dags/example_params_trigger_ui.py
[2025-11-13T18:20:42.569+0000] {processor.py:925} INFO - DAG(s) 'example_params_trigger_ui' retrieved from /home/airflow/.local/lib/python3.12/site-packages/airflow/example_dags/example_params_trigger_ui.py
[2025-11-13T18:20:42.599+0000] {logging_mixin.py:190} INFO - [2025-11-13T18:20:42.598+0000] {dag.py:3239} INFO - Sync 1 DAGs
[2025-11-13T18:20:42.609+0000] {logging_mixin.py:190} INFO - [2025-11-13T18:20:42.609+0000] {dag.py:4180} INFO - Setting next_dagrun for example_params_trigger_ui to None, run_after=None
[2025-11-13T18:20:42.624+0000] {processor.py:208} INFO - Processing /home/airflow/.local/lib/python3.12/site-packages/airflow/example_dags/example_params_trigger_ui.py took 0.075 seconds
[2025-11-13T18:21:13.757+0000] {processor.py:186} INFO - Started process (PID=8295) to work on /home/airflow/.local/lib/python3.12/site-packages/airflow/example_dags/example_params_trigger_ui.py
[2025-11-13T18:21:13.758+0000] {processor.py:914} INFO - Processing file /home/airflow/.local/lib/python3.12/site-packages/airflow/example_dags/example_params_trigger_ui.py for tasks to queue
[2025-11-13T18:21:13.760+0000] {logging_mixin.py:190} INFO - [2025-11-13T18:21:13.759+0000] {dagbag.py:588} INFO - Filling up the DagBag from /home/airflow/.local/lib/python3.12/site-packages/airflow/example_dags/example_params_trigger_ui.py
[2025-11-13T18:21:13.768+0000] {processor.py:925} INFO - DAG(s) 'example_params_trigger_ui' retrieved from /home/airflow/.local/lib/python3.12/site-packages/airflow/example_dags/example_params_trigger_ui.py
[2025-11-13T18:21:13.797+0000] {logging_mixin.py:190} INFO - [2025-11-13T18:21:13.797+0000] {dag.py:3239} INFO - Sync 1 DAGs
[2025-11-13T18:21:13.809+0000] {logging_mixin.py:190} INFO - [2025-11-13T18:21:13.809+0000] {dag.py:4180} INFO - Setting next_dagrun for example_params_trigger_ui to None, run_after=None
[2025-11-13T18:21:13.826+0000] {processor.py:208} INFO - Processing /home/airflow/.local/lib/python3.12/site-packages/airflow/example_dags/example_params_trigger_ui.py took 0.074 seconds
[2025-11-13T18:21:44.349+0000] {processor.py:186} INFO - Started process (PID=8362) to work on /home/airflow/.local/lib/python3.12/site-packages/airflow/example_dags/example_params_trigger_ui.py
[2025-11-13T18:21:44.350+0000] {processor.py:914} INFO - Processing file /home/airflow/.local/lib/python3.12/site-packages/airflow/example_dags/example_params_trigger_ui.py for tasks to queue
[2025-11-13T18:21:44.352+0000] {logging_mixin.py:190} INFO - [2025-11-13T18:21:44.352+0000] {dagbag.py:588} INFO - Filling up the DagBag from /home/airflow/.local/lib/python3.12/site-packages/airflow/example_dags/example_params_trigger_ui.py
[2025-11-13T18:21:44.361+0000] {processor.py:925} INFO - DAG(s) 'example_params_trigger_ui' retrieved from /home/airflow/.local/lib/python3.12/site-packages/airflow/example_dags/example_params_trigger_ui.py
[2025-11-13T18:21:44.388+0000] {logging_mixin.py:190} INFO - [2025-11-13T18:21:44.387+0000] {dag.py:3239} INFO - Sync 1 DAGs
[2025-11-13T18:21:44.398+0000] {logging_mixin.py:190} INFO - [2025-11-13T18:21:44.398+0000] {dag.py:4180} INFO - Setting next_dagrun for example_params_trigger_ui to None, run_after=None
[2025-11-13T18:21:44.413+0000] {processor.py:208} INFO - Processing /home/airflow/.local/lib/python3.12/site-packages/airflow/example_dags/example_params_trigger_ui.py took 0.069 seconds
[2025-11-13T18:22:15.450+0000] {processor.py:186} INFO - Started process (PID=8426) to work on /home/airflow/.local/lib/python3.12/site-packages/airflow/example_dags/example_params_trigger_ui.py
[2025-11-13T18:22:15.451+0000] {processor.py:914} INFO - Processing file /home/airflow/.local/lib/python3.12/site-packages/airflow/example_dags/example_params_trigger_ui.py for tasks to queue
[2025-11-13T18:22:15.453+0000] {logging_mixin.py:190} INFO - [2025-11-13T18:22:15.453+0000] {dagbag.py:588} INFO - Filling up the DagBag from /home/airflow/.local/lib/python3.12/site-packages/airflow/example_dags/example_params_trigger_ui.py
[2025-11-13T18:22:15.464+0000] {processor.py:925} INFO - DAG(s) 'example_params_trigger_ui' retrieved from /home/airflow/.local/lib/python3.12/site-packages/airflow/example_dags/example_params_trigger_ui.py
[2025-11-13T18:22:15.495+0000] {logging_mixin.py:190} INFO - [2025-11-13T18:22:15.495+0000] {dag.py:3239} INFO - Sync 1 DAGs
[2025-11-13T18:22:15.507+0000] {logging_mixin.py:190} INFO - [2025-11-13T18:22:15.507+0000] {dag.py:4180} INFO - Setting next_dagrun for example_params_trigger_ui to None, run_after=None
[2025-11-13T18:22:15.524+0000] {processor.py:208} INFO - Processing /home/airflow/.local/lib/python3.12/site-packages/airflow/example_dags/example_params_trigger_ui.py took 0.080 seconds
[2025-11-13T18:22:45.952+0000] {processor.py:186} INFO - Started process (PID=8490) to work on /home/airflow/.local/lib/python3.12/site-packages/airflow/example_dags/example_params_trigger_ui.py
[2025-11-13T18:22:45.953+0000] {processor.py:914} INFO - Processing file /home/airflow/.local/lib/python3.12/site-packages/airflow/example_dags/example_params_trigger_ui.py for tasks to queue
[2025-11-13T18:22:45.956+0000] {logging_mixin.py:190} INFO - [2025-11-13T18:22:45.955+0000] {dagbag.py:588} INFO - Filling up the DagBag from /home/airflow/.local/lib/python3.12/site-packages/airflow/example_dags/example_params_trigger_ui.py
[2025-11-13T18:22:45.964+0000] {processor.py:925} INFO - DAG(s) 'example_params_trigger_ui' retrieved from /home/airflow/.local/lib/python3.12/site-packages/airflow/example_dags/example_params_trigger_ui.py
[2025-11-13T18:22:45.992+0000] {logging_mixin.py:190} INFO - [2025-11-13T18:22:45.991+0000] {dag.py:3239} INFO - Sync 1 DAGs
[2025-11-13T18:22:46.003+0000] {logging_mixin.py:190} INFO - [2025-11-13T18:22:46.003+0000] {dag.py:4180} INFO - Setting next_dagrun for example_params_trigger_ui to None, run_after=None
[2025-11-13T18:22:46.017+0000] {processor.py:208} INFO - Processing /home/airflow/.local/lib/python3.12/site-packages/airflow/example_dags/example_params_trigger_ui.py took 0.069 seconds
[2025-11-13T18:23:16.587+0000] {processor.py:186} INFO - Started process (PID=8565) to work on /home/airflow/.local/lib/python3.12/site-packages/airflow/example_dags/example_params_trigger_ui.py
[2025-11-13T18:23:16.589+0000] {processor.py:914} INFO - Processing file /home/airflow/.local/lib/python3.12/site-packages/airflow/example_dags/example_params_trigger_ui.py for tasks to queue
[2025-11-13T18:23:16.592+0000] {logging_mixin.py:190} INFO - [2025-11-13T18:23:16.591+0000] {dagbag.py:588} INFO - Filling up the DagBag from /home/airflow/.local/lib/python3.12/site-packages/airflow/example_dags/example_params_trigger_ui.py
[2025-11-13T18:23:16.602+0000] {processor.py:925} INFO - DAG(s) 'example_params_trigger_ui' retrieved from /home/airflow/.local/lib/python3.12/site-packages/airflow/example_dags/example_params_trigger_ui.py
[2025-11-13T18:23:16.633+0000] {logging_mixin.py:190} INFO - [2025-11-13T18:23:16.633+0000] {dag.py:3239} INFO - Sync 1 DAGs
[2025-11-13T18:23:16.646+0000] {logging_mixin.py:190} INFO - [2025-11-13T18:23:16.646+0000] {dag.py:4180} INFO - Setting next_dagrun for example_params_trigger_ui to None, run_after=None
[2025-11-13T18:23:16.664+0000] {processor.py:208} INFO - Processing /home/airflow/.local/lib/python3.12/site-packages/airflow/example_dags/example_params_trigger_ui.py took 0.082 seconds
[2025-11-13T18:23:46.902+0000] {processor.py:186} INFO - Started process (PID=8631) to work on /home/airflow/.local/lib/python3.12/site-packages/airflow/example_dags/example_params_trigger_ui.py
[2025-11-13T18:23:46.903+0000] {processor.py:914} INFO - Processing file /home/airflow/.local/lib/python3.12/site-packages/airflow/example_dags/example_params_trigger_ui.py for tasks to queue
[2025-11-13T18:23:46.905+0000] {logging_mixin.py:190} INFO - [2025-11-13T18:23:46.905+0000] {dagbag.py:588} INFO - Filling up the DagBag from /home/airflow/.local/lib/python3.12/site-packages/airflow/example_dags/example_params_trigger_ui.py
[2025-11-13T18:23:46.914+0000] {processor.py:925} INFO - DAG(s) 'example_params_trigger_ui' retrieved from /home/airflow/.local/lib/python3.12/site-packages/airflow/example_dags/example_params_trigger_ui.py
[2025-11-13T18:23:46.942+0000] {logging_mixin.py:190} INFO - [2025-11-13T18:23:46.942+0000] {dag.py:3239} INFO - Sync 1 DAGs
[2025-11-13T18:23:46.953+0000] {logging_mixin.py:190} INFO - [2025-11-13T18:23:46.953+0000] {dag.py:4180} INFO - Setting next_dagrun for example_params_trigger_ui to None, run_after=None
[2025-11-13T18:23:46.968+0000] {processor.py:208} INFO - Processing /home/airflow/.local/lib/python3.12/site-packages/airflow/example_dags/example_params_trigger_ui.py took 0.071 seconds
[2025-11-13T18:24:18.227+0000] {processor.py:186} INFO - Started process (PID=8696) to work on /home/airflow/.local/lib/python3.12/site-packages/airflow/example_dags/example_params_trigger_ui.py
[2025-11-13T18:24:18.228+0000] {processor.py:914} INFO - Processing file /home/airflow/.local/lib/python3.12/site-packages/airflow/example_dags/example_params_trigger_ui.py for tasks to queue
[2025-11-13T18:24:18.230+0000] {logging_mixin.py:190} INFO - [2025-11-13T18:24:18.230+0000] {dagbag.py:588} INFO - Filling up the DagBag from /home/airflow/.local/lib/python3.12/site-packages/airflow/example_dags/example_params_trigger_ui.py
[2025-11-13T18:24:18.239+0000] {processor.py:925} INFO - DAG(s) 'example_params_trigger_ui' retrieved from /home/airflow/.local/lib/python3.12/site-packages/airflow/example_dags/example_params_trigger_ui.py
[2025-11-13T18:24:18.265+0000] {logging_mixin.py:190} INFO - [2025-11-13T18:24:18.265+0000] {dag.py:3239} INFO - Sync 1 DAGs
[2025-11-13T18:24:18.275+0000] {logging_mixin.py:190} INFO - [2025-11-13T18:24:18.275+0000] {dag.py:4180} INFO - Setting next_dagrun for example_params_trigger_ui to None, run_after=None
[2025-11-13T18:24:18.289+0000] {processor.py:208} INFO - Processing /home/airflow/.local/lib/python3.12/site-packages/airflow/example_dags/example_params_trigger_ui.py took 0.066 seconds
[2025-11-13T18:24:48.638+0000] {processor.py:186} INFO - Started process (PID=8761) to work on /home/airflow/.local/lib/python3.12/site-packages/airflow/example_dags/example_params_trigger_ui.py
[2025-11-13T18:24:48.640+0000] {processor.py:914} INFO - Processing file /home/airflow/.local/lib/python3.12/site-packages/airflow/example_dags/example_params_trigger_ui.py for tasks to queue
[2025-11-13T18:24:48.642+0000] {logging_mixin.py:190} INFO - [2025-11-13T18:24:48.642+0000] {dagbag.py:588} INFO - Filling up the DagBag from /home/airflow/.local/lib/python3.12/site-packages/airflow/example_dags/example_params_trigger_ui.py
[2025-11-13T18:24:48.653+0000] {processor.py:925} INFO - DAG(s) 'example_params_trigger_ui' retrieved from /home/airflow/.local/lib/python3.12/site-packages/airflow/example_dags/example_params_trigger_ui.py
[2025-11-13T18:24:48.682+0000] {logging_mixin.py:190} INFO - [2025-11-13T18:24:48.682+0000] {dag.py:3239} INFO - Sync 1 DAGs
[2025-11-13T18:24:48.692+0000] {logging_mixin.py:190} INFO - [2025-11-13T18:24:48.692+0000] {dag.py:4180} INFO - Setting next_dagrun for example_params_trigger_ui to None, run_after=None
[2025-11-13T18:24:48.707+0000] {processor.py:208} INFO - Processing /home/airflow/.local/lib/python3.12/site-packages/airflow/example_dags/example_params_trigger_ui.py took 0.074 seconds
[2025-11-13T18:25:19.930+0000] {processor.py:186} INFO - Started process (PID=8829) to work on /home/airflow/.local/lib/python3.12/site-packages/airflow/example_dags/example_params_trigger_ui.py
[2025-11-13T18:25:19.931+0000] {processor.py:914} INFO - Processing file /home/airflow/.local/lib/python3.12/site-packages/airflow/example_dags/example_params_trigger_ui.py for tasks to queue
[2025-11-13T18:25:19.933+0000] {logging_mixin.py:190} INFO - [2025-11-13T18:25:19.933+0000] {dagbag.py:588} INFO - Filling up the DagBag from /home/airflow/.local/lib/python3.12/site-packages/airflow/example_dags/example_params_trigger_ui.py
[2025-11-13T18:25:19.942+0000] {processor.py:925} INFO - DAG(s) 'example_params_trigger_ui' retrieved from /home/airflow/.local/lib/python3.12/site-packages/airflow/example_dags/example_params_trigger_ui.py
[2025-11-13T18:25:19.969+0000] {logging_mixin.py:190} INFO - [2025-11-13T18:25:19.969+0000] {dag.py:3239} INFO - Sync 1 DAGs
[2025-11-13T18:25:19.980+0000] {logging_mixin.py:190} INFO - [2025-11-13T18:25:19.979+0000] {dag.py:4180} INFO - Setting next_dagrun for example_params_trigger_ui to None, run_after=None
[2025-11-13T18:25:19.992+0000] {processor.py:208} INFO - Processing /home/airflow/.local/lib/python3.12/site-packages/airflow/example_dags/example_params_trigger_ui.py took 0.067 seconds
[2025-11-13T18:25:51.001+0000] {processor.py:186} INFO - Started process (PID=8894) to work on /home/airflow/.local/lib/python3.12/site-packages/airflow/example_dags/example_params_trigger_ui.py
[2025-11-13T18:25:51.002+0000] {processor.py:914} INFO - Processing file /home/airflow/.local/lib/python3.12/site-packages/airflow/example_dags/example_params_trigger_ui.py for tasks to queue
[2025-11-13T18:25:51.005+0000] {logging_mixin.py:190} INFO - [2025-11-13T18:25:51.004+0000] {dagbag.py:588} INFO - Filling up the DagBag from /home/airflow/.local/lib/python3.12/site-packages/airflow/example_dags/example_params_trigger_ui.py
[2025-11-13T18:25:51.013+0000] {processor.py:925} INFO - DAG(s) 'example_params_trigger_ui' retrieved from /home/airflow/.local/lib/python3.12/site-packages/airflow/example_dags/example_params_trigger_ui.py
[2025-11-13T18:25:51.040+0000] {logging_mixin.py:190} INFO - [2025-11-13T18:25:51.040+0000] {dag.py:3239} INFO - Sync 1 DAGs
[2025-11-13T18:25:51.050+0000] {logging_mixin.py:190} INFO - [2025-11-13T18:25:51.050+0000] {dag.py:4180} INFO - Setting next_dagrun for example_params_trigger_ui to None, run_after=None
[2025-11-13T18:25:51.064+0000] {processor.py:208} INFO - Processing /home/airflow/.local/lib/python3.12/site-packages/airflow/example_dags/example_params_trigger_ui.py took 0.067 seconds
[2025-11-13T18:26:21.219+0000] {processor.py:186} INFO - Started process (PID=8958) to work on /home/airflow/.local/lib/python3.12/site-packages/airflow/example_dags/example_params_trigger_ui.py
[2025-11-13T18:26:21.220+0000] {processor.py:914} INFO - Processing file /home/airflow/.local/lib/python3.12/site-packages/airflow/example_dags/example_params_trigger_ui.py for tasks to queue
[2025-11-13T18:26:21.222+0000] {logging_mixin.py:190} INFO - [2025-11-13T18:26:21.222+0000] {dagbag.py:588} INFO - Filling up the DagBag from /home/airflow/.local/lib/python3.12/site-packages/airflow/example_dags/example_params_trigger_ui.py
[2025-11-13T18:26:21.232+0000] {processor.py:925} INFO - DAG(s) 'example_params_trigger_ui' retrieved from /home/airflow/.local/lib/python3.12/site-packages/airflow/example_dags/example_params_trigger_ui.py
[2025-11-13T18:26:21.261+0000] {logging_mixin.py:190} INFO - [2025-11-13T18:26:21.261+0000] {dag.py:3239} INFO - Sync 1 DAGs
[2025-11-13T18:26:21.271+0000] {logging_mixin.py:190} INFO - [2025-11-13T18:26:21.271+0000] {dag.py:4180} INFO - Setting next_dagrun for example_params_trigger_ui to None, run_after=None
[2025-11-13T18:26:21.283+0000] {processor.py:208} INFO - Processing /home/airflow/.local/lib/python3.12/site-packages/airflow/example_dags/example_params_trigger_ui.py took 0.070 seconds
[2025-11-13T18:26:51.411+0000] {processor.py:186} INFO - Started process (PID=9023) to work on /home/airflow/.local/lib/python3.12/site-packages/airflow/example_dags/example_params_trigger_ui.py
[2025-11-13T18:26:51.412+0000] {processor.py:914} INFO - Processing file /home/airflow/.local/lib/python3.12/site-packages/airflow/example_dags/example_params_trigger_ui.py for tasks to queue
[2025-11-13T18:26:51.415+0000] {logging_mixin.py:190} INFO - [2025-11-13T18:26:51.414+0000] {dagbag.py:588} INFO - Filling up the DagBag from /home/airflow/.local/lib/python3.12/site-packages/airflow/example_dags/example_params_trigger_ui.py
[2025-11-13T18:26:51.423+0000] {processor.py:925} INFO - DAG(s) 'example_params_trigger_ui' retrieved from /home/airflow/.local/lib/python3.12/site-packages/airflow/example_dags/example_params_trigger_ui.py
[2025-11-13T18:26:51.449+0000] {logging_mixin.py:190} INFO - [2025-11-13T18:26:51.449+0000] {dag.py:3239} INFO - Sync 1 DAGs
[2025-11-13T18:26:51.459+0000] {logging_mixin.py:190} INFO - [2025-11-13T18:26:51.458+0000] {dag.py:4180} INFO - Setting next_dagrun for example_params_trigger_ui to None, run_after=None
[2025-11-13T18:26:51.472+0000] {processor.py:208} INFO - Processing /home/airflow/.local/lib/python3.12/site-packages/airflow/example_dags/example_params_trigger_ui.py took 0.065 seconds
[2025-11-13T18:27:22.032+0000] {processor.py:186} INFO - Started process (PID=9088) to work on /home/airflow/.local/lib/python3.12/site-packages/airflow/example_dags/example_params_trigger_ui.py
[2025-11-13T18:27:22.033+0000] {processor.py:914} INFO - Processing file /home/airflow/.local/lib/python3.12/site-packages/airflow/example_dags/example_params_trigger_ui.py for tasks to queue
[2025-11-13T18:27:22.036+0000] {logging_mixin.py:190} INFO - [2025-11-13T18:27:22.035+0000] {dagbag.py:588} INFO - Filling up the DagBag from /home/airflow/.local/lib/python3.12/site-packages/airflow/example_dags/example_params_trigger_ui.py
[2025-11-13T18:27:22.044+0000] {processor.py:925} INFO - DAG(s) 'example_params_trigger_ui' retrieved from /home/airflow/.local/lib/python3.12/site-packages/airflow/example_dags/example_params_trigger_ui.py
[2025-11-13T18:27:22.071+0000] {logging_mixin.py:190} INFO - [2025-11-13T18:27:22.071+0000] {dag.py:3239} INFO - Sync 1 DAGs
[2025-11-13T18:27:22.081+0000] {logging_mixin.py:190} INFO - [2025-11-13T18:27:22.081+0000] {dag.py:4180} INFO - Setting next_dagrun for example_params_trigger_ui to None, run_after=None
[2025-11-13T18:27:22.095+0000] {processor.py:208} INFO - Processing /home/airflow/.local/lib/python3.12/site-packages/airflow/example_dags/example_params_trigger_ui.py took 0.067 seconds
[2025-11-13T18:27:52.361+0000] {processor.py:186} INFO - Started process (PID=9152) to work on /home/airflow/.local/lib/python3.12/site-packages/airflow/example_dags/example_params_trigger_ui.py
[2025-11-13T18:27:52.363+0000] {processor.py:914} INFO - Processing file /home/airflow/.local/lib/python3.12/site-packages/airflow/example_dags/example_params_trigger_ui.py for tasks to queue
[2025-11-13T18:27:52.365+0000] {logging_mixin.py:190} INFO - [2025-11-13T18:27:52.365+0000] {dagbag.py:588} INFO - Filling up the DagBag from /home/airflow/.local/lib/python3.12/site-packages/airflow/example_dags/example_params_trigger_ui.py
[2025-11-13T18:27:52.374+0000] {processor.py:925} INFO - DAG(s) 'example_params_trigger_ui' retrieved from /home/airflow/.local/lib/python3.12/site-packages/airflow/example_dags/example_params_trigger_ui.py
[2025-11-13T18:27:52.402+0000] {logging_mixin.py:190} INFO - [2025-11-13T18:27:52.402+0000] {dag.py:3239} INFO - Sync 1 DAGs
[2025-11-13T18:27:52.412+0000] {logging_mixin.py:190} INFO - [2025-11-13T18:27:52.412+0000] {dag.py:4180} INFO - Setting next_dagrun for example_params_trigger_ui to None, run_after=None
[2025-11-13T18:27:52.426+0000] {processor.py:208} INFO - Processing /home/airflow/.local/lib/python3.12/site-packages/airflow/example_dags/example_params_trigger_ui.py took 0.069 seconds
[2025-11-13T18:28:23.032+0000] {processor.py:186} INFO - Started process (PID=9219) to work on /home/airflow/.local/lib/python3.12/site-packages/airflow/example_dags/example_params_trigger_ui.py
[2025-11-13T18:28:23.033+0000] {processor.py:914} INFO - Processing file /home/airflow/.local/lib/python3.12/site-packages/airflow/example_dags/example_params_trigger_ui.py for tasks to queue
[2025-11-13T18:28:23.035+0000] {logging_mixin.py:190} INFO - [2025-11-13T18:28:23.035+0000] {dagbag.py:588} INFO - Filling up the DagBag from /home/airflow/.local/lib/python3.12/site-packages/airflow/example_dags/example_params_trigger_ui.py
[2025-11-13T18:28:23.045+0000] {processor.py:925} INFO - DAG(s) 'example_params_trigger_ui' retrieved from /home/airflow/.local/lib/python3.12/site-packages/airflow/example_dags/example_params_trigger_ui.py
[2025-11-13T18:28:23.074+0000] {logging_mixin.py:190} INFO - [2025-11-13T18:28:23.074+0000] {dag.py:3239} INFO - Sync 1 DAGs
[2025-11-13T18:28:23.086+0000] {logging_mixin.py:190} INFO - [2025-11-13T18:28:23.085+0000] {dag.py:4180} INFO - Setting next_dagrun for example_params_trigger_ui to None, run_after=None
[2025-11-13T18:28:23.100+0000] {processor.py:208} INFO - Processing /home/airflow/.local/lib/python3.12/site-packages/airflow/example_dags/example_params_trigger_ui.py took 0.072 seconds
[2025-11-13T18:28:52.606+0000] {processor.py:186} INFO - Started process (PID=9291) to work on /home/airflow/.local/lib/python3.12/site-packages/airflow/example_dags/example_params_trigger_ui.py
[2025-11-13T18:28:52.607+0000] {processor.py:914} INFO - Processing file /home/airflow/.local/lib/python3.12/site-packages/airflow/example_dags/example_params_trigger_ui.py for tasks to queue
[2025-11-13T18:28:52.610+0000] {logging_mixin.py:190} INFO - [2025-11-13T18:28:52.610+0000] {dagbag.py:588} INFO - Filling up the DagBag from /home/airflow/.local/lib/python3.12/site-packages/airflow/example_dags/example_params_trigger_ui.py
[2025-11-13T18:28:52.619+0000] {processor.py:925} INFO - DAG(s) 'example_params_trigger_ui' retrieved from /home/airflow/.local/lib/python3.12/site-packages/airflow/example_dags/example_params_trigger_ui.py
[2025-11-13T18:28:52.645+0000] {logging_mixin.py:190} INFO - [2025-11-13T18:28:52.645+0000] {dag.py:3239} INFO - Sync 1 DAGs
[2025-11-13T18:28:52.655+0000] {logging_mixin.py:190} INFO - [2025-11-13T18:28:52.655+0000] {dag.py:4180} INFO - Setting next_dagrun for example_params_trigger_ui to None, run_after=None
[2025-11-13T18:28:52.670+0000] {processor.py:208} INFO - Processing /home/airflow/.local/lib/python3.12/site-packages/airflow/example_dags/example_params_trigger_ui.py took 0.068 seconds
[2025-11-13T18:29:23.445+0000] {processor.py:186} INFO - Started process (PID=9354) to work on /home/airflow/.local/lib/python3.12/site-packages/airflow/example_dags/example_params_trigger_ui.py
[2025-11-13T18:29:23.446+0000] {processor.py:914} INFO - Processing file /home/airflow/.local/lib/python3.12/site-packages/airflow/example_dags/example_params_trigger_ui.py for tasks to queue
[2025-11-13T18:29:23.449+0000] {logging_mixin.py:190} INFO - [2025-11-13T18:29:23.448+0000] {dagbag.py:588} INFO - Filling up the DagBag from /home/airflow/.local/lib/python3.12/site-packages/airflow/example_dags/example_params_trigger_ui.py
[2025-11-13T18:29:23.461+0000] {processor.py:925} INFO - DAG(s) 'example_params_trigger_ui' retrieved from /home/airflow/.local/lib/python3.12/site-packages/airflow/example_dags/example_params_trigger_ui.py
[2025-11-13T18:29:23.490+0000] {logging_mixin.py:190} INFO - [2025-11-13T18:29:23.490+0000] {dag.py:3239} INFO - Sync 1 DAGs
[2025-11-13T18:29:23.503+0000] {logging_mixin.py:190} INFO - [2025-11-13T18:29:23.502+0000] {dag.py:4180} INFO - Setting next_dagrun for example_params_trigger_ui to None, run_after=None
[2025-11-13T18:29:23.519+0000] {processor.py:208} INFO - Processing /home/airflow/.local/lib/python3.12/site-packages/airflow/example_dags/example_params_trigger_ui.py took 0.080 seconds
[2025-11-13T18:29:53.760+0000] {processor.py:186} INFO - Started process (PID=9418) to work on /home/airflow/.local/lib/python3.12/site-packages/airflow/example_dags/example_params_trigger_ui.py
[2025-11-13T18:29:53.761+0000] {processor.py:914} INFO - Processing file /home/airflow/.local/lib/python3.12/site-packages/airflow/example_dags/example_params_trigger_ui.py for tasks to queue
[2025-11-13T18:29:53.763+0000] {logging_mixin.py:190} INFO - [2025-11-13T18:29:53.763+0000] {dagbag.py:588} INFO - Filling up the DagBag from /home/airflow/.local/lib/python3.12/site-packages/airflow/example_dags/example_params_trigger_ui.py
[2025-11-13T18:29:53.771+0000] {processor.py:925} INFO - DAG(s) 'example_params_trigger_ui' retrieved from /home/airflow/.local/lib/python3.12/site-packages/airflow/example_dags/example_params_trigger_ui.py
[2025-11-13T18:29:53.797+0000] {logging_mixin.py:190} INFO - [2025-11-13T18:29:53.797+0000] {dag.py:3239} INFO - Sync 1 DAGs
[2025-11-13T18:29:53.808+0000] {logging_mixin.py:190} INFO - [2025-11-13T18:29:53.808+0000] {dag.py:4180} INFO - Setting next_dagrun for example_params_trigger_ui to None, run_after=None
[2025-11-13T18:29:53.821+0000] {processor.py:208} INFO - Processing /home/airflow/.local/lib/python3.12/site-packages/airflow/example_dags/example_params_trigger_ui.py took 0.065 seconds
[2025-11-13T18:30:23.923+0000] {processor.py:186} INFO - Started process (PID=9483) to work on /home/airflow/.local/lib/python3.12/site-packages/airflow/example_dags/example_params_trigger_ui.py
[2025-11-13T18:30:23.925+0000] {processor.py:914} INFO - Processing file /home/airflow/.local/lib/python3.12/site-packages/airflow/example_dags/example_params_trigger_ui.py for tasks to queue
[2025-11-13T18:30:23.927+0000] {logging_mixin.py:190} INFO - [2025-11-13T18:30:23.926+0000] {dagbag.py:588} INFO - Filling up the DagBag from /home/airflow/.local/lib/python3.12/site-packages/airflow/example_dags/example_params_trigger_ui.py
[2025-11-13T18:30:23.935+0000] {processor.py:925} INFO - DAG(s) 'example_params_trigger_ui' retrieved from /home/airflow/.local/lib/python3.12/site-packages/airflow/example_dags/example_params_trigger_ui.py
[2025-11-13T18:30:23.962+0000] {logging_mixin.py:190} INFO - [2025-11-13T18:30:23.961+0000] {dag.py:3239} INFO - Sync 1 DAGs
[2025-11-13T18:30:23.971+0000] {logging_mixin.py:190} INFO - [2025-11-13T18:30:23.971+0000] {dag.py:4180} INFO - Setting next_dagrun for example_params_trigger_ui to None, run_after=None
[2025-11-13T18:30:23.985+0000] {processor.py:208} INFO - Processing /home/airflow/.local/lib/python3.12/site-packages/airflow/example_dags/example_params_trigger_ui.py took 0.066 seconds
[2025-11-13T18:30:54.428+0000] {processor.py:186} INFO - Started process (PID=9548) to work on /home/airflow/.local/lib/python3.12/site-packages/airflow/example_dags/example_params_trigger_ui.py
[2025-11-13T18:30:54.429+0000] {processor.py:914} INFO - Processing file /home/airflow/.local/lib/python3.12/site-packages/airflow/example_dags/example_params_trigger_ui.py for tasks to queue
[2025-11-13T18:30:54.431+0000] {logging_mixin.py:190} INFO - [2025-11-13T18:30:54.431+0000] {dagbag.py:588} INFO - Filling up the DagBag from /home/airflow/.local/lib/python3.12/site-packages/airflow/example_dags/example_params_trigger_ui.py
[2025-11-13T18:30:54.440+0000] {processor.py:925} INFO - DAG(s) 'example_params_trigger_ui' retrieved from /home/airflow/.local/lib/python3.12/site-packages/airflow/example_dags/example_params_trigger_ui.py
[2025-11-13T18:30:54.468+0000] {logging_mixin.py:190} INFO - [2025-11-13T18:30:54.468+0000] {dag.py:3239} INFO - Sync 1 DAGs
[2025-11-13T18:30:54.480+0000] {logging_mixin.py:190} INFO - [2025-11-13T18:30:54.480+0000] {dag.py:4180} INFO - Setting next_dagrun for example_params_trigger_ui to None, run_after=None
[2025-11-13T18:30:54.497+0000] {processor.py:208} INFO - Processing /home/airflow/.local/lib/python3.12/site-packages/airflow/example_dags/example_params_trigger_ui.py took 0.074 seconds
[2025-11-13T18:31:24.938+0000] {processor.py:186} INFO - Started process (PID=9613) to work on /home/airflow/.local/lib/python3.12/site-packages/airflow/example_dags/example_params_trigger_ui.py
[2025-11-13T18:31:24.939+0000] {processor.py:914} INFO - Processing file /home/airflow/.local/lib/python3.12/site-packages/airflow/example_dags/example_params_trigger_ui.py for tasks to queue
[2025-11-13T18:31:24.941+0000] {logging_mixin.py:190} INFO - [2025-11-13T18:31:24.941+0000] {dagbag.py:588} INFO - Filling up the DagBag from /home/airflow/.local/lib/python3.12/site-packages/airflow/example_dags/example_params_trigger_ui.py
[2025-11-13T18:31:24.950+0000] {processor.py:925} INFO - DAG(s) 'example_params_trigger_ui' retrieved from /home/airflow/.local/lib/python3.12/site-packages/airflow/example_dags/example_params_trigger_ui.py
[2025-11-13T18:31:24.978+0000] {logging_mixin.py:190} INFO - [2025-11-13T18:31:24.977+0000] {dag.py:3239} INFO - Sync 1 DAGs
[2025-11-13T18:31:24.987+0000] {logging_mixin.py:190} INFO - [2025-11-13T18:31:24.987+0000] {dag.py:4180} INFO - Setting next_dagrun for example_params_trigger_ui to None, run_after=None
[2025-11-13T18:31:25.001+0000] {processor.py:208} INFO - Processing /home/airflow/.local/lib/python3.12/site-packages/airflow/example_dags/example_params_trigger_ui.py took 0.067 seconds
[2025-11-13T18:31:55.666+0000] {processor.py:186} INFO - Started process (PID=9678) to work on /home/airflow/.local/lib/python3.12/site-packages/airflow/example_dags/example_params_trigger_ui.py
[2025-11-13T18:31:55.669+0000] {processor.py:914} INFO - Processing file /home/airflow/.local/lib/python3.12/site-packages/airflow/example_dags/example_params_trigger_ui.py for tasks to queue
[2025-11-13T18:31:55.673+0000] {logging_mixin.py:190} INFO - [2025-11-13T18:31:55.673+0000] {dagbag.py:588} INFO - Filling up the DagBag from /home/airflow/.local/lib/python3.12/site-packages/airflow/example_dags/example_params_trigger_ui.py
[2025-11-13T18:31:55.685+0000] {processor.py:925} INFO - DAG(s) 'example_params_trigger_ui' retrieved from /home/airflow/.local/lib/python3.12/site-packages/airflow/example_dags/example_params_trigger_ui.py
[2025-11-13T18:31:55.717+0000] {logging_mixin.py:190} INFO - [2025-11-13T18:31:55.717+0000] {dag.py:3239} INFO - Sync 1 DAGs
[2025-11-13T18:31:55.731+0000] {logging_mixin.py:190} INFO - [2025-11-13T18:31:55.731+0000] {dag.py:4180} INFO - Setting next_dagrun for example_params_trigger_ui to None, run_after=None
[2025-11-13T18:31:55.747+0000] {processor.py:208} INFO - Processing /home/airflow/.local/lib/python3.12/site-packages/airflow/example_dags/example_params_trigger_ui.py took 0.086 seconds
[2025-11-13T18:32:25.895+0000] {processor.py:186} INFO - Started process (PID=9743) to work on /home/airflow/.local/lib/python3.12/site-packages/airflow/example_dags/example_params_trigger_ui.py
[2025-11-13T18:32:25.896+0000] {processor.py:914} INFO - Processing file /home/airflow/.local/lib/python3.12/site-packages/airflow/example_dags/example_params_trigger_ui.py for tasks to queue
[2025-11-13T18:32:25.898+0000] {logging_mixin.py:190} INFO - [2025-11-13T18:32:25.898+0000] {dagbag.py:588} INFO - Filling up the DagBag from /home/airflow/.local/lib/python3.12/site-packages/airflow/example_dags/example_params_trigger_ui.py
[2025-11-13T18:32:25.906+0000] {processor.py:925} INFO - DAG(s) 'example_params_trigger_ui' retrieved from /home/airflow/.local/lib/python3.12/site-packages/airflow/example_dags/example_params_trigger_ui.py
[2025-11-13T18:32:25.934+0000] {logging_mixin.py:190} INFO - [2025-11-13T18:32:25.934+0000] {dag.py:3239} INFO - Sync 1 DAGs
[2025-11-13T18:32:25.945+0000] {logging_mixin.py:190} INFO - [2025-11-13T18:32:25.945+0000] {dag.py:4180} INFO - Setting next_dagrun for example_params_trigger_ui to None, run_after=None
[2025-11-13T18:32:25.960+0000] {processor.py:208} INFO - Processing /home/airflow/.local/lib/python3.12/site-packages/airflow/example_dags/example_params_trigger_ui.py took 0.070 seconds
[2025-11-13T18:32:56.142+0000] {processor.py:186} INFO - Started process (PID=9808) to work on /home/airflow/.local/lib/python3.12/site-packages/airflow/example_dags/example_params_trigger_ui.py
[2025-11-13T18:32:56.143+0000] {processor.py:914} INFO - Processing file /home/airflow/.local/lib/python3.12/site-packages/airflow/example_dags/example_params_trigger_ui.py for tasks to queue
[2025-11-13T18:32:56.145+0000] {logging_mixin.py:190} INFO - [2025-11-13T18:32:56.145+0000] {dagbag.py:588} INFO - Filling up the DagBag from /home/airflow/.local/lib/python3.12/site-packages/airflow/example_dags/example_params_trigger_ui.py
[2025-11-13T18:32:56.153+0000] {processor.py:925} INFO - DAG(s) 'example_params_trigger_ui' retrieved from /home/airflow/.local/lib/python3.12/site-packages/airflow/example_dags/example_params_trigger_ui.py
[2025-11-13T18:32:56.181+0000] {logging_mixin.py:190} INFO - [2025-11-13T18:32:56.181+0000] {dag.py:3239} INFO - Sync 1 DAGs
[2025-11-13T18:32:56.192+0000] {logging_mixin.py:190} INFO - [2025-11-13T18:32:56.191+0000] {dag.py:4180} INFO - Setting next_dagrun for example_params_trigger_ui to None, run_after=None
[2025-11-13T18:32:56.207+0000] {processor.py:208} INFO - Processing /home/airflow/.local/lib/python3.12/site-packages/airflow/example_dags/example_params_trigger_ui.py took 0.070 seconds
[2025-11-13T18:33:26.502+0000] {processor.py:186} INFO - Started process (PID=9873) to work on /home/airflow/.local/lib/python3.12/site-packages/airflow/example_dags/example_params_trigger_ui.py
[2025-11-13T18:33:26.503+0000] {processor.py:914} INFO - Processing file /home/airflow/.local/lib/python3.12/site-packages/airflow/example_dags/example_params_trigger_ui.py for tasks to queue
[2025-11-13T18:33:26.505+0000] {logging_mixin.py:190} INFO - [2025-11-13T18:33:26.505+0000] {dagbag.py:588} INFO - Filling up the DagBag from /home/airflow/.local/lib/python3.12/site-packages/airflow/example_dags/example_params_trigger_ui.py
[2025-11-13T18:33:26.514+0000] {processor.py:925} INFO - DAG(s) 'example_params_trigger_ui' retrieved from /home/airflow/.local/lib/python3.12/site-packages/airflow/example_dags/example_params_trigger_ui.py
[2025-11-13T18:33:26.541+0000] {logging_mixin.py:190} INFO - [2025-11-13T18:33:26.541+0000] {dag.py:3239} INFO - Sync 1 DAGs
[2025-11-13T18:33:26.551+0000] {logging_mixin.py:190} INFO - [2025-11-13T18:33:26.551+0000] {dag.py:4180} INFO - Setting next_dagrun for example_params_trigger_ui to None, run_after=None
[2025-11-13T18:33:26.566+0000] {processor.py:208} INFO - Processing /home/airflow/.local/lib/python3.12/site-packages/airflow/example_dags/example_params_trigger_ui.py took 0.068 seconds
[2025-11-13T18:33:56.756+0000] {processor.py:186} INFO - Started process (PID=9938) to work on /home/airflow/.local/lib/python3.12/site-packages/airflow/example_dags/example_params_trigger_ui.py
[2025-11-13T18:33:56.757+0000] {processor.py:914} INFO - Processing file /home/airflow/.local/lib/python3.12/site-packages/airflow/example_dags/example_params_trigger_ui.py for tasks to queue
[2025-11-13T18:33:56.759+0000] {logging_mixin.py:190} INFO - [2025-11-13T18:33:56.759+0000] {dagbag.py:588} INFO - Filling up the DagBag from /home/airflow/.local/lib/python3.12/site-packages/airflow/example_dags/example_params_trigger_ui.py
[2025-11-13T18:33:56.768+0000] {processor.py:925} INFO - DAG(s) 'example_params_trigger_ui' retrieved from /home/airflow/.local/lib/python3.12/site-packages/airflow/example_dags/example_params_trigger_ui.py
[2025-11-13T18:33:56.796+0000] {logging_mixin.py:190} INFO - [2025-11-13T18:33:56.795+0000] {dag.py:3239} INFO - Sync 1 DAGs
[2025-11-13T18:33:56.806+0000] {logging_mixin.py:190} INFO - [2025-11-13T18:33:56.806+0000] {dag.py:4180} INFO - Setting next_dagrun for example_params_trigger_ui to None, run_after=None
[2025-11-13T18:33:56.821+0000] {processor.py:208} INFO - Processing /home/airflow/.local/lib/python3.12/site-packages/airflow/example_dags/example_params_trigger_ui.py took 0.069 seconds
[2025-11-13T18:34:27.155+0000] {processor.py:186} INFO - Started process (PID=10003) to work on /home/airflow/.local/lib/python3.12/site-packages/airflow/example_dags/example_params_trigger_ui.py
[2025-11-13T18:34:27.155+0000] {processor.py:914} INFO - Processing file /home/airflow/.local/lib/python3.12/site-packages/airflow/example_dags/example_params_trigger_ui.py for tasks to queue
[2025-11-13T18:34:27.157+0000] {logging_mixin.py:190} INFO - [2025-11-13T18:34:27.157+0000] {dagbag.py:588} INFO - Filling up the DagBag from /home/airflow/.local/lib/python3.12/site-packages/airflow/example_dags/example_params_trigger_ui.py
[2025-11-13T18:34:27.166+0000] {processor.py:925} INFO - DAG(s) 'example_params_trigger_ui' retrieved from /home/airflow/.local/lib/python3.12/site-packages/airflow/example_dags/example_params_trigger_ui.py
[2025-11-13T18:34:27.194+0000] {logging_mixin.py:190} INFO - [2025-11-13T18:34:27.194+0000] {dag.py:3239} INFO - Sync 1 DAGs
[2025-11-13T18:34:27.205+0000] {logging_mixin.py:190} INFO - [2025-11-13T18:34:27.204+0000] {dag.py:4180} INFO - Setting next_dagrun for example_params_trigger_ui to None, run_after=None
[2025-11-13T18:34:27.222+0000] {processor.py:208} INFO - Processing /home/airflow/.local/lib/python3.12/site-packages/airflow/example_dags/example_params_trigger_ui.py took 0.072 seconds
[2025-11-13T18:34:57.343+0000] {processor.py:186} INFO - Started process (PID=10068) to work on /home/airflow/.local/lib/python3.12/site-packages/airflow/example_dags/example_params_trigger_ui.py
[2025-11-13T18:34:57.344+0000] {processor.py:914} INFO - Processing file /home/airflow/.local/lib/python3.12/site-packages/airflow/example_dags/example_params_trigger_ui.py for tasks to queue
[2025-11-13T18:34:57.345+0000] {logging_mixin.py:190} INFO - [2025-11-13T18:34:57.345+0000] {dagbag.py:588} INFO - Filling up the DagBag from /home/airflow/.local/lib/python3.12/site-packages/airflow/example_dags/example_params_trigger_ui.py
[2025-11-13T18:34:57.353+0000] {processor.py:925} INFO - DAG(s) 'example_params_trigger_ui' retrieved from /home/airflow/.local/lib/python3.12/site-packages/airflow/example_dags/example_params_trigger_ui.py
[2025-11-13T18:34:57.379+0000] {logging_mixin.py:190} INFO - [2025-11-13T18:34:57.379+0000] {dag.py:3239} INFO - Sync 1 DAGs
[2025-11-13T18:34:57.389+0000] {logging_mixin.py:190} INFO - [2025-11-13T18:34:57.389+0000] {dag.py:4180} INFO - Setting next_dagrun for example_params_trigger_ui to None, run_after=None
[2025-11-13T18:34:57.403+0000] {processor.py:208} INFO - Processing /home/airflow/.local/lib/python3.12/site-packages/airflow/example_dags/example_params_trigger_ui.py took 0.064 seconds
[2025-11-13T18:35:27.945+0000] {processor.py:186} INFO - Started process (PID=10133) to work on /home/airflow/.local/lib/python3.12/site-packages/airflow/example_dags/example_params_trigger_ui.py
[2025-11-13T18:35:27.946+0000] {processor.py:914} INFO - Processing file /home/airflow/.local/lib/python3.12/site-packages/airflow/example_dags/example_params_trigger_ui.py for tasks to queue
[2025-11-13T18:35:27.948+0000] {logging_mixin.py:190} INFO - [2025-11-13T18:35:27.948+0000] {dagbag.py:588} INFO - Filling up the DagBag from /home/airflow/.local/lib/python3.12/site-packages/airflow/example_dags/example_params_trigger_ui.py
[2025-11-13T18:35:27.957+0000] {processor.py:925} INFO - DAG(s) 'example_params_trigger_ui' retrieved from /home/airflow/.local/lib/python3.12/site-packages/airflow/example_dags/example_params_trigger_ui.py
[2025-11-13T18:35:27.985+0000] {logging_mixin.py:190} INFO - [2025-11-13T18:35:27.984+0000] {dag.py:3239} INFO - Sync 1 DAGs
[2025-11-13T18:35:27.995+0000] {logging_mixin.py:190} INFO - [2025-11-13T18:35:27.995+0000] {dag.py:4180} INFO - Setting next_dagrun for example_params_trigger_ui to None, run_after=None
[2025-11-13T18:35:28.011+0000] {processor.py:208} INFO - Processing /home/airflow/.local/lib/python3.12/site-packages/airflow/example_dags/example_params_trigger_ui.py took 0.070 seconds
[2025-11-13T18:35:58.224+0000] {processor.py:186} INFO - Started process (PID=10204) to work on /home/airflow/.local/lib/python3.12/site-packages/airflow/example_dags/example_params_trigger_ui.py
[2025-11-13T18:35:58.225+0000] {processor.py:914} INFO - Processing file /home/airflow/.local/lib/python3.12/site-packages/airflow/example_dags/example_params_trigger_ui.py for tasks to queue
[2025-11-13T18:35:58.228+0000] {logging_mixin.py:190} INFO - [2025-11-13T18:35:58.228+0000] {dagbag.py:588} INFO - Filling up the DagBag from /home/airflow/.local/lib/python3.12/site-packages/airflow/example_dags/example_params_trigger_ui.py
[2025-11-13T18:35:58.237+0000] {processor.py:925} INFO - DAG(s) 'example_params_trigger_ui' retrieved from /home/airflow/.local/lib/python3.12/site-packages/airflow/example_dags/example_params_trigger_ui.py
[2025-11-13T18:35:58.269+0000] {logging_mixin.py:190} INFO - [2025-11-13T18:35:58.268+0000] {dag.py:3239} INFO - Sync 1 DAGs
[2025-11-13T18:35:58.289+0000] {logging_mixin.py:190} INFO - [2025-11-13T18:35:58.289+0000] {dag.py:4180} INFO - Setting next_dagrun for example_params_trigger_ui to None, run_after=None
[2025-11-13T18:35:58.307+0000] {processor.py:208} INFO - Processing /home/airflow/.local/lib/python3.12/site-packages/airflow/example_dags/example_params_trigger_ui.py took 0.088 seconds
[2025-11-13T18:36:28.551+0000] {processor.py:186} INFO - Started process (PID=10269) to work on /home/airflow/.local/lib/python3.12/site-packages/airflow/example_dags/example_params_trigger_ui.py
[2025-11-13T18:36:28.552+0000] {processor.py:914} INFO - Processing file /home/airflow/.local/lib/python3.12/site-packages/airflow/example_dags/example_params_trigger_ui.py for tasks to queue
[2025-11-13T18:36:28.554+0000] {logging_mixin.py:190} INFO - [2025-11-13T18:36:28.554+0000] {dagbag.py:588} INFO - Filling up the DagBag from /home/airflow/.local/lib/python3.12/site-packages/airflow/example_dags/example_params_trigger_ui.py
[2025-11-13T18:36:28.562+0000] {processor.py:925} INFO - DAG(s) 'example_params_trigger_ui' retrieved from /home/airflow/.local/lib/python3.12/site-packages/airflow/example_dags/example_params_trigger_ui.py
[2025-11-13T18:36:28.591+0000] {logging_mixin.py:190} INFO - [2025-11-13T18:36:28.591+0000] {dag.py:3239} INFO - Sync 1 DAGs
[2025-11-13T18:36:28.601+0000] {logging_mixin.py:190} INFO - [2025-11-13T18:36:28.601+0000] {dag.py:4180} INFO - Setting next_dagrun for example_params_trigger_ui to None, run_after=None
[2025-11-13T18:36:28.615+0000] {processor.py:208} INFO - Processing /home/airflow/.local/lib/python3.12/site-packages/airflow/example_dags/example_params_trigger_ui.py took 0.069 seconds
[2025-11-13T18:36:59.184+0000] {processor.py:186} INFO - Started process (PID=10334) to work on /home/airflow/.local/lib/python3.12/site-packages/airflow/example_dags/example_params_trigger_ui.py
[2025-11-13T18:36:59.186+0000] {processor.py:914} INFO - Processing file /home/airflow/.local/lib/python3.12/site-packages/airflow/example_dags/example_params_trigger_ui.py for tasks to queue
[2025-11-13T18:36:59.189+0000] {logging_mixin.py:190} INFO - [2025-11-13T18:36:59.189+0000] {dagbag.py:588} INFO - Filling up the DagBag from /home/airflow/.local/lib/python3.12/site-packages/airflow/example_dags/example_params_trigger_ui.py
[2025-11-13T18:36:59.199+0000] {processor.py:925} INFO - DAG(s) 'example_params_trigger_ui' retrieved from /home/airflow/.local/lib/python3.12/site-packages/airflow/example_dags/example_params_trigger_ui.py
[2025-11-13T18:36:59.234+0000] {logging_mixin.py:190} INFO - [2025-11-13T18:36:59.234+0000] {dag.py:3239} INFO - Sync 1 DAGs
[2025-11-13T18:36:59.247+0000] {logging_mixin.py:190} INFO - [2025-11-13T18:36:59.247+0000] {dag.py:4180} INFO - Setting next_dagrun for example_params_trigger_ui to None, run_after=None
[2025-11-13T18:36:59.409+0000] {processor.py:208} INFO - Processing /home/airflow/.local/lib/python3.12/site-packages/airflow/example_dags/example_params_trigger_ui.py took 0.230 seconds
[2025-11-13T18:37:29.459+0000] {processor.py:186} INFO - Started process (PID=10399) to work on /home/airflow/.local/lib/python3.12/site-packages/airflow/example_dags/example_params_trigger_ui.py
[2025-11-13T18:37:29.460+0000] {processor.py:914} INFO - Processing file /home/airflow/.local/lib/python3.12/site-packages/airflow/example_dags/example_params_trigger_ui.py for tasks to queue
[2025-11-13T18:37:29.462+0000] {logging_mixin.py:190} INFO - [2025-11-13T18:37:29.462+0000] {dagbag.py:588} INFO - Filling up the DagBag from /home/airflow/.local/lib/python3.12/site-packages/airflow/example_dags/example_params_trigger_ui.py
[2025-11-13T18:37:29.471+0000] {processor.py:925} INFO - DAG(s) 'example_params_trigger_ui' retrieved from /home/airflow/.local/lib/python3.12/site-packages/airflow/example_dags/example_params_trigger_ui.py
[2025-11-13T18:37:29.500+0000] {logging_mixin.py:190} INFO - [2025-11-13T18:37:29.500+0000] {dag.py:3239} INFO - Sync 1 DAGs
[2025-11-13T18:37:29.510+0000] {logging_mixin.py:190} INFO - [2025-11-13T18:37:29.510+0000] {dag.py:4180} INFO - Setting next_dagrun for example_params_trigger_ui to None, run_after=None
[2025-11-13T18:37:29.526+0000] {processor.py:208} INFO - Processing /home/airflow/.local/lib/python3.12/site-packages/airflow/example_dags/example_params_trigger_ui.py took 0.072 seconds
[2025-11-13T18:37:59.616+0000] {processor.py:186} INFO - Started process (PID=10464) to work on /home/airflow/.local/lib/python3.12/site-packages/airflow/example_dags/example_params_trigger_ui.py
[2025-11-13T18:37:59.618+0000] {processor.py:914} INFO - Processing file /home/airflow/.local/lib/python3.12/site-packages/airflow/example_dags/example_params_trigger_ui.py for tasks to queue
[2025-11-13T18:37:59.620+0000] {logging_mixin.py:190} INFO - [2025-11-13T18:37:59.619+0000] {dagbag.py:588} INFO - Filling up the DagBag from /home/airflow/.local/lib/python3.12/site-packages/airflow/example_dags/example_params_trigger_ui.py
[2025-11-13T18:37:59.628+0000] {processor.py:925} INFO - DAG(s) 'example_params_trigger_ui' retrieved from /home/airflow/.local/lib/python3.12/site-packages/airflow/example_dags/example_params_trigger_ui.py
[2025-11-13T18:37:59.655+0000] {logging_mixin.py:190} INFO - [2025-11-13T18:37:59.655+0000] {dag.py:3239} INFO - Sync 1 DAGs
[2025-11-13T18:37:59.666+0000] {logging_mixin.py:190} INFO - [2025-11-13T18:37:59.665+0000] {dag.py:4180} INFO - Setting next_dagrun for example_params_trigger_ui to None, run_after=None
[2025-11-13T18:37:59.679+0000] {processor.py:208} INFO - Processing /home/airflow/.local/lib/python3.12/site-packages/airflow/example_dags/example_params_trigger_ui.py took 0.067 seconds
[2025-11-13T18:38:30.381+0000] {processor.py:186} INFO - Started process (PID=10529) to work on /home/airflow/.local/lib/python3.12/site-packages/airflow/example_dags/example_params_trigger_ui.py
[2025-11-13T18:38:30.383+0000] {processor.py:914} INFO - Processing file /home/airflow/.local/lib/python3.12/site-packages/airflow/example_dags/example_params_trigger_ui.py for tasks to queue
[2025-11-13T18:38:30.386+0000] {logging_mixin.py:190} INFO - [2025-11-13T18:38:30.385+0000] {dagbag.py:588} INFO - Filling up the DagBag from /home/airflow/.local/lib/python3.12/site-packages/airflow/example_dags/example_params_trigger_ui.py
[2025-11-13T18:38:30.397+0000] {processor.py:925} INFO - DAG(s) 'example_params_trigger_ui' retrieved from /home/airflow/.local/lib/python3.12/site-packages/airflow/example_dags/example_params_trigger_ui.py
[2025-11-13T18:38:30.554+0000] {logging_mixin.py:190} INFO - [2025-11-13T18:38:30.554+0000] {dag.py:3239} INFO - Sync 1 DAGs
[2025-11-13T18:38:30.562+0000] {logging_mixin.py:190} INFO - [2025-11-13T18:38:30.562+0000] {dag.py:4180} INFO - Setting next_dagrun for example_params_trigger_ui to None, run_after=None
[2025-11-13T18:38:30.576+0000] {processor.py:208} INFO - Processing /home/airflow/.local/lib/python3.12/site-packages/airflow/example_dags/example_params_trigger_ui.py took 0.200 seconds
[2025-11-13T18:39:00.903+0000] {processor.py:186} INFO - Started process (PID=10594) to work on /home/airflow/.local/lib/python3.12/site-packages/airflow/example_dags/example_params_trigger_ui.py
[2025-11-13T18:39:00.904+0000] {processor.py:914} INFO - Processing file /home/airflow/.local/lib/python3.12/site-packages/airflow/example_dags/example_params_trigger_ui.py for tasks to queue
[2025-11-13T18:39:00.906+0000] {logging_mixin.py:190} INFO - [2025-11-13T18:39:00.906+0000] {dagbag.py:588} INFO - Filling up the DagBag from /home/airflow/.local/lib/python3.12/site-packages/airflow/example_dags/example_params_trigger_ui.py
[2025-11-13T18:39:00.915+0000] {processor.py:925} INFO - DAG(s) 'example_params_trigger_ui' retrieved from /home/airflow/.local/lib/python3.12/site-packages/airflow/example_dags/example_params_trigger_ui.py
[2025-11-13T18:39:01.086+0000] {logging_mixin.py:190} INFO - [2025-11-13T18:39:01.086+0000] {dag.py:3239} INFO - Sync 1 DAGs
[2025-11-13T18:39:01.096+0000] {logging_mixin.py:190} INFO - [2025-11-13T18:39:01.096+0000] {dag.py:4180} INFO - Setting next_dagrun for example_params_trigger_ui to None, run_after=None
[2025-11-13T18:39:01.111+0000] {processor.py:208} INFO - Processing /home/airflow/.local/lib/python3.12/site-packages/airflow/example_dags/example_params_trigger_ui.py took 0.213 seconds
[2025-11-13T18:39:31.569+0000] {processor.py:186} INFO - Started process (PID=10659) to work on /home/airflow/.local/lib/python3.12/site-packages/airflow/example_dags/example_params_trigger_ui.py
[2025-11-13T18:39:31.570+0000] {processor.py:914} INFO - Processing file /home/airflow/.local/lib/python3.12/site-packages/airflow/example_dags/example_params_trigger_ui.py for tasks to queue
[2025-11-13T18:39:31.574+0000] {logging_mixin.py:190} INFO - [2025-11-13T18:39:31.574+0000] {dagbag.py:588} INFO - Filling up the DagBag from /home/airflow/.local/lib/python3.12/site-packages/airflow/example_dags/example_params_trigger_ui.py
[2025-11-13T18:39:31.583+0000] {processor.py:925} INFO - DAG(s) 'example_params_trigger_ui' retrieved from /home/airflow/.local/lib/python3.12/site-packages/airflow/example_dags/example_params_trigger_ui.py
[2025-11-13T18:39:31.612+0000] {logging_mixin.py:190} INFO - [2025-11-13T18:39:31.612+0000] {dag.py:3239} INFO - Sync 1 DAGs
[2025-11-13T18:39:31.625+0000] {logging_mixin.py:190} INFO - [2025-11-13T18:39:31.625+0000] {dag.py:4180} INFO - Setting next_dagrun for example_params_trigger_ui to None, run_after=None
[2025-11-13T18:39:31.644+0000] {processor.py:208} INFO - Processing /home/airflow/.local/lib/python3.12/site-packages/airflow/example_dags/example_params_trigger_ui.py took 0.079 seconds
[2025-11-13T18:40:01.863+0000] {processor.py:186} INFO - Started process (PID=10724) to work on /home/airflow/.local/lib/python3.12/site-packages/airflow/example_dags/example_params_trigger_ui.py
[2025-11-13T18:40:01.864+0000] {processor.py:914} INFO - Processing file /home/airflow/.local/lib/python3.12/site-packages/airflow/example_dags/example_params_trigger_ui.py for tasks to queue
[2025-11-13T18:40:01.868+0000] {logging_mixin.py:190} INFO - [2025-11-13T18:40:01.867+0000] {dagbag.py:588} INFO - Filling up the DagBag from /home/airflow/.local/lib/python3.12/site-packages/airflow/example_dags/example_params_trigger_ui.py
[2025-11-13T18:40:01.877+0000] {processor.py:925} INFO - DAG(s) 'example_params_trigger_ui' retrieved from /home/airflow/.local/lib/python3.12/site-packages/airflow/example_dags/example_params_trigger_ui.py
[2025-11-13T18:40:01.903+0000] {logging_mixin.py:190} INFO - [2025-11-13T18:40:01.903+0000] {dag.py:3239} INFO - Sync 1 DAGs
[2025-11-13T18:40:01.914+0000] {logging_mixin.py:190} INFO - [2025-11-13T18:40:01.914+0000] {dag.py:4180} INFO - Setting next_dagrun for example_params_trigger_ui to None, run_after=None
[2025-11-13T18:40:01.926+0000] {processor.py:208} INFO - Processing /home/airflow/.local/lib/python3.12/site-packages/airflow/example_dags/example_params_trigger_ui.py took 0.068 seconds
[2025-11-13T18:40:32.465+0000] {processor.py:186} INFO - Started process (PID=10788) to work on /home/airflow/.local/lib/python3.12/site-packages/airflow/example_dags/example_params_trigger_ui.py
[2025-11-13T18:40:32.466+0000] {processor.py:914} INFO - Processing file /home/airflow/.local/lib/python3.12/site-packages/airflow/example_dags/example_params_trigger_ui.py for tasks to queue
[2025-11-13T18:40:32.468+0000] {logging_mixin.py:190} INFO - [2025-11-13T18:40:32.467+0000] {dagbag.py:588} INFO - Filling up the DagBag from /home/airflow/.local/lib/python3.12/site-packages/airflow/example_dags/example_params_trigger_ui.py
[2025-11-13T18:40:32.476+0000] {processor.py:925} INFO - DAG(s) 'example_params_trigger_ui' retrieved from /home/airflow/.local/lib/python3.12/site-packages/airflow/example_dags/example_params_trigger_ui.py
[2025-11-13T18:40:32.502+0000] {logging_mixin.py:190} INFO - [2025-11-13T18:40:32.502+0000] {dag.py:3239} INFO - Sync 1 DAGs
[2025-11-13T18:40:32.512+0000] {logging_mixin.py:190} INFO - [2025-11-13T18:40:32.512+0000] {dag.py:4180} INFO - Setting next_dagrun for example_params_trigger_ui to None, run_after=None
[2025-11-13T18:40:32.527+0000] {processor.py:208} INFO - Processing /home/airflow/.local/lib/python3.12/site-packages/airflow/example_dags/example_params_trigger_ui.py took 0.066 seconds
[2025-11-13T18:41:02.979+0000] {processor.py:186} INFO - Started process (PID=10853) to work on /home/airflow/.local/lib/python3.12/site-packages/airflow/example_dags/example_params_trigger_ui.py
[2025-11-13T18:41:02.980+0000] {processor.py:914} INFO - Processing file /home/airflow/.local/lib/python3.12/site-packages/airflow/example_dags/example_params_trigger_ui.py for tasks to queue
[2025-11-13T18:41:02.982+0000] {logging_mixin.py:190} INFO - [2025-11-13T18:41:02.982+0000] {dagbag.py:588} INFO - Filling up the DagBag from /home/airflow/.local/lib/python3.12/site-packages/airflow/example_dags/example_params_trigger_ui.py
[2025-11-13T18:41:02.991+0000] {processor.py:925} INFO - DAG(s) 'example_params_trigger_ui' retrieved from /home/airflow/.local/lib/python3.12/site-packages/airflow/example_dags/example_params_trigger_ui.py
[2025-11-13T18:41:03.018+0000] {logging_mixin.py:190} INFO - [2025-11-13T18:41:03.017+0000] {dag.py:3239} INFO - Sync 1 DAGs
[2025-11-13T18:41:03.028+0000] {logging_mixin.py:190} INFO - [2025-11-13T18:41:03.027+0000] {dag.py:4180} INFO - Setting next_dagrun for example_params_trigger_ui to None, run_after=None
[2025-11-13T18:41:03.041+0000] {processor.py:208} INFO - Processing /home/airflow/.local/lib/python3.12/site-packages/airflow/example_dags/example_params_trigger_ui.py took 0.066 seconds
[2025-11-13T18:41:33.409+0000] {processor.py:186} INFO - Started process (PID=10918) to work on /home/airflow/.local/lib/python3.12/site-packages/airflow/example_dags/example_params_trigger_ui.py
[2025-11-13T18:41:33.411+0000] {processor.py:914} INFO - Processing file /home/airflow/.local/lib/python3.12/site-packages/airflow/example_dags/example_params_trigger_ui.py for tasks to queue
[2025-11-13T18:41:33.413+0000] {logging_mixin.py:190} INFO - [2025-11-13T18:41:33.413+0000] {dagbag.py:588} INFO - Filling up the DagBag from /home/airflow/.local/lib/python3.12/site-packages/airflow/example_dags/example_params_trigger_ui.py
[2025-11-13T18:41:33.423+0000] {processor.py:925} INFO - DAG(s) 'example_params_trigger_ui' retrieved from /home/airflow/.local/lib/python3.12/site-packages/airflow/example_dags/example_params_trigger_ui.py
[2025-11-13T18:41:33.450+0000] {logging_mixin.py:190} INFO - [2025-11-13T18:41:33.450+0000] {dag.py:3239} INFO - Sync 1 DAGs
[2025-11-13T18:41:33.460+0000] {logging_mixin.py:190} INFO - [2025-11-13T18:41:33.460+0000] {dag.py:4180} INFO - Setting next_dagrun for example_params_trigger_ui to None, run_after=None
[2025-11-13T18:41:33.473+0000] {processor.py:208} INFO - Processing /home/airflow/.local/lib/python3.12/site-packages/airflow/example_dags/example_params_trigger_ui.py took 0.068 seconds
[2025-11-13T18:42:03.659+0000] {processor.py:186} INFO - Started process (PID=10983) to work on /home/airflow/.local/lib/python3.12/site-packages/airflow/example_dags/example_params_trigger_ui.py
[2025-11-13T18:42:03.660+0000] {processor.py:914} INFO - Processing file /home/airflow/.local/lib/python3.12/site-packages/airflow/example_dags/example_params_trigger_ui.py for tasks to queue
[2025-11-13T18:42:03.663+0000] {logging_mixin.py:190} INFO - [2025-11-13T18:42:03.662+0000] {dagbag.py:588} INFO - Filling up the DagBag from /home/airflow/.local/lib/python3.12/site-packages/airflow/example_dags/example_params_trigger_ui.py
[2025-11-13T18:42:03.672+0000] {processor.py:925} INFO - DAG(s) 'example_params_trigger_ui' retrieved from /home/airflow/.local/lib/python3.12/site-packages/airflow/example_dags/example_params_trigger_ui.py
[2025-11-13T18:42:03.700+0000] {logging_mixin.py:190} INFO - [2025-11-13T18:42:03.700+0000] {dag.py:3239} INFO - Sync 1 DAGs
[2025-11-13T18:42:03.710+0000] {logging_mixin.py:190} INFO - [2025-11-13T18:42:03.710+0000] {dag.py:4180} INFO - Setting next_dagrun for example_params_trigger_ui to None, run_after=None
[2025-11-13T18:42:03.723+0000] {processor.py:208} INFO - Processing /home/airflow/.local/lib/python3.12/site-packages/airflow/example_dags/example_params_trigger_ui.py took 0.069 seconds
[2025-11-13T18:42:34.155+0000] {processor.py:186} INFO - Started process (PID=11054) to work on /home/airflow/.local/lib/python3.12/site-packages/airflow/example_dags/example_params_trigger_ui.py
[2025-11-13T18:42:34.157+0000] {processor.py:914} INFO - Processing file /home/airflow/.local/lib/python3.12/site-packages/airflow/example_dags/example_params_trigger_ui.py for tasks to queue
[2025-11-13T18:42:34.159+0000] {logging_mixin.py:190} INFO - [2025-11-13T18:42:34.158+0000] {dagbag.py:588} INFO - Filling up the DagBag from /home/airflow/.local/lib/python3.12/site-packages/airflow/example_dags/example_params_trigger_ui.py
[2025-11-13T18:42:34.168+0000] {processor.py:925} INFO - DAG(s) 'example_params_trigger_ui' retrieved from /home/airflow/.local/lib/python3.12/site-packages/airflow/example_dags/example_params_trigger_ui.py
[2025-11-13T18:42:34.195+0000] {logging_mixin.py:190} INFO - [2025-11-13T18:42:34.195+0000] {dag.py:3239} INFO - Sync 1 DAGs
[2025-11-13T18:42:34.205+0000] {logging_mixin.py:190} INFO - [2025-11-13T18:42:34.205+0000] {dag.py:4180} INFO - Setting next_dagrun for example_params_trigger_ui to None, run_after=None
[2025-11-13T18:42:34.220+0000] {processor.py:208} INFO - Processing /home/airflow/.local/lib/python3.12/site-packages/airflow/example_dags/example_params_trigger_ui.py took 0.069 seconds
[2025-11-13T18:43:04.371+0000] {processor.py:186} INFO - Started process (PID=11119) to work on /home/airflow/.local/lib/python3.12/site-packages/airflow/example_dags/example_params_trigger_ui.py
[2025-11-13T18:43:04.373+0000] {processor.py:914} INFO - Processing file /home/airflow/.local/lib/python3.12/site-packages/airflow/example_dags/example_params_trigger_ui.py for tasks to queue
[2025-11-13T18:43:04.375+0000] {logging_mixin.py:190} INFO - [2025-11-13T18:43:04.375+0000] {dagbag.py:588} INFO - Filling up the DagBag from /home/airflow/.local/lib/python3.12/site-packages/airflow/example_dags/example_params_trigger_ui.py
[2025-11-13T18:43:04.385+0000] {processor.py:925} INFO - DAG(s) 'example_params_trigger_ui' retrieved from /home/airflow/.local/lib/python3.12/site-packages/airflow/example_dags/example_params_trigger_ui.py
[2025-11-13T18:43:04.414+0000] {logging_mixin.py:190} INFO - [2025-11-13T18:43:04.414+0000] {dag.py:3239} INFO - Sync 1 DAGs
[2025-11-13T18:43:04.425+0000] {logging_mixin.py:190} INFO - [2025-11-13T18:43:04.425+0000] {dag.py:4180} INFO - Setting next_dagrun for example_params_trigger_ui to None, run_after=None
[2025-11-13T18:43:04.440+0000] {processor.py:208} INFO - Processing /home/airflow/.local/lib/python3.12/site-packages/airflow/example_dags/example_params_trigger_ui.py took 0.074 seconds
[2025-11-13T18:43:34.528+0000] {processor.py:186} INFO - Started process (PID=11184) to work on /home/airflow/.local/lib/python3.12/site-packages/airflow/example_dags/example_params_trigger_ui.py
[2025-11-13T18:43:34.530+0000] {processor.py:914} INFO - Processing file /home/airflow/.local/lib/python3.12/site-packages/airflow/example_dags/example_params_trigger_ui.py for tasks to queue
[2025-11-13T18:43:34.532+0000] {logging_mixin.py:190} INFO - [2025-11-13T18:43:34.532+0000] {dagbag.py:588} INFO - Filling up the DagBag from /home/airflow/.local/lib/python3.12/site-packages/airflow/example_dags/example_params_trigger_ui.py
[2025-11-13T18:43:34.541+0000] {processor.py:925} INFO - DAG(s) 'example_params_trigger_ui' retrieved from /home/airflow/.local/lib/python3.12/site-packages/airflow/example_dags/example_params_trigger_ui.py
[2025-11-13T18:43:34.568+0000] {logging_mixin.py:190} INFO - [2025-11-13T18:43:34.568+0000] {dag.py:3239} INFO - Sync 1 DAGs
[2025-11-13T18:43:34.579+0000] {logging_mixin.py:190} INFO - [2025-11-13T18:43:34.579+0000] {dag.py:4180} INFO - Setting next_dagrun for example_params_trigger_ui to None, run_after=None
[2025-11-13T18:43:34.602+0000] {processor.py:208} INFO - Processing /home/airflow/.local/lib/python3.12/site-packages/airflow/example_dags/example_params_trigger_ui.py took 0.078 seconds
[2025-11-13T18:44:04.885+0000] {processor.py:186} INFO - Started process (PID=11249) to work on /home/airflow/.local/lib/python3.12/site-packages/airflow/example_dags/example_params_trigger_ui.py
[2025-11-13T18:44:04.886+0000] {processor.py:914} INFO - Processing file /home/airflow/.local/lib/python3.12/site-packages/airflow/example_dags/example_params_trigger_ui.py for tasks to queue
[2025-11-13T18:44:04.888+0000] {logging_mixin.py:190} INFO - [2025-11-13T18:44:04.887+0000] {dagbag.py:588} INFO - Filling up the DagBag from /home/airflow/.local/lib/python3.12/site-packages/airflow/example_dags/example_params_trigger_ui.py
[2025-11-13T18:44:04.897+0000] {processor.py:925} INFO - DAG(s) 'example_params_trigger_ui' retrieved from /home/airflow/.local/lib/python3.12/site-packages/airflow/example_dags/example_params_trigger_ui.py
[2025-11-13T18:44:04.928+0000] {logging_mixin.py:190} INFO - [2025-11-13T18:44:04.928+0000] {dag.py:3239} INFO - Sync 1 DAGs
[2025-11-13T18:44:04.940+0000] {logging_mixin.py:190} INFO - [2025-11-13T18:44:04.940+0000] {dag.py:4180} INFO - Setting next_dagrun for example_params_trigger_ui to None, run_after=None
[2025-11-13T18:44:04.954+0000] {processor.py:208} INFO - Processing /home/airflow/.local/lib/python3.12/site-packages/airflow/example_dags/example_params_trigger_ui.py took 0.074 seconds
[2025-11-13T18:44:35.589+0000] {processor.py:186} INFO - Started process (PID=11314) to work on /home/airflow/.local/lib/python3.12/site-packages/airflow/example_dags/example_params_trigger_ui.py
[2025-11-13T18:44:35.591+0000] {processor.py:914} INFO - Processing file /home/airflow/.local/lib/python3.12/site-packages/airflow/example_dags/example_params_trigger_ui.py for tasks to queue
[2025-11-13T18:44:35.593+0000] {logging_mixin.py:190} INFO - [2025-11-13T18:44:35.593+0000] {dagbag.py:588} INFO - Filling up the DagBag from /home/airflow/.local/lib/python3.12/site-packages/airflow/example_dags/example_params_trigger_ui.py
[2025-11-13T18:44:35.604+0000] {processor.py:925} INFO - DAG(s) 'example_params_trigger_ui' retrieved from /home/airflow/.local/lib/python3.12/site-packages/airflow/example_dags/example_params_trigger_ui.py
[2025-11-13T18:44:35.632+0000] {logging_mixin.py:190} INFO - [2025-11-13T18:44:35.632+0000] {dag.py:3239} INFO - Sync 1 DAGs
[2025-11-13T18:44:35.644+0000] {logging_mixin.py:190} INFO - [2025-11-13T18:44:35.644+0000] {dag.py:4180} INFO - Setting next_dagrun for example_params_trigger_ui to None, run_after=None
[2025-11-13T18:44:35.660+0000] {processor.py:208} INFO - Processing /home/airflow/.local/lib/python3.12/site-packages/airflow/example_dags/example_params_trigger_ui.py took 0.076 seconds
[2025-11-13T18:45:06.387+0000] {processor.py:186} INFO - Started process (PID=11379) to work on /home/airflow/.local/lib/python3.12/site-packages/airflow/example_dags/example_params_trigger_ui.py
[2025-11-13T18:45:06.388+0000] {processor.py:914} INFO - Processing file /home/airflow/.local/lib/python3.12/site-packages/airflow/example_dags/example_params_trigger_ui.py for tasks to queue
[2025-11-13T18:45:06.391+0000] {logging_mixin.py:190} INFO - [2025-11-13T18:45:06.391+0000] {dagbag.py:588} INFO - Filling up the DagBag from /home/airflow/.local/lib/python3.12/site-packages/airflow/example_dags/example_params_trigger_ui.py
[2025-11-13T18:45:06.400+0000] {processor.py:925} INFO - DAG(s) 'example_params_trigger_ui' retrieved from /home/airflow/.local/lib/python3.12/site-packages/airflow/example_dags/example_params_trigger_ui.py
[2025-11-13T18:45:06.428+0000] {logging_mixin.py:190} INFO - [2025-11-13T18:45:06.428+0000] {dag.py:3239} INFO - Sync 1 DAGs
[2025-11-13T18:45:06.439+0000] {logging_mixin.py:190} INFO - [2025-11-13T18:45:06.439+0000] {dag.py:4180} INFO - Setting next_dagrun for example_params_trigger_ui to None, run_after=None
[2025-11-13T18:45:06.454+0000] {processor.py:208} INFO - Processing /home/airflow/.local/lib/python3.12/site-packages/airflow/example_dags/example_params_trigger_ui.py took 0.073 seconds
[2025-11-13T18:45:36.640+0000] {processor.py:186} INFO - Started process (PID=11444) to work on /home/airflow/.local/lib/python3.12/site-packages/airflow/example_dags/example_params_trigger_ui.py
[2025-11-13T18:45:36.641+0000] {processor.py:914} INFO - Processing file /home/airflow/.local/lib/python3.12/site-packages/airflow/example_dags/example_params_trigger_ui.py for tasks to queue
[2025-11-13T18:45:36.643+0000] {logging_mixin.py:190} INFO - [2025-11-13T18:45:36.643+0000] {dagbag.py:588} INFO - Filling up the DagBag from /home/airflow/.local/lib/python3.12/site-packages/airflow/example_dags/example_params_trigger_ui.py
[2025-11-13T18:45:36.653+0000] {processor.py:925} INFO - DAG(s) 'example_params_trigger_ui' retrieved from /home/airflow/.local/lib/python3.12/site-packages/airflow/example_dags/example_params_trigger_ui.py
[2025-11-13T18:45:36.684+0000] {logging_mixin.py:190} INFO - [2025-11-13T18:45:36.683+0000] {dag.py:3239} INFO - Sync 1 DAGs
[2025-11-13T18:45:36.695+0000] {logging_mixin.py:190} INFO - [2025-11-13T18:45:36.695+0000] {dag.py:4180} INFO - Setting next_dagrun for example_params_trigger_ui to None, run_after=None
[2025-11-13T18:45:36.712+0000] {processor.py:208} INFO - Processing /home/airflow/.local/lib/python3.12/site-packages/airflow/example_dags/example_params_trigger_ui.py took 0.077 seconds
[2025-11-13T18:46:07.684+0000] {processor.py:186} INFO - Started process (PID=11509) to work on /home/airflow/.local/lib/python3.12/site-packages/airflow/example_dags/example_params_trigger_ui.py
[2025-11-13T18:46:07.685+0000] {processor.py:914} INFO - Processing file /home/airflow/.local/lib/python3.12/site-packages/airflow/example_dags/example_params_trigger_ui.py for tasks to queue
[2025-11-13T18:46:07.688+0000] {logging_mixin.py:190} INFO - [2025-11-13T18:46:07.687+0000] {dagbag.py:588} INFO - Filling up the DagBag from /home/airflow/.local/lib/python3.12/site-packages/airflow/example_dags/example_params_trigger_ui.py
[2025-11-13T18:46:07.697+0000] {processor.py:925} INFO - DAG(s) 'example_params_trigger_ui' retrieved from /home/airflow/.local/lib/python3.12/site-packages/airflow/example_dags/example_params_trigger_ui.py
[2025-11-13T18:46:07.728+0000] {logging_mixin.py:190} INFO - [2025-11-13T18:46:07.728+0000] {dag.py:3239} INFO - Sync 1 DAGs
[2025-11-13T18:46:07.740+0000] {logging_mixin.py:190} INFO - [2025-11-13T18:46:07.740+0000] {dag.py:4180} INFO - Setting next_dagrun for example_params_trigger_ui to None, run_after=None
[2025-11-13T18:46:07.758+0000] {processor.py:208} INFO - Processing /home/airflow/.local/lib/python3.12/site-packages/airflow/example_dags/example_params_trigger_ui.py took 0.079 seconds
[2025-11-13T18:46:38.163+0000] {processor.py:186} INFO - Started process (PID=11575) to work on /home/airflow/.local/lib/python3.12/site-packages/airflow/example_dags/example_params_trigger_ui.py
[2025-11-13T18:46:38.164+0000] {processor.py:914} INFO - Processing file /home/airflow/.local/lib/python3.12/site-packages/airflow/example_dags/example_params_trigger_ui.py for tasks to queue
[2025-11-13T18:46:38.167+0000] {logging_mixin.py:190} INFO - [2025-11-13T18:46:38.167+0000] {dagbag.py:588} INFO - Filling up the DagBag from /home/airflow/.local/lib/python3.12/site-packages/airflow/example_dags/example_params_trigger_ui.py
[2025-11-13T18:46:38.176+0000] {processor.py:925} INFO - DAG(s) 'example_params_trigger_ui' retrieved from /home/airflow/.local/lib/python3.12/site-packages/airflow/example_dags/example_params_trigger_ui.py
[2025-11-13T18:46:38.204+0000] {logging_mixin.py:190} INFO - [2025-11-13T18:46:38.204+0000] {dag.py:3239} INFO - Sync 1 DAGs
[2025-11-13T18:46:38.222+0000] {logging_mixin.py:190} INFO - [2025-11-13T18:46:38.222+0000] {dag.py:4180} INFO - Setting next_dagrun for example_params_trigger_ui to None, run_after=None
[2025-11-13T18:46:38.238+0000] {processor.py:208} INFO - Processing /home/airflow/.local/lib/python3.12/site-packages/airflow/example_dags/example_params_trigger_ui.py took 0.079 seconds
[2025-11-13T18:47:08.466+0000] {processor.py:186} INFO - Started process (PID=11639) to work on /home/airflow/.local/lib/python3.12/site-packages/airflow/example_dags/example_params_trigger_ui.py
[2025-11-13T18:47:08.467+0000] {processor.py:914} INFO - Processing file /home/airflow/.local/lib/python3.12/site-packages/airflow/example_dags/example_params_trigger_ui.py for tasks to queue
[2025-11-13T18:47:08.469+0000] {logging_mixin.py:190} INFO - [2025-11-13T18:47:08.469+0000] {dagbag.py:588} INFO - Filling up the DagBag from /home/airflow/.local/lib/python3.12/site-packages/airflow/example_dags/example_params_trigger_ui.py
[2025-11-13T18:47:08.478+0000] {processor.py:925} INFO - DAG(s) 'example_params_trigger_ui' retrieved from /home/airflow/.local/lib/python3.12/site-packages/airflow/example_dags/example_params_trigger_ui.py
[2025-11-13T18:47:08.506+0000] {logging_mixin.py:190} INFO - [2025-11-13T18:47:08.505+0000] {dag.py:3239} INFO - Sync 1 DAGs
[2025-11-13T18:47:08.516+0000] {logging_mixin.py:190} INFO - [2025-11-13T18:47:08.516+0000] {dag.py:4180} INFO - Setting next_dagrun for example_params_trigger_ui to None, run_after=None
[2025-11-13T18:47:08.530+0000] {processor.py:208} INFO - Processing /home/airflow/.local/lib/python3.12/site-packages/airflow/example_dags/example_params_trigger_ui.py took 0.069 seconds
[2025-11-13T18:47:39.295+0000] {processor.py:186} INFO - Started process (PID=11703) to work on /home/airflow/.local/lib/python3.12/site-packages/airflow/example_dags/example_params_trigger_ui.py
[2025-11-13T18:47:39.296+0000] {processor.py:914} INFO - Processing file /home/airflow/.local/lib/python3.12/site-packages/airflow/example_dags/example_params_trigger_ui.py for tasks to queue
[2025-11-13T18:47:39.298+0000] {logging_mixin.py:190} INFO - [2025-11-13T18:47:39.298+0000] {dagbag.py:588} INFO - Filling up the DagBag from /home/airflow/.local/lib/python3.12/site-packages/airflow/example_dags/example_params_trigger_ui.py
[2025-11-13T18:47:39.307+0000] {processor.py:925} INFO - DAG(s) 'example_params_trigger_ui' retrieved from /home/airflow/.local/lib/python3.12/site-packages/airflow/example_dags/example_params_trigger_ui.py
[2025-11-13T18:47:39.336+0000] {logging_mixin.py:190} INFO - [2025-11-13T18:47:39.335+0000] {dag.py:3239} INFO - Sync 1 DAGs
[2025-11-13T18:47:39.345+0000] {logging_mixin.py:190} INFO - [2025-11-13T18:47:39.345+0000] {dag.py:4180} INFO - Setting next_dagrun for example_params_trigger_ui to None, run_after=None
[2025-11-13T18:47:39.358+0000] {processor.py:208} INFO - Processing /home/airflow/.local/lib/python3.12/site-packages/airflow/example_dags/example_params_trigger_ui.py took 0.068 seconds
[2025-11-13T18:48:10.971+0000] {processor.py:186} INFO - Started process (PID=11769) to work on /home/airflow/.local/lib/python3.12/site-packages/airflow/example_dags/example_params_trigger_ui.py
[2025-11-13T18:48:10.972+0000] {processor.py:914} INFO - Processing file /home/airflow/.local/lib/python3.12/site-packages/airflow/example_dags/example_params_trigger_ui.py for tasks to queue
[2025-11-13T18:48:10.976+0000] {logging_mixin.py:190} INFO - [2025-11-13T18:48:10.976+0000] {dagbag.py:588} INFO - Filling up the DagBag from /home/airflow/.local/lib/python3.12/site-packages/airflow/example_dags/example_params_trigger_ui.py
[2025-11-13T18:48:10.986+0000] {processor.py:925} INFO - DAG(s) 'example_params_trigger_ui' retrieved from /home/airflow/.local/lib/python3.12/site-packages/airflow/example_dags/example_params_trigger_ui.py
[2025-11-13T18:48:10.334+0000] {logging_mixin.py:190} INFO - [2025-11-13T18:48:10.333+0000] {dag.py:3239} INFO - Sync 1 DAGs
[2025-11-13T18:48:10.343+0000] {logging_mixin.py:190} INFO - [2025-11-13T18:48:10.343+0000] {dag.py:4180} INFO - Setting next_dagrun for example_params_trigger_ui to None, run_after=None
[2025-11-13T18:48:10.357+0000] {processor.py:208} INFO - Processing /home/airflow/.local/lib/python3.12/site-packages/airflow/example_dags/example_params_trigger_ui.py took 0.068 seconds
[2025-11-13T18:48:40.825+0000] {processor.py:186} INFO - Started process (PID=11838) to work on /home/airflow/.local/lib/python3.12/site-packages/airflow/example_dags/example_params_trigger_ui.py
[2025-11-13T18:48:40.827+0000] {processor.py:914} INFO - Processing file /home/airflow/.local/lib/python3.12/site-packages/airflow/example_dags/example_params_trigger_ui.py for tasks to queue
[2025-11-13T18:48:40.830+0000] {logging_mixin.py:190} INFO - [2025-11-13T18:48:40.830+0000] {dagbag.py:588} INFO - Filling up the DagBag from /home/airflow/.local/lib/python3.12/site-packages/airflow/example_dags/example_params_trigger_ui.py
[2025-11-13T18:48:40.839+0000] {processor.py:925} INFO - DAG(s) 'example_params_trigger_ui' retrieved from /home/airflow/.local/lib/python3.12/site-packages/airflow/example_dags/example_params_trigger_ui.py
[2025-11-13T18:48:40.866+0000] {logging_mixin.py:190} INFO - [2025-11-13T18:48:40.866+0000] {dag.py:3239} INFO - Sync 1 DAGs
[2025-11-13T18:48:40.881+0000] {logging_mixin.py:190} INFO - [2025-11-13T18:48:40.881+0000] {dag.py:4180} INFO - Setting next_dagrun for example_params_trigger_ui to None, run_after=None
[2025-11-13T18:48:40.898+0000] {processor.py:208} INFO - Processing /home/airflow/.local/lib/python3.12/site-packages/airflow/example_dags/example_params_trigger_ui.py took 0.077 seconds
[2025-11-13T18:49:11.851+0000] {processor.py:186} INFO - Started process (PID=11905) to work on /home/airflow/.local/lib/python3.12/site-packages/airflow/example_dags/example_params_trigger_ui.py
[2025-11-13T18:49:11.853+0000] {processor.py:914} INFO - Processing file /home/airflow/.local/lib/python3.12/site-packages/airflow/example_dags/example_params_trigger_ui.py for tasks to queue
[2025-11-13T18:49:11.855+0000] {logging_mixin.py:190} INFO - [2025-11-13T18:49:11.855+0000] {dagbag.py:588} INFO - Filling up the DagBag from /home/airflow/.local/lib/python3.12/site-packages/airflow/example_dags/example_params_trigger_ui.py
[2025-11-13T18:49:11.865+0000] {processor.py:925} INFO - DAG(s) 'example_params_trigger_ui' retrieved from /home/airflow/.local/lib/python3.12/site-packages/airflow/example_dags/example_params_trigger_ui.py
[2025-11-13T18:49:11.895+0000] {logging_mixin.py:190} INFO - [2025-11-13T18:49:11.894+0000] {dag.py:3239} INFO - Sync 1 DAGs
[2025-11-13T18:49:11.904+0000] {logging_mixin.py:190} INFO - [2025-11-13T18:49:11.904+0000] {dag.py:4180} INFO - Setting next_dagrun for example_params_trigger_ui to None, run_after=None
[2025-11-13T18:49:11.917+0000] {processor.py:208} INFO - Processing /home/airflow/.local/lib/python3.12/site-packages/airflow/example_dags/example_params_trigger_ui.py took 0.070 seconds
[2025-11-13T18:49:42.592+0000] {processor.py:186} INFO - Started process (PID=11970) to work on /home/airflow/.local/lib/python3.12/site-packages/airflow/example_dags/example_params_trigger_ui.py
[2025-11-13T18:49:42.594+0000] {processor.py:914} INFO - Processing file /home/airflow/.local/lib/python3.12/site-packages/airflow/example_dags/example_params_trigger_ui.py for tasks to queue
[2025-11-13T18:49:42.596+0000] {logging_mixin.py:190} INFO - [2025-11-13T18:49:42.596+0000] {dagbag.py:588} INFO - Filling up the DagBag from /home/airflow/.local/lib/python3.12/site-packages/airflow/example_dags/example_params_trigger_ui.py
[2025-11-13T18:49:42.605+0000] {processor.py:925} INFO - DAG(s) 'example_params_trigger_ui' retrieved from /home/airflow/.local/lib/python3.12/site-packages/airflow/example_dags/example_params_trigger_ui.py
[2025-11-13T18:49:42.630+0000] {logging_mixin.py:190} INFO - [2025-11-13T18:49:42.630+0000] {dag.py:3239} INFO - Sync 1 DAGs
[2025-11-13T18:49:42.640+0000] {logging_mixin.py:190} INFO - [2025-11-13T18:49:42.640+0000] {dag.py:4180} INFO - Setting next_dagrun for example_params_trigger_ui to None, run_after=None
[2025-11-13T18:49:42.657+0000] {processor.py:208} INFO - Processing /home/airflow/.local/lib/python3.12/site-packages/airflow/example_dags/example_params_trigger_ui.py took 0.069 seconds
[2025-11-13T18:50:13.418+0000] {processor.py:186} INFO - Started process (PID=12035) to work on /home/airflow/.local/lib/python3.12/site-packages/airflow/example_dags/example_params_trigger_ui.py
[2025-11-13T18:50:13.419+0000] {processor.py:914} INFO - Processing file /home/airflow/.local/lib/python3.12/site-packages/airflow/example_dags/example_params_trigger_ui.py for tasks to queue
[2025-11-13T18:50:13.422+0000] {logging_mixin.py:190} INFO - [2025-11-13T18:50:13.421+0000] {dagbag.py:588} INFO - Filling up the DagBag from /home/airflow/.local/lib/python3.12/site-packages/airflow/example_dags/example_params_trigger_ui.py
[2025-11-13T18:50:13.430+0000] {processor.py:925} INFO - DAG(s) 'example_params_trigger_ui' retrieved from /home/airflow/.local/lib/python3.12/site-packages/airflow/example_dags/example_params_trigger_ui.py
[2025-11-13T18:50:13.456+0000] {logging_mixin.py:190} INFO - [2025-11-13T18:50:13.456+0000] {dag.py:3239} INFO - Sync 1 DAGs
[2025-11-13T18:50:13.468+0000] {logging_mixin.py:190} INFO - [2025-11-13T18:50:13.468+0000] {dag.py:4180} INFO - Setting next_dagrun for example_params_trigger_ui to None, run_after=None
[2025-11-13T18:50:13.484+0000] {processor.py:208} INFO - Processing /home/airflow/.local/lib/python3.12/site-packages/airflow/example_dags/example_params_trigger_ui.py took 0.070 seconds
[2025-11-13T18:50:43.895+0000] {processor.py:186} INFO - Started process (PID=12100) to work on /home/airflow/.local/lib/python3.12/site-packages/airflow/example_dags/example_params_trigger_ui.py
[2025-11-13T18:50:43.896+0000] {processor.py:914} INFO - Processing file /home/airflow/.local/lib/python3.12/site-packages/airflow/example_dags/example_params_trigger_ui.py for tasks to queue
[2025-11-13T18:50:43.898+0000] {logging_mixin.py:190} INFO - [2025-11-13T18:50:43.897+0000] {dagbag.py:588} INFO - Filling up the DagBag from /home/airflow/.local/lib/python3.12/site-packages/airflow/example_dags/example_params_trigger_ui.py
[2025-11-13T18:50:43.907+0000] {processor.py:925} INFO - DAG(s) 'example_params_trigger_ui' retrieved from /home/airflow/.local/lib/python3.12/site-packages/airflow/example_dags/example_params_trigger_ui.py
[2025-11-13T18:50:43.934+0000] {logging_mixin.py:190} INFO - [2025-11-13T18:50:43.934+0000] {dag.py:3239} INFO - Sync 1 DAGs
[2025-11-13T18:50:43.945+0000] {logging_mixin.py:190} INFO - [2025-11-13T18:50:43.945+0000] {dag.py:4180} INFO - Setting next_dagrun for example_params_trigger_ui to None, run_after=None
[2025-11-13T18:50:43.959+0000] {processor.py:208} INFO - Processing /home/airflow/.local/lib/python3.12/site-packages/airflow/example_dags/example_params_trigger_ui.py took 0.068 seconds
[2025-11-13T18:51:14.158+0000] {processor.py:186} INFO - Started process (PID=12165) to work on /home/airflow/.local/lib/python3.12/site-packages/airflow/example_dags/example_params_trigger_ui.py
[2025-11-13T18:51:14.159+0000] {processor.py:914} INFO - Processing file /home/airflow/.local/lib/python3.12/site-packages/airflow/example_dags/example_params_trigger_ui.py for tasks to queue
[2025-11-13T18:51:14.161+0000] {logging_mixin.py:190} INFO - [2025-11-13T18:51:14.160+0000] {dagbag.py:588} INFO - Filling up the DagBag from /home/airflow/.local/lib/python3.12/site-packages/airflow/example_dags/example_params_trigger_ui.py
[2025-11-13T18:51:14.170+0000] {processor.py:925} INFO - DAG(s) 'example_params_trigger_ui' retrieved from /home/airflow/.local/lib/python3.12/site-packages/airflow/example_dags/example_params_trigger_ui.py
[2025-11-13T18:51:14.197+0000] {logging_mixin.py:190} INFO - [2025-11-13T18:51:14.197+0000] {dag.py:3239} INFO - Sync 1 DAGs
[2025-11-13T18:51:14.208+0000] {logging_mixin.py:190} INFO - [2025-11-13T18:51:14.207+0000] {dag.py:4180} INFO - Setting next_dagrun for example_params_trigger_ui to None, run_after=None
[2025-11-13T18:51:14.221+0000] {processor.py:208} INFO - Processing /home/airflow/.local/lib/python3.12/site-packages/airflow/example_dags/example_params_trigger_ui.py took 0.069 seconds
[2025-11-13T18:51:44.579+0000] {processor.py:186} INFO - Started process (PID=12230) to work on /home/airflow/.local/lib/python3.12/site-packages/airflow/example_dags/example_params_trigger_ui.py
[2025-11-13T18:51:44.580+0000] {processor.py:914} INFO - Processing file /home/airflow/.local/lib/python3.12/site-packages/airflow/example_dags/example_params_trigger_ui.py for tasks to queue
[2025-11-13T18:51:44.583+0000] {logging_mixin.py:190} INFO - [2025-11-13T18:51:44.583+0000] {dagbag.py:588} INFO - Filling up the DagBag from /home/airflow/.local/lib/python3.12/site-packages/airflow/example_dags/example_params_trigger_ui.py
[2025-11-13T18:51:44.593+0000] {processor.py:925} INFO - DAG(s) 'example_params_trigger_ui' retrieved from /home/airflow/.local/lib/python3.12/site-packages/airflow/example_dags/example_params_trigger_ui.py
[2025-11-13T18:51:44.622+0000] {logging_mixin.py:190} INFO - [2025-11-13T18:51:44.622+0000] {dag.py:3239} INFO - Sync 1 DAGs
[2025-11-13T18:51:44.634+0000] {logging_mixin.py:190} INFO - [2025-11-13T18:51:44.634+0000] {dag.py:4180} INFO - Setting next_dagrun for example_params_trigger_ui to None, run_after=None
[2025-11-13T18:51:44.648+0000] {processor.py:208} INFO - Processing /home/airflow/.local/lib/python3.12/site-packages/airflow/example_dags/example_params_trigger_ui.py took 0.074 seconds
[2025-11-13T18:52:14.909+0000] {processor.py:186} INFO - Started process (PID=12295) to work on /home/airflow/.local/lib/python3.12/site-packages/airflow/example_dags/example_params_trigger_ui.py
[2025-11-13T18:52:14.910+0000] {processor.py:914} INFO - Processing file /home/airflow/.local/lib/python3.12/site-packages/airflow/example_dags/example_params_trigger_ui.py for tasks to queue
[2025-11-13T18:52:14.912+0000] {logging_mixin.py:190} INFO - [2025-11-13T18:52:14.912+0000] {dagbag.py:588} INFO - Filling up the DagBag from /home/airflow/.local/lib/python3.12/site-packages/airflow/example_dags/example_params_trigger_ui.py
[2025-11-13T18:52:14.921+0000] {processor.py:925} INFO - DAG(s) 'example_params_trigger_ui' retrieved from /home/airflow/.local/lib/python3.12/site-packages/airflow/example_dags/example_params_trigger_ui.py
[2025-11-13T18:52:14.951+0000] {logging_mixin.py:190} INFO - [2025-11-13T18:52:14.951+0000] {dag.py:3239} INFO - Sync 1 DAGs
[2025-11-13T18:52:14.961+0000] {logging_mixin.py:190} INFO - [2025-11-13T18:52:14.961+0000] {dag.py:4180} INFO - Setting next_dagrun for example_params_trigger_ui to None, run_after=None
[2025-11-13T18:52:14.976+0000] {processor.py:208} INFO - Processing /home/airflow/.local/lib/python3.12/site-packages/airflow/example_dags/example_params_trigger_ui.py took 0.072 seconds
[2025-11-13T18:52:45.786+0000] {processor.py:186} INFO - Started process (PID=12360) to work on /home/airflow/.local/lib/python3.12/site-packages/airflow/example_dags/example_params_trigger_ui.py
[2025-11-13T18:52:45.788+0000] {processor.py:914} INFO - Processing file /home/airflow/.local/lib/python3.12/site-packages/airflow/example_dags/example_params_trigger_ui.py for tasks to queue
[2025-11-13T18:52:45.791+0000] {logging_mixin.py:190} INFO - [2025-11-13T18:52:45.791+0000] {dagbag.py:588} INFO - Filling up the DagBag from /home/airflow/.local/lib/python3.12/site-packages/airflow/example_dags/example_params_trigger_ui.py
[2025-11-13T18:52:45.801+0000] {processor.py:925} INFO - DAG(s) 'example_params_trigger_ui' retrieved from /home/airflow/.local/lib/python3.12/site-packages/airflow/example_dags/example_params_trigger_ui.py
[2025-11-13T18:52:45.829+0000] {logging_mixin.py:190} INFO - [2025-11-13T18:52:45.829+0000] {dag.py:3239} INFO - Sync 1 DAGs
[2025-11-13T18:52:45.839+0000] {logging_mixin.py:190} INFO - [2025-11-13T18:52:45.839+0000] {dag.py:4180} INFO - Setting next_dagrun for example_params_trigger_ui to None, run_after=None
[2025-11-13T18:52:45.864+0000] {processor.py:208} INFO - Processing /home/airflow/.local/lib/python3.12/site-packages/airflow/example_dags/example_params_trigger_ui.py took 0.082 seconds
[2025-11-13T18:53:16.116+0000] {processor.py:186} INFO - Started process (PID=12425) to work on /home/airflow/.local/lib/python3.12/site-packages/airflow/example_dags/example_params_trigger_ui.py
[2025-11-13T18:53:16.118+0000] {processor.py:914} INFO - Processing file /home/airflow/.local/lib/python3.12/site-packages/airflow/example_dags/example_params_trigger_ui.py for tasks to queue
[2025-11-13T18:53:16.120+0000] {logging_mixin.py:190} INFO - [2025-11-13T18:53:16.120+0000] {dagbag.py:588} INFO - Filling up the DagBag from /home/airflow/.local/lib/python3.12/site-packages/airflow/example_dags/example_params_trigger_ui.py
[2025-11-13T18:53:16.130+0000] {processor.py:925} INFO - DAG(s) 'example_params_trigger_ui' retrieved from /home/airflow/.local/lib/python3.12/site-packages/airflow/example_dags/example_params_trigger_ui.py
[2025-11-13T18:53:16.157+0000] {logging_mixin.py:190} INFO - [2025-11-13T18:53:16.157+0000] {dag.py:3239} INFO - Sync 1 DAGs
[2025-11-13T18:53:16.168+0000] {logging_mixin.py:190} INFO - [2025-11-13T18:53:16.167+0000] {dag.py:4180} INFO - Setting next_dagrun for example_params_trigger_ui to None, run_after=None
[2025-11-13T18:53:16.194+0000] {processor.py:208} INFO - Processing /home/airflow/.local/lib/python3.12/site-packages/airflow/example_dags/example_params_trigger_ui.py took 0.082 seconds
[2025-11-13T18:53:46.986+0000] {processor.py:186} INFO - Started process (PID=12490) to work on /home/airflow/.local/lib/python3.12/site-packages/airflow/example_dags/example_params_trigger_ui.py
[2025-11-13T18:53:46.989+0000] {processor.py:914} INFO - Processing file /home/airflow/.local/lib/python3.12/site-packages/airflow/example_dags/example_params_trigger_ui.py for tasks to queue
[2025-11-13T18:53:46.991+0000] {logging_mixin.py:190} INFO - [2025-11-13T18:53:46.991+0000] {dagbag.py:588} INFO - Filling up the DagBag from /home/airflow/.local/lib/python3.12/site-packages/airflow/example_dags/example_params_trigger_ui.py
[2025-11-13T18:53:47.000+0000] {processor.py:925} INFO - DAG(s) 'example_params_trigger_ui' retrieved from /home/airflow/.local/lib/python3.12/site-packages/airflow/example_dags/example_params_trigger_ui.py
[2025-11-13T18:53:47.026+0000] {logging_mixin.py:190} INFO - [2025-11-13T18:53:47.026+0000] {dag.py:3239} INFO - Sync 1 DAGs
[2025-11-13T18:53:47.036+0000] {logging_mixin.py:190} INFO - [2025-11-13T18:53:47.036+0000] {dag.py:4180} INFO - Setting next_dagrun for example_params_trigger_ui to None, run_after=None
[2025-11-13T18:53:47.049+0000] {processor.py:208} INFO - Processing /home/airflow/.local/lib/python3.12/site-packages/airflow/example_dags/example_params_trigger_ui.py took 0.068 seconds
[2025-11-13T18:54:17.379+0000] {processor.py:186} INFO - Started process (PID=12555) to work on /home/airflow/.local/lib/python3.12/site-packages/airflow/example_dags/example_params_trigger_ui.py
[2025-11-13T18:54:17.381+0000] {processor.py:914} INFO - Processing file /home/airflow/.local/lib/python3.12/site-packages/airflow/example_dags/example_params_trigger_ui.py for tasks to queue
[2025-11-13T18:54:17.385+0000] {logging_mixin.py:190} INFO - [2025-11-13T18:54:17.385+0000] {dagbag.py:588} INFO - Filling up the DagBag from /home/airflow/.local/lib/python3.12/site-packages/airflow/example_dags/example_params_trigger_ui.py
[2025-11-13T18:54:17.394+0000] {processor.py:925} INFO - DAG(s) 'example_params_trigger_ui' retrieved from /home/airflow/.local/lib/python3.12/site-packages/airflow/example_dags/example_params_trigger_ui.py
[2025-11-13T18:54:16.798+0000] {logging_mixin.py:190} INFO - [2025-11-13T18:54:16.798+0000] {dag.py:3239} INFO - Sync 1 DAGs
[2025-11-13T18:54:16.809+0000] {logging_mixin.py:190} INFO - [2025-11-13T18:54:16.809+0000] {dag.py:4180} INFO - Setting next_dagrun for example_params_trigger_ui to None, run_after=None
[2025-11-13T18:54:16.825+0000] {processor.py:208} INFO - Processing /home/airflow/.local/lib/python3.12/site-packages/airflow/example_dags/example_params_trigger_ui.py took 0.075 seconds
[2025-11-13T18:54:46.918+0000] {processor.py:186} INFO - Started process (PID=12624) to work on /home/airflow/.local/lib/python3.12/site-packages/airflow/example_dags/example_params_trigger_ui.py
[2025-11-13T18:54:46.919+0000] {processor.py:914} INFO - Processing file /home/airflow/.local/lib/python3.12/site-packages/airflow/example_dags/example_params_trigger_ui.py for tasks to queue
[2025-11-13T18:54:46.921+0000] {logging_mixin.py:190} INFO - [2025-11-13T18:54:46.921+0000] {dagbag.py:588} INFO - Filling up the DagBag from /home/airflow/.local/lib/python3.12/site-packages/airflow/example_dags/example_params_trigger_ui.py
[2025-11-13T18:54:46.930+0000] {processor.py:925} INFO - DAG(s) 'example_params_trigger_ui' retrieved from /home/airflow/.local/lib/python3.12/site-packages/airflow/example_dags/example_params_trigger_ui.py
[2025-11-13T18:54:46.957+0000] {logging_mixin.py:190} INFO - [2025-11-13T18:54:46.957+0000] {dag.py:3239} INFO - Sync 1 DAGs
[2025-11-13T18:54:46.967+0000] {logging_mixin.py:190} INFO - [2025-11-13T18:54:46.967+0000] {dag.py:4180} INFO - Setting next_dagrun for example_params_trigger_ui to None, run_after=None
[2025-11-13T18:54:46.983+0000] {processor.py:208} INFO - Processing /home/airflow/.local/lib/python3.12/site-packages/airflow/example_dags/example_params_trigger_ui.py took 0.069 seconds
[2025-11-13T18:55:17.193+0000] {processor.py:186} INFO - Started process (PID=12689) to work on /home/airflow/.local/lib/python3.12/site-packages/airflow/example_dags/example_params_trigger_ui.py
[2025-11-13T18:55:17.195+0000] {processor.py:914} INFO - Processing file /home/airflow/.local/lib/python3.12/site-packages/airflow/example_dags/example_params_trigger_ui.py for tasks to queue
[2025-11-13T18:55:17.197+0000] {logging_mixin.py:190} INFO - [2025-11-13T18:55:17.196+0000] {dagbag.py:588} INFO - Filling up the DagBag from /home/airflow/.local/lib/python3.12/site-packages/airflow/example_dags/example_params_trigger_ui.py
[2025-11-13T18:55:17.207+0000] {processor.py:925} INFO - DAG(s) 'example_params_trigger_ui' retrieved from /home/airflow/.local/lib/python3.12/site-packages/airflow/example_dags/example_params_trigger_ui.py
[2025-11-13T18:55:17.238+0000] {logging_mixin.py:190} INFO - [2025-11-13T18:55:17.238+0000] {dag.py:3239} INFO - Sync 1 DAGs
[2025-11-13T18:55:17.248+0000] {logging_mixin.py:190} INFO - [2025-11-13T18:55:17.248+0000] {dag.py:4180} INFO - Setting next_dagrun for example_params_trigger_ui to None, run_after=None
[2025-11-13T18:55:17.263+0000] {processor.py:208} INFO - Processing /home/airflow/.local/lib/python3.12/site-packages/airflow/example_dags/example_params_trigger_ui.py took 0.075 seconds
[2025-11-13T18:55:47.674+0000] {processor.py:186} INFO - Started process (PID=12754) to work on /home/airflow/.local/lib/python3.12/site-packages/airflow/example_dags/example_params_trigger_ui.py
[2025-11-13T18:55:47.675+0000] {processor.py:914} INFO - Processing file /home/airflow/.local/lib/python3.12/site-packages/airflow/example_dags/example_params_trigger_ui.py for tasks to queue
[2025-11-13T18:55:47.677+0000] {logging_mixin.py:190} INFO - [2025-11-13T18:55:47.677+0000] {dagbag.py:588} INFO - Filling up the DagBag from /home/airflow/.local/lib/python3.12/site-packages/airflow/example_dags/example_params_trigger_ui.py
[2025-11-13T18:55:47.686+0000] {processor.py:925} INFO - DAG(s) 'example_params_trigger_ui' retrieved from /home/airflow/.local/lib/python3.12/site-packages/airflow/example_dags/example_params_trigger_ui.py
[2025-11-13T18:55:47.712+0000] {logging_mixin.py:190} INFO - [2025-11-13T18:55:47.712+0000] {dag.py:3239} INFO - Sync 1 DAGs
[2025-11-13T18:55:47.724+0000] {logging_mixin.py:190} INFO - [2025-11-13T18:55:47.724+0000] {dag.py:4180} INFO - Setting next_dagrun for example_params_trigger_ui to None, run_after=None
[2025-11-13T18:55:47.737+0000] {processor.py:208} INFO - Processing /home/airflow/.local/lib/python3.12/site-packages/airflow/example_dags/example_params_trigger_ui.py took 0.068 seconds
[2025-11-13T18:56:18.039+0000] {processor.py:186} INFO - Started process (PID=12819) to work on /home/airflow/.local/lib/python3.12/site-packages/airflow/example_dags/example_params_trigger_ui.py
[2025-11-13T18:56:18.041+0000] {processor.py:914} INFO - Processing file /home/airflow/.local/lib/python3.12/site-packages/airflow/example_dags/example_params_trigger_ui.py for tasks to queue
[2025-11-13T18:56:18.043+0000] {logging_mixin.py:190} INFO - [2025-11-13T18:56:18.043+0000] {dagbag.py:588} INFO - Filling up the DagBag from /home/airflow/.local/lib/python3.12/site-packages/airflow/example_dags/example_params_trigger_ui.py
[2025-11-13T18:56:18.052+0000] {processor.py:925} INFO - DAG(s) 'example_params_trigger_ui' retrieved from /home/airflow/.local/lib/python3.12/site-packages/airflow/example_dags/example_params_trigger_ui.py
[2025-11-13T18:56:18.079+0000] {logging_mixin.py:190} INFO - [2025-11-13T18:56:18.079+0000] {dag.py:3239} INFO - Sync 1 DAGs
[2025-11-13T18:56:18.089+0000] {logging_mixin.py:190} INFO - [2025-11-13T18:56:18.089+0000] {dag.py:4180} INFO - Setting next_dagrun for example_params_trigger_ui to None, run_after=None
[2025-11-13T18:56:18.103+0000] {processor.py:208} INFO - Processing /home/airflow/.local/lib/python3.12/site-packages/airflow/example_dags/example_params_trigger_ui.py took 0.068 seconds
[2025-11-13T18:56:48.422+0000] {processor.py:186} INFO - Started process (PID=12884) to work on /home/airflow/.local/lib/python3.12/site-packages/airflow/example_dags/example_params_trigger_ui.py
[2025-11-13T18:56:48.423+0000] {processor.py:914} INFO - Processing file /home/airflow/.local/lib/python3.12/site-packages/airflow/example_dags/example_params_trigger_ui.py for tasks to queue
[2025-11-13T18:56:48.425+0000] {logging_mixin.py:190} INFO - [2025-11-13T18:56:48.425+0000] {dagbag.py:588} INFO - Filling up the DagBag from /home/airflow/.local/lib/python3.12/site-packages/airflow/example_dags/example_params_trigger_ui.py
[2025-11-13T18:56:48.434+0000] {processor.py:925} INFO - DAG(s) 'example_params_trigger_ui' retrieved from /home/airflow/.local/lib/python3.12/site-packages/airflow/example_dags/example_params_trigger_ui.py
[2025-11-13T18:56:48.462+0000] {logging_mixin.py:190} INFO - [2025-11-13T18:56:48.462+0000] {dag.py:3239} INFO - Sync 1 DAGs
[2025-11-13T18:56:48.476+0000] {logging_mixin.py:190} INFO - [2025-11-13T18:56:48.475+0000] {dag.py:4180} INFO - Setting next_dagrun for example_params_trigger_ui to None, run_after=None
[2025-11-13T18:56:48.489+0000] {processor.py:208} INFO - Processing /home/airflow/.local/lib/python3.12/site-packages/airflow/example_dags/example_params_trigger_ui.py took 0.072 seconds
[2025-11-13T18:57:20.156+0000] {processor.py:186} INFO - Started process (PID=12951) to work on /home/airflow/.local/lib/python3.12/site-packages/airflow/example_dags/example_params_trigger_ui.py
[2025-11-13T18:57:20.157+0000] {processor.py:914} INFO - Processing file /home/airflow/.local/lib/python3.12/site-packages/airflow/example_dags/example_params_trigger_ui.py for tasks to queue
[2025-11-13T18:57:20.159+0000] {logging_mixin.py:190} INFO - [2025-11-13T18:57:20.159+0000] {dagbag.py:588} INFO - Filling up the DagBag from /home/airflow/.local/lib/python3.12/site-packages/airflow/example_dags/example_params_trigger_ui.py
[2025-11-13T18:57:20.168+0000] {processor.py:925} INFO - DAG(s) 'example_params_trigger_ui' retrieved from /home/airflow/.local/lib/python3.12/site-packages/airflow/example_dags/example_params_trigger_ui.py
[2025-11-13T18:57:20.195+0000] {logging_mixin.py:190} INFO - [2025-11-13T18:57:20.195+0000] {dag.py:3239} INFO - Sync 1 DAGs
[2025-11-13T18:57:20.205+0000] {logging_mixin.py:190} INFO - [2025-11-13T18:57:20.205+0000] {dag.py:4180} INFO - Setting next_dagrun for example_params_trigger_ui to None, run_after=None
[2025-11-13T18:57:20.220+0000] {processor.py:208} INFO - Processing /home/airflow/.local/lib/python3.12/site-packages/airflow/example_dags/example_params_trigger_ui.py took 0.070 seconds
[2025-11-13T18:57:51.239+0000] {processor.py:186} INFO - Started process (PID=13015) to work on /home/airflow/.local/lib/python3.12/site-packages/airflow/example_dags/example_params_trigger_ui.py
[2025-11-13T18:57:51.241+0000] {processor.py:914} INFO - Processing file /home/airflow/.local/lib/python3.12/site-packages/airflow/example_dags/example_params_trigger_ui.py for tasks to queue
[2025-11-13T18:57:51.243+0000] {logging_mixin.py:190} INFO - [2025-11-13T18:57:51.243+0000] {dagbag.py:588} INFO - Filling up the DagBag from /home/airflow/.local/lib/python3.12/site-packages/airflow/example_dags/example_params_trigger_ui.py
[2025-11-13T18:57:51.254+0000] {processor.py:925} INFO - DAG(s) 'example_params_trigger_ui' retrieved from /home/airflow/.local/lib/python3.12/site-packages/airflow/example_dags/example_params_trigger_ui.py
[2025-11-13T18:57:51.280+0000] {logging_mixin.py:190} INFO - [2025-11-13T18:57:51.280+0000] {dag.py:3239} INFO - Sync 1 DAGs
[2025-11-13T18:57:51.290+0000] {logging_mixin.py:190} INFO - [2025-11-13T18:57:51.290+0000] {dag.py:4180} INFO - Setting next_dagrun for example_params_trigger_ui to None, run_after=None
[2025-11-13T18:57:51.303+0000] {processor.py:208} INFO - Processing /home/airflow/.local/lib/python3.12/site-packages/airflow/example_dags/example_params_trigger_ui.py took 0.069 seconds
[2025-11-13T18:58:21.646+0000] {processor.py:186} INFO - Started process (PID=13080) to work on /home/airflow/.local/lib/python3.12/site-packages/airflow/example_dags/example_params_trigger_ui.py
[2025-11-13T18:58:21.647+0000] {processor.py:914} INFO - Processing file /home/airflow/.local/lib/python3.12/site-packages/airflow/example_dags/example_params_trigger_ui.py for tasks to queue
[2025-11-13T18:58:21.649+0000] {logging_mixin.py:190} INFO - [2025-11-13T18:58:21.649+0000] {dagbag.py:588} INFO - Filling up the DagBag from /home/airflow/.local/lib/python3.12/site-packages/airflow/example_dags/example_params_trigger_ui.py
[2025-11-13T18:58:21.658+0000] {processor.py:925} INFO - DAG(s) 'example_params_trigger_ui' retrieved from /home/airflow/.local/lib/python3.12/site-packages/airflow/example_dags/example_params_trigger_ui.py
[2025-11-13T18:58:21.688+0000] {logging_mixin.py:190} INFO - [2025-11-13T18:58:21.687+0000] {dag.py:3239} INFO - Sync 1 DAGs
[2025-11-13T18:58:21.699+0000] {logging_mixin.py:190} INFO - [2025-11-13T18:58:21.699+0000] {dag.py:4180} INFO - Setting next_dagrun for example_params_trigger_ui to None, run_after=None
[2025-11-13T18:58:21.714+0000] {processor.py:208} INFO - Processing /home/airflow/.local/lib/python3.12/site-packages/airflow/example_dags/example_params_trigger_ui.py took 0.072 seconds
[2025-11-13T18:58:52.355+0000] {processor.py:186} INFO - Started process (PID=13145) to work on /home/airflow/.local/lib/python3.12/site-packages/airflow/example_dags/example_params_trigger_ui.py
[2025-11-13T18:58:52.357+0000] {processor.py:914} INFO - Processing file /home/airflow/.local/lib/python3.12/site-packages/airflow/example_dags/example_params_trigger_ui.py for tasks to queue
[2025-11-13T18:58:52.359+0000] {logging_mixin.py:190} INFO - [2025-11-13T18:58:52.359+0000] {dagbag.py:588} INFO - Filling up the DagBag from /home/airflow/.local/lib/python3.12/site-packages/airflow/example_dags/example_params_trigger_ui.py
[2025-11-13T18:58:52.368+0000] {processor.py:925} INFO - DAG(s) 'example_params_trigger_ui' retrieved from /home/airflow/.local/lib/python3.12/site-packages/airflow/example_dags/example_params_trigger_ui.py
[2025-11-13T18:58:52.394+0000] {logging_mixin.py:190} INFO - [2025-11-13T18:58:52.394+0000] {dag.py:3239} INFO - Sync 1 DAGs
[2025-11-13T18:58:52.405+0000] {logging_mixin.py:190} INFO - [2025-11-13T18:58:52.405+0000] {dag.py:4180} INFO - Setting next_dagrun for example_params_trigger_ui to None, run_after=None
[2025-11-13T18:58:52.418+0000] {processor.py:208} INFO - Processing /home/airflow/.local/lib/python3.12/site-packages/airflow/example_dags/example_params_trigger_ui.py took 0.067 seconds
[2025-11-13T18:59:23.272+0000] {processor.py:186} INFO - Started process (PID=13210) to work on /home/airflow/.local/lib/python3.12/site-packages/airflow/example_dags/example_params_trigger_ui.py
[2025-11-13T18:59:23.273+0000] {processor.py:914} INFO - Processing file /home/airflow/.local/lib/python3.12/site-packages/airflow/example_dags/example_params_trigger_ui.py for tasks to queue
[2025-11-13T18:59:23.275+0000] {logging_mixin.py:190} INFO - [2025-11-13T18:59:23.275+0000] {dagbag.py:588} INFO - Filling up the DagBag from /home/airflow/.local/lib/python3.12/site-packages/airflow/example_dags/example_params_trigger_ui.py
[2025-11-13T18:59:23.284+0000] {processor.py:925} INFO - DAG(s) 'example_params_trigger_ui' retrieved from /home/airflow/.local/lib/python3.12/site-packages/airflow/example_dags/example_params_trigger_ui.py
[2025-11-13T18:59:23.314+0000] {logging_mixin.py:190} INFO - [2025-11-13T18:59:23.314+0000] {dag.py:3239} INFO - Sync 1 DAGs
[2025-11-13T18:59:23.326+0000] {logging_mixin.py:190} INFO - [2025-11-13T18:59:23.326+0000] {dag.py:4180} INFO - Setting next_dagrun for example_params_trigger_ui to None, run_after=None
[2025-11-13T18:59:23.362+0000] {processor.py:208} INFO - Processing /home/airflow/.local/lib/python3.12/site-packages/airflow/example_dags/example_params_trigger_ui.py took 0.094 seconds
[2025-11-13T18:59:53.907+0000] {processor.py:186} INFO - Started process (PID=13275) to work on /home/airflow/.local/lib/python3.12/site-packages/airflow/example_dags/example_params_trigger_ui.py
[2025-11-13T18:59:53.909+0000] {processor.py:914} INFO - Processing file /home/airflow/.local/lib/python3.12/site-packages/airflow/example_dags/example_params_trigger_ui.py for tasks to queue
[2025-11-13T18:59:53.911+0000] {logging_mixin.py:190} INFO - [2025-11-13T18:59:53.910+0000] {dagbag.py:588} INFO - Filling up the DagBag from /home/airflow/.local/lib/python3.12/site-packages/airflow/example_dags/example_params_trigger_ui.py
[2025-11-13T18:59:53.919+0000] {processor.py:925} INFO - DAG(s) 'example_params_trigger_ui' retrieved from /home/airflow/.local/lib/python3.12/site-packages/airflow/example_dags/example_params_trigger_ui.py
[2025-11-13T18:59:53.947+0000] {logging_mixin.py:190} INFO - [2025-11-13T18:59:53.947+0000] {dag.py:3239} INFO - Sync 1 DAGs
[2025-11-13T18:59:53.959+0000] {logging_mixin.py:190} INFO - [2025-11-13T18:59:53.959+0000] {dag.py:4180} INFO - Setting next_dagrun for example_params_trigger_ui to None, run_after=None
[2025-11-13T18:59:53.976+0000] {processor.py:208} INFO - Processing /home/airflow/.local/lib/python3.12/site-packages/airflow/example_dags/example_params_trigger_ui.py took 0.073 seconds
[2025-11-13T19:00:24.571+0000] {processor.py:186} INFO - Started process (PID=13339) to work on /home/airflow/.local/lib/python3.12/site-packages/airflow/example_dags/example_params_trigger_ui.py
[2025-11-13T19:00:24.572+0000] {processor.py:914} INFO - Processing file /home/airflow/.local/lib/python3.12/site-packages/airflow/example_dags/example_params_trigger_ui.py for tasks to queue
[2025-11-13T19:00:24.574+0000] {logging_mixin.py:190} INFO - [2025-11-13T19:00:24.574+0000] {dagbag.py:588} INFO - Filling up the DagBag from /home/airflow/.local/lib/python3.12/site-packages/airflow/example_dags/example_params_trigger_ui.py
[2025-11-13T19:00:24.582+0000] {processor.py:925} INFO - DAG(s) 'example_params_trigger_ui' retrieved from /home/airflow/.local/lib/python3.12/site-packages/airflow/example_dags/example_params_trigger_ui.py
[2025-11-13T19:00:24.610+0000] {logging_mixin.py:190} INFO - [2025-11-13T19:00:24.609+0000] {dag.py:3239} INFO - Sync 1 DAGs
[2025-11-13T19:00:24.623+0000] {logging_mixin.py:190} INFO - [2025-11-13T19:00:24.623+0000] {dag.py:4180} INFO - Setting next_dagrun for example_params_trigger_ui to None, run_after=None
[2025-11-13T19:00:24.637+0000] {processor.py:208} INFO - Processing /home/airflow/.local/lib/python3.12/site-packages/airflow/example_dags/example_params_trigger_ui.py took 0.071 seconds
[2025-11-13T19:00:56.052+0000] {processor.py:186} INFO - Started process (PID=13411) to work on /home/airflow/.local/lib/python3.12/site-packages/airflow/example_dags/example_params_trigger_ui.py
[2025-11-13T19:00:56.053+0000] {processor.py:914} INFO - Processing file /home/airflow/.local/lib/python3.12/site-packages/airflow/example_dags/example_params_trigger_ui.py for tasks to queue
[2025-11-13T19:00:56.055+0000] {logging_mixin.py:190} INFO - [2025-11-13T19:00:56.055+0000] {dagbag.py:588} INFO - Filling up the DagBag from /home/airflow/.local/lib/python3.12/site-packages/airflow/example_dags/example_params_trigger_ui.py
[2025-11-13T19:00:56.064+0000] {processor.py:925} INFO - DAG(s) 'example_params_trigger_ui' retrieved from /home/airflow/.local/lib/python3.12/site-packages/airflow/example_dags/example_params_trigger_ui.py
[2025-11-13T19:00:56.091+0000] {logging_mixin.py:190} INFO - [2025-11-13T19:00:56.091+0000] {dag.py:3239} INFO - Sync 1 DAGs
[2025-11-13T19:00:56.102+0000] {logging_mixin.py:190} INFO - [2025-11-13T19:00:56.102+0000] {dag.py:4180} INFO - Setting next_dagrun for example_params_trigger_ui to None, run_after=None
[2025-11-13T19:00:56.116+0000] {processor.py:208} INFO - Processing /home/airflow/.local/lib/python3.12/site-packages/airflow/example_dags/example_params_trigger_ui.py took 0.067 seconds
[2025-11-13T19:01:28.608+0000] {processor.py:186} INFO - Started process (PID=13477) to work on /home/airflow/.local/lib/python3.12/site-packages/airflow/example_dags/example_params_trigger_ui.py
[2025-11-13T19:01:28.609+0000] {processor.py:914} INFO - Processing file /home/airflow/.local/lib/python3.12/site-packages/airflow/example_dags/example_params_trigger_ui.py for tasks to queue
[2025-11-13T19:01:28.611+0000] {logging_mixin.py:190} INFO - [2025-11-13T19:01:28.611+0000] {dagbag.py:588} INFO - Filling up the DagBag from /home/airflow/.local/lib/python3.12/site-packages/airflow/example_dags/example_params_trigger_ui.py
[2025-11-13T19:01:28.620+0000] {processor.py:925} INFO - DAG(s) 'example_params_trigger_ui' retrieved from /home/airflow/.local/lib/python3.12/site-packages/airflow/example_dags/example_params_trigger_ui.py
[2025-11-13T19:01:28.648+0000] {logging_mixin.py:190} INFO - [2025-11-13T19:01:28.648+0000] {dag.py:3239} INFO - Sync 1 DAGs
[2025-11-13T19:01:28.659+0000] {logging_mixin.py:190} INFO - [2025-11-13T19:01:28.659+0000] {dag.py:4180} INFO - Setting next_dagrun for example_params_trigger_ui to None, run_after=None
[2025-11-13T19:01:28.673+0000] {processor.py:208} INFO - Processing /home/airflow/.local/lib/python3.12/site-packages/airflow/example_dags/example_params_trigger_ui.py took 0.069 seconds
[2025-11-13T19:01:59.301+0000] {processor.py:186} INFO - Started process (PID=13542) to work on /home/airflow/.local/lib/python3.12/site-packages/airflow/example_dags/example_params_trigger_ui.py
[2025-11-13T19:01:59.302+0000] {processor.py:914} INFO - Processing file /home/airflow/.local/lib/python3.12/site-packages/airflow/example_dags/example_params_trigger_ui.py for tasks to queue
[2025-11-13T19:01:59.304+0000] {logging_mixin.py:190} INFO - [2025-11-13T19:01:59.304+0000] {dagbag.py:588} INFO - Filling up the DagBag from /home/airflow/.local/lib/python3.12/site-packages/airflow/example_dags/example_params_trigger_ui.py
[2025-11-13T19:01:59.314+0000] {processor.py:925} INFO - DAG(s) 'example_params_trigger_ui' retrieved from /home/airflow/.local/lib/python3.12/site-packages/airflow/example_dags/example_params_trigger_ui.py
[2025-11-13T19:01:59.343+0000] {logging_mixin.py:190} INFO - [2025-11-13T19:01:59.343+0000] {dag.py:3239} INFO - Sync 1 DAGs
[2025-11-13T19:01:59.357+0000] {logging_mixin.py:190} INFO - [2025-11-13T19:01:59.357+0000] {dag.py:4180} INFO - Setting next_dagrun for example_params_trigger_ui to None, run_after=None
[2025-11-13T19:01:59.373+0000] {processor.py:208} INFO - Processing /home/airflow/.local/lib/python3.12/site-packages/airflow/example_dags/example_params_trigger_ui.py took 0.076 seconds
[2025-11-13T19:02:30.482+0000] {processor.py:186} INFO - Started process (PID=13608) to work on /home/airflow/.local/lib/python3.12/site-packages/airflow/example_dags/example_params_trigger_ui.py
[2025-11-13T19:02:30.483+0000] {processor.py:914} INFO - Processing file /home/airflow/.local/lib/python3.12/site-packages/airflow/example_dags/example_params_trigger_ui.py for tasks to queue
[2025-11-13T19:02:30.486+0000] {logging_mixin.py:190} INFO - [2025-11-13T19:02:30.486+0000] {dagbag.py:588} INFO - Filling up the DagBag from /home/airflow/.local/lib/python3.12/site-packages/airflow/example_dags/example_params_trigger_ui.py
[2025-11-13T19:02:30.497+0000] {processor.py:925} INFO - DAG(s) 'example_params_trigger_ui' retrieved from /home/airflow/.local/lib/python3.12/site-packages/airflow/example_dags/example_params_trigger_ui.py
[2025-11-13T19:02:30.531+0000] {logging_mixin.py:190} INFO - [2025-11-13T19:02:30.531+0000] {dag.py:3239} INFO - Sync 1 DAGs
[2025-11-13T19:02:30.544+0000] {logging_mixin.py:190} INFO - [2025-11-13T19:02:30.544+0000] {dag.py:4180} INFO - Setting next_dagrun for example_params_trigger_ui to None, run_after=None
[2025-11-13T19:02:30.559+0000] {processor.py:208} INFO - Processing /home/airflow/.local/lib/python3.12/site-packages/airflow/example_dags/example_params_trigger_ui.py took 0.083 seconds
[2025-11-13T19:03:00.620+0000] {processor.py:186} INFO - Started process (PID=13672) to work on /home/airflow/.local/lib/python3.12/site-packages/airflow/example_dags/example_params_trigger_ui.py
[2025-11-13T19:03:00.622+0000] {processor.py:914} INFO - Processing file /home/airflow/.local/lib/python3.12/site-packages/airflow/example_dags/example_params_trigger_ui.py for tasks to queue
[2025-11-13T19:03:00.624+0000] {logging_mixin.py:190} INFO - [2025-11-13T19:03:00.624+0000] {dagbag.py:588} INFO - Filling up the DagBag from /home/airflow/.local/lib/python3.12/site-packages/airflow/example_dags/example_params_trigger_ui.py
[2025-11-13T19:03:00.634+0000] {processor.py:925} INFO - DAG(s) 'example_params_trigger_ui' retrieved from /home/airflow/.local/lib/python3.12/site-packages/airflow/example_dags/example_params_trigger_ui.py
[2025-11-13T19:03:00.671+0000] {logging_mixin.py:190} INFO - [2025-11-13T19:03:00.670+0000] {dag.py:3239} INFO - Sync 1 DAGs
[2025-11-13T19:03:00.683+0000] {logging_mixin.py:190} INFO - [2025-11-13T19:03:00.683+0000] {dag.py:4180} INFO - Setting next_dagrun for example_params_trigger_ui to None, run_after=None
[2025-11-13T19:03:00.701+0000] {processor.py:208} INFO - Processing /home/airflow/.local/lib/python3.12/site-packages/airflow/example_dags/example_params_trigger_ui.py took 0.086 seconds
[2025-11-13T19:03:32.195+0000] {processor.py:186} INFO - Started process (PID=13739) to work on /home/airflow/.local/lib/python3.12/site-packages/airflow/example_dags/example_params_trigger_ui.py
[2025-11-13T19:03:32.197+0000] {processor.py:914} INFO - Processing file /home/airflow/.local/lib/python3.12/site-packages/airflow/example_dags/example_params_trigger_ui.py for tasks to queue
[2025-11-13T19:03:32.200+0000] {logging_mixin.py:190} INFO - [2025-11-13T19:03:32.199+0000] {dagbag.py:588} INFO - Filling up the DagBag from /home/airflow/.local/lib/python3.12/site-packages/airflow/example_dags/example_params_trigger_ui.py
[2025-11-13T19:03:32.210+0000] {processor.py:925} INFO - DAG(s) 'example_params_trigger_ui' retrieved from /home/airflow/.local/lib/python3.12/site-packages/airflow/example_dags/example_params_trigger_ui.py
[2025-11-13T19:03:32.243+0000] {logging_mixin.py:190} INFO - [2025-11-13T19:03:32.243+0000] {dag.py:3239} INFO - Sync 1 DAGs
[2025-11-13T19:03:32.256+0000] {logging_mixin.py:190} INFO - [2025-11-13T19:03:32.256+0000] {dag.py:4180} INFO - Setting next_dagrun for example_params_trigger_ui to None, run_after=None
[2025-11-13T19:03:32.275+0000] {processor.py:208} INFO - Processing /home/airflow/.local/lib/python3.12/site-packages/airflow/example_dags/example_params_trigger_ui.py took 0.086 seconds
[2025-11-13T19:04:03.806+0000] {processor.py:186} INFO - Started process (PID=13807) to work on /home/airflow/.local/lib/python3.12/site-packages/airflow/example_dags/example_params_trigger_ui.py
[2025-11-13T19:04:03.809+0000] {processor.py:914} INFO - Processing file /home/airflow/.local/lib/python3.12/site-packages/airflow/example_dags/example_params_trigger_ui.py for tasks to queue
[2025-11-13T19:04:03.812+0000] {logging_mixin.py:190} INFO - [2025-11-13T19:04:03.812+0000] {dagbag.py:588} INFO - Filling up the DagBag from /home/airflow/.local/lib/python3.12/site-packages/airflow/example_dags/example_params_trigger_ui.py
[2025-11-13T19:04:03.823+0000] {processor.py:925} INFO - DAG(s) 'example_params_trigger_ui' retrieved from /home/airflow/.local/lib/python3.12/site-packages/airflow/example_dags/example_params_trigger_ui.py
[2025-11-13T19:04:03.861+0000] {logging_mixin.py:190} INFO - [2025-11-13T19:04:03.861+0000] {dag.py:3239} INFO - Sync 1 DAGs
[2025-11-13T19:04:03.874+0000] {logging_mixin.py:190} INFO - [2025-11-13T19:04:03.874+0000] {dag.py:4180} INFO - Setting next_dagrun for example_params_trigger_ui to None, run_after=None
[2025-11-13T19:04:03.891+0000] {processor.py:208} INFO - Processing /home/airflow/.local/lib/python3.12/site-packages/airflow/example_dags/example_params_trigger_ui.py took 0.091 seconds
[2025-11-13T19:04:34.984+0000] {processor.py:186} INFO - Started process (PID=13872) to work on /home/airflow/.local/lib/python3.12/site-packages/airflow/example_dags/example_params_trigger_ui.py
[2025-11-13T19:04:34.987+0000] {processor.py:914} INFO - Processing file /home/airflow/.local/lib/python3.12/site-packages/airflow/example_dags/example_params_trigger_ui.py for tasks to queue
[2025-11-13T19:04:34.992+0000] {logging_mixin.py:190} INFO - [2025-11-13T19:04:34.992+0000] {dagbag.py:588} INFO - Filling up the DagBag from /home/airflow/.local/lib/python3.12/site-packages/airflow/example_dags/example_params_trigger_ui.py
[2025-11-13T19:04:35.005+0000] {processor.py:925} INFO - DAG(s) 'example_params_trigger_ui' retrieved from /home/airflow/.local/lib/python3.12/site-packages/airflow/example_dags/example_params_trigger_ui.py
[2025-11-13T19:04:35.041+0000] {logging_mixin.py:190} INFO - [2025-11-13T19:04:35.040+0000] {dag.py:3239} INFO - Sync 1 DAGs
[2025-11-13T19:04:35.054+0000] {logging_mixin.py:190} INFO - [2025-11-13T19:04:35.053+0000] {dag.py:4180} INFO - Setting next_dagrun for example_params_trigger_ui to None, run_after=None
[2025-11-13T19:04:35.104+0000] {processor.py:208} INFO - Processing /home/airflow/.local/lib/python3.12/site-packages/airflow/example_dags/example_params_trigger_ui.py took 0.125 seconds
[2025-11-13T19:05:05.348+0000] {processor.py:186} INFO - Started process (PID=13937) to work on /home/airflow/.local/lib/python3.12/site-packages/airflow/example_dags/example_params_trigger_ui.py
[2025-11-13T19:05:05.350+0000] {processor.py:914} INFO - Processing file /home/airflow/.local/lib/python3.12/site-packages/airflow/example_dags/example_params_trigger_ui.py for tasks to queue
[2025-11-13T19:05:05.353+0000] {logging_mixin.py:190} INFO - [2025-11-13T19:05:05.353+0000] {dagbag.py:588} INFO - Filling up the DagBag from /home/airflow/.local/lib/python3.12/site-packages/airflow/example_dags/example_params_trigger_ui.py
[2025-11-13T19:05:05.365+0000] {processor.py:925} INFO - DAG(s) 'example_params_trigger_ui' retrieved from /home/airflow/.local/lib/python3.12/site-packages/airflow/example_dags/example_params_trigger_ui.py
[2025-11-13T19:05:05.401+0000] {logging_mixin.py:190} INFO - [2025-11-13T19:05:05.401+0000] {dag.py:3239} INFO - Sync 1 DAGs
[2025-11-13T19:05:05.414+0000] {logging_mixin.py:190} INFO - [2025-11-13T19:05:05.414+0000] {dag.py:4180} INFO - Setting next_dagrun for example_params_trigger_ui to None, run_after=None
[2025-11-13T19:05:05.431+0000] {processor.py:208} INFO - Processing /home/airflow/.local/lib/python3.12/site-packages/airflow/example_dags/example_params_trigger_ui.py took 0.088 seconds
[2025-11-13T19:05:36.507+0000] {processor.py:186} INFO - Started process (PID=14002) to work on /home/airflow/.local/lib/python3.12/site-packages/airflow/example_dags/example_params_trigger_ui.py
[2025-11-13T19:05:36.508+0000] {processor.py:914} INFO - Processing file /home/airflow/.local/lib/python3.12/site-packages/airflow/example_dags/example_params_trigger_ui.py for tasks to queue
[2025-11-13T19:05:36.511+0000] {logging_mixin.py:190} INFO - [2025-11-13T19:05:36.511+0000] {dagbag.py:588} INFO - Filling up the DagBag from /home/airflow/.local/lib/python3.12/site-packages/airflow/example_dags/example_params_trigger_ui.py
[2025-11-13T19:05:36.521+0000] {processor.py:925} INFO - DAG(s) 'example_params_trigger_ui' retrieved from /home/airflow/.local/lib/python3.12/site-packages/airflow/example_dags/example_params_trigger_ui.py
[2025-11-13T19:05:36.555+0000] {logging_mixin.py:190} INFO - [2025-11-13T19:05:36.555+0000] {dag.py:3239} INFO - Sync 1 DAGs
[2025-11-13T19:05:36.567+0000] {logging_mixin.py:190} INFO - [2025-11-13T19:05:36.567+0000] {dag.py:4180} INFO - Setting next_dagrun for example_params_trigger_ui to None, run_after=None
[2025-11-13T19:05:36.584+0000] {processor.py:208} INFO - Processing /home/airflow/.local/lib/python3.12/site-packages/airflow/example_dags/example_params_trigger_ui.py took 0.083 seconds
[2025-11-13T19:06:06.914+0000] {processor.py:186} INFO - Started process (PID=14073) to work on /home/airflow/.local/lib/python3.12/site-packages/airflow/example_dags/example_params_trigger_ui.py
[2025-11-13T19:06:06.915+0000] {processor.py:914} INFO - Processing file /home/airflow/.local/lib/python3.12/site-packages/airflow/example_dags/example_params_trigger_ui.py for tasks to queue
[2025-11-13T19:06:06.918+0000] {logging_mixin.py:190} INFO - [2025-11-13T19:06:06.918+0000] {dagbag.py:588} INFO - Filling up the DagBag from /home/airflow/.local/lib/python3.12/site-packages/airflow/example_dags/example_params_trigger_ui.py
[2025-11-13T19:06:06.929+0000] {processor.py:925} INFO - DAG(s) 'example_params_trigger_ui' retrieved from /home/airflow/.local/lib/python3.12/site-packages/airflow/example_dags/example_params_trigger_ui.py
[2025-11-13T19:06:06.965+0000] {logging_mixin.py:190} INFO - [2025-11-13T19:06:06.965+0000] {dag.py:3239} INFO - Sync 1 DAGs
[2025-11-13T19:06:06.978+0000] {logging_mixin.py:190} INFO - [2025-11-13T19:06:06.978+0000] {dag.py:4180} INFO - Setting next_dagrun for example_params_trigger_ui to None, run_after=None
[2025-11-13T19:06:07.029+0000] {processor.py:208} INFO - Processing /home/airflow/.local/lib/python3.12/site-packages/airflow/example_dags/example_params_trigger_ui.py took 0.121 seconds
[2025-11-13T19:06:38.323+0000] {processor.py:186} INFO - Started process (PID=14138) to work on /home/airflow/.local/lib/python3.12/site-packages/airflow/example_dags/example_params_trigger_ui.py
[2025-11-13T19:06:38.325+0000] {processor.py:914} INFO - Processing file /home/airflow/.local/lib/python3.12/site-packages/airflow/example_dags/example_params_trigger_ui.py for tasks to queue
[2025-11-13T19:06:38.328+0000] {logging_mixin.py:190} INFO - [2025-11-13T19:06:38.327+0000] {dagbag.py:588} INFO - Filling up the DagBag from /home/airflow/.local/lib/python3.12/site-packages/airflow/example_dags/example_params_trigger_ui.py
[2025-11-13T19:06:38.339+0000] {processor.py:925} INFO - DAG(s) 'example_params_trigger_ui' retrieved from /home/airflow/.local/lib/python3.12/site-packages/airflow/example_dags/example_params_trigger_ui.py
[2025-11-13T19:06:38.373+0000] {logging_mixin.py:190} INFO - [2025-11-13T19:06:38.373+0000] {dag.py:3239} INFO - Sync 1 DAGs
[2025-11-13T19:06:38.387+0000] {logging_mixin.py:190} INFO - [2025-11-13T19:06:38.386+0000] {dag.py:4180} INFO - Setting next_dagrun for example_params_trigger_ui to None, run_after=None
[2025-11-13T19:06:38.408+0000] {processor.py:208} INFO - Processing /home/airflow/.local/lib/python3.12/site-packages/airflow/example_dags/example_params_trigger_ui.py took 0.090 seconds
[2025-11-13T19:07:08.958+0000] {processor.py:186} INFO - Started process (PID=14203) to work on /home/airflow/.local/lib/python3.12/site-packages/airflow/example_dags/example_params_trigger_ui.py
[2025-11-13T19:07:08.959+0000] {processor.py:914} INFO - Processing file /home/airflow/.local/lib/python3.12/site-packages/airflow/example_dags/example_params_trigger_ui.py for tasks to queue
[2025-11-13T19:07:08.962+0000] {logging_mixin.py:190} INFO - [2025-11-13T19:07:08.962+0000] {dagbag.py:588} INFO - Filling up the DagBag from /home/airflow/.local/lib/python3.12/site-packages/airflow/example_dags/example_params_trigger_ui.py
[2025-11-13T19:07:08.973+0000] {processor.py:925} INFO - DAG(s) 'example_params_trigger_ui' retrieved from /home/airflow/.local/lib/python3.12/site-packages/airflow/example_dags/example_params_trigger_ui.py
[2025-11-13T19:07:09.010+0000] {logging_mixin.py:190} INFO - [2025-11-13T19:07:09.010+0000] {dag.py:3239} INFO - Sync 1 DAGs
[2025-11-13T19:07:09.025+0000] {logging_mixin.py:190} INFO - [2025-11-13T19:07:09.025+0000] {dag.py:4180} INFO - Setting next_dagrun for example_params_trigger_ui to None, run_after=None
[2025-11-13T19:07:09.076+0000] {processor.py:208} INFO - Processing /home/airflow/.local/lib/python3.12/site-packages/airflow/example_dags/example_params_trigger_ui.py took 0.124 seconds
[2025-11-13T19:07:40.347+0000] {processor.py:186} INFO - Started process (PID=14267) to work on /home/airflow/.local/lib/python3.12/site-packages/airflow/example_dags/example_params_trigger_ui.py
[2025-11-13T19:07:40.348+0000] {processor.py:914} INFO - Processing file /home/airflow/.local/lib/python3.12/site-packages/airflow/example_dags/example_params_trigger_ui.py for tasks to queue
[2025-11-13T19:07:40.351+0000] {logging_mixin.py:190} INFO - [2025-11-13T19:07:40.351+0000] {dagbag.py:588} INFO - Filling up the DagBag from /home/airflow/.local/lib/python3.12/site-packages/airflow/example_dags/example_params_trigger_ui.py
[2025-11-13T19:07:40.361+0000] {processor.py:925} INFO - DAG(s) 'example_params_trigger_ui' retrieved from /home/airflow/.local/lib/python3.12/site-packages/airflow/example_dags/example_params_trigger_ui.py
[2025-11-13T19:07:40.394+0000] {logging_mixin.py:190} INFO - [2025-11-13T19:07:40.394+0000] {dag.py:3239} INFO - Sync 1 DAGs
[2025-11-13T19:07:40.406+0000] {logging_mixin.py:190} INFO - [2025-11-13T19:07:40.406+0000] {dag.py:4180} INFO - Setting next_dagrun for example_params_trigger_ui to None, run_after=None
[2025-11-13T19:07:40.456+0000] {processor.py:208} INFO - Processing /home/airflow/.local/lib/python3.12/site-packages/airflow/example_dags/example_params_trigger_ui.py took 0.114 seconds
[2025-11-13T19:08:11.970+0000] {processor.py:186} INFO - Started process (PID=14332) to work on /home/airflow/.local/lib/python3.12/site-packages/airflow/example_dags/example_params_trigger_ui.py
[2025-11-13T19:08:11.972+0000] {processor.py:914} INFO - Processing file /home/airflow/.local/lib/python3.12/site-packages/airflow/example_dags/example_params_trigger_ui.py for tasks to queue
[2025-11-13T19:08:11.974+0000] {logging_mixin.py:190} INFO - [2025-11-13T19:08:11.974+0000] {dagbag.py:588} INFO - Filling up the DagBag from /home/airflow/.local/lib/python3.12/site-packages/airflow/example_dags/example_params_trigger_ui.py
[2025-11-13T19:08:11.984+0000] {processor.py:925} INFO - DAG(s) 'example_params_trigger_ui' retrieved from /home/airflow/.local/lib/python3.12/site-packages/airflow/example_dags/example_params_trigger_ui.py
[2025-11-13T19:08:12.019+0000] {logging_mixin.py:190} INFO - [2025-11-13T19:08:12.019+0000] {dag.py:3239} INFO - Sync 1 DAGs
[2025-11-13T19:08:12.036+0000] {logging_mixin.py:190} INFO - [2025-11-13T19:08:12.036+0000] {dag.py:4180} INFO - Setting next_dagrun for example_params_trigger_ui to None, run_after=None
[2025-11-13T19:08:12.058+0000] {processor.py:208} INFO - Processing /home/airflow/.local/lib/python3.12/site-packages/airflow/example_dags/example_params_trigger_ui.py took 0.093 seconds
[2025-11-13T19:08:42.558+0000] {processor.py:186} INFO - Started process (PID=14397) to work on /home/airflow/.local/lib/python3.12/site-packages/airflow/example_dags/example_params_trigger_ui.py
[2025-11-13T19:08:42.563+0000] {processor.py:914} INFO - Processing file /home/airflow/.local/lib/python3.12/site-packages/airflow/example_dags/example_params_trigger_ui.py for tasks to queue
[2025-11-13T19:08:42.565+0000] {logging_mixin.py:190} INFO - [2025-11-13T19:08:42.565+0000] {dagbag.py:588} INFO - Filling up the DagBag from /home/airflow/.local/lib/python3.12/site-packages/airflow/example_dags/example_params_trigger_ui.py
[2025-11-13T19:08:42.578+0000] {processor.py:925} INFO - DAG(s) 'example_params_trigger_ui' retrieved from /home/airflow/.local/lib/python3.12/site-packages/airflow/example_dags/example_params_trigger_ui.py
[2025-11-13T19:08:42.616+0000] {logging_mixin.py:190} INFO - [2025-11-13T19:08:42.616+0000] {dag.py:3239} INFO - Sync 1 DAGs
[2025-11-13T19:08:42.629+0000] {logging_mixin.py:190} INFO - [2025-11-13T19:08:42.629+0000] {dag.py:4180} INFO - Setting next_dagrun for example_params_trigger_ui to None, run_after=None
[2025-11-13T19:08:42.679+0000] {processor.py:208} INFO - Processing /home/airflow/.local/lib/python3.12/site-packages/airflow/example_dags/example_params_trigger_ui.py took 0.126 seconds
[2025-11-13T19:09:13.237+0000] {processor.py:186} INFO - Started process (PID=14462) to work on /home/airflow/.local/lib/python3.12/site-packages/airflow/example_dags/example_params_trigger_ui.py
[2025-11-13T19:09:13.239+0000] {processor.py:914} INFO - Processing file /home/airflow/.local/lib/python3.12/site-packages/airflow/example_dags/example_params_trigger_ui.py for tasks to queue
[2025-11-13T19:09:13.241+0000] {logging_mixin.py:190} INFO - [2025-11-13T19:09:13.241+0000] {dagbag.py:588} INFO - Filling up the DagBag from /home/airflow/.local/lib/python3.12/site-packages/airflow/example_dags/example_params_trigger_ui.py
[2025-11-13T19:09:13.251+0000] {processor.py:925} INFO - DAG(s) 'example_params_trigger_ui' retrieved from /home/airflow/.local/lib/python3.12/site-packages/airflow/example_dags/example_params_trigger_ui.py
[2025-11-13T19:09:13.285+0000] {logging_mixin.py:190} INFO - [2025-11-13T19:09:13.285+0000] {dag.py:3239} INFO - Sync 1 DAGs
[2025-11-13T19:09:13.297+0000] {logging_mixin.py:190} INFO - [2025-11-13T19:09:13.297+0000] {dag.py:4180} INFO - Setting next_dagrun for example_params_trigger_ui to None, run_after=None
[2025-11-13T19:09:13.348+0000] {processor.py:208} INFO - Processing /home/airflow/.local/lib/python3.12/site-packages/airflow/example_dags/example_params_trigger_ui.py took 0.117 seconds
[2025-11-13T19:09:44.688+0000] {processor.py:186} INFO - Started process (PID=14527) to work on /home/airflow/.local/lib/python3.12/site-packages/airflow/example_dags/example_params_trigger_ui.py
[2025-11-13T19:09:44.689+0000] {processor.py:914} INFO - Processing file /home/airflow/.local/lib/python3.12/site-packages/airflow/example_dags/example_params_trigger_ui.py for tasks to queue
[2025-11-13T19:09:44.691+0000] {logging_mixin.py:190} INFO - [2025-11-13T19:09:44.691+0000] {dagbag.py:588} INFO - Filling up the DagBag from /home/airflow/.local/lib/python3.12/site-packages/airflow/example_dags/example_params_trigger_ui.py
[2025-11-13T19:09:44.701+0000] {processor.py:925} INFO - DAG(s) 'example_params_trigger_ui' retrieved from /home/airflow/.local/lib/python3.12/site-packages/airflow/example_dags/example_params_trigger_ui.py
[2025-11-13T19:09:44.734+0000] {logging_mixin.py:190} INFO - [2025-11-13T19:09:44.734+0000] {dag.py:3239} INFO - Sync 1 DAGs
[2025-11-13T19:09:44.746+0000] {logging_mixin.py:190} INFO - [2025-11-13T19:09:44.745+0000] {dag.py:4180} INFO - Setting next_dagrun for example_params_trigger_ui to None, run_after=None
[2025-11-13T19:09:44.765+0000] {processor.py:208} INFO - Processing /home/airflow/.local/lib/python3.12/site-packages/airflow/example_dags/example_params_trigger_ui.py took 0.082 seconds
[2025-11-13T19:10:15.403+0000] {processor.py:186} INFO - Started process (PID=14592) to work on /home/airflow/.local/lib/python3.12/site-packages/airflow/example_dags/example_params_trigger_ui.py
[2025-11-13T19:10:15.404+0000] {processor.py:914} INFO - Processing file /home/airflow/.local/lib/python3.12/site-packages/airflow/example_dags/example_params_trigger_ui.py for tasks to queue
[2025-11-13T19:10:15.406+0000] {logging_mixin.py:190} INFO - [2025-11-13T19:10:15.406+0000] {dagbag.py:588} INFO - Filling up the DagBag from /home/airflow/.local/lib/python3.12/site-packages/airflow/example_dags/example_params_trigger_ui.py
[2025-11-13T19:10:15.417+0000] {processor.py:925} INFO - DAG(s) 'example_params_trigger_ui' retrieved from /home/airflow/.local/lib/python3.12/site-packages/airflow/example_dags/example_params_trigger_ui.py
[2025-11-13T19:10:15.454+0000] {logging_mixin.py:190} INFO - [2025-11-13T19:10:15.454+0000] {dag.py:3239} INFO - Sync 1 DAGs
[2025-11-13T19:10:15.466+0000] {logging_mixin.py:190} INFO - [2025-11-13T19:10:15.466+0000] {dag.py:4180} INFO - Setting next_dagrun for example_params_trigger_ui to None, run_after=None
[2025-11-13T19:10:15.483+0000] {processor.py:208} INFO - Processing /home/airflow/.local/lib/python3.12/site-packages/airflow/example_dags/example_params_trigger_ui.py took 0.085 seconds
[2025-11-13T19:10:47.469+0000] {processor.py:186} INFO - Started process (PID=14648) to work on /home/airflow/.local/lib/python3.12/site-packages/airflow/example_dags/example_params_trigger_ui.py
[2025-11-13T19:10:47.471+0000] {processor.py:914} INFO - Processing file /home/airflow/.local/lib/python3.12/site-packages/airflow/example_dags/example_params_trigger_ui.py for tasks to queue
[2025-11-13T19:10:47.474+0000] {logging_mixin.py:190} INFO - [2025-11-13T19:10:47.474+0000] {dagbag.py:588} INFO - Filling up the DagBag from /home/airflow/.local/lib/python3.12/site-packages/airflow/example_dags/example_params_trigger_ui.py
[2025-11-13T19:10:47.486+0000] {processor.py:925} INFO - DAG(s) 'example_params_trigger_ui' retrieved from /home/airflow/.local/lib/python3.12/site-packages/airflow/example_dags/example_params_trigger_ui.py
[2025-11-13T19:10:47.520+0000] {logging_mixin.py:190} INFO - [2025-11-13T19:10:47.520+0000] {dag.py:3239} INFO - Sync 1 DAGs
[2025-11-13T19:10:47.535+0000] {logging_mixin.py:190} INFO - [2025-11-13T19:10:47.535+0000] {dag.py:4180} INFO - Setting next_dagrun for example_params_trigger_ui to None, run_after=None
[2025-11-13T19:10:47.552+0000] {processor.py:208} INFO - Processing /home/airflow/.local/lib/python3.12/site-packages/airflow/example_dags/example_params_trigger_ui.py took 0.089 seconds
[2025-11-13T19:11:18.001+0000] {processor.py:186} INFO - Started process (PID=14718) to work on /home/airflow/.local/lib/python3.12/site-packages/airflow/example_dags/example_params_trigger_ui.py
[2025-11-13T19:11:18.002+0000] {processor.py:914} INFO - Processing file /home/airflow/.local/lib/python3.12/site-packages/airflow/example_dags/example_params_trigger_ui.py for tasks to queue
[2025-11-13T19:11:18.005+0000] {logging_mixin.py:190} INFO - [2025-11-13T19:11:18.004+0000] {dagbag.py:588} INFO - Filling up the DagBag from /home/airflow/.local/lib/python3.12/site-packages/airflow/example_dags/example_params_trigger_ui.py
[2025-11-13T19:11:18.017+0000] {processor.py:925} INFO - DAG(s) 'example_params_trigger_ui' retrieved from /home/airflow/.local/lib/python3.12/site-packages/airflow/example_dags/example_params_trigger_ui.py
[2025-11-13T19:11:18.050+0000] {logging_mixin.py:190} INFO - [2025-11-13T19:11:18.050+0000] {dag.py:3239} INFO - Sync 1 DAGs
[2025-11-13T19:11:18.062+0000] {logging_mixin.py:190} INFO - [2025-11-13T19:11:18.062+0000] {dag.py:4180} INFO - Setting next_dagrun for example_params_trigger_ui to None, run_after=None
[2025-11-13T19:11:18.085+0000] {processor.py:208} INFO - Processing /home/airflow/.local/lib/python3.12/site-packages/airflow/example_dags/example_params_trigger_ui.py took 0.090 seconds
[2025-11-13T19:11:49.279+0000] {processor.py:186} INFO - Started process (PID=14786) to work on /home/airflow/.local/lib/python3.12/site-packages/airflow/example_dags/example_params_trigger_ui.py
[2025-11-13T19:11:49.281+0000] {processor.py:914} INFO - Processing file /home/airflow/.local/lib/python3.12/site-packages/airflow/example_dags/example_params_trigger_ui.py for tasks to queue
[2025-11-13T19:11:49.284+0000] {logging_mixin.py:190} INFO - [2025-11-13T19:11:49.284+0000] {dagbag.py:588} INFO - Filling up the DagBag from /home/airflow/.local/lib/python3.12/site-packages/airflow/example_dags/example_params_trigger_ui.py
[2025-11-13T19:11:49.296+0000] {processor.py:925} INFO - DAG(s) 'example_params_trigger_ui' retrieved from /home/airflow/.local/lib/python3.12/site-packages/airflow/example_dags/example_params_trigger_ui.py
[2025-11-13T19:11:49.331+0000] {logging_mixin.py:190} INFO - [2025-11-13T19:11:49.331+0000] {dag.py:3239} INFO - Sync 1 DAGs
[2025-11-13T19:11:49.344+0000] {logging_mixin.py:190} INFO - [2025-11-13T19:11:49.343+0000] {dag.py:4180} INFO - Setting next_dagrun for example_params_trigger_ui to None, run_after=None
[2025-11-13T19:11:49.395+0000] {processor.py:208} INFO - Processing /home/airflow/.local/lib/python3.12/site-packages/airflow/example_dags/example_params_trigger_ui.py took 0.121 seconds
[2025-11-13T19:12:21.034+0000] {processor.py:186} INFO - Started process (PID=14858) to work on /home/airflow/.local/lib/python3.12/site-packages/airflow/example_dags/example_params_trigger_ui.py
[2025-11-13T19:12:21.035+0000] {processor.py:914} INFO - Processing file /home/airflow/.local/lib/python3.12/site-packages/airflow/example_dags/example_params_trigger_ui.py for tasks to queue
[2025-11-13T19:12:21.038+0000] {logging_mixin.py:190} INFO - [2025-11-13T19:12:21.038+0000] {dagbag.py:588} INFO - Filling up the DagBag from /home/airflow/.local/lib/python3.12/site-packages/airflow/example_dags/example_params_trigger_ui.py
[2025-11-13T19:12:21.050+0000] {processor.py:925} INFO - DAG(s) 'example_params_trigger_ui' retrieved from /home/airflow/.local/lib/python3.12/site-packages/airflow/example_dags/example_params_trigger_ui.py
[2025-11-13T19:12:21.084+0000] {logging_mixin.py:190} INFO - [2025-11-13T19:12:21.083+0000] {dag.py:3239} INFO - Sync 1 DAGs
[2025-11-13T19:12:21.096+0000] {logging_mixin.py:190} INFO - [2025-11-13T19:12:21.096+0000] {dag.py:4180} INFO - Setting next_dagrun for example_params_trigger_ui to None, run_after=None
[2025-11-13T19:12:21.113+0000] {processor.py:208} INFO - Processing /home/airflow/.local/lib/python3.12/site-packages/airflow/example_dags/example_params_trigger_ui.py took 0.084 seconds
[2025-11-13T19:12:52.022+0000] {processor.py:186} INFO - Started process (PID=14923) to work on /home/airflow/.local/lib/python3.12/site-packages/airflow/example_dags/example_params_trigger_ui.py
[2025-11-13T19:12:52.024+0000] {processor.py:914} INFO - Processing file /home/airflow/.local/lib/python3.12/site-packages/airflow/example_dags/example_params_trigger_ui.py for tasks to queue
[2025-11-13T19:12:52.027+0000] {logging_mixin.py:190} INFO - [2025-11-13T19:12:52.027+0000] {dagbag.py:588} INFO - Filling up the DagBag from /home/airflow/.local/lib/python3.12/site-packages/airflow/example_dags/example_params_trigger_ui.py
[2025-11-13T19:12:52.037+0000] {processor.py:925} INFO - DAG(s) 'example_params_trigger_ui' retrieved from /home/airflow/.local/lib/python3.12/site-packages/airflow/example_dags/example_params_trigger_ui.py
[2025-11-13T19:12:52.070+0000] {logging_mixin.py:190} INFO - [2025-11-13T19:12:52.070+0000] {dag.py:3239} INFO - Sync 1 DAGs
[2025-11-13T19:12:52.083+0000] {logging_mixin.py:190} INFO - [2025-11-13T19:12:52.083+0000] {dag.py:4180} INFO - Setting next_dagrun for example_params_trigger_ui to None, run_after=None
[2025-11-13T19:12:52.101+0000] {processor.py:208} INFO - Processing /home/airflow/.local/lib/python3.12/site-packages/airflow/example_dags/example_params_trigger_ui.py took 0.084 seconds
[2025-11-13T19:13:23.125+0000] {processor.py:186} INFO - Started process (PID=14988) to work on /home/airflow/.local/lib/python3.12/site-packages/airflow/example_dags/example_params_trigger_ui.py
[2025-11-13T19:13:23.127+0000] {processor.py:914} INFO - Processing file /home/airflow/.local/lib/python3.12/site-packages/airflow/example_dags/example_params_trigger_ui.py for tasks to queue
[2025-11-13T19:13:23.130+0000] {logging_mixin.py:190} INFO - [2025-11-13T19:13:23.130+0000] {dagbag.py:588} INFO - Filling up the DagBag from /home/airflow/.local/lib/python3.12/site-packages/airflow/example_dags/example_params_trigger_ui.py
[2025-11-13T19:13:23.142+0000] {processor.py:925} INFO - DAG(s) 'example_params_trigger_ui' retrieved from /home/airflow/.local/lib/python3.12/site-packages/airflow/example_dags/example_params_trigger_ui.py
[2025-11-13T19:13:23.175+0000] {logging_mixin.py:190} INFO - [2025-11-13T19:13:23.175+0000] {dag.py:3239} INFO - Sync 1 DAGs
[2025-11-13T19:13:23.188+0000] {logging_mixin.py:190} INFO - [2025-11-13T19:13:23.188+0000] {dag.py:4180} INFO - Setting next_dagrun for example_params_trigger_ui to None, run_after=None
[2025-11-13T19:13:23.205+0000] {processor.py:208} INFO - Processing /home/airflow/.local/lib/python3.12/site-packages/airflow/example_dags/example_params_trigger_ui.py took 0.087 seconds
[2025-11-13T19:13:54.027+0000] {processor.py:186} INFO - Started process (PID=15053) to work on /home/airflow/.local/lib/python3.12/site-packages/airflow/example_dags/example_params_trigger_ui.py
[2025-11-13T19:13:54.029+0000] {processor.py:914} INFO - Processing file /home/airflow/.local/lib/python3.12/site-packages/airflow/example_dags/example_params_trigger_ui.py for tasks to queue
[2025-11-13T19:13:54.031+0000] {logging_mixin.py:190} INFO - [2025-11-13T19:13:54.031+0000] {dagbag.py:588} INFO - Filling up the DagBag from /home/airflow/.local/lib/python3.12/site-packages/airflow/example_dags/example_params_trigger_ui.py
[2025-11-13T19:13:54.042+0000] {processor.py:925} INFO - DAG(s) 'example_params_trigger_ui' retrieved from /home/airflow/.local/lib/python3.12/site-packages/airflow/example_dags/example_params_trigger_ui.py
[2025-11-13T19:13:54.075+0000] {logging_mixin.py:190} INFO - [2025-11-13T19:13:54.075+0000] {dag.py:3239} INFO - Sync 1 DAGs
[2025-11-13T19:13:54.089+0000] {logging_mixin.py:190} INFO - [2025-11-13T19:13:54.088+0000] {dag.py:4180} INFO - Setting next_dagrun for example_params_trigger_ui to None, run_after=None
[2025-11-13T19:13:54.106+0000] {processor.py:208} INFO - Processing /home/airflow/.local/lib/python3.12/site-packages/airflow/example_dags/example_params_trigger_ui.py took 0.084 seconds
[2025-11-13T19:14:26.175+0000] {processor.py:186} INFO - Started process (PID=15118) to work on /home/airflow/.local/lib/python3.12/site-packages/airflow/example_dags/example_params_trigger_ui.py
[2025-11-13T19:14:26.177+0000] {processor.py:914} INFO - Processing file /home/airflow/.local/lib/python3.12/site-packages/airflow/example_dags/example_params_trigger_ui.py for tasks to queue
[2025-11-13T19:14:26.180+0000] {logging_mixin.py:190} INFO - [2025-11-13T19:14:26.180+0000] {dagbag.py:588} INFO - Filling up the DagBag from /home/airflow/.local/lib/python3.12/site-packages/airflow/example_dags/example_params_trigger_ui.py
[2025-11-13T19:14:26.193+0000] {processor.py:925} INFO - DAG(s) 'example_params_trigger_ui' retrieved from /home/airflow/.local/lib/python3.12/site-packages/airflow/example_dags/example_params_trigger_ui.py
[2025-11-13T19:14:26.229+0000] {logging_mixin.py:190} INFO - [2025-11-13T19:14:26.229+0000] {dag.py:3239} INFO - Sync 1 DAGs
[2025-11-13T19:14:26.243+0000] {logging_mixin.py:190} INFO - [2025-11-13T19:14:26.243+0000] {dag.py:4180} INFO - Setting next_dagrun for example_params_trigger_ui to None, run_after=None
[2025-11-13T19:14:26.292+0000] {processor.py:208} INFO - Processing /home/airflow/.local/lib/python3.12/site-packages/airflow/example_dags/example_params_trigger_ui.py took 0.123 seconds
[2025-11-13T19:14:57.020+0000] {processor.py:186} INFO - Started process (PID=15183) to work on /home/airflow/.local/lib/python3.12/site-packages/airflow/example_dags/example_params_trigger_ui.py
[2025-11-13T19:14:57.021+0000] {processor.py:914} INFO - Processing file /home/airflow/.local/lib/python3.12/site-packages/airflow/example_dags/example_params_trigger_ui.py for tasks to queue
[2025-11-13T19:14:57.024+0000] {logging_mixin.py:190} INFO - [2025-11-13T19:14:57.024+0000] {dagbag.py:588} INFO - Filling up the DagBag from /home/airflow/.local/lib/python3.12/site-packages/airflow/example_dags/example_params_trigger_ui.py
[2025-11-13T19:14:57.034+0000] {processor.py:925} INFO - DAG(s) 'example_params_trigger_ui' retrieved from /home/airflow/.local/lib/python3.12/site-packages/airflow/example_dags/example_params_trigger_ui.py
[2025-11-13T19:14:57.066+0000] {logging_mixin.py:190} INFO - [2025-11-13T19:14:57.065+0000] {dag.py:3239} INFO - Sync 1 DAGs
[2025-11-13T19:14:57.077+0000] {logging_mixin.py:190} INFO - [2025-11-13T19:14:57.077+0000] {dag.py:4180} INFO - Setting next_dagrun for example_params_trigger_ui to None, run_after=None
[2025-11-13T19:14:57.095+0000] {processor.py:208} INFO - Processing /home/airflow/.local/lib/python3.12/site-packages/airflow/example_dags/example_params_trigger_ui.py took 0.080 seconds
[2025-11-13T19:15:28.214+0000] {processor.py:186} INFO - Started process (PID=15248) to work on /home/airflow/.local/lib/python3.12/site-packages/airflow/example_dags/example_params_trigger_ui.py
[2025-11-13T19:15:28.215+0000] {processor.py:914} INFO - Processing file /home/airflow/.local/lib/python3.12/site-packages/airflow/example_dags/example_params_trigger_ui.py for tasks to queue
[2025-11-13T19:15:28.219+0000] {logging_mixin.py:190} INFO - [2025-11-13T19:15:28.218+0000] {dagbag.py:588} INFO - Filling up the DagBag from /home/airflow/.local/lib/python3.12/site-packages/airflow/example_dags/example_params_trigger_ui.py
[2025-11-13T19:15:28.229+0000] {processor.py:925} INFO - DAG(s) 'example_params_trigger_ui' retrieved from /home/airflow/.local/lib/python3.12/site-packages/airflow/example_dags/example_params_trigger_ui.py
[2025-11-13T19:15:28.265+0000] {logging_mixin.py:190} INFO - [2025-11-13T19:15:28.264+0000] {dag.py:3239} INFO - Sync 1 DAGs
[2025-11-13T19:15:28.279+0000] {logging_mixin.py:190} INFO - [2025-11-13T19:15:28.278+0000] {dag.py:4180} INFO - Setting next_dagrun for example_params_trigger_ui to None, run_after=None
[2025-11-13T19:15:28.337+0000] {processor.py:208} INFO - Processing /home/airflow/.local/lib/python3.12/site-packages/airflow/example_dags/example_params_trigger_ui.py took 0.128 seconds
[2025-11-13T19:15:59.384+0000] {processor.py:186} INFO - Started process (PID=15319) to work on /home/airflow/.local/lib/python3.12/site-packages/airflow/example_dags/example_params_trigger_ui.py
[2025-11-13T19:15:59.385+0000] {processor.py:914} INFO - Processing file /home/airflow/.local/lib/python3.12/site-packages/airflow/example_dags/example_params_trigger_ui.py for tasks to queue
[2025-11-13T19:15:59.389+0000] {logging_mixin.py:190} INFO - [2025-11-13T19:15:59.389+0000] {dagbag.py:588} INFO - Filling up the DagBag from /home/airflow/.local/lib/python3.12/site-packages/airflow/example_dags/example_params_trigger_ui.py
[2025-11-13T19:15:59.399+0000] {processor.py:925} INFO - DAG(s) 'example_params_trigger_ui' retrieved from /home/airflow/.local/lib/python3.12/site-packages/airflow/example_dags/example_params_trigger_ui.py
[2025-11-13T19:15:59.433+0000] {logging_mixin.py:190} INFO - [2025-11-13T19:15:59.432+0000] {dag.py:3239} INFO - Sync 1 DAGs
[2025-11-13T19:15:59.446+0000] {logging_mixin.py:190} INFO - [2025-11-13T19:15:59.446+0000] {dag.py:4180} INFO - Setting next_dagrun for example_params_trigger_ui to None, run_after=None
[2025-11-13T19:15:59.496+0000] {processor.py:208} INFO - Processing /home/airflow/.local/lib/python3.12/site-packages/airflow/example_dags/example_params_trigger_ui.py took 0.118 seconds
[2025-11-13T19:16:30.174+0000] {processor.py:186} INFO - Started process (PID=15384) to work on /home/airflow/.local/lib/python3.12/site-packages/airflow/example_dags/example_params_trigger_ui.py
[2025-11-13T19:16:30.175+0000] {processor.py:914} INFO - Processing file /home/airflow/.local/lib/python3.12/site-packages/airflow/example_dags/example_params_trigger_ui.py for tasks to queue
[2025-11-13T19:16:30.178+0000] {logging_mixin.py:190} INFO - [2025-11-13T19:16:30.177+0000] {dagbag.py:588} INFO - Filling up the DagBag from /home/airflow/.local/lib/python3.12/site-packages/airflow/example_dags/example_params_trigger_ui.py
[2025-11-13T19:16:30.188+0000] {processor.py:925} INFO - DAG(s) 'example_params_trigger_ui' retrieved from /home/airflow/.local/lib/python3.12/site-packages/airflow/example_dags/example_params_trigger_ui.py
[2025-11-13T19:16:30.222+0000] {logging_mixin.py:190} INFO - [2025-11-13T19:16:30.222+0000] {dag.py:3239} INFO - Sync 1 DAGs
[2025-11-13T19:16:30.236+0000] {logging_mixin.py:190} INFO - [2025-11-13T19:16:30.236+0000] {dag.py:4180} INFO - Setting next_dagrun for example_params_trigger_ui to None, run_after=None
[2025-11-13T19:16:30.254+0000] {processor.py:208} INFO - Processing /home/airflow/.local/lib/python3.12/site-packages/airflow/example_dags/example_params_trigger_ui.py took 0.085 seconds
[2025-11-13T19:17:01.466+0000] {processor.py:186} INFO - Started process (PID=15449) to work on /home/airflow/.local/lib/python3.12/site-packages/airflow/example_dags/example_params_trigger_ui.py
[2025-11-13T19:17:01.468+0000] {processor.py:914} INFO - Processing file /home/airflow/.local/lib/python3.12/site-packages/airflow/example_dags/example_params_trigger_ui.py for tasks to queue
[2025-11-13T19:17:01.471+0000] {logging_mixin.py:190} INFO - [2025-11-13T19:17:01.470+0000] {dagbag.py:588} INFO - Filling up the DagBag from /home/airflow/.local/lib/python3.12/site-packages/airflow/example_dags/example_params_trigger_ui.py
[2025-11-13T19:17:01.482+0000] {processor.py:925} INFO - DAG(s) 'example_params_trigger_ui' retrieved from /home/airflow/.local/lib/python3.12/site-packages/airflow/example_dags/example_params_trigger_ui.py
[2025-11-13T19:17:01.516+0000] {logging_mixin.py:190} INFO - [2025-11-13T19:17:01.516+0000] {dag.py:3239} INFO - Sync 1 DAGs
[2025-11-13T19:17:01.529+0000] {logging_mixin.py:190} INFO - [2025-11-13T19:17:01.529+0000] {dag.py:4180} INFO - Setting next_dagrun for example_params_trigger_ui to None, run_after=None
[2025-11-13T19:17:01.548+0000] {processor.py:208} INFO - Processing /home/airflow/.local/lib/python3.12/site-packages/airflow/example_dags/example_params_trigger_ui.py took 0.087 seconds
[2025-11-13T19:17:32.840+0000] {processor.py:186} INFO - Started process (PID=15515) to work on /home/airflow/.local/lib/python3.12/site-packages/airflow/example_dags/example_params_trigger_ui.py
[2025-11-13T19:17:32.842+0000] {processor.py:914} INFO - Processing file /home/airflow/.local/lib/python3.12/site-packages/airflow/example_dags/example_params_trigger_ui.py for tasks to queue
[2025-11-13T19:17:32.845+0000] {logging_mixin.py:190} INFO - [2025-11-13T19:17:32.844+0000] {dagbag.py:588} INFO - Filling up the DagBag from /home/airflow/.local/lib/python3.12/site-packages/airflow/example_dags/example_params_trigger_ui.py
[2025-11-13T19:17:32.856+0000] {processor.py:925} INFO - DAG(s) 'example_params_trigger_ui' retrieved from /home/airflow/.local/lib/python3.12/site-packages/airflow/example_dags/example_params_trigger_ui.py
[2025-11-13T19:17:32.891+0000] {logging_mixin.py:190} INFO - [2025-11-13T19:17:32.891+0000] {dag.py:3239} INFO - Sync 1 DAGs
[2025-11-13T19:17:32.904+0000] {logging_mixin.py:190} INFO - [2025-11-13T19:17:32.903+0000] {dag.py:4180} INFO - Setting next_dagrun for example_params_trigger_ui to None, run_after=None
[2025-11-13T19:17:32.919+0000] {processor.py:208} INFO - Processing /home/airflow/.local/lib/python3.12/site-packages/airflow/example_dags/example_params_trigger_ui.py took 0.084 seconds
[2025-11-13T19:18:03.642+0000] {processor.py:186} INFO - Started process (PID=15580) to work on /home/airflow/.local/lib/python3.12/site-packages/airflow/example_dags/example_params_trigger_ui.py
[2025-11-13T19:18:03.644+0000] {processor.py:914} INFO - Processing file /home/airflow/.local/lib/python3.12/site-packages/airflow/example_dags/example_params_trigger_ui.py for tasks to queue
[2025-11-13T19:18:03.647+0000] {logging_mixin.py:190} INFO - [2025-11-13T19:18:03.646+0000] {dagbag.py:588} INFO - Filling up the DagBag from /home/airflow/.local/lib/python3.12/site-packages/airflow/example_dags/example_params_trigger_ui.py
[2025-11-13T19:18:03.657+0000] {processor.py:925} INFO - DAG(s) 'example_params_trigger_ui' retrieved from /home/airflow/.local/lib/python3.12/site-packages/airflow/example_dags/example_params_trigger_ui.py
[2025-11-13T19:18:03.693+0000] {logging_mixin.py:190} INFO - [2025-11-13T19:18:03.693+0000] {dag.py:3239} INFO - Sync 1 DAGs
[2025-11-13T19:18:03.707+0000] {logging_mixin.py:190} INFO - [2025-11-13T19:18:03.706+0000] {dag.py:4180} INFO - Setting next_dagrun for example_params_trigger_ui to None, run_after=None
[2025-11-13T19:18:03.726+0000] {processor.py:208} INFO - Processing /home/airflow/.local/lib/python3.12/site-packages/airflow/example_dags/example_params_trigger_ui.py took 0.089 seconds
[2025-11-13T19:18:35.030+0000] {processor.py:186} INFO - Started process (PID=15647) to work on /home/airflow/.local/lib/python3.12/site-packages/airflow/example_dags/example_params_trigger_ui.py
[2025-11-13T19:18:35.031+0000] {processor.py:914} INFO - Processing file /home/airflow/.local/lib/python3.12/site-packages/airflow/example_dags/example_params_trigger_ui.py for tasks to queue
[2025-11-13T19:18:35.034+0000] {logging_mixin.py:190} INFO - [2025-11-13T19:18:35.034+0000] {dagbag.py:588} INFO - Filling up the DagBag from /home/airflow/.local/lib/python3.12/site-packages/airflow/example_dags/example_params_trigger_ui.py
[2025-11-13T19:18:35.045+0000] {processor.py:925} INFO - DAG(s) 'example_params_trigger_ui' retrieved from /home/airflow/.local/lib/python3.12/site-packages/airflow/example_dags/example_params_trigger_ui.py
[2025-11-13T19:18:35.077+0000] {logging_mixin.py:190} INFO - [2025-11-13T19:18:35.077+0000] {dag.py:3239} INFO - Sync 1 DAGs
[2025-11-13T19:18:35.090+0000] {logging_mixin.py:190} INFO - [2025-11-13T19:18:35.089+0000] {dag.py:4180} INFO - Setting next_dagrun for example_params_trigger_ui to None, run_after=None
[2025-11-13T19:18:35.107+0000] {processor.py:208} INFO - Processing /home/airflow/.local/lib/python3.12/site-packages/airflow/example_dags/example_params_trigger_ui.py took 0.082 seconds
[2025-11-13T19:19:06.064+0000] {processor.py:186} INFO - Started process (PID=15712) to work on /home/airflow/.local/lib/python3.12/site-packages/airflow/example_dags/example_params_trigger_ui.py
[2025-11-13T19:19:06.065+0000] {processor.py:914} INFO - Processing file /home/airflow/.local/lib/python3.12/site-packages/airflow/example_dags/example_params_trigger_ui.py for tasks to queue
[2025-11-13T19:19:06.068+0000] {logging_mixin.py:190} INFO - [2025-11-13T19:19:06.068+0000] {dagbag.py:588} INFO - Filling up the DagBag from /home/airflow/.local/lib/python3.12/site-packages/airflow/example_dags/example_params_trigger_ui.py
[2025-11-13T19:19:06.078+0000] {processor.py:925} INFO - DAG(s) 'example_params_trigger_ui' retrieved from /home/airflow/.local/lib/python3.12/site-packages/airflow/example_dags/example_params_trigger_ui.py
[2025-11-13T19:19:06.112+0000] {logging_mixin.py:190} INFO - [2025-11-13T19:19:06.112+0000] {dag.py:3239} INFO - Sync 1 DAGs
[2025-11-13T19:19:06.124+0000] {logging_mixin.py:190} INFO - [2025-11-13T19:19:06.124+0000] {dag.py:4180} INFO - Setting next_dagrun for example_params_trigger_ui to None, run_after=None
[2025-11-13T19:19:06.141+0000] {processor.py:208} INFO - Processing /home/airflow/.local/lib/python3.12/site-packages/airflow/example_dags/example_params_trigger_ui.py took 0.082 seconds
[2025-11-13T19:19:37.544+0000] {processor.py:186} INFO - Started process (PID=15777) to work on /home/airflow/.local/lib/python3.12/site-packages/airflow/example_dags/example_params_trigger_ui.py
[2025-11-13T19:19:37.545+0000] {processor.py:914} INFO - Processing file /home/airflow/.local/lib/python3.12/site-packages/airflow/example_dags/example_params_trigger_ui.py for tasks to queue
[2025-11-13T19:19:37.547+0000] {logging_mixin.py:190} INFO - [2025-11-13T19:19:37.547+0000] {dagbag.py:588} INFO - Filling up the DagBag from /home/airflow/.local/lib/python3.12/site-packages/airflow/example_dags/example_params_trigger_ui.py
[2025-11-13T19:19:37.560+0000] {processor.py:925} INFO - DAG(s) 'example_params_trigger_ui' retrieved from /home/airflow/.local/lib/python3.12/site-packages/airflow/example_dags/example_params_trigger_ui.py
[2025-11-13T19:19:37.593+0000] {logging_mixin.py:190} INFO - [2025-11-13T19:19:37.593+0000] {dag.py:3239} INFO - Sync 1 DAGs
[2025-11-13T19:19:37.605+0000] {logging_mixin.py:190} INFO - [2025-11-13T19:19:37.605+0000] {dag.py:4180} INFO - Setting next_dagrun for example_params_trigger_ui to None, run_after=None
[2025-11-13T19:19:37.621+0000] {processor.py:208} INFO - Processing /home/airflow/.local/lib/python3.12/site-packages/airflow/example_dags/example_params_trigger_ui.py took 0.083 seconds
[2025-11-13T19:20:08.129+0000] {processor.py:186} INFO - Started process (PID=15842) to work on /home/airflow/.local/lib/python3.12/site-packages/airflow/example_dags/example_params_trigger_ui.py
[2025-11-13T19:20:08.131+0000] {processor.py:914} INFO - Processing file /home/airflow/.local/lib/python3.12/site-packages/airflow/example_dags/example_params_trigger_ui.py for tasks to queue
[2025-11-13T19:20:08.134+0000] {logging_mixin.py:190} INFO - [2025-11-13T19:20:08.134+0000] {dagbag.py:588} INFO - Filling up the DagBag from /home/airflow/.local/lib/python3.12/site-packages/airflow/example_dags/example_params_trigger_ui.py
[2025-11-13T19:20:08.147+0000] {processor.py:925} INFO - DAG(s) 'example_params_trigger_ui' retrieved from /home/airflow/.local/lib/python3.12/site-packages/airflow/example_dags/example_params_trigger_ui.py
[2025-11-13T19:20:08.180+0000] {logging_mixin.py:190} INFO - [2025-11-13T19:20:08.180+0000] {dag.py:3239} INFO - Sync 1 DAGs
[2025-11-13T19:20:08.192+0000] {logging_mixin.py:190} INFO - [2025-11-13T19:20:08.191+0000] {dag.py:4180} INFO - Setting next_dagrun for example_params_trigger_ui to None, run_after=None
[2025-11-13T19:20:08.207+0000] {processor.py:208} INFO - Processing /home/airflow/.local/lib/python3.12/site-packages/airflow/example_dags/example_params_trigger_ui.py took 0.084 seconds
[2025-11-13T19:20:40.221+0000] {processor.py:186} INFO - Started process (PID=15905) to work on /home/airflow/.local/lib/python3.12/site-packages/airflow/example_dags/example_params_trigger_ui.py
[2025-11-13T19:20:40.223+0000] {processor.py:914} INFO - Processing file /home/airflow/.local/lib/python3.12/site-packages/airflow/example_dags/example_params_trigger_ui.py for tasks to queue
[2025-11-13T19:20:40.225+0000] {logging_mixin.py:190} INFO - [2025-11-13T19:20:40.225+0000] {dagbag.py:588} INFO - Filling up the DagBag from /home/airflow/.local/lib/python3.12/site-packages/airflow/example_dags/example_params_trigger_ui.py
[2025-11-13T19:20:40.236+0000] {processor.py:925} INFO - DAG(s) 'example_params_trigger_ui' retrieved from /home/airflow/.local/lib/python3.12/site-packages/airflow/example_dags/example_params_trigger_ui.py
[2025-11-13T19:20:40.268+0000] {logging_mixin.py:190} INFO - [2025-11-13T19:20:40.267+0000] {dag.py:3239} INFO - Sync 1 DAGs
[2025-11-13T19:20:40.280+0000] {logging_mixin.py:190} INFO - [2025-11-13T19:20:40.280+0000] {dag.py:4180} INFO - Setting next_dagrun for example_params_trigger_ui to None, run_after=None
[2025-11-13T19:20:40.297+0000] {processor.py:208} INFO - Processing /home/airflow/.local/lib/python3.12/site-packages/airflow/example_dags/example_params_trigger_ui.py took 0.080 seconds
[2025-11-13T19:21:10.846+0000] {processor.py:186} INFO - Started process (PID=15976) to work on /home/airflow/.local/lib/python3.12/site-packages/airflow/example_dags/example_params_trigger_ui.py
[2025-11-13T19:21:10.848+0000] {processor.py:914} INFO - Processing file /home/airflow/.local/lib/python3.12/site-packages/airflow/example_dags/example_params_trigger_ui.py for tasks to queue
[2025-11-13T19:21:10.851+0000] {logging_mixin.py:190} INFO - [2025-11-13T19:21:10.850+0000] {dagbag.py:588} INFO - Filling up the DagBag from /home/airflow/.local/lib/python3.12/site-packages/airflow/example_dags/example_params_trigger_ui.py
[2025-11-13T19:21:10.862+0000] {processor.py:925} INFO - DAG(s) 'example_params_trigger_ui' retrieved from /home/airflow/.local/lib/python3.12/site-packages/airflow/example_dags/example_params_trigger_ui.py
[2025-11-13T19:21:10.900+0000] {logging_mixin.py:190} INFO - [2025-11-13T19:21:10.900+0000] {dag.py:3239} INFO - Sync 1 DAGs
[2025-11-13T19:21:10.914+0000] {logging_mixin.py:190} INFO - [2025-11-13T19:21:10.914+0000] {dag.py:4180} INFO - Setting next_dagrun for example_params_trigger_ui to None, run_after=None
[2025-11-13T19:21:10.934+0000] {processor.py:208} INFO - Processing /home/airflow/.local/lib/python3.12/site-packages/airflow/example_dags/example_params_trigger_ui.py took 0.094 seconds
[2025-11-13T19:21:42.064+0000] {processor.py:186} INFO - Started process (PID=16040) to work on /home/airflow/.local/lib/python3.12/site-packages/airflow/example_dags/example_params_trigger_ui.py
[2025-11-13T19:21:42.065+0000] {processor.py:914} INFO - Processing file /home/airflow/.local/lib/python3.12/site-packages/airflow/example_dags/example_params_trigger_ui.py for tasks to queue
[2025-11-13T19:21:42.068+0000] {logging_mixin.py:190} INFO - [2025-11-13T19:21:42.067+0000] {dagbag.py:588} INFO - Filling up the DagBag from /home/airflow/.local/lib/python3.12/site-packages/airflow/example_dags/example_params_trigger_ui.py
[2025-11-13T19:21:42.078+0000] {processor.py:925} INFO - DAG(s) 'example_params_trigger_ui' retrieved from /home/airflow/.local/lib/python3.12/site-packages/airflow/example_dags/example_params_trigger_ui.py
[2025-11-13T19:21:42.113+0000] {logging_mixin.py:190} INFO - [2025-11-13T19:21:42.113+0000] {dag.py:3239} INFO - Sync 1 DAGs
[2025-11-13T19:21:42.126+0000] {logging_mixin.py:190} INFO - [2025-11-13T19:21:42.125+0000] {dag.py:4180} INFO - Setting next_dagrun for example_params_trigger_ui to None, run_after=None
[2025-11-13T19:21:42.143+0000] {processor.py:208} INFO - Processing /home/airflow/.local/lib/python3.12/site-packages/airflow/example_dags/example_params_trigger_ui.py took 0.085 seconds
[2025-11-13T19:22:14.083+0000] {processor.py:186} INFO - Started process (PID=16106) to work on /home/airflow/.local/lib/python3.12/site-packages/airflow/example_dags/example_params_trigger_ui.py
[2025-11-13T19:22:14.084+0000] {processor.py:914} INFO - Processing file /home/airflow/.local/lib/python3.12/site-packages/airflow/example_dags/example_params_trigger_ui.py for tasks to queue
[2025-11-13T19:22:14.087+0000] {logging_mixin.py:190} INFO - [2025-11-13T19:22:14.087+0000] {dagbag.py:588} INFO - Filling up the DagBag from /home/airflow/.local/lib/python3.12/site-packages/airflow/example_dags/example_params_trigger_ui.py
[2025-11-13T19:22:14.098+0000] {processor.py:925} INFO - DAG(s) 'example_params_trigger_ui' retrieved from /home/airflow/.local/lib/python3.12/site-packages/airflow/example_dags/example_params_trigger_ui.py
[2025-11-13T19:22:14.132+0000] {logging_mixin.py:190} INFO - [2025-11-13T19:22:14.132+0000] {dag.py:3239} INFO - Sync 1 DAGs
[2025-11-13T19:22:14.144+0000] {logging_mixin.py:190} INFO - [2025-11-13T19:22:14.144+0000] {dag.py:4180} INFO - Setting next_dagrun for example_params_trigger_ui to None, run_after=None
[2025-11-13T19:22:14.160+0000] {processor.py:208} INFO - Processing /home/airflow/.local/lib/python3.12/site-packages/airflow/example_dags/example_params_trigger_ui.py took 0.082 seconds
