[2025-11-16T19:14:16.442+0000] {processor.py:186} INFO - Started process (PID=94) to work on /home/airflow/.local/lib/python3.12/site-packages/airflow/example_dags/example_dag_decorator.py
[2025-11-16T19:14:16.443+0000] {processor.py:914} INFO - Processing file /home/airflow/.local/lib/python3.12/site-packages/airflow/example_dags/example_dag_decorator.py for tasks to queue
[2025-11-16T19:14:16.447+0000] {logging_mixin.py:190} INFO - [2025-11-16T19:14:16.446+0000] {dagbag.py:588} INFO - Filling up the DagBag from /home/airflow/.local/lib/python3.12/site-packages/airflow/example_dags/example_dag_decorator.py
[2025-11-16T19:14:16.657+0000] {processor.py:925} INFO - DAG(s) 'example_dag_decorator' retrieved from /home/airflow/.local/lib/python3.12/site-packages/airflow/example_dags/example_dag_decorator.py
[2025-11-16T19:14:16.809+0000] {logging_mixin.py:190} INFO - [2025-11-16T19:14:16.809+0000] {dag.py:3239} INFO - Sync 1 DAGs
[2025-11-16T19:14:16.826+0000] {logging_mixin.py:190} INFO - [2025-11-16T19:14:16.826+0000] {dag.py:4180} INFO - Setting next_dagrun for example_dag_decorator to None, run_after=None
[2025-11-16T19:14:16.855+0000] {processor.py:208} INFO - Processing /home/airflow/.local/lib/python3.12/site-packages/airflow/example_dags/example_dag_decorator.py took 0.420 seconds
[2025-11-16T19:14:47.475+0000] {processor.py:186} INFO - Started process (PID=159) to work on /home/airflow/.local/lib/python3.12/site-packages/airflow/example_dags/example_dag_decorator.py
[2025-11-16T19:14:47.476+0000] {processor.py:914} INFO - Processing file /home/airflow/.local/lib/python3.12/site-packages/airflow/example_dags/example_dag_decorator.py for tasks to queue
[2025-11-16T19:14:47.479+0000] {logging_mixin.py:190} INFO - [2025-11-16T19:14:47.479+0000] {dagbag.py:588} INFO - Filling up the DagBag from /home/airflow/.local/lib/python3.12/site-packages/airflow/example_dags/example_dag_decorator.py
[2025-11-16T19:14:47.576+0000] {processor.py:925} INFO - DAG(s) 'example_dag_decorator' retrieved from /home/airflow/.local/lib/python3.12/site-packages/airflow/example_dags/example_dag_decorator.py
[2025-11-16T19:14:47.652+0000] {logging_mixin.py:190} INFO - [2025-11-16T19:14:47.652+0000] {dag.py:3239} INFO - Sync 1 DAGs
[2025-11-16T19:14:47.661+0000] {logging_mixin.py:190} INFO - [2025-11-16T19:14:47.660+0000] {dag.py:4180} INFO - Setting next_dagrun for example_dag_decorator to None, run_after=None
[2025-11-16T19:14:47.678+0000] {processor.py:208} INFO - Processing /home/airflow/.local/lib/python3.12/site-packages/airflow/example_dags/example_dag_decorator.py took 0.208 seconds
[2025-11-16T19:15:17.988+0000] {processor.py:186} INFO - Started process (PID=223) to work on /home/airflow/.local/lib/python3.12/site-packages/airflow/example_dags/example_dag_decorator.py
[2025-11-16T19:15:17.989+0000] {processor.py:914} INFO - Processing file /home/airflow/.local/lib/python3.12/site-packages/airflow/example_dags/example_dag_decorator.py for tasks to queue
[2025-11-16T19:15:17.991+0000] {logging_mixin.py:190} INFO - [2025-11-16T19:15:17.991+0000] {dagbag.py:588} INFO - Filling up the DagBag from /home/airflow/.local/lib/python3.12/site-packages/airflow/example_dags/example_dag_decorator.py
[2025-11-16T19:15:18.067+0000] {processor.py:925} INFO - DAG(s) 'example_dag_decorator' retrieved from /home/airflow/.local/lib/python3.12/site-packages/airflow/example_dags/example_dag_decorator.py
[2025-11-16T19:15:18.146+0000] {logging_mixin.py:190} INFO - [2025-11-16T19:15:18.146+0000] {dag.py:3239} INFO - Sync 1 DAGs
[2025-11-16T19:15:18.155+0000] {logging_mixin.py:190} INFO - [2025-11-16T19:15:18.154+0000] {dag.py:4180} INFO - Setting next_dagrun for example_dag_decorator to None, run_after=None
[2025-11-16T19:15:18.170+0000] {processor.py:208} INFO - Processing /home/airflow/.local/lib/python3.12/site-packages/airflow/example_dags/example_dag_decorator.py took 0.186 seconds
[2025-11-16T19:15:48.918+0000] {processor.py:186} INFO - Started process (PID=289) to work on /home/airflow/.local/lib/python3.12/site-packages/airflow/example_dags/example_dag_decorator.py
[2025-11-16T19:15:48.919+0000] {processor.py:914} INFO - Processing file /home/airflow/.local/lib/python3.12/site-packages/airflow/example_dags/example_dag_decorator.py for tasks to queue
[2025-11-16T19:15:48.921+0000] {logging_mixin.py:190} INFO - [2025-11-16T19:15:48.921+0000] {dagbag.py:588} INFO - Filling up the DagBag from /home/airflow/.local/lib/python3.12/site-packages/airflow/example_dags/example_dag_decorator.py
[2025-11-16T19:15:48.998+0000] {processor.py:925} INFO - DAG(s) 'example_dag_decorator' retrieved from /home/airflow/.local/lib/python3.12/site-packages/airflow/example_dags/example_dag_decorator.py
[2025-11-16T19:15:49.080+0000] {logging_mixin.py:190} INFO - [2025-11-16T19:15:49.080+0000] {dag.py:3239} INFO - Sync 1 DAGs
[2025-11-16T19:15:49.090+0000] {logging_mixin.py:190} INFO - [2025-11-16T19:15:49.090+0000] {dag.py:4180} INFO - Setting next_dagrun for example_dag_decorator to None, run_after=None
[2025-11-16T19:15:49.106+0000] {processor.py:208} INFO - Processing /home/airflow/.local/lib/python3.12/site-packages/airflow/example_dags/example_dag_decorator.py took 0.192 seconds
[2025-11-16T19:16:19.596+0000] {processor.py:186} INFO - Started process (PID=354) to work on /home/airflow/.local/lib/python3.12/site-packages/airflow/example_dags/example_dag_decorator.py
[2025-11-16T19:16:19.597+0000] {processor.py:914} INFO - Processing file /home/airflow/.local/lib/python3.12/site-packages/airflow/example_dags/example_dag_decorator.py for tasks to queue
[2025-11-16T19:16:19.598+0000] {logging_mixin.py:190} INFO - [2025-11-16T19:16:19.598+0000] {dagbag.py:588} INFO - Filling up the DagBag from /home/airflow/.local/lib/python3.12/site-packages/airflow/example_dags/example_dag_decorator.py
[2025-11-16T19:16:19.674+0000] {processor.py:925} INFO - DAG(s) 'example_dag_decorator' retrieved from /home/airflow/.local/lib/python3.12/site-packages/airflow/example_dags/example_dag_decorator.py
[2025-11-16T19:16:19.738+0000] {logging_mixin.py:190} INFO - [2025-11-16T19:16:19.738+0000] {dag.py:3239} INFO - Sync 1 DAGs
[2025-11-16T19:16:19.745+0000] {logging_mixin.py:190} INFO - [2025-11-16T19:16:19.745+0000] {dag.py:4180} INFO - Setting next_dagrun for example_dag_decorator to None, run_after=None
[2025-11-16T19:16:19.757+0000] {processor.py:208} INFO - Processing /home/airflow/.local/lib/python3.12/site-packages/airflow/example_dags/example_dag_decorator.py took 0.165 seconds
[2025-11-16T19:16:50.483+0000] {processor.py:186} INFO - Started process (PID=418) to work on /home/airflow/.local/lib/python3.12/site-packages/airflow/example_dags/example_dag_decorator.py
[2025-11-16T19:16:50.484+0000] {processor.py:914} INFO - Processing file /home/airflow/.local/lib/python3.12/site-packages/airflow/example_dags/example_dag_decorator.py for tasks to queue
[2025-11-16T19:16:50.486+0000] {logging_mixin.py:190} INFO - [2025-11-16T19:16:50.486+0000] {dagbag.py:588} INFO - Filling up the DagBag from /home/airflow/.local/lib/python3.12/site-packages/airflow/example_dags/example_dag_decorator.py
[2025-11-16T19:16:50.553+0000] {processor.py:925} INFO - DAG(s) 'example_dag_decorator' retrieved from /home/airflow/.local/lib/python3.12/site-packages/airflow/example_dags/example_dag_decorator.py
[2025-11-16T19:16:50.570+0000] {logging_mixin.py:190} INFO - [2025-11-16T19:16:50.570+0000] {dag.py:3239} INFO - Sync 1 DAGs
[2025-11-16T19:16:50.579+0000] {logging_mixin.py:190} INFO - [2025-11-16T19:16:50.579+0000] {dag.py:4180} INFO - Setting next_dagrun for example_dag_decorator to None, run_after=None
[2025-11-16T19:16:50.592+0000] {processor.py:208} INFO - Processing /home/airflow/.local/lib/python3.12/site-packages/airflow/example_dags/example_dag_decorator.py took 0.112 seconds
[2025-11-16T19:17:20.980+0000] {processor.py:186} INFO - Started process (PID=482) to work on /home/airflow/.local/lib/python3.12/site-packages/airflow/example_dags/example_dag_decorator.py
[2025-11-16T19:17:20.981+0000] {processor.py:914} INFO - Processing file /home/airflow/.local/lib/python3.12/site-packages/airflow/example_dags/example_dag_decorator.py for tasks to queue
[2025-11-16T19:17:20.984+0000] {logging_mixin.py:190} INFO - [2025-11-16T19:17:20.983+0000] {dagbag.py:588} INFO - Filling up the DagBag from /home/airflow/.local/lib/python3.12/site-packages/airflow/example_dags/example_dag_decorator.py
[2025-11-16T19:17:21.056+0000] {processor.py:925} INFO - DAG(s) 'example_dag_decorator' retrieved from /home/airflow/.local/lib/python3.12/site-packages/airflow/example_dags/example_dag_decorator.py
[2025-11-16T19:17:21.132+0000] {logging_mixin.py:190} INFO - [2025-11-16T19:17:21.132+0000] {dag.py:3239} INFO - Sync 1 DAGs
[2025-11-16T19:17:21.141+0000] {logging_mixin.py:190} INFO - [2025-11-16T19:17:21.141+0000] {dag.py:4180} INFO - Setting next_dagrun for example_dag_decorator to None, run_after=None
[2025-11-16T19:17:21.154+0000] {processor.py:208} INFO - Processing /home/airflow/.local/lib/python3.12/site-packages/airflow/example_dags/example_dag_decorator.py took 0.179 seconds
[2025-11-16T19:17:52.423+0000] {processor.py:186} INFO - Started process (PID=548) to work on /home/airflow/.local/lib/python3.12/site-packages/airflow/example_dags/example_dag_decorator.py
[2025-11-16T19:17:52.424+0000] {processor.py:914} INFO - Processing file /home/airflow/.local/lib/python3.12/site-packages/airflow/example_dags/example_dag_decorator.py for tasks to queue
[2025-11-16T19:17:52.426+0000] {logging_mixin.py:190} INFO - [2025-11-16T19:17:52.425+0000] {dagbag.py:588} INFO - Filling up the DagBag from /home/airflow/.local/lib/python3.12/site-packages/airflow/example_dags/example_dag_decorator.py
[2025-11-16T19:17:52.493+0000] {processor.py:925} INFO - DAG(s) 'example_dag_decorator' retrieved from /home/airflow/.local/lib/python3.12/site-packages/airflow/example_dags/example_dag_decorator.py
[2025-11-16T19:17:52.568+0000] {logging_mixin.py:190} INFO - [2025-11-16T19:17:52.568+0000] {dag.py:3239} INFO - Sync 1 DAGs
[2025-11-16T19:17:52.576+0000] {logging_mixin.py:190} INFO - [2025-11-16T19:17:52.575+0000] {dag.py:4180} INFO - Setting next_dagrun for example_dag_decorator to None, run_after=None
[2025-11-16T19:17:52.592+0000] {processor.py:208} INFO - Processing /home/airflow/.local/lib/python3.12/site-packages/airflow/example_dags/example_dag_decorator.py took 0.173 seconds
[2025-11-16T19:18:23.923+0000] {processor.py:186} INFO - Started process (PID=613) to work on /home/airflow/.local/lib/python3.12/site-packages/airflow/example_dags/example_dag_decorator.py
[2025-11-16T19:18:23.924+0000] {processor.py:914} INFO - Processing file /home/airflow/.local/lib/python3.12/site-packages/airflow/example_dags/example_dag_decorator.py for tasks to queue
[2025-11-16T19:18:23.926+0000] {logging_mixin.py:190} INFO - [2025-11-16T19:18:23.926+0000] {dagbag.py:588} INFO - Filling up the DagBag from /home/airflow/.local/lib/python3.12/site-packages/airflow/example_dags/example_dag_decorator.py
[2025-11-16T19:18:23.991+0000] {processor.py:925} INFO - DAG(s) 'example_dag_decorator' retrieved from /home/airflow/.local/lib/python3.12/site-packages/airflow/example_dags/example_dag_decorator.py
[2025-11-16T19:18:24.067+0000] {logging_mixin.py:190} INFO - [2025-11-16T19:18:24.066+0000] {dag.py:3239} INFO - Sync 1 DAGs
[2025-11-16T19:18:24.077+0000] {logging_mixin.py:190} INFO - [2025-11-16T19:18:24.076+0000] {dag.py:4180} INFO - Setting next_dagrun for example_dag_decorator to None, run_after=None
[2025-11-16T19:18:24.093+0000] {processor.py:208} INFO - Processing /home/airflow/.local/lib/python3.12/site-packages/airflow/example_dags/example_dag_decorator.py took 0.174 seconds
[2025-11-16T19:18:54.638+0000] {processor.py:186} INFO - Started process (PID=678) to work on /home/airflow/.local/lib/python3.12/site-packages/airflow/example_dags/example_dag_decorator.py
[2025-11-16T19:18:54.640+0000] {processor.py:914} INFO - Processing file /home/airflow/.local/lib/python3.12/site-packages/airflow/example_dags/example_dag_decorator.py for tasks to queue
[2025-11-16T19:18:54.641+0000] {logging_mixin.py:190} INFO - [2025-11-16T19:18:54.641+0000] {dagbag.py:588} INFO - Filling up the DagBag from /home/airflow/.local/lib/python3.12/site-packages/airflow/example_dags/example_dag_decorator.py
[2025-11-16T19:18:54.713+0000] {processor.py:925} INFO - DAG(s) 'example_dag_decorator' retrieved from /home/airflow/.local/lib/python3.12/site-packages/airflow/example_dags/example_dag_decorator.py
[2025-11-16T19:18:54.788+0000] {logging_mixin.py:190} INFO - [2025-11-16T19:18:54.788+0000] {dag.py:3239} INFO - Sync 1 DAGs
[2025-11-16T19:18:54.797+0000] {logging_mixin.py:190} INFO - [2025-11-16T19:18:54.797+0000] {dag.py:4180} INFO - Setting next_dagrun for example_dag_decorator to None, run_after=None
[2025-11-16T19:18:54.811+0000] {processor.py:208} INFO - Processing /home/airflow/.local/lib/python3.12/site-packages/airflow/example_dags/example_dag_decorator.py took 0.177 seconds
[2025-11-16T19:19:25.829+0000] {processor.py:186} INFO - Started process (PID=743) to work on /home/airflow/.local/lib/python3.12/site-packages/airflow/example_dags/example_dag_decorator.py
[2025-11-16T19:19:25.830+0000] {processor.py:914} INFO - Processing file /home/airflow/.local/lib/python3.12/site-packages/airflow/example_dags/example_dag_decorator.py for tasks to queue
[2025-11-16T19:19:25.832+0000] {logging_mixin.py:190} INFO - [2025-11-16T19:19:25.832+0000] {dagbag.py:588} INFO - Filling up the DagBag from /home/airflow/.local/lib/python3.12/site-packages/airflow/example_dags/example_dag_decorator.py
[2025-11-16T19:19:25.904+0000] {processor.py:925} INFO - DAG(s) 'example_dag_decorator' retrieved from /home/airflow/.local/lib/python3.12/site-packages/airflow/example_dags/example_dag_decorator.py
[2025-11-16T19:19:25.971+0000] {logging_mixin.py:190} INFO - [2025-11-16T19:19:25.970+0000] {dag.py:3239} INFO - Sync 1 DAGs
[2025-11-16T19:19:25.979+0000] {logging_mixin.py:190} INFO - [2025-11-16T19:19:25.979+0000] {dag.py:4180} INFO - Setting next_dagrun for example_dag_decorator to None, run_after=None
[2025-11-16T19:19:25.992+0000] {processor.py:208} INFO - Processing /home/airflow/.local/lib/python3.12/site-packages/airflow/example_dags/example_dag_decorator.py took 0.167 seconds
[2025-11-16T19:19:57.156+0000] {processor.py:186} INFO - Started process (PID=808) to work on /home/airflow/.local/lib/python3.12/site-packages/airflow/example_dags/example_dag_decorator.py
[2025-11-16T19:19:57.157+0000] {processor.py:914} INFO - Processing file /home/airflow/.local/lib/python3.12/site-packages/airflow/example_dags/example_dag_decorator.py for tasks to queue
[2025-11-16T19:19:57.159+0000] {logging_mixin.py:190} INFO - [2025-11-16T19:19:57.158+0000] {dagbag.py:588} INFO - Filling up the DagBag from /home/airflow/.local/lib/python3.12/site-packages/airflow/example_dags/example_dag_decorator.py
[2025-11-16T19:19:57.232+0000] {processor.py:925} INFO - DAG(s) 'example_dag_decorator' retrieved from /home/airflow/.local/lib/python3.12/site-packages/airflow/example_dags/example_dag_decorator.py
[2025-11-16T19:19:57.306+0000] {logging_mixin.py:190} INFO - [2025-11-16T19:19:57.305+0000] {dag.py:3239} INFO - Sync 1 DAGs
[2025-11-16T19:19:57.314+0000] {logging_mixin.py:190} INFO - [2025-11-16T19:19:57.314+0000] {dag.py:4180} INFO - Setting next_dagrun for example_dag_decorator to None, run_after=None
[2025-11-16T19:19:57.328+0000] {processor.py:208} INFO - Processing /home/airflow/.local/lib/python3.12/site-packages/airflow/example_dags/example_dag_decorator.py took 0.176 seconds
[2025-11-16T19:20:28.676+0000] {processor.py:186} INFO - Started process (PID=873) to work on /home/airflow/.local/lib/python3.12/site-packages/airflow/example_dags/example_dag_decorator.py
[2025-11-16T19:20:28.677+0000] {processor.py:914} INFO - Processing file /home/airflow/.local/lib/python3.12/site-packages/airflow/example_dags/example_dag_decorator.py for tasks to queue
[2025-11-16T19:20:28.679+0000] {logging_mixin.py:190} INFO - [2025-11-16T19:20:28.679+0000] {dagbag.py:588} INFO - Filling up the DagBag from /home/airflow/.local/lib/python3.12/site-packages/airflow/example_dags/example_dag_decorator.py
[2025-11-16T19:20:28.752+0000] {processor.py:925} INFO - DAG(s) 'example_dag_decorator' retrieved from /home/airflow/.local/lib/python3.12/site-packages/airflow/example_dags/example_dag_decorator.py
[2025-11-16T19:20:28.825+0000] {logging_mixin.py:190} INFO - [2025-11-16T19:20:28.825+0000] {dag.py:3239} INFO - Sync 1 DAGs
[2025-11-16T19:20:28.834+0000] {logging_mixin.py:190} INFO - [2025-11-16T19:20:28.833+0000] {dag.py:4180} INFO - Setting next_dagrun for example_dag_decorator to None, run_after=None
[2025-11-16T19:20:28.848+0000] {processor.py:208} INFO - Processing /home/airflow/.local/lib/python3.12/site-packages/airflow/example_dags/example_dag_decorator.py took 0.176 seconds
[2025-11-16T19:21:00.005+0000] {processor.py:186} INFO - Started process (PID=938) to work on /home/airflow/.local/lib/python3.12/site-packages/airflow/example_dags/example_dag_decorator.py
[2025-11-16T19:21:00.005+0000] {processor.py:914} INFO - Processing file /home/airflow/.local/lib/python3.12/site-packages/airflow/example_dags/example_dag_decorator.py for tasks to queue
[2025-11-16T19:21:00.007+0000] {logging_mixin.py:190} INFO - [2025-11-16T19:21:00.007+0000] {dagbag.py:588} INFO - Filling up the DagBag from /home/airflow/.local/lib/python3.12/site-packages/airflow/example_dags/example_dag_decorator.py
[2025-11-16T19:21:00.076+0000] {processor.py:925} INFO - DAG(s) 'example_dag_decorator' retrieved from /home/airflow/.local/lib/python3.12/site-packages/airflow/example_dags/example_dag_decorator.py
[2025-11-16T19:21:00.147+0000] {logging_mixin.py:190} INFO - [2025-11-16T19:21:00.147+0000] {dag.py:3239} INFO - Sync 1 DAGs
[2025-11-16T19:21:00.155+0000] {logging_mixin.py:190} INFO - [2025-11-16T19:21:00.155+0000] {dag.py:4180} INFO - Setting next_dagrun for example_dag_decorator to None, run_after=None
[2025-11-16T19:21:00.181+0000] {processor.py:208} INFO - Processing /home/airflow/.local/lib/python3.12/site-packages/airflow/example_dags/example_dag_decorator.py took 0.180 seconds
[2025-11-16T19:21:31.368+0000] {processor.py:186} INFO - Started process (PID=1003) to work on /home/airflow/.local/lib/python3.12/site-packages/airflow/example_dags/example_dag_decorator.py
[2025-11-16T19:21:31.369+0000] {processor.py:914} INFO - Processing file /home/airflow/.local/lib/python3.12/site-packages/airflow/example_dags/example_dag_decorator.py for tasks to queue
[2025-11-16T19:21:31.371+0000] {logging_mixin.py:190} INFO - [2025-11-16T19:21:31.371+0000] {dagbag.py:588} INFO - Filling up the DagBag from /home/airflow/.local/lib/python3.12/site-packages/airflow/example_dags/example_dag_decorator.py
[2025-11-16T19:21:31.443+0000] {processor.py:925} INFO - DAG(s) 'example_dag_decorator' retrieved from /home/airflow/.local/lib/python3.12/site-packages/airflow/example_dags/example_dag_decorator.py
[2025-11-16T19:21:31.522+0000] {logging_mixin.py:190} INFO - [2025-11-16T19:21:31.522+0000] {dag.py:3239} INFO - Sync 1 DAGs
[2025-11-16T19:21:31.530+0000] {logging_mixin.py:190} INFO - [2025-11-16T19:21:31.530+0000] {dag.py:4180} INFO - Setting next_dagrun for example_dag_decorator to None, run_after=None
[2025-11-16T19:21:31.544+0000] {processor.py:208} INFO - Processing /home/airflow/.local/lib/python3.12/site-packages/airflow/example_dags/example_dag_decorator.py took 0.181 seconds
[2025-11-16T19:22:02.679+0000] {processor.py:186} INFO - Started process (PID=1068) to work on /home/airflow/.local/lib/python3.12/site-packages/airflow/example_dags/example_dag_decorator.py
[2025-11-16T19:22:02.680+0000] {processor.py:914} INFO - Processing file /home/airflow/.local/lib/python3.12/site-packages/airflow/example_dags/example_dag_decorator.py for tasks to queue
[2025-11-16T19:22:02.682+0000] {logging_mixin.py:190} INFO - [2025-11-16T19:22:02.682+0000] {dagbag.py:588} INFO - Filling up the DagBag from /home/airflow/.local/lib/python3.12/site-packages/airflow/example_dags/example_dag_decorator.py
[2025-11-16T19:22:02.748+0000] {processor.py:925} INFO - DAG(s) 'example_dag_decorator' retrieved from /home/airflow/.local/lib/python3.12/site-packages/airflow/example_dags/example_dag_decorator.py
[2025-11-16T19:22:02.816+0000] {logging_mixin.py:190} INFO - [2025-11-16T19:22:02.816+0000] {dag.py:3239} INFO - Sync 1 DAGs
[2025-11-16T19:22:02.825+0000] {logging_mixin.py:190} INFO - [2025-11-16T19:22:02.824+0000] {dag.py:4180} INFO - Setting next_dagrun for example_dag_decorator to None, run_after=None
[2025-11-16T19:22:02.838+0000] {processor.py:208} INFO - Processing /home/airflow/.local/lib/python3.12/site-packages/airflow/example_dags/example_dag_decorator.py took 0.163 seconds
[2025-11-16T19:22:34.214+0000] {processor.py:186} INFO - Started process (PID=1133) to work on /home/airflow/.local/lib/python3.12/site-packages/airflow/example_dags/example_dag_decorator.py
[2025-11-16T19:22:34.215+0000] {processor.py:914} INFO - Processing file /home/airflow/.local/lib/python3.12/site-packages/airflow/example_dags/example_dag_decorator.py for tasks to queue
[2025-11-16T19:22:34.217+0000] {logging_mixin.py:190} INFO - [2025-11-16T19:22:34.217+0000] {dagbag.py:588} INFO - Filling up the DagBag from /home/airflow/.local/lib/python3.12/site-packages/airflow/example_dags/example_dag_decorator.py
[2025-11-16T19:22:34.281+0000] {processor.py:925} INFO - DAG(s) 'example_dag_decorator' retrieved from /home/airflow/.local/lib/python3.12/site-packages/airflow/example_dags/example_dag_decorator.py
[2025-11-16T19:22:34.348+0000] {logging_mixin.py:190} INFO - [2025-11-16T19:22:34.347+0000] {dag.py:3239} INFO - Sync 1 DAGs
[2025-11-16T19:22:34.356+0000] {logging_mixin.py:190} INFO - [2025-11-16T19:22:34.355+0000] {dag.py:4180} INFO - Setting next_dagrun for example_dag_decorator to None, run_after=None
[2025-11-16T19:22:34.368+0000] {processor.py:208} INFO - Processing /home/airflow/.local/lib/python3.12/site-packages/airflow/example_dags/example_dag_decorator.py took 0.158 seconds
[2025-11-16T19:23:05.185+0000] {processor.py:186} INFO - Started process (PID=1198) to work on /home/airflow/.local/lib/python3.12/site-packages/airflow/example_dags/example_dag_decorator.py
[2025-11-16T19:23:05.186+0000] {processor.py:914} INFO - Processing file /home/airflow/.local/lib/python3.12/site-packages/airflow/example_dags/example_dag_decorator.py for tasks to queue
[2025-11-16T19:23:05.188+0000] {logging_mixin.py:190} INFO - [2025-11-16T19:23:05.188+0000] {dagbag.py:588} INFO - Filling up the DagBag from /home/airflow/.local/lib/python3.12/site-packages/airflow/example_dags/example_dag_decorator.py
[2025-11-16T19:23:05.259+0000] {processor.py:925} INFO - DAG(s) 'example_dag_decorator' retrieved from /home/airflow/.local/lib/python3.12/site-packages/airflow/example_dags/example_dag_decorator.py
[2025-11-16T19:23:05.339+0000] {logging_mixin.py:190} INFO - [2025-11-16T19:23:05.339+0000] {dag.py:3239} INFO - Sync 1 DAGs
[2025-11-16T19:23:05.348+0000] {logging_mixin.py:190} INFO - [2025-11-16T19:23:05.347+0000] {dag.py:4180} INFO - Setting next_dagrun for example_dag_decorator to None, run_after=None
[2025-11-16T19:23:05.362+0000] {processor.py:208} INFO - Processing /home/airflow/.local/lib/python3.12/site-packages/airflow/example_dags/example_dag_decorator.py took 0.182 seconds
[2025-11-16T19:23:36.250+0000] {processor.py:186} INFO - Started process (PID=1263) to work on /home/airflow/.local/lib/python3.12/site-packages/airflow/example_dags/example_dag_decorator.py
[2025-11-16T19:23:36.251+0000] {processor.py:914} INFO - Processing file /home/airflow/.local/lib/python3.12/site-packages/airflow/example_dags/example_dag_decorator.py for tasks to queue
[2025-11-16T19:23:36.254+0000] {logging_mixin.py:190} INFO - [2025-11-16T19:23:36.253+0000] {dagbag.py:588} INFO - Filling up the DagBag from /home/airflow/.local/lib/python3.12/site-packages/airflow/example_dags/example_dag_decorator.py
[2025-11-16T19:23:36.324+0000] {processor.py:925} INFO - DAG(s) 'example_dag_decorator' retrieved from /home/airflow/.local/lib/python3.12/site-packages/airflow/example_dags/example_dag_decorator.py
[2025-11-16T19:23:36.400+0000] {logging_mixin.py:190} INFO - [2025-11-16T19:23:36.399+0000] {dag.py:3239} INFO - Sync 1 DAGs
[2025-11-16T19:23:36.410+0000] {logging_mixin.py:190} INFO - [2025-11-16T19:23:36.410+0000] {dag.py:4180} INFO - Setting next_dagrun for example_dag_decorator to None, run_after=None
[2025-11-16T19:23:36.426+0000] {processor.py:208} INFO - Processing /home/airflow/.local/lib/python3.12/site-packages/airflow/example_dags/example_dag_decorator.py took 0.180 seconds
[2025-11-16T19:24:07.584+0000] {processor.py:186} INFO - Started process (PID=1328) to work on /home/airflow/.local/lib/python3.12/site-packages/airflow/example_dags/example_dag_decorator.py
[2025-11-16T19:24:07.585+0000] {processor.py:914} INFO - Processing file /home/airflow/.local/lib/python3.12/site-packages/airflow/example_dags/example_dag_decorator.py for tasks to queue
[2025-11-16T19:24:07.587+0000] {logging_mixin.py:190} INFO - [2025-11-16T19:24:07.587+0000] {dagbag.py:588} INFO - Filling up the DagBag from /home/airflow/.local/lib/python3.12/site-packages/airflow/example_dags/example_dag_decorator.py
[2025-11-16T19:24:07.677+0000] {processor.py:925} INFO - DAG(s) 'example_dag_decorator' retrieved from /home/airflow/.local/lib/python3.12/site-packages/airflow/example_dags/example_dag_decorator.py
[2025-11-16T19:24:07.765+0000] {logging_mixin.py:190} INFO - [2025-11-16T19:24:07.764+0000] {dag.py:3239} INFO - Sync 1 DAGs
[2025-11-16T19:24:07.776+0000] {logging_mixin.py:190} INFO - [2025-11-16T19:24:07.776+0000] {dag.py:4180} INFO - Setting next_dagrun for example_dag_decorator to None, run_after=None
[2025-11-16T19:24:07.795+0000] {processor.py:208} INFO - Processing /home/airflow/.local/lib/python3.12/site-packages/airflow/example_dags/example_dag_decorator.py took 0.216 seconds
[2025-11-16T19:24:38.572+0000] {processor.py:186} INFO - Started process (PID=1393) to work on /home/airflow/.local/lib/python3.12/site-packages/airflow/example_dags/example_dag_decorator.py
[2025-11-16T19:24:38.573+0000] {processor.py:914} INFO - Processing file /home/airflow/.local/lib/python3.12/site-packages/airflow/example_dags/example_dag_decorator.py for tasks to queue
[2025-11-16T19:24:38.575+0000] {logging_mixin.py:190} INFO - [2025-11-16T19:24:38.575+0000] {dagbag.py:588} INFO - Filling up the DagBag from /home/airflow/.local/lib/python3.12/site-packages/airflow/example_dags/example_dag_decorator.py
[2025-11-16T19:24:38.643+0000] {processor.py:925} INFO - DAG(s) 'example_dag_decorator' retrieved from /home/airflow/.local/lib/python3.12/site-packages/airflow/example_dags/example_dag_decorator.py
[2025-11-16T19:24:38.715+0000] {logging_mixin.py:190} INFO - [2025-11-16T19:24:38.715+0000] {dag.py:3239} INFO - Sync 1 DAGs
[2025-11-16T19:24:38.723+0000] {logging_mixin.py:190} INFO - [2025-11-16T19:24:38.723+0000] {dag.py:4180} INFO - Setting next_dagrun for example_dag_decorator to None, run_after=None
[2025-11-16T19:24:38.737+0000] {processor.py:208} INFO - Processing /home/airflow/.local/lib/python3.12/site-packages/airflow/example_dags/example_dag_decorator.py took 0.169 seconds
[2025-11-16T19:25:09.336+0000] {processor.py:186} INFO - Started process (PID=1458) to work on /home/airflow/.local/lib/python3.12/site-packages/airflow/example_dags/example_dag_decorator.py
[2025-11-16T19:25:09.337+0000] {processor.py:914} INFO - Processing file /home/airflow/.local/lib/python3.12/site-packages/airflow/example_dags/example_dag_decorator.py for tasks to queue
[2025-11-16T19:25:09.339+0000] {logging_mixin.py:190} INFO - [2025-11-16T19:25:09.339+0000] {dagbag.py:588} INFO - Filling up the DagBag from /home/airflow/.local/lib/python3.12/site-packages/airflow/example_dags/example_dag_decorator.py
[2025-11-16T19:25:09.405+0000] {processor.py:925} INFO - DAG(s) 'example_dag_decorator' retrieved from /home/airflow/.local/lib/python3.12/site-packages/airflow/example_dags/example_dag_decorator.py
[2025-11-16T19:25:09.475+0000] {logging_mixin.py:190} INFO - [2025-11-16T19:25:09.475+0000] {dag.py:3239} INFO - Sync 1 DAGs
[2025-11-16T19:25:09.485+0000] {logging_mixin.py:190} INFO - [2025-11-16T19:25:09.485+0000] {dag.py:4180} INFO - Setting next_dagrun for example_dag_decorator to None, run_after=None
[2025-11-16T19:25:09.499+0000] {processor.py:208} INFO - Processing /home/airflow/.local/lib/python3.12/site-packages/airflow/example_dags/example_dag_decorator.py took 0.167 seconds
[2025-11-16T19:25:40.696+0000] {processor.py:186} INFO - Started process (PID=1523) to work on /home/airflow/.local/lib/python3.12/site-packages/airflow/example_dags/example_dag_decorator.py
[2025-11-16T19:25:40.697+0000] {processor.py:914} INFO - Processing file /home/airflow/.local/lib/python3.12/site-packages/airflow/example_dags/example_dag_decorator.py for tasks to queue
[2025-11-16T19:25:40.699+0000] {logging_mixin.py:190} INFO - [2025-11-16T19:25:40.699+0000] {dagbag.py:588} INFO - Filling up the DagBag from /home/airflow/.local/lib/python3.12/site-packages/airflow/example_dags/example_dag_decorator.py
[2025-11-16T19:25:40.766+0000] {processor.py:925} INFO - DAG(s) 'example_dag_decorator' retrieved from /home/airflow/.local/lib/python3.12/site-packages/airflow/example_dags/example_dag_decorator.py
[2025-11-16T19:25:40.836+0000] {logging_mixin.py:190} INFO - [2025-11-16T19:25:40.836+0000] {dag.py:3239} INFO - Sync 1 DAGs
[2025-11-16T19:25:40.844+0000] {logging_mixin.py:190} INFO - [2025-11-16T19:25:40.844+0000] {dag.py:4180} INFO - Setting next_dagrun for example_dag_decorator to None, run_after=None
[2025-11-16T19:25:40.857+0000] {processor.py:208} INFO - Processing /home/airflow/.local/lib/python3.12/site-packages/airflow/example_dags/example_dag_decorator.py took 0.166 seconds
[2025-11-16T19:26:12.012+0000] {processor.py:186} INFO - Started process (PID=1588) to work on /home/airflow/.local/lib/python3.12/site-packages/airflow/example_dags/example_dag_decorator.py
[2025-11-16T19:26:12.014+0000] {processor.py:914} INFO - Processing file /home/airflow/.local/lib/python3.12/site-packages/airflow/example_dags/example_dag_decorator.py for tasks to queue
[2025-11-16T19:26:12.016+0000] {logging_mixin.py:190} INFO - [2025-11-16T19:26:12.015+0000] {dagbag.py:588} INFO - Filling up the DagBag from /home/airflow/.local/lib/python3.12/site-packages/airflow/example_dags/example_dag_decorator.py
[2025-11-16T19:26:12.081+0000] {processor.py:925} INFO - DAG(s) 'example_dag_decorator' retrieved from /home/airflow/.local/lib/python3.12/site-packages/airflow/example_dags/example_dag_decorator.py
[2025-11-16T19:26:12.147+0000] {logging_mixin.py:190} INFO - [2025-11-16T19:26:12.147+0000] {dag.py:3239} INFO - Sync 1 DAGs
[2025-11-16T19:26:12.155+0000] {logging_mixin.py:190} INFO - [2025-11-16T19:26:12.155+0000] {dag.py:4180} INFO - Setting next_dagrun for example_dag_decorator to None, run_after=None
[2025-11-16T19:26:12.168+0000] {processor.py:208} INFO - Processing /home/airflow/.local/lib/python3.12/site-packages/airflow/example_dags/example_dag_decorator.py took 0.160 seconds
[2025-11-16T19:26:42.386+0000] {processor.py:186} INFO - Started process (PID=1653) to work on /home/airflow/.local/lib/python3.12/site-packages/airflow/example_dags/example_dag_decorator.py
[2025-11-16T19:26:42.387+0000] {processor.py:914} INFO - Processing file /home/airflow/.local/lib/python3.12/site-packages/airflow/example_dags/example_dag_decorator.py for tasks to queue
[2025-11-16T19:26:42.389+0000] {logging_mixin.py:190} INFO - [2025-11-16T19:26:42.389+0000] {dagbag.py:588} INFO - Filling up the DagBag from /home/airflow/.local/lib/python3.12/site-packages/airflow/example_dags/example_dag_decorator.py
[2025-11-16T19:26:42.479+0000] {processor.py:925} INFO - DAG(s) 'example_dag_decorator' retrieved from /home/airflow/.local/lib/python3.12/site-packages/airflow/example_dags/example_dag_decorator.py
[2025-11-16T19:26:42.559+0000] {logging_mixin.py:190} INFO - [2025-11-16T19:26:42.558+0000] {dag.py:3239} INFO - Sync 1 DAGs
[2025-11-16T19:26:42.566+0000] {logging_mixin.py:190} INFO - [2025-11-16T19:26:42.566+0000] {dag.py:4180} INFO - Setting next_dagrun for example_dag_decorator to None, run_after=None
[2025-11-16T19:26:42.579+0000] {processor.py:208} INFO - Processing /home/airflow/.local/lib/python3.12/site-packages/airflow/example_dags/example_dag_decorator.py took 0.197 seconds
[2025-11-16T19:27:13.522+0000] {processor.py:186} INFO - Started process (PID=1719) to work on /home/airflow/.local/lib/python3.12/site-packages/airflow/example_dags/example_dag_decorator.py
[2025-11-16T19:27:13.523+0000] {processor.py:914} INFO - Processing file /home/airflow/.local/lib/python3.12/site-packages/airflow/example_dags/example_dag_decorator.py for tasks to queue
[2025-11-16T19:27:13.525+0000] {logging_mixin.py:190} INFO - [2025-11-16T19:27:13.525+0000] {dagbag.py:588} INFO - Filling up the DagBag from /home/airflow/.local/lib/python3.12/site-packages/airflow/example_dags/example_dag_decorator.py
[2025-11-16T19:27:13.592+0000] {processor.py:925} INFO - DAG(s) 'example_dag_decorator' retrieved from /home/airflow/.local/lib/python3.12/site-packages/airflow/example_dags/example_dag_decorator.py
[2025-11-16T19:27:13.663+0000] {logging_mixin.py:190} INFO - [2025-11-16T19:27:13.663+0000] {dag.py:3239} INFO - Sync 1 DAGs
[2025-11-16T19:27:13.673+0000] {logging_mixin.py:190} INFO - [2025-11-16T19:27:13.673+0000] {dag.py:4180} INFO - Setting next_dagrun for example_dag_decorator to None, run_after=None
[2025-11-16T19:27:13.686+0000] {processor.py:208} INFO - Processing /home/airflow/.local/lib/python3.12/site-packages/airflow/example_dags/example_dag_decorator.py took 0.168 seconds
[2025-11-16T19:27:44.776+0000] {processor.py:186} INFO - Started process (PID=1784) to work on /home/airflow/.local/lib/python3.12/site-packages/airflow/example_dags/example_dag_decorator.py
[2025-11-16T19:27:44.777+0000] {processor.py:914} INFO - Processing file /home/airflow/.local/lib/python3.12/site-packages/airflow/example_dags/example_dag_decorator.py for tasks to queue
[2025-11-16T19:27:44.779+0000] {logging_mixin.py:190} INFO - [2025-11-16T19:27:44.779+0000] {dagbag.py:588} INFO - Filling up the DagBag from /home/airflow/.local/lib/python3.12/site-packages/airflow/example_dags/example_dag_decorator.py
[2025-11-16T19:27:44.853+0000] {processor.py:925} INFO - DAG(s) 'example_dag_decorator' retrieved from /home/airflow/.local/lib/python3.12/site-packages/airflow/example_dags/example_dag_decorator.py
[2025-11-16T19:27:44.928+0000] {logging_mixin.py:190} INFO - [2025-11-16T19:27:44.928+0000] {dag.py:3239} INFO - Sync 1 DAGs
[2025-11-16T19:27:44.937+0000] {logging_mixin.py:190} INFO - [2025-11-16T19:27:44.936+0000] {dag.py:4180} INFO - Setting next_dagrun for example_dag_decorator to None, run_after=None
[2025-11-16T19:27:44.951+0000] {processor.py:208} INFO - Processing /home/airflow/.local/lib/python3.12/site-packages/airflow/example_dags/example_dag_decorator.py took 0.179 seconds
[2025-11-16T19:28:15.874+0000] {processor.py:186} INFO - Started process (PID=1849) to work on /home/airflow/.local/lib/python3.12/site-packages/airflow/example_dags/example_dag_decorator.py
[2025-11-16T19:28:15.875+0000] {processor.py:914} INFO - Processing file /home/airflow/.local/lib/python3.12/site-packages/airflow/example_dags/example_dag_decorator.py for tasks to queue
[2025-11-16T19:28:15.877+0000] {logging_mixin.py:190} INFO - [2025-11-16T19:28:15.876+0000] {dagbag.py:588} INFO - Filling up the DagBag from /home/airflow/.local/lib/python3.12/site-packages/airflow/example_dags/example_dag_decorator.py
[2025-11-16T19:28:15.948+0000] {processor.py:925} INFO - DAG(s) 'example_dag_decorator' retrieved from /home/airflow/.local/lib/python3.12/site-packages/airflow/example_dags/example_dag_decorator.py
[2025-11-16T19:28:16.017+0000] {logging_mixin.py:190} INFO - [2025-11-16T19:28:16.017+0000] {dag.py:3239} INFO - Sync 1 DAGs
[2025-11-16T19:28:16.027+0000] {logging_mixin.py:190} INFO - [2025-11-16T19:28:16.027+0000] {dag.py:4180} INFO - Setting next_dagrun for example_dag_decorator to None, run_after=None
[2025-11-16T19:28:16.041+0000] {processor.py:208} INFO - Processing /home/airflow/.local/lib/python3.12/site-packages/airflow/example_dags/example_dag_decorator.py took 0.171 seconds
[2025-11-16T19:28:46.491+0000] {processor.py:186} INFO - Started process (PID=1919) to work on /home/airflow/.local/lib/python3.12/site-packages/airflow/example_dags/example_dag_decorator.py
[2025-11-16T19:28:46.492+0000] {processor.py:914} INFO - Processing file /home/airflow/.local/lib/python3.12/site-packages/airflow/example_dags/example_dag_decorator.py for tasks to queue
[2025-11-16T19:28:46.494+0000] {logging_mixin.py:190} INFO - [2025-11-16T19:28:46.494+0000] {dagbag.py:588} INFO - Filling up the DagBag from /home/airflow/.local/lib/python3.12/site-packages/airflow/example_dags/example_dag_decorator.py
[2025-11-16T19:28:46.560+0000] {processor.py:925} INFO - DAG(s) 'example_dag_decorator' retrieved from /home/airflow/.local/lib/python3.12/site-packages/airflow/example_dags/example_dag_decorator.py
[2025-11-16T19:28:46.633+0000] {logging_mixin.py:190} INFO - [2025-11-16T19:28:46.633+0000] {dag.py:3239} INFO - Sync 1 DAGs
[2025-11-16T19:28:46.641+0000] {logging_mixin.py:190} INFO - [2025-11-16T19:28:46.641+0000] {dag.py:4180} INFO - Setting next_dagrun for example_dag_decorator to None, run_after=None
[2025-11-16T19:28:46.655+0000] {processor.py:208} INFO - Processing /home/airflow/.local/lib/python3.12/site-packages/airflow/example_dags/example_dag_decorator.py took 0.168 seconds
[2025-11-16T19:29:17.507+0000] {processor.py:186} INFO - Started process (PID=1983) to work on /home/airflow/.local/lib/python3.12/site-packages/airflow/example_dags/example_dag_decorator.py
[2025-11-16T19:29:17.508+0000] {processor.py:914} INFO - Processing file /home/airflow/.local/lib/python3.12/site-packages/airflow/example_dags/example_dag_decorator.py for tasks to queue
[2025-11-16T19:29:17.510+0000] {logging_mixin.py:190} INFO - [2025-11-16T19:29:17.509+0000] {dagbag.py:588} INFO - Filling up the DagBag from /home/airflow/.local/lib/python3.12/site-packages/airflow/example_dags/example_dag_decorator.py
[2025-11-16T19:29:17.576+0000] {processor.py:925} INFO - DAG(s) 'example_dag_decorator' retrieved from /home/airflow/.local/lib/python3.12/site-packages/airflow/example_dags/example_dag_decorator.py
[2025-11-16T19:29:17.641+0000] {logging_mixin.py:190} INFO - [2025-11-16T19:29:17.641+0000] {dag.py:3239} INFO - Sync 1 DAGs
[2025-11-16T19:29:17.649+0000] {logging_mixin.py:190} INFO - [2025-11-16T19:29:17.649+0000] {dag.py:4180} INFO - Setting next_dagrun for example_dag_decorator to None, run_after=None
[2025-11-16T19:29:17.662+0000] {processor.py:208} INFO - Processing /home/airflow/.local/lib/python3.12/site-packages/airflow/example_dags/example_dag_decorator.py took 0.159 seconds
[2025-11-16T19:29:48.438+0000] {processor.py:186} INFO - Started process (PID=2048) to work on /home/airflow/.local/lib/python3.12/site-packages/airflow/example_dags/example_dag_decorator.py
[2025-11-16T19:29:48.439+0000] {processor.py:914} INFO - Processing file /home/airflow/.local/lib/python3.12/site-packages/airflow/example_dags/example_dag_decorator.py for tasks to queue
[2025-11-16T19:29:48.442+0000] {logging_mixin.py:190} INFO - [2025-11-16T19:29:48.441+0000] {dagbag.py:588} INFO - Filling up the DagBag from /home/airflow/.local/lib/python3.12/site-packages/airflow/example_dags/example_dag_decorator.py
[2025-11-16T19:29:48.511+0000] {processor.py:925} INFO - DAG(s) 'example_dag_decorator' retrieved from /home/airflow/.local/lib/python3.12/site-packages/airflow/example_dags/example_dag_decorator.py
[2025-11-16T19:29:48.587+0000] {logging_mixin.py:190} INFO - [2025-11-16T19:29:48.586+0000] {dag.py:3239} INFO - Sync 1 DAGs
[2025-11-16T19:29:48.595+0000] {logging_mixin.py:190} INFO - [2025-11-16T19:29:48.595+0000] {dag.py:4180} INFO - Setting next_dagrun for example_dag_decorator to None, run_after=None
[2025-11-16T19:29:48.608+0000] {processor.py:208} INFO - Processing /home/airflow/.local/lib/python3.12/site-packages/airflow/example_dags/example_dag_decorator.py took 0.174 seconds
[2025-11-16T19:30:19.568+0000] {processor.py:186} INFO - Started process (PID=2113) to work on /home/airflow/.local/lib/python3.12/site-packages/airflow/example_dags/example_dag_decorator.py
[2025-11-16T19:30:19.570+0000] {processor.py:914} INFO - Processing file /home/airflow/.local/lib/python3.12/site-packages/airflow/example_dags/example_dag_decorator.py for tasks to queue
[2025-11-16T19:30:19.572+0000] {logging_mixin.py:190} INFO - [2025-11-16T19:30:19.572+0000] {dagbag.py:588} INFO - Filling up the DagBag from /home/airflow/.local/lib/python3.12/site-packages/airflow/example_dags/example_dag_decorator.py
[2025-11-16T19:30:19.649+0000] {processor.py:925} INFO - DAG(s) 'example_dag_decorator' retrieved from /home/airflow/.local/lib/python3.12/site-packages/airflow/example_dags/example_dag_decorator.py
[2025-11-16T19:30:19.723+0000] {logging_mixin.py:190} INFO - [2025-11-16T19:30:19.723+0000] {dag.py:3239} INFO - Sync 1 DAGs
[2025-11-16T19:30:19.733+0000] {logging_mixin.py:190} INFO - [2025-11-16T19:30:19.733+0000] {dag.py:4180} INFO - Setting next_dagrun for example_dag_decorator to None, run_after=None
[2025-11-16T19:30:19.747+0000] {processor.py:208} INFO - Processing /home/airflow/.local/lib/python3.12/site-packages/airflow/example_dags/example_dag_decorator.py took 0.183 seconds
[2025-11-16T19:30:50.754+0000] {processor.py:186} INFO - Started process (PID=2178) to work on /home/airflow/.local/lib/python3.12/site-packages/airflow/example_dags/example_dag_decorator.py
[2025-11-16T19:30:50.755+0000] {processor.py:914} INFO - Processing file /home/airflow/.local/lib/python3.12/site-packages/airflow/example_dags/example_dag_decorator.py for tasks to queue
[2025-11-16T19:30:50.757+0000] {logging_mixin.py:190} INFO - [2025-11-16T19:30:50.757+0000] {dagbag.py:588} INFO - Filling up the DagBag from /home/airflow/.local/lib/python3.12/site-packages/airflow/example_dags/example_dag_decorator.py
[2025-11-16T19:30:50.826+0000] {processor.py:925} INFO - DAG(s) 'example_dag_decorator' retrieved from /home/airflow/.local/lib/python3.12/site-packages/airflow/example_dags/example_dag_decorator.py
[2025-11-16T19:30:50.899+0000] {logging_mixin.py:190} INFO - [2025-11-16T19:30:50.899+0000] {dag.py:3239} INFO - Sync 1 DAGs
[2025-11-16T19:30:50.908+0000] {logging_mixin.py:190} INFO - [2025-11-16T19:30:50.908+0000] {dag.py:4180} INFO - Setting next_dagrun for example_dag_decorator to None, run_after=None
[2025-11-16T19:30:50.924+0000] {processor.py:208} INFO - Processing /home/airflow/.local/lib/python3.12/site-packages/airflow/example_dags/example_dag_decorator.py took 0.173 seconds
[2025-11-16T19:31:21.745+0000] {processor.py:186} INFO - Started process (PID=2244) to work on /home/airflow/.local/lib/python3.12/site-packages/airflow/example_dags/example_dag_decorator.py
[2025-11-16T19:31:21.746+0000] {processor.py:914} INFO - Processing file /home/airflow/.local/lib/python3.12/site-packages/airflow/example_dags/example_dag_decorator.py for tasks to queue
[2025-11-16T19:31:21.748+0000] {logging_mixin.py:190} INFO - [2025-11-16T19:31:21.748+0000] {dagbag.py:588} INFO - Filling up the DagBag from /home/airflow/.local/lib/python3.12/site-packages/airflow/example_dags/example_dag_decorator.py
[2025-11-16T19:31:21.820+0000] {processor.py:925} INFO - DAG(s) 'example_dag_decorator' retrieved from /home/airflow/.local/lib/python3.12/site-packages/airflow/example_dags/example_dag_decorator.py
[2025-11-16T19:31:21.898+0000] {logging_mixin.py:190} INFO - [2025-11-16T19:31:21.898+0000] {dag.py:3239} INFO - Sync 1 DAGs
[2025-11-16T19:31:21.908+0000] {logging_mixin.py:190} INFO - [2025-11-16T19:31:21.908+0000] {dag.py:4180} INFO - Setting next_dagrun for example_dag_decorator to None, run_after=None
[2025-11-16T19:31:21.922+0000] {processor.py:208} INFO - Processing /home/airflow/.local/lib/python3.12/site-packages/airflow/example_dags/example_dag_decorator.py took 0.182 seconds
[2025-11-16T19:31:53.241+0000] {processor.py:186} INFO - Started process (PID=2310) to work on /home/airflow/.local/lib/python3.12/site-packages/airflow/example_dags/example_dag_decorator.py
[2025-11-16T19:31:53.242+0000] {processor.py:914} INFO - Processing file /home/airflow/.local/lib/python3.12/site-packages/airflow/example_dags/example_dag_decorator.py for tasks to queue
[2025-11-16T19:31:53.244+0000] {logging_mixin.py:190} INFO - [2025-11-16T19:31:53.243+0000] {dagbag.py:588} INFO - Filling up the DagBag from /home/airflow/.local/lib/python3.12/site-packages/airflow/example_dags/example_dag_decorator.py
[2025-11-16T19:31:53.309+0000] {processor.py:925} INFO - DAG(s) 'example_dag_decorator' retrieved from /home/airflow/.local/lib/python3.12/site-packages/airflow/example_dags/example_dag_decorator.py
[2025-11-16T19:31:53.376+0000] {logging_mixin.py:190} INFO - [2025-11-16T19:31:53.376+0000] {dag.py:3239} INFO - Sync 1 DAGs
[2025-11-16T19:31:53.383+0000] {logging_mixin.py:190} INFO - [2025-11-16T19:31:53.383+0000] {dag.py:4180} INFO - Setting next_dagrun for example_dag_decorator to None, run_after=None
[2025-11-16T19:31:53.396+0000] {processor.py:208} INFO - Processing /home/airflow/.local/lib/python3.12/site-packages/airflow/example_dags/example_dag_decorator.py took 0.159 seconds
[2025-11-16T19:32:24.447+0000] {processor.py:186} INFO - Started process (PID=2375) to work on /home/airflow/.local/lib/python3.12/site-packages/airflow/example_dags/example_dag_decorator.py
[2025-11-16T19:32:24.448+0000] {processor.py:914} INFO - Processing file /home/airflow/.local/lib/python3.12/site-packages/airflow/example_dags/example_dag_decorator.py for tasks to queue
[2025-11-16T19:32:24.450+0000] {logging_mixin.py:190} INFO - [2025-11-16T19:32:24.450+0000] {dagbag.py:588} INFO - Filling up the DagBag from /home/airflow/.local/lib/python3.12/site-packages/airflow/example_dags/example_dag_decorator.py
[2025-11-16T19:32:24.521+0000] {processor.py:925} INFO - DAG(s) 'example_dag_decorator' retrieved from /home/airflow/.local/lib/python3.12/site-packages/airflow/example_dags/example_dag_decorator.py
[2025-11-16T19:32:24.591+0000] {logging_mixin.py:190} INFO - [2025-11-16T19:32:24.591+0000] {dag.py:3239} INFO - Sync 1 DAGs
[2025-11-16T19:32:24.599+0000] {logging_mixin.py:190} INFO - [2025-11-16T19:32:24.599+0000] {dag.py:4180} INFO - Setting next_dagrun for example_dag_decorator to None, run_after=None
[2025-11-16T19:32:24.612+0000] {processor.py:208} INFO - Processing /home/airflow/.local/lib/python3.12/site-packages/airflow/example_dags/example_dag_decorator.py took 0.170 seconds
[2025-11-16T19:32:55.286+0000] {processor.py:186} INFO - Started process (PID=2439) to work on /home/airflow/.local/lib/python3.12/site-packages/airflow/example_dags/example_dag_decorator.py
[2025-11-16T19:32:55.287+0000] {processor.py:914} INFO - Processing file /home/airflow/.local/lib/python3.12/site-packages/airflow/example_dags/example_dag_decorator.py for tasks to queue
[2025-11-16T19:32:55.289+0000] {logging_mixin.py:190} INFO - [2025-11-16T19:32:55.289+0000] {dagbag.py:588} INFO - Filling up the DagBag from /home/airflow/.local/lib/python3.12/site-packages/airflow/example_dags/example_dag_decorator.py
[2025-11-16T19:32:55.359+0000] {processor.py:925} INFO - DAG(s) 'example_dag_decorator' retrieved from /home/airflow/.local/lib/python3.12/site-packages/airflow/example_dags/example_dag_decorator.py
[2025-11-16T19:32:55.439+0000] {logging_mixin.py:190} INFO - [2025-11-16T19:32:55.438+0000] {dag.py:3239} INFO - Sync 1 DAGs
[2025-11-16T19:32:55.447+0000] {logging_mixin.py:190} INFO - [2025-11-16T19:32:55.447+0000] {dag.py:4180} INFO - Setting next_dagrun for example_dag_decorator to None, run_after=None
[2025-11-16T19:32:55.461+0000] {processor.py:208} INFO - Processing /home/airflow/.local/lib/python3.12/site-packages/airflow/example_dags/example_dag_decorator.py took 0.180 seconds
[2025-11-16T19:33:26.262+0000] {processor.py:186} INFO - Started process (PID=2504) to work on /home/airflow/.local/lib/python3.12/site-packages/airflow/example_dags/example_dag_decorator.py
[2025-11-16T19:33:26.263+0000] {processor.py:914} INFO - Processing file /home/airflow/.local/lib/python3.12/site-packages/airflow/example_dags/example_dag_decorator.py for tasks to queue
[2025-11-16T19:33:26.265+0000] {logging_mixin.py:190} INFO - [2025-11-16T19:33:26.265+0000] {dagbag.py:588} INFO - Filling up the DagBag from /home/airflow/.local/lib/python3.12/site-packages/airflow/example_dags/example_dag_decorator.py
[2025-11-16T19:33:26.348+0000] {processor.py:925} INFO - DAG(s) 'example_dag_decorator' retrieved from /home/airflow/.local/lib/python3.12/site-packages/airflow/example_dags/example_dag_decorator.py
[2025-11-16T19:33:26.434+0000] {logging_mixin.py:190} INFO - [2025-11-16T19:33:26.434+0000] {dag.py:3239} INFO - Sync 1 DAGs
[2025-11-16T19:33:26.443+0000] {logging_mixin.py:190} INFO - [2025-11-16T19:33:26.443+0000] {dag.py:4180} INFO - Setting next_dagrun for example_dag_decorator to None, run_after=None
[2025-11-16T19:33:26.458+0000] {processor.py:208} INFO - Processing /home/airflow/.local/lib/python3.12/site-packages/airflow/example_dags/example_dag_decorator.py took 0.201 seconds
[2025-11-16T19:33:57.544+0000] {processor.py:186} INFO - Started process (PID=2569) to work on /home/airflow/.local/lib/python3.12/site-packages/airflow/example_dags/example_dag_decorator.py
[2025-11-16T19:33:57.545+0000] {processor.py:914} INFO - Processing file /home/airflow/.local/lib/python3.12/site-packages/airflow/example_dags/example_dag_decorator.py for tasks to queue
[2025-11-16T19:33:57.547+0000] {logging_mixin.py:190} INFO - [2025-11-16T19:33:57.547+0000] {dagbag.py:588} INFO - Filling up the DagBag from /home/airflow/.local/lib/python3.12/site-packages/airflow/example_dags/example_dag_decorator.py
[2025-11-16T19:33:57.617+0000] {processor.py:925} INFO - DAG(s) 'example_dag_decorator' retrieved from /home/airflow/.local/lib/python3.12/site-packages/airflow/example_dags/example_dag_decorator.py
[2025-11-16T19:33:57.691+0000] {logging_mixin.py:190} INFO - [2025-11-16T19:33:57.691+0000] {dag.py:3239} INFO - Sync 1 DAGs
[2025-11-16T19:33:57.699+0000] {logging_mixin.py:190} INFO - [2025-11-16T19:33:57.699+0000] {dag.py:4180} INFO - Setting next_dagrun for example_dag_decorator to None, run_after=None
[2025-11-16T19:33:57.722+0000] {processor.py:208} INFO - Processing /home/airflow/.local/lib/python3.12/site-packages/airflow/example_dags/example_dag_decorator.py took 0.182 seconds
[2025-11-16T19:34:27.974+0000] {processor.py:186} INFO - Started process (PID=2634) to work on /home/airflow/.local/lib/python3.12/site-packages/airflow/example_dags/example_dag_decorator.py
[2025-11-16T19:34:27.976+0000] {processor.py:914} INFO - Processing file /home/airflow/.local/lib/python3.12/site-packages/airflow/example_dags/example_dag_decorator.py for tasks to queue
[2025-11-16T19:34:27.978+0000] {logging_mixin.py:190} INFO - [2025-11-16T19:34:27.978+0000] {dagbag.py:588} INFO - Filling up the DagBag from /home/airflow/.local/lib/python3.12/site-packages/airflow/example_dags/example_dag_decorator.py
[2025-11-16T19:34:28.042+0000] {processor.py:925} INFO - DAG(s) 'example_dag_decorator' retrieved from /home/airflow/.local/lib/python3.12/site-packages/airflow/example_dags/example_dag_decorator.py
[2025-11-16T19:34:28.112+0000] {logging_mixin.py:190} INFO - [2025-11-16T19:34:28.112+0000] {dag.py:3239} INFO - Sync 1 DAGs
[2025-11-16T19:34:28.119+0000] {logging_mixin.py:190} INFO - [2025-11-16T19:34:28.119+0000] {dag.py:4180} INFO - Setting next_dagrun for example_dag_decorator to None, run_after=None
[2025-11-16T19:34:28.134+0000] {processor.py:208} INFO - Processing /home/airflow/.local/lib/python3.12/site-packages/airflow/example_dags/example_dag_decorator.py took 0.163 seconds
[2025-11-16T19:34:59.046+0000] {processor.py:186} INFO - Started process (PID=2699) to work on /home/airflow/.local/lib/python3.12/site-packages/airflow/example_dags/example_dag_decorator.py
[2025-11-16T19:34:59.047+0000] {processor.py:914} INFO - Processing file /home/airflow/.local/lib/python3.12/site-packages/airflow/example_dags/example_dag_decorator.py for tasks to queue
[2025-11-16T19:34:59.049+0000] {logging_mixin.py:190} INFO - [2025-11-16T19:34:59.049+0000] {dagbag.py:588} INFO - Filling up the DagBag from /home/airflow/.local/lib/python3.12/site-packages/airflow/example_dags/example_dag_decorator.py
[2025-11-16T19:34:59.118+0000] {processor.py:925} INFO - DAG(s) 'example_dag_decorator' retrieved from /home/airflow/.local/lib/python3.12/site-packages/airflow/example_dags/example_dag_decorator.py
[2025-11-16T19:34:59.188+0000] {logging_mixin.py:190} INFO - [2025-11-16T19:34:59.188+0000] {dag.py:3239} INFO - Sync 1 DAGs
[2025-11-16T19:34:59.197+0000] {logging_mixin.py:190} INFO - [2025-11-16T19:34:59.197+0000] {dag.py:4180} INFO - Setting next_dagrun for example_dag_decorator to None, run_after=None
[2025-11-16T19:34:59.211+0000] {processor.py:208} INFO - Processing /home/airflow/.local/lib/python3.12/site-packages/airflow/example_dags/example_dag_decorator.py took 0.170 seconds
[2025-11-16T19:35:30.149+0000] {processor.py:186} INFO - Started process (PID=2764) to work on /home/airflow/.local/lib/python3.12/site-packages/airflow/example_dags/example_dag_decorator.py
[2025-11-16T19:35:30.150+0000] {processor.py:914} INFO - Processing file /home/airflow/.local/lib/python3.12/site-packages/airflow/example_dags/example_dag_decorator.py for tasks to queue
[2025-11-16T19:35:30.152+0000] {logging_mixin.py:190} INFO - [2025-11-16T19:35:30.151+0000] {dagbag.py:588} INFO - Filling up the DagBag from /home/airflow/.local/lib/python3.12/site-packages/airflow/example_dags/example_dag_decorator.py
[2025-11-16T19:35:30.219+0000] {processor.py:925} INFO - DAG(s) 'example_dag_decorator' retrieved from /home/airflow/.local/lib/python3.12/site-packages/airflow/example_dags/example_dag_decorator.py
[2025-11-16T19:35:30.286+0000] {logging_mixin.py:190} INFO - [2025-11-16T19:35:30.285+0000] {dag.py:3239} INFO - Sync 1 DAGs
[2025-11-16T19:35:30.293+0000] {logging_mixin.py:190} INFO - [2025-11-16T19:35:30.293+0000] {dag.py:4180} INFO - Setting next_dagrun for example_dag_decorator to None, run_after=None
[2025-11-16T19:35:30.306+0000] {processor.py:208} INFO - Processing /home/airflow/.local/lib/python3.12/site-packages/airflow/example_dags/example_dag_decorator.py took 0.161 seconds
[2025-11-16T19:36:00.995+0000] {processor.py:186} INFO - Started process (PID=2829) to work on /home/airflow/.local/lib/python3.12/site-packages/airflow/example_dags/example_dag_decorator.py
[2025-11-16T19:36:00.996+0000] {processor.py:914} INFO - Processing file /home/airflow/.local/lib/python3.12/site-packages/airflow/example_dags/example_dag_decorator.py for tasks to queue
[2025-11-16T19:36:00.999+0000] {logging_mixin.py:190} INFO - [2025-11-16T19:36:00.998+0000] {dagbag.py:588} INFO - Filling up the DagBag from /home/airflow/.local/lib/python3.12/site-packages/airflow/example_dags/example_dag_decorator.py
[2025-11-16T19:36:01.073+0000] {processor.py:925} INFO - DAG(s) 'example_dag_decorator' retrieved from /home/airflow/.local/lib/python3.12/site-packages/airflow/example_dags/example_dag_decorator.py
[2025-11-16T19:36:01.293+0000] {logging_mixin.py:190} INFO - [2025-11-16T19:36:01.293+0000] {dag.py:3239} INFO - Sync 1 DAGs
[2025-11-16T19:36:01.300+0000] {logging_mixin.py:190} INFO - [2025-11-16T19:36:01.300+0000] {dag.py:4180} INFO - Setting next_dagrun for example_dag_decorator to None, run_after=None
[2025-11-16T19:36:01.313+0000] {processor.py:208} INFO - Processing /home/airflow/.local/lib/python3.12/site-packages/airflow/example_dags/example_dag_decorator.py took 0.322 seconds
[2025-11-16T19:36:32.348+0000] {processor.py:186} INFO - Started process (PID=2894) to work on /home/airflow/.local/lib/python3.12/site-packages/airflow/example_dags/example_dag_decorator.py
[2025-11-16T19:36:32.349+0000] {processor.py:914} INFO - Processing file /home/airflow/.local/lib/python3.12/site-packages/airflow/example_dags/example_dag_decorator.py for tasks to queue
[2025-11-16T19:36:32.351+0000] {logging_mixin.py:190} INFO - [2025-11-16T19:36:32.351+0000] {dagbag.py:588} INFO - Filling up the DagBag from /home/airflow/.local/lib/python3.12/site-packages/airflow/example_dags/example_dag_decorator.py
[2025-11-16T19:36:32.422+0000] {processor.py:925} INFO - DAG(s) 'example_dag_decorator' retrieved from /home/airflow/.local/lib/python3.12/site-packages/airflow/example_dags/example_dag_decorator.py
[2025-11-16T19:36:32.493+0000] {logging_mixin.py:190} INFO - [2025-11-16T19:36:32.493+0000] {dag.py:3239} INFO - Sync 1 DAGs
[2025-11-16T19:36:32.631+0000] {logging_mixin.py:190} INFO - [2025-11-16T19:36:32.630+0000] {dag.py:4180} INFO - Setting next_dagrun for example_dag_decorator to None, run_after=None
[2025-11-16T19:36:32.643+0000] {processor.py:208} INFO - Processing /home/airflow/.local/lib/python3.12/site-packages/airflow/example_dags/example_dag_decorator.py took 0.299 seconds
[2025-11-16T19:37:03.307+0000] {processor.py:186} INFO - Started process (PID=2959) to work on /home/airflow/.local/lib/python3.12/site-packages/airflow/example_dags/example_dag_decorator.py
[2025-11-16T19:37:03.308+0000] {processor.py:914} INFO - Processing file /home/airflow/.local/lib/python3.12/site-packages/airflow/example_dags/example_dag_decorator.py for tasks to queue
[2025-11-16T19:37:03.311+0000] {logging_mixin.py:190} INFO - [2025-11-16T19:37:03.311+0000] {dagbag.py:588} INFO - Filling up the DagBag from /home/airflow/.local/lib/python3.12/site-packages/airflow/example_dags/example_dag_decorator.py
[2025-11-16T19:37:03.385+0000] {processor.py:925} INFO - DAG(s) 'example_dag_decorator' retrieved from /home/airflow/.local/lib/python3.12/site-packages/airflow/example_dags/example_dag_decorator.py
[2025-11-16T19:37:03.457+0000] {logging_mixin.py:190} INFO - [2025-11-16T19:37:03.457+0000] {dag.py:3239} INFO - Sync 1 DAGs
[2025-11-16T19:37:03.587+0000] {logging_mixin.py:190} INFO - [2025-11-16T19:37:03.587+0000] {dag.py:4180} INFO - Setting next_dagrun for example_dag_decorator to None, run_after=None
[2025-11-16T19:37:03.599+0000] {processor.py:208} INFO - Processing /home/airflow/.local/lib/python3.12/site-packages/airflow/example_dags/example_dag_decorator.py took 0.297 seconds
[2025-11-16T19:37:34.906+0000] {processor.py:186} INFO - Started process (PID=3024) to work on /home/airflow/.local/lib/python3.12/site-packages/airflow/example_dags/example_dag_decorator.py
[2025-11-16T19:37:34.907+0000] {processor.py:914} INFO - Processing file /home/airflow/.local/lib/python3.12/site-packages/airflow/example_dags/example_dag_decorator.py for tasks to queue
[2025-11-16T19:37:34.909+0000] {logging_mixin.py:190} INFO - [2025-11-16T19:37:34.908+0000] {dagbag.py:588} INFO - Filling up the DagBag from /home/airflow/.local/lib/python3.12/site-packages/airflow/example_dags/example_dag_decorator.py
[2025-11-16T19:37:34.971+0000] {processor.py:925} INFO - DAG(s) 'example_dag_decorator' retrieved from /home/airflow/.local/lib/python3.12/site-packages/airflow/example_dags/example_dag_decorator.py
[2025-11-16T19:37:35.040+0000] {logging_mixin.py:190} INFO - [2025-11-16T19:37:35.040+0000] {dag.py:3239} INFO - Sync 1 DAGs
[2025-11-16T19:37:35.159+0000] {logging_mixin.py:190} INFO - [2025-11-16T19:37:35.159+0000] {dag.py:4180} INFO - Setting next_dagrun for example_dag_decorator to None, run_after=None
[2025-11-16T19:37:35.172+0000] {processor.py:208} INFO - Processing /home/airflow/.local/lib/python3.12/site-packages/airflow/example_dags/example_dag_decorator.py took 0.270 seconds
[2025-11-16T19:38:05.930+0000] {processor.py:186} INFO - Started process (PID=3089) to work on /home/airflow/.local/lib/python3.12/site-packages/airflow/example_dags/example_dag_decorator.py
[2025-11-16T19:38:05.931+0000] {processor.py:914} INFO - Processing file /home/airflow/.local/lib/python3.12/site-packages/airflow/example_dags/example_dag_decorator.py for tasks to queue
[2025-11-16T19:38:05.933+0000] {logging_mixin.py:190} INFO - [2025-11-16T19:38:05.933+0000] {dagbag.py:588} INFO - Filling up the DagBag from /home/airflow/.local/lib/python3.12/site-packages/airflow/example_dags/example_dag_decorator.py
[2025-11-16T19:38:06.009+0000] {processor.py:925} INFO - DAG(s) 'example_dag_decorator' retrieved from /home/airflow/.local/lib/python3.12/site-packages/airflow/example_dags/example_dag_decorator.py
[2025-11-16T19:38:06.201+0000] {logging_mixin.py:190} INFO - [2025-11-16T19:38:06.201+0000] {dag.py:3239} INFO - Sync 1 DAGs
[2025-11-16T19:38:06.208+0000] {logging_mixin.py:190} INFO - [2025-11-16T19:38:06.208+0000] {dag.py:4180} INFO - Setting next_dagrun for example_dag_decorator to None, run_after=None
[2025-11-16T19:38:06.223+0000] {processor.py:208} INFO - Processing /home/airflow/.local/lib/python3.12/site-packages/airflow/example_dags/example_dag_decorator.py took 0.297 seconds
[2025-11-16T19:38:37.266+0000] {processor.py:186} INFO - Started process (PID=3154) to work on /home/airflow/.local/lib/python3.12/site-packages/airflow/example_dags/example_dag_decorator.py
[2025-11-16T19:38:37.267+0000] {processor.py:914} INFO - Processing file /home/airflow/.local/lib/python3.12/site-packages/airflow/example_dags/example_dag_decorator.py for tasks to queue
[2025-11-16T19:38:37.269+0000] {logging_mixin.py:190} INFO - [2025-11-16T19:38:37.269+0000] {dagbag.py:588} INFO - Filling up the DagBag from /home/airflow/.local/lib/python3.12/site-packages/airflow/example_dags/example_dag_decorator.py
[2025-11-16T19:38:37.340+0000] {processor.py:925} INFO - DAG(s) 'example_dag_decorator' retrieved from /home/airflow/.local/lib/python3.12/site-packages/airflow/example_dags/example_dag_decorator.py
[2025-11-16T19:38:37.532+0000] {logging_mixin.py:190} INFO - [2025-11-16T19:38:37.532+0000] {dag.py:3239} INFO - Sync 1 DAGs
[2025-11-16T19:38:37.540+0000] {logging_mixin.py:190} INFO - [2025-11-16T19:38:37.539+0000] {dag.py:4180} INFO - Setting next_dagrun for example_dag_decorator to None, run_after=None
[2025-11-16T19:38:37.554+0000] {processor.py:208} INFO - Processing /home/airflow/.local/lib/python3.12/site-packages/airflow/example_dags/example_dag_decorator.py took 0.293 seconds
[2025-11-16T19:39:08.414+0000] {processor.py:186} INFO - Started process (PID=3219) to work on /home/airflow/.local/lib/python3.12/site-packages/airflow/example_dags/example_dag_decorator.py
[2025-11-16T19:39:08.415+0000] {processor.py:914} INFO - Processing file /home/airflow/.local/lib/python3.12/site-packages/airflow/example_dags/example_dag_decorator.py for tasks to queue
[2025-11-16T19:39:08.417+0000] {logging_mixin.py:190} INFO - [2025-11-16T19:39:08.417+0000] {dagbag.py:588} INFO - Filling up the DagBag from /home/airflow/.local/lib/python3.12/site-packages/airflow/example_dags/example_dag_decorator.py
[2025-11-16T19:39:08.484+0000] {processor.py:925} INFO - DAG(s) 'example_dag_decorator' retrieved from /home/airflow/.local/lib/python3.12/site-packages/airflow/example_dags/example_dag_decorator.py
[2025-11-16T19:39:08.669+0000] {logging_mixin.py:190} INFO - [2025-11-16T19:39:08.669+0000] {dag.py:3239} INFO - Sync 1 DAGs
[2025-11-16T19:39:08.676+0000] {logging_mixin.py:190} INFO - [2025-11-16T19:39:08.676+0000] {dag.py:4180} INFO - Setting next_dagrun for example_dag_decorator to None, run_after=None
[2025-11-16T19:39:08.689+0000] {processor.py:208} INFO - Processing /home/airflow/.local/lib/python3.12/site-packages/airflow/example_dags/example_dag_decorator.py took 0.278 seconds
[2025-11-16T19:39:39.175+0000] {processor.py:186} INFO - Started process (PID=3284) to work on /home/airflow/.local/lib/python3.12/site-packages/airflow/example_dags/example_dag_decorator.py
[2025-11-16T19:39:39.175+0000] {processor.py:914} INFO - Processing file /home/airflow/.local/lib/python3.12/site-packages/airflow/example_dags/example_dag_decorator.py for tasks to queue
[2025-11-16T19:39:39.177+0000] {logging_mixin.py:190} INFO - [2025-11-16T19:39:39.177+0000] {dagbag.py:588} INFO - Filling up the DagBag from /home/airflow/.local/lib/python3.12/site-packages/airflow/example_dags/example_dag_decorator.py
[2025-11-16T19:39:39.246+0000] {processor.py:925} INFO - DAG(s) 'example_dag_decorator' retrieved from /home/airflow/.local/lib/python3.12/site-packages/airflow/example_dags/example_dag_decorator.py
[2025-11-16T19:39:39.440+0000] {logging_mixin.py:190} INFO - [2025-11-16T19:39:39.440+0000] {dag.py:3239} INFO - Sync 1 DAGs
[2025-11-16T19:39:39.447+0000] {logging_mixin.py:190} INFO - [2025-11-16T19:39:39.447+0000] {dag.py:4180} INFO - Setting next_dagrun for example_dag_decorator to None, run_after=None
[2025-11-16T19:39:39.459+0000] {processor.py:208} INFO - Processing /home/airflow/.local/lib/python3.12/site-packages/airflow/example_dags/example_dag_decorator.py took 0.289 seconds
[2025-11-16T19:40:10.388+0000] {processor.py:186} INFO - Started process (PID=3349) to work on /home/airflow/.local/lib/python3.12/site-packages/airflow/example_dags/example_dag_decorator.py
[2025-11-16T19:40:10.389+0000] {processor.py:914} INFO - Processing file /home/airflow/.local/lib/python3.12/site-packages/airflow/example_dags/example_dag_decorator.py for tasks to queue
[2025-11-16T19:40:10.391+0000] {logging_mixin.py:190} INFO - [2025-11-16T19:40:10.391+0000] {dagbag.py:588} INFO - Filling up the DagBag from /home/airflow/.local/lib/python3.12/site-packages/airflow/example_dags/example_dag_decorator.py
[2025-11-16T19:40:10.477+0000] {processor.py:925} INFO - DAG(s) 'example_dag_decorator' retrieved from /home/airflow/.local/lib/python3.12/site-packages/airflow/example_dags/example_dag_decorator.py
[2025-11-16T19:40:10.691+0000] {logging_mixin.py:190} INFO - [2025-11-16T19:40:10.690+0000] {dag.py:3239} INFO - Sync 1 DAGs
[2025-11-16T19:40:10.698+0000] {logging_mixin.py:190} INFO - [2025-11-16T19:40:10.698+0000] {dag.py:4180} INFO - Setting next_dagrun for example_dag_decorator to None, run_after=None
[2025-11-16T19:40:10.710+0000] {processor.py:208} INFO - Processing /home/airflow/.local/lib/python3.12/site-packages/airflow/example_dags/example_dag_decorator.py took 0.327 seconds
[2025-11-16T19:40:41.921+0000] {processor.py:186} INFO - Started process (PID=3423) to work on /home/airflow/.local/lib/python3.12/site-packages/airflow/example_dags/example_dag_decorator.py
[2025-11-16T19:40:41.922+0000] {processor.py:914} INFO - Processing file /home/airflow/.local/lib/python3.12/site-packages/airflow/example_dags/example_dag_decorator.py for tasks to queue
[2025-11-16T19:40:41.924+0000] {logging_mixin.py:190} INFO - [2025-11-16T19:40:41.923+0000] {dagbag.py:588} INFO - Filling up the DagBag from /home/airflow/.local/lib/python3.12/site-packages/airflow/example_dags/example_dag_decorator.py
[2025-11-16T19:40:41.991+0000] {processor.py:925} INFO - DAG(s) 'example_dag_decorator' retrieved from /home/airflow/.local/lib/python3.12/site-packages/airflow/example_dags/example_dag_decorator.py
[2025-11-16T19:40:42.171+0000] {logging_mixin.py:190} INFO - [2025-11-16T19:40:42.171+0000] {dag.py:3239} INFO - Sync 1 DAGs
[2025-11-16T19:40:42.177+0000] {logging_mixin.py:190} INFO - [2025-11-16T19:40:42.177+0000] {dag.py:4180} INFO - Setting next_dagrun for example_dag_decorator to None, run_after=None
[2025-11-16T19:40:42.189+0000] {processor.py:208} INFO - Processing /home/airflow/.local/lib/python3.12/site-packages/airflow/example_dags/example_dag_decorator.py took 0.272 seconds
[2025-11-16T19:41:12.273+0000] {processor.py:186} INFO - Started process (PID=3488) to work on /home/airflow/.local/lib/python3.12/site-packages/airflow/example_dags/example_dag_decorator.py
[2025-11-16T19:41:12.274+0000] {processor.py:914} INFO - Processing file /home/airflow/.local/lib/python3.12/site-packages/airflow/example_dags/example_dag_decorator.py for tasks to queue
[2025-11-16T19:41:12.276+0000] {logging_mixin.py:190} INFO - [2025-11-16T19:41:12.276+0000] {dagbag.py:588} INFO - Filling up the DagBag from /home/airflow/.local/lib/python3.12/site-packages/airflow/example_dags/example_dag_decorator.py
[2025-11-16T19:41:12.345+0000] {processor.py:925} INFO - DAG(s) 'example_dag_decorator' retrieved from /home/airflow/.local/lib/python3.12/site-packages/airflow/example_dags/example_dag_decorator.py
[2025-11-16T19:41:12.535+0000] {logging_mixin.py:190} INFO - [2025-11-16T19:41:12.535+0000] {dag.py:3239} INFO - Sync 1 DAGs
[2025-11-16T19:41:12.542+0000] {logging_mixin.py:190} INFO - [2025-11-16T19:41:12.542+0000] {dag.py:4180} INFO - Setting next_dagrun for example_dag_decorator to None, run_after=None
[2025-11-16T19:41:12.555+0000] {processor.py:208} INFO - Processing /home/airflow/.local/lib/python3.12/site-packages/airflow/example_dags/example_dag_decorator.py took 0.287 seconds
[2025-11-16T19:41:43.686+0000] {processor.py:186} INFO - Started process (PID=3554) to work on /home/airflow/.local/lib/python3.12/site-packages/airflow/example_dags/example_dag_decorator.py
[2025-11-16T19:41:43.687+0000] {processor.py:914} INFO - Processing file /home/airflow/.local/lib/python3.12/site-packages/airflow/example_dags/example_dag_decorator.py for tasks to queue
[2025-11-16T19:41:43.689+0000] {logging_mixin.py:190} INFO - [2025-11-16T19:41:43.689+0000] {dagbag.py:588} INFO - Filling up the DagBag from /home/airflow/.local/lib/python3.12/site-packages/airflow/example_dags/example_dag_decorator.py
[2025-11-16T19:41:43.754+0000] {processor.py:925} INFO - DAG(s) 'example_dag_decorator' retrieved from /home/airflow/.local/lib/python3.12/site-packages/airflow/example_dags/example_dag_decorator.py
[2025-11-16T19:41:43.935+0000] {logging_mixin.py:190} INFO - [2025-11-16T19:41:43.935+0000] {dag.py:3239} INFO - Sync 1 DAGs
[2025-11-16T19:41:43.943+0000] {logging_mixin.py:190} INFO - [2025-11-16T19:41:43.943+0000] {dag.py:4180} INFO - Setting next_dagrun for example_dag_decorator to None, run_after=None
[2025-11-16T19:41:43.955+0000] {processor.py:208} INFO - Processing /home/airflow/.local/lib/python3.12/site-packages/airflow/example_dags/example_dag_decorator.py took 0.272 seconds
[2025-11-16T19:42:14.161+0000] {processor.py:186} INFO - Started process (PID=3616) to work on /home/airflow/.local/lib/python3.12/site-packages/airflow/example_dags/example_dag_decorator.py
[2025-11-16T19:42:14.162+0000] {processor.py:914} INFO - Processing file /home/airflow/.local/lib/python3.12/site-packages/airflow/example_dags/example_dag_decorator.py for tasks to queue
[2025-11-16T19:42:14.164+0000] {logging_mixin.py:190} INFO - [2025-11-16T19:42:14.164+0000] {dagbag.py:588} INFO - Filling up the DagBag from /home/airflow/.local/lib/python3.12/site-packages/airflow/example_dags/example_dag_decorator.py
[2025-11-16T19:42:14.342+0000] {processor.py:925} INFO - DAG(s) 'example_dag_decorator' retrieved from /home/airflow/.local/lib/python3.12/site-packages/airflow/example_dags/example_dag_decorator.py
[2025-11-16T19:42:14.402+0000] {logging_mixin.py:190} INFO - [2025-11-16T19:42:14.402+0000] {dag.py:3239} INFO - Sync 1 DAGs
[2025-11-16T19:42:14.408+0000] {logging_mixin.py:190} INFO - [2025-11-16T19:42:14.408+0000] {dag.py:4180} INFO - Setting next_dagrun for example_dag_decorator to None, run_after=None
[2025-11-16T19:42:14.420+0000] {processor.py:208} INFO - Processing /home/airflow/.local/lib/python3.12/site-packages/airflow/example_dags/example_dag_decorator.py took 0.263 seconds
[2025-11-16T19:42:45.191+0000] {processor.py:186} INFO - Started process (PID=3681) to work on /home/airflow/.local/lib/python3.12/site-packages/airflow/example_dags/example_dag_decorator.py
[2025-11-16T19:42:45.192+0000] {processor.py:914} INFO - Processing file /home/airflow/.local/lib/python3.12/site-packages/airflow/example_dags/example_dag_decorator.py for tasks to queue
[2025-11-16T19:42:45.194+0000] {logging_mixin.py:190} INFO - [2025-11-16T19:42:45.194+0000] {dagbag.py:588} INFO - Filling up the DagBag from /home/airflow/.local/lib/python3.12/site-packages/airflow/example_dags/example_dag_decorator.py
[2025-11-16T19:42:45.409+0000] {processor.py:925} INFO - DAG(s) 'example_dag_decorator' retrieved from /home/airflow/.local/lib/python3.12/site-packages/airflow/example_dags/example_dag_decorator.py
[2025-11-16T19:42:45.480+0000] {logging_mixin.py:190} INFO - [2025-11-16T19:42:45.480+0000] {dag.py:3239} INFO - Sync 1 DAGs
[2025-11-16T19:42:45.488+0000] {logging_mixin.py:190} INFO - [2025-11-16T19:42:45.487+0000] {dag.py:4180} INFO - Setting next_dagrun for example_dag_decorator to None, run_after=None
[2025-11-16T19:42:45.502+0000] {processor.py:208} INFO - Processing /home/airflow/.local/lib/python3.12/site-packages/airflow/example_dags/example_dag_decorator.py took 0.315 seconds
[2025-11-16T19:43:16.630+0000] {processor.py:186} INFO - Started process (PID=3747) to work on /home/airflow/.local/lib/python3.12/site-packages/airflow/example_dags/example_dag_decorator.py
[2025-11-16T19:43:16.631+0000] {processor.py:914} INFO - Processing file /home/airflow/.local/lib/python3.12/site-packages/airflow/example_dags/example_dag_decorator.py for tasks to queue
[2025-11-16T19:43:16.632+0000] {logging_mixin.py:190} INFO - [2025-11-16T19:43:16.632+0000] {dagbag.py:588} INFO - Filling up the DagBag from /home/airflow/.local/lib/python3.12/site-packages/airflow/example_dags/example_dag_decorator.py
[2025-11-16T19:43:16.698+0000] {processor.py:925} INFO - DAG(s) 'example_dag_decorator' retrieved from /home/airflow/.local/lib/python3.12/site-packages/airflow/example_dags/example_dag_decorator.py
[2025-11-16T19:43:16.880+0000] {logging_mixin.py:190} INFO - [2025-11-16T19:43:16.880+0000] {dag.py:3239} INFO - Sync 1 DAGs
[2025-11-16T19:43:16.887+0000] {logging_mixin.py:190} INFO - [2025-11-16T19:43:16.887+0000] {dag.py:4180} INFO - Setting next_dagrun for example_dag_decorator to None, run_after=None
[2025-11-16T19:43:16.899+0000] {processor.py:208} INFO - Processing /home/airflow/.local/lib/python3.12/site-packages/airflow/example_dags/example_dag_decorator.py took 0.273 seconds
[2025-11-16T19:43:47.763+0000] {processor.py:186} INFO - Started process (PID=3811) to work on /home/airflow/.local/lib/python3.12/site-packages/airflow/example_dags/example_dag_decorator.py
[2025-11-16T19:43:47.764+0000] {processor.py:914} INFO - Processing file /home/airflow/.local/lib/python3.12/site-packages/airflow/example_dags/example_dag_decorator.py for tasks to queue
[2025-11-16T19:43:47.767+0000] {logging_mixin.py:190} INFO - [2025-11-16T19:43:47.767+0000] {dagbag.py:588} INFO - Filling up the DagBag from /home/airflow/.local/lib/python3.12/site-packages/airflow/example_dags/example_dag_decorator.py
[2025-11-16T19:43:47.969+0000] {processor.py:925} INFO - DAG(s) 'example_dag_decorator' retrieved from /home/airflow/.local/lib/python3.12/site-packages/airflow/example_dags/example_dag_decorator.py
[2025-11-16T19:43:48.030+0000] {logging_mixin.py:190} INFO - [2025-11-16T19:43:48.030+0000] {dag.py:3239} INFO - Sync 1 DAGs
[2025-11-16T19:43:48.037+0000] {logging_mixin.py:190} INFO - [2025-11-16T19:43:48.037+0000] {dag.py:4180} INFO - Setting next_dagrun for example_dag_decorator to None, run_after=None
[2025-11-16T19:43:48.049+0000] {processor.py:208} INFO - Processing /home/airflow/.local/lib/python3.12/site-packages/airflow/example_dags/example_dag_decorator.py took 0.290 seconds
[2025-11-16T19:44:19.171+0000] {processor.py:186} INFO - Started process (PID=3876) to work on /home/airflow/.local/lib/python3.12/site-packages/airflow/example_dags/example_dag_decorator.py
[2025-11-16T19:44:19.172+0000] {processor.py:914} INFO - Processing file /home/airflow/.local/lib/python3.12/site-packages/airflow/example_dags/example_dag_decorator.py for tasks to queue
[2025-11-16T19:44:19.174+0000] {logging_mixin.py:190} INFO - [2025-11-16T19:44:19.174+0000] {dagbag.py:588} INFO - Filling up the DagBag from /home/airflow/.local/lib/python3.12/site-packages/airflow/example_dags/example_dag_decorator.py
[2025-11-16T19:44:19.363+0000] {processor.py:925} INFO - DAG(s) 'example_dag_decorator' retrieved from /home/airflow/.local/lib/python3.12/site-packages/airflow/example_dags/example_dag_decorator.py
[2025-11-16T19:44:19.426+0000] {logging_mixin.py:190} INFO - [2025-11-16T19:44:19.425+0000] {dag.py:3239} INFO - Sync 1 DAGs
[2025-11-16T19:44:19.434+0000] {logging_mixin.py:190} INFO - [2025-11-16T19:44:19.434+0000] {dag.py:4180} INFO - Setting next_dagrun for example_dag_decorator to None, run_after=None
[2025-11-16T19:44:19.446+0000] {processor.py:208} INFO - Processing /home/airflow/.local/lib/python3.12/site-packages/airflow/example_dags/example_dag_decorator.py took 0.279 seconds
[2025-11-16T19:44:50.975+0000] {processor.py:186} INFO - Started process (PID=3948) to work on /home/airflow/.local/lib/python3.12/site-packages/airflow/example_dags/example_dag_decorator.py
[2025-11-16T19:44:50.977+0000] {processor.py:914} INFO - Processing file /home/airflow/.local/lib/python3.12/site-packages/airflow/example_dags/example_dag_decorator.py for tasks to queue
[2025-11-16T19:44:50.979+0000] {logging_mixin.py:190} INFO - [2025-11-16T19:44:50.979+0000] {dagbag.py:588} INFO - Filling up the DagBag from /home/airflow/.local/lib/python3.12/site-packages/airflow/example_dags/example_dag_decorator.py
[2025-11-16T19:44:51.171+0000] {processor.py:925} INFO - DAG(s) 'example_dag_decorator' retrieved from /home/airflow/.local/lib/python3.12/site-packages/airflow/example_dags/example_dag_decorator.py
[2025-11-16T19:44:51.234+0000] {logging_mixin.py:190} INFO - [2025-11-16T19:44:51.234+0000] {dag.py:3239} INFO - Sync 1 DAGs
[2025-11-16T19:44:51.241+0000] {logging_mixin.py:190} INFO - [2025-11-16T19:44:51.240+0000] {dag.py:4180} INFO - Setting next_dagrun for example_dag_decorator to None, run_after=None
[2025-11-16T19:44:51.252+0000] {processor.py:208} INFO - Processing /home/airflow/.local/lib/python3.12/site-packages/airflow/example_dags/example_dag_decorator.py took 0.283 seconds
[2025-11-16T19:45:21.563+0000] {processor.py:186} INFO - Started process (PID=4013) to work on /home/airflow/.local/lib/python3.12/site-packages/airflow/example_dags/example_dag_decorator.py
[2025-11-16T19:45:21.564+0000] {processor.py:914} INFO - Processing file /home/airflow/.local/lib/python3.12/site-packages/airflow/example_dags/example_dag_decorator.py for tasks to queue
[2025-11-16T19:45:21.566+0000] {logging_mixin.py:190} INFO - [2025-11-16T19:45:21.566+0000] {dagbag.py:588} INFO - Filling up the DagBag from /home/airflow/.local/lib/python3.12/site-packages/airflow/example_dags/example_dag_decorator.py
[2025-11-16T19:45:21.743+0000] {processor.py:925} INFO - DAG(s) 'example_dag_decorator' retrieved from /home/airflow/.local/lib/python3.12/site-packages/airflow/example_dags/example_dag_decorator.py
[2025-11-16T19:45:21.802+0000] {logging_mixin.py:190} INFO - [2025-11-16T19:45:21.801+0000] {dag.py:3239} INFO - Sync 1 DAGs
[2025-11-16T19:45:21.808+0000] {logging_mixin.py:190} INFO - [2025-11-16T19:45:21.808+0000] {dag.py:4180} INFO - Setting next_dagrun for example_dag_decorator to None, run_after=None
[2025-11-16T19:45:21.822+0000] {processor.py:208} INFO - Processing /home/airflow/.local/lib/python3.12/site-packages/airflow/example_dags/example_dag_decorator.py took 0.263 seconds
[2025-11-16T19:45:52.802+0000] {processor.py:186} INFO - Started process (PID=4078) to work on /home/airflow/.local/lib/python3.12/site-packages/airflow/example_dags/example_dag_decorator.py
[2025-11-16T19:45:52.803+0000] {processor.py:914} INFO - Processing file /home/airflow/.local/lib/python3.12/site-packages/airflow/example_dags/example_dag_decorator.py for tasks to queue
[2025-11-16T19:45:52.804+0000] {logging_mixin.py:190} INFO - [2025-11-16T19:45:52.804+0000] {dagbag.py:588} INFO - Filling up the DagBag from /home/airflow/.local/lib/python3.12/site-packages/airflow/example_dags/example_dag_decorator.py
[2025-11-16T19:45:53.007+0000] {processor.py:925} INFO - DAG(s) 'example_dag_decorator' retrieved from /home/airflow/.local/lib/python3.12/site-packages/airflow/example_dags/example_dag_decorator.py
[2025-11-16T19:45:53.071+0000] {logging_mixin.py:190} INFO - [2025-11-16T19:45:53.071+0000] {dag.py:3239} INFO - Sync 1 DAGs
[2025-11-16T19:45:53.078+0000] {logging_mixin.py:190} INFO - [2025-11-16T19:45:53.077+0000] {dag.py:4180} INFO - Setting next_dagrun for example_dag_decorator to None, run_after=None
[2025-11-16T19:45:53.089+0000] {processor.py:208} INFO - Processing /home/airflow/.local/lib/python3.12/site-packages/airflow/example_dags/example_dag_decorator.py took 0.291 seconds
[2025-11-16T19:46:24.108+0000] {processor.py:186} INFO - Started process (PID=4143) to work on /home/airflow/.local/lib/python3.12/site-packages/airflow/example_dags/example_dag_decorator.py
[2025-11-16T19:46:24.109+0000] {processor.py:914} INFO - Processing file /home/airflow/.local/lib/python3.12/site-packages/airflow/example_dags/example_dag_decorator.py for tasks to queue
[2025-11-16T19:46:24.110+0000] {logging_mixin.py:190} INFO - [2025-11-16T19:46:24.110+0000] {dagbag.py:588} INFO - Filling up the DagBag from /home/airflow/.local/lib/python3.12/site-packages/airflow/example_dags/example_dag_decorator.py
[2025-11-16T19:46:24.317+0000] {processor.py:925} INFO - DAG(s) 'example_dag_decorator' retrieved from /home/airflow/.local/lib/python3.12/site-packages/airflow/example_dags/example_dag_decorator.py
[2025-11-16T19:46:24.398+0000] {logging_mixin.py:190} INFO - [2025-11-16T19:46:24.398+0000] {dag.py:3239} INFO - Sync 1 DAGs
[2025-11-16T19:46:24.405+0000] {logging_mixin.py:190} INFO - [2025-11-16T19:46:24.405+0000] {dag.py:4180} INFO - Setting next_dagrun for example_dag_decorator to None, run_after=None
[2025-11-16T19:46:24.420+0000] {processor.py:208} INFO - Processing /home/airflow/.local/lib/python3.12/site-packages/airflow/example_dags/example_dag_decorator.py took 0.317 seconds
[2025-11-16T19:46:55.844+0000] {processor.py:186} INFO - Started process (PID=4208) to work on /home/airflow/.local/lib/python3.12/site-packages/airflow/example_dags/example_dag_decorator.py
[2025-11-16T19:46:55.845+0000] {processor.py:914} INFO - Processing file /home/airflow/.local/lib/python3.12/site-packages/airflow/example_dags/example_dag_decorator.py for tasks to queue
[2025-11-16T19:46:55.847+0000] {logging_mixin.py:190} INFO - [2025-11-16T19:46:55.846+0000] {dagbag.py:588} INFO - Filling up the DagBag from /home/airflow/.local/lib/python3.12/site-packages/airflow/example_dags/example_dag_decorator.py
[2025-11-16T19:46:56.036+0000] {processor.py:925} INFO - DAG(s) 'example_dag_decorator' retrieved from /home/airflow/.local/lib/python3.12/site-packages/airflow/example_dags/example_dag_decorator.py
[2025-11-16T19:46:56.099+0000] {logging_mixin.py:190} INFO - [2025-11-16T19:46:56.099+0000] {dag.py:3239} INFO - Sync 1 DAGs
[2025-11-16T19:46:56.106+0000] {logging_mixin.py:190} INFO - [2025-11-16T19:46:56.106+0000] {dag.py:4180} INFO - Setting next_dagrun for example_dag_decorator to None, run_after=None
[2025-11-16T19:46:56.118+0000] {processor.py:208} INFO - Processing /home/airflow/.local/lib/python3.12/site-packages/airflow/example_dags/example_dag_decorator.py took 0.279 seconds
[2025-11-16T19:47:27.032+0000] {processor.py:186} INFO - Started process (PID=4274) to work on /home/airflow/.local/lib/python3.12/site-packages/airflow/example_dags/example_dag_decorator.py
[2025-11-16T19:47:27.033+0000] {processor.py:914} INFO - Processing file /home/airflow/.local/lib/python3.12/site-packages/airflow/example_dags/example_dag_decorator.py for tasks to queue
[2025-11-16T19:47:27.034+0000] {logging_mixin.py:190} INFO - [2025-11-16T19:47:27.034+0000] {dagbag.py:588} INFO - Filling up the DagBag from /home/airflow/.local/lib/python3.12/site-packages/airflow/example_dags/example_dag_decorator.py
[2025-11-16T19:47:27.172+0000] {processor.py:925} INFO - DAG(s) 'example_dag_decorator' retrieved from /home/airflow/.local/lib/python3.12/site-packages/airflow/example_dags/example_dag_decorator.py
[2025-11-16T19:47:27.240+0000] {logging_mixin.py:190} INFO - [2025-11-16T19:47:27.240+0000] {dag.py:3239} INFO - Sync 1 DAGs
[2025-11-16T19:47:27.248+0000] {logging_mixin.py:190} INFO - [2025-11-16T19:47:27.248+0000] {dag.py:4180} INFO - Setting next_dagrun for example_dag_decorator to None, run_after=None
[2025-11-16T19:47:27.260+0000] {processor.py:208} INFO - Processing /home/airflow/.local/lib/python3.12/site-packages/airflow/example_dags/example_dag_decorator.py took 0.165 seconds
[2025-11-16T19:47:57.781+0000] {processor.py:186} INFO - Started process (PID=4339) to work on /home/airflow/.local/lib/python3.12/site-packages/airflow/example_dags/example_dag_decorator.py
[2025-11-16T19:47:57.782+0000] {processor.py:914} INFO - Processing file /home/airflow/.local/lib/python3.12/site-packages/airflow/example_dags/example_dag_decorator.py for tasks to queue
[2025-11-16T19:47:57.783+0000] {logging_mixin.py:190} INFO - [2025-11-16T19:47:57.783+0000] {dagbag.py:588} INFO - Filling up the DagBag from /home/airflow/.local/lib/python3.12/site-packages/airflow/example_dags/example_dag_decorator.py
[2025-11-16T19:47:57.851+0000] {processor.py:925} INFO - DAG(s) 'example_dag_decorator' retrieved from /home/airflow/.local/lib/python3.12/site-packages/airflow/example_dags/example_dag_decorator.py
[2025-11-16T19:47:57.920+0000] {logging_mixin.py:190} INFO - [2025-11-16T19:47:57.920+0000] {dag.py:3239} INFO - Sync 1 DAGs
[2025-11-16T19:47:57.930+0000] {logging_mixin.py:190} INFO - [2025-11-16T19:47:57.929+0000] {dag.py:4180} INFO - Setting next_dagrun for example_dag_decorator to None, run_after=None
[2025-11-16T19:47:57.943+0000] {processor.py:208} INFO - Processing /home/airflow/.local/lib/python3.12/site-packages/airflow/example_dags/example_dag_decorator.py took 0.166 seconds
[2025-11-16T19:48:28.503+0000] {processor.py:186} INFO - Started process (PID=4404) to work on /home/airflow/.local/lib/python3.12/site-packages/airflow/example_dags/example_dag_decorator.py
[2025-11-16T19:48:28.505+0000] {processor.py:914} INFO - Processing file /home/airflow/.local/lib/python3.12/site-packages/airflow/example_dags/example_dag_decorator.py for tasks to queue
[2025-11-16T19:48:28.506+0000] {logging_mixin.py:190} INFO - [2025-11-16T19:48:28.506+0000] {dagbag.py:588} INFO - Filling up the DagBag from /home/airflow/.local/lib/python3.12/site-packages/airflow/example_dags/example_dag_decorator.py
[2025-11-16T19:48:28.582+0000] {processor.py:925} INFO - DAG(s) 'example_dag_decorator' retrieved from /home/airflow/.local/lib/python3.12/site-packages/airflow/example_dags/example_dag_decorator.py
[2025-11-16T19:48:28.664+0000] {logging_mixin.py:190} INFO - [2025-11-16T19:48:28.664+0000] {dag.py:3239} INFO - Sync 1 DAGs
[2025-11-16T19:48:28.679+0000] {logging_mixin.py:190} INFO - [2025-11-16T19:48:28.678+0000] {dag.py:4180} INFO - Setting next_dagrun for example_dag_decorator to None, run_after=None
[2025-11-16T19:48:28.694+0000] {processor.py:208} INFO - Processing /home/airflow/.local/lib/python3.12/site-packages/airflow/example_dags/example_dag_decorator.py took 0.196 seconds
[2025-11-16T19:48:59.270+0000] {processor.py:186} INFO - Started process (PID=4469) to work on /home/airflow/.local/lib/python3.12/site-packages/airflow/example_dags/example_dag_decorator.py
[2025-11-16T19:48:59.271+0000] {processor.py:914} INFO - Processing file /home/airflow/.local/lib/python3.12/site-packages/airflow/example_dags/example_dag_decorator.py for tasks to queue
[2025-11-16T19:48:59.273+0000] {logging_mixin.py:190} INFO - [2025-11-16T19:48:59.272+0000] {dagbag.py:588} INFO - Filling up the DagBag from /home/airflow/.local/lib/python3.12/site-packages/airflow/example_dags/example_dag_decorator.py
[2025-11-16T19:48:59.339+0000] {processor.py:925} INFO - DAG(s) 'example_dag_decorator' retrieved from /home/airflow/.local/lib/python3.12/site-packages/airflow/example_dags/example_dag_decorator.py
[2025-11-16T19:48:59.408+0000] {logging_mixin.py:190} INFO - [2025-11-16T19:48:59.408+0000] {dag.py:3239} INFO - Sync 1 DAGs
[2025-11-16T19:48:59.417+0000] {logging_mixin.py:190} INFO - [2025-11-16T19:48:59.417+0000] {dag.py:4180} INFO - Setting next_dagrun for example_dag_decorator to None, run_after=None
[2025-11-16T19:48:59.429+0000] {processor.py:208} INFO - Processing /home/airflow/.local/lib/python3.12/site-packages/airflow/example_dags/example_dag_decorator.py took 0.163 seconds
[2025-11-16T19:49:29.896+0000] {processor.py:186} INFO - Started process (PID=4534) to work on /home/airflow/.local/lib/python3.12/site-packages/airflow/example_dags/example_dag_decorator.py
[2025-11-16T19:49:29.897+0000] {processor.py:914} INFO - Processing file /home/airflow/.local/lib/python3.12/site-packages/airflow/example_dags/example_dag_decorator.py for tasks to queue
[2025-11-16T19:49:29.898+0000] {logging_mixin.py:190} INFO - [2025-11-16T19:49:29.898+0000] {dagbag.py:588} INFO - Filling up the DagBag from /home/airflow/.local/lib/python3.12/site-packages/airflow/example_dags/example_dag_decorator.py
[2025-11-16T19:49:29.961+0000] {processor.py:925} INFO - DAG(s) 'example_dag_decorator' retrieved from /home/airflow/.local/lib/python3.12/site-packages/airflow/example_dags/example_dag_decorator.py
[2025-11-16T19:49:30.033+0000] {logging_mixin.py:190} INFO - [2025-11-16T19:49:30.032+0000] {dag.py:3239} INFO - Sync 1 DAGs
[2025-11-16T19:49:30.042+0000] {logging_mixin.py:190} INFO - [2025-11-16T19:49:30.042+0000] {dag.py:4180} INFO - Setting next_dagrun for example_dag_decorator to None, run_after=None
[2025-11-16T19:49:30.055+0000] {processor.py:208} INFO - Processing /home/airflow/.local/lib/python3.12/site-packages/airflow/example_dags/example_dag_decorator.py took 0.164 seconds
[2025-11-16T19:50:00.736+0000] {processor.py:186} INFO - Started process (PID=4599) to work on /home/airflow/.local/lib/python3.12/site-packages/airflow/example_dags/example_dag_decorator.py
[2025-11-16T19:50:00.738+0000] {processor.py:914} INFO - Processing file /home/airflow/.local/lib/python3.12/site-packages/airflow/example_dags/example_dag_decorator.py for tasks to queue
[2025-11-16T19:50:00.739+0000] {logging_mixin.py:190} INFO - [2025-11-16T19:50:00.738+0000] {dagbag.py:588} INFO - Filling up the DagBag from /home/airflow/.local/lib/python3.12/site-packages/airflow/example_dags/example_dag_decorator.py
[2025-11-16T19:50:00.823+0000] {processor.py:925} INFO - DAG(s) 'example_dag_decorator' retrieved from /home/airflow/.local/lib/python3.12/site-packages/airflow/example_dags/example_dag_decorator.py
[2025-11-16T19:50:00.900+0000] {logging_mixin.py:190} INFO - [2025-11-16T19:50:00.900+0000] {dag.py:3239} INFO - Sync 1 DAGs
[2025-11-16T19:50:00.910+0000] {logging_mixin.py:190} INFO - [2025-11-16T19:50:00.910+0000] {dag.py:4180} INFO - Setting next_dagrun for example_dag_decorator to None, run_after=None
[2025-11-16T19:50:00.925+0000] {processor.py:208} INFO - Processing /home/airflow/.local/lib/python3.12/site-packages/airflow/example_dags/example_dag_decorator.py took 0.193 seconds
[2025-11-16T19:50:31.308+0000] {processor.py:186} INFO - Started process (PID=4664) to work on /home/airflow/.local/lib/python3.12/site-packages/airflow/example_dags/example_dag_decorator.py
[2025-11-16T19:50:31.309+0000] {processor.py:914} INFO - Processing file /home/airflow/.local/lib/python3.12/site-packages/airflow/example_dags/example_dag_decorator.py for tasks to queue
[2025-11-16T19:50:31.311+0000] {logging_mixin.py:190} INFO - [2025-11-16T19:50:31.310+0000] {dagbag.py:588} INFO - Filling up the DagBag from /home/airflow/.local/lib/python3.12/site-packages/airflow/example_dags/example_dag_decorator.py
[2025-11-16T19:50:31.389+0000] {processor.py:925} INFO - DAG(s) 'example_dag_decorator' retrieved from /home/airflow/.local/lib/python3.12/site-packages/airflow/example_dags/example_dag_decorator.py
[2025-11-16T19:50:31.463+0000] {logging_mixin.py:190} INFO - [2025-11-16T19:50:31.463+0000] {dag.py:3239} INFO - Sync 1 DAGs
[2025-11-16T19:50:31.472+0000] {logging_mixin.py:190} INFO - [2025-11-16T19:50:31.472+0000] {dag.py:4180} INFO - Setting next_dagrun for example_dag_decorator to None, run_after=None
[2025-11-16T19:50:31.486+0000] {processor.py:208} INFO - Processing /home/airflow/.local/lib/python3.12/site-packages/airflow/example_dags/example_dag_decorator.py took 0.183 seconds
[2025-11-16T19:51:02.184+0000] {processor.py:186} INFO - Started process (PID=4729) to work on /home/airflow/.local/lib/python3.12/site-packages/airflow/example_dags/example_dag_decorator.py
[2025-11-16T19:51:02.185+0000] {processor.py:914} INFO - Processing file /home/airflow/.local/lib/python3.12/site-packages/airflow/example_dags/example_dag_decorator.py for tasks to queue
[2025-11-16T19:51:02.186+0000] {logging_mixin.py:190} INFO - [2025-11-16T19:51:02.186+0000] {dagbag.py:588} INFO - Filling up the DagBag from /home/airflow/.local/lib/python3.12/site-packages/airflow/example_dags/example_dag_decorator.py
[2025-11-16T19:51:02.259+0000] {processor.py:925} INFO - DAG(s) 'example_dag_decorator' retrieved from /home/airflow/.local/lib/python3.12/site-packages/airflow/example_dags/example_dag_decorator.py
[2025-11-16T19:51:02.330+0000] {logging_mixin.py:190} INFO - [2025-11-16T19:51:02.330+0000] {dag.py:3239} INFO - Sync 1 DAGs
[2025-11-16T19:51:02.340+0000] {logging_mixin.py:190} INFO - [2025-11-16T19:51:02.340+0000] {dag.py:4180} INFO - Setting next_dagrun for example_dag_decorator to None, run_after=None
[2025-11-16T19:51:02.356+0000] {processor.py:208} INFO - Processing /home/airflow/.local/lib/python3.12/site-packages/airflow/example_dags/example_dag_decorator.py took 0.176 seconds
[2025-11-16T19:51:32.927+0000] {processor.py:186} INFO - Started process (PID=4794) to work on /home/airflow/.local/lib/python3.12/site-packages/airflow/example_dags/example_dag_decorator.py
[2025-11-16T19:51:32.928+0000] {processor.py:914} INFO - Processing file /home/airflow/.local/lib/python3.12/site-packages/airflow/example_dags/example_dag_decorator.py for tasks to queue
[2025-11-16T19:51:32.929+0000] {logging_mixin.py:190} INFO - [2025-11-16T19:51:32.929+0000] {dagbag.py:588} INFO - Filling up the DagBag from /home/airflow/.local/lib/python3.12/site-packages/airflow/example_dags/example_dag_decorator.py
[2025-11-16T19:51:33.001+0000] {processor.py:925} INFO - DAG(s) 'example_dag_decorator' retrieved from /home/airflow/.local/lib/python3.12/site-packages/airflow/example_dags/example_dag_decorator.py
[2025-11-16T19:51:33.016+0000] {logging_mixin.py:190} INFO - [2025-11-16T19:51:33.016+0000] {dag.py:3239} INFO - Sync 1 DAGs
[2025-11-16T19:51:33.027+0000] {logging_mixin.py:190} INFO - [2025-11-16T19:51:33.027+0000] {dag.py:4180} INFO - Setting next_dagrun for example_dag_decorator to None, run_after=None
[2025-11-16T19:51:33.041+0000] {processor.py:208} INFO - Processing /home/airflow/.local/lib/python3.12/site-packages/airflow/example_dags/example_dag_decorator.py took 0.119 seconds
[2025-11-16T19:52:03.515+0000] {processor.py:186} INFO - Started process (PID=4859) to work on /home/airflow/.local/lib/python3.12/site-packages/airflow/example_dags/example_dag_decorator.py
[2025-11-16T19:52:03.516+0000] {processor.py:914} INFO - Processing file /home/airflow/.local/lib/python3.12/site-packages/airflow/example_dags/example_dag_decorator.py for tasks to queue
[2025-11-16T19:52:03.517+0000] {logging_mixin.py:190} INFO - [2025-11-16T19:52:03.517+0000] {dagbag.py:588} INFO - Filling up the DagBag from /home/airflow/.local/lib/python3.12/site-packages/airflow/example_dags/example_dag_decorator.py
[2025-11-16T19:52:03.585+0000] {processor.py:925} INFO - DAG(s) 'example_dag_decorator' retrieved from /home/airflow/.local/lib/python3.12/site-packages/airflow/example_dags/example_dag_decorator.py
[2025-11-16T19:52:03.654+0000] {logging_mixin.py:190} INFO - [2025-11-16T19:52:03.654+0000] {dag.py:3239} INFO - Sync 1 DAGs
[2025-11-16T19:52:03.663+0000] {logging_mixin.py:190} INFO - [2025-11-16T19:52:03.663+0000] {dag.py:4180} INFO - Setting next_dagrun for example_dag_decorator to None, run_after=None
[2025-11-16T19:52:03.678+0000] {processor.py:208} INFO - Processing /home/airflow/.local/lib/python3.12/site-packages/airflow/example_dags/example_dag_decorator.py took 0.167 seconds
[2025-11-16T19:52:33.777+0000] {processor.py:186} INFO - Started process (PID=4924) to work on /home/airflow/.local/lib/python3.12/site-packages/airflow/example_dags/example_dag_decorator.py
[2025-11-16T19:52:33.778+0000] {processor.py:914} INFO - Processing file /home/airflow/.local/lib/python3.12/site-packages/airflow/example_dags/example_dag_decorator.py for tasks to queue
[2025-11-16T19:52:33.779+0000] {logging_mixin.py:190} INFO - [2025-11-16T19:52:33.779+0000] {dagbag.py:588} INFO - Filling up the DagBag from /home/airflow/.local/lib/python3.12/site-packages/airflow/example_dags/example_dag_decorator.py
[2025-11-16T19:52:33.851+0000] {processor.py:925} INFO - DAG(s) 'example_dag_decorator' retrieved from /home/airflow/.local/lib/python3.12/site-packages/airflow/example_dags/example_dag_decorator.py
[2025-11-16T19:52:33.921+0000] {logging_mixin.py:190} INFO - [2025-11-16T19:52:33.921+0000] {dag.py:3239} INFO - Sync 1 DAGs
[2025-11-16T19:52:33.929+0000] {logging_mixin.py:190} INFO - [2025-11-16T19:52:33.929+0000] {dag.py:4180} INFO - Setting next_dagrun for example_dag_decorator to None, run_after=None
[2025-11-16T19:52:33.942+0000] {processor.py:208} INFO - Processing /home/airflow/.local/lib/python3.12/site-packages/airflow/example_dags/example_dag_decorator.py took 0.169 seconds
[2025-11-16T19:53:04.344+0000] {processor.py:186} INFO - Started process (PID=4989) to work on /home/airflow/.local/lib/python3.12/site-packages/airflow/example_dags/example_dag_decorator.py
[2025-11-16T19:53:04.345+0000] {processor.py:914} INFO - Processing file /home/airflow/.local/lib/python3.12/site-packages/airflow/example_dags/example_dag_decorator.py for tasks to queue
[2025-11-16T19:53:04.347+0000] {logging_mixin.py:190} INFO - [2025-11-16T19:53:04.346+0000] {dagbag.py:588} INFO - Filling up the DagBag from /home/airflow/.local/lib/python3.12/site-packages/airflow/example_dags/example_dag_decorator.py
[2025-11-16T19:53:04.421+0000] {processor.py:925} INFO - DAG(s) 'example_dag_decorator' retrieved from /home/airflow/.local/lib/python3.12/site-packages/airflow/example_dags/example_dag_decorator.py
[2025-11-16T19:53:04.502+0000] {logging_mixin.py:190} INFO - [2025-11-16T19:53:04.502+0000] {dag.py:3239} INFO - Sync 1 DAGs
[2025-11-16T19:53:04.512+0000] {logging_mixin.py:190} INFO - [2025-11-16T19:53:04.512+0000] {dag.py:4180} INFO - Setting next_dagrun for example_dag_decorator to None, run_after=None
[2025-11-16T19:53:04.530+0000] {processor.py:208} INFO - Processing /home/airflow/.local/lib/python3.12/site-packages/airflow/example_dags/example_dag_decorator.py took 0.190 seconds
[2025-11-16T19:53:35.050+0000] {processor.py:186} INFO - Started process (PID=5054) to work on /home/airflow/.local/lib/python3.12/site-packages/airflow/example_dags/example_dag_decorator.py
[2025-11-16T19:53:35.051+0000] {processor.py:914} INFO - Processing file /home/airflow/.local/lib/python3.12/site-packages/airflow/example_dags/example_dag_decorator.py for tasks to queue
[2025-11-16T19:53:35.052+0000] {logging_mixin.py:190} INFO - [2025-11-16T19:53:35.052+0000] {dagbag.py:588} INFO - Filling up the DagBag from /home/airflow/.local/lib/python3.12/site-packages/airflow/example_dags/example_dag_decorator.py
[2025-11-16T19:53:35.120+0000] {processor.py:925} INFO - DAG(s) 'example_dag_decorator' retrieved from /home/airflow/.local/lib/python3.12/site-packages/airflow/example_dags/example_dag_decorator.py
[2025-11-16T19:53:35.197+0000] {logging_mixin.py:190} INFO - [2025-11-16T19:53:35.197+0000] {dag.py:3239} INFO - Sync 1 DAGs
[2025-11-16T19:53:35.207+0000] {logging_mixin.py:190} INFO - [2025-11-16T19:53:35.207+0000] {dag.py:4180} INFO - Setting next_dagrun for example_dag_decorator to None, run_after=None
[2025-11-16T19:53:35.220+0000] {processor.py:208} INFO - Processing /home/airflow/.local/lib/python3.12/site-packages/airflow/example_dags/example_dag_decorator.py took 0.174 seconds
[2025-11-16T19:54:05.379+0000] {processor.py:186} INFO - Started process (PID=5119) to work on /home/airflow/.local/lib/python3.12/site-packages/airflow/example_dags/example_dag_decorator.py
[2025-11-16T19:54:05.380+0000] {processor.py:914} INFO - Processing file /home/airflow/.local/lib/python3.12/site-packages/airflow/example_dags/example_dag_decorator.py for tasks to queue
[2025-11-16T19:54:05.381+0000] {logging_mixin.py:190} INFO - [2025-11-16T19:54:05.380+0000] {dagbag.py:588} INFO - Filling up the DagBag from /home/airflow/.local/lib/python3.12/site-packages/airflow/example_dags/example_dag_decorator.py
[2025-11-16T19:54:05.447+0000] {processor.py:925} INFO - DAG(s) 'example_dag_decorator' retrieved from /home/airflow/.local/lib/python3.12/site-packages/airflow/example_dags/example_dag_decorator.py
[2025-11-16T19:54:05.516+0000] {logging_mixin.py:190} INFO - [2025-11-16T19:54:05.516+0000] {dag.py:3239} INFO - Sync 1 DAGs
[2025-11-16T19:54:05.526+0000] {logging_mixin.py:190} INFO - [2025-11-16T19:54:05.526+0000] {dag.py:4180} INFO - Setting next_dagrun for example_dag_decorator to None, run_after=None
[2025-11-16T19:54:05.542+0000] {processor.py:208} INFO - Processing /home/airflow/.local/lib/python3.12/site-packages/airflow/example_dags/example_dag_decorator.py took 0.168 seconds
[2025-11-16T19:54:36.245+0000] {processor.py:186} INFO - Started process (PID=5184) to work on /home/airflow/.local/lib/python3.12/site-packages/airflow/example_dags/example_dag_decorator.py
[2025-11-16T19:54:36.245+0000] {processor.py:914} INFO - Processing file /home/airflow/.local/lib/python3.12/site-packages/airflow/example_dags/example_dag_decorator.py for tasks to queue
[2025-11-16T19:54:36.247+0000] {logging_mixin.py:190} INFO - [2025-11-16T19:54:36.247+0000] {dagbag.py:588} INFO - Filling up the DagBag from /home/airflow/.local/lib/python3.12/site-packages/airflow/example_dags/example_dag_decorator.py
[2025-11-16T19:54:36.310+0000] {processor.py:925} INFO - DAG(s) 'example_dag_decorator' retrieved from /home/airflow/.local/lib/python3.12/site-packages/airflow/example_dags/example_dag_decorator.py
[2025-11-16T19:54:36.381+0000] {logging_mixin.py:190} INFO - [2025-11-16T19:54:36.380+0000] {dag.py:3239} INFO - Sync 1 DAGs
[2025-11-16T19:54:36.391+0000] {logging_mixin.py:190} INFO - [2025-11-16T19:54:36.391+0000] {dag.py:4180} INFO - Setting next_dagrun for example_dag_decorator to None, run_after=None
[2025-11-16T19:54:36.408+0000] {processor.py:208} INFO - Processing /home/airflow/.local/lib/python3.12/site-packages/airflow/example_dags/example_dag_decorator.py took 0.168 seconds
[2025-11-16T19:55:06.762+0000] {processor.py:186} INFO - Started process (PID=5248) to work on /home/airflow/.local/lib/python3.12/site-packages/airflow/example_dags/example_dag_decorator.py
[2025-11-16T19:55:06.762+0000] {processor.py:914} INFO - Processing file /home/airflow/.local/lib/python3.12/site-packages/airflow/example_dags/example_dag_decorator.py for tasks to queue
[2025-11-16T19:55:06.764+0000] {logging_mixin.py:190} INFO - [2025-11-16T19:55:06.763+0000] {dagbag.py:588} INFO - Filling up the DagBag from /home/airflow/.local/lib/python3.12/site-packages/airflow/example_dags/example_dag_decorator.py
[2025-11-16T19:55:06.830+0000] {processor.py:925} INFO - DAG(s) 'example_dag_decorator' retrieved from /home/airflow/.local/lib/python3.12/site-packages/airflow/example_dags/example_dag_decorator.py
[2025-11-16T19:55:06.896+0000] {logging_mixin.py:190} INFO - [2025-11-16T19:55:06.896+0000] {dag.py:3239} INFO - Sync 1 DAGs
[2025-11-16T19:55:06.905+0000] {logging_mixin.py:190} INFO - [2025-11-16T19:55:06.905+0000] {dag.py:4180} INFO - Setting next_dagrun for example_dag_decorator to None, run_after=None
[2025-11-16T19:55:06.920+0000] {processor.py:208} INFO - Processing /home/airflow/.local/lib/python3.12/site-packages/airflow/example_dags/example_dag_decorator.py took 0.163 seconds
[2025-11-16T19:55:37.751+0000] {processor.py:186} INFO - Started process (PID=5314) to work on /home/airflow/.local/lib/python3.12/site-packages/airflow/example_dags/example_dag_decorator.py
[2025-11-16T19:55:37.752+0000] {processor.py:914} INFO - Processing file /home/airflow/.local/lib/python3.12/site-packages/airflow/example_dags/example_dag_decorator.py for tasks to queue
[2025-11-16T19:55:37.753+0000] {logging_mixin.py:190} INFO - [2025-11-16T19:55:37.753+0000] {dagbag.py:588} INFO - Filling up the DagBag from /home/airflow/.local/lib/python3.12/site-packages/airflow/example_dags/example_dag_decorator.py
[2025-11-16T19:55:37.819+0000] {processor.py:925} INFO - DAG(s) 'example_dag_decorator' retrieved from /home/airflow/.local/lib/python3.12/site-packages/airflow/example_dags/example_dag_decorator.py
[2025-11-16T19:55:37.892+0000] {logging_mixin.py:190} INFO - [2025-11-16T19:55:37.892+0000] {dag.py:3239} INFO - Sync 1 DAGs
[2025-11-16T19:55:37.902+0000] {logging_mixin.py:190} INFO - [2025-11-16T19:55:37.901+0000] {dag.py:4180} INFO - Setting next_dagrun for example_dag_decorator to None, run_after=None
[2025-11-16T19:55:37.915+0000] {processor.py:208} INFO - Processing /home/airflow/.local/lib/python3.12/site-packages/airflow/example_dags/example_dag_decorator.py took 0.168 seconds
[2025-11-16T19:56:08.329+0000] {processor.py:186} INFO - Started process (PID=5379) to work on /home/airflow/.local/lib/python3.12/site-packages/airflow/example_dags/example_dag_decorator.py
[2025-11-16T19:56:08.330+0000] {processor.py:914} INFO - Processing file /home/airflow/.local/lib/python3.12/site-packages/airflow/example_dags/example_dag_decorator.py for tasks to queue
[2025-11-16T19:56:08.332+0000] {logging_mixin.py:190} INFO - [2025-11-16T19:56:08.331+0000] {dagbag.py:588} INFO - Filling up the DagBag from /home/airflow/.local/lib/python3.12/site-packages/airflow/example_dags/example_dag_decorator.py
[2025-11-16T19:56:08.398+0000] {processor.py:925} INFO - DAG(s) 'example_dag_decorator' retrieved from /home/airflow/.local/lib/python3.12/site-packages/airflow/example_dags/example_dag_decorator.py
[2025-11-16T19:56:08.470+0000] {logging_mixin.py:190} INFO - [2025-11-16T19:56:08.470+0000] {dag.py:3239} INFO - Sync 1 DAGs
[2025-11-16T19:56:08.478+0000] {logging_mixin.py:190} INFO - [2025-11-16T19:56:08.478+0000] {dag.py:4180} INFO - Setting next_dagrun for example_dag_decorator to None, run_after=None
[2025-11-16T19:56:08.493+0000] {processor.py:208} INFO - Processing /home/airflow/.local/lib/python3.12/site-packages/airflow/example_dags/example_dag_decorator.py took 0.168 seconds
[2025-11-16T19:56:39.360+0000] {processor.py:186} INFO - Started process (PID=5444) to work on /home/airflow/.local/lib/python3.12/site-packages/airflow/example_dags/example_dag_decorator.py
[2025-11-16T19:56:39.361+0000] {processor.py:914} INFO - Processing file /home/airflow/.local/lib/python3.12/site-packages/airflow/example_dags/example_dag_decorator.py for tasks to queue
[2025-11-16T19:56:39.362+0000] {logging_mixin.py:190} INFO - [2025-11-16T19:56:39.362+0000] {dagbag.py:588} INFO - Filling up the DagBag from /home/airflow/.local/lib/python3.12/site-packages/airflow/example_dags/example_dag_decorator.py
[2025-11-16T19:56:39.430+0000] {processor.py:925} INFO - DAG(s) 'example_dag_decorator' retrieved from /home/airflow/.local/lib/python3.12/site-packages/airflow/example_dags/example_dag_decorator.py
[2025-11-16T19:56:39.503+0000] {logging_mixin.py:190} INFO - [2025-11-16T19:56:39.503+0000] {dag.py:3239} INFO - Sync 1 DAGs
[2025-11-16T19:56:39.513+0000] {logging_mixin.py:190} INFO - [2025-11-16T19:56:39.513+0000] {dag.py:4180} INFO - Setting next_dagrun for example_dag_decorator to None, run_after=None
[2025-11-16T19:56:39.533+0000] {processor.py:208} INFO - Processing /home/airflow/.local/lib/python3.12/site-packages/airflow/example_dags/example_dag_decorator.py took 0.178 seconds
[2025-11-16T19:57:10.183+0000] {processor.py:186} INFO - Started process (PID=5509) to work on /home/airflow/.local/lib/python3.12/site-packages/airflow/example_dags/example_dag_decorator.py
[2025-11-16T19:57:10.184+0000] {processor.py:914} INFO - Processing file /home/airflow/.local/lib/python3.12/site-packages/airflow/example_dags/example_dag_decorator.py for tasks to queue
[2025-11-16T19:57:10.185+0000] {logging_mixin.py:190} INFO - [2025-11-16T19:57:10.185+0000] {dagbag.py:588} INFO - Filling up the DagBag from /home/airflow/.local/lib/python3.12/site-packages/airflow/example_dags/example_dag_decorator.py
[2025-11-16T19:57:10.255+0000] {processor.py:925} INFO - DAG(s) 'example_dag_decorator' retrieved from /home/airflow/.local/lib/python3.12/site-packages/airflow/example_dags/example_dag_decorator.py
[2025-11-16T19:57:10.325+0000] {logging_mixin.py:190} INFO - [2025-11-16T19:57:10.325+0000] {dag.py:3239} INFO - Sync 1 DAGs
[2025-11-16T19:57:10.334+0000] {logging_mixin.py:190} INFO - [2025-11-16T19:57:10.333+0000] {dag.py:4180} INFO - Setting next_dagrun for example_dag_decorator to None, run_after=None
[2025-11-16T19:57:10.350+0000] {processor.py:208} INFO - Processing /home/airflow/.local/lib/python3.12/site-packages/airflow/example_dags/example_dag_decorator.py took 0.172 seconds
[2025-11-16T19:57:41.047+0000] {processor.py:186} INFO - Started process (PID=5574) to work on /home/airflow/.local/lib/python3.12/site-packages/airflow/example_dags/example_dag_decorator.py
[2025-11-16T19:57:41.048+0000] {processor.py:914} INFO - Processing file /home/airflow/.local/lib/python3.12/site-packages/airflow/example_dags/example_dag_decorator.py for tasks to queue
[2025-11-16T19:57:41.049+0000] {logging_mixin.py:190} INFO - [2025-11-16T19:57:41.049+0000] {dagbag.py:588} INFO - Filling up the DagBag from /home/airflow/.local/lib/python3.12/site-packages/airflow/example_dags/example_dag_decorator.py
[2025-11-16T19:57:41.120+0000] {processor.py:925} INFO - DAG(s) 'example_dag_decorator' retrieved from /home/airflow/.local/lib/python3.12/site-packages/airflow/example_dags/example_dag_decorator.py
[2025-11-16T19:57:41.195+0000] {logging_mixin.py:190} INFO - [2025-11-16T19:57:41.195+0000] {dag.py:3239} INFO - Sync 1 DAGs
[2025-11-16T19:57:41.205+0000] {logging_mixin.py:190} INFO - [2025-11-16T19:57:41.204+0000] {dag.py:4180} INFO - Setting next_dagrun for example_dag_decorator to None, run_after=None
[2025-11-16T19:57:41.217+0000] {processor.py:208} INFO - Processing /home/airflow/.local/lib/python3.12/site-packages/airflow/example_dags/example_dag_decorator.py took 0.175 seconds
[2025-11-16T19:58:12.005+0000] {processor.py:186} INFO - Started process (PID=5644) to work on /home/airflow/.local/lib/python3.12/site-packages/airflow/example_dags/example_dag_decorator.py
[2025-11-16T19:58:12.006+0000] {processor.py:914} INFO - Processing file /home/airflow/.local/lib/python3.12/site-packages/airflow/example_dags/example_dag_decorator.py for tasks to queue
[2025-11-16T19:58:12.007+0000] {logging_mixin.py:190} INFO - [2025-11-16T19:58:12.007+0000] {dagbag.py:588} INFO - Filling up the DagBag from /home/airflow/.local/lib/python3.12/site-packages/airflow/example_dags/example_dag_decorator.py
[2025-11-16T19:58:12.073+0000] {processor.py:925} INFO - DAG(s) 'example_dag_decorator' retrieved from /home/airflow/.local/lib/python3.12/site-packages/airflow/example_dags/example_dag_decorator.py
[2025-11-16T19:58:12.136+0000] {logging_mixin.py:190} INFO - [2025-11-16T19:58:12.136+0000] {dag.py:3239} INFO - Sync 1 DAGs
[2025-11-16T19:58:12.145+0000] {logging_mixin.py:190} INFO - [2025-11-16T19:58:12.145+0000] {dag.py:4180} INFO - Setting next_dagrun for example_dag_decorator to None, run_after=None
[2025-11-16T19:58:12.159+0000] {processor.py:208} INFO - Processing /home/airflow/.local/lib/python3.12/site-packages/airflow/example_dags/example_dag_decorator.py took 0.158 seconds
[2025-11-16T19:58:42.473+0000] {processor.py:186} INFO - Started process (PID=5708) to work on /home/airflow/.local/lib/python3.12/site-packages/airflow/example_dags/example_dag_decorator.py
[2025-11-16T19:58:42.475+0000] {processor.py:914} INFO - Processing file /home/airflow/.local/lib/python3.12/site-packages/airflow/example_dags/example_dag_decorator.py for tasks to queue
[2025-11-16T19:58:42.476+0000] {logging_mixin.py:190} INFO - [2025-11-16T19:58:42.475+0000] {dagbag.py:588} INFO - Filling up the DagBag from /home/airflow/.local/lib/python3.12/site-packages/airflow/example_dags/example_dag_decorator.py
[2025-11-16T19:58:42.547+0000] {processor.py:925} INFO - DAG(s) 'example_dag_decorator' retrieved from /home/airflow/.local/lib/python3.12/site-packages/airflow/example_dags/example_dag_decorator.py
[2025-11-16T19:58:42.626+0000] {logging_mixin.py:190} INFO - [2025-11-16T19:58:42.626+0000] {dag.py:3239} INFO - Sync 1 DAGs
[2025-11-16T19:58:42.635+0000] {logging_mixin.py:190} INFO - [2025-11-16T19:58:42.635+0000] {dag.py:4180} INFO - Setting next_dagrun for example_dag_decorator to None, run_after=None
[2025-11-16T19:58:42.650+0000] {processor.py:208} INFO - Processing /home/airflow/.local/lib/python3.12/site-packages/airflow/example_dags/example_dag_decorator.py took 0.181 seconds
[2025-11-16T19:59:13.204+0000] {processor.py:186} INFO - Started process (PID=5772) to work on /home/airflow/.local/lib/python3.12/site-packages/airflow/example_dags/example_dag_decorator.py
[2025-11-16T19:59:13.205+0000] {processor.py:914} INFO - Processing file /home/airflow/.local/lib/python3.12/site-packages/airflow/example_dags/example_dag_decorator.py for tasks to queue
[2025-11-16T19:59:13.206+0000] {logging_mixin.py:190} INFO - [2025-11-16T19:59:13.205+0000] {dagbag.py:588} INFO - Filling up the DagBag from /home/airflow/.local/lib/python3.12/site-packages/airflow/example_dags/example_dag_decorator.py
[2025-11-16T19:59:13.270+0000] {processor.py:925} INFO - DAG(s) 'example_dag_decorator' retrieved from /home/airflow/.local/lib/python3.12/site-packages/airflow/example_dags/example_dag_decorator.py
[2025-11-16T19:59:13.288+0000] {logging_mixin.py:190} INFO - [2025-11-16T19:59:13.287+0000] {dag.py:3239} INFO - Sync 1 DAGs
[2025-11-16T19:59:13.299+0000] {logging_mixin.py:190} INFO - [2025-11-16T19:59:13.299+0000] {dag.py:4180} INFO - Setting next_dagrun for example_dag_decorator to None, run_after=None
[2025-11-16T19:59:13.312+0000] {processor.py:208} INFO - Processing /home/airflow/.local/lib/python3.12/site-packages/airflow/example_dags/example_dag_decorator.py took 0.112 seconds
[2025-11-16T19:59:44.164+0000] {processor.py:186} INFO - Started process (PID=5837) to work on /home/airflow/.local/lib/python3.12/site-packages/airflow/example_dags/example_dag_decorator.py
[2025-11-16T19:59:44.165+0000] {processor.py:914} INFO - Processing file /home/airflow/.local/lib/python3.12/site-packages/airflow/example_dags/example_dag_decorator.py for tasks to queue
[2025-11-16T19:59:44.167+0000] {logging_mixin.py:190} INFO - [2025-11-16T19:59:44.166+0000] {dagbag.py:588} INFO - Filling up the DagBag from /home/airflow/.local/lib/python3.12/site-packages/airflow/example_dags/example_dag_decorator.py
[2025-11-16T19:59:44.233+0000] {processor.py:925} INFO - DAG(s) 'example_dag_decorator' retrieved from /home/airflow/.local/lib/python3.12/site-packages/airflow/example_dags/example_dag_decorator.py
[2025-11-16T19:59:44.249+0000] {logging_mixin.py:190} INFO - [2025-11-16T19:59:44.249+0000] {dag.py:3239} INFO - Sync 1 DAGs
[2025-11-16T19:59:44.261+0000] {logging_mixin.py:190} INFO - [2025-11-16T19:59:44.260+0000] {dag.py:4180} INFO - Setting next_dagrun for example_dag_decorator to None, run_after=None
[2025-11-16T19:59:44.274+0000] {processor.py:208} INFO - Processing /home/airflow/.local/lib/python3.12/site-packages/airflow/example_dags/example_dag_decorator.py took 0.114 seconds
[2025-11-16T20:00:15.126+0000] {processor.py:186} INFO - Started process (PID=5902) to work on /home/airflow/.local/lib/python3.12/site-packages/airflow/example_dags/example_dag_decorator.py
[2025-11-16T20:00:15.127+0000] {processor.py:914} INFO - Processing file /home/airflow/.local/lib/python3.12/site-packages/airflow/example_dags/example_dag_decorator.py for tasks to queue
[2025-11-16T20:00:15.129+0000] {logging_mixin.py:190} INFO - [2025-11-16T20:00:15.128+0000] {dagbag.py:588} INFO - Filling up the DagBag from /home/airflow/.local/lib/python3.12/site-packages/airflow/example_dags/example_dag_decorator.py
[2025-11-16T20:00:15.201+0000] {processor.py:925} INFO - DAG(s) 'example_dag_decorator' retrieved from /home/airflow/.local/lib/python3.12/site-packages/airflow/example_dags/example_dag_decorator.py
[2025-11-16T20:00:15.274+0000] {logging_mixin.py:190} INFO - [2025-11-16T20:00:15.273+0000] {dag.py:3239} INFO - Sync 1 DAGs
[2025-11-16T20:00:15.283+0000] {logging_mixin.py:190} INFO - [2025-11-16T20:00:15.283+0000] {dag.py:4180} INFO - Setting next_dagrun for example_dag_decorator to None, run_after=None
[2025-11-16T20:00:15.298+0000] {processor.py:208} INFO - Processing /home/airflow/.local/lib/python3.12/site-packages/airflow/example_dags/example_dag_decorator.py took 0.177 seconds
[2025-11-16T20:00:45.518+0000] {processor.py:186} INFO - Started process (PID=5967) to work on /home/airflow/.local/lib/python3.12/site-packages/airflow/example_dags/example_dag_decorator.py
[2025-11-16T20:00:45.519+0000] {processor.py:914} INFO - Processing file /home/airflow/.local/lib/python3.12/site-packages/airflow/example_dags/example_dag_decorator.py for tasks to queue
[2025-11-16T20:00:45.520+0000] {logging_mixin.py:190} INFO - [2025-11-16T20:00:45.520+0000] {dagbag.py:588} INFO - Filling up the DagBag from /home/airflow/.local/lib/python3.12/site-packages/airflow/example_dags/example_dag_decorator.py
[2025-11-16T20:00:45.590+0000] {processor.py:925} INFO - DAG(s) 'example_dag_decorator' retrieved from /home/airflow/.local/lib/python3.12/site-packages/airflow/example_dags/example_dag_decorator.py
[2025-11-16T20:00:45.667+0000] {logging_mixin.py:190} INFO - [2025-11-16T20:00:45.667+0000] {dag.py:3239} INFO - Sync 1 DAGs
[2025-11-16T20:00:45.676+0000] {logging_mixin.py:190} INFO - [2025-11-16T20:00:45.676+0000] {dag.py:4180} INFO - Setting next_dagrun for example_dag_decorator to None, run_after=None
[2025-11-16T20:00:45.688+0000] {processor.py:208} INFO - Processing /home/airflow/.local/lib/python3.12/site-packages/airflow/example_dags/example_dag_decorator.py took 0.175 seconds
[2025-11-16T20:01:16.868+0000] {processor.py:186} INFO - Started process (PID=6031) to work on /home/airflow/.local/lib/python3.12/site-packages/airflow/example_dags/example_dag_decorator.py
[2025-11-16T20:01:16.868+0000] {processor.py:914} INFO - Processing file /home/airflow/.local/lib/python3.12/site-packages/airflow/example_dags/example_dag_decorator.py for tasks to queue
[2025-11-16T20:01:16.869+0000] {logging_mixin.py:190} INFO - [2025-11-16T20:01:16.869+0000] {dagbag.py:588} INFO - Filling up the DagBag from /home/airflow/.local/lib/python3.12/site-packages/airflow/example_dags/example_dag_decorator.py
[2025-11-16T20:01:16.938+0000] {processor.py:925} INFO - DAG(s) 'example_dag_decorator' retrieved from /home/airflow/.local/lib/python3.12/site-packages/airflow/example_dags/example_dag_decorator.py
[2025-11-16T20:01:17.011+0000] {logging_mixin.py:190} INFO - [2025-11-16T20:01:17.011+0000] {dag.py:3239} INFO - Sync 1 DAGs
[2025-11-16T20:01:17.020+0000] {logging_mixin.py:190} INFO - [2025-11-16T20:01:17.020+0000] {dag.py:4180} INFO - Setting next_dagrun for example_dag_decorator to None, run_after=None
[2025-11-16T20:01:17.033+0000] {processor.py:208} INFO - Processing /home/airflow/.local/lib/python3.12/site-packages/airflow/example_dags/example_dag_decorator.py took 0.170 seconds
[2025-11-16T20:01:48.002+0000] {processor.py:186} INFO - Started process (PID=6096) to work on /home/airflow/.local/lib/python3.12/site-packages/airflow/example_dags/example_dag_decorator.py
[2025-11-16T20:01:48.004+0000] {processor.py:914} INFO - Processing file /home/airflow/.local/lib/python3.12/site-packages/airflow/example_dags/example_dag_decorator.py for tasks to queue
[2025-11-16T20:01:48.005+0000] {logging_mixin.py:190} INFO - [2025-11-16T20:01:48.005+0000] {dagbag.py:588} INFO - Filling up the DagBag from /home/airflow/.local/lib/python3.12/site-packages/airflow/example_dags/example_dag_decorator.py
[2025-11-16T20:01:48.091+0000] {processor.py:925} INFO - DAG(s) 'example_dag_decorator' retrieved from /home/airflow/.local/lib/python3.12/site-packages/airflow/example_dags/example_dag_decorator.py
[2025-11-16T20:01:48.164+0000] {logging_mixin.py:190} INFO - [2025-11-16T20:01:48.164+0000] {dag.py:3239} INFO - Sync 1 DAGs
[2025-11-16T20:01:48.174+0000] {logging_mixin.py:190} INFO - [2025-11-16T20:01:48.174+0000] {dag.py:4180} INFO - Setting next_dagrun for example_dag_decorator to None, run_after=None
[2025-11-16T20:01:48.189+0000] {processor.py:208} INFO - Processing /home/airflow/.local/lib/python3.12/site-packages/airflow/example_dags/example_dag_decorator.py took 0.191 seconds
[2025-11-16T20:02:18.452+0000] {processor.py:186} INFO - Started process (PID=6161) to work on /home/airflow/.local/lib/python3.12/site-packages/airflow/example_dags/example_dag_decorator.py
[2025-11-16T20:02:18.453+0000] {processor.py:914} INFO - Processing file /home/airflow/.local/lib/python3.12/site-packages/airflow/example_dags/example_dag_decorator.py for tasks to queue
[2025-11-16T20:02:18.455+0000] {logging_mixin.py:190} INFO - [2025-11-16T20:02:18.455+0000] {dagbag.py:588} INFO - Filling up the DagBag from /home/airflow/.local/lib/python3.12/site-packages/airflow/example_dags/example_dag_decorator.py
[2025-11-16T20:02:18.523+0000] {processor.py:925} INFO - DAG(s) 'example_dag_decorator' retrieved from /home/airflow/.local/lib/python3.12/site-packages/airflow/example_dags/example_dag_decorator.py
[2025-11-16T20:02:18.618+0000] {logging_mixin.py:190} INFO - [2025-11-16T20:02:18.617+0000] {dag.py:3239} INFO - Sync 1 DAGs
[2025-11-16T20:02:18.627+0000] {logging_mixin.py:190} INFO - [2025-11-16T20:02:18.627+0000] {dag.py:4180} INFO - Setting next_dagrun for example_dag_decorator to None, run_after=None
[2025-11-16T20:02:18.641+0000] {processor.py:208} INFO - Processing /home/airflow/.local/lib/python3.12/site-packages/airflow/example_dags/example_dag_decorator.py took 0.193 seconds
[2025-11-16T20:02:49.887+0000] {processor.py:186} INFO - Started process (PID=6226) to work on /home/airflow/.local/lib/python3.12/site-packages/airflow/example_dags/example_dag_decorator.py
[2025-11-16T20:02:49.888+0000] {processor.py:914} INFO - Processing file /home/airflow/.local/lib/python3.12/site-packages/airflow/example_dags/example_dag_decorator.py for tasks to queue
[2025-11-16T20:02:49.889+0000] {logging_mixin.py:190} INFO - [2025-11-16T20:02:49.889+0000] {dagbag.py:588} INFO - Filling up the DagBag from /home/airflow/.local/lib/python3.12/site-packages/airflow/example_dags/example_dag_decorator.py
[2025-11-16T20:02:49.995+0000] {processor.py:925} INFO - DAG(s) 'example_dag_decorator' retrieved from /home/airflow/.local/lib/python3.12/site-packages/airflow/example_dags/example_dag_decorator.py
[2025-11-16T20:02:50.065+0000] {logging_mixin.py:190} INFO - [2025-11-16T20:02:50.065+0000] {dag.py:3239} INFO - Sync 1 DAGs
[2025-11-16T20:02:50.074+0000] {logging_mixin.py:190} INFO - [2025-11-16T20:02:50.074+0000] {dag.py:4180} INFO - Setting next_dagrun for example_dag_decorator to None, run_after=None
[2025-11-16T20:02:50.088+0000] {processor.py:208} INFO - Processing /home/airflow/.local/lib/python3.12/site-packages/airflow/example_dags/example_dag_decorator.py took 0.205 seconds
[2025-11-16T20:03:20.934+0000] {processor.py:186} INFO - Started process (PID=6291) to work on /home/airflow/.local/lib/python3.12/site-packages/airflow/example_dags/example_dag_decorator.py
[2025-11-16T20:03:20.935+0000] {processor.py:914} INFO - Processing file /home/airflow/.local/lib/python3.12/site-packages/airflow/example_dags/example_dag_decorator.py for tasks to queue
[2025-11-16T20:03:20.936+0000] {logging_mixin.py:190} INFO - [2025-11-16T20:03:20.936+0000] {dagbag.py:588} INFO - Filling up the DagBag from /home/airflow/.local/lib/python3.12/site-packages/airflow/example_dags/example_dag_decorator.py
[2025-11-16T20:03:21.010+0000] {processor.py:925} INFO - DAG(s) 'example_dag_decorator' retrieved from /home/airflow/.local/lib/python3.12/site-packages/airflow/example_dags/example_dag_decorator.py
[2025-11-16T20:03:21.081+0000] {logging_mixin.py:190} INFO - [2025-11-16T20:03:21.081+0000] {dag.py:3239} INFO - Sync 1 DAGs
[2025-11-16T20:03:21.088+0000] {logging_mixin.py:190} INFO - [2025-11-16T20:03:21.088+0000] {dag.py:4180} INFO - Setting next_dagrun for example_dag_decorator to None, run_after=None
[2025-11-16T20:03:21.101+0000] {processor.py:208} INFO - Processing /home/airflow/.local/lib/python3.12/site-packages/airflow/example_dags/example_dag_decorator.py took 0.171 seconds
[2025-11-16T20:03:52.632+0000] {processor.py:186} INFO - Started process (PID=6357) to work on /home/airflow/.local/lib/python3.12/site-packages/airflow/example_dags/example_dag_decorator.py
[2025-11-16T20:03:52.632+0000] {processor.py:914} INFO - Processing file /home/airflow/.local/lib/python3.12/site-packages/airflow/example_dags/example_dag_decorator.py for tasks to queue
[2025-11-16T20:03:52.634+0000] {logging_mixin.py:190} INFO - [2025-11-16T20:03:52.633+0000] {dagbag.py:588} INFO - Filling up the DagBag from /home/airflow/.local/lib/python3.12/site-packages/airflow/example_dags/example_dag_decorator.py
[2025-11-16T20:03:52.746+0000] {processor.py:925} INFO - DAG(s) 'example_dag_decorator' retrieved from /home/airflow/.local/lib/python3.12/site-packages/airflow/example_dags/example_dag_decorator.py
[2025-11-16T20:03:52.879+0000] {logging_mixin.py:190} INFO - [2025-11-16T20:03:52.878+0000] {dag.py:3239} INFO - Sync 1 DAGs
[2025-11-16T20:03:52.890+0000] {logging_mixin.py:190} INFO - [2025-11-16T20:03:52.890+0000] {dag.py:4180} INFO - Setting next_dagrun for example_dag_decorator to None, run_after=None
[2025-11-16T20:03:52.903+0000] {processor.py:208} INFO - Processing /home/airflow/.local/lib/python3.12/site-packages/airflow/example_dags/example_dag_decorator.py took 0.276 seconds
[2025-11-16T20:04:23.672+0000] {processor.py:186} INFO - Started process (PID=6422) to work on /home/airflow/.local/lib/python3.12/site-packages/airflow/example_dags/example_dag_decorator.py
[2025-11-16T20:04:23.673+0000] {processor.py:914} INFO - Processing file /home/airflow/.local/lib/python3.12/site-packages/airflow/example_dags/example_dag_decorator.py for tasks to queue
[2025-11-16T20:04:23.674+0000] {logging_mixin.py:190} INFO - [2025-11-16T20:04:23.674+0000] {dagbag.py:588} INFO - Filling up the DagBag from /home/airflow/.local/lib/python3.12/site-packages/airflow/example_dags/example_dag_decorator.py
[2025-11-16T20:04:23.788+0000] {processor.py:925} INFO - DAG(s) 'example_dag_decorator' retrieved from /home/airflow/.local/lib/python3.12/site-packages/airflow/example_dags/example_dag_decorator.py
[2025-11-16T20:04:23.915+0000] {logging_mixin.py:190} INFO - [2025-11-16T20:04:23.915+0000] {dag.py:3239} INFO - Sync 1 DAGs
[2025-11-16T20:04:23.925+0000] {logging_mixin.py:190} INFO - [2025-11-16T20:04:23.925+0000] {dag.py:4180} INFO - Setting next_dagrun for example_dag_decorator to None, run_after=None
[2025-11-16T20:04:23.939+0000] {processor.py:208} INFO - Processing /home/airflow/.local/lib/python3.12/site-packages/airflow/example_dags/example_dag_decorator.py took 0.272 seconds
[2025-11-16T20:04:54.716+0000] {processor.py:186} INFO - Started process (PID=6494) to work on /home/airflow/.local/lib/python3.12/site-packages/airflow/example_dags/example_dag_decorator.py
[2025-11-16T20:04:54.717+0000] {processor.py:914} INFO - Processing file /home/airflow/.local/lib/python3.12/site-packages/airflow/example_dags/example_dag_decorator.py for tasks to queue
[2025-11-16T20:04:54.718+0000] {logging_mixin.py:190} INFO - [2025-11-16T20:04:54.718+0000] {dagbag.py:588} INFO - Filling up the DagBag from /home/airflow/.local/lib/python3.12/site-packages/airflow/example_dags/example_dag_decorator.py
[2025-11-16T20:04:54.805+0000] {processor.py:925} INFO - DAG(s) 'example_dag_decorator' retrieved from /home/airflow/.local/lib/python3.12/site-packages/airflow/example_dags/example_dag_decorator.py
[2025-11-16T20:04:54.901+0000] {logging_mixin.py:190} INFO - [2025-11-16T20:04:54.901+0000] {dag.py:3239} INFO - Sync 1 DAGs
[2025-11-16T20:04:54.910+0000] {logging_mixin.py:190} INFO - [2025-11-16T20:04:54.910+0000] {dag.py:4180} INFO - Setting next_dagrun for example_dag_decorator to None, run_after=None
[2025-11-16T20:04:54.923+0000] {processor.py:208} INFO - Processing /home/airflow/.local/lib/python3.12/site-packages/airflow/example_dags/example_dag_decorator.py took 0.211 seconds
[2025-11-16T20:05:25.517+0000] {processor.py:186} INFO - Started process (PID=6564) to work on /home/airflow/.local/lib/python3.12/site-packages/airflow/example_dags/example_dag_decorator.py
[2025-11-16T20:05:25.518+0000] {processor.py:914} INFO - Processing file /home/airflow/.local/lib/python3.12/site-packages/airflow/example_dags/example_dag_decorator.py for tasks to queue
[2025-11-16T20:05:25.519+0000] {logging_mixin.py:190} INFO - [2025-11-16T20:05:25.519+0000] {dagbag.py:588} INFO - Filling up the DagBag from /home/airflow/.local/lib/python3.12/site-packages/airflow/example_dags/example_dag_decorator.py
[2025-11-16T20:05:25.592+0000] {processor.py:925} INFO - DAG(s) 'example_dag_decorator' retrieved from /home/airflow/.local/lib/python3.12/site-packages/airflow/example_dags/example_dag_decorator.py
[2025-11-16T20:05:25.670+0000] {logging_mixin.py:190} INFO - [2025-11-16T20:05:25.670+0000] {dag.py:3239} INFO - Sync 1 DAGs
[2025-11-16T20:05:25.680+0000] {logging_mixin.py:190} INFO - [2025-11-16T20:05:25.680+0000] {dag.py:4180} INFO - Setting next_dagrun for example_dag_decorator to None, run_after=None
[2025-11-16T20:05:25.694+0000] {processor.py:208} INFO - Processing /home/airflow/.local/lib/python3.12/site-packages/airflow/example_dags/example_dag_decorator.py took 0.182 seconds
[2025-11-16T20:05:56.895+0000] {processor.py:186} INFO - Started process (PID=6629) to work on /home/airflow/.local/lib/python3.12/site-packages/airflow/example_dags/example_dag_decorator.py
[2025-11-16T20:05:56.896+0000] {processor.py:914} INFO - Processing file /home/airflow/.local/lib/python3.12/site-packages/airflow/example_dags/example_dag_decorator.py for tasks to queue
[2025-11-16T20:05:56.897+0000] {logging_mixin.py:190} INFO - [2025-11-16T20:05:56.897+0000] {dagbag.py:588} INFO - Filling up the DagBag from /home/airflow/.local/lib/python3.12/site-packages/airflow/example_dags/example_dag_decorator.py
[2025-11-16T20:05:57.041+0000] {processor.py:925} INFO - DAG(s) 'example_dag_decorator' retrieved from /home/airflow/.local/lib/python3.12/site-packages/airflow/example_dags/example_dag_decorator.py
[2025-11-16T20:05:57.196+0000] {logging_mixin.py:190} INFO - [2025-11-16T20:05:57.195+0000] {dag.py:3239} INFO - Sync 1 DAGs
[2025-11-16T20:05:57.205+0000] {logging_mixin.py:190} INFO - [2025-11-16T20:05:57.204+0000] {dag.py:4180} INFO - Setting next_dagrun for example_dag_decorator to None, run_after=None
[2025-11-16T20:05:57.221+0000] {processor.py:208} INFO - Processing /home/airflow/.local/lib/python3.12/site-packages/airflow/example_dags/example_dag_decorator.py took 0.330 seconds
[2025-11-16T20:06:28.711+0000] {processor.py:186} INFO - Started process (PID=6694) to work on /home/airflow/.local/lib/python3.12/site-packages/airflow/example_dags/example_dag_decorator.py
[2025-11-16T20:06:28.712+0000] {processor.py:914} INFO - Processing file /home/airflow/.local/lib/python3.12/site-packages/airflow/example_dags/example_dag_decorator.py for tasks to queue
[2025-11-16T20:06:28.713+0000] {logging_mixin.py:190} INFO - [2025-11-16T20:06:28.713+0000] {dagbag.py:588} INFO - Filling up the DagBag from /home/airflow/.local/lib/python3.12/site-packages/airflow/example_dags/example_dag_decorator.py
[2025-11-16T20:06:28.783+0000] {processor.py:925} INFO - DAG(s) 'example_dag_decorator' retrieved from /home/airflow/.local/lib/python3.12/site-packages/airflow/example_dags/example_dag_decorator.py
[2025-11-16T20:06:28.864+0000] {logging_mixin.py:190} INFO - [2025-11-16T20:06:28.864+0000] {dag.py:3239} INFO - Sync 1 DAGs
[2025-11-16T20:06:28.874+0000] {logging_mixin.py:190} INFO - [2025-11-16T20:06:28.874+0000] {dag.py:4180} INFO - Setting next_dagrun for example_dag_decorator to None, run_after=None
[2025-11-16T20:06:28.889+0000] {processor.py:208} INFO - Processing /home/airflow/.local/lib/python3.12/site-packages/airflow/example_dags/example_dag_decorator.py took 0.183 seconds
[2025-11-16T20:07:00.918+0000] {processor.py:186} INFO - Started process (PID=6759) to work on /home/airflow/.local/lib/python3.12/site-packages/airflow/example_dags/example_dag_decorator.py
[2025-11-16T20:07:00.919+0000] {processor.py:914} INFO - Processing file /home/airflow/.local/lib/python3.12/site-packages/airflow/example_dags/example_dag_decorator.py for tasks to queue
[2025-11-16T20:07:00.923+0000] {logging_mixin.py:190} INFO - [2025-11-16T20:07:00.923+0000] {dagbag.py:588} INFO - Filling up the DagBag from /home/airflow/.local/lib/python3.12/site-packages/airflow/example_dags/example_dag_decorator.py
[2025-11-16T20:07:01.007+0000] {processor.py:925} INFO - DAG(s) 'example_dag_decorator' retrieved from /home/airflow/.local/lib/python3.12/site-packages/airflow/example_dags/example_dag_decorator.py
[2025-11-16T20:07:01.085+0000] {logging_mixin.py:190} INFO - [2025-11-16T20:07:01.085+0000] {dag.py:3239} INFO - Sync 1 DAGs
[2025-11-16T20:07:01.094+0000] {logging_mixin.py:190} INFO - [2025-11-16T20:07:01.094+0000] {dag.py:4180} INFO - Setting next_dagrun for example_dag_decorator to None, run_after=None
[2025-11-16T20:07:01.113+0000] {processor.py:208} INFO - Processing /home/airflow/.local/lib/python3.12/site-packages/airflow/example_dags/example_dag_decorator.py took 0.200 seconds
[2025-11-16T20:07:31.647+0000] {processor.py:186} INFO - Started process (PID=6824) to work on /home/airflow/.local/lib/python3.12/site-packages/airflow/example_dags/example_dag_decorator.py
[2025-11-16T20:07:31.649+0000] {processor.py:914} INFO - Processing file /home/airflow/.local/lib/python3.12/site-packages/airflow/example_dags/example_dag_decorator.py for tasks to queue
[2025-11-16T20:07:31.651+0000] {logging_mixin.py:190} INFO - [2025-11-16T20:07:31.650+0000] {dagbag.py:588} INFO - Filling up the DagBag from /home/airflow/.local/lib/python3.12/site-packages/airflow/example_dags/example_dag_decorator.py
[2025-11-16T20:07:31.728+0000] {processor.py:925} INFO - DAG(s) 'example_dag_decorator' retrieved from /home/airflow/.local/lib/python3.12/site-packages/airflow/example_dags/example_dag_decorator.py
[2025-11-16T20:07:31.813+0000] {logging_mixin.py:190} INFO - [2025-11-16T20:07:31.813+0000] {dag.py:3239} INFO - Sync 1 DAGs
[2025-11-16T20:07:31.822+0000] {logging_mixin.py:190} INFO - [2025-11-16T20:07:31.822+0000] {dag.py:4180} INFO - Setting next_dagrun for example_dag_decorator to None, run_after=None
[2025-11-16T20:07:31.837+0000] {processor.py:208} INFO - Processing /home/airflow/.local/lib/python3.12/site-packages/airflow/example_dags/example_dag_decorator.py took 0.194 seconds
[2025-11-16T20:08:02.514+0000] {processor.py:186} INFO - Started process (PID=6889) to work on /home/airflow/.local/lib/python3.12/site-packages/airflow/example_dags/example_dag_decorator.py
[2025-11-16T20:08:02.516+0000] {processor.py:914} INFO - Processing file /home/airflow/.local/lib/python3.12/site-packages/airflow/example_dags/example_dag_decorator.py for tasks to queue
[2025-11-16T20:08:02.517+0000] {logging_mixin.py:190} INFO - [2025-11-16T20:08:02.517+0000] {dagbag.py:588} INFO - Filling up the DagBag from /home/airflow/.local/lib/python3.12/site-packages/airflow/example_dags/example_dag_decorator.py
[2025-11-16T20:08:02.677+0000] {processor.py:925} INFO - DAG(s) 'example_dag_decorator' retrieved from /home/airflow/.local/lib/python3.12/site-packages/airflow/example_dags/example_dag_decorator.py
[2025-11-16T20:08:02.804+0000] {logging_mixin.py:190} INFO - [2025-11-16T20:08:02.804+0000] {dag.py:3239} INFO - Sync 1 DAGs
[2025-11-16T20:08:02.813+0000] {logging_mixin.py:190} INFO - [2025-11-16T20:08:02.813+0000] {dag.py:4180} INFO - Setting next_dagrun for example_dag_decorator to None, run_after=None
[2025-11-16T20:08:02.828+0000] {processor.py:208} INFO - Processing /home/airflow/.local/lib/python3.12/site-packages/airflow/example_dags/example_dag_decorator.py took 0.319 seconds
[2025-11-16T20:08:33.586+0000] {processor.py:186} INFO - Started process (PID=6954) to work on /home/airflow/.local/lib/python3.12/site-packages/airflow/example_dags/example_dag_decorator.py
[2025-11-16T20:08:33.587+0000] {processor.py:914} INFO - Processing file /home/airflow/.local/lib/python3.12/site-packages/airflow/example_dags/example_dag_decorator.py for tasks to queue
[2025-11-16T20:08:33.588+0000] {logging_mixin.py:190} INFO - [2025-11-16T20:08:33.588+0000] {dagbag.py:588} INFO - Filling up the DagBag from /home/airflow/.local/lib/python3.12/site-packages/airflow/example_dags/example_dag_decorator.py
[2025-11-16T20:08:33.729+0000] {processor.py:925} INFO - DAG(s) 'example_dag_decorator' retrieved from /home/airflow/.local/lib/python3.12/site-packages/airflow/example_dags/example_dag_decorator.py
[2025-11-16T20:08:33.888+0000] {logging_mixin.py:190} INFO - [2025-11-16T20:08:33.888+0000] {dag.py:3239} INFO - Sync 1 DAGs
[2025-11-16T20:08:33.900+0000] {logging_mixin.py:190} INFO - [2025-11-16T20:08:33.899+0000] {dag.py:4180} INFO - Setting next_dagrun for example_dag_decorator to None, run_after=None
[2025-11-16T20:08:33.918+0000] {processor.py:208} INFO - Processing /home/airflow/.local/lib/python3.12/site-packages/airflow/example_dags/example_dag_decorator.py took 0.337 seconds
[2025-11-16T20:09:04.378+0000] {processor.py:186} INFO - Started process (PID=7017) to work on /home/airflow/.local/lib/python3.12/site-packages/airflow/example_dags/example_dag_decorator.py
[2025-11-16T20:09:04.379+0000] {processor.py:914} INFO - Processing file /home/airflow/.local/lib/python3.12/site-packages/airflow/example_dags/example_dag_decorator.py for tasks to queue
[2025-11-16T20:09:04.380+0000] {logging_mixin.py:190} INFO - [2025-11-16T20:09:04.380+0000] {dagbag.py:588} INFO - Filling up the DagBag from /home/airflow/.local/lib/python3.12/site-packages/airflow/example_dags/example_dag_decorator.py
[2025-11-16T20:09:04.497+0000] {processor.py:925} INFO - DAG(s) 'example_dag_decorator' retrieved from /home/airflow/.local/lib/python3.12/site-packages/airflow/example_dags/example_dag_decorator.py
[2025-11-16T20:09:04.618+0000] {logging_mixin.py:190} INFO - [2025-11-16T20:09:04.618+0000] {dag.py:3239} INFO - Sync 1 DAGs
[2025-11-16T20:09:04.628+0000] {logging_mixin.py:190} INFO - [2025-11-16T20:09:04.628+0000] {dag.py:4180} INFO - Setting next_dagrun for example_dag_decorator to None, run_after=None
[2025-11-16T20:09:04.645+0000] {processor.py:208} INFO - Processing /home/airflow/.local/lib/python3.12/site-packages/airflow/example_dags/example_dag_decorator.py took 0.271 seconds
[2025-11-16T20:09:35.616+0000] {processor.py:186} INFO - Started process (PID=7082) to work on /home/airflow/.local/lib/python3.12/site-packages/airflow/example_dags/example_dag_decorator.py
[2025-11-16T20:09:35.617+0000] {processor.py:914} INFO - Processing file /home/airflow/.local/lib/python3.12/site-packages/airflow/example_dags/example_dag_decorator.py for tasks to queue
[2025-11-16T20:09:35.618+0000] {logging_mixin.py:190} INFO - [2025-11-16T20:09:35.618+0000] {dagbag.py:588} INFO - Filling up the DagBag from /home/airflow/.local/lib/python3.12/site-packages/airflow/example_dags/example_dag_decorator.py
[2025-11-16T20:09:35.755+0000] {processor.py:925} INFO - DAG(s) 'example_dag_decorator' retrieved from /home/airflow/.local/lib/python3.12/site-packages/airflow/example_dags/example_dag_decorator.py
[2025-11-16T20:09:35.888+0000] {logging_mixin.py:190} INFO - [2025-11-16T20:09:35.888+0000] {dag.py:3239} INFO - Sync 1 DAGs
[2025-11-16T20:09:35.898+0000] {logging_mixin.py:190} INFO - [2025-11-16T20:09:35.897+0000] {dag.py:4180} INFO - Setting next_dagrun for example_dag_decorator to None, run_after=None
[2025-11-16T20:09:35.912+0000] {processor.py:208} INFO - Processing /home/airflow/.local/lib/python3.12/site-packages/airflow/example_dags/example_dag_decorator.py took 0.301 seconds
[2025-11-16T20:24:02.135+0000] {processor.py:186} INFO - Started process (PID=89) to work on /home/airflow/.local/lib/python3.12/site-packages/airflow/example_dags/example_dag_decorator.py
[2025-11-16T20:24:02.137+0000] {processor.py:914} INFO - Processing file /home/airflow/.local/lib/python3.12/site-packages/airflow/example_dags/example_dag_decorator.py for tasks to queue
[2025-11-16T20:24:02.139+0000] {logging_mixin.py:190} INFO - [2025-11-16T20:24:02.139+0000] {dagbag.py:588} INFO - Filling up the DagBag from /home/airflow/.local/lib/python3.12/site-packages/airflow/example_dags/example_dag_decorator.py
[2025-11-16T20:24:02.297+0000] {processor.py:925} INFO - DAG(s) 'example_dag_decorator' retrieved from /home/airflow/.local/lib/python3.12/site-packages/airflow/example_dags/example_dag_decorator.py
[2025-11-16T20:24:02.370+0000] {logging_mixin.py:190} INFO - [2025-11-16T20:24:02.370+0000] {dag.py:3239} INFO - Sync 1 DAGs
[2025-11-16T20:24:02.379+0000] {logging_mixin.py:190} INFO - [2025-11-16T20:24:02.379+0000] {dag.py:4180} INFO - Setting next_dagrun for example_dag_decorator to None, run_after=None
[2025-11-16T20:24:02.394+0000] {processor.py:208} INFO - Processing /home/airflow/.local/lib/python3.12/site-packages/airflow/example_dags/example_dag_decorator.py took 0.263 seconds
[2025-11-16T20:24:32.959+0000] {processor.py:186} INFO - Started process (PID=173) to work on /home/airflow/.local/lib/python3.12/site-packages/airflow/example_dags/example_dag_decorator.py
[2025-11-16T20:24:32.961+0000] {processor.py:914} INFO - Processing file /home/airflow/.local/lib/python3.12/site-packages/airflow/example_dags/example_dag_decorator.py for tasks to queue
[2025-11-16T20:24:32.962+0000] {logging_mixin.py:190} INFO - [2025-11-16T20:24:32.962+0000] {dagbag.py:588} INFO - Filling up the DagBag from /home/airflow/.local/lib/python3.12/site-packages/airflow/example_dags/example_dag_decorator.py
[2025-11-16T20:24:33.030+0000] {processor.py:925} INFO - DAG(s) 'example_dag_decorator' retrieved from /home/airflow/.local/lib/python3.12/site-packages/airflow/example_dags/example_dag_decorator.py
[2025-11-16T20:24:33.049+0000] {logging_mixin.py:190} INFO - [2025-11-16T20:24:33.049+0000] {dag.py:3239} INFO - Sync 1 DAGs
[2025-11-16T20:24:33.059+0000] {logging_mixin.py:190} INFO - [2025-11-16T20:24:33.059+0000] {dag.py:4180} INFO - Setting next_dagrun for example_dag_decorator to None, run_after=None
[2025-11-16T20:24:33.072+0000] {processor.py:208} INFO - Processing /home/airflow/.local/lib/python3.12/site-packages/airflow/example_dags/example_dag_decorator.py took 0.117 seconds
[2025-11-16T20:25:04.079+0000] {processor.py:186} INFO - Started process (PID=238) to work on /home/airflow/.local/lib/python3.12/site-packages/airflow/example_dags/example_dag_decorator.py
[2025-11-16T20:25:04.080+0000] {processor.py:914} INFO - Processing file /home/airflow/.local/lib/python3.12/site-packages/airflow/example_dags/example_dag_decorator.py for tasks to queue
[2025-11-16T20:25:04.083+0000] {logging_mixin.py:190} INFO - [2025-11-16T20:25:04.082+0000] {dagbag.py:588} INFO - Filling up the DagBag from /home/airflow/.local/lib/python3.12/site-packages/airflow/example_dags/example_dag_decorator.py
[2025-11-16T20:25:04.158+0000] {processor.py:925} INFO - DAG(s) 'example_dag_decorator' retrieved from /home/airflow/.local/lib/python3.12/site-packages/airflow/example_dags/example_dag_decorator.py
[2025-11-16T20:25:04.238+0000] {logging_mixin.py:190} INFO - [2025-11-16T20:25:04.237+0000] {dag.py:3239} INFO - Sync 1 DAGs
[2025-11-16T20:25:04.246+0000] {logging_mixin.py:190} INFO - [2025-11-16T20:25:04.246+0000] {dag.py:4180} INFO - Setting next_dagrun for example_dag_decorator to None, run_after=None
[2025-11-16T20:25:04.271+0000] {processor.py:208} INFO - Processing /home/airflow/.local/lib/python3.12/site-packages/airflow/example_dags/example_dag_decorator.py took 0.196 seconds
[2025-11-16T20:25:35.742+0000] {processor.py:186} INFO - Started process (PID=303) to work on /home/airflow/.local/lib/python3.12/site-packages/airflow/example_dags/example_dag_decorator.py
[2025-11-16T20:25:35.744+0000] {processor.py:914} INFO - Processing file /home/airflow/.local/lib/python3.12/site-packages/airflow/example_dags/example_dag_decorator.py for tasks to queue
[2025-11-16T20:25:35.749+0000] {logging_mixin.py:190} INFO - [2025-11-16T20:25:35.748+0000] {dagbag.py:588} INFO - Filling up the DagBag from /home/airflow/.local/lib/python3.12/site-packages/airflow/example_dags/example_dag_decorator.py
[2025-11-16T20:25:35.853+0000] {processor.py:925} INFO - DAG(s) 'example_dag_decorator' retrieved from /home/airflow/.local/lib/python3.12/site-packages/airflow/example_dags/example_dag_decorator.py
[2025-11-16T20:25:35.936+0000] {logging_mixin.py:190} INFO - [2025-11-16T20:25:35.936+0000] {dag.py:3239} INFO - Sync 1 DAGs
[2025-11-16T20:25:35.946+0000] {logging_mixin.py:190} INFO - [2025-11-16T20:25:35.946+0000] {dag.py:4180} INFO - Setting next_dagrun for example_dag_decorator to None, run_after=None
[2025-11-16T20:25:35.989+0000] {processor.py:208} INFO - Processing /home/airflow/.local/lib/python3.12/site-packages/airflow/example_dags/example_dag_decorator.py took 0.252 seconds
[2025-11-16T20:26:06.331+0000] {processor.py:186} INFO - Started process (PID=368) to work on /home/airflow/.local/lib/python3.12/site-packages/airflow/example_dags/example_dag_decorator.py
[2025-11-16T20:26:06.332+0000] {processor.py:914} INFO - Processing file /home/airflow/.local/lib/python3.12/site-packages/airflow/example_dags/example_dag_decorator.py for tasks to queue
[2025-11-16T20:26:06.334+0000] {logging_mixin.py:190} INFO - [2025-11-16T20:26:06.334+0000] {dagbag.py:588} INFO - Filling up the DagBag from /home/airflow/.local/lib/python3.12/site-packages/airflow/example_dags/example_dag_decorator.py
[2025-11-16T20:26:06.408+0000] {processor.py:925} INFO - DAG(s) 'example_dag_decorator' retrieved from /home/airflow/.local/lib/python3.12/site-packages/airflow/example_dags/example_dag_decorator.py
[2025-11-16T20:26:06.483+0000] {logging_mixin.py:190} INFO - [2025-11-16T20:26:06.483+0000] {dag.py:3239} INFO - Sync 1 DAGs
[2025-11-16T20:26:06.492+0000] {logging_mixin.py:190} INFO - [2025-11-16T20:26:06.492+0000] {dag.py:4180} INFO - Setting next_dagrun for example_dag_decorator to None, run_after=None
[2025-11-16T20:26:06.508+0000] {processor.py:208} INFO - Processing /home/airflow/.local/lib/python3.12/site-packages/airflow/example_dags/example_dag_decorator.py took 0.182 seconds
[2025-11-16T20:26:37.857+0000] {processor.py:186} INFO - Started process (PID=433) to work on /home/airflow/.local/lib/python3.12/site-packages/airflow/example_dags/example_dag_decorator.py
[2025-11-16T20:26:37.859+0000] {processor.py:914} INFO - Processing file /home/airflow/.local/lib/python3.12/site-packages/airflow/example_dags/example_dag_decorator.py for tasks to queue
[2025-11-16T20:26:37.863+0000] {logging_mixin.py:190} INFO - [2025-11-16T20:26:37.862+0000] {dagbag.py:588} INFO - Filling up the DagBag from /home/airflow/.local/lib/python3.12/site-packages/airflow/example_dags/example_dag_decorator.py
[2025-11-16T20:26:37.945+0000] {processor.py:925} INFO - DAG(s) 'example_dag_decorator' retrieved from /home/airflow/.local/lib/python3.12/site-packages/airflow/example_dags/example_dag_decorator.py
[2025-11-16T20:26:38.020+0000] {logging_mixin.py:190} INFO - [2025-11-16T20:26:38.020+0000] {dag.py:3239} INFO - Sync 1 DAGs
[2025-11-16T20:26:38.029+0000] {logging_mixin.py:190} INFO - [2025-11-16T20:26:38.029+0000] {dag.py:4180} INFO - Setting next_dagrun for example_dag_decorator to None, run_after=None
[2025-11-16T20:26:38.043+0000] {processor.py:208} INFO - Processing /home/airflow/.local/lib/python3.12/site-packages/airflow/example_dags/example_dag_decorator.py took 0.190 seconds
[2025-11-16T20:27:08.776+0000] {processor.py:186} INFO - Started process (PID=497) to work on /home/airflow/.local/lib/python3.12/site-packages/airflow/example_dags/example_dag_decorator.py
[2025-11-16T20:27:08.777+0000] {processor.py:914} INFO - Processing file /home/airflow/.local/lib/python3.12/site-packages/airflow/example_dags/example_dag_decorator.py for tasks to queue
[2025-11-16T20:27:08.779+0000] {logging_mixin.py:190} INFO - [2025-11-16T20:27:08.779+0000] {dagbag.py:588} INFO - Filling up the DagBag from /home/airflow/.local/lib/python3.12/site-packages/airflow/example_dags/example_dag_decorator.py
[2025-11-16T20:27:08.850+0000] {processor.py:925} INFO - DAG(s) 'example_dag_decorator' retrieved from /home/airflow/.local/lib/python3.12/site-packages/airflow/example_dags/example_dag_decorator.py
[2025-11-16T20:27:08.941+0000] {logging_mixin.py:190} INFO - [2025-11-16T20:27:08.941+0000] {dag.py:3239} INFO - Sync 1 DAGs
[2025-11-16T20:27:08.950+0000] {logging_mixin.py:190} INFO - [2025-11-16T20:27:08.950+0000] {dag.py:4180} INFO - Setting next_dagrun for example_dag_decorator to None, run_after=None
[2025-11-16T20:27:08.963+0000] {processor.py:208} INFO - Processing /home/airflow/.local/lib/python3.12/site-packages/airflow/example_dags/example_dag_decorator.py took 0.191 seconds
[2025-11-16T20:27:40.036+0000] {processor.py:186} INFO - Started process (PID=562) to work on /home/airflow/.local/lib/python3.12/site-packages/airflow/example_dags/example_dag_decorator.py
[2025-11-16T20:27:40.037+0000] {processor.py:914} INFO - Processing file /home/airflow/.local/lib/python3.12/site-packages/airflow/example_dags/example_dag_decorator.py for tasks to queue
[2025-11-16T20:27:40.039+0000] {logging_mixin.py:190} INFO - [2025-11-16T20:27:40.039+0000] {dagbag.py:588} INFO - Filling up the DagBag from /home/airflow/.local/lib/python3.12/site-packages/airflow/example_dags/example_dag_decorator.py
[2025-11-16T20:27:40.113+0000] {processor.py:925} INFO - DAG(s) 'example_dag_decorator' retrieved from /home/airflow/.local/lib/python3.12/site-packages/airflow/example_dags/example_dag_decorator.py
[2025-11-16T20:27:40.186+0000] {logging_mixin.py:190} INFO - [2025-11-16T20:27:40.185+0000] {dag.py:3239} INFO - Sync 1 DAGs
[2025-11-16T20:27:40.194+0000] {logging_mixin.py:190} INFO - [2025-11-16T20:27:40.193+0000] {dag.py:4180} INFO - Setting next_dagrun for example_dag_decorator to None, run_after=None
[2025-11-16T20:27:40.209+0000] {processor.py:208} INFO - Processing /home/airflow/.local/lib/python3.12/site-packages/airflow/example_dags/example_dag_decorator.py took 0.178 seconds
[2025-11-16T20:28:11.134+0000] {processor.py:186} INFO - Started process (PID=627) to work on /home/airflow/.local/lib/python3.12/site-packages/airflow/example_dags/example_dag_decorator.py
[2025-11-16T20:28:11.135+0000] {processor.py:914} INFO - Processing file /home/airflow/.local/lib/python3.12/site-packages/airflow/example_dags/example_dag_decorator.py for tasks to queue
[2025-11-16T20:28:11.137+0000] {logging_mixin.py:190} INFO - [2025-11-16T20:28:11.137+0000] {dagbag.py:588} INFO - Filling up the DagBag from /home/airflow/.local/lib/python3.12/site-packages/airflow/example_dags/example_dag_decorator.py
[2025-11-16T20:28:11.204+0000] {processor.py:925} INFO - DAG(s) 'example_dag_decorator' retrieved from /home/airflow/.local/lib/python3.12/site-packages/airflow/example_dags/example_dag_decorator.py
[2025-11-16T20:28:11.272+0000] {logging_mixin.py:190} INFO - [2025-11-16T20:28:11.272+0000] {dag.py:3239} INFO - Sync 1 DAGs
[2025-11-16T20:28:11.279+0000] {logging_mixin.py:190} INFO - [2025-11-16T20:28:11.279+0000] {dag.py:4180} INFO - Setting next_dagrun for example_dag_decorator to None, run_after=None
[2025-11-16T20:28:11.292+0000] {processor.py:208} INFO - Processing /home/airflow/.local/lib/python3.12/site-packages/airflow/example_dags/example_dag_decorator.py took 0.162 seconds
[2025-11-16T20:28:42.139+0000] {processor.py:186} INFO - Started process (PID=692) to work on /home/airflow/.local/lib/python3.12/site-packages/airflow/example_dags/example_dag_decorator.py
[2025-11-16T20:28:42.140+0000] {processor.py:914} INFO - Processing file /home/airflow/.local/lib/python3.12/site-packages/airflow/example_dags/example_dag_decorator.py for tasks to queue
[2025-11-16T20:28:42.143+0000] {logging_mixin.py:190} INFO - [2025-11-16T20:28:42.142+0000] {dagbag.py:588} INFO - Filling up the DagBag from /home/airflow/.local/lib/python3.12/site-packages/airflow/example_dags/example_dag_decorator.py
[2025-11-16T20:28:42.211+0000] {processor.py:925} INFO - DAG(s) 'example_dag_decorator' retrieved from /home/airflow/.local/lib/python3.12/site-packages/airflow/example_dags/example_dag_decorator.py
[2025-11-16T20:28:42.294+0000] {logging_mixin.py:190} INFO - [2025-11-16T20:28:42.293+0000] {dag.py:3239} INFO - Sync 1 DAGs
[2025-11-16T20:28:42.302+0000] {logging_mixin.py:190} INFO - [2025-11-16T20:28:42.301+0000] {dag.py:4180} INFO - Setting next_dagrun for example_dag_decorator to None, run_after=None
[2025-11-16T20:28:42.319+0000] {processor.py:208} INFO - Processing /home/airflow/.local/lib/python3.12/site-packages/airflow/example_dags/example_dag_decorator.py took 0.184 seconds
[2025-11-16T20:29:12.990+0000] {processor.py:186} INFO - Started process (PID=757) to work on /home/airflow/.local/lib/python3.12/site-packages/airflow/example_dags/example_dag_decorator.py
[2025-11-16T20:29:12.991+0000] {processor.py:914} INFO - Processing file /home/airflow/.local/lib/python3.12/site-packages/airflow/example_dags/example_dag_decorator.py for tasks to queue
[2025-11-16T20:29:12.994+0000] {logging_mixin.py:190} INFO - [2025-11-16T20:29:12.993+0000] {dagbag.py:588} INFO - Filling up the DagBag from /home/airflow/.local/lib/python3.12/site-packages/airflow/example_dags/example_dag_decorator.py
[2025-11-16T20:29:13.078+0000] {processor.py:925} INFO - DAG(s) 'example_dag_decorator' retrieved from /home/airflow/.local/lib/python3.12/site-packages/airflow/example_dags/example_dag_decorator.py
[2025-11-16T20:29:13.162+0000] {logging_mixin.py:190} INFO - [2025-11-16T20:29:13.161+0000] {dag.py:3239} INFO - Sync 1 DAGs
[2025-11-16T20:29:13.172+0000] {logging_mixin.py:190} INFO - [2025-11-16T20:29:13.171+0000] {dag.py:4180} INFO - Setting next_dagrun for example_dag_decorator to None, run_after=None
[2025-11-16T20:29:13.201+0000] {processor.py:208} INFO - Processing /home/airflow/.local/lib/python3.12/site-packages/airflow/example_dags/example_dag_decorator.py took 0.216 seconds
[2025-11-16T20:29:43.415+0000] {processor.py:186} INFO - Started process (PID=821) to work on /home/airflow/.local/lib/python3.12/site-packages/airflow/example_dags/example_dag_decorator.py
[2025-11-16T20:29:43.416+0000] {processor.py:914} INFO - Processing file /home/airflow/.local/lib/python3.12/site-packages/airflow/example_dags/example_dag_decorator.py for tasks to queue
[2025-11-16T20:29:43.418+0000] {logging_mixin.py:190} INFO - [2025-11-16T20:29:43.418+0000] {dagbag.py:588} INFO - Filling up the DagBag from /home/airflow/.local/lib/python3.12/site-packages/airflow/example_dags/example_dag_decorator.py
[2025-11-16T20:29:43.486+0000] {processor.py:925} INFO - DAG(s) 'example_dag_decorator' retrieved from /home/airflow/.local/lib/python3.12/site-packages/airflow/example_dags/example_dag_decorator.py
[2025-11-16T20:29:43.559+0000] {logging_mixin.py:190} INFO - [2025-11-16T20:29:43.559+0000] {dag.py:3239} INFO - Sync 1 DAGs
[2025-11-16T20:29:43.569+0000] {logging_mixin.py:190} INFO - [2025-11-16T20:29:43.568+0000] {dag.py:4180} INFO - Setting next_dagrun for example_dag_decorator to None, run_after=None
[2025-11-16T20:29:43.584+0000] {processor.py:208} INFO - Processing /home/airflow/.local/lib/python3.12/site-packages/airflow/example_dags/example_dag_decorator.py took 0.173 seconds
[2025-11-16T20:30:14.973+0000] {processor.py:186} INFO - Started process (PID=886) to work on /home/airflow/.local/lib/python3.12/site-packages/airflow/example_dags/example_dag_decorator.py
[2025-11-16T20:30:14.974+0000] {processor.py:914} INFO - Processing file /home/airflow/.local/lib/python3.12/site-packages/airflow/example_dags/example_dag_decorator.py for tasks to queue
[2025-11-16T20:30:14.977+0000] {logging_mixin.py:190} INFO - [2025-11-16T20:30:14.977+0000] {dagbag.py:588} INFO - Filling up the DagBag from /home/airflow/.local/lib/python3.12/site-packages/airflow/example_dags/example_dag_decorator.py
[2025-11-16T20:30:15.061+0000] {processor.py:925} INFO - DAG(s) 'example_dag_decorator' retrieved from /home/airflow/.local/lib/python3.12/site-packages/airflow/example_dags/example_dag_decorator.py
[2025-11-16T20:30:15.145+0000] {logging_mixin.py:190} INFO - [2025-11-16T20:30:15.145+0000] {dag.py:3239} INFO - Sync 1 DAGs
[2025-11-16T20:30:15.154+0000] {logging_mixin.py:190} INFO - [2025-11-16T20:30:15.154+0000] {dag.py:4180} INFO - Setting next_dagrun for example_dag_decorator to None, run_after=None
[2025-11-16T20:30:15.169+0000] {processor.py:208} INFO - Processing /home/airflow/.local/lib/python3.12/site-packages/airflow/example_dags/example_dag_decorator.py took 0.203 seconds
[2025-11-16T20:30:46.551+0000] {processor.py:186} INFO - Started process (PID=951) to work on /home/airflow/.local/lib/python3.12/site-packages/airflow/example_dags/example_dag_decorator.py
[2025-11-16T20:30:46.552+0000] {processor.py:914} INFO - Processing file /home/airflow/.local/lib/python3.12/site-packages/airflow/example_dags/example_dag_decorator.py for tasks to queue
[2025-11-16T20:30:46.555+0000] {logging_mixin.py:190} INFO - [2025-11-16T20:30:46.554+0000] {dagbag.py:588} INFO - Filling up the DagBag from /home/airflow/.local/lib/python3.12/site-packages/airflow/example_dags/example_dag_decorator.py
[2025-11-16T20:30:46.635+0000] {processor.py:925} INFO - DAG(s) 'example_dag_decorator' retrieved from /home/airflow/.local/lib/python3.12/site-packages/airflow/example_dags/example_dag_decorator.py
[2025-11-16T20:30:46.722+0000] {logging_mixin.py:190} INFO - [2025-11-16T20:30:46.722+0000] {dag.py:3239} INFO - Sync 1 DAGs
[2025-11-16T20:30:46.731+0000] {logging_mixin.py:190} INFO - [2025-11-16T20:30:46.731+0000] {dag.py:4180} INFO - Setting next_dagrun for example_dag_decorator to None, run_after=None
[2025-11-16T20:30:46.746+0000] {processor.py:208} INFO - Processing /home/airflow/.local/lib/python3.12/site-packages/airflow/example_dags/example_dag_decorator.py took 0.201 seconds
[2025-11-16T20:31:17.937+0000] {processor.py:186} INFO - Started process (PID=1016) to work on /home/airflow/.local/lib/python3.12/site-packages/airflow/example_dags/example_dag_decorator.py
[2025-11-16T20:31:17.938+0000] {processor.py:914} INFO - Processing file /home/airflow/.local/lib/python3.12/site-packages/airflow/example_dags/example_dag_decorator.py for tasks to queue
[2025-11-16T20:31:17.940+0000] {logging_mixin.py:190} INFO - [2025-11-16T20:31:17.939+0000] {dagbag.py:588} INFO - Filling up the DagBag from /home/airflow/.local/lib/python3.12/site-packages/airflow/example_dags/example_dag_decorator.py
[2025-11-16T20:31:18.004+0000] {processor.py:925} INFO - DAG(s) 'example_dag_decorator' retrieved from /home/airflow/.local/lib/python3.12/site-packages/airflow/example_dags/example_dag_decorator.py
[2025-11-16T20:31:18.075+0000] {logging_mixin.py:190} INFO - [2025-11-16T20:31:18.075+0000] {dag.py:3239} INFO - Sync 1 DAGs
[2025-11-16T20:31:18.082+0000] {logging_mixin.py:190} INFO - [2025-11-16T20:31:18.082+0000] {dag.py:4180} INFO - Setting next_dagrun for example_dag_decorator to None, run_after=None
[2025-11-16T20:31:18.096+0000] {processor.py:208} INFO - Processing /home/airflow/.local/lib/python3.12/site-packages/airflow/example_dags/example_dag_decorator.py took 0.163 seconds
[2025-11-16T20:31:48.570+0000] {processor.py:186} INFO - Started process (PID=1081) to work on /home/airflow/.local/lib/python3.12/site-packages/airflow/example_dags/example_dag_decorator.py
[2025-11-16T20:31:48.571+0000] {processor.py:914} INFO - Processing file /home/airflow/.local/lib/python3.12/site-packages/airflow/example_dags/example_dag_decorator.py for tasks to queue
[2025-11-16T20:31:48.573+0000] {logging_mixin.py:190} INFO - [2025-11-16T20:31:48.573+0000] {dagbag.py:588} INFO - Filling up the DagBag from /home/airflow/.local/lib/python3.12/site-packages/airflow/example_dags/example_dag_decorator.py
[2025-11-16T20:31:48.641+0000] {processor.py:925} INFO - DAG(s) 'example_dag_decorator' retrieved from /home/airflow/.local/lib/python3.12/site-packages/airflow/example_dags/example_dag_decorator.py
[2025-11-16T20:31:48.708+0000] {logging_mixin.py:190} INFO - [2025-11-16T20:31:48.708+0000] {dag.py:3239} INFO - Sync 1 DAGs
[2025-11-16T20:31:48.717+0000] {logging_mixin.py:190} INFO - [2025-11-16T20:31:48.717+0000] {dag.py:4180} INFO - Setting next_dagrun for example_dag_decorator to None, run_after=None
[2025-11-16T20:31:48.731+0000] {processor.py:208} INFO - Processing /home/airflow/.local/lib/python3.12/site-packages/airflow/example_dags/example_dag_decorator.py took 0.165 seconds
[2025-11-16T20:32:19.968+0000] {processor.py:186} INFO - Started process (PID=1146) to work on /home/airflow/.local/lib/python3.12/site-packages/airflow/example_dags/example_dag_decorator.py
[2025-11-16T20:32:19.969+0000] {processor.py:914} INFO - Processing file /home/airflow/.local/lib/python3.12/site-packages/airflow/example_dags/example_dag_decorator.py for tasks to queue
[2025-11-16T20:32:19.971+0000] {logging_mixin.py:190} INFO - [2025-11-16T20:32:19.971+0000] {dagbag.py:588} INFO - Filling up the DagBag from /home/airflow/.local/lib/python3.12/site-packages/airflow/example_dags/example_dag_decorator.py
[2025-11-16T20:32:20.043+0000] {processor.py:925} INFO - DAG(s) 'example_dag_decorator' retrieved from /home/airflow/.local/lib/python3.12/site-packages/airflow/example_dags/example_dag_decorator.py
[2025-11-16T20:32:20.115+0000] {logging_mixin.py:190} INFO - [2025-11-16T20:32:20.115+0000] {dag.py:3239} INFO - Sync 1 DAGs
[2025-11-16T20:32:20.124+0000] {logging_mixin.py:190} INFO - [2025-11-16T20:32:20.124+0000] {dag.py:4180} INFO - Setting next_dagrun for example_dag_decorator to None, run_after=None
[2025-11-16T20:32:20.138+0000] {processor.py:208} INFO - Processing /home/airflow/.local/lib/python3.12/site-packages/airflow/example_dags/example_dag_decorator.py took 0.174 seconds
[2025-11-16T20:32:50.996+0000] {processor.py:186} INFO - Started process (PID=1211) to work on /home/airflow/.local/lib/python3.12/site-packages/airflow/example_dags/example_dag_decorator.py
[2025-11-16T20:32:50.997+0000] {processor.py:914} INFO - Processing file /home/airflow/.local/lib/python3.12/site-packages/airflow/example_dags/example_dag_decorator.py for tasks to queue
[2025-11-16T20:32:50.999+0000] {logging_mixin.py:190} INFO - [2025-11-16T20:32:50.999+0000] {dagbag.py:588} INFO - Filling up the DagBag from /home/airflow/.local/lib/python3.12/site-packages/airflow/example_dags/example_dag_decorator.py
[2025-11-16T20:32:51.069+0000] {processor.py:925} INFO - DAG(s) 'example_dag_decorator' retrieved from /home/airflow/.local/lib/python3.12/site-packages/airflow/example_dags/example_dag_decorator.py
[2025-11-16T20:32:51.137+0000] {logging_mixin.py:190} INFO - [2025-11-16T20:32:51.137+0000] {dag.py:3239} INFO - Sync 1 DAGs
[2025-11-16T20:32:51.145+0000] {logging_mixin.py:190} INFO - [2025-11-16T20:32:51.145+0000] {dag.py:4180} INFO - Setting next_dagrun for example_dag_decorator to None, run_after=None
[2025-11-16T20:32:51.158+0000] {processor.py:208} INFO - Processing /home/airflow/.local/lib/python3.12/site-packages/airflow/example_dags/example_dag_decorator.py took 0.166 seconds
[2025-11-16T20:33:21.902+0000] {processor.py:186} INFO - Started process (PID=1276) to work on /home/airflow/.local/lib/python3.12/site-packages/airflow/example_dags/example_dag_decorator.py
[2025-11-16T20:33:21.904+0000] {processor.py:914} INFO - Processing file /home/airflow/.local/lib/python3.12/site-packages/airflow/example_dags/example_dag_decorator.py for tasks to queue
[2025-11-16T20:33:21.906+0000] {logging_mixin.py:190} INFO - [2025-11-16T20:33:21.906+0000] {dagbag.py:588} INFO - Filling up the DagBag from /home/airflow/.local/lib/python3.12/site-packages/airflow/example_dags/example_dag_decorator.py
[2025-11-16T20:33:21.972+0000] {processor.py:925} INFO - DAG(s) 'example_dag_decorator' retrieved from /home/airflow/.local/lib/python3.12/site-packages/airflow/example_dags/example_dag_decorator.py
[2025-11-16T20:33:22.038+0000] {logging_mixin.py:190} INFO - [2025-11-16T20:33:22.038+0000] {dag.py:3239} INFO - Sync 1 DAGs
[2025-11-16T20:33:22.046+0000] {logging_mixin.py:190} INFO - [2025-11-16T20:33:22.045+0000] {dag.py:4180} INFO - Setting next_dagrun for example_dag_decorator to None, run_after=None
[2025-11-16T20:33:22.058+0000] {processor.py:208} INFO - Processing /home/airflow/.local/lib/python3.12/site-packages/airflow/example_dags/example_dag_decorator.py took 0.160 seconds
[2025-11-16T20:33:53.032+0000] {processor.py:186} INFO - Started process (PID=1342) to work on /home/airflow/.local/lib/python3.12/site-packages/airflow/example_dags/example_dag_decorator.py
[2025-11-16T20:33:53.033+0000] {processor.py:914} INFO - Processing file /home/airflow/.local/lib/python3.12/site-packages/airflow/example_dags/example_dag_decorator.py for tasks to queue
[2025-11-16T20:33:53.035+0000] {logging_mixin.py:190} INFO - [2025-11-16T20:33:53.035+0000] {dagbag.py:588} INFO - Filling up the DagBag from /home/airflow/.local/lib/python3.12/site-packages/airflow/example_dags/example_dag_decorator.py
[2025-11-16T20:33:53.104+0000] {processor.py:925} INFO - DAG(s) 'example_dag_decorator' retrieved from /home/airflow/.local/lib/python3.12/site-packages/airflow/example_dags/example_dag_decorator.py
[2025-11-16T20:33:53.178+0000] {logging_mixin.py:190} INFO - [2025-11-16T20:33:53.178+0000] {dag.py:3239} INFO - Sync 1 DAGs
[2025-11-16T20:33:53.187+0000] {logging_mixin.py:190} INFO - [2025-11-16T20:33:53.187+0000] {dag.py:4180} INFO - Setting next_dagrun for example_dag_decorator to None, run_after=None
[2025-11-16T20:33:53.201+0000] {processor.py:208} INFO - Processing /home/airflow/.local/lib/python3.12/site-packages/airflow/example_dags/example_dag_decorator.py took 0.173 seconds
[2025-11-16T20:34:24.277+0000] {processor.py:186} INFO - Started process (PID=1406) to work on /home/airflow/.local/lib/python3.12/site-packages/airflow/example_dags/example_dag_decorator.py
[2025-11-16T20:34:24.278+0000] {processor.py:914} INFO - Processing file /home/airflow/.local/lib/python3.12/site-packages/airflow/example_dags/example_dag_decorator.py for tasks to queue
[2025-11-16T20:34:24.280+0000] {logging_mixin.py:190} INFO - [2025-11-16T20:34:24.279+0000] {dagbag.py:588} INFO - Filling up the DagBag from /home/airflow/.local/lib/python3.12/site-packages/airflow/example_dags/example_dag_decorator.py
[2025-11-16T20:34:24.352+0000] {processor.py:925} INFO - DAG(s) 'example_dag_decorator' retrieved from /home/airflow/.local/lib/python3.12/site-packages/airflow/example_dags/example_dag_decorator.py
[2025-11-16T20:34:24.431+0000] {logging_mixin.py:190} INFO - [2025-11-16T20:34:24.431+0000] {dag.py:3239} INFO - Sync 1 DAGs
[2025-11-16T20:34:24.441+0000] {logging_mixin.py:190} INFO - [2025-11-16T20:34:24.440+0000] {dag.py:4180} INFO - Setting next_dagrun for example_dag_decorator to None, run_after=None
[2025-11-16T20:34:24.457+0000] {processor.py:208} INFO - Processing /home/airflow/.local/lib/python3.12/site-packages/airflow/example_dags/example_dag_decorator.py took 0.185 seconds
[2025-11-16T20:34:55.078+0000] {processor.py:186} INFO - Started process (PID=1471) to work on /home/airflow/.local/lib/python3.12/site-packages/airflow/example_dags/example_dag_decorator.py
[2025-11-16T20:34:55.079+0000] {processor.py:914} INFO - Processing file /home/airflow/.local/lib/python3.12/site-packages/airflow/example_dags/example_dag_decorator.py for tasks to queue
[2025-11-16T20:34:55.081+0000] {logging_mixin.py:190} INFO - [2025-11-16T20:34:55.081+0000] {dagbag.py:588} INFO - Filling up the DagBag from /home/airflow/.local/lib/python3.12/site-packages/airflow/example_dags/example_dag_decorator.py
[2025-11-16T20:34:55.162+0000] {processor.py:925} INFO - DAG(s) 'example_dag_decorator' retrieved from /home/airflow/.local/lib/python3.12/site-packages/airflow/example_dags/example_dag_decorator.py
[2025-11-16T20:34:55.236+0000] {logging_mixin.py:190} INFO - [2025-11-16T20:34:55.236+0000] {dag.py:3239} INFO - Sync 1 DAGs
[2025-11-16T20:34:55.244+0000] {logging_mixin.py:190} INFO - [2025-11-16T20:34:55.244+0000] {dag.py:4180} INFO - Setting next_dagrun for example_dag_decorator to None, run_after=None
[2025-11-16T20:34:55.259+0000] {processor.py:208} INFO - Processing /home/airflow/.local/lib/python3.12/site-packages/airflow/example_dags/example_dag_decorator.py took 0.185 seconds
[2025-11-16T20:35:26.114+0000] {processor.py:186} INFO - Started process (PID=1536) to work on /home/airflow/.local/lib/python3.12/site-packages/airflow/example_dags/example_dag_decorator.py
[2025-11-16T20:35:26.116+0000] {processor.py:914} INFO - Processing file /home/airflow/.local/lib/python3.12/site-packages/airflow/example_dags/example_dag_decorator.py for tasks to queue
[2025-11-16T20:35:26.118+0000] {logging_mixin.py:190} INFO - [2025-11-16T20:35:26.118+0000] {dagbag.py:588} INFO - Filling up the DagBag from /home/airflow/.local/lib/python3.12/site-packages/airflow/example_dags/example_dag_decorator.py
[2025-11-16T20:35:26.196+0000] {processor.py:925} INFO - DAG(s) 'example_dag_decorator' retrieved from /home/airflow/.local/lib/python3.12/site-packages/airflow/example_dags/example_dag_decorator.py
[2025-11-16T20:35:26.270+0000] {logging_mixin.py:190} INFO - [2025-11-16T20:35:26.270+0000] {dag.py:3239} INFO - Sync 1 DAGs
[2025-11-16T20:35:26.278+0000] {logging_mixin.py:190} INFO - [2025-11-16T20:35:26.278+0000] {dag.py:4180} INFO - Setting next_dagrun for example_dag_decorator to None, run_after=None
[2025-11-16T20:35:26.293+0000] {processor.py:208} INFO - Processing /home/airflow/.local/lib/python3.12/site-packages/airflow/example_dags/example_dag_decorator.py took 0.186 seconds
[2025-11-16T20:35:56.748+0000] {processor.py:186} INFO - Started process (PID=1601) to work on /home/airflow/.local/lib/python3.12/site-packages/airflow/example_dags/example_dag_decorator.py
[2025-11-16T20:35:56.750+0000] {processor.py:914} INFO - Processing file /home/airflow/.local/lib/python3.12/site-packages/airflow/example_dags/example_dag_decorator.py for tasks to queue
[2025-11-16T20:35:56.752+0000] {logging_mixin.py:190} INFO - [2025-11-16T20:35:56.752+0000] {dagbag.py:588} INFO - Filling up the DagBag from /home/airflow/.local/lib/python3.12/site-packages/airflow/example_dags/example_dag_decorator.py
[2025-11-16T20:35:56.826+0000] {processor.py:925} INFO - DAG(s) 'example_dag_decorator' retrieved from /home/airflow/.local/lib/python3.12/site-packages/airflow/example_dags/example_dag_decorator.py
[2025-11-16T20:35:56.902+0000] {logging_mixin.py:190} INFO - [2025-11-16T20:35:56.901+0000] {dag.py:3239} INFO - Sync 1 DAGs
[2025-11-16T20:35:56.910+0000] {logging_mixin.py:190} INFO - [2025-11-16T20:35:56.910+0000] {dag.py:4180} INFO - Setting next_dagrun for example_dag_decorator to None, run_after=None
[2025-11-16T20:35:56.924+0000] {processor.py:208} INFO - Processing /home/airflow/.local/lib/python3.12/site-packages/airflow/example_dags/example_dag_decorator.py took 0.180 seconds
[2025-11-16T20:36:27.790+0000] {processor.py:186} INFO - Started process (PID=1666) to work on /home/airflow/.local/lib/python3.12/site-packages/airflow/example_dags/example_dag_decorator.py
[2025-11-16T20:36:27.791+0000] {processor.py:914} INFO - Processing file /home/airflow/.local/lib/python3.12/site-packages/airflow/example_dags/example_dag_decorator.py for tasks to queue
[2025-11-16T20:36:27.794+0000] {logging_mixin.py:190} INFO - [2025-11-16T20:36:27.794+0000] {dagbag.py:588} INFO - Filling up the DagBag from /home/airflow/.local/lib/python3.12/site-packages/airflow/example_dags/example_dag_decorator.py
[2025-11-16T20:36:27.863+0000] {processor.py:925} INFO - DAG(s) 'example_dag_decorator' retrieved from /home/airflow/.local/lib/python3.12/site-packages/airflow/example_dags/example_dag_decorator.py
[2025-11-16T20:36:27.932+0000] {logging_mixin.py:190} INFO - [2025-11-16T20:36:27.932+0000] {dag.py:3239} INFO - Sync 1 DAGs
[2025-11-16T20:36:27.942+0000] {logging_mixin.py:190} INFO - [2025-11-16T20:36:27.942+0000] {dag.py:4180} INFO - Setting next_dagrun for example_dag_decorator to None, run_after=None
[2025-11-16T20:36:27.956+0000] {processor.py:208} INFO - Processing /home/airflow/.local/lib/python3.12/site-packages/airflow/example_dags/example_dag_decorator.py took 0.169 seconds
[2025-11-16T20:36:59.062+0000] {processor.py:186} INFO - Started process (PID=1731) to work on /home/airflow/.local/lib/python3.12/site-packages/airflow/example_dags/example_dag_decorator.py
[2025-11-16T20:36:59.064+0000] {processor.py:914} INFO - Processing file /home/airflow/.local/lib/python3.12/site-packages/airflow/example_dags/example_dag_decorator.py for tasks to queue
[2025-11-16T20:36:59.066+0000] {logging_mixin.py:190} INFO - [2025-11-16T20:36:59.066+0000] {dagbag.py:588} INFO - Filling up the DagBag from /home/airflow/.local/lib/python3.12/site-packages/airflow/example_dags/example_dag_decorator.py
[2025-11-16T20:36:59.144+0000] {processor.py:925} INFO - DAG(s) 'example_dag_decorator' retrieved from /home/airflow/.local/lib/python3.12/site-packages/airflow/example_dags/example_dag_decorator.py
[2025-11-16T20:36:59.220+0000] {logging_mixin.py:190} INFO - [2025-11-16T20:36:59.220+0000] {dag.py:3239} INFO - Sync 1 DAGs
[2025-11-16T20:36:59.229+0000] {logging_mixin.py:190} INFO - [2025-11-16T20:36:59.229+0000] {dag.py:4180} INFO - Setting next_dagrun for example_dag_decorator to None, run_after=None
[2025-11-16T20:36:59.249+0000] {processor.py:208} INFO - Processing /home/airflow/.local/lib/python3.12/site-packages/airflow/example_dags/example_dag_decorator.py took 0.192 seconds
[2025-11-16T20:37:29.965+0000] {processor.py:186} INFO - Started process (PID=1796) to work on /home/airflow/.local/lib/python3.12/site-packages/airflow/example_dags/example_dag_decorator.py
[2025-11-16T20:37:29.967+0000] {processor.py:914} INFO - Processing file /home/airflow/.local/lib/python3.12/site-packages/airflow/example_dags/example_dag_decorator.py for tasks to queue
[2025-11-16T20:37:29.969+0000] {logging_mixin.py:190} INFO - [2025-11-16T20:37:29.969+0000] {dagbag.py:588} INFO - Filling up the DagBag from /home/airflow/.local/lib/python3.12/site-packages/airflow/example_dags/example_dag_decorator.py
[2025-11-16T20:37:30.037+0000] {processor.py:925} INFO - DAG(s) 'example_dag_decorator' retrieved from /home/airflow/.local/lib/python3.12/site-packages/airflow/example_dags/example_dag_decorator.py
[2025-11-16T20:37:30.107+0000] {logging_mixin.py:190} INFO - [2025-11-16T20:37:30.107+0000] {dag.py:3239} INFO - Sync 1 DAGs
[2025-11-16T20:37:30.116+0000] {logging_mixin.py:190} INFO - [2025-11-16T20:37:30.116+0000] {dag.py:4180} INFO - Setting next_dagrun for example_dag_decorator to None, run_after=None
[2025-11-16T20:37:30.130+0000] {processor.py:208} INFO - Processing /home/airflow/.local/lib/python3.12/site-packages/airflow/example_dags/example_dag_decorator.py took 0.168 seconds
[2025-11-16T20:38:01.286+0000] {processor.py:186} INFO - Started process (PID=1871) to work on /home/airflow/.local/lib/python3.12/site-packages/airflow/example_dags/example_dag_decorator.py
[2025-11-16T20:38:01.288+0000] {processor.py:914} INFO - Processing file /home/airflow/.local/lib/python3.12/site-packages/airflow/example_dags/example_dag_decorator.py for tasks to queue
[2025-11-16T20:38:01.290+0000] {logging_mixin.py:190} INFO - [2025-11-16T20:38:01.289+0000] {dagbag.py:588} INFO - Filling up the DagBag from /home/airflow/.local/lib/python3.12/site-packages/airflow/example_dags/example_dag_decorator.py
[2025-11-16T20:38:01.356+0000] {processor.py:925} INFO - DAG(s) 'example_dag_decorator' retrieved from /home/airflow/.local/lib/python3.12/site-packages/airflow/example_dags/example_dag_decorator.py
[2025-11-16T20:38:01.372+0000] {logging_mixin.py:190} INFO - [2025-11-16T20:38:01.372+0000] {dag.py:3239} INFO - Sync 1 DAGs
[2025-11-16T20:38:01.382+0000] {logging_mixin.py:190} INFO - [2025-11-16T20:38:01.382+0000] {dag.py:4180} INFO - Setting next_dagrun for example_dag_decorator to None, run_after=None
[2025-11-16T20:38:01.394+0000] {processor.py:208} INFO - Processing /home/airflow/.local/lib/python3.12/site-packages/airflow/example_dags/example_dag_decorator.py took 0.112 seconds
[2025-11-16T20:38:32.310+0000] {processor.py:186} INFO - Started process (PID=1936) to work on /home/airflow/.local/lib/python3.12/site-packages/airflow/example_dags/example_dag_decorator.py
[2025-11-16T20:38:32.311+0000] {processor.py:914} INFO - Processing file /home/airflow/.local/lib/python3.12/site-packages/airflow/example_dags/example_dag_decorator.py for tasks to queue
[2025-11-16T20:38:32.313+0000] {logging_mixin.py:190} INFO - [2025-11-16T20:38:32.313+0000] {dagbag.py:588} INFO - Filling up the DagBag from /home/airflow/.local/lib/python3.12/site-packages/airflow/example_dags/example_dag_decorator.py
[2025-11-16T20:38:32.374+0000] {processor.py:925} INFO - DAG(s) 'example_dag_decorator' retrieved from /home/airflow/.local/lib/python3.12/site-packages/airflow/example_dags/example_dag_decorator.py
[2025-11-16T20:38:32.389+0000] {logging_mixin.py:190} INFO - [2025-11-16T20:38:32.388+0000] {dag.py:3239} INFO - Sync 1 DAGs
[2025-11-16T20:38:32.398+0000] {logging_mixin.py:190} INFO - [2025-11-16T20:38:32.397+0000] {dag.py:4180} INFO - Setting next_dagrun for example_dag_decorator to None, run_after=None
[2025-11-16T20:38:32.410+0000] {processor.py:208} INFO - Processing /home/airflow/.local/lib/python3.12/site-packages/airflow/example_dags/example_dag_decorator.py took 0.104 seconds
[2025-11-16T20:39:02.940+0000] {processor.py:186} INFO - Started process (PID=2001) to work on /home/airflow/.local/lib/python3.12/site-packages/airflow/example_dags/example_dag_decorator.py
[2025-11-16T20:39:02.942+0000] {processor.py:914} INFO - Processing file /home/airflow/.local/lib/python3.12/site-packages/airflow/example_dags/example_dag_decorator.py for tasks to queue
[2025-11-16T20:39:02.944+0000] {logging_mixin.py:190} INFO - [2025-11-16T20:39:02.944+0000] {dagbag.py:588} INFO - Filling up the DagBag from /home/airflow/.local/lib/python3.12/site-packages/airflow/example_dags/example_dag_decorator.py
[2025-11-16T20:39:03.008+0000] {processor.py:925} INFO - DAG(s) 'example_dag_decorator' retrieved from /home/airflow/.local/lib/python3.12/site-packages/airflow/example_dags/example_dag_decorator.py
[2025-11-16T20:39:03.077+0000] {logging_mixin.py:190} INFO - [2025-11-16T20:39:03.077+0000] {dag.py:3239} INFO - Sync 1 DAGs
[2025-11-16T20:39:03.085+0000] {logging_mixin.py:190} INFO - [2025-11-16T20:39:03.085+0000] {dag.py:4180} INFO - Setting next_dagrun for example_dag_decorator to None, run_after=None
[2025-11-16T20:39:03.101+0000] {processor.py:208} INFO - Processing /home/airflow/.local/lib/python3.12/site-packages/airflow/example_dags/example_dag_decorator.py took 0.164 seconds
[2025-11-16T20:39:34.394+0000] {processor.py:186} INFO - Started process (PID=2066) to work on /home/airflow/.local/lib/python3.12/site-packages/airflow/example_dags/example_dag_decorator.py
[2025-11-16T20:39:34.396+0000] {processor.py:914} INFO - Processing file /home/airflow/.local/lib/python3.12/site-packages/airflow/example_dags/example_dag_decorator.py for tasks to queue
[2025-11-16T20:39:34.398+0000] {logging_mixin.py:190} INFO - [2025-11-16T20:39:34.397+0000] {dagbag.py:588} INFO - Filling up the DagBag from /home/airflow/.local/lib/python3.12/site-packages/airflow/example_dags/example_dag_decorator.py
[2025-11-16T20:39:34.466+0000] {processor.py:925} INFO - DAG(s) 'example_dag_decorator' retrieved from /home/airflow/.local/lib/python3.12/site-packages/airflow/example_dags/example_dag_decorator.py
[2025-11-16T20:39:34.549+0000] {logging_mixin.py:190} INFO - [2025-11-16T20:39:34.549+0000] {dag.py:3239} INFO - Sync 1 DAGs
[2025-11-16T20:39:34.560+0000] {logging_mixin.py:190} INFO - [2025-11-16T20:39:34.560+0000] {dag.py:4180} INFO - Setting next_dagrun for example_dag_decorator to None, run_after=None
[2025-11-16T20:39:34.579+0000] {processor.py:208} INFO - Processing /home/airflow/.local/lib/python3.12/site-packages/airflow/example_dags/example_dag_decorator.py took 0.190 seconds
[2025-11-16T20:40:06.185+0000] {processor.py:186} INFO - Started process (PID=2137) to work on /home/airflow/.local/lib/python3.12/site-packages/airflow/example_dags/example_dag_decorator.py
[2025-11-16T20:40:06.187+0000] {processor.py:914} INFO - Processing file /home/airflow/.local/lib/python3.12/site-packages/airflow/example_dags/example_dag_decorator.py for tasks to queue
[2025-11-16T20:40:06.189+0000] {logging_mixin.py:190} INFO - [2025-11-16T20:40:06.189+0000] {dagbag.py:588} INFO - Filling up the DagBag from /home/airflow/.local/lib/python3.12/site-packages/airflow/example_dags/example_dag_decorator.py
[2025-11-16T20:40:06.253+0000] {processor.py:925} INFO - DAG(s) 'example_dag_decorator' retrieved from /home/airflow/.local/lib/python3.12/site-packages/airflow/example_dags/example_dag_decorator.py
[2025-11-16T20:40:06.320+0000] {logging_mixin.py:190} INFO - [2025-11-16T20:40:06.320+0000] {dag.py:3239} INFO - Sync 1 DAGs
[2025-11-16T20:40:06.327+0000] {logging_mixin.py:190} INFO - [2025-11-16T20:40:06.327+0000] {dag.py:4180} INFO - Setting next_dagrun for example_dag_decorator to None, run_after=None
[2025-11-16T20:40:06.369+0000] {processor.py:208} INFO - Processing /home/airflow/.local/lib/python3.12/site-packages/airflow/example_dags/example_dag_decorator.py took 0.187 seconds
[2025-11-16T20:40:36.584+0000] {processor.py:186} INFO - Started process (PID=2203) to work on /home/airflow/.local/lib/python3.12/site-packages/airflow/example_dags/example_dag_decorator.py
[2025-11-16T20:40:36.586+0000] {processor.py:914} INFO - Processing file /home/airflow/.local/lib/python3.12/site-packages/airflow/example_dags/example_dag_decorator.py for tasks to queue
[2025-11-16T20:40:36.588+0000] {logging_mixin.py:190} INFO - [2025-11-16T20:40:36.588+0000] {dagbag.py:588} INFO - Filling up the DagBag from /home/airflow/.local/lib/python3.12/site-packages/airflow/example_dags/example_dag_decorator.py
[2025-11-16T20:40:36.671+0000] {processor.py:925} INFO - DAG(s) 'example_dag_decorator' retrieved from /home/airflow/.local/lib/python3.12/site-packages/airflow/example_dags/example_dag_decorator.py
[2025-11-16T20:40:36.754+0000] {logging_mixin.py:190} INFO - [2025-11-16T20:40:36.753+0000] {dag.py:3239} INFO - Sync 1 DAGs
[2025-11-16T20:40:36.764+0000] {logging_mixin.py:190} INFO - [2025-11-16T20:40:36.763+0000] {dag.py:4180} INFO - Setting next_dagrun for example_dag_decorator to None, run_after=None
[2025-11-16T20:40:36.783+0000] {processor.py:208} INFO - Processing /home/airflow/.local/lib/python3.12/site-packages/airflow/example_dags/example_dag_decorator.py took 0.203 seconds
[2025-11-16T20:41:07.601+0000] {processor.py:186} INFO - Started process (PID=2268) to work on /home/airflow/.local/lib/python3.12/site-packages/airflow/example_dags/example_dag_decorator.py
[2025-11-16T20:41:07.602+0000] {processor.py:914} INFO - Processing file /home/airflow/.local/lib/python3.12/site-packages/airflow/example_dags/example_dag_decorator.py for tasks to queue
[2025-11-16T20:41:07.604+0000] {logging_mixin.py:190} INFO - [2025-11-16T20:41:07.604+0000] {dagbag.py:588} INFO - Filling up the DagBag from /home/airflow/.local/lib/python3.12/site-packages/airflow/example_dags/example_dag_decorator.py
[2025-11-16T20:41:07.693+0000] {processor.py:925} INFO - DAG(s) 'example_dag_decorator' retrieved from /home/airflow/.local/lib/python3.12/site-packages/airflow/example_dags/example_dag_decorator.py
[2025-11-16T20:41:07.776+0000] {logging_mixin.py:190} INFO - [2025-11-16T20:41:07.775+0000] {dag.py:3239} INFO - Sync 1 DAGs
[2025-11-16T20:41:07.784+0000] {logging_mixin.py:190} INFO - [2025-11-16T20:41:07.784+0000] {dag.py:4180} INFO - Setting next_dagrun for example_dag_decorator to None, run_after=None
[2025-11-16T20:41:07.798+0000] {processor.py:208} INFO - Processing /home/airflow/.local/lib/python3.12/site-packages/airflow/example_dags/example_dag_decorator.py took 0.201 seconds
[2025-11-16T20:41:39.209+0000] {processor.py:186} INFO - Started process (PID=2334) to work on /home/airflow/.local/lib/python3.12/site-packages/airflow/example_dags/example_dag_decorator.py
[2025-11-16T20:41:39.210+0000] {processor.py:914} INFO - Processing file /home/airflow/.local/lib/python3.12/site-packages/airflow/example_dags/example_dag_decorator.py for tasks to queue
[2025-11-16T20:41:39.212+0000] {logging_mixin.py:190} INFO - [2025-11-16T20:41:39.212+0000] {dagbag.py:588} INFO - Filling up the DagBag from /home/airflow/.local/lib/python3.12/site-packages/airflow/example_dags/example_dag_decorator.py
[2025-11-16T20:41:39.278+0000] {processor.py:925} INFO - DAG(s) 'example_dag_decorator' retrieved from /home/airflow/.local/lib/python3.12/site-packages/airflow/example_dags/example_dag_decorator.py
[2025-11-16T20:41:39.348+0000] {logging_mixin.py:190} INFO - [2025-11-16T20:41:39.348+0000] {dag.py:3239} INFO - Sync 1 DAGs
[2025-11-16T20:41:39.357+0000] {logging_mixin.py:190} INFO - [2025-11-16T20:41:39.356+0000] {dag.py:4180} INFO - Setting next_dagrun for example_dag_decorator to None, run_after=None
[2025-11-16T20:41:39.369+0000] {processor.py:208} INFO - Processing /home/airflow/.local/lib/python3.12/site-packages/airflow/example_dags/example_dag_decorator.py took 0.164 seconds
[2025-11-16T20:42:10.447+0000] {processor.py:186} INFO - Started process (PID=2399) to work on /home/airflow/.local/lib/python3.12/site-packages/airflow/example_dags/example_dag_decorator.py
[2025-11-16T20:42:10.448+0000] {processor.py:914} INFO - Processing file /home/airflow/.local/lib/python3.12/site-packages/airflow/example_dags/example_dag_decorator.py for tasks to queue
[2025-11-16T20:42:10.450+0000] {logging_mixin.py:190} INFO - [2025-11-16T20:42:10.449+0000] {dagbag.py:588} INFO - Filling up the DagBag from /home/airflow/.local/lib/python3.12/site-packages/airflow/example_dags/example_dag_decorator.py
[2025-11-16T20:42:10.519+0000] {processor.py:925} INFO - DAG(s) 'example_dag_decorator' retrieved from /home/airflow/.local/lib/python3.12/site-packages/airflow/example_dags/example_dag_decorator.py
[2025-11-16T20:42:10.588+0000] {logging_mixin.py:190} INFO - [2025-11-16T20:42:10.588+0000] {dag.py:3239} INFO - Sync 1 DAGs
[2025-11-16T20:42:10.597+0000] {logging_mixin.py:190} INFO - [2025-11-16T20:42:10.596+0000] {dag.py:4180} INFO - Setting next_dagrun for example_dag_decorator to None, run_after=None
[2025-11-16T20:42:10.610+0000] {processor.py:208} INFO - Processing /home/airflow/.local/lib/python3.12/site-packages/airflow/example_dags/example_dag_decorator.py took 0.168 seconds
[2025-11-16T20:42:42.289+0000] {processor.py:186} INFO - Started process (PID=2464) to work on /home/airflow/.local/lib/python3.12/site-packages/airflow/example_dags/example_dag_decorator.py
[2025-11-16T20:42:42.290+0000] {processor.py:914} INFO - Processing file /home/airflow/.local/lib/python3.12/site-packages/airflow/example_dags/example_dag_decorator.py for tasks to queue
[2025-11-16T20:42:42.292+0000] {logging_mixin.py:190} INFO - [2025-11-16T20:42:42.292+0000] {dagbag.py:588} INFO - Filling up the DagBag from /home/airflow/.local/lib/python3.12/site-packages/airflow/example_dags/example_dag_decorator.py
[2025-11-16T20:42:42.383+0000] {processor.py:925} INFO - DAG(s) 'example_dag_decorator' retrieved from /home/airflow/.local/lib/python3.12/site-packages/airflow/example_dags/example_dag_decorator.py
[2025-11-16T20:42:42.477+0000] {logging_mixin.py:190} INFO - [2025-11-16T20:42:42.477+0000] {dag.py:3239} INFO - Sync 1 DAGs
[2025-11-16T20:42:42.486+0000] {logging_mixin.py:190} INFO - [2025-11-16T20:42:42.486+0000] {dag.py:4180} INFO - Setting next_dagrun for example_dag_decorator to None, run_after=None
[2025-11-16T20:42:42.499+0000] {processor.py:208} INFO - Processing /home/airflow/.local/lib/python3.12/site-packages/airflow/example_dags/example_dag_decorator.py took 0.215 seconds
[2025-11-16T20:43:13.432+0000] {processor.py:186} INFO - Started process (PID=2529) to work on /home/airflow/.local/lib/python3.12/site-packages/airflow/example_dags/example_dag_decorator.py
[2025-11-16T20:43:13.433+0000] {processor.py:914} INFO - Processing file /home/airflow/.local/lib/python3.12/site-packages/airflow/example_dags/example_dag_decorator.py for tasks to queue
[2025-11-16T20:43:13.435+0000] {logging_mixin.py:190} INFO - [2025-11-16T20:43:13.435+0000] {dagbag.py:588} INFO - Filling up the DagBag from /home/airflow/.local/lib/python3.12/site-packages/airflow/example_dags/example_dag_decorator.py
[2025-11-16T20:43:13.542+0000] {processor.py:925} INFO - DAG(s) 'example_dag_decorator' retrieved from /home/airflow/.local/lib/python3.12/site-packages/airflow/example_dags/example_dag_decorator.py
[2025-11-16T20:43:13.630+0000] {logging_mixin.py:190} INFO - [2025-11-16T20:43:13.630+0000] {dag.py:3239} INFO - Sync 1 DAGs
[2025-11-16T20:43:13.640+0000] {logging_mixin.py:190} INFO - [2025-11-16T20:43:13.640+0000] {dag.py:4180} INFO - Setting next_dagrun for example_dag_decorator to None, run_after=None
[2025-11-16T20:43:13.653+0000] {processor.py:208} INFO - Processing /home/airflow/.local/lib/python3.12/site-packages/airflow/example_dags/example_dag_decorator.py took 0.227 seconds
[2025-11-16T20:43:44.709+0000] {processor.py:186} INFO - Started process (PID=2594) to work on /home/airflow/.local/lib/python3.12/site-packages/airflow/example_dags/example_dag_decorator.py
[2025-11-16T20:43:44.710+0000] {processor.py:914} INFO - Processing file /home/airflow/.local/lib/python3.12/site-packages/airflow/example_dags/example_dag_decorator.py for tasks to queue
[2025-11-16T20:43:44.712+0000] {logging_mixin.py:190} INFO - [2025-11-16T20:43:44.712+0000] {dagbag.py:588} INFO - Filling up the DagBag from /home/airflow/.local/lib/python3.12/site-packages/airflow/example_dags/example_dag_decorator.py
[2025-11-16T20:43:44.783+0000] {processor.py:925} INFO - DAG(s) 'example_dag_decorator' retrieved from /home/airflow/.local/lib/python3.12/site-packages/airflow/example_dags/example_dag_decorator.py
[2025-11-16T20:43:44.859+0000] {logging_mixin.py:190} INFO - [2025-11-16T20:43:44.858+0000] {dag.py:3239} INFO - Sync 1 DAGs
[2025-11-16T20:43:44.868+0000] {logging_mixin.py:190} INFO - [2025-11-16T20:43:44.868+0000] {dag.py:4180} INFO - Setting next_dagrun for example_dag_decorator to None, run_after=None
[2025-11-16T20:43:45.030+0000] {processor.py:208} INFO - Processing /home/airflow/.local/lib/python3.12/site-packages/airflow/example_dags/example_dag_decorator.py took 0.326 seconds
[2025-11-16T20:44:15.495+0000] {processor.py:186} INFO - Started process (PID=2660) to work on /home/airflow/.local/lib/python3.12/site-packages/airflow/example_dags/example_dag_decorator.py
[2025-11-16T20:44:15.496+0000] {processor.py:914} INFO - Processing file /home/airflow/.local/lib/python3.12/site-packages/airflow/example_dags/example_dag_decorator.py for tasks to queue
[2025-11-16T20:44:15.498+0000] {logging_mixin.py:190} INFO - [2025-11-16T20:44:15.498+0000] {dagbag.py:588} INFO - Filling up the DagBag from /home/airflow/.local/lib/python3.12/site-packages/airflow/example_dags/example_dag_decorator.py
[2025-11-16T20:44:15.572+0000] {processor.py:925} INFO - DAG(s) 'example_dag_decorator' retrieved from /home/airflow/.local/lib/python3.12/site-packages/airflow/example_dags/example_dag_decorator.py
[2025-11-16T20:44:15.644+0000] {logging_mixin.py:190} INFO - [2025-11-16T20:44:15.644+0000] {dag.py:3239} INFO - Sync 1 DAGs
[2025-11-16T20:44:15.653+0000] {logging_mixin.py:190} INFO - [2025-11-16T20:44:15.653+0000] {dag.py:4180} INFO - Setting next_dagrun for example_dag_decorator to None, run_after=None
[2025-11-16T20:44:15.666+0000] {processor.py:208} INFO - Processing /home/airflow/.local/lib/python3.12/site-packages/airflow/example_dags/example_dag_decorator.py took 0.175 seconds
[2025-11-16T20:44:46.119+0000] {processor.py:186} INFO - Started process (PID=2725) to work on /home/airflow/.local/lib/python3.12/site-packages/airflow/example_dags/example_dag_decorator.py
[2025-11-16T20:44:46.120+0000] {processor.py:914} INFO - Processing file /home/airflow/.local/lib/python3.12/site-packages/airflow/example_dags/example_dag_decorator.py for tasks to queue
[2025-11-16T20:44:46.123+0000] {logging_mixin.py:190} INFO - [2025-11-16T20:44:46.123+0000] {dagbag.py:588} INFO - Filling up the DagBag from /home/airflow/.local/lib/python3.12/site-packages/airflow/example_dags/example_dag_decorator.py
[2025-11-16T20:44:46.208+0000] {processor.py:925} INFO - DAG(s) 'example_dag_decorator' retrieved from /home/airflow/.local/lib/python3.12/site-packages/airflow/example_dags/example_dag_decorator.py
[2025-11-16T20:44:46.293+0000] {logging_mixin.py:190} INFO - [2025-11-16T20:44:46.293+0000] {dag.py:3239} INFO - Sync 1 DAGs
[2025-11-16T20:44:46.303+0000] {logging_mixin.py:190} INFO - [2025-11-16T20:44:46.303+0000] {dag.py:4180} INFO - Setting next_dagrun for example_dag_decorator to None, run_after=None
[2025-11-16T20:44:46.317+0000] {processor.py:208} INFO - Processing /home/airflow/.local/lib/python3.12/site-packages/airflow/example_dags/example_dag_decorator.py took 0.205 seconds
[2025-11-16T20:45:17.583+0000] {processor.py:186} INFO - Started process (PID=2790) to work on /home/airflow/.local/lib/python3.12/site-packages/airflow/example_dags/example_dag_decorator.py
[2025-11-16T20:45:17.584+0000] {processor.py:914} INFO - Processing file /home/airflow/.local/lib/python3.12/site-packages/airflow/example_dags/example_dag_decorator.py for tasks to queue
[2025-11-16T20:45:17.586+0000] {logging_mixin.py:190} INFO - [2025-11-16T20:45:17.586+0000] {dagbag.py:588} INFO - Filling up the DagBag from /home/airflow/.local/lib/python3.12/site-packages/airflow/example_dags/example_dag_decorator.py
[2025-11-16T20:45:17.674+0000] {processor.py:925} INFO - DAG(s) 'example_dag_decorator' retrieved from /home/airflow/.local/lib/python3.12/site-packages/airflow/example_dags/example_dag_decorator.py
[2025-11-16T20:45:17.771+0000] {logging_mixin.py:190} INFO - [2025-11-16T20:45:17.771+0000] {dag.py:3239} INFO - Sync 1 DAGs
[2025-11-16T20:45:17.783+0000] {logging_mixin.py:190} INFO - [2025-11-16T20:45:17.783+0000] {dag.py:4180} INFO - Setting next_dagrun for example_dag_decorator to None, run_after=None
[2025-11-16T20:45:17.803+0000] {processor.py:208} INFO - Processing /home/airflow/.local/lib/python3.12/site-packages/airflow/example_dags/example_dag_decorator.py took 0.226 seconds
[2025-11-16T20:45:48.852+0000] {processor.py:186} INFO - Started process (PID=2855) to work on /home/airflow/.local/lib/python3.12/site-packages/airflow/example_dags/example_dag_decorator.py
[2025-11-16T20:45:48.854+0000] {processor.py:914} INFO - Processing file /home/airflow/.local/lib/python3.12/site-packages/airflow/example_dags/example_dag_decorator.py for tasks to queue
[2025-11-16T20:45:48.856+0000] {logging_mixin.py:190} INFO - [2025-11-16T20:45:48.855+0000] {dagbag.py:588} INFO - Filling up the DagBag from /home/airflow/.local/lib/python3.12/site-packages/airflow/example_dags/example_dag_decorator.py
[2025-11-16T20:45:48.933+0000] {processor.py:925} INFO - DAG(s) 'example_dag_decorator' retrieved from /home/airflow/.local/lib/python3.12/site-packages/airflow/example_dags/example_dag_decorator.py
[2025-11-16T20:45:49.009+0000] {logging_mixin.py:190} INFO - [2025-11-16T20:45:49.009+0000] {dag.py:3239} INFO - Sync 1 DAGs
[2025-11-16T20:45:49.164+0000] {logging_mixin.py:190} INFO - [2025-11-16T20:45:49.164+0000] {dag.py:4180} INFO - Setting next_dagrun for example_dag_decorator to None, run_after=None
[2025-11-16T20:45:49.182+0000] {processor.py:208} INFO - Processing /home/airflow/.local/lib/python3.12/site-packages/airflow/example_dags/example_dag_decorator.py took 0.334 seconds
[2025-11-16T20:46:20.459+0000] {processor.py:186} INFO - Started process (PID=2922) to work on /home/airflow/.local/lib/python3.12/site-packages/airflow/example_dags/example_dag_decorator.py
[2025-11-16T20:46:20.460+0000] {processor.py:914} INFO - Processing file /home/airflow/.local/lib/python3.12/site-packages/airflow/example_dags/example_dag_decorator.py for tasks to queue
[2025-11-16T20:46:20.463+0000] {logging_mixin.py:190} INFO - [2025-11-16T20:46:20.462+0000] {dagbag.py:588} INFO - Filling up the DagBag from /home/airflow/.local/lib/python3.12/site-packages/airflow/example_dags/example_dag_decorator.py
[2025-11-16T20:46:20.531+0000] {processor.py:925} INFO - DAG(s) 'example_dag_decorator' retrieved from /home/airflow/.local/lib/python3.12/site-packages/airflow/example_dags/example_dag_decorator.py
[2025-11-16T20:46:20.603+0000] {logging_mixin.py:190} INFO - [2025-11-16T20:46:20.602+0000] {dag.py:3239} INFO - Sync 1 DAGs
[2025-11-16T20:46:20.612+0000] {logging_mixin.py:190} INFO - [2025-11-16T20:46:20.612+0000] {dag.py:4180} INFO - Setting next_dagrun for example_dag_decorator to None, run_after=None
[2025-11-16T20:46:20.753+0000] {processor.py:208} INFO - Processing /home/airflow/.local/lib/python3.12/site-packages/airflow/example_dags/example_dag_decorator.py took 0.298 seconds
[2025-11-16T20:46:51.542+0000] {processor.py:186} INFO - Started process (PID=2989) to work on /home/airflow/.local/lib/python3.12/site-packages/airflow/example_dags/example_dag_decorator.py
[2025-11-16T20:46:51.543+0000] {processor.py:914} INFO - Processing file /home/airflow/.local/lib/python3.12/site-packages/airflow/example_dags/example_dag_decorator.py for tasks to queue
[2025-11-16T20:46:51.544+0000] {logging_mixin.py:190} INFO - [2025-11-16T20:46:51.544+0000] {dagbag.py:588} INFO - Filling up the DagBag from /home/airflow/.local/lib/python3.12/site-packages/airflow/example_dags/example_dag_decorator.py
[2025-11-16T20:46:51.613+0000] {processor.py:925} INFO - DAG(s) 'example_dag_decorator' retrieved from /home/airflow/.local/lib/python3.12/site-packages/airflow/example_dags/example_dag_decorator.py
[2025-11-16T20:46:51.685+0000] {logging_mixin.py:190} INFO - [2025-11-16T20:46:51.684+0000] {dag.py:3239} INFO - Sync 1 DAGs
[2025-11-16T20:46:51.693+0000] {logging_mixin.py:190} INFO - [2025-11-16T20:46:51.693+0000] {dag.py:4180} INFO - Setting next_dagrun for example_dag_decorator to None, run_after=None
[2025-11-16T20:46:51.706+0000] {processor.py:208} INFO - Processing /home/airflow/.local/lib/python3.12/site-packages/airflow/example_dags/example_dag_decorator.py took 0.169 seconds
[2025-11-16T20:47:22.942+0000] {processor.py:186} INFO - Started process (PID=3054) to work on /home/airflow/.local/lib/python3.12/site-packages/airflow/example_dags/example_dag_decorator.py
[2025-11-16T20:47:22.944+0000] {processor.py:914} INFO - Processing file /home/airflow/.local/lib/python3.12/site-packages/airflow/example_dags/example_dag_decorator.py for tasks to queue
[2025-11-16T20:47:22.946+0000] {logging_mixin.py:190} INFO - [2025-11-16T20:47:22.946+0000] {dagbag.py:588} INFO - Filling up the DagBag from /home/airflow/.local/lib/python3.12/site-packages/airflow/example_dags/example_dag_decorator.py
[2025-11-16T20:47:23.023+0000] {processor.py:925} INFO - DAG(s) 'example_dag_decorator' retrieved from /home/airflow/.local/lib/python3.12/site-packages/airflow/example_dags/example_dag_decorator.py
[2025-11-16T20:47:23.245+0000] {logging_mixin.py:190} INFO - [2025-11-16T20:47:23.245+0000] {dag.py:3239} INFO - Sync 1 DAGs
[2025-11-16T20:47:23.252+0000] {logging_mixin.py:190} INFO - [2025-11-16T20:47:23.252+0000] {dag.py:4180} INFO - Setting next_dagrun for example_dag_decorator to None, run_after=None
[2025-11-16T20:47:23.266+0000] {processor.py:208} INFO - Processing /home/airflow/.local/lib/python3.12/site-packages/airflow/example_dags/example_dag_decorator.py took 0.329 seconds
[2025-11-16T20:47:53.652+0000] {processor.py:186} INFO - Started process (PID=3119) to work on /home/airflow/.local/lib/python3.12/site-packages/airflow/example_dags/example_dag_decorator.py
[2025-11-16T20:47:53.653+0000] {processor.py:914} INFO - Processing file /home/airflow/.local/lib/python3.12/site-packages/airflow/example_dags/example_dag_decorator.py for tasks to queue
[2025-11-16T20:47:53.654+0000] {logging_mixin.py:190} INFO - [2025-11-16T20:47:53.654+0000] {dagbag.py:588} INFO - Filling up the DagBag from /home/airflow/.local/lib/python3.12/site-packages/airflow/example_dags/example_dag_decorator.py
[2025-11-16T20:47:53.723+0000] {processor.py:925} INFO - DAG(s) 'example_dag_decorator' retrieved from /home/airflow/.local/lib/python3.12/site-packages/airflow/example_dags/example_dag_decorator.py
[2025-11-16T20:47:53.796+0000] {logging_mixin.py:190} INFO - [2025-11-16T20:47:53.796+0000] {dag.py:3239} INFO - Sync 1 DAGs
[2025-11-16T20:47:53.949+0000] {logging_mixin.py:190} INFO - [2025-11-16T20:47:53.949+0000] {dag.py:4180} INFO - Setting next_dagrun for example_dag_decorator to None, run_after=None
[2025-11-16T20:47:53.961+0000] {processor.py:208} INFO - Processing /home/airflow/.local/lib/python3.12/site-packages/airflow/example_dags/example_dag_decorator.py took 0.314 seconds
[2025-11-16T20:48:24.503+0000] {processor.py:186} INFO - Started process (PID=3184) to work on /home/airflow/.local/lib/python3.12/site-packages/airflow/example_dags/example_dag_decorator.py
[2025-11-16T20:48:24.505+0000] {processor.py:914} INFO - Processing file /home/airflow/.local/lib/python3.12/site-packages/airflow/example_dags/example_dag_decorator.py for tasks to queue
[2025-11-16T20:48:24.507+0000] {logging_mixin.py:190} INFO - [2025-11-16T20:48:24.507+0000] {dagbag.py:588} INFO - Filling up the DagBag from /home/airflow/.local/lib/python3.12/site-packages/airflow/example_dags/example_dag_decorator.py
[2025-11-16T20:48:24.588+0000] {processor.py:925} INFO - DAG(s) 'example_dag_decorator' retrieved from /home/airflow/.local/lib/python3.12/site-packages/airflow/example_dags/example_dag_decorator.py
[2025-11-16T20:48:24.663+0000] {logging_mixin.py:190} INFO - [2025-11-16T20:48:24.663+0000] {dag.py:3239} INFO - Sync 1 DAGs
[2025-11-16T20:48:24.673+0000] {logging_mixin.py:190} INFO - [2025-11-16T20:48:24.673+0000] {dag.py:4180} INFO - Setting next_dagrun for example_dag_decorator to None, run_after=None
[2025-11-16T20:48:24.825+0000] {processor.py:208} INFO - Processing /home/airflow/.local/lib/python3.12/site-packages/airflow/example_dags/example_dag_decorator.py took 0.327 seconds
[2025-11-16T20:48:55.098+0000] {processor.py:186} INFO - Started process (PID=3250) to work on /home/airflow/.local/lib/python3.12/site-packages/airflow/example_dags/example_dag_decorator.py
[2025-11-16T20:48:55.099+0000] {processor.py:914} INFO - Processing file /home/airflow/.local/lib/python3.12/site-packages/airflow/example_dags/example_dag_decorator.py for tasks to queue
[2025-11-16T20:48:55.101+0000] {logging_mixin.py:190} INFO - [2025-11-16T20:48:55.101+0000] {dagbag.py:588} INFO - Filling up the DagBag from /home/airflow/.local/lib/python3.12/site-packages/airflow/example_dags/example_dag_decorator.py
[2025-11-16T20:48:55.169+0000] {processor.py:925} INFO - DAG(s) 'example_dag_decorator' retrieved from /home/airflow/.local/lib/python3.12/site-packages/airflow/example_dags/example_dag_decorator.py
[2025-11-16T20:48:55.359+0000] {logging_mixin.py:190} INFO - [2025-11-16T20:48:55.359+0000] {dag.py:3239} INFO - Sync 1 DAGs
[2025-11-16T20:48:55.367+0000] {logging_mixin.py:190} INFO - [2025-11-16T20:48:55.367+0000] {dag.py:4180} INFO - Setting next_dagrun for example_dag_decorator to None, run_after=None
[2025-11-16T20:48:55.379+0000] {processor.py:208} INFO - Processing /home/airflow/.local/lib/python3.12/site-packages/airflow/example_dags/example_dag_decorator.py took 0.286 seconds
[2025-11-16T20:49:25.564+0000] {processor.py:186} INFO - Started process (PID=3315) to work on /home/airflow/.local/lib/python3.12/site-packages/airflow/example_dags/example_dag_decorator.py
[2025-11-16T20:49:25.565+0000] {processor.py:914} INFO - Processing file /home/airflow/.local/lib/python3.12/site-packages/airflow/example_dags/example_dag_decorator.py for tasks to queue
[2025-11-16T20:49:25.567+0000] {logging_mixin.py:190} INFO - [2025-11-16T20:49:25.567+0000] {dagbag.py:588} INFO - Filling up the DagBag from /home/airflow/.local/lib/python3.12/site-packages/airflow/example_dags/example_dag_decorator.py
[2025-11-16T20:49:25.632+0000] {processor.py:925} INFO - DAG(s) 'example_dag_decorator' retrieved from /home/airflow/.local/lib/python3.12/site-packages/airflow/example_dags/example_dag_decorator.py
[2025-11-16T20:49:25.647+0000] {logging_mixin.py:190} INFO - [2025-11-16T20:49:25.647+0000] {dag.py:3239} INFO - Sync 1 DAGs
[2025-11-16T20:49:25.656+0000] {logging_mixin.py:190} INFO - [2025-11-16T20:49:25.656+0000] {dag.py:4180} INFO - Setting next_dagrun for example_dag_decorator to None, run_after=None
[2025-11-16T20:49:25.668+0000] {processor.py:208} INFO - Processing /home/airflow/.local/lib/python3.12/site-packages/airflow/example_dags/example_dag_decorator.py took 0.108 seconds
[2025-11-16T20:49:56.539+0000] {processor.py:186} INFO - Started process (PID=3380) to work on /home/airflow/.local/lib/python3.12/site-packages/airflow/example_dags/example_dag_decorator.py
[2025-11-16T20:49:56.540+0000] {processor.py:914} INFO - Processing file /home/airflow/.local/lib/python3.12/site-packages/airflow/example_dags/example_dag_decorator.py for tasks to queue
[2025-11-16T20:49:56.543+0000] {logging_mixin.py:190} INFO - [2025-11-16T20:49:56.543+0000] {dagbag.py:588} INFO - Filling up the DagBag from /home/airflow/.local/lib/python3.12/site-packages/airflow/example_dags/example_dag_decorator.py
[2025-11-16T20:49:56.626+0000] {processor.py:925} INFO - DAG(s) 'example_dag_decorator' retrieved from /home/airflow/.local/lib/python3.12/site-packages/airflow/example_dags/example_dag_decorator.py
[2025-11-16T20:49:56.835+0000] {logging_mixin.py:190} INFO - [2025-11-16T20:49:56.834+0000] {dag.py:3239} INFO - Sync 1 DAGs
[2025-11-16T20:49:56.842+0000] {logging_mixin.py:190} INFO - [2025-11-16T20:49:56.841+0000] {dag.py:4180} INFO - Setting next_dagrun for example_dag_decorator to None, run_after=None
[2025-11-16T20:49:56.855+0000] {processor.py:208} INFO - Processing /home/airflow/.local/lib/python3.12/site-packages/airflow/example_dags/example_dag_decorator.py took 0.320 seconds
[2025-11-16T20:50:27.460+0000] {processor.py:186} INFO - Started process (PID=3445) to work on /home/airflow/.local/lib/python3.12/site-packages/airflow/example_dags/example_dag_decorator.py
[2025-11-16T20:50:27.461+0000] {processor.py:914} INFO - Processing file /home/airflow/.local/lib/python3.12/site-packages/airflow/example_dags/example_dag_decorator.py for tasks to queue
[2025-11-16T20:50:27.463+0000] {logging_mixin.py:190} INFO - [2025-11-16T20:50:27.463+0000] {dagbag.py:588} INFO - Filling up the DagBag from /home/airflow/.local/lib/python3.12/site-packages/airflow/example_dags/example_dag_decorator.py
[2025-11-16T20:50:27.535+0000] {processor.py:925} INFO - DAG(s) 'example_dag_decorator' retrieved from /home/airflow/.local/lib/python3.12/site-packages/airflow/example_dags/example_dag_decorator.py
[2025-11-16T20:50:27.753+0000] {logging_mixin.py:190} INFO - [2025-11-16T20:50:27.753+0000] {dag.py:3239} INFO - Sync 1 DAGs
[2025-11-16T20:50:27.760+0000] {logging_mixin.py:190} INFO - [2025-11-16T20:50:27.760+0000] {dag.py:4180} INFO - Setting next_dagrun for example_dag_decorator to None, run_after=None
[2025-11-16T20:50:27.775+0000] {processor.py:208} INFO - Processing /home/airflow/.local/lib/python3.12/site-packages/airflow/example_dags/example_dag_decorator.py took 0.319 seconds
[2025-11-16T20:50:58.580+0000] {processor.py:186} INFO - Started process (PID=3510) to work on /home/airflow/.local/lib/python3.12/site-packages/airflow/example_dags/example_dag_decorator.py
[2025-11-16T20:50:58.581+0000] {processor.py:914} INFO - Processing file /home/airflow/.local/lib/python3.12/site-packages/airflow/example_dags/example_dag_decorator.py for tasks to queue
[2025-11-16T20:50:58.583+0000] {logging_mixin.py:190} INFO - [2025-11-16T20:50:58.583+0000] {dagbag.py:588} INFO - Filling up the DagBag from /home/airflow/.local/lib/python3.12/site-packages/airflow/example_dags/example_dag_decorator.py
[2025-11-16T20:50:58.663+0000] {processor.py:925} INFO - DAG(s) 'example_dag_decorator' retrieved from /home/airflow/.local/lib/python3.12/site-packages/airflow/example_dags/example_dag_decorator.py
[2025-11-16T20:50:58.896+0000] {logging_mixin.py:190} INFO - [2025-11-16T20:50:58.896+0000] {dag.py:3239} INFO - Sync 1 DAGs
[2025-11-16T20:50:58.903+0000] {logging_mixin.py:190} INFO - [2025-11-16T20:50:58.903+0000] {dag.py:4180} INFO - Setting next_dagrun for example_dag_decorator to None, run_after=None
[2025-11-16T20:50:58.920+0000] {processor.py:208} INFO - Processing /home/airflow/.local/lib/python3.12/site-packages/airflow/example_dags/example_dag_decorator.py took 0.346 seconds
[2025-11-16T20:51:29.086+0000] {processor.py:186} INFO - Started process (PID=3575) to work on /home/airflow/.local/lib/python3.12/site-packages/airflow/example_dags/example_dag_decorator.py
[2025-11-16T20:51:29.086+0000] {processor.py:914} INFO - Processing file /home/airflow/.local/lib/python3.12/site-packages/airflow/example_dags/example_dag_decorator.py for tasks to queue
[2025-11-16T20:51:29.089+0000] {logging_mixin.py:190} INFO - [2025-11-16T20:51:29.089+0000] {dagbag.py:588} INFO - Filling up the DagBag from /home/airflow/.local/lib/python3.12/site-packages/airflow/example_dags/example_dag_decorator.py
[2025-11-16T20:51:29.160+0000] {processor.py:925} INFO - DAG(s) 'example_dag_decorator' retrieved from /home/airflow/.local/lib/python3.12/site-packages/airflow/example_dags/example_dag_decorator.py
[2025-11-16T20:51:29.373+0000] {logging_mixin.py:190} INFO - [2025-11-16T20:51:29.373+0000] {dag.py:3239} INFO - Sync 1 DAGs
[2025-11-16T20:51:29.380+0000] {logging_mixin.py:190} INFO - [2025-11-16T20:51:29.380+0000] {dag.py:4180} INFO - Setting next_dagrun for example_dag_decorator to None, run_after=None
[2025-11-16T20:51:29.394+0000] {processor.py:208} INFO - Processing /home/airflow/.local/lib/python3.12/site-packages/airflow/example_dags/example_dag_decorator.py took 0.312 seconds
[2025-11-16T20:52:00.185+0000] {processor.py:186} INFO - Started process (PID=3640) to work on /home/airflow/.local/lib/python3.12/site-packages/airflow/example_dags/example_dag_decorator.py
[2025-11-16T20:52:00.186+0000] {processor.py:914} INFO - Processing file /home/airflow/.local/lib/python3.12/site-packages/airflow/example_dags/example_dag_decorator.py for tasks to queue
[2025-11-16T20:52:00.188+0000] {logging_mixin.py:190} INFO - [2025-11-16T20:52:00.187+0000] {dagbag.py:588} INFO - Filling up the DagBag from /home/airflow/.local/lib/python3.12/site-packages/airflow/example_dags/example_dag_decorator.py
[2025-11-16T20:52:00.261+0000] {processor.py:925} INFO - DAG(s) 'example_dag_decorator' retrieved from /home/airflow/.local/lib/python3.12/site-packages/airflow/example_dags/example_dag_decorator.py
[2025-11-16T20:52:00.458+0000] {logging_mixin.py:190} INFO - [2025-11-16T20:52:00.458+0000] {dag.py:3239} INFO - Sync 1 DAGs
[2025-11-16T20:52:00.465+0000] {logging_mixin.py:190} INFO - [2025-11-16T20:52:00.465+0000] {dag.py:4180} INFO - Setting next_dagrun for example_dag_decorator to None, run_after=None
[2025-11-16T20:52:00.479+0000] {processor.py:208} INFO - Processing /home/airflow/.local/lib/python3.12/site-packages/airflow/example_dags/example_dag_decorator.py took 0.299 seconds
[2025-11-16T20:52:30.556+0000] {processor.py:186} INFO - Started process (PID=3704) to work on /home/airflow/.local/lib/python3.12/site-packages/airflow/example_dags/example_dag_decorator.py
[2025-11-16T20:52:30.557+0000] {processor.py:914} INFO - Processing file /home/airflow/.local/lib/python3.12/site-packages/airflow/example_dags/example_dag_decorator.py for tasks to queue
[2025-11-16T20:52:30.558+0000] {logging_mixin.py:190} INFO - [2025-11-16T20:52:30.558+0000] {dagbag.py:588} INFO - Filling up the DagBag from /home/airflow/.local/lib/python3.12/site-packages/airflow/example_dags/example_dag_decorator.py
[2025-11-16T20:52:30.627+0000] {processor.py:925} INFO - DAG(s) 'example_dag_decorator' retrieved from /home/airflow/.local/lib/python3.12/site-packages/airflow/example_dags/example_dag_decorator.py
[2025-11-16T20:52:30.813+0000] {logging_mixin.py:190} INFO - [2025-11-16T20:52:30.813+0000] {dag.py:3239} INFO - Sync 1 DAGs
[2025-11-16T20:52:30.820+0000] {logging_mixin.py:190} INFO - [2025-11-16T20:52:30.820+0000] {dag.py:4180} INFO - Setting next_dagrun for example_dag_decorator to None, run_after=None
[2025-11-16T20:52:30.833+0000] {processor.py:208} INFO - Processing /home/airflow/.local/lib/python3.12/site-packages/airflow/example_dags/example_dag_decorator.py took 0.281 seconds
[2025-11-16T20:53:01.498+0000] {processor.py:186} INFO - Started process (PID=3770) to work on /home/airflow/.local/lib/python3.12/site-packages/airflow/example_dags/example_dag_decorator.py
[2025-11-16T20:53:01.499+0000] {processor.py:914} INFO - Processing file /home/airflow/.local/lib/python3.12/site-packages/airflow/example_dags/example_dag_decorator.py for tasks to queue
[2025-11-16T20:53:01.501+0000] {logging_mixin.py:190} INFO - [2025-11-16T20:53:01.501+0000] {dagbag.py:588} INFO - Filling up the DagBag from /home/airflow/.local/lib/python3.12/site-packages/airflow/example_dags/example_dag_decorator.py
[2025-11-16T20:53:01.568+0000] {processor.py:925} INFO - DAG(s) 'example_dag_decorator' retrieved from /home/airflow/.local/lib/python3.12/site-packages/airflow/example_dags/example_dag_decorator.py
[2025-11-16T20:53:01.761+0000] {logging_mixin.py:190} INFO - [2025-11-16T20:53:01.761+0000] {dag.py:3239} INFO - Sync 1 DAGs
[2025-11-16T20:53:01.769+0000] {logging_mixin.py:190} INFO - [2025-11-16T20:53:01.769+0000] {dag.py:4180} INFO - Setting next_dagrun for example_dag_decorator to None, run_after=None
[2025-11-16T20:53:01.780+0000] {processor.py:208} INFO - Processing /home/airflow/.local/lib/python3.12/site-packages/airflow/example_dags/example_dag_decorator.py took 0.287 seconds
[2025-11-16T20:53:32.244+0000] {processor.py:186} INFO - Started process (PID=3835) to work on /home/airflow/.local/lib/python3.12/site-packages/airflow/example_dags/example_dag_decorator.py
[2025-11-16T20:53:32.245+0000] {processor.py:914} INFO - Processing file /home/airflow/.local/lib/python3.12/site-packages/airflow/example_dags/example_dag_decorator.py for tasks to queue
[2025-11-16T20:53:32.247+0000] {logging_mixin.py:190} INFO - [2025-11-16T20:53:32.247+0000] {dagbag.py:588} INFO - Filling up the DagBag from /home/airflow/.local/lib/python3.12/site-packages/airflow/example_dags/example_dag_decorator.py
[2025-11-16T20:53:32.450+0000] {processor.py:925} INFO - DAG(s) 'example_dag_decorator' retrieved from /home/airflow/.local/lib/python3.12/site-packages/airflow/example_dags/example_dag_decorator.py
[2025-11-16T20:53:32.510+0000] {logging_mixin.py:190} INFO - [2025-11-16T20:53:32.509+0000] {dag.py:3239} INFO - Sync 1 DAGs
[2025-11-16T20:53:32.516+0000] {logging_mixin.py:190} INFO - [2025-11-16T20:53:32.516+0000] {dag.py:4180} INFO - Setting next_dagrun for example_dag_decorator to None, run_after=None
[2025-11-16T20:53:32.531+0000] {processor.py:208} INFO - Processing /home/airflow/.local/lib/python3.12/site-packages/airflow/example_dags/example_dag_decorator.py took 0.292 seconds
[2025-11-16T20:54:03.162+0000] {processor.py:186} INFO - Started process (PID=3900) to work on /home/airflow/.local/lib/python3.12/site-packages/airflow/example_dags/example_dag_decorator.py
[2025-11-16T20:54:03.162+0000] {processor.py:914} INFO - Processing file /home/airflow/.local/lib/python3.12/site-packages/airflow/example_dags/example_dag_decorator.py for tasks to queue
[2025-11-16T20:54:03.164+0000] {logging_mixin.py:190} INFO - [2025-11-16T20:54:03.164+0000] {dagbag.py:588} INFO - Filling up the DagBag from /home/airflow/.local/lib/python3.12/site-packages/airflow/example_dags/example_dag_decorator.py
[2025-11-16T20:54:03.365+0000] {processor.py:925} INFO - DAG(s) 'example_dag_decorator' retrieved from /home/airflow/.local/lib/python3.12/site-packages/airflow/example_dags/example_dag_decorator.py
[2025-11-16T20:54:03.426+0000] {logging_mixin.py:190} INFO - [2025-11-16T20:54:03.426+0000] {dag.py:3239} INFO - Sync 1 DAGs
[2025-11-16T20:54:03.432+0000] {logging_mixin.py:190} INFO - [2025-11-16T20:54:03.432+0000] {dag.py:4180} INFO - Setting next_dagrun for example_dag_decorator to None, run_after=None
[2025-11-16T20:54:03.443+0000] {processor.py:208} INFO - Processing /home/airflow/.local/lib/python3.12/site-packages/airflow/example_dags/example_dag_decorator.py took 0.286 seconds
[2025-11-16T20:54:33.908+0000] {processor.py:186} INFO - Started process (PID=3965) to work on /home/airflow/.local/lib/python3.12/site-packages/airflow/example_dags/example_dag_decorator.py
[2025-11-16T20:54:33.909+0000] {processor.py:914} INFO - Processing file /home/airflow/.local/lib/python3.12/site-packages/airflow/example_dags/example_dag_decorator.py for tasks to queue
[2025-11-16T20:54:33.912+0000] {logging_mixin.py:190} INFO - [2025-11-16T20:54:33.911+0000] {dagbag.py:588} INFO - Filling up the DagBag from /home/airflow/.local/lib/python3.12/site-packages/airflow/example_dags/example_dag_decorator.py
[2025-11-16T20:54:33.988+0000] {processor.py:925} INFO - DAG(s) 'example_dag_decorator' retrieved from /home/airflow/.local/lib/python3.12/site-packages/airflow/example_dags/example_dag_decorator.py
[2025-11-16T20:54:34.180+0000] {logging_mixin.py:190} INFO - [2025-11-16T20:54:34.180+0000] {dag.py:3239} INFO - Sync 1 DAGs
[2025-11-16T20:54:34.187+0000] {logging_mixin.py:190} INFO - [2025-11-16T20:54:34.187+0000] {dag.py:4180} INFO - Setting next_dagrun for example_dag_decorator to None, run_after=None
[2025-11-16T20:54:34.200+0000] {processor.py:208} INFO - Processing /home/airflow/.local/lib/python3.12/site-packages/airflow/example_dags/example_dag_decorator.py took 0.296 seconds
[2025-11-16T20:55:04.259+0000] {processor.py:186} INFO - Started process (PID=4029) to work on /home/airflow/.local/lib/python3.12/site-packages/airflow/example_dags/example_dag_decorator.py
[2025-11-16T20:55:04.260+0000] {processor.py:914} INFO - Processing file /home/airflow/.local/lib/python3.12/site-packages/airflow/example_dags/example_dag_decorator.py for tasks to queue
[2025-11-16T20:55:04.262+0000] {logging_mixin.py:190} INFO - [2025-11-16T20:55:04.262+0000] {dagbag.py:588} INFO - Filling up the DagBag from /home/airflow/.local/lib/python3.12/site-packages/airflow/example_dags/example_dag_decorator.py
[2025-11-16T20:55:04.485+0000] {processor.py:925} INFO - DAG(s) 'example_dag_decorator' retrieved from /home/airflow/.local/lib/python3.12/site-packages/airflow/example_dags/example_dag_decorator.py
[2025-11-16T20:55:04.551+0000] {logging_mixin.py:190} INFO - [2025-11-16T20:55:04.550+0000] {dag.py:3239} INFO - Sync 1 DAGs
[2025-11-16T20:55:04.558+0000] {logging_mixin.py:190} INFO - [2025-11-16T20:55:04.558+0000] {dag.py:4180} INFO - Setting next_dagrun for example_dag_decorator to None, run_after=None
[2025-11-16T20:55:04.571+0000] {processor.py:208} INFO - Processing /home/airflow/.local/lib/python3.12/site-packages/airflow/example_dags/example_dag_decorator.py took 0.317 seconds
[2025-11-16T20:55:34.819+0000] {processor.py:186} INFO - Started process (PID=4094) to work on /home/airflow/.local/lib/python3.12/site-packages/airflow/example_dags/example_dag_decorator.py
[2025-11-16T20:55:34.820+0000] {processor.py:914} INFO - Processing file /home/airflow/.local/lib/python3.12/site-packages/airflow/example_dags/example_dag_decorator.py for tasks to queue
[2025-11-16T20:55:34.822+0000] {logging_mixin.py:190} INFO - [2025-11-16T20:55:34.822+0000] {dagbag.py:588} INFO - Filling up the DagBag from /home/airflow/.local/lib/python3.12/site-packages/airflow/example_dags/example_dag_decorator.py
[2025-11-16T20:55:35.015+0000] {processor.py:925} INFO - DAG(s) 'example_dag_decorator' retrieved from /home/airflow/.local/lib/python3.12/site-packages/airflow/example_dags/example_dag_decorator.py
[2025-11-16T20:55:35.076+0000] {logging_mixin.py:190} INFO - [2025-11-16T20:55:35.075+0000] {dag.py:3239} INFO - Sync 1 DAGs
[2025-11-16T20:55:35.083+0000] {logging_mixin.py:190} INFO - [2025-11-16T20:55:35.082+0000] {dag.py:4180} INFO - Setting next_dagrun for example_dag_decorator to None, run_after=None
[2025-11-16T20:55:35.094+0000] {processor.py:208} INFO - Processing /home/airflow/.local/lib/python3.12/site-packages/airflow/example_dags/example_dag_decorator.py took 0.278 seconds
[2025-11-16T20:56:05.472+0000] {processor.py:186} INFO - Started process (PID=4161) to work on /home/airflow/.local/lib/python3.12/site-packages/airflow/example_dags/example_dag_decorator.py
[2025-11-16T20:56:05.473+0000] {processor.py:914} INFO - Processing file /home/airflow/.local/lib/python3.12/site-packages/airflow/example_dags/example_dag_decorator.py for tasks to queue
[2025-11-16T20:56:05.475+0000] {logging_mixin.py:190} INFO - [2025-11-16T20:56:05.475+0000] {dagbag.py:588} INFO - Filling up the DagBag from /home/airflow/.local/lib/python3.12/site-packages/airflow/example_dags/example_dag_decorator.py
[2025-11-16T20:56:05.691+0000] {processor.py:925} INFO - DAG(s) 'example_dag_decorator' retrieved from /home/airflow/.local/lib/python3.12/site-packages/airflow/example_dags/example_dag_decorator.py
[2025-11-16T20:56:05.755+0000] {logging_mixin.py:190} INFO - [2025-11-16T20:56:05.755+0000] {dag.py:3239} INFO - Sync 1 DAGs
[2025-11-16T20:56:05.762+0000] {logging_mixin.py:190} INFO - [2025-11-16T20:56:05.762+0000] {dag.py:4180} INFO - Setting next_dagrun for example_dag_decorator to None, run_after=None
[2025-11-16T20:56:05.773+0000] {processor.py:208} INFO - Processing /home/airflow/.local/lib/python3.12/site-packages/airflow/example_dags/example_dag_decorator.py took 0.306 seconds
[2025-11-16T20:56:36.368+0000] {processor.py:186} INFO - Started process (PID=4225) to work on /home/airflow/.local/lib/python3.12/site-packages/airflow/example_dags/example_dag_decorator.py
[2025-11-16T20:56:36.369+0000] {processor.py:914} INFO - Processing file /home/airflow/.local/lib/python3.12/site-packages/airflow/example_dags/example_dag_decorator.py for tasks to queue
[2025-11-16T20:56:36.371+0000] {logging_mixin.py:190} INFO - [2025-11-16T20:56:36.371+0000] {dagbag.py:588} INFO - Filling up the DagBag from /home/airflow/.local/lib/python3.12/site-packages/airflow/example_dags/example_dag_decorator.py
[2025-11-16T20:56:36.596+0000] {processor.py:925} INFO - DAG(s) 'example_dag_decorator' retrieved from /home/airflow/.local/lib/python3.12/site-packages/airflow/example_dags/example_dag_decorator.py
[2025-11-16T20:56:36.661+0000] {logging_mixin.py:190} INFO - [2025-11-16T20:56:36.660+0000] {dag.py:3239} INFO - Sync 1 DAGs
[2025-11-16T20:56:36.668+0000] {logging_mixin.py:190} INFO - [2025-11-16T20:56:36.668+0000] {dag.py:4180} INFO - Setting next_dagrun for example_dag_decorator to None, run_after=None
[2025-11-16T20:56:36.681+0000] {processor.py:208} INFO - Processing /home/airflow/.local/lib/python3.12/site-packages/airflow/example_dags/example_dag_decorator.py took 0.317 seconds
[2025-11-16T20:57:36.843+0000] {processor.py:186} INFO - Started process (PID=89) to work on /home/airflow/.local/lib/python3.12/site-packages/airflow/example_dags/example_dag_decorator.py
[2025-11-16T20:57:36.844+0000] {processor.py:914} INFO - Processing file /home/airflow/.local/lib/python3.12/site-packages/airflow/example_dags/example_dag_decorator.py for tasks to queue
[2025-11-16T20:57:36.846+0000] {logging_mixin.py:190} INFO - [2025-11-16T20:57:36.845+0000] {dagbag.py:588} INFO - Filling up the DagBag from /home/airflow/.local/lib/python3.12/site-packages/airflow/example_dags/example_dag_decorator.py
[2025-11-16T20:57:36.914+0000] {processor.py:925} INFO - DAG(s) 'example_dag_decorator' retrieved from /home/airflow/.local/lib/python3.12/site-packages/airflow/example_dags/example_dag_decorator.py
[2025-11-16T20:57:36.984+0000] {logging_mixin.py:190} INFO - [2025-11-16T20:57:36.984+0000] {dag.py:3239} INFO - Sync 1 DAGs
[2025-11-16T20:57:36.992+0000] {logging_mixin.py:190} INFO - [2025-11-16T20:57:36.992+0000] {dag.py:4180} INFO - Setting next_dagrun for example_dag_decorator to None, run_after=None
[2025-11-16T20:57:37.003+0000] {processor.py:208} INFO - Processing /home/airflow/.local/lib/python3.12/site-packages/airflow/example_dags/example_dag_decorator.py took 0.165 seconds
[2025-11-16T20:58:09.352+0000] {processor.py:186} INFO - Started process (PID=184) to work on /home/airflow/.local/lib/python3.12/site-packages/airflow/example_dags/example_dag_decorator.py
[2025-11-16T20:58:09.354+0000] {processor.py:914} INFO - Processing file /home/airflow/.local/lib/python3.12/site-packages/airflow/example_dags/example_dag_decorator.py for tasks to queue
[2025-11-16T20:58:09.358+0000] {logging_mixin.py:190} INFO - [2025-11-16T20:58:09.357+0000] {dagbag.py:588} INFO - Filling up the DagBag from /home/airflow/.local/lib/python3.12/site-packages/airflow/example_dags/example_dag_decorator.py
[2025-11-16T20:58:09.558+0000] {processor.py:925} INFO - DAG(s) 'example_dag_decorator' retrieved from /home/airflow/.local/lib/python3.12/site-packages/airflow/example_dags/example_dag_decorator.py
[2025-11-16T20:58:09.763+0000] {logging_mixin.py:190} INFO - [2025-11-16T20:58:09.763+0000] {dag.py:3239} INFO - Sync 1 DAGs
[2025-11-16T20:58:09.775+0000] {logging_mixin.py:190} INFO - [2025-11-16T20:58:09.775+0000] {dag.py:4180} INFO - Setting next_dagrun for example_dag_decorator to None, run_after=None
[2025-11-16T20:58:09.798+0000] {processor.py:208} INFO - Processing /home/airflow/.local/lib/python3.12/site-packages/airflow/example_dags/example_dag_decorator.py took 0.457 seconds
[2025-11-16T20:58:40.391+0000] {processor.py:186} INFO - Started process (PID=249) to work on /home/airflow/.local/lib/python3.12/site-packages/airflow/example_dags/example_dag_decorator.py
[2025-11-16T20:58:40.393+0000] {processor.py:914} INFO - Processing file /home/airflow/.local/lib/python3.12/site-packages/airflow/example_dags/example_dag_decorator.py for tasks to queue
[2025-11-16T20:58:40.395+0000] {logging_mixin.py:190} INFO - [2025-11-16T20:58:40.395+0000] {dagbag.py:588} INFO - Filling up the DagBag from /home/airflow/.local/lib/python3.12/site-packages/airflow/example_dags/example_dag_decorator.py
[2025-11-16T20:58:40.476+0000] {processor.py:925} INFO - DAG(s) 'example_dag_decorator' retrieved from /home/airflow/.local/lib/python3.12/site-packages/airflow/example_dags/example_dag_decorator.py
[2025-11-16T20:58:40.554+0000] {logging_mixin.py:190} INFO - [2025-11-16T20:58:40.554+0000] {dag.py:3239} INFO - Sync 1 DAGs
[2025-11-16T20:58:40.565+0000] {logging_mixin.py:190} INFO - [2025-11-16T20:58:40.564+0000] {dag.py:4180} INFO - Setting next_dagrun for example_dag_decorator to None, run_after=None
[2025-11-16T20:58:40.579+0000] {processor.py:208} INFO - Processing /home/airflow/.local/lib/python3.12/site-packages/airflow/example_dags/example_dag_decorator.py took 0.192 seconds
[2025-11-16T20:59:11.194+0000] {processor.py:186} INFO - Started process (PID=313) to work on /home/airflow/.local/lib/python3.12/site-packages/airflow/example_dags/example_dag_decorator.py
[2025-11-16T20:59:11.195+0000] {processor.py:914} INFO - Processing file /home/airflow/.local/lib/python3.12/site-packages/airflow/example_dags/example_dag_decorator.py for tasks to queue
[2025-11-16T20:59:11.197+0000] {logging_mixin.py:190} INFO - [2025-11-16T20:59:11.197+0000] {dagbag.py:588} INFO - Filling up the DagBag from /home/airflow/.local/lib/python3.12/site-packages/airflow/example_dags/example_dag_decorator.py
[2025-11-16T20:59:11.270+0000] {processor.py:925} INFO - DAG(s) 'example_dag_decorator' retrieved from /home/airflow/.local/lib/python3.12/site-packages/airflow/example_dags/example_dag_decorator.py
[2025-11-16T20:59:11.345+0000] {logging_mixin.py:190} INFO - [2025-11-16T20:59:11.345+0000] {dag.py:3239} INFO - Sync 1 DAGs
[2025-11-16T20:59:11.354+0000] {logging_mixin.py:190} INFO - [2025-11-16T20:59:11.354+0000] {dag.py:4180} INFO - Setting next_dagrun for example_dag_decorator to None, run_after=None
[2025-11-16T20:59:11.372+0000] {processor.py:208} INFO - Processing /home/airflow/.local/lib/python3.12/site-packages/airflow/example_dags/example_dag_decorator.py took 0.183 seconds
[2025-11-16T20:59:41.555+0000] {processor.py:186} INFO - Started process (PID=378) to work on /home/airflow/.local/lib/python3.12/site-packages/airflow/example_dags/example_dag_decorator.py
[2025-11-16T20:59:41.556+0000] {processor.py:914} INFO - Processing file /home/airflow/.local/lib/python3.12/site-packages/airflow/example_dags/example_dag_decorator.py for tasks to queue
[2025-11-16T20:59:41.557+0000] {logging_mixin.py:190} INFO - [2025-11-16T20:59:41.557+0000] {dagbag.py:588} INFO - Filling up the DagBag from /home/airflow/.local/lib/python3.12/site-packages/airflow/example_dags/example_dag_decorator.py
[2025-11-16T20:59:41.628+0000] {processor.py:925} INFO - DAG(s) 'example_dag_decorator' retrieved from /home/airflow/.local/lib/python3.12/site-packages/airflow/example_dags/example_dag_decorator.py
[2025-11-16T20:59:41.698+0000] {logging_mixin.py:190} INFO - [2025-11-16T20:59:41.698+0000] {dag.py:3239} INFO - Sync 1 DAGs
[2025-11-16T20:59:41.706+0000] {logging_mixin.py:190} INFO - [2025-11-16T20:59:41.706+0000] {dag.py:4180} INFO - Setting next_dagrun for example_dag_decorator to None, run_after=None
[2025-11-16T20:59:41.721+0000] {processor.py:208} INFO - Processing /home/airflow/.local/lib/python3.12/site-packages/airflow/example_dags/example_dag_decorator.py took 0.171 seconds
[2025-11-16T21:00:12.880+0000] {processor.py:186} INFO - Started process (PID=443) to work on /home/airflow/.local/lib/python3.12/site-packages/airflow/example_dags/example_dag_decorator.py
[2025-11-16T21:00:12.881+0000] {processor.py:914} INFO - Processing file /home/airflow/.local/lib/python3.12/site-packages/airflow/example_dags/example_dag_decorator.py for tasks to queue
[2025-11-16T21:00:12.883+0000] {logging_mixin.py:190} INFO - [2025-11-16T21:00:12.883+0000] {dagbag.py:588} INFO - Filling up the DagBag from /home/airflow/.local/lib/python3.12/site-packages/airflow/example_dags/example_dag_decorator.py
[2025-11-16T21:00:12.955+0000] {processor.py:925} INFO - DAG(s) 'example_dag_decorator' retrieved from /home/airflow/.local/lib/python3.12/site-packages/airflow/example_dags/example_dag_decorator.py
[2025-11-16T21:00:12.972+0000] {logging_mixin.py:190} INFO - [2025-11-16T21:00:12.972+0000] {dag.py:3239} INFO - Sync 1 DAGs
[2025-11-16T21:00:12.983+0000] {logging_mixin.py:190} INFO - [2025-11-16T21:00:12.983+0000] {dag.py:4180} INFO - Setting next_dagrun for example_dag_decorator to None, run_after=None
[2025-11-16T21:00:12.998+0000] {processor.py:208} INFO - Processing /home/airflow/.local/lib/python3.12/site-packages/airflow/example_dags/example_dag_decorator.py took 0.122 seconds
[2025-11-16T21:00:43.434+0000] {processor.py:186} INFO - Started process (PID=508) to work on /home/airflow/.local/lib/python3.12/site-packages/airflow/example_dags/example_dag_decorator.py
[2025-11-16T21:00:43.435+0000] {processor.py:914} INFO - Processing file /home/airflow/.local/lib/python3.12/site-packages/airflow/example_dags/example_dag_decorator.py for tasks to queue
[2025-11-16T21:00:43.437+0000] {logging_mixin.py:190} INFO - [2025-11-16T21:00:43.437+0000] {dagbag.py:588} INFO - Filling up the DagBag from /home/airflow/.local/lib/python3.12/site-packages/airflow/example_dags/example_dag_decorator.py
[2025-11-16T21:00:43.503+0000] {processor.py:925} INFO - DAG(s) 'example_dag_decorator' retrieved from /home/airflow/.local/lib/python3.12/site-packages/airflow/example_dags/example_dag_decorator.py
[2025-11-16T21:00:43.572+0000] {logging_mixin.py:190} INFO - [2025-11-16T21:00:43.572+0000] {dag.py:3239} INFO - Sync 1 DAGs
[2025-11-16T21:00:43.581+0000] {logging_mixin.py:190} INFO - [2025-11-16T21:00:43.581+0000] {dag.py:4180} INFO - Setting next_dagrun for example_dag_decorator to None, run_after=None
[2025-11-16T21:00:43.595+0000] {processor.py:208} INFO - Processing /home/airflow/.local/lib/python3.12/site-packages/airflow/example_dags/example_dag_decorator.py took 0.166 seconds
[2025-11-16T21:01:14.700+0000] {processor.py:186} INFO - Started process (PID=573) to work on /home/airflow/.local/lib/python3.12/site-packages/airflow/example_dags/example_dag_decorator.py
[2025-11-16T21:01:14.701+0000] {processor.py:914} INFO - Processing file /home/airflow/.local/lib/python3.12/site-packages/airflow/example_dags/example_dag_decorator.py for tasks to queue
[2025-11-16T21:01:14.704+0000] {logging_mixin.py:190} INFO - [2025-11-16T21:01:14.703+0000] {dagbag.py:588} INFO - Filling up the DagBag from /home/airflow/.local/lib/python3.12/site-packages/airflow/example_dags/example_dag_decorator.py
[2025-11-16T21:01:14.778+0000] {processor.py:925} INFO - DAG(s) 'example_dag_decorator' retrieved from /home/airflow/.local/lib/python3.12/site-packages/airflow/example_dags/example_dag_decorator.py
[2025-11-16T21:01:14.854+0000] {logging_mixin.py:190} INFO - [2025-11-16T21:01:14.854+0000] {dag.py:3239} INFO - Sync 1 DAGs
[2025-11-16T21:01:14.863+0000] {logging_mixin.py:190} INFO - [2025-11-16T21:01:14.863+0000] {dag.py:4180} INFO - Setting next_dagrun for example_dag_decorator to None, run_after=None
[2025-11-16T21:01:14.879+0000] {processor.py:208} INFO - Processing /home/airflow/.local/lib/python3.12/site-packages/airflow/example_dags/example_dag_decorator.py took 0.184 seconds
[2025-11-16T21:01:46.165+0000] {processor.py:186} INFO - Started process (PID=638) to work on /home/airflow/.local/lib/python3.12/site-packages/airflow/example_dags/example_dag_decorator.py
[2025-11-16T21:01:46.166+0000] {processor.py:914} INFO - Processing file /home/airflow/.local/lib/python3.12/site-packages/airflow/example_dags/example_dag_decorator.py for tasks to queue
[2025-11-16T21:01:46.168+0000] {logging_mixin.py:190} INFO - [2025-11-16T21:01:46.168+0000] {dagbag.py:588} INFO - Filling up the DagBag from /home/airflow/.local/lib/python3.12/site-packages/airflow/example_dags/example_dag_decorator.py
[2025-11-16T21:01:46.233+0000] {processor.py:925} INFO - DAG(s) 'example_dag_decorator' retrieved from /home/airflow/.local/lib/python3.12/site-packages/airflow/example_dags/example_dag_decorator.py
[2025-11-16T21:01:46.303+0000] {logging_mixin.py:190} INFO - [2025-11-16T21:01:46.302+0000] {dag.py:3239} INFO - Sync 1 DAGs
[2025-11-16T21:01:46.310+0000] {logging_mixin.py:190} INFO - [2025-11-16T21:01:46.310+0000] {dag.py:4180} INFO - Setting next_dagrun for example_dag_decorator to None, run_after=None
[2025-11-16T21:01:46.323+0000] {processor.py:208} INFO - Processing /home/airflow/.local/lib/python3.12/site-packages/airflow/example_dags/example_dag_decorator.py took 0.162 seconds
[2025-11-16T21:02:17.578+0000] {processor.py:186} INFO - Started process (PID=703) to work on /home/airflow/.local/lib/python3.12/site-packages/airflow/example_dags/example_dag_decorator.py
[2025-11-16T21:02:17.579+0000] {processor.py:914} INFO - Processing file /home/airflow/.local/lib/python3.12/site-packages/airflow/example_dags/example_dag_decorator.py for tasks to queue
[2025-11-16T21:02:17.581+0000] {logging_mixin.py:190} INFO - [2025-11-16T21:02:17.581+0000] {dagbag.py:588} INFO - Filling up the DagBag from /home/airflow/.local/lib/python3.12/site-packages/airflow/example_dags/example_dag_decorator.py
[2025-11-16T21:02:17.651+0000] {processor.py:925} INFO - DAG(s) 'example_dag_decorator' retrieved from /home/airflow/.local/lib/python3.12/site-packages/airflow/example_dags/example_dag_decorator.py
[2025-11-16T21:02:17.723+0000] {logging_mixin.py:190} INFO - [2025-11-16T21:02:17.722+0000] {dag.py:3239} INFO - Sync 1 DAGs
[2025-11-16T21:02:17.732+0000] {logging_mixin.py:190} INFO - [2025-11-16T21:02:17.732+0000] {dag.py:4180} INFO - Setting next_dagrun for example_dag_decorator to None, run_after=None
[2025-11-16T21:02:17.746+0000] {processor.py:208} INFO - Processing /home/airflow/.local/lib/python3.12/site-packages/airflow/example_dags/example_dag_decorator.py took 0.172 seconds
[2025-11-16T21:02:49.104+0000] {processor.py:186} INFO - Started process (PID=768) to work on /home/airflow/.local/lib/python3.12/site-packages/airflow/example_dags/example_dag_decorator.py
[2025-11-16T21:02:49.105+0000] {processor.py:914} INFO - Processing file /home/airflow/.local/lib/python3.12/site-packages/airflow/example_dags/example_dag_decorator.py for tasks to queue
[2025-11-16T21:02:49.107+0000] {logging_mixin.py:190} INFO - [2025-11-16T21:02:49.107+0000] {dagbag.py:588} INFO - Filling up the DagBag from /home/airflow/.local/lib/python3.12/site-packages/airflow/example_dags/example_dag_decorator.py
[2025-11-16T21:02:49.174+0000] {processor.py:925} INFO - DAG(s) 'example_dag_decorator' retrieved from /home/airflow/.local/lib/python3.12/site-packages/airflow/example_dags/example_dag_decorator.py
[2025-11-16T21:02:49.254+0000] {logging_mixin.py:190} INFO - [2025-11-16T21:02:49.254+0000] {dag.py:3239} INFO - Sync 1 DAGs
[2025-11-16T21:02:49.264+0000] {logging_mixin.py:190} INFO - [2025-11-16T21:02:49.264+0000] {dag.py:4180} INFO - Setting next_dagrun for example_dag_decorator to None, run_after=None
[2025-11-16T21:02:49.278+0000] {processor.py:208} INFO - Processing /home/airflow/.local/lib/python3.12/site-packages/airflow/example_dags/example_dag_decorator.py took 0.180 seconds
[2025-11-16T21:03:19.610+0000] {processor.py:186} INFO - Started process (PID=833) to work on /home/airflow/.local/lib/python3.12/site-packages/airflow/example_dags/example_dag_decorator.py
[2025-11-16T21:03:19.611+0000] {processor.py:914} INFO - Processing file /home/airflow/.local/lib/python3.12/site-packages/airflow/example_dags/example_dag_decorator.py for tasks to queue
[2025-11-16T21:03:19.613+0000] {logging_mixin.py:190} INFO - [2025-11-16T21:03:19.612+0000] {dagbag.py:588} INFO - Filling up the DagBag from /home/airflow/.local/lib/python3.12/site-packages/airflow/example_dags/example_dag_decorator.py
[2025-11-16T21:03:19.682+0000] {processor.py:925} INFO - DAG(s) 'example_dag_decorator' retrieved from /home/airflow/.local/lib/python3.12/site-packages/airflow/example_dags/example_dag_decorator.py
[2025-11-16T21:03:19.752+0000] {logging_mixin.py:190} INFO - [2025-11-16T21:03:19.751+0000] {dag.py:3239} INFO - Sync 1 DAGs
[2025-11-16T21:03:19.759+0000] {logging_mixin.py:190} INFO - [2025-11-16T21:03:19.759+0000] {dag.py:4180} INFO - Setting next_dagrun for example_dag_decorator to None, run_after=None
[2025-11-16T21:03:19.774+0000] {processor.py:208} INFO - Processing /home/airflow/.local/lib/python3.12/site-packages/airflow/example_dags/example_dag_decorator.py took 0.169 seconds
[2025-11-16T21:03:50.313+0000] {processor.py:186} INFO - Started process (PID=898) to work on /home/airflow/.local/lib/python3.12/site-packages/airflow/example_dags/example_dag_decorator.py
[2025-11-16T21:03:50.315+0000] {processor.py:914} INFO - Processing file /home/airflow/.local/lib/python3.12/site-packages/airflow/example_dags/example_dag_decorator.py for tasks to queue
[2025-11-16T21:03:50.317+0000] {logging_mixin.py:190} INFO - [2025-11-16T21:03:50.317+0000] {dagbag.py:588} INFO - Filling up the DagBag from /home/airflow/.local/lib/python3.12/site-packages/airflow/example_dags/example_dag_decorator.py
[2025-11-16T21:03:50.380+0000] {processor.py:925} INFO - DAG(s) 'example_dag_decorator' retrieved from /home/airflow/.local/lib/python3.12/site-packages/airflow/example_dags/example_dag_decorator.py
[2025-11-16T21:03:50.443+0000] {logging_mixin.py:190} INFO - [2025-11-16T21:03:50.443+0000] {dag.py:3239} INFO - Sync 1 DAGs
[2025-11-16T21:03:50.450+0000] {logging_mixin.py:190} INFO - [2025-11-16T21:03:50.450+0000] {dag.py:4180} INFO - Setting next_dagrun for example_dag_decorator to None, run_after=None
[2025-11-16T21:03:50.473+0000] {processor.py:208} INFO - Processing /home/airflow/.local/lib/python3.12/site-packages/airflow/example_dags/example_dag_decorator.py took 0.164 seconds
[2025-11-16T21:04:21.580+0000] {processor.py:186} INFO - Started process (PID=963) to work on /home/airflow/.local/lib/python3.12/site-packages/airflow/example_dags/example_dag_decorator.py
[2025-11-16T21:04:21.582+0000] {processor.py:914} INFO - Processing file /home/airflow/.local/lib/python3.12/site-packages/airflow/example_dags/example_dag_decorator.py for tasks to queue
[2025-11-16T21:04:21.584+0000] {logging_mixin.py:190} INFO - [2025-11-16T21:04:21.584+0000] {dagbag.py:588} INFO - Filling up the DagBag from /home/airflow/.local/lib/python3.12/site-packages/airflow/example_dags/example_dag_decorator.py
[2025-11-16T21:04:21.712+0000] {processor.py:925} INFO - DAG(s) 'example_dag_decorator' retrieved from /home/airflow/.local/lib/python3.12/site-packages/airflow/example_dags/example_dag_decorator.py
[2025-11-16T21:04:21.808+0000] {logging_mixin.py:190} INFO - [2025-11-16T21:04:21.808+0000] {dag.py:3239} INFO - Sync 1 DAGs
[2025-11-16T21:04:21.817+0000] {logging_mixin.py:190} INFO - [2025-11-16T21:04:21.817+0000] {dag.py:4180} INFO - Setting next_dagrun for example_dag_decorator to None, run_after=None
[2025-11-16T21:04:21.832+0000] {processor.py:208} INFO - Processing /home/airflow/.local/lib/python3.12/site-packages/airflow/example_dags/example_dag_decorator.py took 0.258 seconds
[2025-11-16T21:04:53.284+0000] {processor.py:186} INFO - Started process (PID=1028) to work on /home/airflow/.local/lib/python3.12/site-packages/airflow/example_dags/example_dag_decorator.py
[2025-11-16T21:04:53.285+0000] {processor.py:914} INFO - Processing file /home/airflow/.local/lib/python3.12/site-packages/airflow/example_dags/example_dag_decorator.py for tasks to queue
[2025-11-16T21:04:53.287+0000] {logging_mixin.py:190} INFO - [2025-11-16T21:04:53.287+0000] {dagbag.py:588} INFO - Filling up the DagBag from /home/airflow/.local/lib/python3.12/site-packages/airflow/example_dags/example_dag_decorator.py
[2025-11-16T21:04:53.382+0000] {processor.py:925} INFO - DAG(s) 'example_dag_decorator' retrieved from /home/airflow/.local/lib/python3.12/site-packages/airflow/example_dags/example_dag_decorator.py
[2025-11-16T21:04:53.451+0000] {logging_mixin.py:190} INFO - [2025-11-16T21:04:53.451+0000] {dag.py:3239} INFO - Sync 1 DAGs
[2025-11-16T21:04:53.460+0000] {logging_mixin.py:190} INFO - [2025-11-16T21:04:53.460+0000] {dag.py:4180} INFO - Setting next_dagrun for example_dag_decorator to None, run_after=None
[2025-11-16T21:04:53.473+0000] {processor.py:208} INFO - Processing /home/airflow/.local/lib/python3.12/site-packages/airflow/example_dags/example_dag_decorator.py took 0.193 seconds
[2025-11-16T21:05:24.542+0000] {processor.py:186} INFO - Started process (PID=1093) to work on /home/airflow/.local/lib/python3.12/site-packages/airflow/example_dags/example_dag_decorator.py
[2025-11-16T21:05:24.543+0000] {processor.py:914} INFO - Processing file /home/airflow/.local/lib/python3.12/site-packages/airflow/example_dags/example_dag_decorator.py for tasks to queue
[2025-11-16T21:05:24.545+0000] {logging_mixin.py:190} INFO - [2025-11-16T21:05:24.545+0000] {dagbag.py:588} INFO - Filling up the DagBag from /home/airflow/.local/lib/python3.12/site-packages/airflow/example_dags/example_dag_decorator.py
[2025-11-16T21:05:24.614+0000] {processor.py:925} INFO - DAG(s) 'example_dag_decorator' retrieved from /home/airflow/.local/lib/python3.12/site-packages/airflow/example_dags/example_dag_decorator.py
[2025-11-16T21:05:24.690+0000] {logging_mixin.py:190} INFO - [2025-11-16T21:05:24.690+0000] {dag.py:3239} INFO - Sync 1 DAGs
[2025-11-16T21:05:24.699+0000] {logging_mixin.py:190} INFO - [2025-11-16T21:05:24.698+0000] {dag.py:4180} INFO - Setting next_dagrun for example_dag_decorator to None, run_after=None
[2025-11-16T21:05:24.712+0000] {processor.py:208} INFO - Processing /home/airflow/.local/lib/python3.12/site-packages/airflow/example_dags/example_dag_decorator.py took 0.174 seconds
[2025-11-16T21:05:56.600+0000] {processor.py:186} INFO - Started process (PID=1159) to work on /home/airflow/.local/lib/python3.12/site-packages/airflow/example_dags/example_dag_decorator.py
[2025-11-16T21:05:56.601+0000] {processor.py:914} INFO - Processing file /home/airflow/.local/lib/python3.12/site-packages/airflow/example_dags/example_dag_decorator.py for tasks to queue
[2025-11-16T21:05:56.603+0000] {logging_mixin.py:190} INFO - [2025-11-16T21:05:56.603+0000] {dagbag.py:588} INFO - Filling up the DagBag from /home/airflow/.local/lib/python3.12/site-packages/airflow/example_dags/example_dag_decorator.py
[2025-11-16T21:05:56.688+0000] {processor.py:925} INFO - DAG(s) 'example_dag_decorator' retrieved from /home/airflow/.local/lib/python3.12/site-packages/airflow/example_dags/example_dag_decorator.py
[2025-11-16T21:05:56.760+0000] {logging_mixin.py:190} INFO - [2025-11-16T21:05:56.759+0000] {dag.py:3239} INFO - Sync 1 DAGs
[2025-11-16T21:05:56.769+0000] {logging_mixin.py:190} INFO - [2025-11-16T21:05:56.769+0000] {dag.py:4180} INFO - Setting next_dagrun for example_dag_decorator to None, run_after=None
[2025-11-16T21:05:56.783+0000] {processor.py:208} INFO - Processing /home/airflow/.local/lib/python3.12/site-packages/airflow/example_dags/example_dag_decorator.py took 0.187 seconds
[2025-11-16T21:06:28.204+0000] {processor.py:186} INFO - Started process (PID=1224) to work on /home/airflow/.local/lib/python3.12/site-packages/airflow/example_dags/example_dag_decorator.py
[2025-11-16T21:06:28.205+0000] {processor.py:914} INFO - Processing file /home/airflow/.local/lib/python3.12/site-packages/airflow/example_dags/example_dag_decorator.py for tasks to queue
[2025-11-16T21:06:28.206+0000] {logging_mixin.py:190} INFO - [2025-11-16T21:06:28.206+0000] {dagbag.py:588} INFO - Filling up the DagBag from /home/airflow/.local/lib/python3.12/site-packages/airflow/example_dags/example_dag_decorator.py
[2025-11-16T21:06:28.290+0000] {processor.py:925} INFO - DAG(s) 'example_dag_decorator' retrieved from /home/airflow/.local/lib/python3.12/site-packages/airflow/example_dags/example_dag_decorator.py
[2025-11-16T21:06:28.396+0000] {logging_mixin.py:190} INFO - [2025-11-16T21:06:28.396+0000] {dag.py:3239} INFO - Sync 1 DAGs
[2025-11-16T21:06:28.403+0000] {logging_mixin.py:190} INFO - [2025-11-16T21:06:28.403+0000] {dag.py:4180} INFO - Setting next_dagrun for example_dag_decorator to None, run_after=None
[2025-11-16T21:06:28.418+0000] {processor.py:208} INFO - Processing /home/airflow/.local/lib/python3.12/site-packages/airflow/example_dags/example_dag_decorator.py took 0.219 seconds
[2025-11-16T21:06:59.628+0000] {processor.py:186} INFO - Started process (PID=1293) to work on /home/airflow/.local/lib/python3.12/site-packages/airflow/example_dags/example_dag_decorator.py
[2025-11-16T21:06:59.629+0000] {processor.py:914} INFO - Processing file /home/airflow/.local/lib/python3.12/site-packages/airflow/example_dags/example_dag_decorator.py for tasks to queue
[2025-11-16T21:06:59.631+0000] {logging_mixin.py:190} INFO - [2025-11-16T21:06:59.630+0000] {dagbag.py:588} INFO - Filling up the DagBag from /home/airflow/.local/lib/python3.12/site-packages/airflow/example_dags/example_dag_decorator.py
[2025-11-16T21:06:59.767+0000] {processor.py:925} INFO - DAG(s) 'example_dag_decorator' retrieved from /home/airflow/.local/lib/python3.12/site-packages/airflow/example_dags/example_dag_decorator.py
[2025-11-16T21:06:59.883+0000] {logging_mixin.py:190} INFO - [2025-11-16T21:06:59.882+0000] {dag.py:3239} INFO - Sync 1 DAGs
[2025-11-16T21:06:59.891+0000] {logging_mixin.py:190} INFO - [2025-11-16T21:06:59.891+0000] {dag.py:4180} INFO - Setting next_dagrun for example_dag_decorator to None, run_after=None
[2025-11-16T21:06:59.905+0000] {processor.py:208} INFO - Processing /home/airflow/.local/lib/python3.12/site-packages/airflow/example_dags/example_dag_decorator.py took 0.281 seconds
[2025-11-16T21:07:30.507+0000] {processor.py:186} INFO - Started process (PID=1358) to work on /home/airflow/.local/lib/python3.12/site-packages/airflow/example_dags/example_dag_decorator.py
[2025-11-16T21:07:30.508+0000] {processor.py:914} INFO - Processing file /home/airflow/.local/lib/python3.12/site-packages/airflow/example_dags/example_dag_decorator.py for tasks to queue
[2025-11-16T21:07:30.511+0000] {logging_mixin.py:190} INFO - [2025-11-16T21:07:30.510+0000] {dagbag.py:588} INFO - Filling up the DagBag from /home/airflow/.local/lib/python3.12/site-packages/airflow/example_dags/example_dag_decorator.py
[2025-11-16T21:07:30.598+0000] {processor.py:925} INFO - DAG(s) 'example_dag_decorator' retrieved from /home/airflow/.local/lib/python3.12/site-packages/airflow/example_dags/example_dag_decorator.py
[2025-11-16T21:07:30.689+0000] {logging_mixin.py:190} INFO - [2025-11-16T21:07:30.689+0000] {dag.py:3239} INFO - Sync 1 DAGs
[2025-11-16T21:07:30.698+0000] {logging_mixin.py:190} INFO - [2025-11-16T21:07:30.698+0000] {dag.py:4180} INFO - Setting next_dagrun for example_dag_decorator to None, run_after=None
[2025-11-16T21:07:30.712+0000] {processor.py:208} INFO - Processing /home/airflow/.local/lib/python3.12/site-packages/airflow/example_dags/example_dag_decorator.py took 0.209 seconds
[2025-11-16T21:08:02.236+0000] {processor.py:186} INFO - Started process (PID=1423) to work on /home/airflow/.local/lib/python3.12/site-packages/airflow/example_dags/example_dag_decorator.py
[2025-11-16T21:08:02.237+0000] {processor.py:914} INFO - Processing file /home/airflow/.local/lib/python3.12/site-packages/airflow/example_dags/example_dag_decorator.py for tasks to queue
[2025-11-16T21:08:02.239+0000] {logging_mixin.py:190} INFO - [2025-11-16T21:08:02.239+0000] {dagbag.py:588} INFO - Filling up the DagBag from /home/airflow/.local/lib/python3.12/site-packages/airflow/example_dags/example_dag_decorator.py
[2025-11-16T21:08:02.311+0000] {processor.py:925} INFO - DAG(s) 'example_dag_decorator' retrieved from /home/airflow/.local/lib/python3.12/site-packages/airflow/example_dags/example_dag_decorator.py
[2025-11-16T21:08:02.396+0000] {logging_mixin.py:190} INFO - [2025-11-16T21:08:02.396+0000] {dag.py:3239} INFO - Sync 1 DAGs
[2025-11-16T21:08:02.404+0000] {logging_mixin.py:190} INFO - [2025-11-16T21:08:02.404+0000] {dag.py:4180} INFO - Setting next_dagrun for example_dag_decorator to None, run_after=None
[2025-11-16T21:08:02.416+0000] {processor.py:208} INFO - Processing /home/airflow/.local/lib/python3.12/site-packages/airflow/example_dags/example_dag_decorator.py took 0.184 seconds
[2025-11-16T21:08:33.395+0000] {processor.py:186} INFO - Started process (PID=1489) to work on /home/airflow/.local/lib/python3.12/site-packages/airflow/example_dags/example_dag_decorator.py
[2025-11-16T21:08:33.396+0000] {processor.py:914} INFO - Processing file /home/airflow/.local/lib/python3.12/site-packages/airflow/example_dags/example_dag_decorator.py for tasks to queue
[2025-11-16T21:08:33.398+0000] {logging_mixin.py:190} INFO - [2025-11-16T21:08:33.398+0000] {dagbag.py:588} INFO - Filling up the DagBag from /home/airflow/.local/lib/python3.12/site-packages/airflow/example_dags/example_dag_decorator.py
[2025-11-16T21:08:33.516+0000] {processor.py:925} INFO - DAG(s) 'example_dag_decorator' retrieved from /home/airflow/.local/lib/python3.12/site-packages/airflow/example_dags/example_dag_decorator.py
[2025-11-16T21:08:33.618+0000] {logging_mixin.py:190} INFO - [2025-11-16T21:08:33.618+0000] {dag.py:3239} INFO - Sync 1 DAGs
[2025-11-16T21:08:33.627+0000] {logging_mixin.py:190} INFO - [2025-11-16T21:08:33.627+0000] {dag.py:4180} INFO - Setting next_dagrun for example_dag_decorator to None, run_after=None
[2025-11-16T21:08:33.642+0000] {processor.py:208} INFO - Processing /home/airflow/.local/lib/python3.12/site-packages/airflow/example_dags/example_dag_decorator.py took 0.251 seconds
[2025-11-16T21:09:03.731+0000] {processor.py:186} INFO - Started process (PID=1556) to work on /home/airflow/.local/lib/python3.12/site-packages/airflow/example_dags/example_dag_decorator.py
[2025-11-16T21:09:03.732+0000] {processor.py:914} INFO - Processing file /home/airflow/.local/lib/python3.12/site-packages/airflow/example_dags/example_dag_decorator.py for tasks to queue
[2025-11-16T21:09:03.734+0000] {logging_mixin.py:190} INFO - [2025-11-16T21:09:03.734+0000] {dagbag.py:588} INFO - Filling up the DagBag from /home/airflow/.local/lib/python3.12/site-packages/airflow/example_dags/example_dag_decorator.py
[2025-11-16T21:09:03.805+0000] {processor.py:925} INFO - DAG(s) 'example_dag_decorator' retrieved from /home/airflow/.local/lib/python3.12/site-packages/airflow/example_dags/example_dag_decorator.py
[2025-11-16T21:09:03.876+0000] {logging_mixin.py:190} INFO - [2025-11-16T21:09:03.876+0000] {dag.py:3239} INFO - Sync 1 DAGs
[2025-11-16T21:09:03.888+0000] {logging_mixin.py:190} INFO - [2025-11-16T21:09:03.888+0000] {dag.py:4180} INFO - Setting next_dagrun for example_dag_decorator to None, run_after=None
[2025-11-16T21:09:03.904+0000] {processor.py:208} INFO - Processing /home/airflow/.local/lib/python3.12/site-packages/airflow/example_dags/example_dag_decorator.py took 0.179 seconds
[2025-11-16T21:09:34.051+0000] {processor.py:186} INFO - Started process (PID=1621) to work on /home/airflow/.local/lib/python3.12/site-packages/airflow/example_dags/example_dag_decorator.py
[2025-11-16T21:09:34.052+0000] {processor.py:914} INFO - Processing file /home/airflow/.local/lib/python3.12/site-packages/airflow/example_dags/example_dag_decorator.py for tasks to queue
[2025-11-16T21:09:34.054+0000] {logging_mixin.py:190} INFO - [2025-11-16T21:09:34.054+0000] {dagbag.py:588} INFO - Filling up the DagBag from /home/airflow/.local/lib/python3.12/site-packages/airflow/example_dags/example_dag_decorator.py
[2025-11-16T21:09:34.125+0000] {processor.py:925} INFO - DAG(s) 'example_dag_decorator' retrieved from /home/airflow/.local/lib/python3.12/site-packages/airflow/example_dags/example_dag_decorator.py
[2025-11-16T21:09:34.203+0000] {logging_mixin.py:190} INFO - [2025-11-16T21:09:34.203+0000] {dag.py:3239} INFO - Sync 1 DAGs
[2025-11-16T21:09:34.213+0000] {logging_mixin.py:190} INFO - [2025-11-16T21:09:34.213+0000] {dag.py:4180} INFO - Setting next_dagrun for example_dag_decorator to None, run_after=None
[2025-11-16T21:09:34.229+0000] {processor.py:208} INFO - Processing /home/airflow/.local/lib/python3.12/site-packages/airflow/example_dags/example_dag_decorator.py took 0.182 seconds
[2025-11-16T21:10:05.834+0000] {processor.py:186} INFO - Started process (PID=1684) to work on /home/airflow/.local/lib/python3.12/site-packages/airflow/example_dags/example_dag_decorator.py
[2025-11-16T21:10:05.835+0000] {processor.py:914} INFO - Processing file /home/airflow/.local/lib/python3.12/site-packages/airflow/example_dags/example_dag_decorator.py for tasks to queue
[2025-11-16T21:10:05.837+0000] {logging_mixin.py:190} INFO - [2025-11-16T21:10:05.837+0000] {dagbag.py:588} INFO - Filling up the DagBag from /home/airflow/.local/lib/python3.12/site-packages/airflow/example_dags/example_dag_decorator.py
[2025-11-16T21:10:05.960+0000] {processor.py:925} INFO - DAG(s) 'example_dag_decorator' retrieved from /home/airflow/.local/lib/python3.12/site-packages/airflow/example_dags/example_dag_decorator.py
[2025-11-16T21:10:06.070+0000] {logging_mixin.py:190} INFO - [2025-11-16T21:10:06.070+0000] {dag.py:3239} INFO - Sync 1 DAGs
[2025-11-16T21:10:06.077+0000] {logging_mixin.py:190} INFO - [2025-11-16T21:10:06.077+0000] {dag.py:4180} INFO - Setting next_dagrun for example_dag_decorator to None, run_after=None
[2025-11-16T21:10:06.090+0000] {processor.py:208} INFO - Processing /home/airflow/.local/lib/python3.12/site-packages/airflow/example_dags/example_dag_decorator.py took 0.261 seconds
[2025-11-16T21:10:37.108+0000] {processor.py:186} INFO - Started process (PID=1749) to work on /home/airflow/.local/lib/python3.12/site-packages/airflow/example_dags/example_dag_decorator.py
[2025-11-16T21:10:37.109+0000] {processor.py:914} INFO - Processing file /home/airflow/.local/lib/python3.12/site-packages/airflow/example_dags/example_dag_decorator.py for tasks to queue
[2025-11-16T21:10:37.112+0000] {logging_mixin.py:190} INFO - [2025-11-16T21:10:37.112+0000] {dagbag.py:588} INFO - Filling up the DagBag from /home/airflow/.local/lib/python3.12/site-packages/airflow/example_dags/example_dag_decorator.py
[2025-11-16T21:10:37.224+0000] {processor.py:925} INFO - DAG(s) 'example_dag_decorator' retrieved from /home/airflow/.local/lib/python3.12/site-packages/airflow/example_dags/example_dag_decorator.py
[2025-11-16T21:10:37.358+0000] {logging_mixin.py:190} INFO - [2025-11-16T21:10:37.358+0000] {dag.py:3239} INFO - Sync 1 DAGs
[2025-11-16T21:10:37.366+0000] {logging_mixin.py:190} INFO - [2025-11-16T21:10:37.366+0000] {dag.py:4180} INFO - Setting next_dagrun for example_dag_decorator to None, run_after=None
[2025-11-16T21:10:37.380+0000] {processor.py:208} INFO - Processing /home/airflow/.local/lib/python3.12/site-packages/airflow/example_dags/example_dag_decorator.py took 0.275 seconds
[2025-11-16T21:11:08.795+0000] {processor.py:186} INFO - Started process (PID=1820) to work on /home/airflow/.local/lib/python3.12/site-packages/airflow/example_dags/example_dag_decorator.py
[2025-11-16T21:11:08.796+0000] {processor.py:914} INFO - Processing file /home/airflow/.local/lib/python3.12/site-packages/airflow/example_dags/example_dag_decorator.py for tasks to queue
[2025-11-16T21:11:08.798+0000] {logging_mixin.py:190} INFO - [2025-11-16T21:11:08.797+0000] {dagbag.py:588} INFO - Filling up the DagBag from /home/airflow/.local/lib/python3.12/site-packages/airflow/example_dags/example_dag_decorator.py
[2025-11-16T21:11:08.913+0000] {processor.py:925} INFO - DAG(s) 'example_dag_decorator' retrieved from /home/airflow/.local/lib/python3.12/site-packages/airflow/example_dags/example_dag_decorator.py
[2025-11-16T21:11:09.022+0000] {logging_mixin.py:190} INFO - [2025-11-16T21:11:09.022+0000] {dag.py:3239} INFO - Sync 1 DAGs
[2025-11-16T21:11:09.031+0000] {logging_mixin.py:190} INFO - [2025-11-16T21:11:09.031+0000] {dag.py:4180} INFO - Setting next_dagrun for example_dag_decorator to None, run_after=None
[2025-11-16T21:11:09.046+0000] {processor.py:208} INFO - Processing /home/airflow/.local/lib/python3.12/site-packages/airflow/example_dags/example_dag_decorator.py took 0.256 seconds
[2025-11-16T21:11:39.675+0000] {processor.py:186} INFO - Started process (PID=1885) to work on /home/airflow/.local/lib/python3.12/site-packages/airflow/example_dags/example_dag_decorator.py
[2025-11-16T21:11:39.676+0000] {processor.py:914} INFO - Processing file /home/airflow/.local/lib/python3.12/site-packages/airflow/example_dags/example_dag_decorator.py for tasks to queue
[2025-11-16T21:11:39.679+0000] {logging_mixin.py:190} INFO - [2025-11-16T21:11:39.678+0000] {dagbag.py:588} INFO - Filling up the DagBag from /home/airflow/.local/lib/python3.12/site-packages/airflow/example_dags/example_dag_decorator.py
[2025-11-16T21:11:39.805+0000] {processor.py:925} INFO - DAG(s) 'example_dag_decorator' retrieved from /home/airflow/.local/lib/python3.12/site-packages/airflow/example_dags/example_dag_decorator.py
[2025-11-16T21:11:39.920+0000] {logging_mixin.py:190} INFO - [2025-11-16T21:11:39.919+0000] {dag.py:3239} INFO - Sync 1 DAGs
[2025-11-16T21:11:39.928+0000] {logging_mixin.py:190} INFO - [2025-11-16T21:11:39.928+0000] {dag.py:4180} INFO - Setting next_dagrun for example_dag_decorator to None, run_after=None
[2025-11-16T21:11:39.943+0000] {processor.py:208} INFO - Processing /home/airflow/.local/lib/python3.12/site-packages/airflow/example_dags/example_dag_decorator.py took 0.273 seconds
[2025-11-16T21:12:17.401+0000] {processor.py:186} INFO - Started process (PID=1950) to work on /home/airflow/.local/lib/python3.12/site-packages/airflow/example_dags/example_dag_decorator.py
[2025-11-16T21:12:17.402+0000] {processor.py:914} INFO - Processing file /home/airflow/.local/lib/python3.12/site-packages/airflow/example_dags/example_dag_decorator.py for tasks to queue
[2025-11-16T21:12:17.404+0000] {logging_mixin.py:190} INFO - [2025-11-16T21:12:17.404+0000] {dagbag.py:588} INFO - Filling up the DagBag from /home/airflow/.local/lib/python3.12/site-packages/airflow/example_dags/example_dag_decorator.py
[2025-11-16T21:12:17.525+0000] {processor.py:925} INFO - DAG(s) 'example_dag_decorator' retrieved from /home/airflow/.local/lib/python3.12/site-packages/airflow/example_dags/example_dag_decorator.py
[2025-11-16T21:12:17.644+0000] {logging_mixin.py:190} INFO - [2025-11-16T21:12:17.643+0000] {dag.py:3239} INFO - Sync 1 DAGs
[2025-11-16T21:12:17.653+0000] {logging_mixin.py:190} INFO - [2025-11-16T21:12:17.653+0000] {dag.py:4180} INFO - Setting next_dagrun for example_dag_decorator to None, run_after=None
[2025-11-16T21:12:17.671+0000] {processor.py:208} INFO - Processing /home/airflow/.local/lib/python3.12/site-packages/airflow/example_dags/example_dag_decorator.py took 0.275 seconds
[2025-11-16T21:12:47.758+0000] {processor.py:186} INFO - Started process (PID=2017) to work on /home/airflow/.local/lib/python3.12/site-packages/airflow/example_dags/example_dag_decorator.py
[2025-11-16T21:12:47.760+0000] {processor.py:914} INFO - Processing file /home/airflow/.local/lib/python3.12/site-packages/airflow/example_dags/example_dag_decorator.py for tasks to queue
[2025-11-16T21:12:47.762+0000] {logging_mixin.py:190} INFO - [2025-11-16T21:12:47.762+0000] {dagbag.py:588} INFO - Filling up the DagBag from /home/airflow/.local/lib/python3.12/site-packages/airflow/example_dags/example_dag_decorator.py
[2025-11-16T21:12:47.844+0000] {processor.py:925} INFO - DAG(s) 'example_dag_decorator' retrieved from /home/airflow/.local/lib/python3.12/site-packages/airflow/example_dags/example_dag_decorator.py
[2025-11-16T21:12:47.915+0000] {logging_mixin.py:190} INFO - [2025-11-16T21:12:47.915+0000] {dag.py:3239} INFO - Sync 1 DAGs
[2025-11-16T21:12:47.926+0000] {logging_mixin.py:190} INFO - [2025-11-16T21:12:47.926+0000] {dag.py:4180} INFO - Setting next_dagrun for example_dag_decorator to None, run_after=None
[2025-11-16T21:12:47.942+0000] {processor.py:208} INFO - Processing /home/airflow/.local/lib/python3.12/site-packages/airflow/example_dags/example_dag_decorator.py took 0.197 seconds
[2025-11-16T21:13:18.512+0000] {processor.py:186} INFO - Started process (PID=2080) to work on /home/airflow/.local/lib/python3.12/site-packages/airflow/example_dags/example_dag_decorator.py
[2025-11-16T21:13:18.513+0000] {processor.py:914} INFO - Processing file /home/airflow/.local/lib/python3.12/site-packages/airflow/example_dags/example_dag_decorator.py for tasks to queue
[2025-11-16T21:13:18.515+0000] {logging_mixin.py:190} INFO - [2025-11-16T21:13:18.515+0000] {dagbag.py:588} INFO - Filling up the DagBag from /home/airflow/.local/lib/python3.12/site-packages/airflow/example_dags/example_dag_decorator.py
[2025-11-16T21:13:18.589+0000] {processor.py:925} INFO - DAG(s) 'example_dag_decorator' retrieved from /home/airflow/.local/lib/python3.12/site-packages/airflow/example_dags/example_dag_decorator.py
[2025-11-16T21:13:18.674+0000] {logging_mixin.py:190} INFO - [2025-11-16T21:13:18.674+0000] {dag.py:3239} INFO - Sync 1 DAGs
[2025-11-16T21:13:18.684+0000] {logging_mixin.py:190} INFO - [2025-11-16T21:13:18.684+0000] {dag.py:4180} INFO - Setting next_dagrun for example_dag_decorator to None, run_after=None
[2025-11-16T21:13:18.700+0000] {processor.py:208} INFO - Processing /home/airflow/.local/lib/python3.12/site-packages/airflow/example_dags/example_dag_decorator.py took 0.193 seconds
[2025-11-16T21:13:50.298+0000] {processor.py:186} INFO - Started process (PID=2145) to work on /home/airflow/.local/lib/python3.12/site-packages/airflow/example_dags/example_dag_decorator.py
[2025-11-16T21:13:50.299+0000] {processor.py:914} INFO - Processing file /home/airflow/.local/lib/python3.12/site-packages/airflow/example_dags/example_dag_decorator.py for tasks to queue
[2025-11-16T21:13:50.301+0000] {logging_mixin.py:190} INFO - [2025-11-16T21:13:50.301+0000] {dagbag.py:588} INFO - Filling up the DagBag from /home/airflow/.local/lib/python3.12/site-packages/airflow/example_dags/example_dag_decorator.py
[2025-11-16T21:13:50.381+0000] {processor.py:925} INFO - DAG(s) 'example_dag_decorator' retrieved from /home/airflow/.local/lib/python3.12/site-packages/airflow/example_dags/example_dag_decorator.py
[2025-11-16T21:13:50.464+0000] {logging_mixin.py:190} INFO - [2025-11-16T21:13:50.464+0000] {dag.py:3239} INFO - Sync 1 DAGs
[2025-11-16T21:13:50.475+0000] {logging_mixin.py:190} INFO - [2025-11-16T21:13:50.475+0000] {dag.py:4180} INFO - Setting next_dagrun for example_dag_decorator to None, run_after=None
[2025-11-16T21:13:50.493+0000] {processor.py:208} INFO - Processing /home/airflow/.local/lib/python3.12/site-packages/airflow/example_dags/example_dag_decorator.py took 0.199 seconds
[2025-11-16T21:14:21.188+0000] {processor.py:186} INFO - Started process (PID=2210) to work on /home/airflow/.local/lib/python3.12/site-packages/airflow/example_dags/example_dag_decorator.py
[2025-11-16T21:14:21.203+0000] {processor.py:914} INFO - Processing file /home/airflow/.local/lib/python3.12/site-packages/airflow/example_dags/example_dag_decorator.py for tasks to queue
[2025-11-16T21:14:21.205+0000] {logging_mixin.py:190} INFO - [2025-11-16T21:14:21.205+0000] {dagbag.py:588} INFO - Filling up the DagBag from /home/airflow/.local/lib/python3.12/site-packages/airflow/example_dags/example_dag_decorator.py
[2025-11-16T21:14:21.276+0000] {processor.py:925} INFO - DAG(s) 'example_dag_decorator' retrieved from /home/airflow/.local/lib/python3.12/site-packages/airflow/example_dags/example_dag_decorator.py
[2025-11-16T21:14:21.351+0000] {logging_mixin.py:190} INFO - [2025-11-16T21:14:21.351+0000] {dag.py:3239} INFO - Sync 1 DAGs
[2025-11-16T21:14:21.360+0000] {logging_mixin.py:190} INFO - [2025-11-16T21:14:21.360+0000] {dag.py:4180} INFO - Setting next_dagrun for example_dag_decorator to None, run_after=None
[2025-11-16T21:14:21.374+0000] {processor.py:208} INFO - Processing /home/airflow/.local/lib/python3.12/site-packages/airflow/example_dags/example_dag_decorator.py took 0.191 seconds
[2025-11-16T21:14:52.124+0000] {processor.py:186} INFO - Started process (PID=2278) to work on /home/airflow/.local/lib/python3.12/site-packages/airflow/example_dags/example_dag_decorator.py
[2025-11-16T21:14:52.125+0000] {processor.py:914} INFO - Processing file /home/airflow/.local/lib/python3.12/site-packages/airflow/example_dags/example_dag_decorator.py for tasks to queue
[2025-11-16T21:14:52.127+0000] {logging_mixin.py:190} INFO - [2025-11-16T21:14:52.127+0000] {dagbag.py:588} INFO - Filling up the DagBag from /home/airflow/.local/lib/python3.12/site-packages/airflow/example_dags/example_dag_decorator.py
[2025-11-16T21:14:52.205+0000] {processor.py:925} INFO - DAG(s) 'example_dag_decorator' retrieved from /home/airflow/.local/lib/python3.12/site-packages/airflow/example_dags/example_dag_decorator.py
[2025-11-16T21:14:52.224+0000] {logging_mixin.py:190} INFO - [2025-11-16T21:14:52.224+0000] {dag.py:3239} INFO - Sync 1 DAGs
[2025-11-16T21:14:52.234+0000] {logging_mixin.py:190} INFO - [2025-11-16T21:14:52.234+0000] {dag.py:4180} INFO - Setting next_dagrun for example_dag_decorator to None, run_after=None
[2025-11-16T21:14:52.249+0000] {processor.py:208} INFO - Processing /home/airflow/.local/lib/python3.12/site-packages/airflow/example_dags/example_dag_decorator.py took 0.129 seconds
[2025-11-16T21:15:23.339+0000] {processor.py:186} INFO - Started process (PID=2343) to work on /home/airflow/.local/lib/python3.12/site-packages/airflow/example_dags/example_dag_decorator.py
[2025-11-16T21:15:23.340+0000] {processor.py:914} INFO - Processing file /home/airflow/.local/lib/python3.12/site-packages/airflow/example_dags/example_dag_decorator.py for tasks to queue
[2025-11-16T21:15:23.342+0000] {logging_mixin.py:190} INFO - [2025-11-16T21:15:23.342+0000] {dagbag.py:588} INFO - Filling up the DagBag from /home/airflow/.local/lib/python3.12/site-packages/airflow/example_dags/example_dag_decorator.py
[2025-11-16T21:15:23.414+0000] {processor.py:925} INFO - DAG(s) 'example_dag_decorator' retrieved from /home/airflow/.local/lib/python3.12/site-packages/airflow/example_dags/example_dag_decorator.py
[2025-11-16T21:15:23.430+0000] {logging_mixin.py:190} INFO - [2025-11-16T21:15:23.430+0000] {dag.py:3239} INFO - Sync 1 DAGs
[2025-11-16T21:15:23.440+0000] {logging_mixin.py:190} INFO - [2025-11-16T21:15:23.440+0000] {dag.py:4180} INFO - Setting next_dagrun for example_dag_decorator to None, run_after=None
[2025-11-16T21:15:23.454+0000] {processor.py:208} INFO - Processing /home/airflow/.local/lib/python3.12/site-packages/airflow/example_dags/example_dag_decorator.py took 0.120 seconds
[2025-11-16T21:15:54.707+0000] {processor.py:186} INFO - Started process (PID=2408) to work on /home/airflow/.local/lib/python3.12/site-packages/airflow/example_dags/example_dag_decorator.py
[2025-11-16T21:15:54.708+0000] {processor.py:914} INFO - Processing file /home/airflow/.local/lib/python3.12/site-packages/airflow/example_dags/example_dag_decorator.py for tasks to queue
[2025-11-16T21:15:54.711+0000] {logging_mixin.py:190} INFO - [2025-11-16T21:15:54.711+0000] {dagbag.py:588} INFO - Filling up the DagBag from /home/airflow/.local/lib/python3.12/site-packages/airflow/example_dags/example_dag_decorator.py
[2025-11-16T21:15:54.782+0000] {processor.py:925} INFO - DAG(s) 'example_dag_decorator' retrieved from /home/airflow/.local/lib/python3.12/site-packages/airflow/example_dags/example_dag_decorator.py
[2025-11-16T21:15:54.866+0000] {logging_mixin.py:190} INFO - [2025-11-16T21:15:54.866+0000] {dag.py:3239} INFO - Sync 1 DAGs
[2025-11-16T21:15:54.876+0000] {logging_mixin.py:190} INFO - [2025-11-16T21:15:54.876+0000] {dag.py:4180} INFO - Setting next_dagrun for example_dag_decorator to None, run_after=None
[2025-11-16T21:15:54.892+0000] {processor.py:208} INFO - Processing /home/airflow/.local/lib/python3.12/site-packages/airflow/example_dags/example_dag_decorator.py took 0.190 seconds
[2025-11-16T21:16:25.769+0000] {processor.py:186} INFO - Started process (PID=2473) to work on /home/airflow/.local/lib/python3.12/site-packages/airflow/example_dags/example_dag_decorator.py
[2025-11-16T21:16:25.770+0000] {processor.py:914} INFO - Processing file /home/airflow/.local/lib/python3.12/site-packages/airflow/example_dags/example_dag_decorator.py for tasks to queue
[2025-11-16T21:16:25.773+0000] {logging_mixin.py:190} INFO - [2025-11-16T21:16:25.772+0000] {dagbag.py:588} INFO - Filling up the DagBag from /home/airflow/.local/lib/python3.12/site-packages/airflow/example_dags/example_dag_decorator.py
[2025-11-16T21:16:25.839+0000] {processor.py:925} INFO - DAG(s) 'example_dag_decorator' retrieved from /home/airflow/.local/lib/python3.12/site-packages/airflow/example_dags/example_dag_decorator.py
[2025-11-16T21:16:25.911+0000] {logging_mixin.py:190} INFO - [2025-11-16T21:16:25.911+0000] {dag.py:3239} INFO - Sync 1 DAGs
[2025-11-16T21:16:25.920+0000] {logging_mixin.py:190} INFO - [2025-11-16T21:16:25.920+0000] {dag.py:4180} INFO - Setting next_dagrun for example_dag_decorator to None, run_after=None
[2025-11-16T21:16:25.934+0000] {processor.py:208} INFO - Processing /home/airflow/.local/lib/python3.12/site-packages/airflow/example_dags/example_dag_decorator.py took 0.169 seconds
[2025-11-16T21:16:57.322+0000] {processor.py:186} INFO - Started process (PID=2538) to work on /home/airflow/.local/lib/python3.12/site-packages/airflow/example_dags/example_dag_decorator.py
[2025-11-16T21:16:57.323+0000] {processor.py:914} INFO - Processing file /home/airflow/.local/lib/python3.12/site-packages/airflow/example_dags/example_dag_decorator.py for tasks to queue
[2025-11-16T21:16:57.325+0000] {logging_mixin.py:190} INFO - [2025-11-16T21:16:57.325+0000] {dagbag.py:588} INFO - Filling up the DagBag from /home/airflow/.local/lib/python3.12/site-packages/airflow/example_dags/example_dag_decorator.py
[2025-11-16T21:16:57.397+0000] {processor.py:925} INFO - DAG(s) 'example_dag_decorator' retrieved from /home/airflow/.local/lib/python3.12/site-packages/airflow/example_dags/example_dag_decorator.py
[2025-11-16T21:16:57.470+0000] {logging_mixin.py:190} INFO - [2025-11-16T21:16:57.469+0000] {dag.py:3239} INFO - Sync 1 DAGs
[2025-11-16T21:16:57.477+0000] {logging_mixin.py:190} INFO - [2025-11-16T21:16:57.477+0000] {dag.py:4180} INFO - Setting next_dagrun for example_dag_decorator to None, run_after=None
[2025-11-16T21:16:57.493+0000] {processor.py:208} INFO - Processing /home/airflow/.local/lib/python3.12/site-packages/airflow/example_dags/example_dag_decorator.py took 0.176 seconds
[2025-11-16T21:17:27.953+0000] {processor.py:186} INFO - Started process (PID=2603) to work on /home/airflow/.local/lib/python3.12/site-packages/airflow/example_dags/example_dag_decorator.py
[2025-11-16T21:17:27.954+0000] {processor.py:914} INFO - Processing file /home/airflow/.local/lib/python3.12/site-packages/airflow/example_dags/example_dag_decorator.py for tasks to queue
[2025-11-16T21:17:27.956+0000] {logging_mixin.py:190} INFO - [2025-11-16T21:17:27.956+0000] {dagbag.py:588} INFO - Filling up the DagBag from /home/airflow/.local/lib/python3.12/site-packages/airflow/example_dags/example_dag_decorator.py
[2025-11-16T21:17:28.025+0000] {processor.py:925} INFO - DAG(s) 'example_dag_decorator' retrieved from /home/airflow/.local/lib/python3.12/site-packages/airflow/example_dags/example_dag_decorator.py
[2025-11-16T21:17:28.097+0000] {logging_mixin.py:190} INFO - [2025-11-16T21:17:28.097+0000] {dag.py:3239} INFO - Sync 1 DAGs
[2025-11-16T21:17:28.105+0000] {logging_mixin.py:190} INFO - [2025-11-16T21:17:28.105+0000] {dag.py:4180} INFO - Setting next_dagrun for example_dag_decorator to None, run_after=None
[2025-11-16T21:17:28.118+0000] {processor.py:208} INFO - Processing /home/airflow/.local/lib/python3.12/site-packages/airflow/example_dags/example_dag_decorator.py took 0.170 seconds
[2025-11-16T21:17:59.332+0000] {processor.py:186} INFO - Started process (PID=2668) to work on /home/airflow/.local/lib/python3.12/site-packages/airflow/example_dags/example_dag_decorator.py
[2025-11-16T21:17:59.333+0000] {processor.py:914} INFO - Processing file /home/airflow/.local/lib/python3.12/site-packages/airflow/example_dags/example_dag_decorator.py for tasks to queue
[2025-11-16T21:17:59.335+0000] {logging_mixin.py:190} INFO - [2025-11-16T21:17:59.335+0000] {dagbag.py:588} INFO - Filling up the DagBag from /home/airflow/.local/lib/python3.12/site-packages/airflow/example_dags/example_dag_decorator.py
[2025-11-16T21:17:59.403+0000] {processor.py:925} INFO - DAG(s) 'example_dag_decorator' retrieved from /home/airflow/.local/lib/python3.12/site-packages/airflow/example_dags/example_dag_decorator.py
[2025-11-16T21:17:59.479+0000] {logging_mixin.py:190} INFO - [2025-11-16T21:17:59.479+0000] {dag.py:3239} INFO - Sync 1 DAGs
[2025-11-16T21:17:59.488+0000] {logging_mixin.py:190} INFO - [2025-11-16T21:17:59.488+0000] {dag.py:4180} INFO - Setting next_dagrun for example_dag_decorator to None, run_after=None
[2025-11-16T21:17:59.501+0000] {processor.py:208} INFO - Processing /home/airflow/.local/lib/python3.12/site-packages/airflow/example_dags/example_dag_decorator.py took 0.174 seconds
[2025-11-16T21:18:31.040+0000] {processor.py:186} INFO - Started process (PID=2733) to work on /home/airflow/.local/lib/python3.12/site-packages/airflow/example_dags/example_dag_decorator.py
[2025-11-16T21:18:31.042+0000] {processor.py:914} INFO - Processing file /home/airflow/.local/lib/python3.12/site-packages/airflow/example_dags/example_dag_decorator.py for tasks to queue
[2025-11-16T21:18:31.044+0000] {logging_mixin.py:190} INFO - [2025-11-16T21:18:31.043+0000] {dagbag.py:588} INFO - Filling up the DagBag from /home/airflow/.local/lib/python3.12/site-packages/airflow/example_dags/example_dag_decorator.py
[2025-11-16T21:18:31.116+0000] {processor.py:925} INFO - DAG(s) 'example_dag_decorator' retrieved from /home/airflow/.local/lib/python3.12/site-packages/airflow/example_dags/example_dag_decorator.py
[2025-11-16T21:18:31.138+0000] {logging_mixin.py:190} INFO - [2025-11-16T21:18:31.138+0000] {dag.py:3239} INFO - Sync 1 DAGs
[2025-11-16T21:18:31.150+0000] {logging_mixin.py:190} INFO - [2025-11-16T21:18:31.150+0000] {dag.py:4180} INFO - Setting next_dagrun for example_dag_decorator to None, run_after=None
[2025-11-16T21:18:31.164+0000] {processor.py:208} INFO - Processing /home/airflow/.local/lib/python3.12/site-packages/airflow/example_dags/example_dag_decorator.py took 0.128 seconds
[2025-11-16T21:19:01.562+0000] {processor.py:186} INFO - Started process (PID=2798) to work on /home/airflow/.local/lib/python3.12/site-packages/airflow/example_dags/example_dag_decorator.py
[2025-11-16T21:19:01.564+0000] {processor.py:914} INFO - Processing file /home/airflow/.local/lib/python3.12/site-packages/airflow/example_dags/example_dag_decorator.py for tasks to queue
[2025-11-16T21:19:01.566+0000] {logging_mixin.py:190} INFO - [2025-11-16T21:19:01.565+0000] {dagbag.py:588} INFO - Filling up the DagBag from /home/airflow/.local/lib/python3.12/site-packages/airflow/example_dags/example_dag_decorator.py
[2025-11-16T21:19:01.634+0000] {processor.py:925} INFO - DAG(s) 'example_dag_decorator' retrieved from /home/airflow/.local/lib/python3.12/site-packages/airflow/example_dags/example_dag_decorator.py
[2025-11-16T21:19:01.710+0000] {logging_mixin.py:190} INFO - [2025-11-16T21:19:01.710+0000] {dag.py:3239} INFO - Sync 1 DAGs
[2025-11-16T21:19:01.719+0000] {logging_mixin.py:190} INFO - [2025-11-16T21:19:01.719+0000] {dag.py:4180} INFO - Setting next_dagrun for example_dag_decorator to None, run_after=None
[2025-11-16T21:19:01.732+0000] {processor.py:208} INFO - Processing /home/airflow/.local/lib/python3.12/site-packages/airflow/example_dags/example_dag_decorator.py took 0.175 seconds
[2025-11-16T21:19:32.443+0000] {processor.py:186} INFO - Started process (PID=2867) to work on /home/airflow/.local/lib/python3.12/site-packages/airflow/example_dags/example_dag_decorator.py
[2025-11-16T21:19:32.444+0000] {processor.py:914} INFO - Processing file /home/airflow/.local/lib/python3.12/site-packages/airflow/example_dags/example_dag_decorator.py for tasks to queue
[2025-11-16T21:19:32.447+0000] {logging_mixin.py:190} INFO - [2025-11-16T21:19:32.447+0000] {dagbag.py:588} INFO - Filling up the DagBag from /home/airflow/.local/lib/python3.12/site-packages/airflow/example_dags/example_dag_decorator.py
[2025-11-16T21:19:32.529+0000] {processor.py:925} INFO - DAG(s) 'example_dag_decorator' retrieved from /home/airflow/.local/lib/python3.12/site-packages/airflow/example_dags/example_dag_decorator.py
[2025-11-16T21:19:32.617+0000] {logging_mixin.py:190} INFO - [2025-11-16T21:19:32.617+0000] {dag.py:3239} INFO - Sync 1 DAGs
[2025-11-16T21:19:32.628+0000] {logging_mixin.py:190} INFO - [2025-11-16T21:19:32.628+0000] {dag.py:4180} INFO - Setting next_dagrun for example_dag_decorator to None, run_after=None
[2025-11-16T21:19:32.648+0000] {processor.py:208} INFO - Processing /home/airflow/.local/lib/python3.12/site-packages/airflow/example_dags/example_dag_decorator.py took 0.209 seconds
[2025-11-16T21:20:03.752+0000] {processor.py:186} INFO - Started process (PID=2932) to work on /home/airflow/.local/lib/python3.12/site-packages/airflow/example_dags/example_dag_decorator.py
[2025-11-16T21:20:03.754+0000] {processor.py:914} INFO - Processing file /home/airflow/.local/lib/python3.12/site-packages/airflow/example_dags/example_dag_decorator.py for tasks to queue
[2025-11-16T21:20:03.756+0000] {logging_mixin.py:190} INFO - [2025-11-16T21:20:03.756+0000] {dagbag.py:588} INFO - Filling up the DagBag from /home/airflow/.local/lib/python3.12/site-packages/airflow/example_dags/example_dag_decorator.py
[2025-11-16T21:20:03.838+0000] {processor.py:925} INFO - DAG(s) 'example_dag_decorator' retrieved from /home/airflow/.local/lib/python3.12/site-packages/airflow/example_dags/example_dag_decorator.py
[2025-11-16T21:20:03.913+0000] {logging_mixin.py:190} INFO - [2025-11-16T21:20:03.913+0000] {dag.py:3239} INFO - Sync 1 DAGs
[2025-11-16T21:20:03.922+0000] {logging_mixin.py:190} INFO - [2025-11-16T21:20:03.922+0000] {dag.py:4180} INFO - Setting next_dagrun for example_dag_decorator to None, run_after=None
[2025-11-16T21:20:03.936+0000] {processor.py:208} INFO - Processing /home/airflow/.local/lib/python3.12/site-packages/airflow/example_dags/example_dag_decorator.py took 0.189 seconds
[2025-11-16T21:20:33.987+0000] {processor.py:186} INFO - Started process (PID=2997) to work on /home/airflow/.local/lib/python3.12/site-packages/airflow/example_dags/example_dag_decorator.py
[2025-11-16T21:20:33.989+0000] {processor.py:914} INFO - Processing file /home/airflow/.local/lib/python3.12/site-packages/airflow/example_dags/example_dag_decorator.py for tasks to queue
[2025-11-16T21:20:33.991+0000] {logging_mixin.py:190} INFO - [2025-11-16T21:20:33.991+0000] {dagbag.py:588} INFO - Filling up the DagBag from /home/airflow/.local/lib/python3.12/site-packages/airflow/example_dags/example_dag_decorator.py
[2025-11-16T21:20:34.089+0000] {processor.py:925} INFO - DAG(s) 'example_dag_decorator' retrieved from /home/airflow/.local/lib/python3.12/site-packages/airflow/example_dags/example_dag_decorator.py
[2025-11-16T21:20:34.174+0000] {logging_mixin.py:190} INFO - [2025-11-16T21:20:34.174+0000] {dag.py:3239} INFO - Sync 1 DAGs
[2025-11-16T21:20:34.348+0000] {logging_mixin.py:190} INFO - [2025-11-16T21:20:34.348+0000] {dag.py:4180} INFO - Setting next_dagrun for example_dag_decorator to None, run_after=None
[2025-11-16T21:20:34.364+0000] {processor.py:208} INFO - Processing /home/airflow/.local/lib/python3.12/site-packages/airflow/example_dags/example_dag_decorator.py took 0.382 seconds
[2025-11-16T21:21:04.539+0000] {processor.py:186} INFO - Started process (PID=3061) to work on /home/airflow/.local/lib/python3.12/site-packages/airflow/example_dags/example_dag_decorator.py
[2025-11-16T21:21:04.540+0000] {processor.py:914} INFO - Processing file /home/airflow/.local/lib/python3.12/site-packages/airflow/example_dags/example_dag_decorator.py for tasks to queue
[2025-11-16T21:21:04.542+0000] {logging_mixin.py:190} INFO - [2025-11-16T21:21:04.542+0000] {dagbag.py:588} INFO - Filling up the DagBag from /home/airflow/.local/lib/python3.12/site-packages/airflow/example_dags/example_dag_decorator.py
[2025-11-16T21:21:04.615+0000] {processor.py:925} INFO - DAG(s) 'example_dag_decorator' retrieved from /home/airflow/.local/lib/python3.12/site-packages/airflow/example_dags/example_dag_decorator.py
[2025-11-16T21:21:04.691+0000] {logging_mixin.py:190} INFO - [2025-11-16T21:21:04.690+0000] {dag.py:3239} INFO - Sync 1 DAGs
[2025-11-16T21:21:04.857+0000] {logging_mixin.py:190} INFO - [2025-11-16T21:21:04.857+0000] {dag.py:4180} INFO - Setting next_dagrun for example_dag_decorator to None, run_after=None
[2025-11-16T21:21:04.873+0000] {processor.py:208} INFO - Processing /home/airflow/.local/lib/python3.12/site-packages/airflow/example_dags/example_dag_decorator.py took 0.340 seconds
[2025-11-16T21:21:35.082+0000] {processor.py:186} INFO - Started process (PID=3127) to work on /home/airflow/.local/lib/python3.12/site-packages/airflow/example_dags/example_dag_decorator.py
[2025-11-16T21:21:35.083+0000] {processor.py:914} INFO - Processing file /home/airflow/.local/lib/python3.12/site-packages/airflow/example_dags/example_dag_decorator.py for tasks to queue
[2025-11-16T21:21:35.086+0000] {logging_mixin.py:190} INFO - [2025-11-16T21:21:35.086+0000] {dagbag.py:588} INFO - Filling up the DagBag from /home/airflow/.local/lib/python3.12/site-packages/airflow/example_dags/example_dag_decorator.py
[2025-11-16T21:21:35.165+0000] {processor.py:925} INFO - DAG(s) 'example_dag_decorator' retrieved from /home/airflow/.local/lib/python3.12/site-packages/airflow/example_dags/example_dag_decorator.py
[2025-11-16T21:21:35.245+0000] {logging_mixin.py:190} INFO - [2025-11-16T21:21:35.245+0000] {dag.py:3239} INFO - Sync 1 DAGs
[2025-11-16T21:21:35.255+0000] {logging_mixin.py:190} INFO - [2025-11-16T21:21:35.254+0000] {dag.py:4180} INFO - Setting next_dagrun for example_dag_decorator to None, run_after=None
[2025-11-16T21:21:35.271+0000] {processor.py:208} INFO - Processing /home/airflow/.local/lib/python3.12/site-packages/airflow/example_dags/example_dag_decorator.py took 0.194 seconds
[2025-11-16T21:22:05.720+0000] {processor.py:186} INFO - Started process (PID=3191) to work on /home/airflow/.local/lib/python3.12/site-packages/airflow/example_dags/example_dag_decorator.py
[2025-11-16T21:22:05.722+0000] {processor.py:914} INFO - Processing file /home/airflow/.local/lib/python3.12/site-packages/airflow/example_dags/example_dag_decorator.py for tasks to queue
[2025-11-16T21:22:05.724+0000] {logging_mixin.py:190} INFO - [2025-11-16T21:22:05.723+0000] {dagbag.py:588} INFO - Filling up the DagBag from /home/airflow/.local/lib/python3.12/site-packages/airflow/example_dags/example_dag_decorator.py
[2025-11-16T21:22:05.795+0000] {processor.py:925} INFO - DAG(s) 'example_dag_decorator' retrieved from /home/airflow/.local/lib/python3.12/site-packages/airflow/example_dags/example_dag_decorator.py
[2025-11-16T21:22:06.026+0000] {logging_mixin.py:190} INFO - [2025-11-16T21:22:06.026+0000] {dag.py:3239} INFO - Sync 1 DAGs
[2025-11-16T21:22:06.033+0000] {logging_mixin.py:190} INFO - [2025-11-16T21:22:06.033+0000] {dag.py:4180} INFO - Setting next_dagrun for example_dag_decorator to None, run_after=None
[2025-11-16T21:22:06.059+0000] {processor.py:208} INFO - Processing /home/airflow/.local/lib/python3.12/site-packages/airflow/example_dags/example_dag_decorator.py took 0.344 seconds
[2025-11-16T21:22:37.168+0000] {processor.py:186} INFO - Started process (PID=3257) to work on /home/airflow/.local/lib/python3.12/site-packages/airflow/example_dags/example_dag_decorator.py
[2025-11-16T21:22:37.169+0000] {processor.py:914} INFO - Processing file /home/airflow/.local/lib/python3.12/site-packages/airflow/example_dags/example_dag_decorator.py for tasks to queue
[2025-11-16T21:22:37.171+0000] {logging_mixin.py:190} INFO - [2025-11-16T21:22:37.171+0000] {dagbag.py:588} INFO - Filling up the DagBag from /home/airflow/.local/lib/python3.12/site-packages/airflow/example_dags/example_dag_decorator.py
[2025-11-16T21:22:37.250+0000] {processor.py:925} INFO - DAG(s) 'example_dag_decorator' retrieved from /home/airflow/.local/lib/python3.12/site-packages/airflow/example_dags/example_dag_decorator.py
[2025-11-16T21:22:37.495+0000] {logging_mixin.py:190} INFO - [2025-11-16T21:22:37.495+0000] {dag.py:3239} INFO - Sync 1 DAGs
[2025-11-16T21:22:37.502+0000] {logging_mixin.py:190} INFO - [2025-11-16T21:22:37.502+0000] {dag.py:4180} INFO - Setting next_dagrun for example_dag_decorator to None, run_after=None
[2025-11-16T21:22:37.514+0000] {processor.py:208} INFO - Processing /home/airflow/.local/lib/python3.12/site-packages/airflow/example_dags/example_dag_decorator.py took 0.351 seconds
[2025-11-16T21:23:07.800+0000] {processor.py:186} INFO - Started process (PID=3322) to work on /home/airflow/.local/lib/python3.12/site-packages/airflow/example_dags/example_dag_decorator.py
[2025-11-16T21:23:07.802+0000] {processor.py:914} INFO - Processing file /home/airflow/.local/lib/python3.12/site-packages/airflow/example_dags/example_dag_decorator.py for tasks to queue
[2025-11-16T21:23:07.806+0000] {logging_mixin.py:190} INFO - [2025-11-16T21:23:07.806+0000] {dagbag.py:588} INFO - Filling up the DagBag from /home/airflow/.local/lib/python3.12/site-packages/airflow/example_dags/example_dag_decorator.py
[2025-11-16T21:23:07.881+0000] {processor.py:925} INFO - DAG(s) 'example_dag_decorator' retrieved from /home/airflow/.local/lib/python3.12/site-packages/airflow/example_dags/example_dag_decorator.py
[2025-11-16T21:23:07.956+0000] {logging_mixin.py:190} INFO - [2025-11-16T21:23:07.956+0000] {dag.py:3239} INFO - Sync 1 DAGs
[2025-11-16T21:23:08.117+0000] {logging_mixin.py:190} INFO - [2025-11-16T21:23:08.117+0000] {dag.py:4180} INFO - Setting next_dagrun for example_dag_decorator to None, run_after=None
[2025-11-16T21:23:08.131+0000] {processor.py:208} INFO - Processing /home/airflow/.local/lib/python3.12/site-packages/airflow/example_dags/example_dag_decorator.py took 0.336 seconds
[2025-11-16T21:23:38.988+0000] {processor.py:186} INFO - Started process (PID=3387) to work on /home/airflow/.local/lib/python3.12/site-packages/airflow/example_dags/example_dag_decorator.py
[2025-11-16T21:23:38.990+0000] {processor.py:914} INFO - Processing file /home/airflow/.local/lib/python3.12/site-packages/airflow/example_dags/example_dag_decorator.py for tasks to queue
[2025-11-16T21:23:38.992+0000] {logging_mixin.py:190} INFO - [2025-11-16T21:23:38.992+0000] {dagbag.py:588} INFO - Filling up the DagBag from /home/airflow/.local/lib/python3.12/site-packages/airflow/example_dags/example_dag_decorator.py
[2025-11-16T21:23:39.069+0000] {processor.py:925} INFO - DAG(s) 'example_dag_decorator' retrieved from /home/airflow/.local/lib/python3.12/site-packages/airflow/example_dags/example_dag_decorator.py
[2025-11-16T21:23:39.148+0000] {logging_mixin.py:190} INFO - [2025-11-16T21:23:39.148+0000] {dag.py:3239} INFO - Sync 1 DAGs
[2025-11-16T21:23:39.157+0000] {logging_mixin.py:190} INFO - [2025-11-16T21:23:39.157+0000] {dag.py:4180} INFO - Setting next_dagrun for example_dag_decorator to None, run_after=None
[2025-11-16T21:23:39.172+0000] {processor.py:208} INFO - Processing /home/airflow/.local/lib/python3.12/site-packages/airflow/example_dags/example_dag_decorator.py took 0.189 seconds
[2025-11-16T21:24:10.298+0000] {processor.py:186} INFO - Started process (PID=3452) to work on /home/airflow/.local/lib/python3.12/site-packages/airflow/example_dags/example_dag_decorator.py
[2025-11-16T21:24:10.300+0000] {processor.py:914} INFO - Processing file /home/airflow/.local/lib/python3.12/site-packages/airflow/example_dags/example_dag_decorator.py for tasks to queue
[2025-11-16T21:24:10.302+0000] {logging_mixin.py:190} INFO - [2025-11-16T21:24:10.301+0000] {dagbag.py:588} INFO - Filling up the DagBag from /home/airflow/.local/lib/python3.12/site-packages/airflow/example_dags/example_dag_decorator.py
[2025-11-16T21:24:10.420+0000] {processor.py:925} INFO - DAG(s) 'example_dag_decorator' retrieved from /home/airflow/.local/lib/python3.12/site-packages/airflow/example_dags/example_dag_decorator.py
[2025-11-16T21:24:10.672+0000] {logging_mixin.py:190} INFO - [2025-11-16T21:24:10.672+0000] {dag.py:3239} INFO - Sync 1 DAGs
[2025-11-16T21:24:10.681+0000] {logging_mixin.py:190} INFO - [2025-11-16T21:24:10.680+0000] {dag.py:4180} INFO - Setting next_dagrun for example_dag_decorator to None, run_after=None
[2025-11-16T21:24:10.696+0000] {processor.py:208} INFO - Processing /home/airflow/.local/lib/python3.12/site-packages/airflow/example_dags/example_dag_decorator.py took 0.402 seconds
[2025-11-16T21:24:55.583+0000] {processor.py:186} INFO - Started process (PID=3524) to work on /home/airflow/.local/lib/python3.12/site-packages/airflow/example_dags/example_dag_decorator.py
[2025-11-16T21:24:55.584+0000] {processor.py:914} INFO - Processing file /home/airflow/.local/lib/python3.12/site-packages/airflow/example_dags/example_dag_decorator.py for tasks to queue
[2025-11-16T21:24:55.587+0000] {logging_mixin.py:190} INFO - [2025-11-16T21:24:55.586+0000] {dagbag.py:588} INFO - Filling up the DagBag from /home/airflow/.local/lib/python3.12/site-packages/airflow/example_dags/example_dag_decorator.py
[2025-11-16T21:24:55.716+0000] {processor.py:925} INFO - DAG(s) 'example_dag_decorator' retrieved from /home/airflow/.local/lib/python3.12/site-packages/airflow/example_dags/example_dag_decorator.py
[2025-11-16T21:24:55.996+0000] {logging_mixin.py:190} INFO - [2025-11-16T21:24:55.995+0000] {dag.py:3239} INFO - Sync 1 DAGs
[2025-11-16T21:24:56.004+0000] {logging_mixin.py:190} INFO - [2025-11-16T21:24:56.003+0000] {dag.py:4180} INFO - Setting next_dagrun for example_dag_decorator to None, run_after=None
[2025-11-16T21:24:56.017+0000] {processor.py:208} INFO - Processing /home/airflow/.local/lib/python3.12/site-packages/airflow/example_dags/example_dag_decorator.py took 0.438 seconds
[2025-11-16T21:25:28.685+0000] {processor.py:186} INFO - Started process (PID=3590) to work on /home/airflow/.local/lib/python3.12/site-packages/airflow/example_dags/example_dag_decorator.py
[2025-11-16T21:25:28.687+0000] {processor.py:914} INFO - Processing file /home/airflow/.local/lib/python3.12/site-packages/airflow/example_dags/example_dag_decorator.py for tasks to queue
[2025-11-16T21:25:28.690+0000] {logging_mixin.py:190} INFO - [2025-11-16T21:25:28.690+0000] {dagbag.py:588} INFO - Filling up the DagBag from /home/airflow/.local/lib/python3.12/site-packages/airflow/example_dags/example_dag_decorator.py
[2025-11-16T21:25:28.848+0000] {processor.py:925} INFO - DAG(s) 'example_dag_decorator' retrieved from /home/airflow/.local/lib/python3.12/site-packages/airflow/example_dags/example_dag_decorator.py
[2025-11-16T21:25:29.136+0000] {logging_mixin.py:190} INFO - [2025-11-16T21:25:29.136+0000] {dag.py:3239} INFO - Sync 1 DAGs
[2025-11-16T21:25:29.145+0000] {logging_mixin.py:190} INFO - [2025-11-16T21:25:29.145+0000] {dag.py:4180} INFO - Setting next_dagrun for example_dag_decorator to None, run_after=None
[2025-11-16T21:25:29.159+0000] {processor.py:208} INFO - Processing /home/airflow/.local/lib/python3.12/site-packages/airflow/example_dags/example_dag_decorator.py took 0.481 seconds
[2025-11-16T21:26:49.296+0000] {processor.py:186} INFO - Started process (PID=3680) to work on /home/airflow/.local/lib/python3.12/site-packages/airflow/example_dags/example_dag_decorator.py
[2025-11-16T21:26:49.298+0000] {processor.py:914} INFO - Processing file /home/airflow/.local/lib/python3.12/site-packages/airflow/example_dags/example_dag_decorator.py for tasks to queue
[2025-11-16T21:26:49.300+0000] {logging_mixin.py:190} INFO - [2025-11-16T21:26:49.300+0000] {dagbag.py:588} INFO - Filling up the DagBag from /home/airflow/.local/lib/python3.12/site-packages/airflow/example_dags/example_dag_decorator.py
[2025-11-16T21:26:49.503+0000] {processor.py:925} INFO - DAG(s) 'example_dag_decorator' retrieved from /home/airflow/.local/lib/python3.12/site-packages/airflow/example_dags/example_dag_decorator.py
[2025-11-16T21:26:49.916+0000] {logging_mixin.py:190} INFO - [2025-11-16T21:26:49.916+0000] {dag.py:3239} INFO - Sync 1 DAGs
[2025-11-16T21:26:49.926+0000] {logging_mixin.py:190} INFO - [2025-11-16T21:26:49.926+0000] {dag.py:4180} INFO - Setting next_dagrun for example_dag_decorator to None, run_after=None
[2025-11-16T21:26:49.950+0000] {processor.py:208} INFO - Processing /home/airflow/.local/lib/python3.12/site-packages/airflow/example_dags/example_dag_decorator.py took 0.659 seconds
[2025-11-16T21:27:20.383+0000] {processor.py:186} INFO - Started process (PID=3745) to work on /home/airflow/.local/lib/python3.12/site-packages/airflow/example_dags/example_dag_decorator.py
[2025-11-16T21:27:20.385+0000] {processor.py:914} INFO - Processing file /home/airflow/.local/lib/python3.12/site-packages/airflow/example_dags/example_dag_decorator.py for tasks to queue
[2025-11-16T21:27:20.387+0000] {logging_mixin.py:190} INFO - [2025-11-16T21:27:20.386+0000] {dagbag.py:588} INFO - Filling up the DagBag from /home/airflow/.local/lib/python3.12/site-packages/airflow/example_dags/example_dag_decorator.py
[2025-11-16T21:27:20.542+0000] {processor.py:925} INFO - DAG(s) 'example_dag_decorator' retrieved from /home/airflow/.local/lib/python3.12/site-packages/airflow/example_dags/example_dag_decorator.py
[2025-11-16T21:27:20.744+0000] {logging_mixin.py:190} INFO - [2025-11-16T21:27:20.744+0000] {dag.py:3239} INFO - Sync 1 DAGs
[2025-11-16T21:27:20.754+0000] {logging_mixin.py:190} INFO - [2025-11-16T21:27:20.753+0000] {dag.py:4180} INFO - Setting next_dagrun for example_dag_decorator to None, run_after=None
[2025-11-16T21:27:20.768+0000] {processor.py:208} INFO - Processing /home/airflow/.local/lib/python3.12/site-packages/airflow/example_dags/example_dag_decorator.py took 0.389 seconds
[2025-11-16T21:27:50.869+0000] {processor.py:186} INFO - Started process (PID=3809) to work on /home/airflow/.local/lib/python3.12/site-packages/airflow/example_dags/example_dag_decorator.py
[2025-11-16T21:27:50.870+0000] {processor.py:914} INFO - Processing file /home/airflow/.local/lib/python3.12/site-packages/airflow/example_dags/example_dag_decorator.py for tasks to queue
[2025-11-16T21:27:50.872+0000] {logging_mixin.py:190} INFO - [2025-11-16T21:27:50.871+0000] {dagbag.py:588} INFO - Filling up the DagBag from /home/airflow/.local/lib/python3.12/site-packages/airflow/example_dags/example_dag_decorator.py
[2025-11-16T21:27:50.954+0000] {processor.py:925} INFO - DAG(s) 'example_dag_decorator' retrieved from /home/airflow/.local/lib/python3.12/site-packages/airflow/example_dags/example_dag_decorator.py
[2025-11-16T21:27:51.185+0000] {logging_mixin.py:190} INFO - [2025-11-16T21:27:51.185+0000] {dag.py:3239} INFO - Sync 1 DAGs
[2025-11-16T21:27:51.194+0000] {logging_mixin.py:190} INFO - [2025-11-16T21:27:51.194+0000] {dag.py:4180} INFO - Setting next_dagrun for example_dag_decorator to None, run_after=None
[2025-11-16T21:27:51.227+0000] {processor.py:208} INFO - Processing /home/airflow/.local/lib/python3.12/site-packages/airflow/example_dags/example_dag_decorator.py took 0.364 seconds
[2025-11-16T21:28:21.392+0000] {processor.py:186} INFO - Started process (PID=3874) to work on /home/airflow/.local/lib/python3.12/site-packages/airflow/example_dags/example_dag_decorator.py
[2025-11-16T21:28:21.394+0000] {processor.py:914} INFO - Processing file /home/airflow/.local/lib/python3.12/site-packages/airflow/example_dags/example_dag_decorator.py for tasks to queue
[2025-11-16T21:28:21.395+0000] {logging_mixin.py:190} INFO - [2025-11-16T21:28:21.395+0000] {dagbag.py:588} INFO - Filling up the DagBag from /home/airflow/.local/lib/python3.12/site-packages/airflow/example_dags/example_dag_decorator.py
[2025-11-16T21:28:21.471+0000] {processor.py:925} INFO - DAG(s) 'example_dag_decorator' retrieved from /home/airflow/.local/lib/python3.12/site-packages/airflow/example_dags/example_dag_decorator.py
[2025-11-16T21:28:21.686+0000] {logging_mixin.py:190} INFO - [2025-11-16T21:28:21.685+0000] {dag.py:3239} INFO - Sync 1 DAGs
[2025-11-16T21:28:21.693+0000] {logging_mixin.py:190} INFO - [2025-11-16T21:28:21.693+0000] {dag.py:4180} INFO - Setting next_dagrun for example_dag_decorator to None, run_after=None
[2025-11-16T21:28:21.707+0000] {processor.py:208} INFO - Processing /home/airflow/.local/lib/python3.12/site-packages/airflow/example_dags/example_dag_decorator.py took 0.320 seconds
[2025-11-16T21:28:51.860+0000] {processor.py:186} INFO - Started process (PID=3939) to work on /home/airflow/.local/lib/python3.12/site-packages/airflow/example_dags/example_dag_decorator.py
[2025-11-16T21:28:51.862+0000] {processor.py:914} INFO - Processing file /home/airflow/.local/lib/python3.12/site-packages/airflow/example_dags/example_dag_decorator.py for tasks to queue
[2025-11-16T21:28:51.863+0000] {logging_mixin.py:190} INFO - [2025-11-16T21:28:51.863+0000] {dagbag.py:588} INFO - Filling up the DagBag from /home/airflow/.local/lib/python3.12/site-packages/airflow/example_dags/example_dag_decorator.py
[2025-11-16T21:28:52.063+0000] {processor.py:925} INFO - DAG(s) 'example_dag_decorator' retrieved from /home/airflow/.local/lib/python3.12/site-packages/airflow/example_dags/example_dag_decorator.py
[2025-11-16T21:28:52.126+0000] {logging_mixin.py:190} INFO - [2025-11-16T21:28:52.126+0000] {dag.py:3239} INFO - Sync 1 DAGs
[2025-11-16T21:28:52.133+0000] {logging_mixin.py:190} INFO - [2025-11-16T21:28:52.133+0000] {dag.py:4180} INFO - Setting next_dagrun for example_dag_decorator to None, run_after=None
[2025-11-16T21:28:52.145+0000] {processor.py:208} INFO - Processing /home/airflow/.local/lib/python3.12/site-packages/airflow/example_dags/example_dag_decorator.py took 0.289 seconds
[2025-11-16T21:29:22.216+0000] {processor.py:186} INFO - Started process (PID=4006) to work on /home/airflow/.local/lib/python3.12/site-packages/airflow/example_dags/example_dag_decorator.py
[2025-11-16T21:29:22.217+0000] {processor.py:914} INFO - Processing file /home/airflow/.local/lib/python3.12/site-packages/airflow/example_dags/example_dag_decorator.py for tasks to queue
[2025-11-16T21:29:22.218+0000] {logging_mixin.py:190} INFO - [2025-11-16T21:29:22.218+0000] {dagbag.py:588} INFO - Filling up the DagBag from /home/airflow/.local/lib/python3.12/site-packages/airflow/example_dags/example_dag_decorator.py
[2025-11-16T21:29:22.287+0000] {processor.py:925} INFO - DAG(s) 'example_dag_decorator' retrieved from /home/airflow/.local/lib/python3.12/site-packages/airflow/example_dags/example_dag_decorator.py
[2025-11-16T21:29:22.483+0000] {logging_mixin.py:190} INFO - [2025-11-16T21:29:22.482+0000] {dag.py:3239} INFO - Sync 1 DAGs
[2025-11-16T21:29:22.489+0000] {logging_mixin.py:190} INFO - [2025-11-16T21:29:22.489+0000] {dag.py:4180} INFO - Setting next_dagrun for example_dag_decorator to None, run_after=None
[2025-11-16T21:29:22.534+0000] {processor.py:208} INFO - Processing /home/airflow/.local/lib/python3.12/site-packages/airflow/example_dags/example_dag_decorator.py took 0.322 seconds
[2025-11-16T21:29:53.353+0000] {processor.py:186} INFO - Started process (PID=4072) to work on /home/airflow/.local/lib/python3.12/site-packages/airflow/example_dags/example_dag_decorator.py
[2025-11-16T21:29:53.354+0000] {processor.py:914} INFO - Processing file /home/airflow/.local/lib/python3.12/site-packages/airflow/example_dags/example_dag_decorator.py for tasks to queue
[2025-11-16T21:29:53.355+0000] {logging_mixin.py:190} INFO - [2025-11-16T21:29:53.355+0000] {dagbag.py:588} INFO - Filling up the DagBag from /home/airflow/.local/lib/python3.12/site-packages/airflow/example_dags/example_dag_decorator.py
[2025-11-16T21:29:53.574+0000] {processor.py:925} INFO - DAG(s) 'example_dag_decorator' retrieved from /home/airflow/.local/lib/python3.12/site-packages/airflow/example_dags/example_dag_decorator.py
[2025-11-16T21:29:53.622+0000] {logging_mixin.py:190} INFO - [2025-11-16T21:29:53.622+0000] {dag.py:3239} INFO - Sync 1 DAGs
[2025-11-16T21:29:53.632+0000] {logging_mixin.py:190} INFO - [2025-11-16T21:29:53.632+0000] {dag.py:4180} INFO - Setting next_dagrun for example_dag_decorator to None, run_after=None
[2025-11-16T21:29:53.646+0000] {processor.py:208} INFO - Processing /home/airflow/.local/lib/python3.12/site-packages/airflow/example_dags/example_dag_decorator.py took 0.297 seconds
[2025-11-16T21:30:24.496+0000] {processor.py:186} INFO - Started process (PID=4137) to work on /home/airflow/.local/lib/python3.12/site-packages/airflow/example_dags/example_dag_decorator.py
[2025-11-16T21:30:24.498+0000] {processor.py:914} INFO - Processing file /home/airflow/.local/lib/python3.12/site-packages/airflow/example_dags/example_dag_decorator.py for tasks to queue
[2025-11-16T21:30:24.499+0000] {logging_mixin.py:190} INFO - [2025-11-16T21:30:24.498+0000] {dagbag.py:588} INFO - Filling up the DagBag from /home/airflow/.local/lib/python3.12/site-packages/airflow/example_dags/example_dag_decorator.py
[2025-11-16T21:30:24.711+0000] {processor.py:925} INFO - DAG(s) 'example_dag_decorator' retrieved from /home/airflow/.local/lib/python3.12/site-packages/airflow/example_dags/example_dag_decorator.py
[2025-11-16T21:30:24.725+0000] {logging_mixin.py:190} INFO - [2025-11-16T21:30:24.724+0000] {dag.py:3239} INFO - Sync 1 DAGs
[2025-11-16T21:30:24.732+0000] {logging_mixin.py:190} INFO - [2025-11-16T21:30:24.732+0000] {dag.py:4180} INFO - Setting next_dagrun for example_dag_decorator to None, run_after=None
[2025-11-16T21:30:24.744+0000] {processor.py:208} INFO - Processing /home/airflow/.local/lib/python3.12/site-packages/airflow/example_dags/example_dag_decorator.py took 0.252 seconds
[2025-11-16T21:30:54.905+0000] {processor.py:186} INFO - Started process (PID=4201) to work on /home/airflow/.local/lib/python3.12/site-packages/airflow/example_dags/example_dag_decorator.py
[2025-11-16T21:30:54.906+0000] {processor.py:914} INFO - Processing file /home/airflow/.local/lib/python3.12/site-packages/airflow/example_dags/example_dag_decorator.py for tasks to queue
[2025-11-16T21:30:54.907+0000] {logging_mixin.py:190} INFO - [2025-11-16T21:30:54.907+0000] {dagbag.py:588} INFO - Filling up the DagBag from /home/airflow/.local/lib/python3.12/site-packages/airflow/example_dags/example_dag_decorator.py
[2025-11-16T21:30:55.168+0000] {processor.py:925} INFO - DAG(s) 'example_dag_decorator' retrieved from /home/airflow/.local/lib/python3.12/site-packages/airflow/example_dags/example_dag_decorator.py
[2025-11-16T21:30:55.282+0000] {logging_mixin.py:190} INFO - [2025-11-16T21:30:55.282+0000] {dag.py:3239} INFO - Sync 1 DAGs
[2025-11-16T21:30:55.289+0000] {logging_mixin.py:190} INFO - [2025-11-16T21:30:55.289+0000] {dag.py:4180} INFO - Setting next_dagrun for example_dag_decorator to None, run_after=None
[2025-11-16T21:30:55.302+0000] {processor.py:208} INFO - Processing /home/airflow/.local/lib/python3.12/site-packages/airflow/example_dags/example_dag_decorator.py took 0.401 seconds
[2025-11-16T21:31:26.469+0000] {processor.py:186} INFO - Started process (PID=4265) to work on /home/airflow/.local/lib/python3.12/site-packages/airflow/example_dags/example_dag_decorator.py
[2025-11-16T21:31:26.472+0000] {processor.py:914} INFO - Processing file /home/airflow/.local/lib/python3.12/site-packages/airflow/example_dags/example_dag_decorator.py for tasks to queue
[2025-11-16T21:31:26.473+0000] {logging_mixin.py:190} INFO - [2025-11-16T21:31:26.473+0000] {dagbag.py:588} INFO - Filling up the DagBag from /home/airflow/.local/lib/python3.12/site-packages/airflow/example_dags/example_dag_decorator.py
[2025-11-16T21:31:26.720+0000] {processor.py:925} INFO - DAG(s) 'example_dag_decorator' retrieved from /home/airflow/.local/lib/python3.12/site-packages/airflow/example_dags/example_dag_decorator.py
[2025-11-16T21:31:26.788+0000] {logging_mixin.py:190} INFO - [2025-11-16T21:31:26.788+0000] {dag.py:3239} INFO - Sync 1 DAGs
[2025-11-16T21:31:26.795+0000] {logging_mixin.py:190} INFO - [2025-11-16T21:31:26.795+0000] {dag.py:4180} INFO - Setting next_dagrun for example_dag_decorator to None, run_after=None
[2025-11-16T21:31:26.816+0000] {processor.py:208} INFO - Processing /home/airflow/.local/lib/python3.12/site-packages/airflow/example_dags/example_dag_decorator.py took 0.351 seconds
[2025-11-16T21:31:57.629+0000] {processor.py:186} INFO - Started process (PID=4330) to work on /home/airflow/.local/lib/python3.12/site-packages/airflow/example_dags/example_dag_decorator.py
[2025-11-16T21:31:57.631+0000] {processor.py:914} INFO - Processing file /home/airflow/.local/lib/python3.12/site-packages/airflow/example_dags/example_dag_decorator.py for tasks to queue
[2025-11-16T21:31:57.633+0000] {logging_mixin.py:190} INFO - [2025-11-16T21:31:57.632+0000] {dagbag.py:588} INFO - Filling up the DagBag from /home/airflow/.local/lib/python3.12/site-packages/airflow/example_dags/example_dag_decorator.py
[2025-11-16T21:31:57.912+0000] {processor.py:925} INFO - DAG(s) 'example_dag_decorator' retrieved from /home/airflow/.local/lib/python3.12/site-packages/airflow/example_dags/example_dag_decorator.py
[2025-11-16T21:31:58.030+0000] {logging_mixin.py:190} INFO - [2025-11-16T21:31:58.030+0000] {dag.py:3239} INFO - Sync 1 DAGs
[2025-11-16T21:31:58.038+0000] {logging_mixin.py:190} INFO - [2025-11-16T21:31:58.038+0000] {dag.py:4180} INFO - Setting next_dagrun for example_dag_decorator to None, run_after=None
[2025-11-16T21:31:58.051+0000] {processor.py:208} INFO - Processing /home/airflow/.local/lib/python3.12/site-packages/airflow/example_dags/example_dag_decorator.py took 0.427 seconds
[2025-11-16T21:32:28.759+0000] {processor.py:186} INFO - Started process (PID=4395) to work on /home/airflow/.local/lib/python3.12/site-packages/airflow/example_dags/example_dag_decorator.py
[2025-11-16T21:32:28.762+0000] {processor.py:914} INFO - Processing file /home/airflow/.local/lib/python3.12/site-packages/airflow/example_dags/example_dag_decorator.py for tasks to queue
[2025-11-16T21:32:28.764+0000] {logging_mixin.py:190} INFO - [2025-11-16T21:32:28.764+0000] {dagbag.py:588} INFO - Filling up the DagBag from /home/airflow/.local/lib/python3.12/site-packages/airflow/example_dags/example_dag_decorator.py
[2025-11-16T21:32:29.115+0000] {processor.py:925} INFO - DAG(s) 'example_dag_decorator' retrieved from /home/airflow/.local/lib/python3.12/site-packages/airflow/example_dags/example_dag_decorator.py
[2025-11-16T21:32:29.268+0000] {logging_mixin.py:190} INFO - [2025-11-16T21:32:29.267+0000] {dag.py:3239} INFO - Sync 1 DAGs
[2025-11-16T21:32:29.275+0000] {logging_mixin.py:190} INFO - [2025-11-16T21:32:29.275+0000] {dag.py:4180} INFO - Setting next_dagrun for example_dag_decorator to None, run_after=None
[2025-11-16T21:32:29.288+0000] {processor.py:208} INFO - Processing /home/airflow/.local/lib/python3.12/site-packages/airflow/example_dags/example_dag_decorator.py took 0.533 seconds
[2025-11-16T21:32:59.386+0000] {processor.py:186} INFO - Started process (PID=4461) to work on /home/airflow/.local/lib/python3.12/site-packages/airflow/example_dags/example_dag_decorator.py
[2025-11-16T21:32:59.387+0000] {processor.py:914} INFO - Processing file /home/airflow/.local/lib/python3.12/site-packages/airflow/example_dags/example_dag_decorator.py for tasks to queue
[2025-11-16T21:32:59.388+0000] {logging_mixin.py:190} INFO - [2025-11-16T21:32:59.388+0000] {dagbag.py:588} INFO - Filling up the DagBag from /home/airflow/.local/lib/python3.12/site-packages/airflow/example_dags/example_dag_decorator.py
[2025-11-16T21:32:59.634+0000] {processor.py:925} INFO - DAG(s) 'example_dag_decorator' retrieved from /home/airflow/.local/lib/python3.12/site-packages/airflow/example_dags/example_dag_decorator.py
[2025-11-16T21:32:59.770+0000] {logging_mixin.py:190} INFO - [2025-11-16T21:32:59.770+0000] {dag.py:3239} INFO - Sync 1 DAGs
[2025-11-16T21:32:59.777+0000] {logging_mixin.py:190} INFO - [2025-11-16T21:32:59.777+0000] {dag.py:4180} INFO - Setting next_dagrun for example_dag_decorator to None, run_after=None
[2025-11-16T21:32:59.789+0000] {processor.py:208} INFO - Processing /home/airflow/.local/lib/python3.12/site-packages/airflow/example_dags/example_dag_decorator.py took 0.408 seconds
[2025-11-16T21:33:31.493+0000] {processor.py:186} INFO - Started process (PID=4526) to work on /home/airflow/.local/lib/python3.12/site-packages/airflow/example_dags/example_dag_decorator.py
[2025-11-16T21:33:31.494+0000] {processor.py:914} INFO - Processing file /home/airflow/.local/lib/python3.12/site-packages/airflow/example_dags/example_dag_decorator.py for tasks to queue
[2025-11-16T21:33:31.495+0000] {logging_mixin.py:190} INFO - [2025-11-16T21:33:31.495+0000] {dagbag.py:588} INFO - Filling up the DagBag from /home/airflow/.local/lib/python3.12/site-packages/airflow/example_dags/example_dag_decorator.py
[2025-11-16T21:33:31.767+0000] {processor.py:925} INFO - DAG(s) 'example_dag_decorator' retrieved from /home/airflow/.local/lib/python3.12/site-packages/airflow/example_dags/example_dag_decorator.py
[2025-11-16T21:33:31.901+0000] {logging_mixin.py:190} INFO - [2025-11-16T21:33:31.901+0000] {dag.py:3239} INFO - Sync 1 DAGs
[2025-11-16T21:33:31.911+0000] {logging_mixin.py:190} INFO - [2025-11-16T21:33:31.910+0000] {dag.py:4180} INFO - Setting next_dagrun for example_dag_decorator to None, run_after=None
[2025-11-16T21:33:31.924+0000] {processor.py:208} INFO - Processing /home/airflow/.local/lib/python3.12/site-packages/airflow/example_dags/example_dag_decorator.py took 0.436 seconds
[2025-11-16T21:34:02.112+0000] {processor.py:186} INFO - Started process (PID=4591) to work on /home/airflow/.local/lib/python3.12/site-packages/airflow/example_dags/example_dag_decorator.py
[2025-11-16T21:34:02.114+0000] {processor.py:914} INFO - Processing file /home/airflow/.local/lib/python3.12/site-packages/airflow/example_dags/example_dag_decorator.py for tasks to queue
[2025-11-16T21:34:02.115+0000] {logging_mixin.py:190} INFO - [2025-11-16T21:34:02.115+0000] {dagbag.py:588} INFO - Filling up the DagBag from /home/airflow/.local/lib/python3.12/site-packages/airflow/example_dags/example_dag_decorator.py
[2025-11-16T21:34:02.365+0000] {processor.py:925} INFO - DAG(s) 'example_dag_decorator' retrieved from /home/airflow/.local/lib/python3.12/site-packages/airflow/example_dags/example_dag_decorator.py
[2025-11-16T21:34:02.476+0000] {logging_mixin.py:190} INFO - [2025-11-16T21:34:02.476+0000] {dag.py:3239} INFO - Sync 1 DAGs
[2025-11-16T21:34:02.484+0000] {logging_mixin.py:190} INFO - [2025-11-16T21:34:02.484+0000] {dag.py:4180} INFO - Setting next_dagrun for example_dag_decorator to None, run_after=None
[2025-11-16T21:34:02.498+0000] {processor.py:208} INFO - Processing /home/airflow/.local/lib/python3.12/site-packages/airflow/example_dags/example_dag_decorator.py took 0.390 seconds
[2025-11-16T21:34:33.358+0000] {processor.py:186} INFO - Started process (PID=4656) to work on /home/airflow/.local/lib/python3.12/site-packages/airflow/example_dags/example_dag_decorator.py
[2025-11-16T21:34:33.359+0000] {processor.py:914} INFO - Processing file /home/airflow/.local/lib/python3.12/site-packages/airflow/example_dags/example_dag_decorator.py for tasks to queue
[2025-11-16T21:34:33.360+0000] {logging_mixin.py:190} INFO - [2025-11-16T21:34:33.360+0000] {dagbag.py:588} INFO - Filling up the DagBag from /home/airflow/.local/lib/python3.12/site-packages/airflow/example_dags/example_dag_decorator.py
[2025-11-16T21:34:33.615+0000] {processor.py:925} INFO - DAG(s) 'example_dag_decorator' retrieved from /home/airflow/.local/lib/python3.12/site-packages/airflow/example_dags/example_dag_decorator.py
[2025-11-16T21:34:33.726+0000] {logging_mixin.py:190} INFO - [2025-11-16T21:34:33.726+0000] {dag.py:3239} INFO - Sync 1 DAGs
[2025-11-16T21:34:33.733+0000] {logging_mixin.py:190} INFO - [2025-11-16T21:34:33.733+0000] {dag.py:4180} INFO - Setting next_dagrun for example_dag_decorator to None, run_after=None
[2025-11-16T21:34:33.747+0000] {processor.py:208} INFO - Processing /home/airflow/.local/lib/python3.12/site-packages/airflow/example_dags/example_dag_decorator.py took 0.394 seconds
[2025-11-16T21:35:04.216+0000] {processor.py:186} INFO - Started process (PID=4720) to work on /home/airflow/.local/lib/python3.12/site-packages/airflow/example_dags/example_dag_decorator.py
[2025-11-16T21:35:04.217+0000] {processor.py:914} INFO - Processing file /home/airflow/.local/lib/python3.12/site-packages/airflow/example_dags/example_dag_decorator.py for tasks to queue
[2025-11-16T21:35:04.219+0000] {logging_mixin.py:190} INFO - [2025-11-16T21:35:04.218+0000] {dagbag.py:588} INFO - Filling up the DagBag from /home/airflow/.local/lib/python3.12/site-packages/airflow/example_dags/example_dag_decorator.py
[2025-11-16T21:35:04.313+0000] {processor.py:925} INFO - DAG(s) 'example_dag_decorator' retrieved from /home/airflow/.local/lib/python3.12/site-packages/airflow/example_dags/example_dag_decorator.py
[2025-11-16T21:35:04.411+0000] {logging_mixin.py:190} INFO - [2025-11-16T21:35:04.410+0000] {dag.py:3239} INFO - Sync 1 DAGs
[2025-11-16T21:35:04.419+0000] {logging_mixin.py:190} INFO - [2025-11-16T21:35:04.419+0000] {dag.py:4180} INFO - Setting next_dagrun for example_dag_decorator to None, run_after=None
[2025-11-16T21:35:04.433+0000] {processor.py:208} INFO - Processing /home/airflow/.local/lib/python3.12/site-packages/airflow/example_dags/example_dag_decorator.py took 0.222 seconds
[2025-11-16T21:35:34.812+0000] {processor.py:186} INFO - Started process (PID=4785) to work on /home/airflow/.local/lib/python3.12/site-packages/airflow/example_dags/example_dag_decorator.py
[2025-11-16T21:35:34.813+0000] {processor.py:914} INFO - Processing file /home/airflow/.local/lib/python3.12/site-packages/airflow/example_dags/example_dag_decorator.py for tasks to queue
[2025-11-16T21:35:34.815+0000] {logging_mixin.py:190} INFO - [2025-11-16T21:35:34.815+0000] {dagbag.py:588} INFO - Filling up the DagBag from /home/airflow/.local/lib/python3.12/site-packages/airflow/example_dags/example_dag_decorator.py
[2025-11-16T21:35:34.882+0000] {processor.py:925} INFO - DAG(s) 'example_dag_decorator' retrieved from /home/airflow/.local/lib/python3.12/site-packages/airflow/example_dags/example_dag_decorator.py
[2025-11-16T21:35:34.951+0000] {logging_mixin.py:190} INFO - [2025-11-16T21:35:34.951+0000] {dag.py:3239} INFO - Sync 1 DAGs
[2025-11-16T21:35:34.959+0000] {logging_mixin.py:190} INFO - [2025-11-16T21:35:34.959+0000] {dag.py:4180} INFO - Setting next_dagrun for example_dag_decorator to None, run_after=None
[2025-11-16T21:35:34.975+0000] {processor.py:208} INFO - Processing /home/airflow/.local/lib/python3.12/site-packages/airflow/example_dags/example_dag_decorator.py took 0.167 seconds
[2025-11-16T21:36:05.562+0000] {processor.py:186} INFO - Started process (PID=4850) to work on /home/airflow/.local/lib/python3.12/site-packages/airflow/example_dags/example_dag_decorator.py
[2025-11-16T21:36:05.563+0000] {processor.py:914} INFO - Processing file /home/airflow/.local/lib/python3.12/site-packages/airflow/example_dags/example_dag_decorator.py for tasks to queue
[2025-11-16T21:36:05.564+0000] {logging_mixin.py:190} INFO - [2025-11-16T21:36:05.564+0000] {dagbag.py:588} INFO - Filling up the DagBag from /home/airflow/.local/lib/python3.12/site-packages/airflow/example_dags/example_dag_decorator.py
[2025-11-16T21:36:05.682+0000] {processor.py:925} INFO - DAG(s) 'example_dag_decorator' retrieved from /home/airflow/.local/lib/python3.12/site-packages/airflow/example_dags/example_dag_decorator.py
[2025-11-16T21:36:05.787+0000] {logging_mixin.py:190} INFO - [2025-11-16T21:36:05.786+0000] {dag.py:3239} INFO - Sync 1 DAGs
[2025-11-16T21:36:05.795+0000] {logging_mixin.py:190} INFO - [2025-11-16T21:36:05.795+0000] {dag.py:4180} INFO - Setting next_dagrun for example_dag_decorator to None, run_after=None
[2025-11-16T21:36:05.809+0000] {processor.py:208} INFO - Processing /home/airflow/.local/lib/python3.12/site-packages/airflow/example_dags/example_dag_decorator.py took 0.252 seconds
[2025-11-16T21:36:36.223+0000] {processor.py:186} INFO - Started process (PID=4915) to work on /home/airflow/.local/lib/python3.12/site-packages/airflow/example_dags/example_dag_decorator.py
[2025-11-16T21:36:36.224+0000] {processor.py:914} INFO - Processing file /home/airflow/.local/lib/python3.12/site-packages/airflow/example_dags/example_dag_decorator.py for tasks to queue
[2025-11-16T21:36:36.225+0000] {logging_mixin.py:190} INFO - [2025-11-16T21:36:36.225+0000] {dagbag.py:588} INFO - Filling up the DagBag from /home/airflow/.local/lib/python3.12/site-packages/airflow/example_dags/example_dag_decorator.py
[2025-11-16T21:36:36.340+0000] {processor.py:925} INFO - DAG(s) 'example_dag_decorator' retrieved from /home/airflow/.local/lib/python3.12/site-packages/airflow/example_dags/example_dag_decorator.py
[2025-11-16T21:36:36.440+0000] {logging_mixin.py:190} INFO - [2025-11-16T21:36:36.440+0000] {dag.py:3239} INFO - Sync 1 DAGs
[2025-11-16T21:36:36.449+0000] {logging_mixin.py:190} INFO - [2025-11-16T21:36:36.448+0000] {dag.py:4180} INFO - Setting next_dagrun for example_dag_decorator to None, run_after=None
[2025-11-16T21:36:36.460+0000] {processor.py:208} INFO - Processing /home/airflow/.local/lib/python3.12/site-packages/airflow/example_dags/example_dag_decorator.py took 0.242 seconds
[2025-11-16T21:37:06.835+0000] {processor.py:186} INFO - Started process (PID=4980) to work on /home/airflow/.local/lib/python3.12/site-packages/airflow/example_dags/example_dag_decorator.py
[2025-11-16T21:37:06.837+0000] {processor.py:914} INFO - Processing file /home/airflow/.local/lib/python3.12/site-packages/airflow/example_dags/example_dag_decorator.py for tasks to queue
[2025-11-16T21:37:06.838+0000] {logging_mixin.py:190} INFO - [2025-11-16T21:37:06.837+0000] {dagbag.py:588} INFO - Filling up the DagBag from /home/airflow/.local/lib/python3.12/site-packages/airflow/example_dags/example_dag_decorator.py
[2025-11-16T21:37:06.974+0000] {processor.py:925} INFO - DAG(s) 'example_dag_decorator' retrieved from /home/airflow/.local/lib/python3.12/site-packages/airflow/example_dags/example_dag_decorator.py
[2025-11-16T21:37:07.105+0000] {logging_mixin.py:190} INFO - [2025-11-16T21:37:07.105+0000] {dag.py:3239} INFO - Sync 1 DAGs
[2025-11-16T21:37:07.114+0000] {logging_mixin.py:190} INFO - [2025-11-16T21:37:07.113+0000] {dag.py:4180} INFO - Setting next_dagrun for example_dag_decorator to None, run_after=None
[2025-11-16T21:37:07.129+0000] {processor.py:208} INFO - Processing /home/airflow/.local/lib/python3.12/site-packages/airflow/example_dags/example_dag_decorator.py took 0.298 seconds
[2025-11-16T21:37:37.593+0000] {processor.py:186} INFO - Started process (PID=5045) to work on /home/airflow/.local/lib/python3.12/site-packages/airflow/example_dags/example_dag_decorator.py
[2025-11-16T21:37:37.598+0000] {processor.py:914} INFO - Processing file /home/airflow/.local/lib/python3.12/site-packages/airflow/example_dags/example_dag_decorator.py for tasks to queue
[2025-11-16T21:37:37.600+0000] {logging_mixin.py:190} INFO - [2025-11-16T21:37:37.599+0000] {dagbag.py:588} INFO - Filling up the DagBag from /home/airflow/.local/lib/python3.12/site-packages/airflow/example_dags/example_dag_decorator.py
[2025-11-16T21:37:37.726+0000] {processor.py:925} INFO - DAG(s) 'example_dag_decorator' retrieved from /home/airflow/.local/lib/python3.12/site-packages/airflow/example_dags/example_dag_decorator.py
[2025-11-16T21:37:37.842+0000] {logging_mixin.py:190} INFO - [2025-11-16T21:37:37.842+0000] {dag.py:3239} INFO - Sync 1 DAGs
[2025-11-16T21:37:37.851+0000] {logging_mixin.py:190} INFO - [2025-11-16T21:37:37.851+0000] {dag.py:4180} INFO - Setting next_dagrun for example_dag_decorator to None, run_after=None
[2025-11-16T21:37:37.864+0000] {processor.py:208} INFO - Processing /home/airflow/.local/lib/python3.12/site-packages/airflow/example_dags/example_dag_decorator.py took 0.276 seconds
[2025-11-16T21:38:08.224+0000] {processor.py:186} INFO - Started process (PID=5110) to work on /home/airflow/.local/lib/python3.12/site-packages/airflow/example_dags/example_dag_decorator.py
[2025-11-16T21:38:08.225+0000] {processor.py:914} INFO - Processing file /home/airflow/.local/lib/python3.12/site-packages/airflow/example_dags/example_dag_decorator.py for tasks to queue
[2025-11-16T21:38:08.226+0000] {logging_mixin.py:190} INFO - [2025-11-16T21:38:08.225+0000] {dagbag.py:588} INFO - Filling up the DagBag from /home/airflow/.local/lib/python3.12/site-packages/airflow/example_dags/example_dag_decorator.py
[2025-11-16T21:38:08.352+0000] {processor.py:925} INFO - DAG(s) 'example_dag_decorator' retrieved from /home/airflow/.local/lib/python3.12/site-packages/airflow/example_dags/example_dag_decorator.py
[2025-11-16T21:38:08.466+0000] {logging_mixin.py:190} INFO - [2025-11-16T21:38:08.466+0000] {dag.py:3239} INFO - Sync 1 DAGs
[2025-11-16T21:38:08.476+0000] {logging_mixin.py:190} INFO - [2025-11-16T21:38:08.476+0000] {dag.py:4180} INFO - Setting next_dagrun for example_dag_decorator to None, run_after=None
[2025-11-16T21:38:08.489+0000] {processor.py:208} INFO - Processing /home/airflow/.local/lib/python3.12/site-packages/airflow/example_dags/example_dag_decorator.py took 0.269 seconds
[2025-11-16T21:38:39.392+0000] {processor.py:186} INFO - Started process (PID=5175) to work on /home/airflow/.local/lib/python3.12/site-packages/airflow/example_dags/example_dag_decorator.py
[2025-11-16T21:38:39.399+0000] {processor.py:914} INFO - Processing file /home/airflow/.local/lib/python3.12/site-packages/airflow/example_dags/example_dag_decorator.py for tasks to queue
[2025-11-16T21:38:39.401+0000] {logging_mixin.py:190} INFO - [2025-11-16T21:38:39.401+0000] {dagbag.py:588} INFO - Filling up the DagBag from /home/airflow/.local/lib/python3.12/site-packages/airflow/example_dags/example_dag_decorator.py
[2025-11-16T21:38:39.525+0000] {processor.py:925} INFO - DAG(s) 'example_dag_decorator' retrieved from /home/airflow/.local/lib/python3.12/site-packages/airflow/example_dags/example_dag_decorator.py
[2025-11-16T21:38:39.631+0000] {logging_mixin.py:190} INFO - [2025-11-16T21:38:39.630+0000] {dag.py:3239} INFO - Sync 1 DAGs
[2025-11-16T21:38:39.640+0000] {logging_mixin.py:190} INFO - [2025-11-16T21:38:39.639+0000] {dag.py:4180} INFO - Setting next_dagrun for example_dag_decorator to None, run_after=None
[2025-11-16T21:38:39.652+0000] {processor.py:208} INFO - Processing /home/airflow/.local/lib/python3.12/site-packages/airflow/example_dags/example_dag_decorator.py took 0.265 seconds
[2025-11-16T21:39:09.821+0000] {processor.py:186} INFO - Started process (PID=5240) to work on /home/airflow/.local/lib/python3.12/site-packages/airflow/example_dags/example_dag_decorator.py
[2025-11-16T21:39:09.822+0000] {processor.py:914} INFO - Processing file /home/airflow/.local/lib/python3.12/site-packages/airflow/example_dags/example_dag_decorator.py for tasks to queue
[2025-11-16T21:39:09.823+0000] {logging_mixin.py:190} INFO - [2025-11-16T21:39:09.823+0000] {dagbag.py:588} INFO - Filling up the DagBag from /home/airflow/.local/lib/python3.12/site-packages/airflow/example_dags/example_dag_decorator.py
[2025-11-16T21:39:09.949+0000] {processor.py:925} INFO - DAG(s) 'example_dag_decorator' retrieved from /home/airflow/.local/lib/python3.12/site-packages/airflow/example_dags/example_dag_decorator.py
[2025-11-16T21:39:10.056+0000] {logging_mixin.py:190} INFO - [2025-11-16T21:39:10.056+0000] {dag.py:3239} INFO - Sync 1 DAGs
[2025-11-16T21:39:10.068+0000] {logging_mixin.py:190} INFO - [2025-11-16T21:39:10.068+0000] {dag.py:4180} INFO - Setting next_dagrun for example_dag_decorator to None, run_after=None
[2025-11-16T21:39:10.083+0000] {processor.py:208} INFO - Processing /home/airflow/.local/lib/python3.12/site-packages/airflow/example_dags/example_dag_decorator.py took 0.267 seconds
[2025-11-16T21:39:40.568+0000] {processor.py:186} INFO - Started process (PID=5305) to work on /home/airflow/.local/lib/python3.12/site-packages/airflow/example_dags/example_dag_decorator.py
[2025-11-16T21:39:40.569+0000] {processor.py:914} INFO - Processing file /home/airflow/.local/lib/python3.12/site-packages/airflow/example_dags/example_dag_decorator.py for tasks to queue
[2025-11-16T21:39:40.571+0000] {logging_mixin.py:190} INFO - [2025-11-16T21:39:40.570+0000] {dagbag.py:588} INFO - Filling up the DagBag from /home/airflow/.local/lib/python3.12/site-packages/airflow/example_dags/example_dag_decorator.py
[2025-11-16T21:39:40.696+0000] {processor.py:925} INFO - DAG(s) 'example_dag_decorator' retrieved from /home/airflow/.local/lib/python3.12/site-packages/airflow/example_dags/example_dag_decorator.py
[2025-11-16T21:39:40.814+0000] {logging_mixin.py:190} INFO - [2025-11-16T21:39:40.814+0000] {dag.py:3239} INFO - Sync 1 DAGs
[2025-11-16T21:39:40.826+0000] {logging_mixin.py:190} INFO - [2025-11-16T21:39:40.826+0000] {dag.py:4180} INFO - Setting next_dagrun for example_dag_decorator to None, run_after=None
[2025-11-16T21:39:40.840+0000] {processor.py:208} INFO - Processing /home/airflow/.local/lib/python3.12/site-packages/airflow/example_dags/example_dag_decorator.py took 0.276 seconds
[2025-11-16T21:40:13.011+0000] {processor.py:186} INFO - Started process (PID=5370) to work on /home/airflow/.local/lib/python3.12/site-packages/airflow/example_dags/example_dag_decorator.py
[2025-11-16T21:40:13.012+0000] {processor.py:914} INFO - Processing file /home/airflow/.local/lib/python3.12/site-packages/airflow/example_dags/example_dag_decorator.py for tasks to queue
[2025-11-16T21:40:13.014+0000] {logging_mixin.py:190} INFO - [2025-11-16T21:40:13.014+0000] {dagbag.py:588} INFO - Filling up the DagBag from /home/airflow/.local/lib/python3.12/site-packages/airflow/example_dags/example_dag_decorator.py
[2025-11-16T21:40:13.193+0000] {processor.py:925} INFO - DAG(s) 'example_dag_decorator' retrieved from /home/airflow/.local/lib/python3.12/site-packages/airflow/example_dags/example_dag_decorator.py
[2025-11-16T21:40:13.330+0000] {logging_mixin.py:190} INFO - [2025-11-16T21:40:13.329+0000] {dag.py:3239} INFO - Sync 1 DAGs
[2025-11-16T21:40:13.341+0000] {logging_mixin.py:190} INFO - [2025-11-16T21:40:13.341+0000] {dag.py:4180} INFO - Setting next_dagrun for example_dag_decorator to None, run_after=None
[2025-11-16T21:40:13.358+0000] {processor.py:208} INFO - Processing /home/airflow/.local/lib/python3.12/site-packages/airflow/example_dags/example_dag_decorator.py took 0.352 seconds
[2025-11-16T21:40:43.681+0000] {processor.py:186} INFO - Started process (PID=5435) to work on /home/airflow/.local/lib/python3.12/site-packages/airflow/example_dags/example_dag_decorator.py
[2025-11-16T21:40:43.682+0000] {processor.py:914} INFO - Processing file /home/airflow/.local/lib/python3.12/site-packages/airflow/example_dags/example_dag_decorator.py for tasks to queue
[2025-11-16T21:40:43.683+0000] {logging_mixin.py:190} INFO - [2025-11-16T21:40:43.683+0000] {dagbag.py:588} INFO - Filling up the DagBag from /home/airflow/.local/lib/python3.12/site-packages/airflow/example_dags/example_dag_decorator.py
[2025-11-16T21:40:43.809+0000] {processor.py:925} INFO - DAG(s) 'example_dag_decorator' retrieved from /home/airflow/.local/lib/python3.12/site-packages/airflow/example_dags/example_dag_decorator.py
[2025-11-16T21:40:43.936+0000] {logging_mixin.py:190} INFO - [2025-11-16T21:40:43.935+0000] {dag.py:3239} INFO - Sync 1 DAGs
[2025-11-16T21:40:43.943+0000] {logging_mixin.py:190} INFO - [2025-11-16T21:40:43.943+0000] {dag.py:4180} INFO - Setting next_dagrun for example_dag_decorator to None, run_after=None
[2025-11-16T21:40:43.957+0000] {processor.py:208} INFO - Processing /home/airflow/.local/lib/python3.12/site-packages/airflow/example_dags/example_dag_decorator.py took 0.280 seconds
[2025-11-16T21:41:14.149+0000] {processor.py:186} INFO - Started process (PID=5502) to work on /home/airflow/.local/lib/python3.12/site-packages/airflow/example_dags/example_dag_decorator.py
[2025-11-16T21:41:14.150+0000] {processor.py:914} INFO - Processing file /home/airflow/.local/lib/python3.12/site-packages/airflow/example_dags/example_dag_decorator.py for tasks to queue
[2025-11-16T21:41:14.151+0000] {logging_mixin.py:190} INFO - [2025-11-16T21:41:14.151+0000] {dagbag.py:588} INFO - Filling up the DagBag from /home/airflow/.local/lib/python3.12/site-packages/airflow/example_dags/example_dag_decorator.py
[2025-11-16T21:41:14.312+0000] {processor.py:925} INFO - DAG(s) 'example_dag_decorator' retrieved from /home/airflow/.local/lib/python3.12/site-packages/airflow/example_dags/example_dag_decorator.py
[2025-11-16T21:41:14.456+0000] {logging_mixin.py:190} INFO - [2025-11-16T21:41:14.456+0000] {dag.py:3239} INFO - Sync 1 DAGs
[2025-11-16T21:41:14.467+0000] {logging_mixin.py:190} INFO - [2025-11-16T21:41:14.467+0000] {dag.py:4180} INFO - Setting next_dagrun for example_dag_decorator to None, run_after=None
[2025-11-16T21:41:14.483+0000] {processor.py:208} INFO - Processing /home/airflow/.local/lib/python3.12/site-packages/airflow/example_dags/example_dag_decorator.py took 0.338 seconds
[2025-11-16T21:41:45.162+0000] {processor.py:186} INFO - Started process (PID=5566) to work on /home/airflow/.local/lib/python3.12/site-packages/airflow/example_dags/example_dag_decorator.py
[2025-11-16T21:41:45.163+0000] {processor.py:914} INFO - Processing file /home/airflow/.local/lib/python3.12/site-packages/airflow/example_dags/example_dag_decorator.py for tasks to queue
[2025-11-16T21:41:45.164+0000] {logging_mixin.py:190} INFO - [2025-11-16T21:41:45.164+0000] {dagbag.py:588} INFO - Filling up the DagBag from /home/airflow/.local/lib/python3.12/site-packages/airflow/example_dags/example_dag_decorator.py
[2025-11-16T21:41:45.304+0000] {processor.py:925} INFO - DAG(s) 'example_dag_decorator' retrieved from /home/airflow/.local/lib/python3.12/site-packages/airflow/example_dags/example_dag_decorator.py
[2025-11-16T21:41:45.418+0000] {logging_mixin.py:190} INFO - [2025-11-16T21:41:45.418+0000] {dag.py:3239} INFO - Sync 1 DAGs
[2025-11-16T21:41:45.427+0000] {logging_mixin.py:190} INFO - [2025-11-16T21:41:45.427+0000] {dag.py:4180} INFO - Setting next_dagrun for example_dag_decorator to None, run_after=None
[2025-11-16T21:41:45.441+0000] {processor.py:208} INFO - Processing /home/airflow/.local/lib/python3.12/site-packages/airflow/example_dags/example_dag_decorator.py took 0.283 seconds
[2025-11-16T21:42:16.129+0000] {processor.py:186} INFO - Started process (PID=5631) to work on /home/airflow/.local/lib/python3.12/site-packages/airflow/example_dags/example_dag_decorator.py
[2025-11-16T21:42:16.130+0000] {processor.py:914} INFO - Processing file /home/airflow/.local/lib/python3.12/site-packages/airflow/example_dags/example_dag_decorator.py for tasks to queue
[2025-11-16T21:42:16.132+0000] {logging_mixin.py:190} INFO - [2025-11-16T21:42:16.131+0000] {dagbag.py:588} INFO - Filling up the DagBag from /home/airflow/.local/lib/python3.12/site-packages/airflow/example_dags/example_dag_decorator.py
[2025-11-16T21:42:16.281+0000] {processor.py:925} INFO - DAG(s) 'example_dag_decorator' retrieved from /home/airflow/.local/lib/python3.12/site-packages/airflow/example_dags/example_dag_decorator.py
[2025-11-16T21:42:16.411+0000] {logging_mixin.py:190} INFO - [2025-11-16T21:42:16.411+0000] {dag.py:3239} INFO - Sync 1 DAGs
[2025-11-16T21:42:16.419+0000] {logging_mixin.py:190} INFO - [2025-11-16T21:42:16.419+0000] {dag.py:4180} INFO - Setting next_dagrun for example_dag_decorator to None, run_after=None
[2025-11-16T21:42:16.434+0000] {processor.py:208} INFO - Processing /home/airflow/.local/lib/python3.12/site-packages/airflow/example_dags/example_dag_decorator.py took 0.310 seconds
[2025-11-16T21:42:47.064+0000] {processor.py:186} INFO - Started process (PID=5696) to work on /home/airflow/.local/lib/python3.12/site-packages/airflow/example_dags/example_dag_decorator.py
[2025-11-16T21:42:47.067+0000] {processor.py:914} INFO - Processing file /home/airflow/.local/lib/python3.12/site-packages/airflow/example_dags/example_dag_decorator.py for tasks to queue
[2025-11-16T21:42:47.070+0000] {logging_mixin.py:190} INFO - [2025-11-16T21:42:47.069+0000] {dagbag.py:588} INFO - Filling up the DagBag from /home/airflow/.local/lib/python3.12/site-packages/airflow/example_dags/example_dag_decorator.py
[2025-11-16T21:42:47.228+0000] {processor.py:925} INFO - DAG(s) 'example_dag_decorator' retrieved from /home/airflow/.local/lib/python3.12/site-packages/airflow/example_dags/example_dag_decorator.py
[2025-11-16T21:42:47.366+0000] {logging_mixin.py:190} INFO - [2025-11-16T21:42:47.366+0000] {dag.py:3239} INFO - Sync 1 DAGs
[2025-11-16T21:42:47.374+0000] {logging_mixin.py:190} INFO - [2025-11-16T21:42:47.374+0000] {dag.py:4180} INFO - Setting next_dagrun for example_dag_decorator to None, run_after=None
[2025-11-16T21:42:47.389+0000] {processor.py:208} INFO - Processing /home/airflow/.local/lib/python3.12/site-packages/airflow/example_dags/example_dag_decorator.py took 0.330 seconds
[2025-11-16T21:44:11.095+0000] {processor.py:186} INFO - Started process (PID=94) to work on /home/airflow/.local/lib/python3.12/site-packages/airflow/example_dags/example_dag_decorator.py
[2025-11-16T21:44:11.096+0000] {processor.py:914} INFO - Processing file /home/airflow/.local/lib/python3.12/site-packages/airflow/example_dags/example_dag_decorator.py for tasks to queue
[2025-11-16T21:44:11.099+0000] {logging_mixin.py:190} INFO - [2025-11-16T21:44:11.098+0000] {dagbag.py:588} INFO - Filling up the DagBag from /home/airflow/.local/lib/python3.12/site-packages/airflow/example_dags/example_dag_decorator.py
[2025-11-16T21:44:11.238+0000] {processor.py:925} INFO - DAG(s) 'example_dag_decorator' retrieved from /home/airflow/.local/lib/python3.12/site-packages/airflow/example_dags/example_dag_decorator.py
[2025-11-16T21:44:11.315+0000] {logging_mixin.py:190} INFO - [2025-11-16T21:44:11.315+0000] {dag.py:3239} INFO - Sync 1 DAGs
[2025-11-16T21:44:11.323+0000] {logging_mixin.py:190} INFO - [2025-11-16T21:44:11.323+0000] {dag.py:4180} INFO - Setting next_dagrun for example_dag_decorator to None, run_after=None
[2025-11-16T21:44:11.336+0000] {processor.py:208} INFO - Processing /home/airflow/.local/lib/python3.12/site-packages/airflow/example_dags/example_dag_decorator.py took 0.246 seconds
[2025-11-16T21:44:41.503+0000] {processor.py:186} INFO - Started process (PID=160) to work on /home/airflow/.local/lib/python3.12/site-packages/airflow/example_dags/example_dag_decorator.py
[2025-11-16T21:44:41.504+0000] {processor.py:914} INFO - Processing file /home/airflow/.local/lib/python3.12/site-packages/airflow/example_dags/example_dag_decorator.py for tasks to queue
[2025-11-16T21:44:41.506+0000] {logging_mixin.py:190} INFO - [2025-11-16T21:44:41.506+0000] {dagbag.py:588} INFO - Filling up the DagBag from /home/airflow/.local/lib/python3.12/site-packages/airflow/example_dags/example_dag_decorator.py
[2025-11-16T21:44:41.578+0000] {processor.py:925} INFO - DAG(s) 'example_dag_decorator' retrieved from /home/airflow/.local/lib/python3.12/site-packages/airflow/example_dags/example_dag_decorator.py
[2025-11-16T21:44:41.656+0000] {logging_mixin.py:190} INFO - [2025-11-16T21:44:41.655+0000] {dag.py:3239} INFO - Sync 1 DAGs
[2025-11-16T21:44:41.664+0000] {logging_mixin.py:190} INFO - [2025-11-16T21:44:41.664+0000] {dag.py:4180} INFO - Setting next_dagrun for example_dag_decorator to None, run_after=None
[2025-11-16T21:44:41.678+0000] {processor.py:208} INFO - Processing /home/airflow/.local/lib/python3.12/site-packages/airflow/example_dags/example_dag_decorator.py took 0.179 seconds
[2025-11-16T21:45:11.800+0000] {processor.py:186} INFO - Started process (PID=223) to work on /home/airflow/.local/lib/python3.12/site-packages/airflow/example_dags/example_dag_decorator.py
[2025-11-16T21:45:11.801+0000] {processor.py:914} INFO - Processing file /home/airflow/.local/lib/python3.12/site-packages/airflow/example_dags/example_dag_decorator.py for tasks to queue
[2025-11-16T21:45:11.803+0000] {logging_mixin.py:190} INFO - [2025-11-16T21:45:11.803+0000] {dagbag.py:588} INFO - Filling up the DagBag from /home/airflow/.local/lib/python3.12/site-packages/airflow/example_dags/example_dag_decorator.py
[2025-11-16T21:45:11.873+0000] {processor.py:925} INFO - DAG(s) 'example_dag_decorator' retrieved from /home/airflow/.local/lib/python3.12/site-packages/airflow/example_dags/example_dag_decorator.py
[2025-11-16T21:45:11.946+0000] {logging_mixin.py:190} INFO - [2025-11-16T21:45:11.945+0000] {dag.py:3239} INFO - Sync 1 DAGs
[2025-11-16T21:45:11.955+0000] {logging_mixin.py:190} INFO - [2025-11-16T21:45:11.955+0000] {dag.py:4180} INFO - Setting next_dagrun for example_dag_decorator to None, run_after=None
[2025-11-16T21:45:11.970+0000] {processor.py:208} INFO - Processing /home/airflow/.local/lib/python3.12/site-packages/airflow/example_dags/example_dag_decorator.py took 0.174 seconds
[2025-11-16T21:45:43.760+0000] {processor.py:186} INFO - Started process (PID=288) to work on /home/airflow/.local/lib/python3.12/site-packages/airflow/example_dags/example_dag_decorator.py
[2025-11-16T21:45:43.762+0000] {processor.py:914} INFO - Processing file /home/airflow/.local/lib/python3.12/site-packages/airflow/example_dags/example_dag_decorator.py for tasks to queue
[2025-11-16T21:45:43.763+0000] {logging_mixin.py:190} INFO - [2025-11-16T21:45:43.763+0000] {dagbag.py:588} INFO - Filling up the DagBag from /home/airflow/.local/lib/python3.12/site-packages/airflow/example_dags/example_dag_decorator.py
[2025-11-16T21:45:43.827+0000] {processor.py:925} INFO - DAG(s) 'example_dag_decorator' retrieved from /home/airflow/.local/lib/python3.12/site-packages/airflow/example_dags/example_dag_decorator.py
[2025-11-16T21:45:43.899+0000] {logging_mixin.py:190} INFO - [2025-11-16T21:45:43.899+0000] {dag.py:3239} INFO - Sync 1 DAGs
[2025-11-16T21:45:43.907+0000] {logging_mixin.py:190} INFO - [2025-11-16T21:45:43.907+0000] {dag.py:4180} INFO - Setting next_dagrun for example_dag_decorator to None, run_after=None
[2025-11-16T21:45:43.920+0000] {processor.py:208} INFO - Processing /home/airflow/.local/lib/python3.12/site-packages/airflow/example_dags/example_dag_decorator.py took 0.164 seconds
[2025-11-16T21:46:14.583+0000] {processor.py:186} INFO - Started process (PID=353) to work on /home/airflow/.local/lib/python3.12/site-packages/airflow/example_dags/example_dag_decorator.py
[2025-11-16T21:46:14.584+0000] {processor.py:914} INFO - Processing file /home/airflow/.local/lib/python3.12/site-packages/airflow/example_dags/example_dag_decorator.py for tasks to queue
[2025-11-16T21:46:14.586+0000] {logging_mixin.py:190} INFO - [2025-11-16T21:46:14.585+0000] {dagbag.py:588} INFO - Filling up the DagBag from /home/airflow/.local/lib/python3.12/site-packages/airflow/example_dags/example_dag_decorator.py
[2025-11-16T21:46:14.647+0000] {processor.py:925} INFO - DAG(s) 'example_dag_decorator' retrieved from /home/airflow/.local/lib/python3.12/site-packages/airflow/example_dags/example_dag_decorator.py
[2025-11-16T21:46:14.719+0000] {logging_mixin.py:190} INFO - [2025-11-16T21:46:14.719+0000] {dag.py:3239} INFO - Sync 1 DAGs
[2025-11-16T21:46:14.727+0000] {logging_mixin.py:190} INFO - [2025-11-16T21:46:14.726+0000] {dag.py:4180} INFO - Setting next_dagrun for example_dag_decorator to None, run_after=None
[2025-11-16T21:46:14.740+0000] {processor.py:208} INFO - Processing /home/airflow/.local/lib/python3.12/site-packages/airflow/example_dags/example_dag_decorator.py took 0.162 seconds
[2025-11-16T21:46:46.242+0000] {processor.py:186} INFO - Started process (PID=418) to work on /home/airflow/.local/lib/python3.12/site-packages/airflow/example_dags/example_dag_decorator.py
[2025-11-16T21:46:46.245+0000] {processor.py:914} INFO - Processing file /home/airflow/.local/lib/python3.12/site-packages/airflow/example_dags/example_dag_decorator.py for tasks to queue
[2025-11-16T21:46:46.250+0000] {logging_mixin.py:190} INFO - [2025-11-16T21:46:46.250+0000] {dagbag.py:588} INFO - Filling up the DagBag from /home/airflow/.local/lib/python3.12/site-packages/airflow/example_dags/example_dag_decorator.py
[2025-11-16T21:46:46.339+0000] {processor.py:925} INFO - DAG(s) 'example_dag_decorator' retrieved from /home/airflow/.local/lib/python3.12/site-packages/airflow/example_dags/example_dag_decorator.py
[2025-11-16T21:46:46.416+0000] {logging_mixin.py:190} INFO - [2025-11-16T21:46:46.416+0000] {dag.py:3239} INFO - Sync 1 DAGs
[2025-11-16T21:46:46.426+0000] {logging_mixin.py:190} INFO - [2025-11-16T21:46:46.426+0000] {dag.py:4180} INFO - Setting next_dagrun for example_dag_decorator to None, run_after=None
[2025-11-16T21:46:46.441+0000] {processor.py:208} INFO - Processing /home/airflow/.local/lib/python3.12/site-packages/airflow/example_dags/example_dag_decorator.py took 0.203 seconds
[2025-11-16T21:47:16.947+0000] {processor.py:186} INFO - Started process (PID=483) to work on /home/airflow/.local/lib/python3.12/site-packages/airflow/example_dags/example_dag_decorator.py
[2025-11-16T21:47:16.949+0000] {processor.py:914} INFO - Processing file /home/airflow/.local/lib/python3.12/site-packages/airflow/example_dags/example_dag_decorator.py for tasks to queue
[2025-11-16T21:47:16.950+0000] {logging_mixin.py:190} INFO - [2025-11-16T21:47:16.950+0000] {dagbag.py:588} INFO - Filling up the DagBag from /home/airflow/.local/lib/python3.12/site-packages/airflow/example_dags/example_dag_decorator.py
[2025-11-16T21:47:17.021+0000] {processor.py:925} INFO - DAG(s) 'example_dag_decorator' retrieved from /home/airflow/.local/lib/python3.12/site-packages/airflow/example_dags/example_dag_decorator.py
[2025-11-16T21:47:17.094+0000] {logging_mixin.py:190} INFO - [2025-11-16T21:47:17.094+0000] {dag.py:3239} INFO - Sync 1 DAGs
[2025-11-16T21:47:17.106+0000] {logging_mixin.py:190} INFO - [2025-11-16T21:47:17.106+0000] {dag.py:4180} INFO - Setting next_dagrun for example_dag_decorator to None, run_after=None
[2025-11-16T21:47:17.120+0000] {processor.py:208} INFO - Processing /home/airflow/.local/lib/python3.12/site-packages/airflow/example_dags/example_dag_decorator.py took 0.177 seconds
[2025-11-16T21:47:47.461+0000] {processor.py:186} INFO - Started process (PID=548) to work on /home/airflow/.local/lib/python3.12/site-packages/airflow/example_dags/example_dag_decorator.py
[2025-11-16T21:47:47.462+0000] {processor.py:914} INFO - Processing file /home/airflow/.local/lib/python3.12/site-packages/airflow/example_dags/example_dag_decorator.py for tasks to queue
[2025-11-16T21:47:47.464+0000] {logging_mixin.py:190} INFO - [2025-11-16T21:47:47.464+0000] {dagbag.py:588} INFO - Filling up the DagBag from /home/airflow/.local/lib/python3.12/site-packages/airflow/example_dags/example_dag_decorator.py
[2025-11-16T21:47:47.533+0000] {processor.py:925} INFO - DAG(s) 'example_dag_decorator' retrieved from /home/airflow/.local/lib/python3.12/site-packages/airflow/example_dags/example_dag_decorator.py
[2025-11-16T21:47:47.605+0000] {logging_mixin.py:190} INFO - [2025-11-16T21:47:47.605+0000] {dag.py:3239} INFO - Sync 1 DAGs
[2025-11-16T21:47:47.613+0000] {logging_mixin.py:190} INFO - [2025-11-16T21:47:47.613+0000] {dag.py:4180} INFO - Setting next_dagrun for example_dag_decorator to None, run_after=None
[2025-11-16T21:47:47.628+0000] {processor.py:208} INFO - Processing /home/airflow/.local/lib/python3.12/site-packages/airflow/example_dags/example_dag_decorator.py took 0.171 seconds
[2025-11-16T21:48:18.689+0000] {processor.py:186} INFO - Started process (PID=613) to work on /home/airflow/.local/lib/python3.12/site-packages/airflow/example_dags/example_dag_decorator.py
[2025-11-16T21:48:18.690+0000] {processor.py:914} INFO - Processing file /home/airflow/.local/lib/python3.12/site-packages/airflow/example_dags/example_dag_decorator.py for tasks to queue
[2025-11-16T21:48:18.692+0000] {logging_mixin.py:190} INFO - [2025-11-16T21:48:18.692+0000] {dagbag.py:588} INFO - Filling up the DagBag from /home/airflow/.local/lib/python3.12/site-packages/airflow/example_dags/example_dag_decorator.py
[2025-11-16T21:48:18.769+0000] {processor.py:925} INFO - DAG(s) 'example_dag_decorator' retrieved from /home/airflow/.local/lib/python3.12/site-packages/airflow/example_dags/example_dag_decorator.py
[2025-11-16T21:48:18.840+0000] {logging_mixin.py:190} INFO - [2025-11-16T21:48:18.840+0000] {dag.py:3239} INFO - Sync 1 DAGs
[2025-11-16T21:48:18.848+0000] {logging_mixin.py:190} INFO - [2025-11-16T21:48:18.848+0000] {dag.py:4180} INFO - Setting next_dagrun for example_dag_decorator to None, run_after=None
[2025-11-16T21:48:18.861+0000] {processor.py:208} INFO - Processing /home/airflow/.local/lib/python3.12/site-packages/airflow/example_dags/example_dag_decorator.py took 0.177 seconds
[2025-11-16T21:48:50.131+0000] {processor.py:186} INFO - Started process (PID=678) to work on /home/airflow/.local/lib/python3.12/site-packages/airflow/example_dags/example_dag_decorator.py
[2025-11-16T21:48:50.132+0000] {processor.py:914} INFO - Processing file /home/airflow/.local/lib/python3.12/site-packages/airflow/example_dags/example_dag_decorator.py for tasks to queue
[2025-11-16T21:48:50.134+0000] {logging_mixin.py:190} INFO - [2025-11-16T21:48:50.134+0000] {dagbag.py:588} INFO - Filling up the DagBag from /home/airflow/.local/lib/python3.12/site-packages/airflow/example_dags/example_dag_decorator.py
[2025-11-16T21:48:50.251+0000] {processor.py:925} INFO - DAG(s) 'example_dag_decorator' retrieved from /home/airflow/.local/lib/python3.12/site-packages/airflow/example_dags/example_dag_decorator.py
[2025-11-16T21:48:50.373+0000] {logging_mixin.py:190} INFO - [2025-11-16T21:48:50.373+0000] {dag.py:3239} INFO - Sync 1 DAGs
[2025-11-16T21:48:50.383+0000] {logging_mixin.py:190} INFO - [2025-11-16T21:48:50.383+0000] {dag.py:4180} INFO - Setting next_dagrun for example_dag_decorator to None, run_after=None
[2025-11-16T21:48:50.397+0000] {processor.py:208} INFO - Processing /home/airflow/.local/lib/python3.12/site-packages/airflow/example_dags/example_dag_decorator.py took 0.270 seconds
[2025-11-16T21:49:29.037+0000] {processor.py:186} INFO - Started process (PID=747) to work on /home/airflow/.local/lib/python3.12/site-packages/airflow/example_dags/example_dag_decorator.py
[2025-11-16T21:49:29.038+0000] {processor.py:914} INFO - Processing file /home/airflow/.local/lib/python3.12/site-packages/airflow/example_dags/example_dag_decorator.py for tasks to queue
[2025-11-16T21:49:29.041+0000] {logging_mixin.py:190} INFO - [2025-11-16T21:49:29.041+0000] {dagbag.py:588} INFO - Filling up the DagBag from /home/airflow/.local/lib/python3.12/site-packages/airflow/example_dags/example_dag_decorator.py
[2025-11-16T21:49:29.183+0000] {processor.py:925} INFO - DAG(s) 'example_dag_decorator' retrieved from /home/airflow/.local/lib/python3.12/site-packages/airflow/example_dags/example_dag_decorator.py
[2025-11-16T21:49:29.333+0000] {logging_mixin.py:190} INFO - [2025-11-16T21:49:29.332+0000] {dag.py:3239} INFO - Sync 1 DAGs
[2025-11-16T21:49:29.342+0000] {logging_mixin.py:190} INFO - [2025-11-16T21:49:29.342+0000] {dag.py:4180} INFO - Setting next_dagrun for example_dag_decorator to None, run_after=None
[2025-11-16T21:49:29.358+0000] {processor.py:208} INFO - Processing /home/airflow/.local/lib/python3.12/site-packages/airflow/example_dags/example_dag_decorator.py took 0.326 seconds
[2025-11-16T21:49:59.688+0000] {processor.py:186} INFO - Started process (PID=812) to work on /home/airflow/.local/lib/python3.12/site-packages/airflow/example_dags/example_dag_decorator.py
[2025-11-16T21:49:59.689+0000] {processor.py:914} INFO - Processing file /home/airflow/.local/lib/python3.12/site-packages/airflow/example_dags/example_dag_decorator.py for tasks to queue
[2025-11-16T21:49:59.691+0000] {logging_mixin.py:190} INFO - [2025-11-16T21:49:59.691+0000] {dagbag.py:588} INFO - Filling up the DagBag from /home/airflow/.local/lib/python3.12/site-packages/airflow/example_dags/example_dag_decorator.py
[2025-11-16T21:49:59.809+0000] {processor.py:925} INFO - DAG(s) 'example_dag_decorator' retrieved from /home/airflow/.local/lib/python3.12/site-packages/airflow/example_dags/example_dag_decorator.py
[2025-11-16T21:49:59.915+0000] {logging_mixin.py:190} INFO - [2025-11-16T21:49:59.915+0000] {dag.py:3239} INFO - Sync 1 DAGs
[2025-11-16T21:49:59.923+0000] {logging_mixin.py:190} INFO - [2025-11-16T21:49:59.923+0000] {dag.py:4180} INFO - Setting next_dagrun for example_dag_decorator to None, run_after=None
[2025-11-16T21:49:59.936+0000] {processor.py:208} INFO - Processing /home/airflow/.local/lib/python3.12/site-packages/airflow/example_dags/example_dag_decorator.py took 0.253 seconds
[2025-11-16T21:50:30.242+0000] {processor.py:186} INFO - Started process (PID=877) to work on /home/airflow/.local/lib/python3.12/site-packages/airflow/example_dags/example_dag_decorator.py
[2025-11-16T21:50:30.243+0000] {processor.py:914} INFO - Processing file /home/airflow/.local/lib/python3.12/site-packages/airflow/example_dags/example_dag_decorator.py for tasks to queue
[2025-11-16T21:50:30.245+0000] {logging_mixin.py:190} INFO - [2025-11-16T21:50:30.245+0000] {dagbag.py:588} INFO - Filling up the DagBag from /home/airflow/.local/lib/python3.12/site-packages/airflow/example_dags/example_dag_decorator.py
[2025-11-16T21:50:30.313+0000] {processor.py:925} INFO - DAG(s) 'example_dag_decorator' retrieved from /home/airflow/.local/lib/python3.12/site-packages/airflow/example_dags/example_dag_decorator.py
[2025-11-16T21:50:30.386+0000] {logging_mixin.py:190} INFO - [2025-11-16T21:50:30.386+0000] {dag.py:3239} INFO - Sync 1 DAGs
[2025-11-16T21:50:30.394+0000] {logging_mixin.py:190} INFO - [2025-11-16T21:50:30.394+0000] {dag.py:4180} INFO - Setting next_dagrun for example_dag_decorator to None, run_after=None
[2025-11-16T21:50:30.407+0000] {processor.py:208} INFO - Processing /home/airflow/.local/lib/python3.12/site-packages/airflow/example_dags/example_dag_decorator.py took 0.170 seconds
[2025-11-16T21:51:00.805+0000] {processor.py:186} INFO - Started process (PID=942) to work on /home/airflow/.local/lib/python3.12/site-packages/airflow/example_dags/example_dag_decorator.py
[2025-11-16T21:51:00.807+0000] {processor.py:914} INFO - Processing file /home/airflow/.local/lib/python3.12/site-packages/airflow/example_dags/example_dag_decorator.py for tasks to queue
[2025-11-16T21:51:00.809+0000] {logging_mixin.py:190} INFO - [2025-11-16T21:51:00.809+0000] {dagbag.py:588} INFO - Filling up the DagBag from /home/airflow/.local/lib/python3.12/site-packages/airflow/example_dags/example_dag_decorator.py
[2025-11-16T21:51:00.894+0000] {processor.py:925} INFO - DAG(s) 'example_dag_decorator' retrieved from /home/airflow/.local/lib/python3.12/site-packages/airflow/example_dags/example_dag_decorator.py
[2025-11-16T21:51:00.964+0000] {logging_mixin.py:190} INFO - [2025-11-16T21:51:00.964+0000] {dag.py:3239} INFO - Sync 1 DAGs
[2025-11-16T21:51:00.972+0000] {logging_mixin.py:190} INFO - [2025-11-16T21:51:00.972+0000] {dag.py:4180} INFO - Setting next_dagrun for example_dag_decorator to None, run_after=None
[2025-11-16T21:51:00.986+0000] {processor.py:208} INFO - Processing /home/airflow/.local/lib/python3.12/site-packages/airflow/example_dags/example_dag_decorator.py took 0.186 seconds
[2025-11-16T21:51:31.727+0000] {processor.py:186} INFO - Started process (PID=1007) to work on /home/airflow/.local/lib/python3.12/site-packages/airflow/example_dags/example_dag_decorator.py
[2025-11-16T21:51:31.728+0000] {processor.py:914} INFO - Processing file /home/airflow/.local/lib/python3.12/site-packages/airflow/example_dags/example_dag_decorator.py for tasks to queue
[2025-11-16T21:51:31.732+0000] {logging_mixin.py:190} INFO - [2025-11-16T21:51:31.732+0000] {dagbag.py:588} INFO - Filling up the DagBag from /home/airflow/.local/lib/python3.12/site-packages/airflow/example_dags/example_dag_decorator.py
[2025-11-16T21:51:31.809+0000] {processor.py:925} INFO - DAG(s) 'example_dag_decorator' retrieved from /home/airflow/.local/lib/python3.12/site-packages/airflow/example_dags/example_dag_decorator.py
[2025-11-16T21:51:31.887+0000] {logging_mixin.py:190} INFO - [2025-11-16T21:51:31.887+0000] {dag.py:3239} INFO - Sync 1 DAGs
[2025-11-16T21:51:31.899+0000] {logging_mixin.py:190} INFO - [2025-11-16T21:51:31.899+0000] {dag.py:4180} INFO - Setting next_dagrun for example_dag_decorator to None, run_after=None
[2025-11-16T21:51:31.912+0000] {processor.py:208} INFO - Processing /home/airflow/.local/lib/python3.12/site-packages/airflow/example_dags/example_dag_decorator.py took 0.190 seconds
[2025-11-16T21:52:02.392+0000] {processor.py:186} INFO - Started process (PID=1072) to work on /home/airflow/.local/lib/python3.12/site-packages/airflow/example_dags/example_dag_decorator.py
[2025-11-16T21:52:02.394+0000] {processor.py:914} INFO - Processing file /home/airflow/.local/lib/python3.12/site-packages/airflow/example_dags/example_dag_decorator.py for tasks to queue
[2025-11-16T21:52:02.396+0000] {logging_mixin.py:190} INFO - [2025-11-16T21:52:02.396+0000] {dagbag.py:588} INFO - Filling up the DagBag from /home/airflow/.local/lib/python3.12/site-packages/airflow/example_dags/example_dag_decorator.py
[2025-11-16T21:52:02.466+0000] {processor.py:925} INFO - DAG(s) 'example_dag_decorator' retrieved from /home/airflow/.local/lib/python3.12/site-packages/airflow/example_dags/example_dag_decorator.py
[2025-11-16T21:52:02.540+0000] {logging_mixin.py:190} INFO - [2025-11-16T21:52:02.540+0000] {dag.py:3239} INFO - Sync 1 DAGs
[2025-11-16T21:52:02.549+0000] {logging_mixin.py:190} INFO - [2025-11-16T21:52:02.549+0000] {dag.py:4180} INFO - Setting next_dagrun for example_dag_decorator to None, run_after=None
[2025-11-16T21:52:02.594+0000] {processor.py:208} INFO - Processing /home/airflow/.local/lib/python3.12/site-packages/airflow/example_dags/example_dag_decorator.py took 0.205 seconds
[2025-11-16T21:52:32.876+0000] {processor.py:186} INFO - Started process (PID=1136) to work on /home/airflow/.local/lib/python3.12/site-packages/airflow/example_dags/example_dag_decorator.py
[2025-11-16T21:52:32.878+0000] {processor.py:914} INFO - Processing file /home/airflow/.local/lib/python3.12/site-packages/airflow/example_dags/example_dag_decorator.py for tasks to queue
[2025-11-16T21:52:32.880+0000] {logging_mixin.py:190} INFO - [2025-11-16T21:52:32.880+0000] {dagbag.py:588} INFO - Filling up the DagBag from /home/airflow/.local/lib/python3.12/site-packages/airflow/example_dags/example_dag_decorator.py
[2025-11-16T21:52:32.956+0000] {processor.py:925} INFO - DAG(s) 'example_dag_decorator' retrieved from /home/airflow/.local/lib/python3.12/site-packages/airflow/example_dags/example_dag_decorator.py
[2025-11-16T21:52:33.042+0000] {logging_mixin.py:190} INFO - [2025-11-16T21:52:33.042+0000] {dag.py:3239} INFO - Sync 1 DAGs
[2025-11-16T21:52:33.051+0000] {logging_mixin.py:190} INFO - [2025-11-16T21:52:33.051+0000] {dag.py:4180} INFO - Setting next_dagrun for example_dag_decorator to None, run_after=None
[2025-11-16T21:52:33.067+0000] {processor.py:208} INFO - Processing /home/airflow/.local/lib/python3.12/site-packages/airflow/example_dags/example_dag_decorator.py took 0.194 seconds
[2025-11-16T21:53:03.119+0000] {processor.py:186} INFO - Started process (PID=1202) to work on /home/airflow/.local/lib/python3.12/site-packages/airflow/example_dags/example_dag_decorator.py
[2025-11-16T21:53:03.120+0000] {processor.py:914} INFO - Processing file /home/airflow/.local/lib/python3.12/site-packages/airflow/example_dags/example_dag_decorator.py for tasks to queue
[2025-11-16T21:53:03.122+0000] {logging_mixin.py:190} INFO - [2025-11-16T21:53:03.122+0000] {dagbag.py:588} INFO - Filling up the DagBag from /home/airflow/.local/lib/python3.12/site-packages/airflow/example_dags/example_dag_decorator.py
[2025-11-16T21:53:03.185+0000] {processor.py:925} INFO - DAG(s) 'example_dag_decorator' retrieved from /home/airflow/.local/lib/python3.12/site-packages/airflow/example_dags/example_dag_decorator.py
[2025-11-16T21:53:03.256+0000] {logging_mixin.py:190} INFO - [2025-11-16T21:53:03.256+0000] {dag.py:3239} INFO - Sync 1 DAGs
[2025-11-16T21:53:03.263+0000] {logging_mixin.py:190} INFO - [2025-11-16T21:53:03.263+0000] {dag.py:4180} INFO - Setting next_dagrun for example_dag_decorator to None, run_after=None
[2025-11-16T21:53:03.277+0000] {processor.py:208} INFO - Processing /home/airflow/.local/lib/python3.12/site-packages/airflow/example_dags/example_dag_decorator.py took 0.162 seconds
[2025-11-16T21:53:33.598+0000] {processor.py:186} INFO - Started process (PID=1266) to work on /home/airflow/.local/lib/python3.12/site-packages/airflow/example_dags/example_dag_decorator.py
[2025-11-16T21:53:33.599+0000] {processor.py:914} INFO - Processing file /home/airflow/.local/lib/python3.12/site-packages/airflow/example_dags/example_dag_decorator.py for tasks to queue
[2025-11-16T21:53:33.601+0000] {logging_mixin.py:190} INFO - [2025-11-16T21:53:33.601+0000] {dagbag.py:588} INFO - Filling up the DagBag from /home/airflow/.local/lib/python3.12/site-packages/airflow/example_dags/example_dag_decorator.py
[2025-11-16T21:53:33.670+0000] {processor.py:925} INFO - DAG(s) 'example_dag_decorator' retrieved from /home/airflow/.local/lib/python3.12/site-packages/airflow/example_dags/example_dag_decorator.py
[2025-11-16T21:53:33.743+0000] {logging_mixin.py:190} INFO - [2025-11-16T21:53:33.743+0000] {dag.py:3239} INFO - Sync 1 DAGs
[2025-11-16T21:53:33.753+0000] {logging_mixin.py:190} INFO - [2025-11-16T21:53:33.753+0000] {dag.py:4180} INFO - Setting next_dagrun for example_dag_decorator to None, run_after=None
[2025-11-16T21:53:33.768+0000] {processor.py:208} INFO - Processing /home/airflow/.local/lib/python3.12/site-packages/airflow/example_dags/example_dag_decorator.py took 0.174 seconds
[2025-11-16T21:54:04.498+0000] {processor.py:186} INFO - Started process (PID=1331) to work on /home/airflow/.local/lib/python3.12/site-packages/airflow/example_dags/example_dag_decorator.py
[2025-11-16T21:54:04.499+0000] {processor.py:914} INFO - Processing file /home/airflow/.local/lib/python3.12/site-packages/airflow/example_dags/example_dag_decorator.py for tasks to queue
[2025-11-16T21:54:04.501+0000] {logging_mixin.py:190} INFO - [2025-11-16T21:54:04.501+0000] {dagbag.py:588} INFO - Filling up the DagBag from /home/airflow/.local/lib/python3.12/site-packages/airflow/example_dags/example_dag_decorator.py
[2025-11-16T21:54:04.569+0000] {processor.py:925} INFO - DAG(s) 'example_dag_decorator' retrieved from /home/airflow/.local/lib/python3.12/site-packages/airflow/example_dags/example_dag_decorator.py
[2025-11-16T21:54:04.640+0000] {logging_mixin.py:190} INFO - [2025-11-16T21:54:04.640+0000] {dag.py:3239} INFO - Sync 1 DAGs
[2025-11-16T21:54:04.648+0000] {logging_mixin.py:190} INFO - [2025-11-16T21:54:04.648+0000] {dag.py:4180} INFO - Setting next_dagrun for example_dag_decorator to None, run_after=None
[2025-11-16T21:54:04.662+0000] {processor.py:208} INFO - Processing /home/airflow/.local/lib/python3.12/site-packages/airflow/example_dags/example_dag_decorator.py took 0.168 seconds
[2025-11-16T21:54:35.969+0000] {processor.py:186} INFO - Started process (PID=1396) to work on /home/airflow/.local/lib/python3.12/site-packages/airflow/example_dags/example_dag_decorator.py
[2025-11-16T21:54:35.970+0000] {processor.py:914} INFO - Processing file /home/airflow/.local/lib/python3.12/site-packages/airflow/example_dags/example_dag_decorator.py for tasks to queue
[2025-11-16T21:54:35.972+0000] {logging_mixin.py:190} INFO - [2025-11-16T21:54:35.972+0000] {dagbag.py:588} INFO - Filling up the DagBag from /home/airflow/.local/lib/python3.12/site-packages/airflow/example_dags/example_dag_decorator.py
[2025-11-16T21:54:36.052+0000] {processor.py:925} INFO - DAG(s) 'example_dag_decorator' retrieved from /home/airflow/.local/lib/python3.12/site-packages/airflow/example_dags/example_dag_decorator.py
[2025-11-16T21:54:36.126+0000] {logging_mixin.py:190} INFO - [2025-11-16T21:54:36.126+0000] {dag.py:3239} INFO - Sync 1 DAGs
[2025-11-16T21:54:36.134+0000] {logging_mixin.py:190} INFO - [2025-11-16T21:54:36.134+0000] {dag.py:4180} INFO - Setting next_dagrun for example_dag_decorator to None, run_after=None
[2025-11-16T21:54:36.148+0000] {processor.py:208} INFO - Processing /home/airflow/.local/lib/python3.12/site-packages/airflow/example_dags/example_dag_decorator.py took 0.184 seconds
[2025-11-16T21:55:07.065+0000] {processor.py:186} INFO - Started process (PID=1461) to work on /home/airflow/.local/lib/python3.12/site-packages/airflow/example_dags/example_dag_decorator.py
[2025-11-16T21:55:07.066+0000] {processor.py:914} INFO - Processing file /home/airflow/.local/lib/python3.12/site-packages/airflow/example_dags/example_dag_decorator.py for tasks to queue
[2025-11-16T21:55:07.068+0000] {logging_mixin.py:190} INFO - [2025-11-16T21:55:07.067+0000] {dagbag.py:588} INFO - Filling up the DagBag from /home/airflow/.local/lib/python3.12/site-packages/airflow/example_dags/example_dag_decorator.py
[2025-11-16T21:55:07.172+0000] {processor.py:925} INFO - DAG(s) 'example_dag_decorator' retrieved from /home/airflow/.local/lib/python3.12/site-packages/airflow/example_dags/example_dag_decorator.py
[2025-11-16T21:55:07.278+0000] {logging_mixin.py:190} INFO - [2025-11-16T21:55:07.278+0000] {dag.py:3239} INFO - Sync 1 DAGs
[2025-11-16T21:55:07.285+0000] {logging_mixin.py:190} INFO - [2025-11-16T21:55:07.285+0000] {dag.py:4180} INFO - Setting next_dagrun for example_dag_decorator to None, run_after=None
[2025-11-16T21:55:07.299+0000] {processor.py:208} INFO - Processing /home/airflow/.local/lib/python3.12/site-packages/airflow/example_dags/example_dag_decorator.py took 0.238 seconds
[2025-11-16T21:55:38.274+0000] {processor.py:186} INFO - Started process (PID=1526) to work on /home/airflow/.local/lib/python3.12/site-packages/airflow/example_dags/example_dag_decorator.py
[2025-11-16T21:55:38.275+0000] {processor.py:914} INFO - Processing file /home/airflow/.local/lib/python3.12/site-packages/airflow/example_dags/example_dag_decorator.py for tasks to queue
[2025-11-16T21:55:38.278+0000] {logging_mixin.py:190} INFO - [2025-11-16T21:55:38.277+0000] {dagbag.py:588} INFO - Filling up the DagBag from /home/airflow/.local/lib/python3.12/site-packages/airflow/example_dags/example_dag_decorator.py
[2025-11-16T21:55:38.403+0000] {processor.py:925} INFO - DAG(s) 'example_dag_decorator' retrieved from /home/airflow/.local/lib/python3.12/site-packages/airflow/example_dags/example_dag_decorator.py
[2025-11-16T21:55:38.517+0000] {logging_mixin.py:190} INFO - [2025-11-16T21:55:38.517+0000] {dag.py:3239} INFO - Sync 1 DAGs
[2025-11-16T21:55:38.527+0000] {logging_mixin.py:190} INFO - [2025-11-16T21:55:38.526+0000] {dag.py:4180} INFO - Setting next_dagrun for example_dag_decorator to None, run_after=None
[2025-11-16T21:55:38.540+0000] {processor.py:208} INFO - Processing /home/airflow/.local/lib/python3.12/site-packages/airflow/example_dags/example_dag_decorator.py took 0.271 seconds
[2025-11-16T21:56:08.977+0000] {processor.py:186} INFO - Started process (PID=1591) to work on /home/airflow/.local/lib/python3.12/site-packages/airflow/example_dags/example_dag_decorator.py
[2025-11-16T21:56:08.977+0000] {processor.py:914} INFO - Processing file /home/airflow/.local/lib/python3.12/site-packages/airflow/example_dags/example_dag_decorator.py for tasks to queue
[2025-11-16T21:56:08.980+0000] {logging_mixin.py:190} INFO - [2025-11-16T21:56:08.979+0000] {dagbag.py:588} INFO - Filling up the DagBag from /home/airflow/.local/lib/python3.12/site-packages/airflow/example_dags/example_dag_decorator.py
[2025-11-16T21:56:09.100+0000] {processor.py:925} INFO - DAG(s) 'example_dag_decorator' retrieved from /home/airflow/.local/lib/python3.12/site-packages/airflow/example_dags/example_dag_decorator.py
[2025-11-16T21:56:09.222+0000] {logging_mixin.py:190} INFO - [2025-11-16T21:56:09.222+0000] {dag.py:3239} INFO - Sync 1 DAGs
[2025-11-16T21:56:09.230+0000] {logging_mixin.py:190} INFO - [2025-11-16T21:56:09.230+0000] {dag.py:4180} INFO - Setting next_dagrun for example_dag_decorator to None, run_after=None
[2025-11-16T21:56:09.246+0000] {processor.py:208} INFO - Processing /home/airflow/.local/lib/python3.12/site-packages/airflow/example_dags/example_dag_decorator.py took 0.273 seconds
[2025-11-16T21:56:40.888+0000] {processor.py:186} INFO - Started process (PID=1656) to work on /home/airflow/.local/lib/python3.12/site-packages/airflow/example_dags/example_dag_decorator.py
[2025-11-16T21:56:40.889+0000] {processor.py:914} INFO - Processing file /home/airflow/.local/lib/python3.12/site-packages/airflow/example_dags/example_dag_decorator.py for tasks to queue
[2025-11-16T21:56:40.891+0000] {logging_mixin.py:190} INFO - [2025-11-16T21:56:40.891+0000] {dagbag.py:588} INFO - Filling up the DagBag from /home/airflow/.local/lib/python3.12/site-packages/airflow/example_dags/example_dag_decorator.py
[2025-11-16T21:56:41.013+0000] {processor.py:925} INFO - DAG(s) 'example_dag_decorator' retrieved from /home/airflow/.local/lib/python3.12/site-packages/airflow/example_dags/example_dag_decorator.py
[2025-11-16T21:56:41.143+0000] {logging_mixin.py:190} INFO - [2025-11-16T21:56:41.142+0000] {dag.py:3239} INFO - Sync 1 DAGs
[2025-11-16T21:56:41.152+0000] {logging_mixin.py:190} INFO - [2025-11-16T21:56:41.152+0000] {dag.py:4180} INFO - Setting next_dagrun for example_dag_decorator to None, run_after=None
[2025-11-16T21:56:41.169+0000] {processor.py:208} INFO - Processing /home/airflow/.local/lib/python3.12/site-packages/airflow/example_dags/example_dag_decorator.py took 0.285 seconds
[2025-11-16T21:57:11.881+0000] {processor.py:186} INFO - Started process (PID=1729) to work on /home/airflow/.local/lib/python3.12/site-packages/airflow/example_dags/example_dag_decorator.py
[2025-11-16T21:57:11.881+0000] {processor.py:914} INFO - Processing file /home/airflow/.local/lib/python3.12/site-packages/airflow/example_dags/example_dag_decorator.py for tasks to queue
[2025-11-16T21:57:11.883+0000] {logging_mixin.py:190} INFO - [2025-11-16T21:57:11.883+0000] {dagbag.py:588} INFO - Filling up the DagBag from /home/airflow/.local/lib/python3.12/site-packages/airflow/example_dags/example_dag_decorator.py
[2025-11-16T21:57:11.997+0000] {processor.py:925} INFO - DAG(s) 'example_dag_decorator' retrieved from /home/airflow/.local/lib/python3.12/site-packages/airflow/example_dags/example_dag_decorator.py
[2025-11-16T21:57:12.119+0000] {logging_mixin.py:190} INFO - [2025-11-16T21:57:12.119+0000] {dag.py:3239} INFO - Sync 1 DAGs
[2025-11-16T21:57:12.127+0000] {logging_mixin.py:190} INFO - [2025-11-16T21:57:12.127+0000] {dag.py:4180} INFO - Setting next_dagrun for example_dag_decorator to None, run_after=None
[2025-11-16T21:57:12.142+0000] {processor.py:208} INFO - Processing /home/airflow/.local/lib/python3.12/site-packages/airflow/example_dags/example_dag_decorator.py took 0.265 seconds
[2025-11-16T21:57:43.416+0000] {processor.py:186} INFO - Started process (PID=1793) to work on /home/airflow/.local/lib/python3.12/site-packages/airflow/example_dags/example_dag_decorator.py
[2025-11-16T21:57:43.417+0000] {processor.py:914} INFO - Processing file /home/airflow/.local/lib/python3.12/site-packages/airflow/example_dags/example_dag_decorator.py for tasks to queue
[2025-11-16T21:57:43.420+0000] {logging_mixin.py:190} INFO - [2025-11-16T21:57:43.420+0000] {dagbag.py:588} INFO - Filling up the DagBag from /home/airflow/.local/lib/python3.12/site-packages/airflow/example_dags/example_dag_decorator.py
[2025-11-16T21:57:43.562+0000] {processor.py:925} INFO - DAG(s) 'example_dag_decorator' retrieved from /home/airflow/.local/lib/python3.12/site-packages/airflow/example_dags/example_dag_decorator.py
[2025-11-16T21:57:43.681+0000] {logging_mixin.py:190} INFO - [2025-11-16T21:57:43.681+0000] {dag.py:3239} INFO - Sync 1 DAGs
[2025-11-16T21:57:43.691+0000] {logging_mixin.py:190} INFO - [2025-11-16T21:57:43.690+0000] {dag.py:4180} INFO - Setting next_dagrun for example_dag_decorator to None, run_after=None
[2025-11-16T21:57:43.704+0000] {processor.py:208} INFO - Processing /home/airflow/.local/lib/python3.12/site-packages/airflow/example_dags/example_dag_decorator.py took 0.293 seconds
[2025-11-16T21:58:15.009+0000] {processor.py:186} INFO - Started process (PID=1859) to work on /home/airflow/.local/lib/python3.12/site-packages/airflow/example_dags/example_dag_decorator.py
[2025-11-16T21:58:15.011+0000] {processor.py:914} INFO - Processing file /home/airflow/.local/lib/python3.12/site-packages/airflow/example_dags/example_dag_decorator.py for tasks to queue
[2025-11-16T21:58:15.013+0000] {logging_mixin.py:190} INFO - [2025-11-16T21:58:15.013+0000] {dagbag.py:588} INFO - Filling up the DagBag from /home/airflow/.local/lib/python3.12/site-packages/airflow/example_dags/example_dag_decorator.py
[2025-11-16T21:58:15.122+0000] {processor.py:925} INFO - DAG(s) 'example_dag_decorator' retrieved from /home/airflow/.local/lib/python3.12/site-packages/airflow/example_dags/example_dag_decorator.py
[2025-11-16T21:58:15.204+0000] {logging_mixin.py:190} INFO - [2025-11-16T21:58:15.204+0000] {dag.py:3239} INFO - Sync 1 DAGs
[2025-11-16T21:58:15.212+0000] {logging_mixin.py:190} INFO - [2025-11-16T21:58:15.212+0000] {dag.py:4180} INFO - Setting next_dagrun for example_dag_decorator to None, run_after=None
[2025-11-16T21:58:15.226+0000] {processor.py:208} INFO - Processing /home/airflow/.local/lib/python3.12/site-packages/airflow/example_dags/example_dag_decorator.py took 0.221 seconds
[2025-11-16T21:58:45.993+0000] {processor.py:186} INFO - Started process (PID=1924) to work on /home/airflow/.local/lib/python3.12/site-packages/airflow/example_dags/example_dag_decorator.py
[2025-11-16T21:58:45.994+0000] {processor.py:914} INFO - Processing file /home/airflow/.local/lib/python3.12/site-packages/airflow/example_dags/example_dag_decorator.py for tasks to queue
[2025-11-16T21:58:45.996+0000] {logging_mixin.py:190} INFO - [2025-11-16T21:58:45.996+0000] {dagbag.py:588} INFO - Filling up the DagBag from /home/airflow/.local/lib/python3.12/site-packages/airflow/example_dags/example_dag_decorator.py
[2025-11-16T21:58:46.103+0000] {processor.py:925} INFO - DAG(s) 'example_dag_decorator' retrieved from /home/airflow/.local/lib/python3.12/site-packages/airflow/example_dags/example_dag_decorator.py
[2025-11-16T21:58:46.184+0000] {logging_mixin.py:190} INFO - [2025-11-16T21:58:46.184+0000] {dag.py:3239} INFO - Sync 1 DAGs
[2025-11-16T21:58:46.194+0000] {logging_mixin.py:190} INFO - [2025-11-16T21:58:46.194+0000] {dag.py:4180} INFO - Setting next_dagrun for example_dag_decorator to None, run_after=None
[2025-11-16T21:58:46.211+0000] {processor.py:208} INFO - Processing /home/airflow/.local/lib/python3.12/site-packages/airflow/example_dags/example_dag_decorator.py took 0.222 seconds
[2025-11-16T22:01:11.476+0000] {processor.py:186} INFO - Started process (PID=2024) to work on /home/airflow/.local/lib/python3.12/site-packages/airflow/example_dags/example_dag_decorator.py
[2025-11-16T22:01:11.478+0000] {processor.py:914} INFO - Processing file /home/airflow/.local/lib/python3.12/site-packages/airflow/example_dags/example_dag_decorator.py for tasks to queue
[2025-11-16T22:01:11.481+0000] {logging_mixin.py:190} INFO - [2025-11-16T22:01:11.480+0000] {dagbag.py:588} INFO - Filling up the DagBag from /home/airflow/.local/lib/python3.12/site-packages/airflow/example_dags/example_dag_decorator.py
[2025-11-16T22:01:11.671+0000] {processor.py:925} INFO - DAG(s) 'example_dag_decorator' retrieved from /home/airflow/.local/lib/python3.12/site-packages/airflow/example_dags/example_dag_decorator.py
[2025-11-16T22:01:11.842+0000] {logging_mixin.py:190} INFO - [2025-11-16T22:01:11.841+0000] {dag.py:3239} INFO - Sync 1 DAGs
[2025-11-16T22:01:11.859+0000] {logging_mixin.py:190} INFO - [2025-11-16T22:01:11.859+0000] {dag.py:4180} INFO - Setting next_dagrun for example_dag_decorator to None, run_after=None
[2025-11-16T22:01:11.879+0000] {processor.py:208} INFO - Processing /home/airflow/.local/lib/python3.12/site-packages/airflow/example_dags/example_dag_decorator.py took 0.408 seconds
[2025-11-16T22:01:42.960+0000] {processor.py:186} INFO - Started process (PID=2089) to work on /home/airflow/.local/lib/python3.12/site-packages/airflow/example_dags/example_dag_decorator.py
[2025-11-16T22:01:42.961+0000] {processor.py:914} INFO - Processing file /home/airflow/.local/lib/python3.12/site-packages/airflow/example_dags/example_dag_decorator.py for tasks to queue
[2025-11-16T22:01:42.963+0000] {logging_mixin.py:190} INFO - [2025-11-16T22:01:42.963+0000] {dagbag.py:588} INFO - Filling up the DagBag from /home/airflow/.local/lib/python3.12/site-packages/airflow/example_dags/example_dag_decorator.py
[2025-11-16T22:01:43.091+0000] {processor.py:925} INFO - DAG(s) 'example_dag_decorator' retrieved from /home/airflow/.local/lib/python3.12/site-packages/airflow/example_dags/example_dag_decorator.py
[2025-11-16T22:01:43.171+0000] {logging_mixin.py:190} INFO - [2025-11-16T22:01:43.171+0000] {dag.py:3239} INFO - Sync 1 DAGs
[2025-11-16T22:01:43.182+0000] {logging_mixin.py:190} INFO - [2025-11-16T22:01:43.182+0000] {dag.py:4180} INFO - Setting next_dagrun for example_dag_decorator to None, run_after=None
[2025-11-16T22:01:43.199+0000] {processor.py:208} INFO - Processing /home/airflow/.local/lib/python3.12/site-packages/airflow/example_dags/example_dag_decorator.py took 0.243 seconds
[2025-11-16T22:02:13.793+0000] {processor.py:186} INFO - Started process (PID=2154) to work on /home/airflow/.local/lib/python3.12/site-packages/airflow/example_dags/example_dag_decorator.py
[2025-11-16T22:02:13.794+0000] {processor.py:914} INFO - Processing file /home/airflow/.local/lib/python3.12/site-packages/airflow/example_dags/example_dag_decorator.py for tasks to queue
[2025-11-16T22:02:13.796+0000] {logging_mixin.py:190} INFO - [2025-11-16T22:02:13.795+0000] {dagbag.py:588} INFO - Filling up the DagBag from /home/airflow/.local/lib/python3.12/site-packages/airflow/example_dags/example_dag_decorator.py
[2025-11-16T22:02:13.859+0000] {processor.py:925} INFO - DAG(s) 'example_dag_decorator' retrieved from /home/airflow/.local/lib/python3.12/site-packages/airflow/example_dags/example_dag_decorator.py
[2025-11-16T22:02:13.928+0000] {logging_mixin.py:190} INFO - [2025-11-16T22:02:13.928+0000] {dag.py:3239} INFO - Sync 1 DAGs
[2025-11-16T22:02:13.936+0000] {logging_mixin.py:190} INFO - [2025-11-16T22:02:13.936+0000] {dag.py:4180} INFO - Setting next_dagrun for example_dag_decorator to None, run_after=None
[2025-11-16T22:02:13.956+0000] {processor.py:208} INFO - Processing /home/airflow/.local/lib/python3.12/site-packages/airflow/example_dags/example_dag_decorator.py took 0.167 seconds
[2025-11-16T22:02:45.256+0000] {processor.py:186} INFO - Started process (PID=2219) to work on /home/airflow/.local/lib/python3.12/site-packages/airflow/example_dags/example_dag_decorator.py
[2025-11-16T22:02:45.257+0000] {processor.py:914} INFO - Processing file /home/airflow/.local/lib/python3.12/site-packages/airflow/example_dags/example_dag_decorator.py for tasks to queue
[2025-11-16T22:02:45.258+0000] {logging_mixin.py:190} INFO - [2025-11-16T22:02:45.258+0000] {dagbag.py:588} INFO - Filling up the DagBag from /home/airflow/.local/lib/python3.12/site-packages/airflow/example_dags/example_dag_decorator.py
[2025-11-16T22:02:45.327+0000] {processor.py:925} INFO - DAG(s) 'example_dag_decorator' retrieved from /home/airflow/.local/lib/python3.12/site-packages/airflow/example_dags/example_dag_decorator.py
[2025-11-16T22:02:45.396+0000] {logging_mixin.py:190} INFO - [2025-11-16T22:02:45.395+0000] {dag.py:3239} INFO - Sync 1 DAGs
[2025-11-16T22:02:45.405+0000] {logging_mixin.py:190} INFO - [2025-11-16T22:02:45.404+0000] {dag.py:4180} INFO - Setting next_dagrun for example_dag_decorator to None, run_after=None
[2025-11-16T22:02:45.420+0000] {processor.py:208} INFO - Processing /home/airflow/.local/lib/python3.12/site-packages/airflow/example_dags/example_dag_decorator.py took 0.169 seconds
[2025-11-16T22:03:16.971+0000] {processor.py:186} INFO - Started process (PID=2284) to work on /home/airflow/.local/lib/python3.12/site-packages/airflow/example_dags/example_dag_decorator.py
[2025-11-16T22:03:16.973+0000] {processor.py:914} INFO - Processing file /home/airflow/.local/lib/python3.12/site-packages/airflow/example_dags/example_dag_decorator.py for tasks to queue
[2025-11-16T22:03:16.974+0000] {logging_mixin.py:190} INFO - [2025-11-16T22:03:16.974+0000] {dagbag.py:588} INFO - Filling up the DagBag from /home/airflow/.local/lib/python3.12/site-packages/airflow/example_dags/example_dag_decorator.py
[2025-11-16T22:03:17.045+0000] {processor.py:925} INFO - DAG(s) 'example_dag_decorator' retrieved from /home/airflow/.local/lib/python3.12/site-packages/airflow/example_dags/example_dag_decorator.py
[2025-11-16T22:03:17.119+0000] {logging_mixin.py:190} INFO - [2025-11-16T22:03:17.119+0000] {dag.py:3239} INFO - Sync 1 DAGs
[2025-11-16T22:03:17.130+0000] {logging_mixin.py:190} INFO - [2025-11-16T22:03:17.130+0000] {dag.py:4180} INFO - Setting next_dagrun for example_dag_decorator to None, run_after=None
[2025-11-16T22:03:17.144+0000] {processor.py:208} INFO - Processing /home/airflow/.local/lib/python3.12/site-packages/airflow/example_dags/example_dag_decorator.py took 0.177 seconds
[2025-11-16T22:03:47.830+0000] {processor.py:186} INFO - Started process (PID=2349) to work on /home/airflow/.local/lib/python3.12/site-packages/airflow/example_dags/example_dag_decorator.py
[2025-11-16T22:03:47.831+0000] {processor.py:914} INFO - Processing file /home/airflow/.local/lib/python3.12/site-packages/airflow/example_dags/example_dag_decorator.py for tasks to queue
[2025-11-16T22:03:47.833+0000] {logging_mixin.py:190} INFO - [2025-11-16T22:03:47.832+0000] {dagbag.py:588} INFO - Filling up the DagBag from /home/airflow/.local/lib/python3.12/site-packages/airflow/example_dags/example_dag_decorator.py
[2025-11-16T22:03:47.902+0000] {processor.py:925} INFO - DAG(s) 'example_dag_decorator' retrieved from /home/airflow/.local/lib/python3.12/site-packages/airflow/example_dags/example_dag_decorator.py
[2025-11-16T22:03:47.973+0000] {logging_mixin.py:190} INFO - [2025-11-16T22:03:47.973+0000] {dag.py:3239} INFO - Sync 1 DAGs
[2025-11-16T22:03:47.983+0000] {logging_mixin.py:190} INFO - [2025-11-16T22:03:47.983+0000] {dag.py:4180} INFO - Setting next_dagrun for example_dag_decorator to None, run_after=None
[2025-11-16T22:03:47.998+0000] {processor.py:208} INFO - Processing /home/airflow/.local/lib/python3.12/site-packages/airflow/example_dags/example_dag_decorator.py took 0.172 seconds
[2025-11-16T22:04:20.198+0000] {processor.py:186} INFO - Started process (PID=2414) to work on /home/airflow/.local/lib/python3.12/site-packages/airflow/example_dags/example_dag_decorator.py
[2025-11-16T22:04:20.201+0000] {processor.py:914} INFO - Processing file /home/airflow/.local/lib/python3.12/site-packages/airflow/example_dags/example_dag_decorator.py for tasks to queue
[2025-11-16T22:04:20.202+0000] {logging_mixin.py:190} INFO - [2025-11-16T22:04:20.202+0000] {dagbag.py:588} INFO - Filling up the DagBag from /home/airflow/.local/lib/python3.12/site-packages/airflow/example_dags/example_dag_decorator.py
[2025-11-16T22:04:20.278+0000] {processor.py:925} INFO - DAG(s) 'example_dag_decorator' retrieved from /home/airflow/.local/lib/python3.12/site-packages/airflow/example_dags/example_dag_decorator.py
[2025-11-16T22:04:20.350+0000] {logging_mixin.py:190} INFO - [2025-11-16T22:04:20.350+0000] {dag.py:3239} INFO - Sync 1 DAGs
[2025-11-16T22:04:20.359+0000] {logging_mixin.py:190} INFO - [2025-11-16T22:04:20.359+0000] {dag.py:4180} INFO - Setting next_dagrun for example_dag_decorator to None, run_after=None
[2025-11-16T22:04:20.374+0000] {processor.py:208} INFO - Processing /home/airflow/.local/lib/python3.12/site-packages/airflow/example_dags/example_dag_decorator.py took 0.181 seconds
[2025-11-16T22:04:50.808+0000] {processor.py:186} INFO - Started process (PID=2479) to work on /home/airflow/.local/lib/python3.12/site-packages/airflow/example_dags/example_dag_decorator.py
[2025-11-16T22:04:50.809+0000] {processor.py:914} INFO - Processing file /home/airflow/.local/lib/python3.12/site-packages/airflow/example_dags/example_dag_decorator.py for tasks to queue
[2025-11-16T22:04:50.811+0000] {logging_mixin.py:190} INFO - [2025-11-16T22:04:50.810+0000] {dagbag.py:588} INFO - Filling up the DagBag from /home/airflow/.local/lib/python3.12/site-packages/airflow/example_dags/example_dag_decorator.py
[2025-11-16T22:04:50.879+0000] {processor.py:925} INFO - DAG(s) 'example_dag_decorator' retrieved from /home/airflow/.local/lib/python3.12/site-packages/airflow/example_dags/example_dag_decorator.py
[2025-11-16T22:04:50.951+0000] {logging_mixin.py:190} INFO - [2025-11-16T22:04:50.951+0000] {dag.py:3239} INFO - Sync 1 DAGs
[2025-11-16T22:04:50.959+0000] {logging_mixin.py:190} INFO - [2025-11-16T22:04:50.959+0000] {dag.py:4180} INFO - Setting next_dagrun for example_dag_decorator to None, run_after=None
[2025-11-16T22:04:50.972+0000] {processor.py:208} INFO - Processing /home/airflow/.local/lib/python3.12/site-packages/airflow/example_dags/example_dag_decorator.py took 0.168 seconds
[2025-11-16T22:05:21.519+0000] {processor.py:186} INFO - Started process (PID=2544) to work on /home/airflow/.local/lib/python3.12/site-packages/airflow/example_dags/example_dag_decorator.py
[2025-11-16T22:05:21.520+0000] {processor.py:914} INFO - Processing file /home/airflow/.local/lib/python3.12/site-packages/airflow/example_dags/example_dag_decorator.py for tasks to queue
[2025-11-16T22:05:21.522+0000] {logging_mixin.py:190} INFO - [2025-11-16T22:05:21.521+0000] {dagbag.py:588} INFO - Filling up the DagBag from /home/airflow/.local/lib/python3.12/site-packages/airflow/example_dags/example_dag_decorator.py
[2025-11-16T22:05:21.593+0000] {processor.py:925} INFO - DAG(s) 'example_dag_decorator' retrieved from /home/airflow/.local/lib/python3.12/site-packages/airflow/example_dags/example_dag_decorator.py
[2025-11-16T22:05:21.662+0000] {logging_mixin.py:190} INFO - [2025-11-16T22:05:21.662+0000] {dag.py:3239} INFO - Sync 1 DAGs
[2025-11-16T22:05:21.670+0000] {logging_mixin.py:190} INFO - [2025-11-16T22:05:21.670+0000] {dag.py:4180} INFO - Setting next_dagrun for example_dag_decorator to None, run_after=None
[2025-11-16T22:05:21.687+0000] {processor.py:208} INFO - Processing /home/airflow/.local/lib/python3.12/site-packages/airflow/example_dags/example_dag_decorator.py took 0.172 seconds
[2025-11-16T22:05:53.025+0000] {processor.py:186} INFO - Started process (PID=2609) to work on /home/airflow/.local/lib/python3.12/site-packages/airflow/example_dags/example_dag_decorator.py
[2025-11-16T22:05:53.026+0000] {processor.py:914} INFO - Processing file /home/airflow/.local/lib/python3.12/site-packages/airflow/example_dags/example_dag_decorator.py for tasks to queue
[2025-11-16T22:05:53.026+0000] {logging_mixin.py:190} INFO - [2025-11-16T22:05:53.026+0000] {dagbag.py:588} INFO - Filling up the DagBag from /home/airflow/.local/lib/python3.12/site-packages/airflow/example_dags/example_dag_decorator.py
[2025-11-16T22:05:53.141+0000] {processor.py:925} INFO - DAG(s) 'example_dag_decorator' retrieved from /home/airflow/.local/lib/python3.12/site-packages/airflow/example_dags/example_dag_decorator.py
[2025-11-16T22:05:53.266+0000] {logging_mixin.py:190} INFO - [2025-11-16T22:05:53.266+0000] {dag.py:3239} INFO - Sync 1 DAGs
[2025-11-16T22:05:53.275+0000] {logging_mixin.py:190} INFO - [2025-11-16T22:05:53.275+0000] {dag.py:4180} INFO - Setting next_dagrun for example_dag_decorator to None, run_after=None
[2025-11-16T22:05:53.288+0000] {processor.py:208} INFO - Processing /home/airflow/.local/lib/python3.12/site-packages/airflow/example_dags/example_dag_decorator.py took 0.268 seconds
[2025-11-16T22:10:58.166+0000] {processor.py:186} INFO - Started process (PID=2684) to work on /home/airflow/.local/lib/python3.12/site-packages/airflow/example_dags/example_dag_decorator.py
[2025-11-16T22:10:58.167+0000] {processor.py:914} INFO - Processing file /home/airflow/.local/lib/python3.12/site-packages/airflow/example_dags/example_dag_decorator.py for tasks to queue
[2025-11-16T22:10:58.168+0000] {logging_mixin.py:190} INFO - [2025-11-16T22:10:58.168+0000] {dagbag.py:588} INFO - Filling up the DagBag from /home/airflow/.local/lib/python3.12/site-packages/airflow/example_dags/example_dag_decorator.py
[2025-11-16T22:10:58.294+0000] {processor.py:925} INFO - DAG(s) 'example_dag_decorator' retrieved from /home/airflow/.local/lib/python3.12/site-packages/airflow/example_dags/example_dag_decorator.py
[2025-11-16T22:10:58.422+0000] {logging_mixin.py:190} INFO - [2025-11-16T22:10:58.422+0000] {dag.py:3239} INFO - Sync 1 DAGs
[2025-11-16T22:10:58.431+0000] {logging_mixin.py:190} INFO - [2025-11-16T22:10:58.431+0000] {dag.py:4180} INFO - Setting next_dagrun for example_dag_decorator to None, run_after=None
[2025-11-16T22:10:59.767+0000] {processor.py:208} INFO - Processing /home/airflow/.local/lib/python3.12/site-packages/airflow/example_dags/example_dag_decorator.py took 1.605 seconds
[2025-11-16T22:11:30.370+0000] {processor.py:186} INFO - Started process (PID=2765) to work on /home/airflow/.local/lib/python3.12/site-packages/airflow/example_dags/example_dag_decorator.py
[2025-11-16T22:11:30.372+0000] {processor.py:914} INFO - Processing file /home/airflow/.local/lib/python3.12/site-packages/airflow/example_dags/example_dag_decorator.py for tasks to queue
[2025-11-16T22:11:30.373+0000] {logging_mixin.py:190} INFO - [2025-11-16T22:11:30.373+0000] {dagbag.py:588} INFO - Filling up the DagBag from /home/airflow/.local/lib/python3.12/site-packages/airflow/example_dags/example_dag_decorator.py
[2025-11-16T22:11:30.546+0000] {processor.py:925} INFO - DAG(s) 'example_dag_decorator' retrieved from /home/airflow/.local/lib/python3.12/site-packages/airflow/example_dags/example_dag_decorator.py
[2025-11-16T22:11:30.677+0000] {logging_mixin.py:190} INFO - [2025-11-16T22:11:30.677+0000] {dag.py:3239} INFO - Sync 1 DAGs
[2025-11-16T22:11:30.685+0000] {logging_mixin.py:190} INFO - [2025-11-16T22:11:30.685+0000] {dag.py:4180} INFO - Setting next_dagrun for example_dag_decorator to None, run_after=None
[2025-11-16T22:11:30.700+0000] {processor.py:208} INFO - Processing /home/airflow/.local/lib/python3.12/site-packages/airflow/example_dags/example_dag_decorator.py took 0.333 seconds
[2025-11-16T22:12:00.909+0000] {processor.py:186} INFO - Started process (PID=2830) to work on /home/airflow/.local/lib/python3.12/site-packages/airflow/example_dags/example_dag_decorator.py
[2025-11-16T22:12:00.910+0000] {processor.py:914} INFO - Processing file /home/airflow/.local/lib/python3.12/site-packages/airflow/example_dags/example_dag_decorator.py for tasks to queue
[2025-11-16T22:12:00.912+0000] {logging_mixin.py:190} INFO - [2025-11-16T22:12:00.911+0000] {dagbag.py:588} INFO - Filling up the DagBag from /home/airflow/.local/lib/python3.12/site-packages/airflow/example_dags/example_dag_decorator.py
[2025-11-16T22:12:00.981+0000] {processor.py:925} INFO - DAG(s) 'example_dag_decorator' retrieved from /home/airflow/.local/lib/python3.12/site-packages/airflow/example_dags/example_dag_decorator.py
[2025-11-16T22:12:01.055+0000] {logging_mixin.py:190} INFO - [2025-11-16T22:12:01.055+0000] {dag.py:3239} INFO - Sync 1 DAGs
[2025-11-16T22:12:01.064+0000] {logging_mixin.py:190} INFO - [2025-11-16T22:12:01.064+0000] {dag.py:4180} INFO - Setting next_dagrun for example_dag_decorator to None, run_after=None
[2025-11-16T22:12:01.107+0000] {processor.py:208} INFO - Processing /home/airflow/.local/lib/python3.12/site-packages/airflow/example_dags/example_dag_decorator.py took 0.202 seconds
[2025-11-16T22:12:32.438+0000] {processor.py:186} INFO - Started process (PID=2895) to work on /home/airflow/.local/lib/python3.12/site-packages/airflow/example_dags/example_dag_decorator.py
[2025-11-16T22:12:32.439+0000] {processor.py:914} INFO - Processing file /home/airflow/.local/lib/python3.12/site-packages/airflow/example_dags/example_dag_decorator.py for tasks to queue
[2025-11-16T22:12:32.441+0000] {logging_mixin.py:190} INFO - [2025-11-16T22:12:32.441+0000] {dagbag.py:588} INFO - Filling up the DagBag from /home/airflow/.local/lib/python3.12/site-packages/airflow/example_dags/example_dag_decorator.py
[2025-11-16T22:12:32.561+0000] {processor.py:925} INFO - DAG(s) 'example_dag_decorator' retrieved from /home/airflow/.local/lib/python3.12/site-packages/airflow/example_dags/example_dag_decorator.py
[2025-11-16T22:12:32.686+0000] {logging_mixin.py:190} INFO - [2025-11-16T22:12:32.686+0000] {dag.py:3239} INFO - Sync 1 DAGs
[2025-11-16T22:12:32.700+0000] {logging_mixin.py:190} INFO - [2025-11-16T22:12:32.700+0000] {dag.py:4180} INFO - Setting next_dagrun for example_dag_decorator to None, run_after=None
[2025-11-16T22:12:32.722+0000] {processor.py:208} INFO - Processing /home/airflow/.local/lib/python3.12/site-packages/airflow/example_dags/example_dag_decorator.py took 0.292 seconds
[2025-11-16T22:13:04.396+0000] {processor.py:186} INFO - Started process (PID=2961) to work on /home/airflow/.local/lib/python3.12/site-packages/airflow/example_dags/example_dag_decorator.py
[2025-11-16T22:13:04.398+0000] {processor.py:914} INFO - Processing file /home/airflow/.local/lib/python3.12/site-packages/airflow/example_dags/example_dag_decorator.py for tasks to queue
[2025-11-16T22:13:04.402+0000] {logging_mixin.py:190} INFO - [2025-11-16T22:13:04.401+0000] {dagbag.py:588} INFO - Filling up the DagBag from /home/airflow/.local/lib/python3.12/site-packages/airflow/example_dags/example_dag_decorator.py
[2025-11-16T22:13:04.525+0000] {processor.py:925} INFO - DAG(s) 'example_dag_decorator' retrieved from /home/airflow/.local/lib/python3.12/site-packages/airflow/example_dags/example_dag_decorator.py
[2025-11-16T22:13:04.650+0000] {logging_mixin.py:190} INFO - [2025-11-16T22:13:04.650+0000] {dag.py:3239} INFO - Sync 1 DAGs
[2025-11-16T22:13:04.869+0000] {logging_mixin.py:190} INFO - [2025-11-16T22:13:04.869+0000] {dag.py:4180} INFO - Setting next_dagrun for example_dag_decorator to None, run_after=None
[2025-11-16T22:13:04.916+0000] {processor.py:208} INFO - Processing /home/airflow/.local/lib/python3.12/site-packages/airflow/example_dags/example_dag_decorator.py took 0.527 seconds
[2025-11-16T22:13:35.686+0000] {processor.py:186} INFO - Started process (PID=3027) to work on /home/airflow/.local/lib/python3.12/site-packages/airflow/example_dags/example_dag_decorator.py
[2025-11-16T22:13:35.689+0000] {processor.py:914} INFO - Processing file /home/airflow/.local/lib/python3.12/site-packages/airflow/example_dags/example_dag_decorator.py for tasks to queue
[2025-11-16T22:13:35.691+0000] {logging_mixin.py:190} INFO - [2025-11-16T22:13:35.691+0000] {dagbag.py:588} INFO - Filling up the DagBag from /home/airflow/.local/lib/python3.12/site-packages/airflow/example_dags/example_dag_decorator.py
[2025-11-16T22:13:35.835+0000] {processor.py:925} INFO - DAG(s) 'example_dag_decorator' retrieved from /home/airflow/.local/lib/python3.12/site-packages/airflow/example_dags/example_dag_decorator.py
[2025-11-16T22:13:35.972+0000] {logging_mixin.py:190} INFO - [2025-11-16T22:13:35.972+0000] {dag.py:3239} INFO - Sync 1 DAGs
[2025-11-16T22:13:35.992+0000] {logging_mixin.py:190} INFO - [2025-11-16T22:13:35.992+0000] {dag.py:4180} INFO - Setting next_dagrun for example_dag_decorator to None, run_after=None
[2025-11-16T22:13:36.241+0000] {processor.py:208} INFO - Processing /home/airflow/.local/lib/python3.12/site-packages/airflow/example_dags/example_dag_decorator.py took 0.566 seconds
[2025-11-16T22:14:06.773+0000] {processor.py:186} INFO - Started process (PID=3092) to work on /home/airflow/.local/lib/python3.12/site-packages/airflow/example_dags/example_dag_decorator.py
[2025-11-16T22:14:06.783+0000] {processor.py:914} INFO - Processing file /home/airflow/.local/lib/python3.12/site-packages/airflow/example_dags/example_dag_decorator.py for tasks to queue
[2025-11-16T22:14:06.796+0000] {logging_mixin.py:190} INFO - [2025-11-16T22:14:06.796+0000] {dagbag.py:588} INFO - Filling up the DagBag from /home/airflow/.local/lib/python3.12/site-packages/airflow/example_dags/example_dag_decorator.py
[2025-11-16T22:14:06.949+0000] {processor.py:925} INFO - DAG(s) 'example_dag_decorator' retrieved from /home/airflow/.local/lib/python3.12/site-packages/airflow/example_dags/example_dag_decorator.py
[2025-11-16T22:14:07.077+0000] {logging_mixin.py:190} INFO - [2025-11-16T22:14:07.077+0000] {dag.py:3239} INFO - Sync 1 DAGs
[2025-11-16T22:14:07.091+0000] {logging_mixin.py:190} INFO - [2025-11-16T22:14:07.091+0000] {dag.py:4180} INFO - Setting next_dagrun for example_dag_decorator to None, run_after=None
[2025-11-16T22:14:07.147+0000] {processor.py:208} INFO - Processing /home/airflow/.local/lib/python3.12/site-packages/airflow/example_dags/example_dag_decorator.py took 0.383 seconds
[2025-11-16T22:14:37.292+0000] {processor.py:186} INFO - Started process (PID=3157) to work on /home/airflow/.local/lib/python3.12/site-packages/airflow/example_dags/example_dag_decorator.py
[2025-11-16T22:14:37.294+0000] {processor.py:914} INFO - Processing file /home/airflow/.local/lib/python3.12/site-packages/airflow/example_dags/example_dag_decorator.py for tasks to queue
[2025-11-16T22:14:37.295+0000] {logging_mixin.py:190} INFO - [2025-11-16T22:14:37.294+0000] {dagbag.py:588} INFO - Filling up the DagBag from /home/airflow/.local/lib/python3.12/site-packages/airflow/example_dags/example_dag_decorator.py
[2025-11-16T22:14:37.366+0000] {processor.py:925} INFO - DAG(s) 'example_dag_decorator' retrieved from /home/airflow/.local/lib/python3.12/site-packages/airflow/example_dags/example_dag_decorator.py
[2025-11-16T22:14:37.630+0000] {logging_mixin.py:190} INFO - [2025-11-16T22:14:37.630+0000] {dag.py:3239} INFO - Sync 1 DAGs
[2025-11-16T22:14:37.637+0000] {logging_mixin.py:190} INFO - [2025-11-16T22:14:37.637+0000] {dag.py:4180} INFO - Setting next_dagrun for example_dag_decorator to None, run_after=None
[2025-11-16T22:14:37.651+0000] {processor.py:208} INFO - Processing /home/airflow/.local/lib/python3.12/site-packages/airflow/example_dags/example_dag_decorator.py took 0.362 seconds
[2025-11-16T22:15:07.797+0000] {processor.py:186} INFO - Started process (PID=3222) to work on /home/airflow/.local/lib/python3.12/site-packages/airflow/example_dags/example_dag_decorator.py
[2025-11-16T22:15:07.798+0000] {processor.py:914} INFO - Processing file /home/airflow/.local/lib/python3.12/site-packages/airflow/example_dags/example_dag_decorator.py for tasks to queue
[2025-11-16T22:15:07.799+0000] {logging_mixin.py:190} INFO - [2025-11-16T22:15:07.799+0000] {dagbag.py:588} INFO - Filling up the DagBag from /home/airflow/.local/lib/python3.12/site-packages/airflow/example_dags/example_dag_decorator.py
[2025-11-16T22:15:07.866+0000] {processor.py:925} INFO - DAG(s) 'example_dag_decorator' retrieved from /home/airflow/.local/lib/python3.12/site-packages/airflow/example_dags/example_dag_decorator.py
[2025-11-16T22:15:07.936+0000] {logging_mixin.py:190} INFO - [2025-11-16T22:15:07.935+0000] {dag.py:3239} INFO - Sync 1 DAGs
[2025-11-16T22:15:08.062+0000] {logging_mixin.py:190} INFO - [2025-11-16T22:15:08.061+0000] {dag.py:4180} INFO - Setting next_dagrun for example_dag_decorator to None, run_after=None
[2025-11-16T22:15:08.074+0000] {processor.py:208} INFO - Processing /home/airflow/.local/lib/python3.12/site-packages/airflow/example_dags/example_dag_decorator.py took 0.281 seconds
[2025-11-16T22:15:38.709+0000] {processor.py:186} INFO - Started process (PID=3287) to work on /home/airflow/.local/lib/python3.12/site-packages/airflow/example_dags/example_dag_decorator.py
[2025-11-16T22:15:38.710+0000] {processor.py:914} INFO - Processing file /home/airflow/.local/lib/python3.12/site-packages/airflow/example_dags/example_dag_decorator.py for tasks to queue
[2025-11-16T22:15:38.712+0000] {logging_mixin.py:190} INFO - [2025-11-16T22:15:38.711+0000] {dagbag.py:588} INFO - Filling up the DagBag from /home/airflow/.local/lib/python3.12/site-packages/airflow/example_dags/example_dag_decorator.py
[2025-11-16T22:15:38.809+0000] {processor.py:925} INFO - DAG(s) 'example_dag_decorator' retrieved from /home/airflow/.local/lib/python3.12/site-packages/airflow/example_dags/example_dag_decorator.py
[2025-11-16T22:15:39.036+0000] {logging_mixin.py:190} INFO - [2025-11-16T22:15:39.036+0000] {dag.py:3239} INFO - Sync 1 DAGs
[2025-11-16T22:15:39.044+0000] {logging_mixin.py:190} INFO - [2025-11-16T22:15:39.044+0000] {dag.py:4180} INFO - Setting next_dagrun for example_dag_decorator to None, run_after=None
[2025-11-16T22:15:39.059+0000] {processor.py:208} INFO - Processing /home/airflow/.local/lib/python3.12/site-packages/airflow/example_dags/example_dag_decorator.py took 0.356 seconds
[2025-11-16T22:16:09.253+0000] {processor.py:186} INFO - Started process (PID=3351) to work on /home/airflow/.local/lib/python3.12/site-packages/airflow/example_dags/example_dag_decorator.py
[2025-11-16T22:16:09.254+0000] {processor.py:914} INFO - Processing file /home/airflow/.local/lib/python3.12/site-packages/airflow/example_dags/example_dag_decorator.py for tasks to queue
[2025-11-16T22:16:09.256+0000] {logging_mixin.py:190} INFO - [2025-11-16T22:16:09.256+0000] {dagbag.py:588} INFO - Filling up the DagBag from /home/airflow/.local/lib/python3.12/site-packages/airflow/example_dags/example_dag_decorator.py
[2025-11-16T22:16:09.337+0000] {processor.py:925} INFO - DAG(s) 'example_dag_decorator' retrieved from /home/airflow/.local/lib/python3.12/site-packages/airflow/example_dags/example_dag_decorator.py
[2025-11-16T22:16:09.569+0000] {logging_mixin.py:190} INFO - [2025-11-16T22:16:09.568+0000] {dag.py:3239} INFO - Sync 1 DAGs
[2025-11-16T22:16:09.576+0000] {logging_mixin.py:190} INFO - [2025-11-16T22:16:09.576+0000] {dag.py:4180} INFO - Setting next_dagrun for example_dag_decorator to None, run_after=None
[2025-11-16T22:16:09.587+0000] {processor.py:208} INFO - Processing /home/airflow/.local/lib/python3.12/site-packages/airflow/example_dags/example_dag_decorator.py took 0.338 seconds
[2025-11-16T22:16:40.400+0000] {processor.py:186} INFO - Started process (PID=3418) to work on /home/airflow/.local/lib/python3.12/site-packages/airflow/example_dags/example_dag_decorator.py
[2025-11-16T22:16:40.402+0000] {processor.py:914} INFO - Processing file /home/airflow/.local/lib/python3.12/site-packages/airflow/example_dags/example_dag_decorator.py for tasks to queue
[2025-11-16T22:16:40.403+0000] {logging_mixin.py:190} INFO - [2025-11-16T22:16:40.403+0000] {dagbag.py:588} INFO - Filling up the DagBag from /home/airflow/.local/lib/python3.12/site-packages/airflow/example_dags/example_dag_decorator.py
[2025-11-16T22:16:40.475+0000] {processor.py:925} INFO - DAG(s) 'example_dag_decorator' retrieved from /home/airflow/.local/lib/python3.12/site-packages/airflow/example_dags/example_dag_decorator.py
[2025-11-16T22:16:40.687+0000] {logging_mixin.py:190} INFO - [2025-11-16T22:16:40.687+0000] {dag.py:3239} INFO - Sync 1 DAGs
[2025-11-16T22:16:40.695+0000] {logging_mixin.py:190} INFO - [2025-11-16T22:16:40.694+0000] {dag.py:4180} INFO - Setting next_dagrun for example_dag_decorator to None, run_after=None
[2025-11-16T22:16:40.709+0000] {processor.py:208} INFO - Processing /home/airflow/.local/lib/python3.12/site-packages/airflow/example_dags/example_dag_decorator.py took 0.313 seconds
[2025-11-16T22:17:11.253+0000] {processor.py:186} INFO - Started process (PID=3483) to work on /home/airflow/.local/lib/python3.12/site-packages/airflow/example_dags/example_dag_decorator.py
[2025-11-16T22:17:11.254+0000] {processor.py:914} INFO - Processing file /home/airflow/.local/lib/python3.12/site-packages/airflow/example_dags/example_dag_decorator.py for tasks to queue
[2025-11-16T22:17:11.255+0000] {logging_mixin.py:190} INFO - [2025-11-16T22:17:11.255+0000] {dagbag.py:588} INFO - Filling up the DagBag from /home/airflow/.local/lib/python3.12/site-packages/airflow/example_dags/example_dag_decorator.py
[2025-11-16T22:17:11.331+0000] {processor.py:925} INFO - DAG(s) 'example_dag_decorator' retrieved from /home/airflow/.local/lib/python3.12/site-packages/airflow/example_dags/example_dag_decorator.py
[2025-11-16T22:17:11.533+0000] {logging_mixin.py:190} INFO - [2025-11-16T22:17:11.533+0000] {dag.py:3239} INFO - Sync 1 DAGs
[2025-11-16T22:17:11.541+0000] {logging_mixin.py:190} INFO - [2025-11-16T22:17:11.541+0000] {dag.py:4180} INFO - Setting next_dagrun for example_dag_decorator to None, run_after=None
[2025-11-16T22:17:11.557+0000] {processor.py:208} INFO - Processing /home/airflow/.local/lib/python3.12/site-packages/airflow/example_dags/example_dag_decorator.py took 0.308 seconds
[2025-11-16T22:17:41.699+0000] {processor.py:186} INFO - Started process (PID=3548) to work on /home/airflow/.local/lib/python3.12/site-packages/airflow/example_dags/example_dag_decorator.py
[2025-11-16T22:17:41.701+0000] {processor.py:914} INFO - Processing file /home/airflow/.local/lib/python3.12/site-packages/airflow/example_dags/example_dag_decorator.py for tasks to queue
[2025-11-16T22:17:41.702+0000] {logging_mixin.py:190} INFO - [2025-11-16T22:17:41.702+0000] {dagbag.py:588} INFO - Filling up the DagBag from /home/airflow/.local/lib/python3.12/site-packages/airflow/example_dags/example_dag_decorator.py
[2025-11-16T22:17:41.774+0000] {processor.py:925} INFO - DAG(s) 'example_dag_decorator' retrieved from /home/airflow/.local/lib/python3.12/site-packages/airflow/example_dags/example_dag_decorator.py
[2025-11-16T22:17:41.981+0000] {logging_mixin.py:190} INFO - [2025-11-16T22:17:41.981+0000] {dag.py:3239} INFO - Sync 1 DAGs
[2025-11-16T22:17:41.988+0000] {logging_mixin.py:190} INFO - [2025-11-16T22:17:41.988+0000] {dag.py:4180} INFO - Setting next_dagrun for example_dag_decorator to None, run_after=None
[2025-11-16T22:17:42.001+0000] {processor.py:208} INFO - Processing /home/airflow/.local/lib/python3.12/site-packages/airflow/example_dags/example_dag_decorator.py took 0.306 seconds
[2025-11-16T22:18:12.170+0000] {processor.py:186} INFO - Started process (PID=3613) to work on /home/airflow/.local/lib/python3.12/site-packages/airflow/example_dags/example_dag_decorator.py
[2025-11-16T22:18:12.171+0000] {processor.py:914} INFO - Processing file /home/airflow/.local/lib/python3.12/site-packages/airflow/example_dags/example_dag_decorator.py for tasks to queue
[2025-11-16T22:18:12.172+0000] {logging_mixin.py:190} INFO - [2025-11-16T22:18:12.172+0000] {dagbag.py:588} INFO - Filling up the DagBag from /home/airflow/.local/lib/python3.12/site-packages/airflow/example_dags/example_dag_decorator.py
[2025-11-16T22:18:12.244+0000] {processor.py:925} INFO - DAG(s) 'example_dag_decorator' retrieved from /home/airflow/.local/lib/python3.12/site-packages/airflow/example_dags/example_dag_decorator.py
[2025-11-16T22:18:12.439+0000] {logging_mixin.py:190} INFO - [2025-11-16T22:18:12.439+0000] {dag.py:3239} INFO - Sync 1 DAGs
[2025-11-16T22:18:12.447+0000] {logging_mixin.py:190} INFO - [2025-11-16T22:18:12.447+0000] {dag.py:4180} INFO - Setting next_dagrun for example_dag_decorator to None, run_after=None
[2025-11-16T22:18:12.459+0000] {processor.py:208} INFO - Processing /home/airflow/.local/lib/python3.12/site-packages/airflow/example_dags/example_dag_decorator.py took 0.293 seconds
[2025-11-16T22:18:42.550+0000] {processor.py:186} INFO - Started process (PID=3678) to work on /home/airflow/.local/lib/python3.12/site-packages/airflow/example_dags/example_dag_decorator.py
[2025-11-16T22:18:42.551+0000] {processor.py:914} INFO - Processing file /home/airflow/.local/lib/python3.12/site-packages/airflow/example_dags/example_dag_decorator.py for tasks to queue
[2025-11-16T22:18:42.553+0000] {logging_mixin.py:190} INFO - [2025-11-16T22:18:42.552+0000] {dagbag.py:588} INFO - Filling up the DagBag from /home/airflow/.local/lib/python3.12/site-packages/airflow/example_dags/example_dag_decorator.py
[2025-11-16T22:18:42.630+0000] {processor.py:925} INFO - DAG(s) 'example_dag_decorator' retrieved from /home/airflow/.local/lib/python3.12/site-packages/airflow/example_dags/example_dag_decorator.py
[2025-11-16T22:18:42.849+0000] {logging_mixin.py:190} INFO - [2025-11-16T22:18:42.849+0000] {dag.py:3239} INFO - Sync 1 DAGs
[2025-11-16T22:18:42.858+0000] {logging_mixin.py:190} INFO - [2025-11-16T22:18:42.857+0000] {dag.py:4180} INFO - Setting next_dagrun for example_dag_decorator to None, run_after=None
[2025-11-16T22:18:42.870+0000] {processor.py:208} INFO - Processing /home/airflow/.local/lib/python3.12/site-packages/airflow/example_dags/example_dag_decorator.py took 0.325 seconds
[2025-11-16T22:19:13.234+0000] {processor.py:186} INFO - Started process (PID=3745) to work on /home/airflow/.local/lib/python3.12/site-packages/airflow/example_dags/example_dag_decorator.py
[2025-11-16T22:19:13.235+0000] {processor.py:914} INFO - Processing file /home/airflow/.local/lib/python3.12/site-packages/airflow/example_dags/example_dag_decorator.py for tasks to queue
[2025-11-16T22:19:13.236+0000] {logging_mixin.py:190} INFO - [2025-11-16T22:19:13.236+0000] {dagbag.py:588} INFO - Filling up the DagBag from /home/airflow/.local/lib/python3.12/site-packages/airflow/example_dags/example_dag_decorator.py
[2025-11-16T22:19:13.305+0000] {processor.py:925} INFO - DAG(s) 'example_dag_decorator' retrieved from /home/airflow/.local/lib/python3.12/site-packages/airflow/example_dags/example_dag_decorator.py
[2025-11-16T22:19:13.501+0000] {logging_mixin.py:190} INFO - [2025-11-16T22:19:13.501+0000] {dag.py:3239} INFO - Sync 1 DAGs
[2025-11-16T22:19:13.508+0000] {logging_mixin.py:190} INFO - [2025-11-16T22:19:13.508+0000] {dag.py:4180} INFO - Setting next_dagrun for example_dag_decorator to None, run_after=None
[2025-11-16T22:19:13.520+0000] {processor.py:208} INFO - Processing /home/airflow/.local/lib/python3.12/site-packages/airflow/example_dags/example_dag_decorator.py took 0.290 seconds
[2025-11-16T22:19:43.978+0000] {processor.py:186} INFO - Started process (PID=3805) to work on /home/airflow/.local/lib/python3.12/site-packages/airflow/example_dags/example_dag_decorator.py
[2025-11-16T22:19:43.978+0000] {processor.py:914} INFO - Processing file /home/airflow/.local/lib/python3.12/site-packages/airflow/example_dags/example_dag_decorator.py for tasks to queue
[2025-11-16T22:19:43.980+0000] {logging_mixin.py:190} INFO - [2025-11-16T22:19:43.980+0000] {dagbag.py:588} INFO - Filling up the DagBag from /home/airflow/.local/lib/python3.12/site-packages/airflow/example_dags/example_dag_decorator.py
[2025-11-16T22:19:44.050+0000] {processor.py:925} INFO - DAG(s) 'example_dag_decorator' retrieved from /home/airflow/.local/lib/python3.12/site-packages/airflow/example_dags/example_dag_decorator.py
[2025-11-16T22:19:44.246+0000] {logging_mixin.py:190} INFO - [2025-11-16T22:19:44.245+0000] {dag.py:3239} INFO - Sync 1 DAGs
[2025-11-16T22:19:44.253+0000] {logging_mixin.py:190} INFO - [2025-11-16T22:19:44.253+0000] {dag.py:4180} INFO - Setting next_dagrun for example_dag_decorator to None, run_after=None
[2025-11-16T22:19:44.266+0000] {processor.py:208} INFO - Processing /home/airflow/.local/lib/python3.12/site-packages/airflow/example_dags/example_dag_decorator.py took 0.293 seconds
[2025-11-16T22:20:15.226+0000] {processor.py:186} INFO - Started process (PID=3872) to work on /home/airflow/.local/lib/python3.12/site-packages/airflow/example_dags/example_dag_decorator.py
[2025-11-16T22:20:15.227+0000] {processor.py:914} INFO - Processing file /home/airflow/.local/lib/python3.12/site-packages/airflow/example_dags/example_dag_decorator.py for tasks to queue
[2025-11-16T22:20:15.228+0000] {logging_mixin.py:190} INFO - [2025-11-16T22:20:15.228+0000] {dagbag.py:588} INFO - Filling up the DagBag from /home/airflow/.local/lib/python3.12/site-packages/airflow/example_dags/example_dag_decorator.py
[2025-11-16T22:20:15.296+0000] {processor.py:925} INFO - DAG(s) 'example_dag_decorator' retrieved from /home/airflow/.local/lib/python3.12/site-packages/airflow/example_dags/example_dag_decorator.py
[2025-11-16T22:20:15.493+0000] {logging_mixin.py:190} INFO - [2025-11-16T22:20:15.492+0000] {dag.py:3239} INFO - Sync 1 DAGs
[2025-11-16T22:20:15.502+0000] {logging_mixin.py:190} INFO - [2025-11-16T22:20:15.501+0000] {dag.py:4180} INFO - Setting next_dagrun for example_dag_decorator to None, run_after=None
[2025-11-16T22:20:15.514+0000] {processor.py:208} INFO - Processing /home/airflow/.local/lib/python3.12/site-packages/airflow/example_dags/example_dag_decorator.py took 0.292 seconds
[2025-11-16T22:20:45.971+0000] {processor.py:186} INFO - Started process (PID=3935) to work on /home/airflow/.local/lib/python3.12/site-packages/airflow/example_dags/example_dag_decorator.py
[2025-11-16T22:20:45.972+0000] {processor.py:914} INFO - Processing file /home/airflow/.local/lib/python3.12/site-packages/airflow/example_dags/example_dag_decorator.py for tasks to queue
[2025-11-16T22:20:45.973+0000] {logging_mixin.py:190} INFO - [2025-11-16T22:20:45.973+0000] {dagbag.py:588} INFO - Filling up the DagBag from /home/airflow/.local/lib/python3.12/site-packages/airflow/example_dags/example_dag_decorator.py
[2025-11-16T22:20:46.171+0000] {processor.py:925} INFO - DAG(s) 'example_dag_decorator' retrieved from /home/airflow/.local/lib/python3.12/site-packages/airflow/example_dags/example_dag_decorator.py
[2025-11-16T22:20:46.235+0000] {logging_mixin.py:190} INFO - [2025-11-16T22:20:46.235+0000] {dag.py:3239} INFO - Sync 1 DAGs
[2025-11-16T22:20:46.242+0000] {logging_mixin.py:190} INFO - [2025-11-16T22:20:46.242+0000] {dag.py:4180} INFO - Setting next_dagrun for example_dag_decorator to None, run_after=None
[2025-11-16T22:20:46.255+0000] {processor.py:208} INFO - Processing /home/airflow/.local/lib/python3.12/site-packages/airflow/example_dags/example_dag_decorator.py took 0.288 seconds
[2025-11-16T22:21:17.801+0000] {processor.py:186} INFO - Started process (PID=4001) to work on /home/airflow/.local/lib/python3.12/site-packages/airflow/example_dags/example_dag_decorator.py
[2025-11-16T22:21:17.802+0000] {processor.py:914} INFO - Processing file /home/airflow/.local/lib/python3.12/site-packages/airflow/example_dags/example_dag_decorator.py for tasks to queue
[2025-11-16T22:21:17.803+0000] {logging_mixin.py:190} INFO - [2025-11-16T22:21:17.803+0000] {dagbag.py:588} INFO - Filling up the DagBag from /home/airflow/.local/lib/python3.12/site-packages/airflow/example_dags/example_dag_decorator.py
[2025-11-16T22:21:18.068+0000] {processor.py:925} INFO - DAG(s) 'example_dag_decorator' retrieved from /home/airflow/.local/lib/python3.12/site-packages/airflow/example_dags/example_dag_decorator.py
[2025-11-16T22:21:18.143+0000] {logging_mixin.py:190} INFO - [2025-11-16T22:21:18.143+0000] {dag.py:3239} INFO - Sync 1 DAGs
[2025-11-16T22:21:18.151+0000] {logging_mixin.py:190} INFO - [2025-11-16T22:21:18.150+0000] {dag.py:4180} INFO - Setting next_dagrun for example_dag_decorator to None, run_after=None
[2025-11-16T22:21:18.162+0000] {processor.py:208} INFO - Processing /home/airflow/.local/lib/python3.12/site-packages/airflow/example_dags/example_dag_decorator.py took 0.366 seconds
[2025-11-16T22:21:48.309+0000] {processor.py:186} INFO - Started process (PID=4066) to work on /home/airflow/.local/lib/python3.12/site-packages/airflow/example_dags/example_dag_decorator.py
[2025-11-16T22:21:48.310+0000] {processor.py:914} INFO - Processing file /home/airflow/.local/lib/python3.12/site-packages/airflow/example_dags/example_dag_decorator.py for tasks to queue
[2025-11-16T22:21:48.311+0000] {logging_mixin.py:190} INFO - [2025-11-16T22:21:48.311+0000] {dagbag.py:588} INFO - Filling up the DagBag from /home/airflow/.local/lib/python3.12/site-packages/airflow/example_dags/example_dag_decorator.py
[2025-11-16T22:21:48.507+0000] {processor.py:925} INFO - DAG(s) 'example_dag_decorator' retrieved from /home/airflow/.local/lib/python3.12/site-packages/airflow/example_dags/example_dag_decorator.py
[2025-11-16T22:21:48.574+0000] {logging_mixin.py:190} INFO - [2025-11-16T22:21:48.574+0000] {dag.py:3239} INFO - Sync 1 DAGs
[2025-11-16T22:21:48.581+0000] {logging_mixin.py:190} INFO - [2025-11-16T22:21:48.581+0000] {dag.py:4180} INFO - Setting next_dagrun for example_dag_decorator to None, run_after=None
[2025-11-16T22:21:48.594+0000] {processor.py:208} INFO - Processing /home/airflow/.local/lib/python3.12/site-packages/airflow/example_dags/example_dag_decorator.py took 0.290 seconds
[2025-11-16T22:22:19.988+0000] {processor.py:186} INFO - Started process (PID=4131) to work on /home/airflow/.local/lib/python3.12/site-packages/airflow/example_dags/example_dag_decorator.py
[2025-11-16T22:22:19.989+0000] {processor.py:914} INFO - Processing file /home/airflow/.local/lib/python3.12/site-packages/airflow/example_dags/example_dag_decorator.py for tasks to queue
[2025-11-16T22:22:19.990+0000] {logging_mixin.py:190} INFO - [2025-11-16T22:22:19.990+0000] {dagbag.py:588} INFO - Filling up the DagBag from /home/airflow/.local/lib/python3.12/site-packages/airflow/example_dags/example_dag_decorator.py
[2025-11-16T22:22:20.195+0000] {processor.py:925} INFO - DAG(s) 'example_dag_decorator' retrieved from /home/airflow/.local/lib/python3.12/site-packages/airflow/example_dags/example_dag_decorator.py
[2025-11-16T22:22:20.263+0000] {logging_mixin.py:190} INFO - [2025-11-16T22:22:20.263+0000] {dag.py:3239} INFO - Sync 1 DAGs
[2025-11-16T22:22:20.272+0000] {logging_mixin.py:190} INFO - [2025-11-16T22:22:20.271+0000] {dag.py:4180} INFO - Setting next_dagrun for example_dag_decorator to None, run_after=None
[2025-11-16T22:22:20.285+0000] {processor.py:208} INFO - Processing /home/airflow/.local/lib/python3.12/site-packages/airflow/example_dags/example_dag_decorator.py took 0.302 seconds
[2025-11-16T22:22:51.550+0000] {processor.py:186} INFO - Started process (PID=4196) to work on /home/airflow/.local/lib/python3.12/site-packages/airflow/example_dags/example_dag_decorator.py
[2025-11-16T22:22:51.551+0000] {processor.py:914} INFO - Processing file /home/airflow/.local/lib/python3.12/site-packages/airflow/example_dags/example_dag_decorator.py for tasks to queue
[2025-11-16T22:22:51.552+0000] {logging_mixin.py:190} INFO - [2025-11-16T22:22:51.552+0000] {dagbag.py:588} INFO - Filling up the DagBag from /home/airflow/.local/lib/python3.12/site-packages/airflow/example_dags/example_dag_decorator.py
[2025-11-16T22:22:51.763+0000] {processor.py:925} INFO - DAG(s) 'example_dag_decorator' retrieved from /home/airflow/.local/lib/python3.12/site-packages/airflow/example_dags/example_dag_decorator.py
[2025-11-16T22:22:51.836+0000] {logging_mixin.py:190} INFO - [2025-11-16T22:22:51.835+0000] {dag.py:3239} INFO - Sync 1 DAGs
[2025-11-16T22:22:51.843+0000] {logging_mixin.py:190} INFO - [2025-11-16T22:22:51.843+0000] {dag.py:4180} INFO - Setting next_dagrun for example_dag_decorator to None, run_after=None
[2025-11-16T22:22:51.857+0000] {processor.py:208} INFO - Processing /home/airflow/.local/lib/python3.12/site-packages/airflow/example_dags/example_dag_decorator.py took 0.312 seconds
[2025-11-16T22:23:22.688+0000] {processor.py:186} INFO - Started process (PID=4261) to work on /home/airflow/.local/lib/python3.12/site-packages/airflow/example_dags/example_dag_decorator.py
[2025-11-16T22:23:22.689+0000] {processor.py:914} INFO - Processing file /home/airflow/.local/lib/python3.12/site-packages/airflow/example_dags/example_dag_decorator.py for tasks to queue
[2025-11-16T22:23:22.691+0000] {logging_mixin.py:190} INFO - [2025-11-16T22:23:22.691+0000] {dagbag.py:588} INFO - Filling up the DagBag from /home/airflow/.local/lib/python3.12/site-packages/airflow/example_dags/example_dag_decorator.py
[2025-11-16T22:23:22.972+0000] {processor.py:925} INFO - DAG(s) 'example_dag_decorator' retrieved from /home/airflow/.local/lib/python3.12/site-packages/airflow/example_dags/example_dag_decorator.py
[2025-11-16T22:23:23.120+0000] {logging_mixin.py:190} INFO - [2025-11-16T22:23:23.119+0000] {dag.py:3239} INFO - Sync 1 DAGs
[2025-11-16T22:23:23.129+0000] {logging_mixin.py:190} INFO - [2025-11-16T22:23:23.129+0000] {dag.py:4180} INFO - Setting next_dagrun for example_dag_decorator to None, run_after=None
[2025-11-16T22:23:23.146+0000] {processor.py:208} INFO - Processing /home/airflow/.local/lib/python3.12/site-packages/airflow/example_dags/example_dag_decorator.py took 0.464 seconds
[2025-11-16T22:23:53.862+0000] {processor.py:186} INFO - Started process (PID=4326) to work on /home/airflow/.local/lib/python3.12/site-packages/airflow/example_dags/example_dag_decorator.py
[2025-11-16T22:23:53.864+0000] {processor.py:914} INFO - Processing file /home/airflow/.local/lib/python3.12/site-packages/airflow/example_dags/example_dag_decorator.py for tasks to queue
[2025-11-16T22:23:53.865+0000] {logging_mixin.py:190} INFO - [2025-11-16T22:23:53.865+0000] {dagbag.py:588} INFO - Filling up the DagBag from /home/airflow/.local/lib/python3.12/site-packages/airflow/example_dags/example_dag_decorator.py
[2025-11-16T22:23:54.087+0000] {processor.py:925} INFO - DAG(s) 'example_dag_decorator' retrieved from /home/airflow/.local/lib/python3.12/site-packages/airflow/example_dags/example_dag_decorator.py
[2025-11-16T22:23:54.159+0000] {logging_mixin.py:190} INFO - [2025-11-16T22:23:54.159+0000] {dag.py:3239} INFO - Sync 1 DAGs
[2025-11-16T22:23:54.168+0000] {logging_mixin.py:190} INFO - [2025-11-16T22:23:54.168+0000] {dag.py:4180} INFO - Setting next_dagrun for example_dag_decorator to None, run_after=None
[2025-11-16T22:23:54.182+0000] {processor.py:208} INFO - Processing /home/airflow/.local/lib/python3.12/site-packages/airflow/example_dags/example_dag_decorator.py took 0.324 seconds
[2025-11-16T22:24:25.281+0000] {processor.py:186} INFO - Started process (PID=4391) to work on /home/airflow/.local/lib/python3.12/site-packages/airflow/example_dags/example_dag_decorator.py
[2025-11-16T22:24:25.282+0000] {processor.py:914} INFO - Processing file /home/airflow/.local/lib/python3.12/site-packages/airflow/example_dags/example_dag_decorator.py for tasks to queue
[2025-11-16T22:24:25.283+0000] {logging_mixin.py:190} INFO - [2025-11-16T22:24:25.282+0000] {dagbag.py:588} INFO - Filling up the DagBag from /home/airflow/.local/lib/python3.12/site-packages/airflow/example_dags/example_dag_decorator.py
[2025-11-16T22:24:25.550+0000] {processor.py:925} INFO - DAG(s) 'example_dag_decorator' retrieved from /home/airflow/.local/lib/python3.12/site-packages/airflow/example_dags/example_dag_decorator.py
[2025-11-16T22:24:25.627+0000] {logging_mixin.py:190} INFO - [2025-11-16T22:24:25.626+0000] {dag.py:3239} INFO - Sync 1 DAGs
[2025-11-16T22:24:25.635+0000] {logging_mixin.py:190} INFO - [2025-11-16T22:24:25.635+0000] {dag.py:4180} INFO - Setting next_dagrun for example_dag_decorator to None, run_after=None
[2025-11-16T22:24:25.648+0000] {processor.py:208} INFO - Processing /home/airflow/.local/lib/python3.12/site-packages/airflow/example_dags/example_dag_decorator.py took 0.372 seconds
[2025-11-16T22:24:56.647+0000] {processor.py:186} INFO - Started process (PID=4458) to work on /home/airflow/.local/lib/python3.12/site-packages/airflow/example_dags/example_dag_decorator.py
[2025-11-16T22:24:56.648+0000] {processor.py:914} INFO - Processing file /home/airflow/.local/lib/python3.12/site-packages/airflow/example_dags/example_dag_decorator.py for tasks to queue
[2025-11-16T22:24:56.649+0000] {logging_mixin.py:190} INFO - [2025-11-16T22:24:56.649+0000] {dagbag.py:588} INFO - Filling up the DagBag from /home/airflow/.local/lib/python3.12/site-packages/airflow/example_dags/example_dag_decorator.py
[2025-11-16T22:24:56.871+0000] {processor.py:925} INFO - DAG(s) 'example_dag_decorator' retrieved from /home/airflow/.local/lib/python3.12/site-packages/airflow/example_dags/example_dag_decorator.py
[2025-11-16T22:24:56.946+0000] {logging_mixin.py:190} INFO - [2025-11-16T22:24:56.946+0000] {dag.py:3239} INFO - Sync 1 DAGs
[2025-11-16T22:24:56.959+0000] {logging_mixin.py:190} INFO - [2025-11-16T22:24:56.959+0000] {dag.py:4180} INFO - Setting next_dagrun for example_dag_decorator to None, run_after=None
[2025-11-16T22:24:56.980+0000] {processor.py:208} INFO - Processing /home/airflow/.local/lib/python3.12/site-packages/airflow/example_dags/example_dag_decorator.py took 0.339 seconds
[2025-11-16T22:25:27.142+0000] {processor.py:186} INFO - Started process (PID=4523) to work on /home/airflow/.local/lib/python3.12/site-packages/airflow/example_dags/example_dag_decorator.py
[2025-11-16T22:25:27.142+0000] {processor.py:914} INFO - Processing file /home/airflow/.local/lib/python3.12/site-packages/airflow/example_dags/example_dag_decorator.py for tasks to queue
[2025-11-16T22:25:27.144+0000] {logging_mixin.py:190} INFO - [2025-11-16T22:25:27.143+0000] {dagbag.py:588} INFO - Filling up the DagBag from /home/airflow/.local/lib/python3.12/site-packages/airflow/example_dags/example_dag_decorator.py
[2025-11-16T22:25:27.331+0000] {processor.py:925} INFO - DAG(s) 'example_dag_decorator' retrieved from /home/airflow/.local/lib/python3.12/site-packages/airflow/example_dags/example_dag_decorator.py
[2025-11-16T22:25:27.397+0000] {logging_mixin.py:190} INFO - [2025-11-16T22:25:27.397+0000] {dag.py:3239} INFO - Sync 1 DAGs
[2025-11-16T22:25:27.405+0000] {logging_mixin.py:190} INFO - [2025-11-16T22:25:27.405+0000] {dag.py:4180} INFO - Setting next_dagrun for example_dag_decorator to None, run_after=None
[2025-11-16T22:25:27.417+0000] {processor.py:208} INFO - Processing /home/airflow/.local/lib/python3.12/site-packages/airflow/example_dags/example_dag_decorator.py took 0.280 seconds
[2025-11-16T22:29:06.549+0000] {processor.py:186} INFO - Started process (PID=93) to work on /home/airflow/.local/lib/python3.12/site-packages/airflow/example_dags/example_dag_decorator.py
[2025-11-16T22:29:06.550+0000] {processor.py:914} INFO - Processing file /home/airflow/.local/lib/python3.12/site-packages/airflow/example_dags/example_dag_decorator.py for tasks to queue
[2025-11-16T22:29:06.551+0000] {logging_mixin.py:190} INFO - [2025-11-16T22:29:06.551+0000] {dagbag.py:588} INFO - Filling up the DagBag from /home/airflow/.local/lib/python3.12/site-packages/airflow/example_dags/example_dag_decorator.py
[2025-11-16T22:29:06.647+0000] {processor.py:925} INFO - DAG(s) 'example_dag_decorator' retrieved from /home/airflow/.local/lib/python3.12/site-packages/airflow/example_dags/example_dag_decorator.py
[2025-11-16T22:29:06.714+0000] {logging_mixin.py:190} INFO - [2025-11-16T22:29:06.714+0000] {dag.py:3239} INFO - Sync 1 DAGs
[2025-11-16T22:29:06.722+0000] {logging_mixin.py:190} INFO - [2025-11-16T22:29:06.722+0000] {dag.py:4180} INFO - Setting next_dagrun for example_dag_decorator to None, run_after=None
[2025-11-16T22:29:06.735+0000] {processor.py:208} INFO - Processing /home/airflow/.local/lib/python3.12/site-packages/airflow/example_dags/example_dag_decorator.py took 0.190 seconds
[2025-11-16T22:29:37.450+0000] {processor.py:186} INFO - Started process (PID=158) to work on /home/airflow/.local/lib/python3.12/site-packages/airflow/example_dags/example_dag_decorator.py
[2025-11-16T22:29:37.451+0000] {processor.py:914} INFO - Processing file /home/airflow/.local/lib/python3.12/site-packages/airflow/example_dags/example_dag_decorator.py for tasks to queue
[2025-11-16T22:29:37.454+0000] {logging_mixin.py:190} INFO - [2025-11-16T22:29:37.453+0000] {dagbag.py:588} INFO - Filling up the DagBag from /home/airflow/.local/lib/python3.12/site-packages/airflow/example_dags/example_dag_decorator.py
[2025-11-16T22:29:37.522+0000] {processor.py:925} INFO - DAG(s) 'example_dag_decorator' retrieved from /home/airflow/.local/lib/python3.12/site-packages/airflow/example_dags/example_dag_decorator.py
[2025-11-16T22:29:37.592+0000] {logging_mixin.py:190} INFO - [2025-11-16T22:29:37.592+0000] {dag.py:3239} INFO - Sync 1 DAGs
[2025-11-16T22:29:37.600+0000] {logging_mixin.py:190} INFO - [2025-11-16T22:29:37.600+0000] {dag.py:4180} INFO - Setting next_dagrun for example_dag_decorator to None, run_after=None
[2025-11-16T22:29:37.613+0000] {processor.py:208} INFO - Processing /home/airflow/.local/lib/python3.12/site-packages/airflow/example_dags/example_dag_decorator.py took 0.167 seconds
[2025-11-16T22:30:08.258+0000] {processor.py:186} INFO - Started process (PID=223) to work on /home/airflow/.local/lib/python3.12/site-packages/airflow/example_dags/example_dag_decorator.py
[2025-11-16T22:30:08.259+0000] {processor.py:914} INFO - Processing file /home/airflow/.local/lib/python3.12/site-packages/airflow/example_dags/example_dag_decorator.py for tasks to queue
[2025-11-16T22:30:08.261+0000] {logging_mixin.py:190} INFO - [2025-11-16T22:30:08.261+0000] {dagbag.py:588} INFO - Filling up the DagBag from /home/airflow/.local/lib/python3.12/site-packages/airflow/example_dags/example_dag_decorator.py
[2025-11-16T22:30:08.332+0000] {processor.py:925} INFO - DAG(s) 'example_dag_decorator' retrieved from /home/airflow/.local/lib/python3.12/site-packages/airflow/example_dags/example_dag_decorator.py
[2025-11-16T22:30:08.409+0000] {logging_mixin.py:190} INFO - [2025-11-16T22:30:08.409+0000] {dag.py:3239} INFO - Sync 1 DAGs
[2025-11-16T22:30:08.419+0000] {logging_mixin.py:190} INFO - [2025-11-16T22:30:08.418+0000] {dag.py:4180} INFO - Setting next_dagrun for example_dag_decorator to None, run_after=None
[2025-11-16T22:30:08.434+0000] {processor.py:208} INFO - Processing /home/airflow/.local/lib/python3.12/site-packages/airflow/example_dags/example_dag_decorator.py took 0.180 seconds
[2025-11-16T22:30:39.747+0000] {processor.py:186} INFO - Started process (PID=288) to work on /home/airflow/.local/lib/python3.12/site-packages/airflow/example_dags/example_dag_decorator.py
[2025-11-16T22:30:39.748+0000] {processor.py:914} INFO - Processing file /home/airflow/.local/lib/python3.12/site-packages/airflow/example_dags/example_dag_decorator.py for tasks to queue
[2025-11-16T22:30:39.750+0000] {logging_mixin.py:190} INFO - [2025-11-16T22:30:39.750+0000] {dagbag.py:588} INFO - Filling up the DagBag from /home/airflow/.local/lib/python3.12/site-packages/airflow/example_dags/example_dag_decorator.py
[2025-11-16T22:30:39.817+0000] {processor.py:925} INFO - DAG(s) 'example_dag_decorator' retrieved from /home/airflow/.local/lib/python3.12/site-packages/airflow/example_dags/example_dag_decorator.py
[2025-11-16T22:30:39.883+0000] {logging_mixin.py:190} INFO - [2025-11-16T22:30:39.882+0000] {dag.py:3239} INFO - Sync 1 DAGs
[2025-11-16T22:30:39.893+0000] {logging_mixin.py:190} INFO - [2025-11-16T22:30:39.893+0000] {dag.py:4180} INFO - Setting next_dagrun for example_dag_decorator to None, run_after=None
[2025-11-16T22:30:39.906+0000] {processor.py:208} INFO - Processing /home/airflow/.local/lib/python3.12/site-packages/airflow/example_dags/example_dag_decorator.py took 0.163 seconds
[2025-11-16T22:31:10.228+0000] {processor.py:186} INFO - Started process (PID=354) to work on /home/airflow/.local/lib/python3.12/site-packages/airflow/example_dags/example_dag_decorator.py
[2025-11-16T22:31:10.229+0000] {processor.py:914} INFO - Processing file /home/airflow/.local/lib/python3.12/site-packages/airflow/example_dags/example_dag_decorator.py for tasks to queue
[2025-11-16T22:31:10.231+0000] {logging_mixin.py:190} INFO - [2025-11-16T22:31:10.230+0000] {dagbag.py:588} INFO - Filling up the DagBag from /home/airflow/.local/lib/python3.12/site-packages/airflow/example_dags/example_dag_decorator.py
[2025-11-16T22:31:10.296+0000] {processor.py:925} INFO - DAG(s) 'example_dag_decorator' retrieved from /home/airflow/.local/lib/python3.12/site-packages/airflow/example_dags/example_dag_decorator.py
[2025-11-16T22:31:10.367+0000] {logging_mixin.py:190} INFO - [2025-11-16T22:31:10.366+0000] {dag.py:3239} INFO - Sync 1 DAGs
[2025-11-16T22:31:10.374+0000] {logging_mixin.py:190} INFO - [2025-11-16T22:31:10.374+0000] {dag.py:4180} INFO - Setting next_dagrun for example_dag_decorator to None, run_after=None
[2025-11-16T22:31:10.394+0000] {processor.py:208} INFO - Processing /home/airflow/.local/lib/python3.12/site-packages/airflow/example_dags/example_dag_decorator.py took 0.170 seconds
[2025-11-16T22:31:41.307+0000] {processor.py:186} INFO - Started process (PID=419) to work on /home/airflow/.local/lib/python3.12/site-packages/airflow/example_dags/example_dag_decorator.py
[2025-11-16T22:31:41.308+0000] {processor.py:914} INFO - Processing file /home/airflow/.local/lib/python3.12/site-packages/airflow/example_dags/example_dag_decorator.py for tasks to queue
[2025-11-16T22:31:41.310+0000] {logging_mixin.py:190} INFO - [2025-11-16T22:31:41.310+0000] {dagbag.py:588} INFO - Filling up the DagBag from /home/airflow/.local/lib/python3.12/site-packages/airflow/example_dags/example_dag_decorator.py
[2025-11-16T22:31:41.377+0000] {processor.py:925} INFO - DAG(s) 'example_dag_decorator' retrieved from /home/airflow/.local/lib/python3.12/site-packages/airflow/example_dags/example_dag_decorator.py
[2025-11-16T22:31:41.447+0000] {logging_mixin.py:190} INFO - [2025-11-16T22:31:41.446+0000] {dag.py:3239} INFO - Sync 1 DAGs
[2025-11-16T22:31:41.455+0000] {logging_mixin.py:190} INFO - [2025-11-16T22:31:41.454+0000] {dag.py:4180} INFO - Setting next_dagrun for example_dag_decorator to None, run_after=None
[2025-11-16T22:31:41.468+0000] {processor.py:208} INFO - Processing /home/airflow/.local/lib/python3.12/site-packages/airflow/example_dags/example_dag_decorator.py took 0.165 seconds
[2025-11-16T22:32:12.036+0000] {processor.py:186} INFO - Started process (PID=484) to work on /home/airflow/.local/lib/python3.12/site-packages/airflow/example_dags/example_dag_decorator.py
[2025-11-16T22:32:12.037+0000] {processor.py:914} INFO - Processing file /home/airflow/.local/lib/python3.12/site-packages/airflow/example_dags/example_dag_decorator.py for tasks to queue
[2025-11-16T22:32:12.039+0000] {logging_mixin.py:190} INFO - [2025-11-16T22:32:12.039+0000] {dagbag.py:588} INFO - Filling up the DagBag from /home/airflow/.local/lib/python3.12/site-packages/airflow/example_dags/example_dag_decorator.py
[2025-11-16T22:32:12.103+0000] {processor.py:925} INFO - DAG(s) 'example_dag_decorator' retrieved from /home/airflow/.local/lib/python3.12/site-packages/airflow/example_dags/example_dag_decorator.py
[2025-11-16T22:32:12.177+0000] {logging_mixin.py:190} INFO - [2025-11-16T22:32:12.177+0000] {dag.py:3239} INFO - Sync 1 DAGs
[2025-11-16T22:32:12.186+0000] {logging_mixin.py:190} INFO - [2025-11-16T22:32:12.186+0000] {dag.py:4180} INFO - Setting next_dagrun for example_dag_decorator to None, run_after=None
[2025-11-16T22:32:12.201+0000] {processor.py:208} INFO - Processing /home/airflow/.local/lib/python3.12/site-packages/airflow/example_dags/example_dag_decorator.py took 0.169 seconds
[2025-11-16T22:32:42.985+0000] {processor.py:186} INFO - Started process (PID=549) to work on /home/airflow/.local/lib/python3.12/site-packages/airflow/example_dags/example_dag_decorator.py
[2025-11-16T22:32:42.986+0000] {processor.py:914} INFO - Processing file /home/airflow/.local/lib/python3.12/site-packages/airflow/example_dags/example_dag_decorator.py for tasks to queue
[2025-11-16T22:32:42.988+0000] {logging_mixin.py:190} INFO - [2025-11-16T22:32:42.988+0000] {dagbag.py:588} INFO - Filling up the DagBag from /home/airflow/.local/lib/python3.12/site-packages/airflow/example_dags/example_dag_decorator.py
[2025-11-16T22:32:43.055+0000] {processor.py:925} INFO - DAG(s) 'example_dag_decorator' retrieved from /home/airflow/.local/lib/python3.12/site-packages/airflow/example_dags/example_dag_decorator.py
[2025-11-16T22:32:43.123+0000] {logging_mixin.py:190} INFO - [2025-11-16T22:32:43.122+0000] {dag.py:3239} INFO - Sync 1 DAGs
[2025-11-16T22:32:43.131+0000] {logging_mixin.py:190} INFO - [2025-11-16T22:32:43.131+0000] {dag.py:4180} INFO - Setting next_dagrun for example_dag_decorator to None, run_after=None
[2025-11-16T22:32:43.144+0000] {processor.py:208} INFO - Processing /home/airflow/.local/lib/python3.12/site-packages/airflow/example_dags/example_dag_decorator.py took 0.163 seconds
[2025-11-16T22:33:13.414+0000] {processor.py:186} INFO - Started process (PID=613) to work on /home/airflow/.local/lib/python3.12/site-packages/airflow/example_dags/example_dag_decorator.py
[2025-11-16T22:33:13.414+0000] {processor.py:914} INFO - Processing file /home/airflow/.local/lib/python3.12/site-packages/airflow/example_dags/example_dag_decorator.py for tasks to queue
[2025-11-16T22:33:13.416+0000] {logging_mixin.py:190} INFO - [2025-11-16T22:33:13.416+0000] {dagbag.py:588} INFO - Filling up the DagBag from /home/airflow/.local/lib/python3.12/site-packages/airflow/example_dags/example_dag_decorator.py
[2025-11-16T22:33:13.484+0000] {processor.py:925} INFO - DAG(s) 'example_dag_decorator' retrieved from /home/airflow/.local/lib/python3.12/site-packages/airflow/example_dags/example_dag_decorator.py
[2025-11-16T22:33:13.553+0000] {logging_mixin.py:190} INFO - [2025-11-16T22:33:13.553+0000] {dag.py:3239} INFO - Sync 1 DAGs
[2025-11-16T22:33:13.561+0000] {logging_mixin.py:190} INFO - [2025-11-16T22:33:13.561+0000] {dag.py:4180} INFO - Setting next_dagrun for example_dag_decorator to None, run_after=None
[2025-11-16T22:33:13.575+0000] {processor.py:208} INFO - Processing /home/airflow/.local/lib/python3.12/site-packages/airflow/example_dags/example_dag_decorator.py took 0.165 seconds
[2025-11-16T22:33:44.274+0000] {processor.py:186} INFO - Started process (PID=679) to work on /home/airflow/.local/lib/python3.12/site-packages/airflow/example_dags/example_dag_decorator.py
[2025-11-16T22:33:44.275+0000] {processor.py:914} INFO - Processing file /home/airflow/.local/lib/python3.12/site-packages/airflow/example_dags/example_dag_decorator.py for tasks to queue
[2025-11-16T22:33:44.277+0000] {logging_mixin.py:190} INFO - [2025-11-16T22:33:44.277+0000] {dagbag.py:588} INFO - Filling up the DagBag from /home/airflow/.local/lib/python3.12/site-packages/airflow/example_dags/example_dag_decorator.py
[2025-11-16T22:33:44.339+0000] {processor.py:925} INFO - DAG(s) 'example_dag_decorator' retrieved from /home/airflow/.local/lib/python3.12/site-packages/airflow/example_dags/example_dag_decorator.py
[2025-11-16T22:33:44.406+0000] {logging_mixin.py:190} INFO - [2025-11-16T22:33:44.406+0000] {dag.py:3239} INFO - Sync 1 DAGs
[2025-11-16T22:33:44.414+0000] {logging_mixin.py:190} INFO - [2025-11-16T22:33:44.414+0000] {dag.py:4180} INFO - Setting next_dagrun for example_dag_decorator to None, run_after=None
[2025-11-16T22:33:44.431+0000] {processor.py:208} INFO - Processing /home/airflow/.local/lib/python3.12/site-packages/airflow/example_dags/example_dag_decorator.py took 0.161 seconds
[2025-11-16T22:34:14.996+0000] {processor.py:186} INFO - Started process (PID=744) to work on /home/airflow/.local/lib/python3.12/site-packages/airflow/example_dags/example_dag_decorator.py
[2025-11-16T22:34:14.997+0000] {processor.py:914} INFO - Processing file /home/airflow/.local/lib/python3.12/site-packages/airflow/example_dags/example_dag_decorator.py for tasks to queue
[2025-11-16T22:34:14.999+0000] {logging_mixin.py:190} INFO - [2025-11-16T22:34:14.999+0000] {dagbag.py:588} INFO - Filling up the DagBag from /home/airflow/.local/lib/python3.12/site-packages/airflow/example_dags/example_dag_decorator.py
[2025-11-16T22:34:15.066+0000] {processor.py:925} INFO - DAG(s) 'example_dag_decorator' retrieved from /home/airflow/.local/lib/python3.12/site-packages/airflow/example_dags/example_dag_decorator.py
[2025-11-16T22:34:15.140+0000] {logging_mixin.py:190} INFO - [2025-11-16T22:34:15.140+0000] {dag.py:3239} INFO - Sync 1 DAGs
[2025-11-16T22:34:15.149+0000] {logging_mixin.py:190} INFO - [2025-11-16T22:34:15.148+0000] {dag.py:4180} INFO - Setting next_dagrun for example_dag_decorator to None, run_after=None
[2025-11-16T22:34:15.163+0000] {processor.py:208} INFO - Processing /home/airflow/.local/lib/python3.12/site-packages/airflow/example_dags/example_dag_decorator.py took 0.171 seconds
[2025-11-16T22:34:45.877+0000] {processor.py:186} INFO - Started process (PID=809) to work on /home/airflow/.local/lib/python3.12/site-packages/airflow/example_dags/example_dag_decorator.py
[2025-11-16T22:34:45.879+0000] {processor.py:914} INFO - Processing file /home/airflow/.local/lib/python3.12/site-packages/airflow/example_dags/example_dag_decorator.py for tasks to queue
[2025-11-16T22:34:45.881+0000] {logging_mixin.py:190} INFO - [2025-11-16T22:34:45.880+0000] {dagbag.py:588} INFO - Filling up the DagBag from /home/airflow/.local/lib/python3.12/site-packages/airflow/example_dags/example_dag_decorator.py
[2025-11-16T22:34:45.958+0000] {processor.py:925} INFO - DAG(s) 'example_dag_decorator' retrieved from /home/airflow/.local/lib/python3.12/site-packages/airflow/example_dags/example_dag_decorator.py
[2025-11-16T22:34:46.033+0000] {logging_mixin.py:190} INFO - [2025-11-16T22:34:46.033+0000] {dag.py:3239} INFO - Sync 1 DAGs
[2025-11-16T22:34:46.042+0000] {logging_mixin.py:190} INFO - [2025-11-16T22:34:46.042+0000] {dag.py:4180} INFO - Setting next_dagrun for example_dag_decorator to None, run_after=None
[2025-11-16T22:34:46.056+0000] {processor.py:208} INFO - Processing /home/airflow/.local/lib/python3.12/site-packages/airflow/example_dags/example_dag_decorator.py took 0.183 seconds
[2025-11-16T22:35:16.592+0000] {processor.py:186} INFO - Started process (PID=874) to work on /home/airflow/.local/lib/python3.12/site-packages/airflow/example_dags/example_dag_decorator.py
[2025-11-16T22:35:16.593+0000] {processor.py:914} INFO - Processing file /home/airflow/.local/lib/python3.12/site-packages/airflow/example_dags/example_dag_decorator.py for tasks to queue
[2025-11-16T22:35:16.595+0000] {logging_mixin.py:190} INFO - [2025-11-16T22:35:16.594+0000] {dagbag.py:588} INFO - Filling up the DagBag from /home/airflow/.local/lib/python3.12/site-packages/airflow/example_dags/example_dag_decorator.py
[2025-11-16T22:35:16.666+0000] {processor.py:925} INFO - DAG(s) 'example_dag_decorator' retrieved from /home/airflow/.local/lib/python3.12/site-packages/airflow/example_dags/example_dag_decorator.py
[2025-11-16T22:35:16.737+0000] {logging_mixin.py:190} INFO - [2025-11-16T22:35:16.737+0000] {dag.py:3239} INFO - Sync 1 DAGs
[2025-11-16T22:35:16.747+0000] {logging_mixin.py:190} INFO - [2025-11-16T22:35:16.747+0000] {dag.py:4180} INFO - Setting next_dagrun for example_dag_decorator to None, run_after=None
[2025-11-16T22:35:16.762+0000] {processor.py:208} INFO - Processing /home/airflow/.local/lib/python3.12/site-packages/airflow/example_dags/example_dag_decorator.py took 0.175 seconds
[2025-11-16T22:35:47.400+0000] {processor.py:186} INFO - Started process (PID=939) to work on /home/airflow/.local/lib/python3.12/site-packages/airflow/example_dags/example_dag_decorator.py
[2025-11-16T22:35:47.402+0000] {processor.py:914} INFO - Processing file /home/airflow/.local/lib/python3.12/site-packages/airflow/example_dags/example_dag_decorator.py for tasks to queue
[2025-11-16T22:35:47.404+0000] {logging_mixin.py:190} INFO - [2025-11-16T22:35:47.404+0000] {dagbag.py:588} INFO - Filling up the DagBag from /home/airflow/.local/lib/python3.12/site-packages/airflow/example_dags/example_dag_decorator.py
[2025-11-16T22:35:47.475+0000] {processor.py:925} INFO - DAG(s) 'example_dag_decorator' retrieved from /home/airflow/.local/lib/python3.12/site-packages/airflow/example_dags/example_dag_decorator.py
[2025-11-16T22:35:47.548+0000] {logging_mixin.py:190} INFO - [2025-11-16T22:35:47.548+0000] {dag.py:3239} INFO - Sync 1 DAGs
[2025-11-16T22:35:47.558+0000] {logging_mixin.py:190} INFO - [2025-11-16T22:35:47.557+0000] {dag.py:4180} INFO - Setting next_dagrun for example_dag_decorator to None, run_after=None
[2025-11-16T22:35:47.573+0000] {processor.py:208} INFO - Processing /home/airflow/.local/lib/python3.12/site-packages/airflow/example_dags/example_dag_decorator.py took 0.177 seconds
[2025-11-16T22:36:18.408+0000] {processor.py:186} INFO - Started process (PID=1005) to work on /home/airflow/.local/lib/python3.12/site-packages/airflow/example_dags/example_dag_decorator.py
[2025-11-16T22:36:18.409+0000] {processor.py:914} INFO - Processing file /home/airflow/.local/lib/python3.12/site-packages/airflow/example_dags/example_dag_decorator.py for tasks to queue
[2025-11-16T22:36:18.411+0000] {logging_mixin.py:190} INFO - [2025-11-16T22:36:18.411+0000] {dagbag.py:588} INFO - Filling up the DagBag from /home/airflow/.local/lib/python3.12/site-packages/airflow/example_dags/example_dag_decorator.py
[2025-11-16T22:36:18.489+0000] {processor.py:925} INFO - DAG(s) 'example_dag_decorator' retrieved from /home/airflow/.local/lib/python3.12/site-packages/airflow/example_dags/example_dag_decorator.py
[2025-11-16T22:36:18.567+0000] {logging_mixin.py:190} INFO - [2025-11-16T22:36:18.567+0000] {dag.py:3239} INFO - Sync 1 DAGs
[2025-11-16T22:36:18.577+0000] {logging_mixin.py:190} INFO - [2025-11-16T22:36:18.576+0000] {dag.py:4180} INFO - Setting next_dagrun for example_dag_decorator to None, run_after=None
[2025-11-16T22:36:18.589+0000] {processor.py:208} INFO - Processing /home/airflow/.local/lib/python3.12/site-packages/airflow/example_dags/example_dag_decorator.py took 0.186 seconds
[2025-11-16T22:36:49.461+0000] {processor.py:186} INFO - Started process (PID=1070) to work on /home/airflow/.local/lib/python3.12/site-packages/airflow/example_dags/example_dag_decorator.py
[2025-11-16T22:36:49.462+0000] {processor.py:914} INFO - Processing file /home/airflow/.local/lib/python3.12/site-packages/airflow/example_dags/example_dag_decorator.py for tasks to queue
[2025-11-16T22:36:49.464+0000] {logging_mixin.py:190} INFO - [2025-11-16T22:36:49.464+0000] {dagbag.py:588} INFO - Filling up the DagBag from /home/airflow/.local/lib/python3.12/site-packages/airflow/example_dags/example_dag_decorator.py
[2025-11-16T22:36:49.535+0000] {processor.py:925} INFO - DAG(s) 'example_dag_decorator' retrieved from /home/airflow/.local/lib/python3.12/site-packages/airflow/example_dags/example_dag_decorator.py
[2025-11-16T22:36:49.624+0000] {logging_mixin.py:190} INFO - [2025-11-16T22:36:49.623+0000] {dag.py:3239} INFO - Sync 1 DAGs
[2025-11-16T22:36:49.632+0000] {logging_mixin.py:190} INFO - [2025-11-16T22:36:49.632+0000] {dag.py:4180} INFO - Setting next_dagrun for example_dag_decorator to None, run_after=None
[2025-11-16T22:36:49.645+0000] {processor.py:208} INFO - Processing /home/airflow/.local/lib/python3.12/site-packages/airflow/example_dags/example_dag_decorator.py took 0.189 seconds
[2025-11-16T22:37:20.644+0000] {processor.py:186} INFO - Started process (PID=1135) to work on /home/airflow/.local/lib/python3.12/site-packages/airflow/example_dags/example_dag_decorator.py
[2025-11-16T22:37:20.645+0000] {processor.py:914} INFO - Processing file /home/airflow/.local/lib/python3.12/site-packages/airflow/example_dags/example_dag_decorator.py for tasks to queue
[2025-11-16T22:37:20.647+0000] {logging_mixin.py:190} INFO - [2025-11-16T22:37:20.647+0000] {dagbag.py:588} INFO - Filling up the DagBag from /home/airflow/.local/lib/python3.12/site-packages/airflow/example_dags/example_dag_decorator.py
[2025-11-16T22:37:20.721+0000] {processor.py:925} INFO - DAG(s) 'example_dag_decorator' retrieved from /home/airflow/.local/lib/python3.12/site-packages/airflow/example_dags/example_dag_decorator.py
[2025-11-16T22:37:20.791+0000] {logging_mixin.py:190} INFO - [2025-11-16T22:37:20.791+0000] {dag.py:3239} INFO - Sync 1 DAGs
[2025-11-16T22:37:20.799+0000] {logging_mixin.py:190} INFO - [2025-11-16T22:37:20.798+0000] {dag.py:4180} INFO - Setting next_dagrun for example_dag_decorator to None, run_after=None
[2025-11-16T22:37:20.813+0000] {processor.py:208} INFO - Processing /home/airflow/.local/lib/python3.12/site-packages/airflow/example_dags/example_dag_decorator.py took 0.173 seconds
[2025-11-16T22:37:51.486+0000] {processor.py:186} INFO - Started process (PID=1200) to work on /home/airflow/.local/lib/python3.12/site-packages/airflow/example_dags/example_dag_decorator.py
[2025-11-16T22:37:51.487+0000] {processor.py:914} INFO - Processing file /home/airflow/.local/lib/python3.12/site-packages/airflow/example_dags/example_dag_decorator.py for tasks to queue
[2025-11-16T22:37:51.489+0000] {logging_mixin.py:190} INFO - [2025-11-16T22:37:51.489+0000] {dagbag.py:588} INFO - Filling up the DagBag from /home/airflow/.local/lib/python3.12/site-packages/airflow/example_dags/example_dag_decorator.py
[2025-11-16T22:37:51.552+0000] {processor.py:925} INFO - DAG(s) 'example_dag_decorator' retrieved from /home/airflow/.local/lib/python3.12/site-packages/airflow/example_dags/example_dag_decorator.py
[2025-11-16T22:37:51.621+0000] {logging_mixin.py:190} INFO - [2025-11-16T22:37:51.621+0000] {dag.py:3239} INFO - Sync 1 DAGs
[2025-11-16T22:37:51.628+0000] {logging_mixin.py:190} INFO - [2025-11-16T22:37:51.628+0000] {dag.py:4180} INFO - Setting next_dagrun for example_dag_decorator to None, run_after=None
[2025-11-16T22:37:51.641+0000] {processor.py:208} INFO - Processing /home/airflow/.local/lib/python3.12/site-packages/airflow/example_dags/example_dag_decorator.py took 0.158 seconds
[2025-11-16T22:38:22.665+0000] {processor.py:186} INFO - Started process (PID=1265) to work on /home/airflow/.local/lib/python3.12/site-packages/airflow/example_dags/example_dag_decorator.py
[2025-11-16T22:38:22.666+0000] {processor.py:914} INFO - Processing file /home/airflow/.local/lib/python3.12/site-packages/airflow/example_dags/example_dag_decorator.py for tasks to queue
[2025-11-16T22:38:22.668+0000] {logging_mixin.py:190} INFO - [2025-11-16T22:38:22.667+0000] {dagbag.py:588} INFO - Filling up the DagBag from /home/airflow/.local/lib/python3.12/site-packages/airflow/example_dags/example_dag_decorator.py
[2025-11-16T22:38:22.754+0000] {processor.py:925} INFO - DAG(s) 'example_dag_decorator' retrieved from /home/airflow/.local/lib/python3.12/site-packages/airflow/example_dags/example_dag_decorator.py
[2025-11-16T22:38:22.831+0000] {logging_mixin.py:190} INFO - [2025-11-16T22:38:22.830+0000] {dag.py:3239} INFO - Sync 1 DAGs
[2025-11-16T22:38:22.839+0000] {logging_mixin.py:190} INFO - [2025-11-16T22:38:22.839+0000] {dag.py:4180} INFO - Setting next_dagrun for example_dag_decorator to None, run_after=None
[2025-11-16T22:38:22.853+0000] {processor.py:208} INFO - Processing /home/airflow/.local/lib/python3.12/site-packages/airflow/example_dags/example_dag_decorator.py took 0.193 seconds
[2025-11-16T22:38:54.723+0000] {processor.py:186} INFO - Started process (PID=1330) to work on /home/airflow/.local/lib/python3.12/site-packages/airflow/example_dags/example_dag_decorator.py
[2025-11-16T22:38:54.724+0000] {processor.py:914} INFO - Processing file /home/airflow/.local/lib/python3.12/site-packages/airflow/example_dags/example_dag_decorator.py for tasks to queue
[2025-11-16T22:38:54.726+0000] {logging_mixin.py:190} INFO - [2025-11-16T22:38:54.725+0000] {dagbag.py:588} INFO - Filling up the DagBag from /home/airflow/.local/lib/python3.12/site-packages/airflow/example_dags/example_dag_decorator.py
[2025-11-16T22:38:54.799+0000] {processor.py:925} INFO - DAG(s) 'example_dag_decorator' retrieved from /home/airflow/.local/lib/python3.12/site-packages/airflow/example_dags/example_dag_decorator.py
[2025-11-16T22:38:54.868+0000] {logging_mixin.py:190} INFO - [2025-11-16T22:38:54.868+0000] {dag.py:3239} INFO - Sync 1 DAGs
[2025-11-16T22:38:54.876+0000] {logging_mixin.py:190} INFO - [2025-11-16T22:38:54.876+0000] {dag.py:4180} INFO - Setting next_dagrun for example_dag_decorator to None, run_after=None
[2025-11-16T22:38:54.896+0000] {processor.py:208} INFO - Processing /home/airflow/.local/lib/python3.12/site-packages/airflow/example_dags/example_dag_decorator.py took 0.178 seconds
[2025-11-16T22:39:25.144+0000] {processor.py:186} INFO - Started process (PID=1395) to work on /home/airflow/.local/lib/python3.12/site-packages/airflow/example_dags/example_dag_decorator.py
[2025-11-16T22:39:25.145+0000] {processor.py:914} INFO - Processing file /home/airflow/.local/lib/python3.12/site-packages/airflow/example_dags/example_dag_decorator.py for tasks to queue
[2025-11-16T22:39:25.149+0000] {logging_mixin.py:190} INFO - [2025-11-16T22:39:25.148+0000] {dagbag.py:588} INFO - Filling up the DagBag from /home/airflow/.local/lib/python3.12/site-packages/airflow/example_dags/example_dag_decorator.py
[2025-11-16T22:39:25.228+0000] {processor.py:925} INFO - DAG(s) 'example_dag_decorator' retrieved from /home/airflow/.local/lib/python3.12/site-packages/airflow/example_dags/example_dag_decorator.py
[2025-11-16T22:39:25.312+0000] {logging_mixin.py:190} INFO - [2025-11-16T22:39:25.312+0000] {dag.py:3239} INFO - Sync 1 DAGs
[2025-11-16T22:39:25.321+0000] {logging_mixin.py:190} INFO - [2025-11-16T22:39:25.321+0000] {dag.py:4180} INFO - Setting next_dagrun for example_dag_decorator to None, run_after=None
[2025-11-16T22:39:25.346+0000] {processor.py:208} INFO - Processing /home/airflow/.local/lib/python3.12/site-packages/airflow/example_dags/example_dag_decorator.py took 0.208 seconds
[2025-11-16T22:39:56.142+0000] {processor.py:186} INFO - Started process (PID=1460) to work on /home/airflow/.local/lib/python3.12/site-packages/airflow/example_dags/example_dag_decorator.py
[2025-11-16T22:39:56.143+0000] {processor.py:914} INFO - Processing file /home/airflow/.local/lib/python3.12/site-packages/airflow/example_dags/example_dag_decorator.py for tasks to queue
[2025-11-16T22:39:56.145+0000] {logging_mixin.py:190} INFO - [2025-11-16T22:39:56.145+0000] {dagbag.py:588} INFO - Filling up the DagBag from /home/airflow/.local/lib/python3.12/site-packages/airflow/example_dags/example_dag_decorator.py
[2025-11-16T22:39:56.220+0000] {processor.py:925} INFO - DAG(s) 'example_dag_decorator' retrieved from /home/airflow/.local/lib/python3.12/site-packages/airflow/example_dags/example_dag_decorator.py
[2025-11-16T22:39:56.291+0000] {logging_mixin.py:190} INFO - [2025-11-16T22:39:56.291+0000] {dag.py:3239} INFO - Sync 1 DAGs
[2025-11-16T22:39:56.299+0000] {logging_mixin.py:190} INFO - [2025-11-16T22:39:56.299+0000] {dag.py:4180} INFO - Setting next_dagrun for example_dag_decorator to None, run_after=None
[2025-11-16T22:39:56.323+0000] {processor.py:208} INFO - Processing /home/airflow/.local/lib/python3.12/site-packages/airflow/example_dags/example_dag_decorator.py took 0.185 seconds
[2025-11-16T22:40:27.094+0000] {processor.py:186} INFO - Started process (PID=1525) to work on /home/airflow/.local/lib/python3.12/site-packages/airflow/example_dags/example_dag_decorator.py
[2025-11-16T22:40:27.095+0000] {processor.py:914} INFO - Processing file /home/airflow/.local/lib/python3.12/site-packages/airflow/example_dags/example_dag_decorator.py for tasks to queue
[2025-11-16T22:40:27.097+0000] {logging_mixin.py:190} INFO - [2025-11-16T22:40:27.097+0000] {dagbag.py:588} INFO - Filling up the DagBag from /home/airflow/.local/lib/python3.12/site-packages/airflow/example_dags/example_dag_decorator.py
[2025-11-16T22:40:27.170+0000] {processor.py:925} INFO - DAG(s) 'example_dag_decorator' retrieved from /home/airflow/.local/lib/python3.12/site-packages/airflow/example_dags/example_dag_decorator.py
[2025-11-16T22:40:27.254+0000] {logging_mixin.py:190} INFO - [2025-11-16T22:40:27.254+0000] {dag.py:3239} INFO - Sync 1 DAGs
[2025-11-16T22:40:27.263+0000] {logging_mixin.py:190} INFO - [2025-11-16T22:40:27.263+0000] {dag.py:4180} INFO - Setting next_dagrun for example_dag_decorator to None, run_after=None
[2025-11-16T22:40:27.277+0000] {processor.py:208} INFO - Processing /home/airflow/.local/lib/python3.12/site-packages/airflow/example_dags/example_dag_decorator.py took 0.188 seconds
[2025-11-16T22:40:58.295+0000] {processor.py:186} INFO - Started process (PID=1590) to work on /home/airflow/.local/lib/python3.12/site-packages/airflow/example_dags/example_dag_decorator.py
[2025-11-16T22:40:58.296+0000] {processor.py:914} INFO - Processing file /home/airflow/.local/lib/python3.12/site-packages/airflow/example_dags/example_dag_decorator.py for tasks to queue
[2025-11-16T22:40:58.298+0000] {logging_mixin.py:190} INFO - [2025-11-16T22:40:58.298+0000] {dagbag.py:588} INFO - Filling up the DagBag from /home/airflow/.local/lib/python3.12/site-packages/airflow/example_dags/example_dag_decorator.py
[2025-11-16T22:40:58.375+0000] {processor.py:925} INFO - DAG(s) 'example_dag_decorator' retrieved from /home/airflow/.local/lib/python3.12/site-packages/airflow/example_dags/example_dag_decorator.py
[2025-11-16T22:40:58.459+0000] {logging_mixin.py:190} INFO - [2025-11-16T22:40:58.459+0000] {dag.py:3239} INFO - Sync 1 DAGs
[2025-11-16T22:40:58.469+0000] {logging_mixin.py:190} INFO - [2025-11-16T22:40:58.469+0000] {dag.py:4180} INFO - Setting next_dagrun for example_dag_decorator to None, run_after=None
[2025-11-16T22:40:58.485+0000] {processor.py:208} INFO - Processing /home/airflow/.local/lib/python3.12/site-packages/airflow/example_dags/example_dag_decorator.py took 0.195 seconds
[2025-11-16T22:41:28.715+0000] {processor.py:186} INFO - Started process (PID=1655) to work on /home/airflow/.local/lib/python3.12/site-packages/airflow/example_dags/example_dag_decorator.py
[2025-11-16T22:41:28.716+0000] {processor.py:914} INFO - Processing file /home/airflow/.local/lib/python3.12/site-packages/airflow/example_dags/example_dag_decorator.py for tasks to queue
[2025-11-16T22:41:28.718+0000] {logging_mixin.py:190} INFO - [2025-11-16T22:41:28.717+0000] {dagbag.py:588} INFO - Filling up the DagBag from /home/airflow/.local/lib/python3.12/site-packages/airflow/example_dags/example_dag_decorator.py
[2025-11-16T22:41:28.786+0000] {processor.py:925} INFO - DAG(s) 'example_dag_decorator' retrieved from /home/airflow/.local/lib/python3.12/site-packages/airflow/example_dags/example_dag_decorator.py
[2025-11-16T22:41:28.873+0000] {logging_mixin.py:190} INFO - [2025-11-16T22:41:28.873+0000] {dag.py:3239} INFO - Sync 1 DAGs
[2025-11-16T22:41:28.883+0000] {logging_mixin.py:190} INFO - [2025-11-16T22:41:28.882+0000] {dag.py:4180} INFO - Setting next_dagrun for example_dag_decorator to None, run_after=None
[2025-11-16T22:41:28.898+0000] {processor.py:208} INFO - Processing /home/airflow/.local/lib/python3.12/site-packages/airflow/example_dags/example_dag_decorator.py took 0.188 seconds
[2025-11-16T22:41:59.418+0000] {processor.py:186} INFO - Started process (PID=1720) to work on /home/airflow/.local/lib/python3.12/site-packages/airflow/example_dags/example_dag_decorator.py
[2025-11-16T22:41:59.419+0000] {processor.py:914} INFO - Processing file /home/airflow/.local/lib/python3.12/site-packages/airflow/example_dags/example_dag_decorator.py for tasks to queue
[2025-11-16T22:41:59.422+0000] {logging_mixin.py:190} INFO - [2025-11-16T22:41:59.421+0000] {dagbag.py:588} INFO - Filling up the DagBag from /home/airflow/.local/lib/python3.12/site-packages/airflow/example_dags/example_dag_decorator.py
[2025-11-16T22:41:59.493+0000] {processor.py:925} INFO - DAG(s) 'example_dag_decorator' retrieved from /home/airflow/.local/lib/python3.12/site-packages/airflow/example_dags/example_dag_decorator.py
[2025-11-16T22:41:59.565+0000] {logging_mixin.py:190} INFO - [2025-11-16T22:41:59.565+0000] {dag.py:3239} INFO - Sync 1 DAGs
[2025-11-16T22:41:59.574+0000] {logging_mixin.py:190} INFO - [2025-11-16T22:41:59.573+0000] {dag.py:4180} INFO - Setting next_dagrun for example_dag_decorator to None, run_after=None
[2025-11-16T22:41:59.586+0000] {processor.py:208} INFO - Processing /home/airflow/.local/lib/python3.12/site-packages/airflow/example_dags/example_dag_decorator.py took 0.173 seconds
[2025-11-16T22:42:30.321+0000] {processor.py:186} INFO - Started process (PID=1796) to work on /home/airflow/.local/lib/python3.12/site-packages/airflow/example_dags/example_dag_decorator.py
[2025-11-16T22:42:30.322+0000] {processor.py:914} INFO - Processing file /home/airflow/.local/lib/python3.12/site-packages/airflow/example_dags/example_dag_decorator.py for tasks to queue
[2025-11-16T22:42:30.323+0000] {logging_mixin.py:190} INFO - [2025-11-16T22:42:30.323+0000] {dagbag.py:588} INFO - Filling up the DagBag from /home/airflow/.local/lib/python3.12/site-packages/airflow/example_dags/example_dag_decorator.py
[2025-11-16T22:42:30.397+0000] {processor.py:925} INFO - DAG(s) 'example_dag_decorator' retrieved from /home/airflow/.local/lib/python3.12/site-packages/airflow/example_dags/example_dag_decorator.py
[2025-11-16T22:42:30.475+0000] {logging_mixin.py:190} INFO - [2025-11-16T22:42:30.475+0000] {dag.py:3239} INFO - Sync 1 DAGs
[2025-11-16T22:42:30.484+0000] {logging_mixin.py:190} INFO - [2025-11-16T22:42:30.484+0000] {dag.py:4180} INFO - Setting next_dagrun for example_dag_decorator to None, run_after=None
[2025-11-16T22:42:30.499+0000] {processor.py:208} INFO - Processing /home/airflow/.local/lib/python3.12/site-packages/airflow/example_dags/example_dag_decorator.py took 0.182 seconds
[2025-11-16T22:43:00.804+0000] {processor.py:186} INFO - Started process (PID=1860) to work on /home/airflow/.local/lib/python3.12/site-packages/airflow/example_dags/example_dag_decorator.py
[2025-11-16T22:43:00.805+0000] {processor.py:914} INFO - Processing file /home/airflow/.local/lib/python3.12/site-packages/airflow/example_dags/example_dag_decorator.py for tasks to queue
[2025-11-16T22:43:00.807+0000] {logging_mixin.py:190} INFO - [2025-11-16T22:43:00.807+0000] {dagbag.py:588} INFO - Filling up the DagBag from /home/airflow/.local/lib/python3.12/site-packages/airflow/example_dags/example_dag_decorator.py
[2025-11-16T22:43:00.876+0000] {processor.py:925} INFO - DAG(s) 'example_dag_decorator' retrieved from /home/airflow/.local/lib/python3.12/site-packages/airflow/example_dags/example_dag_decorator.py
[2025-11-16T22:43:00.952+0000] {logging_mixin.py:190} INFO - [2025-11-16T22:43:00.952+0000] {dag.py:3239} INFO - Sync 1 DAGs
[2025-11-16T22:43:00.960+0000] {logging_mixin.py:190} INFO - [2025-11-16T22:43:00.960+0000] {dag.py:4180} INFO - Setting next_dagrun for example_dag_decorator to None, run_after=None
[2025-11-16T22:43:00.974+0000] {processor.py:208} INFO - Processing /home/airflow/.local/lib/python3.12/site-packages/airflow/example_dags/example_dag_decorator.py took 0.173 seconds
[2025-11-16T22:43:31.030+0000] {processor.py:186} INFO - Started process (PID=1926) to work on /home/airflow/.local/lib/python3.12/site-packages/airflow/example_dags/example_dag_decorator.py
[2025-11-16T22:43:31.031+0000] {processor.py:914} INFO - Processing file /home/airflow/.local/lib/python3.12/site-packages/airflow/example_dags/example_dag_decorator.py for tasks to queue
[2025-11-16T22:43:31.034+0000] {logging_mixin.py:190} INFO - [2025-11-16T22:43:31.033+0000] {dagbag.py:588} INFO - Filling up the DagBag from /home/airflow/.local/lib/python3.12/site-packages/airflow/example_dags/example_dag_decorator.py
[2025-11-16T22:43:31.109+0000] {processor.py:925} INFO - DAG(s) 'example_dag_decorator' retrieved from /home/airflow/.local/lib/python3.12/site-packages/airflow/example_dags/example_dag_decorator.py
[2025-11-16T22:43:31.194+0000] {logging_mixin.py:190} INFO - [2025-11-16T22:43:31.194+0000] {dag.py:3239} INFO - Sync 1 DAGs
[2025-11-16T22:43:31.203+0000] {logging_mixin.py:190} INFO - [2025-11-16T22:43:31.203+0000] {dag.py:4180} INFO - Setting next_dagrun for example_dag_decorator to None, run_after=None
[2025-11-16T22:43:31.218+0000] {processor.py:208} INFO - Processing /home/airflow/.local/lib/python3.12/site-packages/airflow/example_dags/example_dag_decorator.py took 0.193 seconds
[2025-11-16T22:44:02.054+0000] {processor.py:186} INFO - Started process (PID=1991) to work on /home/airflow/.local/lib/python3.12/site-packages/airflow/example_dags/example_dag_decorator.py
[2025-11-16T22:44:02.055+0000] {processor.py:914} INFO - Processing file /home/airflow/.local/lib/python3.12/site-packages/airflow/example_dags/example_dag_decorator.py for tasks to queue
[2025-11-16T22:44:02.057+0000] {logging_mixin.py:190} INFO - [2025-11-16T22:44:02.057+0000] {dagbag.py:588} INFO - Filling up the DagBag from /home/airflow/.local/lib/python3.12/site-packages/airflow/example_dags/example_dag_decorator.py
[2025-11-16T22:44:02.123+0000] {processor.py:925} INFO - DAG(s) 'example_dag_decorator' retrieved from /home/airflow/.local/lib/python3.12/site-packages/airflow/example_dags/example_dag_decorator.py
[2025-11-16T22:44:02.198+0000] {logging_mixin.py:190} INFO - [2025-11-16T22:44:02.197+0000] {dag.py:3239} INFO - Sync 1 DAGs
[2025-11-16T22:44:02.207+0000] {logging_mixin.py:190} INFO - [2025-11-16T22:44:02.207+0000] {dag.py:4180} INFO - Setting next_dagrun for example_dag_decorator to None, run_after=None
[2025-11-16T22:44:02.221+0000] {processor.py:208} INFO - Processing /home/airflow/.local/lib/python3.12/site-packages/airflow/example_dags/example_dag_decorator.py took 0.171 seconds
[2025-11-16T22:44:32.438+0000] {processor.py:186} INFO - Started process (PID=2056) to work on /home/airflow/.local/lib/python3.12/site-packages/airflow/example_dags/example_dag_decorator.py
[2025-11-16T22:44:32.439+0000] {processor.py:914} INFO - Processing file /home/airflow/.local/lib/python3.12/site-packages/airflow/example_dags/example_dag_decorator.py for tasks to queue
[2025-11-16T22:44:32.442+0000] {logging_mixin.py:190} INFO - [2025-11-16T22:44:32.442+0000] {dagbag.py:588} INFO - Filling up the DagBag from /home/airflow/.local/lib/python3.12/site-packages/airflow/example_dags/example_dag_decorator.py
[2025-11-16T22:44:32.511+0000] {processor.py:925} INFO - DAG(s) 'example_dag_decorator' retrieved from /home/airflow/.local/lib/python3.12/site-packages/airflow/example_dags/example_dag_decorator.py
[2025-11-16T22:44:32.580+0000] {logging_mixin.py:190} INFO - [2025-11-16T22:44:32.580+0000] {dag.py:3239} INFO - Sync 1 DAGs
[2025-11-16T22:44:32.588+0000] {logging_mixin.py:190} INFO - [2025-11-16T22:44:32.587+0000] {dag.py:4180} INFO - Setting next_dagrun for example_dag_decorator to None, run_after=None
[2025-11-16T22:44:32.601+0000] {processor.py:208} INFO - Processing /home/airflow/.local/lib/python3.12/site-packages/airflow/example_dags/example_dag_decorator.py took 0.168 seconds
[2025-11-16T22:45:03.757+0000] {processor.py:186} INFO - Started process (PID=2121) to work on /home/airflow/.local/lib/python3.12/site-packages/airflow/example_dags/example_dag_decorator.py
[2025-11-16T22:45:03.758+0000] {processor.py:914} INFO - Processing file /home/airflow/.local/lib/python3.12/site-packages/airflow/example_dags/example_dag_decorator.py for tasks to queue
[2025-11-16T22:45:03.760+0000] {logging_mixin.py:190} INFO - [2025-11-16T22:45:03.759+0000] {dagbag.py:588} INFO - Filling up the DagBag from /home/airflow/.local/lib/python3.12/site-packages/airflow/example_dags/example_dag_decorator.py
[2025-11-16T22:45:03.834+0000] {processor.py:925} INFO - DAG(s) 'example_dag_decorator' retrieved from /home/airflow/.local/lib/python3.12/site-packages/airflow/example_dags/example_dag_decorator.py
[2025-11-16T22:45:03.913+0000] {logging_mixin.py:190} INFO - [2025-11-16T22:45:03.913+0000] {dag.py:3239} INFO - Sync 1 DAGs
[2025-11-16T22:45:03.923+0000] {logging_mixin.py:190} INFO - [2025-11-16T22:45:03.923+0000] {dag.py:4180} INFO - Setting next_dagrun for example_dag_decorator to None, run_after=None
[2025-11-16T22:45:03.937+0000] {processor.py:208} INFO - Processing /home/airflow/.local/lib/python3.12/site-packages/airflow/example_dags/example_dag_decorator.py took 0.185 seconds
[2025-11-16T22:45:35.097+0000] {processor.py:186} INFO - Started process (PID=2186) to work on /home/airflow/.local/lib/python3.12/site-packages/airflow/example_dags/example_dag_decorator.py
[2025-11-16T22:45:35.098+0000] {processor.py:914} INFO - Processing file /home/airflow/.local/lib/python3.12/site-packages/airflow/example_dags/example_dag_decorator.py for tasks to queue
[2025-11-16T22:45:35.100+0000] {logging_mixin.py:190} INFO - [2025-11-16T22:45:35.100+0000] {dagbag.py:588} INFO - Filling up the DagBag from /home/airflow/.local/lib/python3.12/site-packages/airflow/example_dags/example_dag_decorator.py
[2025-11-16T22:45:35.170+0000] {processor.py:925} INFO - DAG(s) 'example_dag_decorator' retrieved from /home/airflow/.local/lib/python3.12/site-packages/airflow/example_dags/example_dag_decorator.py
[2025-11-16T22:45:35.248+0000] {logging_mixin.py:190} INFO - [2025-11-16T22:45:35.247+0000] {dag.py:3239} INFO - Sync 1 DAGs
[2025-11-16T22:45:35.257+0000] {logging_mixin.py:190} INFO - [2025-11-16T22:45:35.257+0000] {dag.py:4180} INFO - Setting next_dagrun for example_dag_decorator to None, run_after=None
[2025-11-16T22:45:35.273+0000] {processor.py:208} INFO - Processing /home/airflow/.local/lib/python3.12/site-packages/airflow/example_dags/example_dag_decorator.py took 0.180 seconds
[2025-11-16T22:46:06.661+0000] {processor.py:186} INFO - Started process (PID=2250) to work on /home/airflow/.local/lib/python3.12/site-packages/airflow/example_dags/example_dag_decorator.py
[2025-11-16T22:46:06.662+0000] {processor.py:914} INFO - Processing file /home/airflow/.local/lib/python3.12/site-packages/airflow/example_dags/example_dag_decorator.py for tasks to queue
[2025-11-16T22:46:06.664+0000] {logging_mixin.py:190} INFO - [2025-11-16T22:46:06.664+0000] {dagbag.py:588} INFO - Filling up the DagBag from /home/airflow/.local/lib/python3.12/site-packages/airflow/example_dags/example_dag_decorator.py
[2025-11-16T22:46:06.734+0000] {processor.py:925} INFO - DAG(s) 'example_dag_decorator' retrieved from /home/airflow/.local/lib/python3.12/site-packages/airflow/example_dags/example_dag_decorator.py
[2025-11-16T22:46:06.754+0000] {logging_mixin.py:190} INFO - [2025-11-16T22:46:06.754+0000] {dag.py:3239} INFO - Sync 1 DAGs
[2025-11-16T22:46:06.765+0000] {logging_mixin.py:190} INFO - [2025-11-16T22:46:06.765+0000] {dag.py:4180} INFO - Setting next_dagrun for example_dag_decorator to None, run_after=None
[2025-11-16T22:46:06.779+0000] {processor.py:208} INFO - Processing /home/airflow/.local/lib/python3.12/site-packages/airflow/example_dags/example_dag_decorator.py took 0.122 seconds
[2025-11-16T22:46:37.801+0000] {processor.py:186} INFO - Started process (PID=2315) to work on /home/airflow/.local/lib/python3.12/site-packages/airflow/example_dags/example_dag_decorator.py
[2025-11-16T22:46:37.802+0000] {processor.py:914} INFO - Processing file /home/airflow/.local/lib/python3.12/site-packages/airflow/example_dags/example_dag_decorator.py for tasks to queue
[2025-11-16T22:46:37.804+0000] {logging_mixin.py:190} INFO - [2025-11-16T22:46:37.804+0000] {dagbag.py:588} INFO - Filling up the DagBag from /home/airflow/.local/lib/python3.12/site-packages/airflow/example_dags/example_dag_decorator.py
[2025-11-16T22:46:37.871+0000] {processor.py:925} INFO - DAG(s) 'example_dag_decorator' retrieved from /home/airflow/.local/lib/python3.12/site-packages/airflow/example_dags/example_dag_decorator.py
[2025-11-16T22:46:37.979+0000] {logging_mixin.py:190} INFO - [2025-11-16T22:46:37.978+0000] {dag.py:3239} INFO - Sync 1 DAGs
[2025-11-16T22:46:37.989+0000] {logging_mixin.py:190} INFO - [2025-11-16T22:46:37.988+0000] {dag.py:4180} INFO - Setting next_dagrun for example_dag_decorator to None, run_after=None
[2025-11-16T22:46:38.002+0000] {processor.py:208} INFO - Processing /home/airflow/.local/lib/python3.12/site-packages/airflow/example_dags/example_dag_decorator.py took 0.205 seconds
[2025-11-16T22:47:08.922+0000] {processor.py:186} INFO - Started process (PID=2380) to work on /home/airflow/.local/lib/python3.12/site-packages/airflow/example_dags/example_dag_decorator.py
[2025-11-16T22:47:08.924+0000] {processor.py:914} INFO - Processing file /home/airflow/.local/lib/python3.12/site-packages/airflow/example_dags/example_dag_decorator.py for tasks to queue
[2025-11-16T22:47:08.928+0000] {logging_mixin.py:190} INFO - [2025-11-16T22:47:08.928+0000] {dagbag.py:588} INFO - Filling up the DagBag from /home/airflow/.local/lib/python3.12/site-packages/airflow/example_dags/example_dag_decorator.py
[2025-11-16T22:47:09.061+0000] {processor.py:925} INFO - DAG(s) 'example_dag_decorator' retrieved from /home/airflow/.local/lib/python3.12/site-packages/airflow/example_dags/example_dag_decorator.py
[2025-11-16T22:47:09.170+0000] {logging_mixin.py:190} INFO - [2025-11-16T22:47:09.170+0000] {dag.py:3239} INFO - Sync 1 DAGs
[2025-11-16T22:47:09.180+0000] {logging_mixin.py:190} INFO - [2025-11-16T22:47:09.180+0000] {dag.py:4180} INFO - Setting next_dagrun for example_dag_decorator to None, run_after=None
[2025-11-16T22:47:09.193+0000] {processor.py:208} INFO - Processing /home/airflow/.local/lib/python3.12/site-packages/airflow/example_dags/example_dag_decorator.py took 0.278 seconds
[2025-11-16T22:47:40.017+0000] {processor.py:186} INFO - Started process (PID=2451) to work on /home/airflow/.local/lib/python3.12/site-packages/airflow/example_dags/example_dag_decorator.py
[2025-11-16T22:47:40.018+0000] {processor.py:914} INFO - Processing file /home/airflow/.local/lib/python3.12/site-packages/airflow/example_dags/example_dag_decorator.py for tasks to queue
[2025-11-16T22:47:40.020+0000] {logging_mixin.py:190} INFO - [2025-11-16T22:47:40.020+0000] {dagbag.py:588} INFO - Filling up the DagBag from /home/airflow/.local/lib/python3.12/site-packages/airflow/example_dags/example_dag_decorator.py
[2025-11-16T22:47:40.092+0000] {processor.py:925} INFO - DAG(s) 'example_dag_decorator' retrieved from /home/airflow/.local/lib/python3.12/site-packages/airflow/example_dags/example_dag_decorator.py
[2025-11-16T22:47:40.165+0000] {logging_mixin.py:190} INFO - [2025-11-16T22:47:40.165+0000] {dag.py:3239} INFO - Sync 1 DAGs
[2025-11-16T22:47:40.173+0000] {logging_mixin.py:190} INFO - [2025-11-16T22:47:40.173+0000] {dag.py:4180} INFO - Setting next_dagrun for example_dag_decorator to None, run_after=None
[2025-11-16T22:47:40.186+0000] {processor.py:208} INFO - Processing /home/airflow/.local/lib/python3.12/site-packages/airflow/example_dags/example_dag_decorator.py took 0.173 seconds
[2025-11-16T22:48:11.105+0000] {processor.py:186} INFO - Started process (PID=2516) to work on /home/airflow/.local/lib/python3.12/site-packages/airflow/example_dags/example_dag_decorator.py
[2025-11-16T22:48:11.107+0000] {processor.py:914} INFO - Processing file /home/airflow/.local/lib/python3.12/site-packages/airflow/example_dags/example_dag_decorator.py for tasks to queue
[2025-11-16T22:48:11.109+0000] {logging_mixin.py:190} INFO - [2025-11-16T22:48:11.109+0000] {dagbag.py:588} INFO - Filling up the DagBag from /home/airflow/.local/lib/python3.12/site-packages/airflow/example_dags/example_dag_decorator.py
[2025-11-16T22:48:11.187+0000] {processor.py:925} INFO - DAG(s) 'example_dag_decorator' retrieved from /home/airflow/.local/lib/python3.12/site-packages/airflow/example_dags/example_dag_decorator.py
[2025-11-16T22:48:11.264+0000] {logging_mixin.py:190} INFO - [2025-11-16T22:48:11.264+0000] {dag.py:3239} INFO - Sync 1 DAGs
[2025-11-16T22:48:11.272+0000] {logging_mixin.py:190} INFO - [2025-11-16T22:48:11.272+0000] {dag.py:4180} INFO - Setting next_dagrun for example_dag_decorator to None, run_after=None
[2025-11-16T22:48:11.287+0000] {processor.py:208} INFO - Processing /home/airflow/.local/lib/python3.12/site-packages/airflow/example_dags/example_dag_decorator.py took 0.187 seconds
[2025-11-16T22:48:42.058+0000] {processor.py:186} INFO - Started process (PID=2581) to work on /home/airflow/.local/lib/python3.12/site-packages/airflow/example_dags/example_dag_decorator.py
[2025-11-16T22:48:42.059+0000] {processor.py:914} INFO - Processing file /home/airflow/.local/lib/python3.12/site-packages/airflow/example_dags/example_dag_decorator.py for tasks to queue
[2025-11-16T22:48:42.061+0000] {logging_mixin.py:190} INFO - [2025-11-16T22:48:42.061+0000] {dagbag.py:588} INFO - Filling up the DagBag from /home/airflow/.local/lib/python3.12/site-packages/airflow/example_dags/example_dag_decorator.py
[2025-11-16T22:48:42.131+0000] {processor.py:925} INFO - DAG(s) 'example_dag_decorator' retrieved from /home/airflow/.local/lib/python3.12/site-packages/airflow/example_dags/example_dag_decorator.py
[2025-11-16T22:48:42.218+0000] {logging_mixin.py:190} INFO - [2025-11-16T22:48:42.217+0000] {dag.py:3239} INFO - Sync 1 DAGs
[2025-11-16T22:48:42.358+0000] {logging_mixin.py:190} INFO - [2025-11-16T22:48:42.358+0000] {dag.py:4180} INFO - Setting next_dagrun for example_dag_decorator to None, run_after=None
[2025-11-16T22:48:42.369+0000] {processor.py:208} INFO - Processing /home/airflow/.local/lib/python3.12/site-packages/airflow/example_dags/example_dag_decorator.py took 0.316 seconds
[2025-11-16T22:49:13.667+0000] {processor.py:186} INFO - Started process (PID=2646) to work on /home/airflow/.local/lib/python3.12/site-packages/airflow/example_dags/example_dag_decorator.py
[2025-11-16T22:49:13.667+0000] {processor.py:914} INFO - Processing file /home/airflow/.local/lib/python3.12/site-packages/airflow/example_dags/example_dag_decorator.py for tasks to queue
[2025-11-16T22:49:13.670+0000] {logging_mixin.py:190} INFO - [2025-11-16T22:49:13.669+0000] {dagbag.py:588} INFO - Filling up the DagBag from /home/airflow/.local/lib/python3.12/site-packages/airflow/example_dags/example_dag_decorator.py
[2025-11-16T22:49:13.755+0000] {processor.py:925} INFO - DAG(s) 'example_dag_decorator' retrieved from /home/airflow/.local/lib/python3.12/site-packages/airflow/example_dags/example_dag_decorator.py
[2025-11-16T22:49:13.865+0000] {logging_mixin.py:190} INFO - [2025-11-16T22:49:13.865+0000] {dag.py:3239} INFO - Sync 1 DAGs
[2025-11-16T22:49:14.007+0000] {logging_mixin.py:190} INFO - [2025-11-16T22:49:14.007+0000] {dag.py:4180} INFO - Setting next_dagrun for example_dag_decorator to None, run_after=None
[2025-11-16T22:49:14.019+0000] {processor.py:208} INFO - Processing /home/airflow/.local/lib/python3.12/site-packages/airflow/example_dags/example_dag_decorator.py took 0.358 seconds
[2025-11-16T22:49:45.246+0000] {processor.py:186} INFO - Started process (PID=2711) to work on /home/airflow/.local/lib/python3.12/site-packages/airflow/example_dags/example_dag_decorator.py
[2025-11-16T22:49:45.247+0000] {processor.py:914} INFO - Processing file /home/airflow/.local/lib/python3.12/site-packages/airflow/example_dags/example_dag_decorator.py for tasks to queue
[2025-11-16T22:49:45.249+0000] {logging_mixin.py:190} INFO - [2025-11-16T22:49:45.249+0000] {dagbag.py:588} INFO - Filling up the DagBag from /home/airflow/.local/lib/python3.12/site-packages/airflow/example_dags/example_dag_decorator.py
[2025-11-16T22:49:45.316+0000] {processor.py:925} INFO - DAG(s) 'example_dag_decorator' retrieved from /home/airflow/.local/lib/python3.12/site-packages/airflow/example_dags/example_dag_decorator.py
[2025-11-16T22:49:45.391+0000] {logging_mixin.py:190} INFO - [2025-11-16T22:49:45.390+0000] {dag.py:3239} INFO - Sync 1 DAGs
[2025-11-16T22:49:45.398+0000] {logging_mixin.py:190} INFO - [2025-11-16T22:49:45.398+0000] {dag.py:4180} INFO - Setting next_dagrun for example_dag_decorator to None, run_after=None
[2025-11-16T22:49:45.417+0000] {processor.py:208} INFO - Processing /home/airflow/.local/lib/python3.12/site-packages/airflow/example_dags/example_dag_decorator.py took 0.175 seconds
[2025-11-16T22:50:15.605+0000] {processor.py:186} INFO - Started process (PID=2776) to work on /home/airflow/.local/lib/python3.12/site-packages/airflow/example_dags/example_dag_decorator.py
[2025-11-16T22:50:15.606+0000] {processor.py:914} INFO - Processing file /home/airflow/.local/lib/python3.12/site-packages/airflow/example_dags/example_dag_decorator.py for tasks to queue
[2025-11-16T22:50:15.608+0000] {logging_mixin.py:190} INFO - [2025-11-16T22:50:15.608+0000] {dagbag.py:588} INFO - Filling up the DagBag from /home/airflow/.local/lib/python3.12/site-packages/airflow/example_dags/example_dag_decorator.py
[2025-11-16T22:50:15.686+0000] {processor.py:925} INFO - DAG(s) 'example_dag_decorator' retrieved from /home/airflow/.local/lib/python3.12/site-packages/airflow/example_dags/example_dag_decorator.py
[2025-11-16T22:50:15.808+0000] {logging_mixin.py:190} INFO - [2025-11-16T22:50:15.808+0000] {dag.py:3239} INFO - Sync 1 DAGs
[2025-11-16T22:50:15.821+0000] {logging_mixin.py:190} INFO - [2025-11-16T22:50:15.821+0000] {dag.py:4180} INFO - Setting next_dagrun for example_dag_decorator to None, run_after=None
[2025-11-16T22:50:15.835+0000] {processor.py:208} INFO - Processing /home/airflow/.local/lib/python3.12/site-packages/airflow/example_dags/example_dag_decorator.py took 0.235 seconds
[2025-11-16T22:50:47.014+0000] {processor.py:186} INFO - Started process (PID=2841) to work on /home/airflow/.local/lib/python3.12/site-packages/airflow/example_dags/example_dag_decorator.py
[2025-11-16T22:50:47.015+0000] {processor.py:914} INFO - Processing file /home/airflow/.local/lib/python3.12/site-packages/airflow/example_dags/example_dag_decorator.py for tasks to queue
[2025-11-16T22:50:47.017+0000] {logging_mixin.py:190} INFO - [2025-11-16T22:50:47.017+0000] {dagbag.py:588} INFO - Filling up the DagBag from /home/airflow/.local/lib/python3.12/site-packages/airflow/example_dags/example_dag_decorator.py
[2025-11-16T22:50:47.140+0000] {processor.py:925} INFO - DAG(s) 'example_dag_decorator' retrieved from /home/airflow/.local/lib/python3.12/site-packages/airflow/example_dags/example_dag_decorator.py
[2025-11-16T22:50:47.385+0000] {logging_mixin.py:190} INFO - [2025-11-16T22:50:47.384+0000] {dag.py:3239} INFO - Sync 1 DAGs
[2025-11-16T22:50:47.391+0000] {logging_mixin.py:190} INFO - [2025-11-16T22:50:47.391+0000] {dag.py:4180} INFO - Setting next_dagrun for example_dag_decorator to None, run_after=None
[2025-11-16T22:50:47.414+0000] {processor.py:208} INFO - Processing /home/airflow/.local/lib/python3.12/site-packages/airflow/example_dags/example_dag_decorator.py took 0.405 seconds
[2025-11-16T22:51:18.254+0000] {processor.py:186} INFO - Started process (PID=2906) to work on /home/airflow/.local/lib/python3.12/site-packages/airflow/example_dags/example_dag_decorator.py
[2025-11-16T22:51:18.255+0000] {processor.py:914} INFO - Processing file /home/airflow/.local/lib/python3.12/site-packages/airflow/example_dags/example_dag_decorator.py for tasks to queue
[2025-11-16T22:51:18.258+0000] {logging_mixin.py:190} INFO - [2025-11-16T22:51:18.257+0000] {dagbag.py:588} INFO - Filling up the DagBag from /home/airflow/.local/lib/python3.12/site-packages/airflow/example_dags/example_dag_decorator.py
[2025-11-16T22:51:18.333+0000] {processor.py:925} INFO - DAG(s) 'example_dag_decorator' retrieved from /home/airflow/.local/lib/python3.12/site-packages/airflow/example_dags/example_dag_decorator.py
[2025-11-16T22:51:18.407+0000] {logging_mixin.py:190} INFO - [2025-11-16T22:51:18.407+0000] {dag.py:3239} INFO - Sync 1 DAGs
[2025-11-16T22:51:18.546+0000] {logging_mixin.py:190} INFO - [2025-11-16T22:51:18.545+0000] {dag.py:4180} INFO - Setting next_dagrun for example_dag_decorator to None, run_after=None
[2025-11-16T22:51:18.559+0000] {processor.py:208} INFO - Processing /home/airflow/.local/lib/python3.12/site-packages/airflow/example_dags/example_dag_decorator.py took 0.309 seconds
[2025-11-16T22:51:49.309+0000] {processor.py:186} INFO - Started process (PID=2973) to work on /home/airflow/.local/lib/python3.12/site-packages/airflow/example_dags/example_dag_decorator.py
[2025-11-16T22:51:49.310+0000] {processor.py:914} INFO - Processing file /home/airflow/.local/lib/python3.12/site-packages/airflow/example_dags/example_dag_decorator.py for tasks to queue
[2025-11-16T22:51:49.313+0000] {logging_mixin.py:190} INFO - [2025-11-16T22:51:49.313+0000] {dagbag.py:588} INFO - Filling up the DagBag from /home/airflow/.local/lib/python3.12/site-packages/airflow/example_dags/example_dag_decorator.py
[2025-11-16T22:51:49.384+0000] {processor.py:925} INFO - DAG(s) 'example_dag_decorator' retrieved from /home/airflow/.local/lib/python3.12/site-packages/airflow/example_dags/example_dag_decorator.py
[2025-11-16T22:51:49.463+0000] {logging_mixin.py:190} INFO - [2025-11-16T22:51:49.463+0000] {dag.py:3239} INFO - Sync 1 DAGs
[2025-11-16T22:51:49.472+0000] {logging_mixin.py:190} INFO - [2025-11-16T22:51:49.472+0000] {dag.py:4180} INFO - Setting next_dagrun for example_dag_decorator to None, run_after=None
[2025-11-16T22:51:49.626+0000] {processor.py:208} INFO - Processing /home/airflow/.local/lib/python3.12/site-packages/airflow/example_dags/example_dag_decorator.py took 0.321 seconds
[2025-11-16T22:52:19.734+0000] {processor.py:186} INFO - Started process (PID=3041) to work on /home/airflow/.local/lib/python3.12/site-packages/airflow/example_dags/example_dag_decorator.py
[2025-11-16T22:52:19.736+0000] {processor.py:914} INFO - Processing file /home/airflow/.local/lib/python3.12/site-packages/airflow/example_dags/example_dag_decorator.py for tasks to queue
[2025-11-16T22:52:19.738+0000] {logging_mixin.py:190} INFO - [2025-11-16T22:52:19.738+0000] {dagbag.py:588} INFO - Filling up the DagBag from /home/airflow/.local/lib/python3.12/site-packages/airflow/example_dags/example_dag_decorator.py
[2025-11-16T22:52:19.819+0000] {processor.py:925} INFO - DAG(s) 'example_dag_decorator' retrieved from /home/airflow/.local/lib/python3.12/site-packages/airflow/example_dags/example_dag_decorator.py
[2025-11-16T22:52:20.038+0000] {logging_mixin.py:190} INFO - [2025-11-16T22:52:20.038+0000] {dag.py:3239} INFO - Sync 1 DAGs
[2025-11-16T22:52:20.045+0000] {logging_mixin.py:190} INFO - [2025-11-16T22:52:20.045+0000] {dag.py:4180} INFO - Setting next_dagrun for example_dag_decorator to None, run_after=None
[2025-11-16T22:52:20.058+0000] {processor.py:208} INFO - Processing /home/airflow/.local/lib/python3.12/site-packages/airflow/example_dags/example_dag_decorator.py took 0.329 seconds
[2025-11-16T22:52:51.027+0000] {processor.py:186} INFO - Started process (PID=3103) to work on /home/airflow/.local/lib/python3.12/site-packages/airflow/example_dags/example_dag_decorator.py
[2025-11-16T22:52:51.028+0000] {processor.py:914} INFO - Processing file /home/airflow/.local/lib/python3.12/site-packages/airflow/example_dags/example_dag_decorator.py for tasks to queue
[2025-11-16T22:52:51.031+0000] {logging_mixin.py:190} INFO - [2025-11-16T22:52:51.031+0000] {dagbag.py:588} INFO - Filling up the DagBag from /home/airflow/.local/lib/python3.12/site-packages/airflow/example_dags/example_dag_decorator.py
[2025-11-16T22:52:51.111+0000] {processor.py:925} INFO - DAG(s) 'example_dag_decorator' retrieved from /home/airflow/.local/lib/python3.12/site-packages/airflow/example_dags/example_dag_decorator.py
[2025-11-16T22:52:51.326+0000] {logging_mixin.py:190} INFO - [2025-11-16T22:52:51.326+0000] {dag.py:3239} INFO - Sync 1 DAGs
[2025-11-16T22:52:51.333+0000] {logging_mixin.py:190} INFO - [2025-11-16T22:52:51.332+0000] {dag.py:4180} INFO - Setting next_dagrun for example_dag_decorator to None, run_after=None
[2025-11-16T22:52:51.379+0000] {processor.py:208} INFO - Processing /home/airflow/.local/lib/python3.12/site-packages/airflow/example_dags/example_dag_decorator.py took 0.358 seconds
[2025-11-16T22:53:22.081+0000] {processor.py:186} INFO - Started process (PID=3168) to work on /home/airflow/.local/lib/python3.12/site-packages/airflow/example_dags/example_dag_decorator.py
[2025-11-16T22:53:22.083+0000] {processor.py:914} INFO - Processing file /home/airflow/.local/lib/python3.12/site-packages/airflow/example_dags/example_dag_decorator.py for tasks to queue
[2025-11-16T22:53:22.085+0000] {logging_mixin.py:190} INFO - [2025-11-16T22:53:22.085+0000] {dagbag.py:588} INFO - Filling up the DagBag from /home/airflow/.local/lib/python3.12/site-packages/airflow/example_dags/example_dag_decorator.py
[2025-11-16T22:53:22.155+0000] {processor.py:925} INFO - DAG(s) 'example_dag_decorator' retrieved from /home/airflow/.local/lib/python3.12/site-packages/airflow/example_dags/example_dag_decorator.py
[2025-11-16T22:53:22.368+0000] {logging_mixin.py:190} INFO - [2025-11-16T22:53:22.368+0000] {dag.py:3239} INFO - Sync 1 DAGs
[2025-11-16T22:53:22.375+0000] {logging_mixin.py:190} INFO - [2025-11-16T22:53:22.375+0000] {dag.py:4180} INFO - Setting next_dagrun for example_dag_decorator to None, run_after=None
[2025-11-16T22:53:22.418+0000] {processor.py:208} INFO - Processing /home/airflow/.local/lib/python3.12/site-packages/airflow/example_dags/example_dag_decorator.py took 0.342 seconds
[2025-11-16T22:53:53.180+0000] {processor.py:186} INFO - Started process (PID=3233) to work on /home/airflow/.local/lib/python3.12/site-packages/airflow/example_dags/example_dag_decorator.py
[2025-11-16T22:53:53.182+0000] {processor.py:914} INFO - Processing file /home/airflow/.local/lib/python3.12/site-packages/airflow/example_dags/example_dag_decorator.py for tasks to queue
[2025-11-16T22:53:53.184+0000] {logging_mixin.py:190} INFO - [2025-11-16T22:53:53.184+0000] {dagbag.py:588} INFO - Filling up the DagBag from /home/airflow/.local/lib/python3.12/site-packages/airflow/example_dags/example_dag_decorator.py
[2025-11-16T22:53:53.258+0000] {processor.py:925} INFO - DAG(s) 'example_dag_decorator' retrieved from /home/airflow/.local/lib/python3.12/site-packages/airflow/example_dags/example_dag_decorator.py
[2025-11-16T22:53:53.469+0000] {logging_mixin.py:190} INFO - [2025-11-16T22:53:53.468+0000] {dag.py:3239} INFO - Sync 1 DAGs
[2025-11-16T22:53:53.478+0000] {logging_mixin.py:190} INFO - [2025-11-16T22:53:53.478+0000] {dag.py:4180} INFO - Setting next_dagrun for example_dag_decorator to None, run_after=None
[2025-11-16T22:53:53.492+0000] {processor.py:208} INFO - Processing /home/airflow/.local/lib/python3.12/site-packages/airflow/example_dags/example_dag_decorator.py took 0.317 seconds
[2025-11-16T22:54:23.584+0000] {processor.py:186} INFO - Started process (PID=3297) to work on /home/airflow/.local/lib/python3.12/site-packages/airflow/example_dags/example_dag_decorator.py
[2025-11-16T22:54:23.586+0000] {processor.py:914} INFO - Processing file /home/airflow/.local/lib/python3.12/site-packages/airflow/example_dags/example_dag_decorator.py for tasks to queue
[2025-11-16T22:54:23.588+0000] {logging_mixin.py:190} INFO - [2025-11-16T22:54:23.588+0000] {dagbag.py:588} INFO - Filling up the DagBag from /home/airflow/.local/lib/python3.12/site-packages/airflow/example_dags/example_dag_decorator.py
[2025-11-16T22:54:23.661+0000] {processor.py:925} INFO - DAG(s) 'example_dag_decorator' retrieved from /home/airflow/.local/lib/python3.12/site-packages/airflow/example_dags/example_dag_decorator.py
[2025-11-16T22:54:23.862+0000] {logging_mixin.py:190} INFO - [2025-11-16T22:54:23.862+0000] {dag.py:3239} INFO - Sync 1 DAGs
[2025-11-16T22:54:23.869+0000] {logging_mixin.py:190} INFO - [2025-11-16T22:54:23.869+0000] {dag.py:4180} INFO - Setting next_dagrun for example_dag_decorator to None, run_after=None
[2025-11-16T22:54:23.884+0000] {processor.py:208} INFO - Processing /home/airflow/.local/lib/python3.12/site-packages/airflow/example_dags/example_dag_decorator.py took 0.304 seconds
[2025-11-16T22:54:54.086+0000] {processor.py:186} INFO - Started process (PID=3362) to work on /home/airflow/.local/lib/python3.12/site-packages/airflow/example_dags/example_dag_decorator.py
[2025-11-16T22:54:54.088+0000] {processor.py:914} INFO - Processing file /home/airflow/.local/lib/python3.12/site-packages/airflow/example_dags/example_dag_decorator.py for tasks to queue
[2025-11-16T22:54:54.091+0000] {logging_mixin.py:190} INFO - [2025-11-16T22:54:54.090+0000] {dagbag.py:588} INFO - Filling up the DagBag from /home/airflow/.local/lib/python3.12/site-packages/airflow/example_dags/example_dag_decorator.py
[2025-11-16T22:54:54.167+0000] {processor.py:925} INFO - DAG(s) 'example_dag_decorator' retrieved from /home/airflow/.local/lib/python3.12/site-packages/airflow/example_dags/example_dag_decorator.py
[2025-11-16T22:54:54.362+0000] {logging_mixin.py:190} INFO - [2025-11-16T22:54:54.362+0000] {dag.py:3239} INFO - Sync 1 DAGs
[2025-11-16T22:54:54.368+0000] {logging_mixin.py:190} INFO - [2025-11-16T22:54:54.368+0000] {dag.py:4180} INFO - Setting next_dagrun for example_dag_decorator to None, run_after=None
[2025-11-16T22:54:54.381+0000] {processor.py:208} INFO - Processing /home/airflow/.local/lib/python3.12/site-packages/airflow/example_dags/example_dag_decorator.py took 0.300 seconds
[2025-11-16T22:55:24.689+0000] {processor.py:186} INFO - Started process (PID=3427) to work on /home/airflow/.local/lib/python3.12/site-packages/airflow/example_dags/example_dag_decorator.py
[2025-11-16T22:55:24.690+0000] {processor.py:914} INFO - Processing file /home/airflow/.local/lib/python3.12/site-packages/airflow/example_dags/example_dag_decorator.py for tasks to queue
[2025-11-16T22:55:24.693+0000] {logging_mixin.py:190} INFO - [2025-11-16T22:55:24.693+0000] {dagbag.py:588} INFO - Filling up the DagBag from /home/airflow/.local/lib/python3.12/site-packages/airflow/example_dags/example_dag_decorator.py
[2025-11-16T22:55:24.771+0000] {processor.py:925} INFO - DAG(s) 'example_dag_decorator' retrieved from /home/airflow/.local/lib/python3.12/site-packages/airflow/example_dags/example_dag_decorator.py
[2025-11-16T22:55:24.956+0000] {logging_mixin.py:190} INFO - [2025-11-16T22:55:24.955+0000] {dag.py:3239} INFO - Sync 1 DAGs
[2025-11-16T22:55:24.962+0000] {logging_mixin.py:190} INFO - [2025-11-16T22:55:24.962+0000] {dag.py:4180} INFO - Setting next_dagrun for example_dag_decorator to None, run_after=None
[2025-11-16T22:55:24.975+0000] {processor.py:208} INFO - Processing /home/airflow/.local/lib/python3.12/site-packages/airflow/example_dags/example_dag_decorator.py took 0.291 seconds
[2025-11-16T22:55:55.229+0000] {processor.py:186} INFO - Started process (PID=3492) to work on /home/airflow/.local/lib/python3.12/site-packages/airflow/example_dags/example_dag_decorator.py
[2025-11-16T22:55:55.230+0000] {processor.py:914} INFO - Processing file /home/airflow/.local/lib/python3.12/site-packages/airflow/example_dags/example_dag_decorator.py for tasks to queue
[2025-11-16T22:55:55.236+0000] {logging_mixin.py:190} INFO - [2025-11-16T22:55:55.235+0000] {dagbag.py:588} INFO - Filling up the DagBag from /home/airflow/.local/lib/python3.12/site-packages/airflow/example_dags/example_dag_decorator.py
[2025-11-16T22:55:55.312+0000] {processor.py:925} INFO - DAG(s) 'example_dag_decorator' retrieved from /home/airflow/.local/lib/python3.12/site-packages/airflow/example_dags/example_dag_decorator.py
[2025-11-16T22:55:55.500+0000] {logging_mixin.py:190} INFO - [2025-11-16T22:55:55.500+0000] {dag.py:3239} INFO - Sync 1 DAGs
[2025-11-16T22:55:55.507+0000] {logging_mixin.py:190} INFO - [2025-11-16T22:55:55.507+0000] {dag.py:4180} INFO - Setting next_dagrun for example_dag_decorator to None, run_after=None
[2025-11-16T22:55:55.520+0000] {processor.py:208} INFO - Processing /home/airflow/.local/lib/python3.12/site-packages/airflow/example_dags/example_dag_decorator.py took 0.296 seconds
[2025-11-16T22:56:25.632+0000] {processor.py:186} INFO - Started process (PID=3557) to work on /home/airflow/.local/lib/python3.12/site-packages/airflow/example_dags/example_dag_decorator.py
[2025-11-16T22:56:25.633+0000] {processor.py:914} INFO - Processing file /home/airflow/.local/lib/python3.12/site-packages/airflow/example_dags/example_dag_decorator.py for tasks to queue
[2025-11-16T22:56:25.640+0000] {logging_mixin.py:190} INFO - [2025-11-16T22:56:25.640+0000] {dagbag.py:588} INFO - Filling up the DagBag from /home/airflow/.local/lib/python3.12/site-packages/airflow/example_dags/example_dag_decorator.py
[2025-11-16T22:56:25.715+0000] {processor.py:925} INFO - DAG(s) 'example_dag_decorator' retrieved from /home/airflow/.local/lib/python3.12/site-packages/airflow/example_dags/example_dag_decorator.py
[2025-11-16T22:56:25.916+0000] {logging_mixin.py:190} INFO - [2025-11-16T22:56:25.916+0000] {dag.py:3239} INFO - Sync 1 DAGs
[2025-11-16T22:56:25.923+0000] {logging_mixin.py:190} INFO - [2025-11-16T22:56:25.923+0000] {dag.py:4180} INFO - Setting next_dagrun for example_dag_decorator to None, run_after=None
[2025-11-16T22:56:25.936+0000] {processor.py:208} INFO - Processing /home/airflow/.local/lib/python3.12/site-packages/airflow/example_dags/example_dag_decorator.py took 0.308 seconds
[2025-11-16T22:56:56.043+0000] {processor.py:186} INFO - Started process (PID=3622) to work on /home/airflow/.local/lib/python3.12/site-packages/airflow/example_dags/example_dag_decorator.py
[2025-11-16T22:56:56.044+0000] {processor.py:914} INFO - Processing file /home/airflow/.local/lib/python3.12/site-packages/airflow/example_dags/example_dag_decorator.py for tasks to queue
[2025-11-16T22:56:56.047+0000] {logging_mixin.py:190} INFO - [2025-11-16T22:56:56.046+0000] {dagbag.py:588} INFO - Filling up the DagBag from /home/airflow/.local/lib/python3.12/site-packages/airflow/example_dags/example_dag_decorator.py
[2025-11-16T22:56:56.244+0000] {processor.py:925} INFO - DAG(s) 'example_dag_decorator' retrieved from /home/airflow/.local/lib/python3.12/site-packages/airflow/example_dags/example_dag_decorator.py
[2025-11-16T22:56:56.305+0000] {logging_mixin.py:190} INFO - [2025-11-16T22:56:56.305+0000] {dag.py:3239} INFO - Sync 1 DAGs
[2025-11-16T22:56:56.311+0000] {logging_mixin.py:190} INFO - [2025-11-16T22:56:56.311+0000] {dag.py:4180} INFO - Setting next_dagrun for example_dag_decorator to None, run_after=None
[2025-11-16T22:56:56.323+0000] {processor.py:208} INFO - Processing /home/airflow/.local/lib/python3.12/site-packages/airflow/example_dags/example_dag_decorator.py took 0.285 seconds
[2025-11-16T22:57:26.565+0000] {processor.py:186} INFO - Started process (PID=3687) to work on /home/airflow/.local/lib/python3.12/site-packages/airflow/example_dags/example_dag_decorator.py
[2025-11-16T22:57:26.566+0000] {processor.py:914} INFO - Processing file /home/airflow/.local/lib/python3.12/site-packages/airflow/example_dags/example_dag_decorator.py for tasks to queue
[2025-11-16T22:57:26.569+0000] {logging_mixin.py:190} INFO - [2025-11-16T22:57:26.568+0000] {dagbag.py:588} INFO - Filling up the DagBag from /home/airflow/.local/lib/python3.12/site-packages/airflow/example_dags/example_dag_decorator.py
[2025-11-16T22:57:26.644+0000] {processor.py:925} INFO - DAG(s) 'example_dag_decorator' retrieved from /home/airflow/.local/lib/python3.12/site-packages/airflow/example_dags/example_dag_decorator.py
[2025-11-16T22:57:26.857+0000] {logging_mixin.py:190} INFO - [2025-11-16T22:57:26.857+0000] {dag.py:3239} INFO - Sync 1 DAGs
[2025-11-16T22:57:26.863+0000] {logging_mixin.py:190} INFO - [2025-11-16T22:57:26.863+0000] {dag.py:4180} INFO - Setting next_dagrun for example_dag_decorator to None, run_after=None
[2025-11-16T22:57:26.877+0000] {processor.py:208} INFO - Processing /home/airflow/.local/lib/python3.12/site-packages/airflow/example_dags/example_dag_decorator.py took 0.316 seconds
[2025-11-16T22:57:57.243+0000] {processor.py:186} INFO - Started process (PID=3752) to work on /home/airflow/.local/lib/python3.12/site-packages/airflow/example_dags/example_dag_decorator.py
[2025-11-16T22:57:57.244+0000] {processor.py:914} INFO - Processing file /home/airflow/.local/lib/python3.12/site-packages/airflow/example_dags/example_dag_decorator.py for tasks to queue
[2025-11-16T22:57:57.246+0000] {logging_mixin.py:190} INFO - [2025-11-16T22:57:57.246+0000] {dagbag.py:588} INFO - Filling up the DagBag from /home/airflow/.local/lib/python3.12/site-packages/airflow/example_dags/example_dag_decorator.py
[2025-11-16T22:57:57.450+0000] {processor.py:925} INFO - DAG(s) 'example_dag_decorator' retrieved from /home/airflow/.local/lib/python3.12/site-packages/airflow/example_dags/example_dag_decorator.py
[2025-11-16T22:57:57.519+0000] {logging_mixin.py:190} INFO - [2025-11-16T22:57:57.519+0000] {dag.py:3239} INFO - Sync 1 DAGs
[2025-11-16T22:57:57.527+0000] {logging_mixin.py:190} INFO - [2025-11-16T22:57:57.526+0000] {dag.py:4180} INFO - Setting next_dagrun for example_dag_decorator to None, run_after=None
[2025-11-16T22:57:57.540+0000] {processor.py:208} INFO - Processing /home/airflow/.local/lib/python3.12/site-packages/airflow/example_dags/example_dag_decorator.py took 0.301 seconds
[2025-11-16T22:58:28.180+0000] {processor.py:186} INFO - Started process (PID=3817) to work on /home/airflow/.local/lib/python3.12/site-packages/airflow/example_dags/example_dag_decorator.py
[2025-11-16T22:58:28.181+0000] {processor.py:914} INFO - Processing file /home/airflow/.local/lib/python3.12/site-packages/airflow/example_dags/example_dag_decorator.py for tasks to queue
[2025-11-16T22:58:28.183+0000] {logging_mixin.py:190} INFO - [2025-11-16T22:58:28.183+0000] {dagbag.py:588} INFO - Filling up the DagBag from /home/airflow/.local/lib/python3.12/site-packages/airflow/example_dags/example_dag_decorator.py
[2025-11-16T22:58:28.375+0000] {processor.py:925} INFO - DAG(s) 'example_dag_decorator' retrieved from /home/airflow/.local/lib/python3.12/site-packages/airflow/example_dags/example_dag_decorator.py
[2025-11-16T22:58:28.439+0000] {logging_mixin.py:190} INFO - [2025-11-16T22:58:28.439+0000] {dag.py:3239} INFO - Sync 1 DAGs
[2025-11-16T22:58:28.446+0000] {logging_mixin.py:190} INFO - [2025-11-16T22:58:28.446+0000] {dag.py:4180} INFO - Setting next_dagrun for example_dag_decorator to None, run_after=None
[2025-11-16T22:58:28.460+0000] {processor.py:208} INFO - Processing /home/airflow/.local/lib/python3.12/site-packages/airflow/example_dags/example_dag_decorator.py took 0.284 seconds
[2025-11-16T22:58:58.541+0000] {processor.py:186} INFO - Started process (PID=3884) to work on /home/airflow/.local/lib/python3.12/site-packages/airflow/example_dags/example_dag_decorator.py
[2025-11-16T22:58:58.542+0000] {processor.py:914} INFO - Processing file /home/airflow/.local/lib/python3.12/site-packages/airflow/example_dags/example_dag_decorator.py for tasks to queue
[2025-11-16T22:58:58.545+0000] {logging_mixin.py:190} INFO - [2025-11-16T22:58:58.545+0000] {dagbag.py:588} INFO - Filling up the DagBag from /home/airflow/.local/lib/python3.12/site-packages/airflow/example_dags/example_dag_decorator.py
[2025-11-16T22:58:58.730+0000] {processor.py:925} INFO - DAG(s) 'example_dag_decorator' retrieved from /home/airflow/.local/lib/python3.12/site-packages/airflow/example_dags/example_dag_decorator.py
[2025-11-16T22:58:58.791+0000] {logging_mixin.py:190} INFO - [2025-11-16T22:58:58.791+0000] {dag.py:3239} INFO - Sync 1 DAGs
[2025-11-16T22:58:58.797+0000] {logging_mixin.py:190} INFO - [2025-11-16T22:58:58.797+0000] {dag.py:4180} INFO - Setting next_dagrun for example_dag_decorator to None, run_after=None
[2025-11-16T22:58:58.842+0000] {processor.py:208} INFO - Processing /home/airflow/.local/lib/python3.12/site-packages/airflow/example_dags/example_dag_decorator.py took 0.306 seconds
[2025-11-16T22:59:29.682+0000] {processor.py:186} INFO - Started process (PID=3947) to work on /home/airflow/.local/lib/python3.12/site-packages/airflow/example_dags/example_dag_decorator.py
[2025-11-16T22:59:29.683+0000] {processor.py:914} INFO - Processing file /home/airflow/.local/lib/python3.12/site-packages/airflow/example_dags/example_dag_decorator.py for tasks to queue
[2025-11-16T22:59:29.688+0000] {logging_mixin.py:190} INFO - [2025-11-16T22:59:29.687+0000] {dagbag.py:588} INFO - Filling up the DagBag from /home/airflow/.local/lib/python3.12/site-packages/airflow/example_dags/example_dag_decorator.py
[2025-11-16T22:59:29.898+0000] {processor.py:925} INFO - DAG(s) 'example_dag_decorator' retrieved from /home/airflow/.local/lib/python3.12/site-packages/airflow/example_dags/example_dag_decorator.py
[2025-11-16T22:59:29.965+0000] {logging_mixin.py:190} INFO - [2025-11-16T22:59:29.965+0000] {dag.py:3239} INFO - Sync 1 DAGs
[2025-11-16T22:59:29.973+0000] {logging_mixin.py:190} INFO - [2025-11-16T22:59:29.973+0000] {dag.py:4180} INFO - Setting next_dagrun for example_dag_decorator to None, run_after=None
[2025-11-16T22:59:29.987+0000] {processor.py:208} INFO - Processing /home/airflow/.local/lib/python3.12/site-packages/airflow/example_dags/example_dag_decorator.py took 0.306 seconds
[2025-11-16T23:00:00.757+0000] {processor.py:186} INFO - Started process (PID=4012) to work on /home/airflow/.local/lib/python3.12/site-packages/airflow/example_dags/example_dag_decorator.py
[2025-11-16T23:00:00.759+0000] {processor.py:914} INFO - Processing file /home/airflow/.local/lib/python3.12/site-packages/airflow/example_dags/example_dag_decorator.py for tasks to queue
[2025-11-16T23:00:00.761+0000] {logging_mixin.py:190} INFO - [2025-11-16T23:00:00.761+0000] {dagbag.py:588} INFO - Filling up the DagBag from /home/airflow/.local/lib/python3.12/site-packages/airflow/example_dags/example_dag_decorator.py
[2025-11-16T23:00:00.957+0000] {processor.py:925} INFO - DAG(s) 'example_dag_decorator' retrieved from /home/airflow/.local/lib/python3.12/site-packages/airflow/example_dags/example_dag_decorator.py
[2025-11-16T23:00:01.024+0000] {logging_mixin.py:190} INFO - [2025-11-16T23:00:01.024+0000] {dag.py:3239} INFO - Sync 1 DAGs
[2025-11-16T23:00:01.031+0000] {logging_mixin.py:190} INFO - [2025-11-16T23:00:01.031+0000] {dag.py:4180} INFO - Setting next_dagrun for example_dag_decorator to None, run_after=None
[2025-11-16T23:00:01.073+0000] {processor.py:208} INFO - Processing /home/airflow/.local/lib/python3.12/site-packages/airflow/example_dags/example_dag_decorator.py took 0.320 seconds
[2025-11-16T23:00:31.421+0000] {processor.py:186} INFO - Started process (PID=4077) to work on /home/airflow/.local/lib/python3.12/site-packages/airflow/example_dags/example_dag_decorator.py
[2025-11-16T23:00:31.423+0000] {processor.py:914} INFO - Processing file /home/airflow/.local/lib/python3.12/site-packages/airflow/example_dags/example_dag_decorator.py for tasks to queue
[2025-11-16T23:00:31.426+0000] {logging_mixin.py:190} INFO - [2025-11-16T23:00:31.425+0000] {dagbag.py:588} INFO - Filling up the DagBag from /home/airflow/.local/lib/python3.12/site-packages/airflow/example_dags/example_dag_decorator.py
[2025-11-16T23:00:31.643+0000] {processor.py:925} INFO - DAG(s) 'example_dag_decorator' retrieved from /home/airflow/.local/lib/python3.12/site-packages/airflow/example_dags/example_dag_decorator.py
[2025-11-16T23:00:31.707+0000] {logging_mixin.py:190} INFO - [2025-11-16T23:00:31.707+0000] {dag.py:3239} INFO - Sync 1 DAGs
[2025-11-16T23:00:31.716+0000] {logging_mixin.py:190} INFO - [2025-11-16T23:00:31.716+0000] {dag.py:4180} INFO - Setting next_dagrun for example_dag_decorator to None, run_after=None
[2025-11-16T23:00:31.764+0000] {processor.py:208} INFO - Processing /home/airflow/.local/lib/python3.12/site-packages/airflow/example_dags/example_dag_decorator.py took 0.347 seconds
[2025-11-16T23:01:02.528+0000] {processor.py:186} INFO - Started process (PID=4142) to work on /home/airflow/.local/lib/python3.12/site-packages/airflow/example_dags/example_dag_decorator.py
[2025-11-16T23:01:02.529+0000] {processor.py:914} INFO - Processing file /home/airflow/.local/lib/python3.12/site-packages/airflow/example_dags/example_dag_decorator.py for tasks to queue
[2025-11-16T23:01:02.532+0000] {logging_mixin.py:190} INFO - [2025-11-16T23:01:02.532+0000] {dagbag.py:588} INFO - Filling up the DagBag from /home/airflow/.local/lib/python3.12/site-packages/airflow/example_dags/example_dag_decorator.py
[2025-11-16T23:01:02.727+0000] {processor.py:925} INFO - DAG(s) 'example_dag_decorator' retrieved from /home/airflow/.local/lib/python3.12/site-packages/airflow/example_dags/example_dag_decorator.py
[2025-11-16T23:01:02.799+0000] {logging_mixin.py:190} INFO - [2025-11-16T23:01:02.799+0000] {dag.py:3239} INFO - Sync 1 DAGs
[2025-11-16T23:01:02.807+0000] {logging_mixin.py:190} INFO - [2025-11-16T23:01:02.807+0000] {dag.py:4180} INFO - Setting next_dagrun for example_dag_decorator to None, run_after=None
[2025-11-16T23:01:02.821+0000] {processor.py:208} INFO - Processing /home/airflow/.local/lib/python3.12/site-packages/airflow/example_dags/example_dag_decorator.py took 0.296 seconds
[2025-11-16T23:01:33.629+0000] {processor.py:186} INFO - Started process (PID=4207) to work on /home/airflow/.local/lib/python3.12/site-packages/airflow/example_dags/example_dag_decorator.py
[2025-11-16T23:01:33.631+0000] {processor.py:914} INFO - Processing file /home/airflow/.local/lib/python3.12/site-packages/airflow/example_dags/example_dag_decorator.py for tasks to queue
[2025-11-16T23:01:33.633+0000] {logging_mixin.py:190} INFO - [2025-11-16T23:01:33.633+0000] {dagbag.py:588} INFO - Filling up the DagBag from /home/airflow/.local/lib/python3.12/site-packages/airflow/example_dags/example_dag_decorator.py
[2025-11-16T23:01:33.829+0000] {processor.py:925} INFO - DAG(s) 'example_dag_decorator' retrieved from /home/airflow/.local/lib/python3.12/site-packages/airflow/example_dags/example_dag_decorator.py
[2025-11-16T23:01:33.892+0000] {logging_mixin.py:190} INFO - [2025-11-16T23:01:33.892+0000] {dag.py:3239} INFO - Sync 1 DAGs
[2025-11-16T23:01:33.900+0000] {logging_mixin.py:190} INFO - [2025-11-16T23:01:33.899+0000] {dag.py:4180} INFO - Setting next_dagrun for example_dag_decorator to None, run_after=None
[2025-11-16T23:01:33.913+0000] {processor.py:208} INFO - Processing /home/airflow/.local/lib/python3.12/site-packages/airflow/example_dags/example_dag_decorator.py took 0.287 seconds
[2025-11-16T23:02:04.528+0000] {processor.py:186} INFO - Started process (PID=4272) to work on /home/airflow/.local/lib/python3.12/site-packages/airflow/example_dags/example_dag_decorator.py
[2025-11-16T23:02:04.529+0000] {processor.py:914} INFO - Processing file /home/airflow/.local/lib/python3.12/site-packages/airflow/example_dags/example_dag_decorator.py for tasks to queue
[2025-11-16T23:02:04.531+0000] {logging_mixin.py:190} INFO - [2025-11-16T23:02:04.531+0000] {dagbag.py:588} INFO - Filling up the DagBag from /home/airflow/.local/lib/python3.12/site-packages/airflow/example_dags/example_dag_decorator.py
[2025-11-16T23:02:04.734+0000] {processor.py:925} INFO - DAG(s) 'example_dag_decorator' retrieved from /home/airflow/.local/lib/python3.12/site-packages/airflow/example_dags/example_dag_decorator.py
[2025-11-16T23:02:04.749+0000] {logging_mixin.py:190} INFO - [2025-11-16T23:02:04.749+0000] {dag.py:3239} INFO - Sync 1 DAGs
[2025-11-16T23:02:04.758+0000] {logging_mixin.py:190} INFO - [2025-11-16T23:02:04.757+0000] {dag.py:4180} INFO - Setting next_dagrun for example_dag_decorator to None, run_after=None
[2025-11-16T23:02:04.770+0000] {processor.py:208} INFO - Processing /home/airflow/.local/lib/python3.12/site-packages/airflow/example_dags/example_dag_decorator.py took 0.246 seconds
[2025-11-16T23:02:35.070+0000] {processor.py:186} INFO - Started process (PID=4337) to work on /home/airflow/.local/lib/python3.12/site-packages/airflow/example_dags/example_dag_decorator.py
[2025-11-16T23:02:35.071+0000] {processor.py:914} INFO - Processing file /home/airflow/.local/lib/python3.12/site-packages/airflow/example_dags/example_dag_decorator.py for tasks to queue
[2025-11-16T23:02:35.074+0000] {logging_mixin.py:190} INFO - [2025-11-16T23:02:35.073+0000] {dagbag.py:588} INFO - Filling up the DagBag from /home/airflow/.local/lib/python3.12/site-packages/airflow/example_dags/example_dag_decorator.py
[2025-11-16T23:02:35.295+0000] {processor.py:925} INFO - DAG(s) 'example_dag_decorator' retrieved from /home/airflow/.local/lib/python3.12/site-packages/airflow/example_dags/example_dag_decorator.py
[2025-11-16T23:02:35.359+0000] {logging_mixin.py:190} INFO - [2025-11-16T23:02:35.359+0000] {dag.py:3239} INFO - Sync 1 DAGs
[2025-11-16T23:02:35.366+0000] {logging_mixin.py:190} INFO - [2025-11-16T23:02:35.366+0000] {dag.py:4180} INFO - Setting next_dagrun for example_dag_decorator to None, run_after=None
[2025-11-16T23:02:35.412+0000] {processor.py:208} INFO - Processing /home/airflow/.local/lib/python3.12/site-packages/airflow/example_dags/example_dag_decorator.py took 0.347 seconds
[2025-11-16T23:03:05.667+0000] {processor.py:186} INFO - Started process (PID=4403) to work on /home/airflow/.local/lib/python3.12/site-packages/airflow/example_dags/example_dag_decorator.py
[2025-11-16T23:03:05.669+0000] {processor.py:914} INFO - Processing file /home/airflow/.local/lib/python3.12/site-packages/airflow/example_dags/example_dag_decorator.py for tasks to queue
[2025-11-16T23:03:05.672+0000] {logging_mixin.py:190} INFO - [2025-11-16T23:03:05.671+0000] {dagbag.py:588} INFO - Filling up the DagBag from /home/airflow/.local/lib/python3.12/site-packages/airflow/example_dags/example_dag_decorator.py
[2025-11-16T23:03:05.878+0000] {processor.py:925} INFO - DAG(s) 'example_dag_decorator' retrieved from /home/airflow/.local/lib/python3.12/site-packages/airflow/example_dags/example_dag_decorator.py
[2025-11-16T23:03:05.943+0000] {logging_mixin.py:190} INFO - [2025-11-16T23:03:05.943+0000] {dag.py:3239} INFO - Sync 1 DAGs
[2025-11-16T23:03:05.949+0000] {logging_mixin.py:190} INFO - [2025-11-16T23:03:05.949+0000] {dag.py:4180} INFO - Setting next_dagrun for example_dag_decorator to None, run_after=None
[2025-11-16T23:03:05.971+0000] {processor.py:208} INFO - Processing /home/airflow/.local/lib/python3.12/site-packages/airflow/example_dags/example_dag_decorator.py took 0.308 seconds
[2025-11-16T23:03:36.148+0000] {processor.py:186} INFO - Started process (PID=4467) to work on /home/airflow/.local/lib/python3.12/site-packages/airflow/example_dags/example_dag_decorator.py
[2025-11-16T23:03:36.155+0000] {processor.py:914} INFO - Processing file /home/airflow/.local/lib/python3.12/site-packages/airflow/example_dags/example_dag_decorator.py for tasks to queue
[2025-11-16T23:03:36.157+0000] {logging_mixin.py:190} INFO - [2025-11-16T23:03:36.156+0000] {dagbag.py:588} INFO - Filling up the DagBag from /home/airflow/.local/lib/python3.12/site-packages/airflow/example_dags/example_dag_decorator.py
[2025-11-16T23:03:36.227+0000] {processor.py:925} INFO - DAG(s) 'example_dag_decorator' retrieved from /home/airflow/.local/lib/python3.12/site-packages/airflow/example_dags/example_dag_decorator.py
[2025-11-16T23:03:36.303+0000] {logging_mixin.py:190} INFO - [2025-11-16T23:03:36.303+0000] {dag.py:3239} INFO - Sync 1 DAGs
[2025-11-16T23:03:36.312+0000] {logging_mixin.py:190} INFO - [2025-11-16T23:03:36.312+0000] {dag.py:4180} INFO - Setting next_dagrun for example_dag_decorator to None, run_after=None
[2025-11-16T23:03:36.340+0000] {processor.py:208} INFO - Processing /home/airflow/.local/lib/python3.12/site-packages/airflow/example_dags/example_dag_decorator.py took 0.196 seconds
[2025-11-16T23:04:06.937+0000] {processor.py:186} INFO - Started process (PID=4533) to work on /home/airflow/.local/lib/python3.12/site-packages/airflow/example_dags/example_dag_decorator.py
[2025-11-16T23:04:06.939+0000] {processor.py:914} INFO - Processing file /home/airflow/.local/lib/python3.12/site-packages/airflow/example_dags/example_dag_decorator.py for tasks to queue
[2025-11-16T23:04:06.941+0000] {logging_mixin.py:190} INFO - [2025-11-16T23:04:06.941+0000] {dagbag.py:588} INFO - Filling up the DagBag from /home/airflow/.local/lib/python3.12/site-packages/airflow/example_dags/example_dag_decorator.py
[2025-11-16T23:04:07.007+0000] {processor.py:925} INFO - DAG(s) 'example_dag_decorator' retrieved from /home/airflow/.local/lib/python3.12/site-packages/airflow/example_dags/example_dag_decorator.py
[2025-11-16T23:04:07.074+0000] {logging_mixin.py:190} INFO - [2025-11-16T23:04:07.074+0000] {dag.py:3239} INFO - Sync 1 DAGs
[2025-11-16T23:04:07.082+0000] {logging_mixin.py:190} INFO - [2025-11-16T23:04:07.081+0000] {dag.py:4180} INFO - Setting next_dagrun for example_dag_decorator to None, run_after=None
[2025-11-16T23:04:07.129+0000] {processor.py:208} INFO - Processing /home/airflow/.local/lib/python3.12/site-packages/airflow/example_dags/example_dag_decorator.py took 0.196 seconds
[2025-11-16T23:04:37.477+0000] {processor.py:186} INFO - Started process (PID=4598) to work on /home/airflow/.local/lib/python3.12/site-packages/airflow/example_dags/example_dag_decorator.py
[2025-11-16T23:04:37.479+0000] {processor.py:914} INFO - Processing file /home/airflow/.local/lib/python3.12/site-packages/airflow/example_dags/example_dag_decorator.py for tasks to queue
[2025-11-16T23:04:37.481+0000] {logging_mixin.py:190} INFO - [2025-11-16T23:04:37.480+0000] {dagbag.py:588} INFO - Filling up the DagBag from /home/airflow/.local/lib/python3.12/site-packages/airflow/example_dags/example_dag_decorator.py
[2025-11-16T23:04:37.549+0000] {processor.py:925} INFO - DAG(s) 'example_dag_decorator' retrieved from /home/airflow/.local/lib/python3.12/site-packages/airflow/example_dags/example_dag_decorator.py
[2025-11-16T23:04:37.617+0000] {logging_mixin.py:190} INFO - [2025-11-16T23:04:37.617+0000] {dag.py:3239} INFO - Sync 1 DAGs
[2025-11-16T23:04:37.625+0000] {logging_mixin.py:190} INFO - [2025-11-16T23:04:37.625+0000] {dag.py:4180} INFO - Setting next_dagrun for example_dag_decorator to None, run_after=None
[2025-11-16T23:04:37.668+0000] {processor.py:208} INFO - Processing /home/airflow/.local/lib/python3.12/site-packages/airflow/example_dags/example_dag_decorator.py took 0.195 seconds
[2025-11-16T23:05:08.153+0000] {processor.py:186} INFO - Started process (PID=4663) to work on /home/airflow/.local/lib/python3.12/site-packages/airflow/example_dags/example_dag_decorator.py
[2025-11-16T23:05:08.155+0000] {processor.py:914} INFO - Processing file /home/airflow/.local/lib/python3.12/site-packages/airflow/example_dags/example_dag_decorator.py for tasks to queue
[2025-11-16T23:05:08.157+0000] {logging_mixin.py:190} INFO - [2025-11-16T23:05:08.157+0000] {dagbag.py:588} INFO - Filling up the DagBag from /home/airflow/.local/lib/python3.12/site-packages/airflow/example_dags/example_dag_decorator.py
[2025-11-16T23:05:08.227+0000] {processor.py:925} INFO - DAG(s) 'example_dag_decorator' retrieved from /home/airflow/.local/lib/python3.12/site-packages/airflow/example_dags/example_dag_decorator.py
[2025-11-16T23:05:08.294+0000] {logging_mixin.py:190} INFO - [2025-11-16T23:05:08.294+0000] {dag.py:3239} INFO - Sync 1 DAGs
[2025-11-16T23:05:08.301+0000] {logging_mixin.py:190} INFO - [2025-11-16T23:05:08.301+0000] {dag.py:4180} INFO - Setting next_dagrun for example_dag_decorator to None, run_after=None
[2025-11-16T23:05:08.314+0000] {processor.py:208} INFO - Processing /home/airflow/.local/lib/python3.12/site-packages/airflow/example_dags/example_dag_decorator.py took 0.165 seconds
[2025-11-16T23:05:38.778+0000] {processor.py:186} INFO - Started process (PID=4728) to work on /home/airflow/.local/lib/python3.12/site-packages/airflow/example_dags/example_dag_decorator.py
[2025-11-16T23:05:38.779+0000] {processor.py:914} INFO - Processing file /home/airflow/.local/lib/python3.12/site-packages/airflow/example_dags/example_dag_decorator.py for tasks to queue
[2025-11-16T23:05:38.782+0000] {logging_mixin.py:190} INFO - [2025-11-16T23:05:38.782+0000] {dagbag.py:588} INFO - Filling up the DagBag from /home/airflow/.local/lib/python3.12/site-packages/airflow/example_dags/example_dag_decorator.py
[2025-11-16T23:05:38.847+0000] {processor.py:925} INFO - DAG(s) 'example_dag_decorator' retrieved from /home/airflow/.local/lib/python3.12/site-packages/airflow/example_dags/example_dag_decorator.py
[2025-11-16T23:05:38.913+0000] {logging_mixin.py:190} INFO - [2025-11-16T23:05:38.913+0000] {dag.py:3239} INFO - Sync 1 DAGs
[2025-11-16T23:05:38.920+0000] {logging_mixin.py:190} INFO - [2025-11-16T23:05:38.920+0000] {dag.py:4180} INFO - Setting next_dagrun for example_dag_decorator to None, run_after=None
[2025-11-16T23:05:38.932+0000] {processor.py:208} INFO - Processing /home/airflow/.local/lib/python3.12/site-packages/airflow/example_dags/example_dag_decorator.py took 0.158 seconds
[2025-11-16T23:06:09.022+0000] {processor.py:186} INFO - Started process (PID=4792) to work on /home/airflow/.local/lib/python3.12/site-packages/airflow/example_dags/example_dag_decorator.py
[2025-11-16T23:06:09.023+0000] {processor.py:914} INFO - Processing file /home/airflow/.local/lib/python3.12/site-packages/airflow/example_dags/example_dag_decorator.py for tasks to queue
[2025-11-16T23:06:09.025+0000] {logging_mixin.py:190} INFO - [2025-11-16T23:06:09.024+0000] {dagbag.py:588} INFO - Filling up the DagBag from /home/airflow/.local/lib/python3.12/site-packages/airflow/example_dags/example_dag_decorator.py
[2025-11-16T23:06:09.087+0000] {processor.py:925} INFO - DAG(s) 'example_dag_decorator' retrieved from /home/airflow/.local/lib/python3.12/site-packages/airflow/example_dags/example_dag_decorator.py
[2025-11-16T23:06:09.153+0000] {logging_mixin.py:190} INFO - [2025-11-16T23:06:09.153+0000] {dag.py:3239} INFO - Sync 1 DAGs
[2025-11-16T23:06:09.160+0000] {logging_mixin.py:190} INFO - [2025-11-16T23:06:09.160+0000] {dag.py:4180} INFO - Setting next_dagrun for example_dag_decorator to None, run_after=None
[2025-11-16T23:06:09.175+0000] {processor.py:208} INFO - Processing /home/airflow/.local/lib/python3.12/site-packages/airflow/example_dags/example_dag_decorator.py took 0.158 seconds
[2025-11-16T23:06:39.428+0000] {processor.py:186} INFO - Started process (PID=4857) to work on /home/airflow/.local/lib/python3.12/site-packages/airflow/example_dags/example_dag_decorator.py
[2025-11-16T23:06:39.430+0000] {processor.py:914} INFO - Processing file /home/airflow/.local/lib/python3.12/site-packages/airflow/example_dags/example_dag_decorator.py for tasks to queue
[2025-11-16T23:06:39.432+0000] {logging_mixin.py:190} INFO - [2025-11-16T23:06:39.432+0000] {dagbag.py:588} INFO - Filling up the DagBag from /home/airflow/.local/lib/python3.12/site-packages/airflow/example_dags/example_dag_decorator.py
[2025-11-16T23:06:39.525+0000] {processor.py:925} INFO - DAG(s) 'example_dag_decorator' retrieved from /home/airflow/.local/lib/python3.12/site-packages/airflow/example_dags/example_dag_decorator.py
[2025-11-16T23:06:39.592+0000] {logging_mixin.py:190} INFO - [2025-11-16T23:06:39.592+0000] {dag.py:3239} INFO - Sync 1 DAGs
[2025-11-16T23:06:39.600+0000] {logging_mixin.py:190} INFO - [2025-11-16T23:06:39.600+0000] {dag.py:4180} INFO - Setting next_dagrun for example_dag_decorator to None, run_after=None
[2025-11-16T23:06:39.614+0000] {processor.py:208} INFO - Processing /home/airflow/.local/lib/python3.12/site-packages/airflow/example_dags/example_dag_decorator.py took 0.190 seconds
[2025-11-16T23:07:09.798+0000] {processor.py:186} INFO - Started process (PID=4922) to work on /home/airflow/.local/lib/python3.12/site-packages/airflow/example_dags/example_dag_decorator.py
[2025-11-16T23:07:09.799+0000] {processor.py:914} INFO - Processing file /home/airflow/.local/lib/python3.12/site-packages/airflow/example_dags/example_dag_decorator.py for tasks to queue
[2025-11-16T23:07:09.803+0000] {logging_mixin.py:190} INFO - [2025-11-16T23:07:09.803+0000] {dagbag.py:588} INFO - Filling up the DagBag from /home/airflow/.local/lib/python3.12/site-packages/airflow/example_dags/example_dag_decorator.py
[2025-11-16T23:07:09.899+0000] {processor.py:925} INFO - DAG(s) 'example_dag_decorator' retrieved from /home/airflow/.local/lib/python3.12/site-packages/airflow/example_dags/example_dag_decorator.py
[2025-11-16T23:07:09.977+0000] {logging_mixin.py:190} INFO - [2025-11-16T23:07:09.977+0000] {dag.py:3239} INFO - Sync 1 DAGs
[2025-11-16T23:07:09.986+0000] {logging_mixin.py:190} INFO - [2025-11-16T23:07:09.986+0000] {dag.py:4180} INFO - Setting next_dagrun for example_dag_decorator to None, run_after=None
[2025-11-16T23:07:10.003+0000] {processor.py:208} INFO - Processing /home/airflow/.local/lib/python3.12/site-packages/airflow/example_dags/example_dag_decorator.py took 0.210 seconds
[2025-11-16T23:07:40.968+0000] {processor.py:186} INFO - Started process (PID=4988) to work on /home/airflow/.local/lib/python3.12/site-packages/airflow/example_dags/example_dag_decorator.py
[2025-11-16T23:07:40.971+0000] {processor.py:914} INFO - Processing file /home/airflow/.local/lib/python3.12/site-packages/airflow/example_dags/example_dag_decorator.py for tasks to queue
[2025-11-16T23:07:40.973+0000] {logging_mixin.py:190} INFO - [2025-11-16T23:07:40.973+0000] {dagbag.py:588} INFO - Filling up the DagBag from /home/airflow/.local/lib/python3.12/site-packages/airflow/example_dags/example_dag_decorator.py
[2025-11-16T23:07:41.047+0000] {processor.py:925} INFO - DAG(s) 'example_dag_decorator' retrieved from /home/airflow/.local/lib/python3.12/site-packages/airflow/example_dags/example_dag_decorator.py
[2025-11-16T23:07:41.112+0000] {logging_mixin.py:190} INFO - [2025-11-16T23:07:41.112+0000] {dag.py:3239} INFO - Sync 1 DAGs
[2025-11-16T23:07:41.120+0000] {logging_mixin.py:190} INFO - [2025-11-16T23:07:41.120+0000] {dag.py:4180} INFO - Setting next_dagrun for example_dag_decorator to None, run_after=None
[2025-11-16T23:07:41.134+0000] {processor.py:208} INFO - Processing /home/airflow/.local/lib/python3.12/site-packages/airflow/example_dags/example_dag_decorator.py took 0.170 seconds
[2025-11-16T23:08:11.626+0000] {processor.py:186} INFO - Started process (PID=5052) to work on /home/airflow/.local/lib/python3.12/site-packages/airflow/example_dags/example_dag_decorator.py
[2025-11-16T23:08:11.627+0000] {processor.py:914} INFO - Processing file /home/airflow/.local/lib/python3.12/site-packages/airflow/example_dags/example_dag_decorator.py for tasks to queue
[2025-11-16T23:08:11.630+0000] {logging_mixin.py:190} INFO - [2025-11-16T23:08:11.629+0000] {dagbag.py:588} INFO - Filling up the DagBag from /home/airflow/.local/lib/python3.12/site-packages/airflow/example_dags/example_dag_decorator.py
[2025-11-16T23:08:11.695+0000] {processor.py:925} INFO - DAG(s) 'example_dag_decorator' retrieved from /home/airflow/.local/lib/python3.12/site-packages/airflow/example_dags/example_dag_decorator.py
[2025-11-16T23:08:11.709+0000] {logging_mixin.py:190} INFO - [2025-11-16T23:08:11.709+0000] {dag.py:3239} INFO - Sync 1 DAGs
[2025-11-16T23:08:11.718+0000] {logging_mixin.py:190} INFO - [2025-11-16T23:08:11.718+0000] {dag.py:4180} INFO - Setting next_dagrun for example_dag_decorator to None, run_after=None
[2025-11-16T23:08:11.730+0000] {processor.py:208} INFO - Processing /home/airflow/.local/lib/python3.12/site-packages/airflow/example_dags/example_dag_decorator.py took 0.108 seconds
[2025-11-16T23:08:42.445+0000] {processor.py:186} INFO - Started process (PID=5117) to work on /home/airflow/.local/lib/python3.12/site-packages/airflow/example_dags/example_dag_decorator.py
[2025-11-16T23:08:42.446+0000] {processor.py:914} INFO - Processing file /home/airflow/.local/lib/python3.12/site-packages/airflow/example_dags/example_dag_decorator.py for tasks to queue
[2025-11-16T23:08:42.448+0000] {logging_mixin.py:190} INFO - [2025-11-16T23:08:42.448+0000] {dagbag.py:588} INFO - Filling up the DagBag from /home/airflow/.local/lib/python3.12/site-packages/airflow/example_dags/example_dag_decorator.py
[2025-11-16T23:08:42.510+0000] {processor.py:925} INFO - DAG(s) 'example_dag_decorator' retrieved from /home/airflow/.local/lib/python3.12/site-packages/airflow/example_dags/example_dag_decorator.py
[2025-11-16T23:08:42.576+0000] {logging_mixin.py:190} INFO - [2025-11-16T23:08:42.576+0000] {dag.py:3239} INFO - Sync 1 DAGs
[2025-11-16T23:08:42.584+0000] {logging_mixin.py:190} INFO - [2025-11-16T23:08:42.584+0000] {dag.py:4180} INFO - Setting next_dagrun for example_dag_decorator to None, run_after=None
[2025-11-16T23:08:42.598+0000] {processor.py:208} INFO - Processing /home/airflow/.local/lib/python3.12/site-packages/airflow/example_dags/example_dag_decorator.py took 0.157 seconds
[2025-11-16T23:09:13.643+0000] {processor.py:186} INFO - Started process (PID=5182) to work on /home/airflow/.local/lib/python3.12/site-packages/airflow/example_dags/example_dag_decorator.py
[2025-11-16T23:09:13.644+0000] {processor.py:914} INFO - Processing file /home/airflow/.local/lib/python3.12/site-packages/airflow/example_dags/example_dag_decorator.py for tasks to queue
[2025-11-16T23:09:13.646+0000] {logging_mixin.py:190} INFO - [2025-11-16T23:09:13.645+0000] {dagbag.py:588} INFO - Filling up the DagBag from /home/airflow/.local/lib/python3.12/site-packages/airflow/example_dags/example_dag_decorator.py
[2025-11-16T23:09:13.709+0000] {processor.py:925} INFO - DAG(s) 'example_dag_decorator' retrieved from /home/airflow/.local/lib/python3.12/site-packages/airflow/example_dags/example_dag_decorator.py
[2025-11-16T23:09:13.780+0000] {logging_mixin.py:190} INFO - [2025-11-16T23:09:13.780+0000] {dag.py:3239} INFO - Sync 1 DAGs
[2025-11-16T23:09:13.787+0000] {logging_mixin.py:190} INFO - [2025-11-16T23:09:13.787+0000] {dag.py:4180} INFO - Setting next_dagrun for example_dag_decorator to None, run_after=None
[2025-11-16T23:09:13.801+0000] {processor.py:208} INFO - Processing /home/airflow/.local/lib/python3.12/site-packages/airflow/example_dags/example_dag_decorator.py took 0.162 seconds
[2025-11-16T23:09:44.281+0000] {processor.py:186} INFO - Started process (PID=5253) to work on /home/airflow/.local/lib/python3.12/site-packages/airflow/example_dags/example_dag_decorator.py
[2025-11-16T23:09:44.282+0000] {processor.py:914} INFO - Processing file /home/airflow/.local/lib/python3.12/site-packages/airflow/example_dags/example_dag_decorator.py for tasks to queue
[2025-11-16T23:09:44.284+0000] {logging_mixin.py:190} INFO - [2025-11-16T23:09:44.284+0000] {dagbag.py:588} INFO - Filling up the DagBag from /home/airflow/.local/lib/python3.12/site-packages/airflow/example_dags/example_dag_decorator.py
[2025-11-16T23:09:44.348+0000] {processor.py:925} INFO - DAG(s) 'example_dag_decorator' retrieved from /home/airflow/.local/lib/python3.12/site-packages/airflow/example_dags/example_dag_decorator.py
[2025-11-16T23:09:44.414+0000] {logging_mixin.py:190} INFO - [2025-11-16T23:09:44.414+0000] {dag.py:3239} INFO - Sync 1 DAGs
[2025-11-16T23:09:44.422+0000] {logging_mixin.py:190} INFO - [2025-11-16T23:09:44.422+0000] {dag.py:4180} INFO - Setting next_dagrun for example_dag_decorator to None, run_after=None
[2025-11-16T23:09:44.435+0000] {processor.py:208} INFO - Processing /home/airflow/.local/lib/python3.12/site-packages/airflow/example_dags/example_dag_decorator.py took 0.159 seconds
[2025-11-16T23:10:14.826+0000] {processor.py:186} INFO - Started process (PID=5319) to work on /home/airflow/.local/lib/python3.12/site-packages/airflow/example_dags/example_dag_decorator.py
[2025-11-16T23:10:14.827+0000] {processor.py:914} INFO - Processing file /home/airflow/.local/lib/python3.12/site-packages/airflow/example_dags/example_dag_decorator.py for tasks to queue
[2025-11-16T23:10:14.829+0000] {logging_mixin.py:190} INFO - [2025-11-16T23:10:14.829+0000] {dagbag.py:588} INFO - Filling up the DagBag from /home/airflow/.local/lib/python3.12/site-packages/airflow/example_dags/example_dag_decorator.py
[2025-11-16T23:10:14.893+0000] {processor.py:925} INFO - DAG(s) 'example_dag_decorator' retrieved from /home/airflow/.local/lib/python3.12/site-packages/airflow/example_dags/example_dag_decorator.py
[2025-11-16T23:10:14.960+0000] {logging_mixin.py:190} INFO - [2025-11-16T23:10:14.959+0000] {dag.py:3239} INFO - Sync 1 DAGs
[2025-11-16T23:10:14.967+0000] {logging_mixin.py:190} INFO - [2025-11-16T23:10:14.967+0000] {dag.py:4180} INFO - Setting next_dagrun for example_dag_decorator to None, run_after=None
[2025-11-16T23:10:14.981+0000] {processor.py:208} INFO - Processing /home/airflow/.local/lib/python3.12/site-packages/airflow/example_dags/example_dag_decorator.py took 0.160 seconds
[2025-11-16T23:10:45.246+0000] {processor.py:186} INFO - Started process (PID=5384) to work on /home/airflow/.local/lib/python3.12/site-packages/airflow/example_dags/example_dag_decorator.py
[2025-11-16T23:10:45.248+0000] {processor.py:914} INFO - Processing file /home/airflow/.local/lib/python3.12/site-packages/airflow/example_dags/example_dag_decorator.py for tasks to queue
[2025-11-16T23:10:45.250+0000] {logging_mixin.py:190} INFO - [2025-11-16T23:10:45.250+0000] {dagbag.py:588} INFO - Filling up the DagBag from /home/airflow/.local/lib/python3.12/site-packages/airflow/example_dags/example_dag_decorator.py
[2025-11-16T23:10:45.320+0000] {processor.py:925} INFO - DAG(s) 'example_dag_decorator' retrieved from /home/airflow/.local/lib/python3.12/site-packages/airflow/example_dags/example_dag_decorator.py
[2025-11-16T23:10:45.390+0000] {logging_mixin.py:190} INFO - [2025-11-16T23:10:45.389+0000] {dag.py:3239} INFO - Sync 1 DAGs
[2025-11-16T23:10:45.397+0000] {logging_mixin.py:190} INFO - [2025-11-16T23:10:45.397+0000] {dag.py:4180} INFO - Setting next_dagrun for example_dag_decorator to None, run_after=None
[2025-11-16T23:10:45.411+0000] {processor.py:208} INFO - Processing /home/airflow/.local/lib/python3.12/site-packages/airflow/example_dags/example_dag_decorator.py took 0.169 seconds
[2025-11-16T23:11:16.463+0000] {processor.py:186} INFO - Started process (PID=5448) to work on /home/airflow/.local/lib/python3.12/site-packages/airflow/example_dags/example_dag_decorator.py
[2025-11-16T23:11:16.464+0000] {processor.py:914} INFO - Processing file /home/airflow/.local/lib/python3.12/site-packages/airflow/example_dags/example_dag_decorator.py for tasks to queue
[2025-11-16T23:11:16.466+0000] {logging_mixin.py:190} INFO - [2025-11-16T23:11:16.465+0000] {dagbag.py:588} INFO - Filling up the DagBag from /home/airflow/.local/lib/python3.12/site-packages/airflow/example_dags/example_dag_decorator.py
[2025-11-16T23:11:16.530+0000] {processor.py:925} INFO - DAG(s) 'example_dag_decorator' retrieved from /home/airflow/.local/lib/python3.12/site-packages/airflow/example_dags/example_dag_decorator.py
[2025-11-16T23:11:16.604+0000] {logging_mixin.py:190} INFO - [2025-11-16T23:11:16.604+0000] {dag.py:3239} INFO - Sync 1 DAGs
[2025-11-16T23:11:16.613+0000] {logging_mixin.py:190} INFO - [2025-11-16T23:11:16.613+0000] {dag.py:4180} INFO - Setting next_dagrun for example_dag_decorator to None, run_after=None
[2025-11-16T23:11:16.627+0000] {processor.py:208} INFO - Processing /home/airflow/.local/lib/python3.12/site-packages/airflow/example_dags/example_dag_decorator.py took 0.167 seconds
[2025-11-16T23:11:47.654+0000] {processor.py:186} INFO - Started process (PID=5513) to work on /home/airflow/.local/lib/python3.12/site-packages/airflow/example_dags/example_dag_decorator.py
[2025-11-16T23:11:47.655+0000] {processor.py:914} INFO - Processing file /home/airflow/.local/lib/python3.12/site-packages/airflow/example_dags/example_dag_decorator.py for tasks to queue
[2025-11-16T23:11:47.657+0000] {logging_mixin.py:190} INFO - [2025-11-16T23:11:47.657+0000] {dagbag.py:588} INFO - Filling up the DagBag from /home/airflow/.local/lib/python3.12/site-packages/airflow/example_dags/example_dag_decorator.py
[2025-11-16T23:11:47.723+0000] {processor.py:925} INFO - DAG(s) 'example_dag_decorator' retrieved from /home/airflow/.local/lib/python3.12/site-packages/airflow/example_dags/example_dag_decorator.py
[2025-11-16T23:11:47.790+0000] {logging_mixin.py:190} INFO - [2025-11-16T23:11:47.790+0000] {dag.py:3239} INFO - Sync 1 DAGs
[2025-11-16T23:11:47.798+0000] {logging_mixin.py:190} INFO - [2025-11-16T23:11:47.798+0000] {dag.py:4180} INFO - Setting next_dagrun for example_dag_decorator to None, run_after=None
[2025-11-16T23:11:47.811+0000] {processor.py:208} INFO - Processing /home/airflow/.local/lib/python3.12/site-packages/airflow/example_dags/example_dag_decorator.py took 0.163 seconds
[2025-11-16T23:22:29.081+0000] {processor.py:186} INFO - Started process (PID=90) to work on /home/airflow/.local/lib/python3.12/site-packages/airflow/example_dags/example_dag_decorator.py
[2025-11-16T23:22:29.082+0000] {processor.py:914} INFO - Processing file /home/airflow/.local/lib/python3.12/site-packages/airflow/example_dags/example_dag_decorator.py for tasks to queue
[2025-11-16T23:22:29.083+0000] {logging_mixin.py:190} INFO - [2025-11-16T23:22:29.083+0000] {dagbag.py:588} INFO - Filling up the DagBag from /home/airflow/.local/lib/python3.12/site-packages/airflow/example_dags/example_dag_decorator.py
[2025-11-16T23:22:29.177+0000] {processor.py:925} INFO - DAG(s) 'example_dag_decorator' retrieved from /home/airflow/.local/lib/python3.12/site-packages/airflow/example_dags/example_dag_decorator.py
[2025-11-16T23:22:29.261+0000] {logging_mixin.py:190} INFO - [2025-11-16T23:22:29.261+0000] {dag.py:3239} INFO - Sync 1 DAGs
[2025-11-16T23:22:29.270+0000] {logging_mixin.py:190} INFO - [2025-11-16T23:22:29.270+0000] {dag.py:4180} INFO - Setting next_dagrun for example_dag_decorator to None, run_after=None
[2025-11-16T23:22:29.284+0000] {processor.py:208} INFO - Processing /home/airflow/.local/lib/python3.12/site-packages/airflow/example_dags/example_dag_decorator.py took 0.207 seconds
[2025-11-16T23:22:59.698+0000] {processor.py:186} INFO - Started process (PID=162) to work on /home/airflow/.local/lib/python3.12/site-packages/airflow/example_dags/example_dag_decorator.py
[2025-11-16T23:22:59.699+0000] {processor.py:914} INFO - Processing file /home/airflow/.local/lib/python3.12/site-packages/airflow/example_dags/example_dag_decorator.py for tasks to queue
[2025-11-16T23:22:59.701+0000] {logging_mixin.py:190} INFO - [2025-11-16T23:22:59.700+0000] {dagbag.py:588} INFO - Filling up the DagBag from /home/airflow/.local/lib/python3.12/site-packages/airflow/example_dags/example_dag_decorator.py
[2025-11-16T23:22:59.770+0000] {processor.py:925} INFO - DAG(s) 'example_dag_decorator' retrieved from /home/airflow/.local/lib/python3.12/site-packages/airflow/example_dags/example_dag_decorator.py
[2025-11-16T23:22:59.836+0000] {logging_mixin.py:190} INFO - [2025-11-16T23:22:59.836+0000] {dag.py:3239} INFO - Sync 1 DAGs
[2025-11-16T23:22:59.844+0000] {logging_mixin.py:190} INFO - [2025-11-16T23:22:59.844+0000] {dag.py:4180} INFO - Setting next_dagrun for example_dag_decorator to None, run_after=None
[2025-11-16T23:22:59.857+0000] {processor.py:208} INFO - Processing /home/airflow/.local/lib/python3.12/site-packages/airflow/example_dags/example_dag_decorator.py took 0.163 seconds
[2025-11-16T23:23:30.543+0000] {processor.py:186} INFO - Started process (PID=227) to work on /home/airflow/.local/lib/python3.12/site-packages/airflow/example_dags/example_dag_decorator.py
[2025-11-16T23:23:30.545+0000] {processor.py:914} INFO - Processing file /home/airflow/.local/lib/python3.12/site-packages/airflow/example_dags/example_dag_decorator.py for tasks to queue
[2025-11-16T23:23:30.547+0000] {logging_mixin.py:190} INFO - [2025-11-16T23:23:30.546+0000] {dagbag.py:588} INFO - Filling up the DagBag from /home/airflow/.local/lib/python3.12/site-packages/airflow/example_dags/example_dag_decorator.py
[2025-11-16T23:23:30.620+0000] {processor.py:925} INFO - DAG(s) 'example_dag_decorator' retrieved from /home/airflow/.local/lib/python3.12/site-packages/airflow/example_dags/example_dag_decorator.py
[2025-11-16T23:23:30.696+0000] {logging_mixin.py:190} INFO - [2025-11-16T23:23:30.696+0000] {dag.py:3239} INFO - Sync 1 DAGs
[2025-11-16T23:23:30.705+0000] {logging_mixin.py:190} INFO - [2025-11-16T23:23:30.705+0000] {dag.py:4180} INFO - Setting next_dagrun for example_dag_decorator to None, run_after=None
[2025-11-16T23:23:30.719+0000] {processor.py:208} INFO - Processing /home/airflow/.local/lib/python3.12/site-packages/airflow/example_dags/example_dag_decorator.py took 0.180 seconds
[2025-11-16T23:24:01.571+0000] {processor.py:186} INFO - Started process (PID=308) to work on /home/airflow/.local/lib/python3.12/site-packages/airflow/example_dags/example_dag_decorator.py
[2025-11-16T23:24:01.574+0000] {processor.py:914} INFO - Processing file /home/airflow/.local/lib/python3.12/site-packages/airflow/example_dags/example_dag_decorator.py for tasks to queue
[2025-11-16T23:24:01.578+0000] {logging_mixin.py:190} INFO - [2025-11-16T23:24:01.578+0000] {dagbag.py:588} INFO - Filling up the DagBag from /home/airflow/.local/lib/python3.12/site-packages/airflow/example_dags/example_dag_decorator.py
[2025-11-16T23:24:01.735+0000] {processor.py:925} INFO - DAG(s) 'example_dag_decorator' retrieved from /home/airflow/.local/lib/python3.12/site-packages/airflow/example_dags/example_dag_decorator.py
[2025-11-16T23:24:01.765+0000] {logging_mixin.py:190} INFO - [2025-11-16T23:24:01.764+0000] {dag.py:3239} INFO - Sync 1 DAGs
[2025-11-16T23:24:01.782+0000] {logging_mixin.py:190} INFO - [2025-11-16T23:24:01.782+0000] {dag.py:4180} INFO - Setting next_dagrun for example_dag_decorator to None, run_after=None
[2025-11-16T23:24:01.808+0000] {processor.py:208} INFO - Processing /home/airflow/.local/lib/python3.12/site-packages/airflow/example_dags/example_dag_decorator.py took 0.246 seconds
[2025-11-16T23:24:32.360+0000] {processor.py:186} INFO - Started process (PID=373) to work on /home/airflow/.local/lib/python3.12/site-packages/airflow/example_dags/example_dag_decorator.py
[2025-11-16T23:24:32.361+0000] {processor.py:914} INFO - Processing file /home/airflow/.local/lib/python3.12/site-packages/airflow/example_dags/example_dag_decorator.py for tasks to queue
[2025-11-16T23:24:32.363+0000] {logging_mixin.py:190} INFO - [2025-11-16T23:24:32.363+0000] {dagbag.py:588} INFO - Filling up the DagBag from /home/airflow/.local/lib/python3.12/site-packages/airflow/example_dags/example_dag_decorator.py
[2025-11-16T23:24:32.427+0000] {processor.py:925} INFO - DAG(s) 'example_dag_decorator' retrieved from /home/airflow/.local/lib/python3.12/site-packages/airflow/example_dags/example_dag_decorator.py
[2025-11-16T23:24:32.496+0000] {logging_mixin.py:190} INFO - [2025-11-16T23:24:32.496+0000] {dag.py:3239} INFO - Sync 1 DAGs
[2025-11-16T23:24:32.504+0000] {logging_mixin.py:190} INFO - [2025-11-16T23:24:32.504+0000] {dag.py:4180} INFO - Setting next_dagrun for example_dag_decorator to None, run_after=None
[2025-11-16T23:24:32.532+0000] {processor.py:208} INFO - Processing /home/airflow/.local/lib/python3.12/site-packages/airflow/example_dags/example_dag_decorator.py took 0.176 seconds
[2025-11-16T23:25:02.932+0000] {processor.py:186} INFO - Started process (PID=438) to work on /home/airflow/.local/lib/python3.12/site-packages/airflow/example_dags/example_dag_decorator.py
[2025-11-16T23:25:02.933+0000] {processor.py:914} INFO - Processing file /home/airflow/.local/lib/python3.12/site-packages/airflow/example_dags/example_dag_decorator.py for tasks to queue
[2025-11-16T23:25:02.935+0000] {logging_mixin.py:190} INFO - [2025-11-16T23:25:02.935+0000] {dagbag.py:588} INFO - Filling up the DagBag from /home/airflow/.local/lib/python3.12/site-packages/airflow/example_dags/example_dag_decorator.py
[2025-11-16T23:25:03.005+0000] {processor.py:925} INFO - DAG(s) 'example_dag_decorator' retrieved from /home/airflow/.local/lib/python3.12/site-packages/airflow/example_dags/example_dag_decorator.py
[2025-11-16T23:25:03.082+0000] {logging_mixin.py:190} INFO - [2025-11-16T23:25:03.082+0000] {dag.py:3239} INFO - Sync 1 DAGs
[2025-11-16T23:25:03.091+0000] {logging_mixin.py:190} INFO - [2025-11-16T23:25:03.090+0000] {dag.py:4180} INFO - Setting next_dagrun for example_dag_decorator to None, run_after=None
[2025-11-16T23:25:03.114+0000] {processor.py:208} INFO - Processing /home/airflow/.local/lib/python3.12/site-packages/airflow/example_dags/example_dag_decorator.py took 0.187 seconds
[2025-11-16T23:25:34.008+0000] {processor.py:186} INFO - Started process (PID=503) to work on /home/airflow/.local/lib/python3.12/site-packages/airflow/example_dags/example_dag_decorator.py
[2025-11-16T23:25:34.009+0000] {processor.py:914} INFO - Processing file /home/airflow/.local/lib/python3.12/site-packages/airflow/example_dags/example_dag_decorator.py for tasks to queue
[2025-11-16T23:25:34.011+0000] {logging_mixin.py:190} INFO - [2025-11-16T23:25:34.011+0000] {dagbag.py:588} INFO - Filling up the DagBag from /home/airflow/.local/lib/python3.12/site-packages/airflow/example_dags/example_dag_decorator.py
[2025-11-16T23:25:34.070+0000] {processor.py:925} INFO - DAG(s) 'example_dag_decorator' retrieved from /home/airflow/.local/lib/python3.12/site-packages/airflow/example_dags/example_dag_decorator.py
[2025-11-16T23:25:34.134+0000] {logging_mixin.py:190} INFO - [2025-11-16T23:25:34.134+0000] {dag.py:3239} INFO - Sync 1 DAGs
[2025-11-16T23:25:34.142+0000] {logging_mixin.py:190} INFO - [2025-11-16T23:25:34.142+0000] {dag.py:4180} INFO - Setting next_dagrun for example_dag_decorator to None, run_after=None
[2025-11-16T23:25:34.155+0000] {processor.py:208} INFO - Processing /home/airflow/.local/lib/python3.12/site-packages/airflow/example_dags/example_dag_decorator.py took 0.151 seconds
[2025-11-16T23:26:05.068+0000] {processor.py:186} INFO - Started process (PID=568) to work on /home/airflow/.local/lib/python3.12/site-packages/airflow/example_dags/example_dag_decorator.py
[2025-11-16T23:26:05.070+0000] {processor.py:914} INFO - Processing file /home/airflow/.local/lib/python3.12/site-packages/airflow/example_dags/example_dag_decorator.py for tasks to queue
[2025-11-16T23:26:05.072+0000] {logging_mixin.py:190} INFO - [2025-11-16T23:26:05.071+0000] {dagbag.py:588} INFO - Filling up the DagBag from /home/airflow/.local/lib/python3.12/site-packages/airflow/example_dags/example_dag_decorator.py
[2025-11-16T23:26:05.143+0000] {processor.py:925} INFO - DAG(s) 'example_dag_decorator' retrieved from /home/airflow/.local/lib/python3.12/site-packages/airflow/example_dags/example_dag_decorator.py
[2025-11-16T23:26:05.219+0000] {logging_mixin.py:190} INFO - [2025-11-16T23:26:05.219+0000] {dag.py:3239} INFO - Sync 1 DAGs
[2025-11-16T23:26:05.227+0000] {logging_mixin.py:190} INFO - [2025-11-16T23:26:05.227+0000] {dag.py:4180} INFO - Setting next_dagrun for example_dag_decorator to None, run_after=None
[2025-11-16T23:26:05.241+0000] {processor.py:208} INFO - Processing /home/airflow/.local/lib/python3.12/site-packages/airflow/example_dags/example_dag_decorator.py took 0.178 seconds
[2025-11-16T23:26:35.802+0000] {processor.py:186} INFO - Started process (PID=633) to work on /home/airflow/.local/lib/python3.12/site-packages/airflow/example_dags/example_dag_decorator.py
[2025-11-16T23:26:35.804+0000] {processor.py:914} INFO - Processing file /home/airflow/.local/lib/python3.12/site-packages/airflow/example_dags/example_dag_decorator.py for tasks to queue
[2025-11-16T23:26:35.806+0000] {logging_mixin.py:190} INFO - [2025-11-16T23:26:35.805+0000] {dagbag.py:588} INFO - Filling up the DagBag from /home/airflow/.local/lib/python3.12/site-packages/airflow/example_dags/example_dag_decorator.py
[2025-11-16T23:26:35.891+0000] {processor.py:925} INFO - DAG(s) 'example_dag_decorator' retrieved from /home/airflow/.local/lib/python3.12/site-packages/airflow/example_dags/example_dag_decorator.py
[2025-11-16T23:26:35.972+0000] {logging_mixin.py:190} INFO - [2025-11-16T23:26:35.972+0000] {dag.py:3239} INFO - Sync 1 DAGs
[2025-11-16T23:26:35.981+0000] {logging_mixin.py:190} INFO - [2025-11-16T23:26:35.981+0000] {dag.py:4180} INFO - Setting next_dagrun for example_dag_decorator to None, run_after=None
[2025-11-16T23:26:35.995+0000] {processor.py:208} INFO - Processing /home/airflow/.local/lib/python3.12/site-packages/airflow/example_dags/example_dag_decorator.py took 0.197 seconds
[2025-11-16T23:27:07.594+0000] {processor.py:186} INFO - Started process (PID=697) to work on /home/airflow/.local/lib/python3.12/site-packages/airflow/example_dags/example_dag_decorator.py
[2025-11-16T23:27:07.594+0000] {processor.py:914} INFO - Processing file /home/airflow/.local/lib/python3.12/site-packages/airflow/example_dags/example_dag_decorator.py for tasks to queue
[2025-11-16T23:27:07.597+0000] {logging_mixin.py:190} INFO - [2025-11-16T23:27:07.596+0000] {dagbag.py:588} INFO - Filling up the DagBag from /home/airflow/.local/lib/python3.12/site-packages/airflow/example_dags/example_dag_decorator.py
[2025-11-16T23:27:07.664+0000] {processor.py:925} INFO - DAG(s) 'example_dag_decorator' retrieved from /home/airflow/.local/lib/python3.12/site-packages/airflow/example_dags/example_dag_decorator.py
[2025-11-16T23:27:07.732+0000] {logging_mixin.py:190} INFO - [2025-11-16T23:27:07.732+0000] {dag.py:3239} INFO - Sync 1 DAGs
[2025-11-16T23:27:07.740+0000] {logging_mixin.py:190} INFO - [2025-11-16T23:27:07.740+0000] {dag.py:4180} INFO - Setting next_dagrun for example_dag_decorator to None, run_after=None
[2025-11-16T23:27:07.753+0000] {processor.py:208} INFO - Processing /home/airflow/.local/lib/python3.12/site-packages/airflow/example_dags/example_dag_decorator.py took 0.164 seconds
[2025-11-16T23:27:38.205+0000] {processor.py:186} INFO - Started process (PID=762) to work on /home/airflow/.local/lib/python3.12/site-packages/airflow/example_dags/example_dag_decorator.py
[2025-11-16T23:27:38.206+0000] {processor.py:914} INFO - Processing file /home/airflow/.local/lib/python3.12/site-packages/airflow/example_dags/example_dag_decorator.py for tasks to queue
[2025-11-16T23:27:38.208+0000] {logging_mixin.py:190} INFO - [2025-11-16T23:27:38.208+0000] {dagbag.py:588} INFO - Filling up the DagBag from /home/airflow/.local/lib/python3.12/site-packages/airflow/example_dags/example_dag_decorator.py
[2025-11-16T23:27:38.278+0000] {processor.py:925} INFO - DAG(s) 'example_dag_decorator' retrieved from /home/airflow/.local/lib/python3.12/site-packages/airflow/example_dags/example_dag_decorator.py
[2025-11-16T23:27:38.355+0000] {logging_mixin.py:190} INFO - [2025-11-16T23:27:38.355+0000] {dag.py:3239} INFO - Sync 1 DAGs
[2025-11-16T23:27:38.364+0000] {logging_mixin.py:190} INFO - [2025-11-16T23:27:38.364+0000] {dag.py:4180} INFO - Setting next_dagrun for example_dag_decorator to None, run_after=None
[2025-11-16T23:27:38.379+0000] {processor.py:208} INFO - Processing /home/airflow/.local/lib/python3.12/site-packages/airflow/example_dags/example_dag_decorator.py took 0.179 seconds
[2025-11-16T23:28:09.186+0000] {processor.py:186} INFO - Started process (PID=827) to work on /home/airflow/.local/lib/python3.12/site-packages/airflow/example_dags/example_dag_decorator.py
[2025-11-16T23:28:09.187+0000] {processor.py:914} INFO - Processing file /home/airflow/.local/lib/python3.12/site-packages/airflow/example_dags/example_dag_decorator.py for tasks to queue
[2025-11-16T23:28:09.188+0000] {logging_mixin.py:190} INFO - [2025-11-16T23:28:09.188+0000] {dagbag.py:588} INFO - Filling up the DagBag from /home/airflow/.local/lib/python3.12/site-packages/airflow/example_dags/example_dag_decorator.py
[2025-11-16T23:28:09.273+0000] {processor.py:925} INFO - DAG(s) 'example_dag_decorator' retrieved from /home/airflow/.local/lib/python3.12/site-packages/airflow/example_dags/example_dag_decorator.py
[2025-11-16T23:28:09.378+0000] {logging_mixin.py:190} INFO - [2025-11-16T23:28:09.378+0000] {dag.py:3239} INFO - Sync 1 DAGs
[2025-11-16T23:28:09.387+0000] {logging_mixin.py:190} INFO - [2025-11-16T23:28:09.387+0000] {dag.py:4180} INFO - Setting next_dagrun for example_dag_decorator to None, run_after=None
[2025-11-16T23:28:09.400+0000] {processor.py:208} INFO - Processing /home/airflow/.local/lib/python3.12/site-packages/airflow/example_dags/example_dag_decorator.py took 0.219 seconds
[2025-11-16T23:28:41.185+0000] {processor.py:186} INFO - Started process (PID=892) to work on /home/airflow/.local/lib/python3.12/site-packages/airflow/example_dags/example_dag_decorator.py
[2025-11-16T23:28:41.186+0000] {processor.py:914} INFO - Processing file /home/airflow/.local/lib/python3.12/site-packages/airflow/example_dags/example_dag_decorator.py for tasks to queue
[2025-11-16T23:28:41.188+0000] {logging_mixin.py:190} INFO - [2025-11-16T23:28:41.188+0000] {dagbag.py:588} INFO - Filling up the DagBag from /home/airflow/.local/lib/python3.12/site-packages/airflow/example_dags/example_dag_decorator.py
[2025-11-16T23:28:41.275+0000] {processor.py:925} INFO - DAG(s) 'example_dag_decorator' retrieved from /home/airflow/.local/lib/python3.12/site-packages/airflow/example_dags/example_dag_decorator.py
[2025-11-16T23:28:41.349+0000] {logging_mixin.py:190} INFO - [2025-11-16T23:28:41.348+0000] {dag.py:3239} INFO - Sync 1 DAGs
[2025-11-16T23:28:41.357+0000] {logging_mixin.py:190} INFO - [2025-11-16T23:28:41.357+0000] {dag.py:4180} INFO - Setting next_dagrun for example_dag_decorator to None, run_after=None
[2025-11-16T23:28:41.371+0000] {processor.py:208} INFO - Processing /home/airflow/.local/lib/python3.12/site-packages/airflow/example_dags/example_dag_decorator.py took 0.190 seconds
[2025-11-16T23:29:12.401+0000] {processor.py:186} INFO - Started process (PID=961) to work on /home/airflow/.local/lib/python3.12/site-packages/airflow/example_dags/example_dag_decorator.py
[2025-11-16T23:29:12.402+0000] {processor.py:914} INFO - Processing file /home/airflow/.local/lib/python3.12/site-packages/airflow/example_dags/example_dag_decorator.py for tasks to queue
[2025-11-16T23:29:12.403+0000] {logging_mixin.py:190} INFO - [2025-11-16T23:29:12.403+0000] {dagbag.py:588} INFO - Filling up the DagBag from /home/airflow/.local/lib/python3.12/site-packages/airflow/example_dags/example_dag_decorator.py
[2025-11-16T23:29:12.481+0000] {processor.py:925} INFO - DAG(s) 'example_dag_decorator' retrieved from /home/airflow/.local/lib/python3.12/site-packages/airflow/example_dags/example_dag_decorator.py
[2025-11-16T23:29:12.569+0000] {logging_mixin.py:190} INFO - [2025-11-16T23:29:12.569+0000] {dag.py:3239} INFO - Sync 1 DAGs
[2025-11-16T23:29:12.578+0000] {logging_mixin.py:190} INFO - [2025-11-16T23:29:12.578+0000] {dag.py:4180} INFO - Setting next_dagrun for example_dag_decorator to None, run_after=None
[2025-11-16T23:29:12.593+0000] {processor.py:208} INFO - Processing /home/airflow/.local/lib/python3.12/site-packages/airflow/example_dags/example_dag_decorator.py took 0.197 seconds
[2025-11-16T23:29:43.285+0000] {processor.py:186} INFO - Started process (PID=1026) to work on /home/airflow/.local/lib/python3.12/site-packages/airflow/example_dags/example_dag_decorator.py
[2025-11-16T23:29:43.286+0000] {processor.py:914} INFO - Processing file /home/airflow/.local/lib/python3.12/site-packages/airflow/example_dags/example_dag_decorator.py for tasks to queue
[2025-11-16T23:29:43.288+0000] {logging_mixin.py:190} INFO - [2025-11-16T23:29:43.288+0000] {dagbag.py:588} INFO - Filling up the DagBag from /home/airflow/.local/lib/python3.12/site-packages/airflow/example_dags/example_dag_decorator.py
[2025-11-16T23:29:43.392+0000] {processor.py:925} INFO - DAG(s) 'example_dag_decorator' retrieved from /home/airflow/.local/lib/python3.12/site-packages/airflow/example_dags/example_dag_decorator.py
[2025-11-16T23:29:43.474+0000] {logging_mixin.py:190} INFO - [2025-11-16T23:29:43.474+0000] {dag.py:3239} INFO - Sync 1 DAGs
[2025-11-16T23:29:43.484+0000] {logging_mixin.py:190} INFO - [2025-11-16T23:29:43.484+0000] {dag.py:4180} INFO - Setting next_dagrun for example_dag_decorator to None, run_after=None
[2025-11-16T23:29:43.497+0000] {processor.py:208} INFO - Processing /home/airflow/.local/lib/python3.12/site-packages/airflow/example_dags/example_dag_decorator.py took 0.217 seconds
[2025-11-16T23:30:14.963+0000] {processor.py:186} INFO - Started process (PID=1091) to work on /home/airflow/.local/lib/python3.12/site-packages/airflow/example_dags/example_dag_decorator.py
[2025-11-16T23:30:14.964+0000] {processor.py:914} INFO - Processing file /home/airflow/.local/lib/python3.12/site-packages/airflow/example_dags/example_dag_decorator.py for tasks to queue
[2025-11-16T23:30:14.966+0000] {logging_mixin.py:190} INFO - [2025-11-16T23:30:14.965+0000] {dagbag.py:588} INFO - Filling up the DagBag from /home/airflow/.local/lib/python3.12/site-packages/airflow/example_dags/example_dag_decorator.py
[2025-11-16T23:30:15.041+0000] {processor.py:925} INFO - DAG(s) 'example_dag_decorator' retrieved from /home/airflow/.local/lib/python3.12/site-packages/airflow/example_dags/example_dag_decorator.py
[2025-11-16T23:30:15.116+0000] {logging_mixin.py:190} INFO - [2025-11-16T23:30:15.116+0000] {dag.py:3239} INFO - Sync 1 DAGs
[2025-11-16T23:30:15.126+0000] {logging_mixin.py:190} INFO - [2025-11-16T23:30:15.126+0000] {dag.py:4180} INFO - Setting next_dagrun for example_dag_decorator to None, run_after=None
[2025-11-16T23:30:15.139+0000] {processor.py:208} INFO - Processing /home/airflow/.local/lib/python3.12/site-packages/airflow/example_dags/example_dag_decorator.py took 0.181 seconds
[2025-11-16T23:30:45.661+0000] {processor.py:186} INFO - Started process (PID=1156) to work on /home/airflow/.local/lib/python3.12/site-packages/airflow/example_dags/example_dag_decorator.py
[2025-11-16T23:30:45.662+0000] {processor.py:914} INFO - Processing file /home/airflow/.local/lib/python3.12/site-packages/airflow/example_dags/example_dag_decorator.py for tasks to queue
[2025-11-16T23:30:45.664+0000] {logging_mixin.py:190} INFO - [2025-11-16T23:30:45.664+0000] {dagbag.py:588} INFO - Filling up the DagBag from /home/airflow/.local/lib/python3.12/site-packages/airflow/example_dags/example_dag_decorator.py
[2025-11-16T23:30:45.729+0000] {processor.py:925} INFO - DAG(s) 'example_dag_decorator' retrieved from /home/airflow/.local/lib/python3.12/site-packages/airflow/example_dags/example_dag_decorator.py
[2025-11-16T23:30:45.796+0000] {logging_mixin.py:190} INFO - [2025-11-16T23:30:45.796+0000] {dag.py:3239} INFO - Sync 1 DAGs
[2025-11-16T23:30:45.804+0000] {logging_mixin.py:190} INFO - [2025-11-16T23:30:45.804+0000] {dag.py:4180} INFO - Setting next_dagrun for example_dag_decorator to None, run_after=None
[2025-11-16T23:30:45.817+0000] {processor.py:208} INFO - Processing /home/airflow/.local/lib/python3.12/site-packages/airflow/example_dags/example_dag_decorator.py took 0.160 seconds
[2025-11-16T23:31:16.863+0000] {processor.py:186} INFO - Started process (PID=1221) to work on /home/airflow/.local/lib/python3.12/site-packages/airflow/example_dags/example_dag_decorator.py
[2025-11-16T23:31:16.864+0000] {processor.py:914} INFO - Processing file /home/airflow/.local/lib/python3.12/site-packages/airflow/example_dags/example_dag_decorator.py for tasks to queue
[2025-11-16T23:31:16.865+0000] {logging_mixin.py:190} INFO - [2025-11-16T23:31:16.865+0000] {dagbag.py:588} INFO - Filling up the DagBag from /home/airflow/.local/lib/python3.12/site-packages/airflow/example_dags/example_dag_decorator.py
[2025-11-16T23:31:16.938+0000] {processor.py:925} INFO - DAG(s) 'example_dag_decorator' retrieved from /home/airflow/.local/lib/python3.12/site-packages/airflow/example_dags/example_dag_decorator.py
[2025-11-16T23:31:17.009+0000] {logging_mixin.py:190} INFO - [2025-11-16T23:31:17.009+0000] {dag.py:3239} INFO - Sync 1 DAGs
[2025-11-16T23:31:17.018+0000] {logging_mixin.py:190} INFO - [2025-11-16T23:31:17.018+0000] {dag.py:4180} INFO - Setting next_dagrun for example_dag_decorator to None, run_after=None
[2025-11-16T23:31:17.031+0000] {processor.py:208} INFO - Processing /home/airflow/.local/lib/python3.12/site-packages/airflow/example_dags/example_dag_decorator.py took 0.173 seconds
[2025-11-16T23:31:47.969+0000] {processor.py:186} INFO - Started process (PID=1286) to work on /home/airflow/.local/lib/python3.12/site-packages/airflow/example_dags/example_dag_decorator.py
[2025-11-16T23:31:47.970+0000] {processor.py:914} INFO - Processing file /home/airflow/.local/lib/python3.12/site-packages/airflow/example_dags/example_dag_decorator.py for tasks to queue
[2025-11-16T23:31:47.971+0000] {logging_mixin.py:190} INFO - [2025-11-16T23:31:47.971+0000] {dagbag.py:588} INFO - Filling up the DagBag from /home/airflow/.local/lib/python3.12/site-packages/airflow/example_dags/example_dag_decorator.py
[2025-11-16T23:31:48.047+0000] {processor.py:925} INFO - DAG(s) 'example_dag_decorator' retrieved from /home/airflow/.local/lib/python3.12/site-packages/airflow/example_dags/example_dag_decorator.py
[2025-11-16T23:31:48.127+0000] {logging_mixin.py:190} INFO - [2025-11-16T23:31:48.126+0000] {dag.py:3239} INFO - Sync 1 DAGs
[2025-11-16T23:31:48.136+0000] {logging_mixin.py:190} INFO - [2025-11-16T23:31:48.136+0000] {dag.py:4180} INFO - Setting next_dagrun for example_dag_decorator to None, run_after=None
[2025-11-16T23:31:48.149+0000] {processor.py:208} INFO - Processing /home/airflow/.local/lib/python3.12/site-packages/airflow/example_dags/example_dag_decorator.py took 0.185 seconds
[2025-11-16T23:32:18.925+0000] {processor.py:186} INFO - Started process (PID=1351) to work on /home/airflow/.local/lib/python3.12/site-packages/airflow/example_dags/example_dag_decorator.py
[2025-11-16T23:32:18.926+0000] {processor.py:914} INFO - Processing file /home/airflow/.local/lib/python3.12/site-packages/airflow/example_dags/example_dag_decorator.py for tasks to queue
[2025-11-16T23:32:18.928+0000] {logging_mixin.py:190} INFO - [2025-11-16T23:32:18.928+0000] {dagbag.py:588} INFO - Filling up the DagBag from /home/airflow/.local/lib/python3.12/site-packages/airflow/example_dags/example_dag_decorator.py
[2025-11-16T23:32:19.000+0000] {processor.py:925} INFO - DAG(s) 'example_dag_decorator' retrieved from /home/airflow/.local/lib/python3.12/site-packages/airflow/example_dags/example_dag_decorator.py
[2025-11-16T23:32:19.080+0000] {logging_mixin.py:190} INFO - [2025-11-16T23:32:19.080+0000] {dag.py:3239} INFO - Sync 1 DAGs
[2025-11-16T23:32:19.089+0000] {logging_mixin.py:190} INFO - [2025-11-16T23:32:19.089+0000] {dag.py:4180} INFO - Setting next_dagrun for example_dag_decorator to None, run_after=None
[2025-11-16T23:32:19.103+0000] {processor.py:208} INFO - Processing /home/airflow/.local/lib/python3.12/site-packages/airflow/example_dags/example_dag_decorator.py took 0.182 seconds
[2025-11-16T23:32:50.468+0000] {processor.py:186} INFO - Started process (PID=1416) to work on /home/airflow/.local/lib/python3.12/site-packages/airflow/example_dags/example_dag_decorator.py
[2025-11-16T23:32:50.469+0000] {processor.py:914} INFO - Processing file /home/airflow/.local/lib/python3.12/site-packages/airflow/example_dags/example_dag_decorator.py for tasks to queue
[2025-11-16T23:32:50.472+0000] {logging_mixin.py:190} INFO - [2025-11-16T23:32:50.472+0000] {dagbag.py:588} INFO - Filling up the DagBag from /home/airflow/.local/lib/python3.12/site-packages/airflow/example_dags/example_dag_decorator.py
[2025-11-16T23:32:50.541+0000] {processor.py:925} INFO - DAG(s) 'example_dag_decorator' retrieved from /home/airflow/.local/lib/python3.12/site-packages/airflow/example_dags/example_dag_decorator.py
[2025-11-16T23:32:50.613+0000] {logging_mixin.py:190} INFO - [2025-11-16T23:32:50.613+0000] {dag.py:3239} INFO - Sync 1 DAGs
[2025-11-16T23:32:50.622+0000] {logging_mixin.py:190} INFO - [2025-11-16T23:32:50.622+0000] {dag.py:4180} INFO - Setting next_dagrun for example_dag_decorator to None, run_after=None
[2025-11-16T23:32:50.636+0000] {processor.py:208} INFO - Processing /home/airflow/.local/lib/python3.12/site-packages/airflow/example_dags/example_dag_decorator.py took 0.173 seconds
[2025-11-16T23:33:21.263+0000] {processor.py:186} INFO - Started process (PID=1481) to work on /home/airflow/.local/lib/python3.12/site-packages/airflow/example_dags/example_dag_decorator.py
[2025-11-16T23:33:21.264+0000] {processor.py:914} INFO - Processing file /home/airflow/.local/lib/python3.12/site-packages/airflow/example_dags/example_dag_decorator.py for tasks to queue
[2025-11-16T23:33:21.266+0000] {logging_mixin.py:190} INFO - [2025-11-16T23:33:21.266+0000] {dagbag.py:588} INFO - Filling up the DagBag from /home/airflow/.local/lib/python3.12/site-packages/airflow/example_dags/example_dag_decorator.py
[2025-11-16T23:33:21.341+0000] {processor.py:925} INFO - DAG(s) 'example_dag_decorator' retrieved from /home/airflow/.local/lib/python3.12/site-packages/airflow/example_dags/example_dag_decorator.py
[2025-11-16T23:33:21.435+0000] {logging_mixin.py:190} INFO - [2025-11-16T23:33:21.435+0000] {dag.py:3239} INFO - Sync 1 DAGs
[2025-11-16T23:33:21.445+0000] {logging_mixin.py:190} INFO - [2025-11-16T23:33:21.444+0000] {dag.py:4180} INFO - Setting next_dagrun for example_dag_decorator to None, run_after=None
[2025-11-16T23:33:21.462+0000] {processor.py:208} INFO - Processing /home/airflow/.local/lib/python3.12/site-packages/airflow/example_dags/example_dag_decorator.py took 0.203 seconds
[2025-11-16T23:33:52.508+0000] {processor.py:186} INFO - Started process (PID=1546) to work on /home/airflow/.local/lib/python3.12/site-packages/airflow/example_dags/example_dag_decorator.py
[2025-11-16T23:33:52.509+0000] {processor.py:914} INFO - Processing file /home/airflow/.local/lib/python3.12/site-packages/airflow/example_dags/example_dag_decorator.py for tasks to queue
[2025-11-16T23:33:52.512+0000] {logging_mixin.py:190} INFO - [2025-11-16T23:33:52.511+0000] {dagbag.py:588} INFO - Filling up the DagBag from /home/airflow/.local/lib/python3.12/site-packages/airflow/example_dags/example_dag_decorator.py
[2025-11-16T23:33:52.587+0000] {processor.py:925} INFO - DAG(s) 'example_dag_decorator' retrieved from /home/airflow/.local/lib/python3.12/site-packages/airflow/example_dags/example_dag_decorator.py
[2025-11-16T23:33:52.660+0000] {logging_mixin.py:190} INFO - [2025-11-16T23:33:52.660+0000] {dag.py:3239} INFO - Sync 1 DAGs
[2025-11-16T23:33:52.668+0000] {logging_mixin.py:190} INFO - [2025-11-16T23:33:52.668+0000] {dag.py:4180} INFO - Setting next_dagrun for example_dag_decorator to None, run_after=None
[2025-11-16T23:33:52.680+0000] {processor.py:208} INFO - Processing /home/airflow/.local/lib/python3.12/site-packages/airflow/example_dags/example_dag_decorator.py took 0.178 seconds
[2025-11-16T23:34:23.181+0000] {processor.py:186} INFO - Started process (PID=1611) to work on /home/airflow/.local/lib/python3.12/site-packages/airflow/example_dags/example_dag_decorator.py
[2025-11-16T23:34:23.182+0000] {processor.py:914} INFO - Processing file /home/airflow/.local/lib/python3.12/site-packages/airflow/example_dags/example_dag_decorator.py for tasks to queue
[2025-11-16T23:34:23.184+0000] {logging_mixin.py:190} INFO - [2025-11-16T23:34:23.183+0000] {dagbag.py:588} INFO - Filling up the DagBag from /home/airflow/.local/lib/python3.12/site-packages/airflow/example_dags/example_dag_decorator.py
[2025-11-16T23:34:23.259+0000] {processor.py:925} INFO - DAG(s) 'example_dag_decorator' retrieved from /home/airflow/.local/lib/python3.12/site-packages/airflow/example_dags/example_dag_decorator.py
[2025-11-16T23:34:23.341+0000] {logging_mixin.py:190} INFO - [2025-11-16T23:34:23.341+0000] {dag.py:3239} INFO - Sync 1 DAGs
[2025-11-16T23:34:23.351+0000] {logging_mixin.py:190} INFO - [2025-11-16T23:34:23.350+0000] {dag.py:4180} INFO - Setting next_dagrun for example_dag_decorator to None, run_after=None
[2025-11-16T23:34:23.365+0000] {processor.py:208} INFO - Processing /home/airflow/.local/lib/python3.12/site-packages/airflow/example_dags/example_dag_decorator.py took 0.189 seconds
[2025-11-16T23:34:54.213+0000] {processor.py:186} INFO - Started process (PID=1675) to work on /home/airflow/.local/lib/python3.12/site-packages/airflow/example_dags/example_dag_decorator.py
[2025-11-16T23:34:54.214+0000] {processor.py:914} INFO - Processing file /home/airflow/.local/lib/python3.12/site-packages/airflow/example_dags/example_dag_decorator.py for tasks to queue
[2025-11-16T23:34:54.216+0000] {logging_mixin.py:190} INFO - [2025-11-16T23:34:54.216+0000] {dagbag.py:588} INFO - Filling up the DagBag from /home/airflow/.local/lib/python3.12/site-packages/airflow/example_dags/example_dag_decorator.py
[2025-11-16T23:34:54.292+0000] {processor.py:925} INFO - DAG(s) 'example_dag_decorator' retrieved from /home/airflow/.local/lib/python3.12/site-packages/airflow/example_dags/example_dag_decorator.py
[2025-11-16T23:34:54.370+0000] {logging_mixin.py:190} INFO - [2025-11-16T23:34:54.369+0000] {dag.py:3239} INFO - Sync 1 DAGs
[2025-11-16T23:34:54.379+0000] {logging_mixin.py:190} INFO - [2025-11-16T23:34:54.379+0000] {dag.py:4180} INFO - Setting next_dagrun for example_dag_decorator to None, run_after=None
[2025-11-16T23:34:54.396+0000] {processor.py:208} INFO - Processing /home/airflow/.local/lib/python3.12/site-packages/airflow/example_dags/example_dag_decorator.py took 0.188 seconds
[2025-11-16T23:35:25.898+0000] {processor.py:186} INFO - Started process (PID=1741) to work on /home/airflow/.local/lib/python3.12/site-packages/airflow/example_dags/example_dag_decorator.py
[2025-11-16T23:35:25.900+0000] {processor.py:914} INFO - Processing file /home/airflow/.local/lib/python3.12/site-packages/airflow/example_dags/example_dag_decorator.py for tasks to queue
[2025-11-16T23:35:25.902+0000] {logging_mixin.py:190} INFO - [2025-11-16T23:35:25.902+0000] {dagbag.py:588} INFO - Filling up the DagBag from /home/airflow/.local/lib/python3.12/site-packages/airflow/example_dags/example_dag_decorator.py
[2025-11-16T23:35:25.983+0000] {processor.py:925} INFO - DAG(s) 'example_dag_decorator' retrieved from /home/airflow/.local/lib/python3.12/site-packages/airflow/example_dags/example_dag_decorator.py
[2025-11-16T23:35:26.062+0000] {logging_mixin.py:190} INFO - [2025-11-16T23:35:26.062+0000] {dag.py:3239} INFO - Sync 1 DAGs
[2025-11-16T23:35:26.070+0000] {logging_mixin.py:190} INFO - [2025-11-16T23:35:26.070+0000] {dag.py:4180} INFO - Setting next_dagrun for example_dag_decorator to None, run_after=None
[2025-11-16T23:35:26.098+0000] {processor.py:208} INFO - Processing /home/airflow/.local/lib/python3.12/site-packages/airflow/example_dags/example_dag_decorator.py took 0.205 seconds
[2025-11-16T23:35:56.597+0000] {processor.py:186} INFO - Started process (PID=1806) to work on /home/airflow/.local/lib/python3.12/site-packages/airflow/example_dags/example_dag_decorator.py
[2025-11-16T23:35:56.601+0000] {processor.py:914} INFO - Processing file /home/airflow/.local/lib/python3.12/site-packages/airflow/example_dags/example_dag_decorator.py for tasks to queue
[2025-11-16T23:35:56.603+0000] {logging_mixin.py:190} INFO - [2025-11-16T23:35:56.603+0000] {dagbag.py:588} INFO - Filling up the DagBag from /home/airflow/.local/lib/python3.12/site-packages/airflow/example_dags/example_dag_decorator.py
[2025-11-16T23:35:56.686+0000] {processor.py:925} INFO - DAG(s) 'example_dag_decorator' retrieved from /home/airflow/.local/lib/python3.12/site-packages/airflow/example_dags/example_dag_decorator.py
[2025-11-16T23:35:56.776+0000] {logging_mixin.py:190} INFO - [2025-11-16T23:35:56.776+0000] {dag.py:3239} INFO - Sync 1 DAGs
[2025-11-16T23:35:56.784+0000] {logging_mixin.py:190} INFO - [2025-11-16T23:35:56.784+0000] {dag.py:4180} INFO - Setting next_dagrun for example_dag_decorator to None, run_after=None
[2025-11-16T23:35:56.798+0000] {processor.py:208} INFO - Processing /home/airflow/.local/lib/python3.12/site-packages/airflow/example_dags/example_dag_decorator.py took 0.206 seconds
[2025-11-16T23:36:27.413+0000] {processor.py:186} INFO - Started process (PID=1871) to work on /home/airflow/.local/lib/python3.12/site-packages/airflow/example_dags/example_dag_decorator.py
[2025-11-16T23:36:27.414+0000] {processor.py:914} INFO - Processing file /home/airflow/.local/lib/python3.12/site-packages/airflow/example_dags/example_dag_decorator.py for tasks to queue
[2025-11-16T23:36:27.416+0000] {logging_mixin.py:190} INFO - [2025-11-16T23:36:27.416+0000] {dagbag.py:588} INFO - Filling up the DagBag from /home/airflow/.local/lib/python3.12/site-packages/airflow/example_dags/example_dag_decorator.py
[2025-11-16T23:36:27.497+0000] {processor.py:925} INFO - DAG(s) 'example_dag_decorator' retrieved from /home/airflow/.local/lib/python3.12/site-packages/airflow/example_dags/example_dag_decorator.py
[2025-11-16T23:36:27.568+0000] {logging_mixin.py:190} INFO - [2025-11-16T23:36:27.568+0000] {dag.py:3239} INFO - Sync 1 DAGs
[2025-11-16T23:36:27.576+0000] {logging_mixin.py:190} INFO - [2025-11-16T23:36:27.576+0000] {dag.py:4180} INFO - Setting next_dagrun for example_dag_decorator to None, run_after=None
[2025-11-16T23:36:27.588+0000] {processor.py:208} INFO - Processing /home/airflow/.local/lib/python3.12/site-packages/airflow/example_dags/example_dag_decorator.py took 0.180 seconds
[2025-11-16T23:36:58.726+0000] {processor.py:186} INFO - Started process (PID=1936) to work on /home/airflow/.local/lib/python3.12/site-packages/airflow/example_dags/example_dag_decorator.py
[2025-11-16T23:36:58.726+0000] {processor.py:914} INFO - Processing file /home/airflow/.local/lib/python3.12/site-packages/airflow/example_dags/example_dag_decorator.py for tasks to queue
[2025-11-16T23:36:58.728+0000] {logging_mixin.py:190} INFO - [2025-11-16T23:36:58.728+0000] {dagbag.py:588} INFO - Filling up the DagBag from /home/airflow/.local/lib/python3.12/site-packages/airflow/example_dags/example_dag_decorator.py
[2025-11-16T23:36:58.793+0000] {processor.py:925} INFO - DAG(s) 'example_dag_decorator' retrieved from /home/airflow/.local/lib/python3.12/site-packages/airflow/example_dags/example_dag_decorator.py
[2025-11-16T23:36:58.870+0000] {logging_mixin.py:190} INFO - [2025-11-16T23:36:58.870+0000] {dag.py:3239} INFO - Sync 1 DAGs
[2025-11-16T23:36:58.882+0000] {logging_mixin.py:190} INFO - [2025-11-16T23:36:58.881+0000] {dag.py:4180} INFO - Setting next_dagrun for example_dag_decorator to None, run_after=None
[2025-11-16T23:36:58.901+0000] {processor.py:208} INFO - Processing /home/airflow/.local/lib/python3.12/site-packages/airflow/example_dags/example_dag_decorator.py took 0.179 seconds
[2025-11-16T23:37:29.829+0000] {processor.py:186} INFO - Started process (PID=2001) to work on /home/airflow/.local/lib/python3.12/site-packages/airflow/example_dags/example_dag_decorator.py
[2025-11-16T23:37:29.830+0000] {processor.py:914} INFO - Processing file /home/airflow/.local/lib/python3.12/site-packages/airflow/example_dags/example_dag_decorator.py for tasks to queue
[2025-11-16T23:37:29.832+0000] {logging_mixin.py:190} INFO - [2025-11-16T23:37:29.832+0000] {dagbag.py:588} INFO - Filling up the DagBag from /home/airflow/.local/lib/python3.12/site-packages/airflow/example_dags/example_dag_decorator.py
[2025-11-16T23:37:29.896+0000] {processor.py:925} INFO - DAG(s) 'example_dag_decorator' retrieved from /home/airflow/.local/lib/python3.12/site-packages/airflow/example_dags/example_dag_decorator.py
[2025-11-16T23:37:29.968+0000] {logging_mixin.py:190} INFO - [2025-11-16T23:37:29.967+0000] {dag.py:3239} INFO - Sync 1 DAGs
[2025-11-16T23:37:29.975+0000] {logging_mixin.py:190} INFO - [2025-11-16T23:37:29.975+0000] {dag.py:4180} INFO - Setting next_dagrun for example_dag_decorator to None, run_after=None
[2025-11-16T23:37:29.988+0000] {processor.py:208} INFO - Processing /home/airflow/.local/lib/python3.12/site-packages/airflow/example_dags/example_dag_decorator.py took 0.164 seconds
[2025-11-16T23:38:01.344+0000] {processor.py:186} INFO - Started process (PID=2066) to work on /home/airflow/.local/lib/python3.12/site-packages/airflow/example_dags/example_dag_decorator.py
[2025-11-16T23:38:01.345+0000] {processor.py:914} INFO - Processing file /home/airflow/.local/lib/python3.12/site-packages/airflow/example_dags/example_dag_decorator.py for tasks to queue
[2025-11-16T23:38:01.347+0000] {logging_mixin.py:190} INFO - [2025-11-16T23:38:01.347+0000] {dagbag.py:588} INFO - Filling up the DagBag from /home/airflow/.local/lib/python3.12/site-packages/airflow/example_dags/example_dag_decorator.py
[2025-11-16T23:38:01.463+0000] {processor.py:925} INFO - DAG(s) 'example_dag_decorator' retrieved from /home/airflow/.local/lib/python3.12/site-packages/airflow/example_dags/example_dag_decorator.py
[2025-11-16T23:38:01.569+0000] {logging_mixin.py:190} INFO - [2025-11-16T23:38:01.568+0000] {dag.py:3239} INFO - Sync 1 DAGs
[2025-11-16T23:38:01.577+0000] {logging_mixin.py:190} INFO - [2025-11-16T23:38:01.577+0000] {dag.py:4180} INFO - Setting next_dagrun for example_dag_decorator to None, run_after=None
[2025-11-16T23:38:01.594+0000] {processor.py:208} INFO - Processing /home/airflow/.local/lib/python3.12/site-packages/airflow/example_dags/example_dag_decorator.py took 0.255 seconds
[2025-11-16T23:38:32.707+0000] {processor.py:186} INFO - Started process (PID=2131) to work on /home/airflow/.local/lib/python3.12/site-packages/airflow/example_dags/example_dag_decorator.py
[2025-11-16T23:38:32.708+0000] {processor.py:914} INFO - Processing file /home/airflow/.local/lib/python3.12/site-packages/airflow/example_dags/example_dag_decorator.py for tasks to queue
[2025-11-16T23:38:32.710+0000] {logging_mixin.py:190} INFO - [2025-11-16T23:38:32.709+0000] {dagbag.py:588} INFO - Filling up the DagBag from /home/airflow/.local/lib/python3.12/site-packages/airflow/example_dags/example_dag_decorator.py
[2025-11-16T23:38:32.778+0000] {processor.py:925} INFO - DAG(s) 'example_dag_decorator' retrieved from /home/airflow/.local/lib/python3.12/site-packages/airflow/example_dags/example_dag_decorator.py
[2025-11-16T23:38:32.905+0000] {logging_mixin.py:190} INFO - [2025-11-16T23:38:32.905+0000] {dag.py:3239} INFO - Sync 1 DAGs
[2025-11-16T23:38:32.913+0000] {logging_mixin.py:190} INFO - [2025-11-16T23:38:32.913+0000] {dag.py:4180} INFO - Setting next_dagrun for example_dag_decorator to None, run_after=None
[2025-11-16T23:38:32.926+0000] {processor.py:208} INFO - Processing /home/airflow/.local/lib/python3.12/site-packages/airflow/example_dags/example_dag_decorator.py took 0.173 seconds
[2025-11-16T23:39:03.742+0000] {processor.py:186} INFO - Started process (PID=2202) to work on /home/airflow/.local/lib/python3.12/site-packages/airflow/example_dags/example_dag_decorator.py
[2025-11-16T23:39:03.743+0000] {processor.py:914} INFO - Processing file /home/airflow/.local/lib/python3.12/site-packages/airflow/example_dags/example_dag_decorator.py for tasks to queue
[2025-11-16T23:39:03.745+0000] {logging_mixin.py:190} INFO - [2025-11-16T23:39:03.745+0000] {dagbag.py:588} INFO - Filling up the DagBag from /home/airflow/.local/lib/python3.12/site-packages/airflow/example_dags/example_dag_decorator.py
[2025-11-16T23:39:03.814+0000] {processor.py:925} INFO - DAG(s) 'example_dag_decorator' retrieved from /home/airflow/.local/lib/python3.12/site-packages/airflow/example_dags/example_dag_decorator.py
[2025-11-16T23:39:03.887+0000] {logging_mixin.py:190} INFO - [2025-11-16T23:39:03.887+0000] {dag.py:3239} INFO - Sync 1 DAGs
[2025-11-16T23:39:03.895+0000] {logging_mixin.py:190} INFO - [2025-11-16T23:39:03.895+0000] {dag.py:4180} INFO - Setting next_dagrun for example_dag_decorator to None, run_after=None
[2025-11-16T23:39:03.908+0000] {processor.py:208} INFO - Processing /home/airflow/.local/lib/python3.12/site-packages/airflow/example_dags/example_dag_decorator.py took 0.171 seconds
[2025-11-16T23:39:35.601+0000] {processor.py:186} INFO - Started process (PID=2267) to work on /home/airflow/.local/lib/python3.12/site-packages/airflow/example_dags/example_dag_decorator.py
[2025-11-16T23:39:35.602+0000] {processor.py:914} INFO - Processing file /home/airflow/.local/lib/python3.12/site-packages/airflow/example_dags/example_dag_decorator.py for tasks to queue
[2025-11-16T23:39:35.605+0000] {logging_mixin.py:190} INFO - [2025-11-16T23:39:35.604+0000] {dagbag.py:588} INFO - Filling up the DagBag from /home/airflow/.local/lib/python3.12/site-packages/airflow/example_dags/example_dag_decorator.py
[2025-11-16T23:39:35.687+0000] {processor.py:925} INFO - DAG(s) 'example_dag_decorator' retrieved from /home/airflow/.local/lib/python3.12/site-packages/airflow/example_dags/example_dag_decorator.py
[2025-11-16T23:39:35.705+0000] {logging_mixin.py:190} INFO - [2025-11-16T23:39:35.705+0000] {dag.py:3239} INFO - Sync 1 DAGs
[2025-11-16T23:39:35.718+0000] {logging_mixin.py:190} INFO - [2025-11-16T23:39:35.718+0000] {dag.py:4180} INFO - Setting next_dagrun for example_dag_decorator to None, run_after=None
[2025-11-16T23:39:35.733+0000] {processor.py:208} INFO - Processing /home/airflow/.local/lib/python3.12/site-packages/airflow/example_dags/example_dag_decorator.py took 0.137 seconds
[2025-11-16T23:40:07.791+0000] {processor.py:186} INFO - Started process (PID=2332) to work on /home/airflow/.local/lib/python3.12/site-packages/airflow/example_dags/example_dag_decorator.py
[2025-11-16T23:40:07.792+0000] {processor.py:914} INFO - Processing file /home/airflow/.local/lib/python3.12/site-packages/airflow/example_dags/example_dag_decorator.py for tasks to queue
[2025-11-16T23:40:07.796+0000] {logging_mixin.py:190} INFO - [2025-11-16T23:40:07.796+0000] {dagbag.py:588} INFO - Filling up the DagBag from /home/airflow/.local/lib/python3.12/site-packages/airflow/example_dags/example_dag_decorator.py
[2025-11-16T23:40:07.984+0000] {processor.py:925} INFO - DAG(s) 'example_dag_decorator' retrieved from /home/airflow/.local/lib/python3.12/site-packages/airflow/example_dags/example_dag_decorator.py
[2025-11-16T23:40:08.018+0000] {logging_mixin.py:190} INFO - [2025-11-16T23:40:08.017+0000] {dag.py:3239} INFO - Sync 1 DAGs
[2025-11-16T23:40:08.040+0000] {logging_mixin.py:190} INFO - [2025-11-16T23:40:08.039+0000] {dag.py:4180} INFO - Setting next_dagrun for example_dag_decorator to None, run_after=None
[2025-11-16T23:40:08.064+0000] {processor.py:208} INFO - Processing /home/airflow/.local/lib/python3.12/site-packages/airflow/example_dags/example_dag_decorator.py took 0.278 seconds
[2025-11-16T23:40:38.841+0000] {processor.py:186} INFO - Started process (PID=2397) to work on /home/airflow/.local/lib/python3.12/site-packages/airflow/example_dags/example_dag_decorator.py
[2025-11-16T23:40:38.842+0000] {processor.py:914} INFO - Processing file /home/airflow/.local/lib/python3.12/site-packages/airflow/example_dags/example_dag_decorator.py for tasks to queue
[2025-11-16T23:40:38.845+0000] {logging_mixin.py:190} INFO - [2025-11-16T23:40:38.845+0000] {dagbag.py:588} INFO - Filling up the DagBag from /home/airflow/.local/lib/python3.12/site-packages/airflow/example_dags/example_dag_decorator.py
[2025-11-16T23:40:38.982+0000] {processor.py:925} INFO - DAG(s) 'example_dag_decorator' retrieved from /home/airflow/.local/lib/python3.12/site-packages/airflow/example_dags/example_dag_decorator.py
[2025-11-16T23:40:39.110+0000] {logging_mixin.py:190} INFO - [2025-11-16T23:40:39.110+0000] {dag.py:3239} INFO - Sync 1 DAGs
[2025-11-16T23:40:39.119+0000] {logging_mixin.py:190} INFO - [2025-11-16T23:40:39.119+0000] {dag.py:4180} INFO - Setting next_dagrun for example_dag_decorator to None, run_after=None
[2025-11-16T23:40:39.133+0000] {processor.py:208} INFO - Processing /home/airflow/.local/lib/python3.12/site-packages/airflow/example_dags/example_dag_decorator.py took 0.298 seconds
[2025-11-16T23:41:09.340+0000] {processor.py:186} INFO - Started process (PID=2462) to work on /home/airflow/.local/lib/python3.12/site-packages/airflow/example_dags/example_dag_decorator.py
[2025-11-16T23:41:09.341+0000] {processor.py:914} INFO - Processing file /home/airflow/.local/lib/python3.12/site-packages/airflow/example_dags/example_dag_decorator.py for tasks to queue
[2025-11-16T23:41:09.343+0000] {logging_mixin.py:190} INFO - [2025-11-16T23:41:09.342+0000] {dagbag.py:588} INFO - Filling up the DagBag from /home/airflow/.local/lib/python3.12/site-packages/airflow/example_dags/example_dag_decorator.py
[2025-11-16T23:41:09.440+0000] {processor.py:925} INFO - DAG(s) 'example_dag_decorator' retrieved from /home/airflow/.local/lib/python3.12/site-packages/airflow/example_dags/example_dag_decorator.py
[2025-11-16T23:41:09.541+0000] {logging_mixin.py:190} INFO - [2025-11-16T23:41:09.541+0000] {dag.py:3239} INFO - Sync 1 DAGs
[2025-11-16T23:41:09.549+0000] {logging_mixin.py:190} INFO - [2025-11-16T23:41:09.549+0000] {dag.py:4180} INFO - Setting next_dagrun for example_dag_decorator to None, run_after=None
[2025-11-16T23:41:09.564+0000] {processor.py:208} INFO - Processing /home/airflow/.local/lib/python3.12/site-packages/airflow/example_dags/example_dag_decorator.py took 0.229 seconds
[2025-11-16T23:41:40.785+0000] {processor.py:186} INFO - Started process (PID=2527) to work on /home/airflow/.local/lib/python3.12/site-packages/airflow/example_dags/example_dag_decorator.py
[2025-11-16T23:41:40.786+0000] {processor.py:914} INFO - Processing file /home/airflow/.local/lib/python3.12/site-packages/airflow/example_dags/example_dag_decorator.py for tasks to queue
[2025-11-16T23:41:40.789+0000] {logging_mixin.py:190} INFO - [2025-11-16T23:41:40.788+0000] {dagbag.py:588} INFO - Filling up the DagBag from /home/airflow/.local/lib/python3.12/site-packages/airflow/example_dags/example_dag_decorator.py
[2025-11-16T23:41:40.860+0000] {processor.py:925} INFO - DAG(s) 'example_dag_decorator' retrieved from /home/airflow/.local/lib/python3.12/site-packages/airflow/example_dags/example_dag_decorator.py
[2025-11-16T23:41:40.876+0000] {logging_mixin.py:190} INFO - [2025-11-16T23:41:40.876+0000] {dag.py:3239} INFO - Sync 1 DAGs
[2025-11-16T23:41:40.886+0000] {logging_mixin.py:190} INFO - [2025-11-16T23:41:40.886+0000] {dag.py:4180} INFO - Setting next_dagrun for example_dag_decorator to None, run_after=None
[2025-11-16T23:41:40.898+0000] {processor.py:208} INFO - Processing /home/airflow/.local/lib/python3.12/site-packages/airflow/example_dags/example_dag_decorator.py took 0.118 seconds
[2025-11-16T23:42:11.987+0000] {processor.py:186} INFO - Started process (PID=2592) to work on /home/airflow/.local/lib/python3.12/site-packages/airflow/example_dags/example_dag_decorator.py
[2025-11-16T23:42:11.988+0000] {processor.py:914} INFO - Processing file /home/airflow/.local/lib/python3.12/site-packages/airflow/example_dags/example_dag_decorator.py for tasks to queue
[2025-11-16T23:42:11.991+0000] {logging_mixin.py:190} INFO - [2025-11-16T23:42:11.990+0000] {dagbag.py:588} INFO - Filling up the DagBag from /home/airflow/.local/lib/python3.12/site-packages/airflow/example_dags/example_dag_decorator.py
[2025-11-16T23:42:12.063+0000] {processor.py:925} INFO - DAG(s) 'example_dag_decorator' retrieved from /home/airflow/.local/lib/python3.12/site-packages/airflow/example_dags/example_dag_decorator.py
[2025-11-16T23:42:12.138+0000] {logging_mixin.py:190} INFO - [2025-11-16T23:42:12.138+0000] {dag.py:3239} INFO - Sync 1 DAGs
[2025-11-16T23:42:12.147+0000] {logging_mixin.py:190} INFO - [2025-11-16T23:42:12.147+0000] {dag.py:4180} INFO - Setting next_dagrun for example_dag_decorator to None, run_after=None
[2025-11-16T23:42:12.161+0000] {processor.py:208} INFO - Processing /home/airflow/.local/lib/python3.12/site-packages/airflow/example_dags/example_dag_decorator.py took 0.178 seconds
[2025-11-16T23:42:43.358+0000] {processor.py:186} INFO - Started process (PID=2658) to work on /home/airflow/.local/lib/python3.12/site-packages/airflow/example_dags/example_dag_decorator.py
[2025-11-16T23:42:43.359+0000] {processor.py:914} INFO - Processing file /home/airflow/.local/lib/python3.12/site-packages/airflow/example_dags/example_dag_decorator.py for tasks to queue
[2025-11-16T23:42:43.363+0000] {logging_mixin.py:190} INFO - [2025-11-16T23:42:43.362+0000] {dagbag.py:588} INFO - Filling up the DagBag from /home/airflow/.local/lib/python3.12/site-packages/airflow/example_dags/example_dag_decorator.py
[2025-11-16T23:42:43.435+0000] {processor.py:925} INFO - DAG(s) 'example_dag_decorator' retrieved from /home/airflow/.local/lib/python3.12/site-packages/airflow/example_dags/example_dag_decorator.py
[2025-11-16T23:42:43.509+0000] {logging_mixin.py:190} INFO - [2025-11-16T23:42:43.508+0000] {dag.py:3239} INFO - Sync 1 DAGs
[2025-11-16T23:42:43.661+0000] {logging_mixin.py:190} INFO - [2025-11-16T23:42:43.661+0000] {dag.py:4180} INFO - Setting next_dagrun for example_dag_decorator to None, run_after=None
[2025-11-16T23:42:43.673+0000] {processor.py:208} INFO - Processing /home/airflow/.local/lib/python3.12/site-packages/airflow/example_dags/example_dag_decorator.py took 0.319 seconds
[2025-11-16T23:43:14.386+0000] {processor.py:186} INFO - Started process (PID=2723) to work on /home/airflow/.local/lib/python3.12/site-packages/airflow/example_dags/example_dag_decorator.py
[2025-11-16T23:43:14.387+0000] {processor.py:914} INFO - Processing file /home/airflow/.local/lib/python3.12/site-packages/airflow/example_dags/example_dag_decorator.py for tasks to queue
[2025-11-16T23:43:14.389+0000] {logging_mixin.py:190} INFO - [2025-11-16T23:43:14.389+0000] {dagbag.py:588} INFO - Filling up the DagBag from /home/airflow/.local/lib/python3.12/site-packages/airflow/example_dags/example_dag_decorator.py
[2025-11-16T23:43:14.461+0000] {processor.py:925} INFO - DAG(s) 'example_dag_decorator' retrieved from /home/airflow/.local/lib/python3.12/site-packages/airflow/example_dags/example_dag_decorator.py
[2025-11-16T23:43:14.534+0000] {logging_mixin.py:190} INFO - [2025-11-16T23:43:14.534+0000] {dag.py:3239} INFO - Sync 1 DAGs
[2025-11-16T23:43:14.544+0000] {logging_mixin.py:190} INFO - [2025-11-16T23:43:14.544+0000] {dag.py:4180} INFO - Setting next_dagrun for example_dag_decorator to None, run_after=None
[2025-11-16T23:43:14.709+0000] {processor.py:208} INFO - Processing /home/airflow/.local/lib/python3.12/site-packages/airflow/example_dags/example_dag_decorator.py took 0.327 seconds
[2025-11-16T23:43:44.854+0000] {processor.py:186} INFO - Started process (PID=2790) to work on /home/airflow/.local/lib/python3.12/site-packages/airflow/example_dags/example_dag_decorator.py
[2025-11-16T23:43:44.855+0000] {processor.py:914} INFO - Processing file /home/airflow/.local/lib/python3.12/site-packages/airflow/example_dags/example_dag_decorator.py for tasks to queue
[2025-11-16T23:43:44.857+0000] {logging_mixin.py:190} INFO - [2025-11-16T23:43:44.857+0000] {dagbag.py:588} INFO - Filling up the DagBag from /home/airflow/.local/lib/python3.12/site-packages/airflow/example_dags/example_dag_decorator.py
[2025-11-16T23:43:44.926+0000] {processor.py:925} INFO - DAG(s) 'example_dag_decorator' retrieved from /home/airflow/.local/lib/python3.12/site-packages/airflow/example_dags/example_dag_decorator.py
[2025-11-16T23:43:44.941+0000] {logging_mixin.py:190} INFO - [2025-11-16T23:43:44.941+0000] {dag.py:3239} INFO - Sync 1 DAGs
[2025-11-16T23:43:44.952+0000] {logging_mixin.py:190} INFO - [2025-11-16T23:43:44.952+0000] {dag.py:4180} INFO - Setting next_dagrun for example_dag_decorator to None, run_after=None
[2025-11-16T23:43:44.964+0000] {processor.py:208} INFO - Processing /home/airflow/.local/lib/python3.12/site-packages/airflow/example_dags/example_dag_decorator.py took 0.115 seconds
[2025-11-16T23:44:16.095+0000] {processor.py:186} INFO - Started process (PID=2853) to work on /home/airflow/.local/lib/python3.12/site-packages/airflow/example_dags/example_dag_decorator.py
[2025-11-16T23:44:16.096+0000] {processor.py:914} INFO - Processing file /home/airflow/.local/lib/python3.12/site-packages/airflow/example_dags/example_dag_decorator.py for tasks to queue
[2025-11-16T23:44:16.099+0000] {logging_mixin.py:190} INFO - [2025-11-16T23:44:16.098+0000] {dagbag.py:588} INFO - Filling up the DagBag from /home/airflow/.local/lib/python3.12/site-packages/airflow/example_dags/example_dag_decorator.py
[2025-11-16T23:44:16.169+0000] {processor.py:925} INFO - DAG(s) 'example_dag_decorator' retrieved from /home/airflow/.local/lib/python3.12/site-packages/airflow/example_dags/example_dag_decorator.py
[2025-11-16T23:44:16.243+0000] {logging_mixin.py:190} INFO - [2025-11-16T23:44:16.242+0000] {dag.py:3239} INFO - Sync 1 DAGs
[2025-11-16T23:44:16.251+0000] {logging_mixin.py:190} INFO - [2025-11-16T23:44:16.251+0000] {dag.py:4180} INFO - Setting next_dagrun for example_dag_decorator to None, run_after=None
[2025-11-16T23:44:16.263+0000] {processor.py:208} INFO - Processing /home/airflow/.local/lib/python3.12/site-packages/airflow/example_dags/example_dag_decorator.py took 0.173 seconds
[2025-11-16T23:44:46.954+0000] {processor.py:186} INFO - Started process (PID=2921) to work on /home/airflow/.local/lib/python3.12/site-packages/airflow/example_dags/example_dag_decorator.py
[2025-11-16T23:44:46.955+0000] {processor.py:914} INFO - Processing file /home/airflow/.local/lib/python3.12/site-packages/airflow/example_dags/example_dag_decorator.py for tasks to queue
[2025-11-16T23:44:46.957+0000] {logging_mixin.py:190} INFO - [2025-11-16T23:44:46.957+0000] {dagbag.py:588} INFO - Filling up the DagBag from /home/airflow/.local/lib/python3.12/site-packages/airflow/example_dags/example_dag_decorator.py
[2025-11-16T23:44:47.033+0000] {processor.py:925} INFO - DAG(s) 'example_dag_decorator' retrieved from /home/airflow/.local/lib/python3.12/site-packages/airflow/example_dags/example_dag_decorator.py
[2025-11-16T23:44:47.127+0000] {logging_mixin.py:190} INFO - [2025-11-16T23:44:47.127+0000] {dag.py:3239} INFO - Sync 1 DAGs
[2025-11-16T23:44:47.294+0000] {logging_mixin.py:190} INFO - [2025-11-16T23:44:47.293+0000] {dag.py:4180} INFO - Setting next_dagrun for example_dag_decorator to None, run_after=None
[2025-11-16T23:44:47.312+0000] {processor.py:208} INFO - Processing /home/airflow/.local/lib/python3.12/site-packages/airflow/example_dags/example_dag_decorator.py took 0.363 seconds
[2025-11-16T23:45:17.694+0000] {processor.py:186} INFO - Started process (PID=2985) to work on /home/airflow/.local/lib/python3.12/site-packages/airflow/example_dags/example_dag_decorator.py
[2025-11-16T23:45:17.695+0000] {processor.py:914} INFO - Processing file /home/airflow/.local/lib/python3.12/site-packages/airflow/example_dags/example_dag_decorator.py for tasks to queue
[2025-11-16T23:45:17.698+0000] {logging_mixin.py:190} INFO - [2025-11-16T23:45:17.698+0000] {dagbag.py:588} INFO - Filling up the DagBag from /home/airflow/.local/lib/python3.12/site-packages/airflow/example_dags/example_dag_decorator.py
[2025-11-16T23:45:17.781+0000] {processor.py:925} INFO - DAG(s) 'example_dag_decorator' retrieved from /home/airflow/.local/lib/python3.12/site-packages/airflow/example_dags/example_dag_decorator.py
[2025-11-16T23:45:17.866+0000] {logging_mixin.py:190} INFO - [2025-11-16T23:45:17.866+0000] {dag.py:3239} INFO - Sync 1 DAGs
[2025-11-16T23:45:17.877+0000] {logging_mixin.py:190} INFO - [2025-11-16T23:45:17.876+0000] {dag.py:4180} INFO - Setting next_dagrun for example_dag_decorator to None, run_after=None
[2025-11-16T23:45:18.053+0000] {processor.py:208} INFO - Processing /home/airflow/.local/lib/python3.12/site-packages/airflow/example_dags/example_dag_decorator.py took 0.366 seconds
[2025-11-16T23:45:48.231+0000] {processor.py:186} INFO - Started process (PID=3050) to work on /home/airflow/.local/lib/python3.12/site-packages/airflow/example_dags/example_dag_decorator.py
[2025-11-16T23:45:48.232+0000] {processor.py:914} INFO - Processing file /home/airflow/.local/lib/python3.12/site-packages/airflow/example_dags/example_dag_decorator.py for tasks to queue
[2025-11-16T23:45:48.235+0000] {logging_mixin.py:190} INFO - [2025-11-16T23:45:48.234+0000] {dagbag.py:588} INFO - Filling up the DagBag from /home/airflow/.local/lib/python3.12/site-packages/airflow/example_dags/example_dag_decorator.py
[2025-11-16T23:45:48.305+0000] {processor.py:925} INFO - DAG(s) 'example_dag_decorator' retrieved from /home/airflow/.local/lib/python3.12/site-packages/airflow/example_dags/example_dag_decorator.py
[2025-11-16T23:45:48.382+0000] {logging_mixin.py:190} INFO - [2025-11-16T23:45:48.382+0000] {dag.py:3239} INFO - Sync 1 DAGs
[2025-11-16T23:45:48.391+0000] {logging_mixin.py:190} INFO - [2025-11-16T23:45:48.391+0000] {dag.py:4180} INFO - Setting next_dagrun for example_dag_decorator to None, run_after=None
[2025-11-16T23:45:48.406+0000] {processor.py:208} INFO - Processing /home/airflow/.local/lib/python3.12/site-packages/airflow/example_dags/example_dag_decorator.py took 0.180 seconds
[2025-11-16T23:46:19.413+0000] {processor.py:186} INFO - Started process (PID=3115) to work on /home/airflow/.local/lib/python3.12/site-packages/airflow/example_dags/example_dag_decorator.py
[2025-11-16T23:46:19.414+0000] {processor.py:914} INFO - Processing file /home/airflow/.local/lib/python3.12/site-packages/airflow/example_dags/example_dag_decorator.py for tasks to queue
[2025-11-16T23:46:19.417+0000] {logging_mixin.py:190} INFO - [2025-11-16T23:46:19.416+0000] {dagbag.py:588} INFO - Filling up the DagBag from /home/airflow/.local/lib/python3.12/site-packages/airflow/example_dags/example_dag_decorator.py
[2025-11-16T23:46:19.490+0000] {processor.py:925} INFO - DAG(s) 'example_dag_decorator' retrieved from /home/airflow/.local/lib/python3.12/site-packages/airflow/example_dags/example_dag_decorator.py
[2025-11-16T23:46:19.698+0000] {logging_mixin.py:190} INFO - [2025-11-16T23:46:19.698+0000] {dag.py:3239} INFO - Sync 1 DAGs
[2025-11-16T23:46:19.705+0000] {logging_mixin.py:190} INFO - [2025-11-16T23:46:19.705+0000] {dag.py:4180} INFO - Setting next_dagrun for example_dag_decorator to None, run_after=None
[2025-11-16T23:46:19.718+0000] {processor.py:208} INFO - Processing /home/airflow/.local/lib/python3.12/site-packages/airflow/example_dags/example_dag_decorator.py took 0.310 seconds
[2025-11-16T23:46:49.820+0000] {processor.py:186} INFO - Started process (PID=3180) to work on /home/airflow/.local/lib/python3.12/site-packages/airflow/example_dags/example_dag_decorator.py
[2025-11-16T23:46:49.821+0000] {processor.py:914} INFO - Processing file /home/airflow/.local/lib/python3.12/site-packages/airflow/example_dags/example_dag_decorator.py for tasks to queue
[2025-11-16T23:46:49.823+0000] {logging_mixin.py:190} INFO - [2025-11-16T23:46:49.823+0000] {dagbag.py:588} INFO - Filling up the DagBag from /home/airflow/.local/lib/python3.12/site-packages/airflow/example_dags/example_dag_decorator.py
[2025-11-16T23:46:49.909+0000] {processor.py:925} INFO - DAG(s) 'example_dag_decorator' retrieved from /home/airflow/.local/lib/python3.12/site-packages/airflow/example_dags/example_dag_decorator.py
[2025-11-16T23:46:50.120+0000] {logging_mixin.py:190} INFO - [2025-11-16T23:46:50.120+0000] {dag.py:3239} INFO - Sync 1 DAGs
[2025-11-16T23:46:50.127+0000] {logging_mixin.py:190} INFO - [2025-11-16T23:46:50.127+0000] {dag.py:4180} INFO - Setting next_dagrun for example_dag_decorator to None, run_after=None
[2025-11-16T23:46:50.139+0000] {processor.py:208} INFO - Processing /home/airflow/.local/lib/python3.12/site-packages/airflow/example_dags/example_dag_decorator.py took 0.323 seconds
