[2025-11-16T19:14:14.802+0000] {processor.py:186} INFO - Started process (PID=76) to work on /home/airflow/.local/lib/python3.12/site-packages/airflow/example_dags/tutorial.py
[2025-11-16T19:14:14.802+0000] {processor.py:914} INFO - Processing file /home/airflow/.local/lib/python3.12/site-packages/airflow/example_dags/tutorial.py for tasks to queue
[2025-11-16T19:14:14.804+0000] {logging_mixin.py:190} INFO - [2025-11-16T19:14:14.804+0000] {dagbag.py:588} INFO - Filling up the DagBag from /home/airflow/.local/lib/python3.12/site-packages/airflow/example_dags/tutorial.py
[2025-11-16T19:14:14.811+0000] {processor.py:925} INFO - DAG(s) 'tutorial' retrieved from /home/airflow/.local/lib/python3.12/site-packages/airflow/example_dags/tutorial.py
[2025-11-16T19:14:14.827+0000] {logging_mixin.py:190} INFO - [2025-11-16T19:14:14.827+0000] {dag.py:3239} INFO - Sync 1 DAGs
[2025-11-16T19:14:14.843+0000] {logging_mixin.py:190} INFO - [2025-11-16T19:14:14.843+0000] {dag.py:4180} INFO - Setting next_dagrun for tutorial to 2025-11-15 00:00:00+00:00, run_after=2025-11-16 00:00:00+00:00
[2025-11-16T19:14:14.857+0000] {processor.py:208} INFO - Processing /home/airflow/.local/lib/python3.12/site-packages/airflow/example_dags/tutorial.py took 0.059 seconds
[2025-11-16T19:14:45.464+0000] {processor.py:186} INFO - Started process (PID=141) to work on /home/airflow/.local/lib/python3.12/site-packages/airflow/example_dags/tutorial.py
[2025-11-16T19:14:45.465+0000] {processor.py:914} INFO - Processing file /home/airflow/.local/lib/python3.12/site-packages/airflow/example_dags/tutorial.py for tasks to queue
[2025-11-16T19:14:45.467+0000] {logging_mixin.py:190} INFO - [2025-11-16T19:14:45.467+0000] {dagbag.py:588} INFO - Filling up the DagBag from /home/airflow/.local/lib/python3.12/site-packages/airflow/example_dags/tutorial.py
[2025-11-16T19:14:45.473+0000] {processor.py:925} INFO - DAG(s) 'tutorial' retrieved from /home/airflow/.local/lib/python3.12/site-packages/airflow/example_dags/tutorial.py
[2025-11-16T19:14:45.490+0000] {logging_mixin.py:190} INFO - [2025-11-16T19:14:45.489+0000] {dag.py:3239} INFO - Sync 1 DAGs
[2025-11-16T19:14:45.506+0000] {logging_mixin.py:190} INFO - [2025-11-16T19:14:45.505+0000] {dag.py:4180} INFO - Setting next_dagrun for tutorial to 2025-11-15 00:00:00+00:00, run_after=2025-11-16 00:00:00+00:00
[2025-11-16T19:14:45.519+0000] {processor.py:208} INFO - Processing /home/airflow/.local/lib/python3.12/site-packages/airflow/example_dags/tutorial.py took 0.060 seconds
[2025-11-16T19:15:16.098+0000] {processor.py:186} INFO - Started process (PID=206) to work on /home/airflow/.local/lib/python3.12/site-packages/airflow/example_dags/tutorial.py
[2025-11-16T19:15:16.099+0000] {processor.py:914} INFO - Processing file /home/airflow/.local/lib/python3.12/site-packages/airflow/example_dags/tutorial.py for tasks to queue
[2025-11-16T19:15:16.101+0000] {logging_mixin.py:190} INFO - [2025-11-16T19:15:16.101+0000] {dagbag.py:588} INFO - Filling up the DagBag from /home/airflow/.local/lib/python3.12/site-packages/airflow/example_dags/tutorial.py
[2025-11-16T19:15:16.108+0000] {processor.py:925} INFO - DAG(s) 'tutorial' retrieved from /home/airflow/.local/lib/python3.12/site-packages/airflow/example_dags/tutorial.py
[2025-11-16T19:15:16.122+0000] {logging_mixin.py:190} INFO - [2025-11-16T19:15:16.121+0000] {dag.py:3239} INFO - Sync 1 DAGs
[2025-11-16T19:15:16.137+0000] {logging_mixin.py:190} INFO - [2025-11-16T19:15:16.136+0000] {dag.py:4180} INFO - Setting next_dagrun for tutorial to 2025-11-15 00:00:00+00:00, run_after=2025-11-16 00:00:00+00:00
[2025-11-16T19:15:16.151+0000] {processor.py:208} INFO - Processing /home/airflow/.local/lib/python3.12/site-packages/airflow/example_dags/tutorial.py took 0.057 seconds
[2025-11-16T19:15:47.091+0000] {processor.py:186} INFO - Started process (PID=271) to work on /home/airflow/.local/lib/python3.12/site-packages/airflow/example_dags/tutorial.py
[2025-11-16T19:15:47.092+0000] {processor.py:914} INFO - Processing file /home/airflow/.local/lib/python3.12/site-packages/airflow/example_dags/tutorial.py for tasks to queue
[2025-11-16T19:15:47.094+0000] {logging_mixin.py:190} INFO - [2025-11-16T19:15:47.094+0000] {dagbag.py:588} INFO - Filling up the DagBag from /home/airflow/.local/lib/python3.12/site-packages/airflow/example_dags/tutorial.py
[2025-11-16T19:15:47.100+0000] {processor.py:925} INFO - DAG(s) 'tutorial' retrieved from /home/airflow/.local/lib/python3.12/site-packages/airflow/example_dags/tutorial.py
[2025-11-16T19:15:47.113+0000] {logging_mixin.py:190} INFO - [2025-11-16T19:15:47.113+0000] {dag.py:3239} INFO - Sync 1 DAGs
[2025-11-16T19:15:47.130+0000] {logging_mixin.py:190} INFO - [2025-11-16T19:15:47.130+0000] {dag.py:4180} INFO - Setting next_dagrun for tutorial to 2025-11-15 00:00:00+00:00, run_after=2025-11-16 00:00:00+00:00
[2025-11-16T19:15:47.142+0000] {processor.py:208} INFO - Processing /home/airflow/.local/lib/python3.12/site-packages/airflow/example_dags/tutorial.py took 0.056 seconds
[2025-11-16T19:16:17.743+0000] {processor.py:186} INFO - Started process (PID=336) to work on /home/airflow/.local/lib/python3.12/site-packages/airflow/example_dags/tutorial.py
[2025-11-16T19:16:17.744+0000] {processor.py:914} INFO - Processing file /home/airflow/.local/lib/python3.12/site-packages/airflow/example_dags/tutorial.py for tasks to queue
[2025-11-16T19:16:17.746+0000] {logging_mixin.py:190} INFO - [2025-11-16T19:16:17.746+0000] {dagbag.py:588} INFO - Filling up the DagBag from /home/airflow/.local/lib/python3.12/site-packages/airflow/example_dags/tutorial.py
[2025-11-16T19:16:17.754+0000] {processor.py:925} INFO - DAG(s) 'tutorial' retrieved from /home/airflow/.local/lib/python3.12/site-packages/airflow/example_dags/tutorial.py
[2025-11-16T19:16:17.769+0000] {logging_mixin.py:190} INFO - [2025-11-16T19:16:17.768+0000] {dag.py:3239} INFO - Sync 1 DAGs
[2025-11-16T19:16:17.783+0000] {logging_mixin.py:190} INFO - [2025-11-16T19:16:17.783+0000] {dag.py:4180} INFO - Setting next_dagrun for tutorial to 2025-11-15 00:00:00+00:00, run_after=2025-11-16 00:00:00+00:00
[2025-11-16T19:16:17.795+0000] {processor.py:208} INFO - Processing /home/airflow/.local/lib/python3.12/site-packages/airflow/example_dags/tutorial.py took 0.058 seconds
[2025-11-16T19:16:48.694+0000] {processor.py:186} INFO - Started process (PID=400) to work on /home/airflow/.local/lib/python3.12/site-packages/airflow/example_dags/tutorial.py
[2025-11-16T19:16:48.695+0000] {processor.py:914} INFO - Processing file /home/airflow/.local/lib/python3.12/site-packages/airflow/example_dags/tutorial.py for tasks to queue
[2025-11-16T19:16:48.696+0000] {logging_mixin.py:190} INFO - [2025-11-16T19:16:48.696+0000] {dagbag.py:588} INFO - Filling up the DagBag from /home/airflow/.local/lib/python3.12/site-packages/airflow/example_dags/tutorial.py
[2025-11-16T19:16:48.702+0000] {processor.py:925} INFO - DAG(s) 'tutorial' retrieved from /home/airflow/.local/lib/python3.12/site-packages/airflow/example_dags/tutorial.py
[2025-11-16T19:16:48.716+0000] {logging_mixin.py:190} INFO - [2025-11-16T19:16:48.716+0000] {dag.py:3239} INFO - Sync 1 DAGs
[2025-11-16T19:16:48.731+0000] {logging_mixin.py:190} INFO - [2025-11-16T19:16:48.731+0000] {dag.py:4180} INFO - Setting next_dagrun for tutorial to 2025-11-15 00:00:00+00:00, run_after=2025-11-16 00:00:00+00:00
[2025-11-16T19:16:48.743+0000] {processor.py:208} INFO - Processing /home/airflow/.local/lib/python3.12/site-packages/airflow/example_dags/tutorial.py took 0.053 seconds
[2025-11-16T19:17:20.138+0000] {processor.py:186} INFO - Started process (PID=465) to work on /home/airflow/.local/lib/python3.12/site-packages/airflow/example_dags/tutorial.py
[2025-11-16T19:17:20.139+0000] {processor.py:914} INFO - Processing file /home/airflow/.local/lib/python3.12/site-packages/airflow/example_dags/tutorial.py for tasks to queue
[2025-11-16T19:17:20.141+0000] {logging_mixin.py:190} INFO - [2025-11-16T19:17:20.140+0000] {dagbag.py:588} INFO - Filling up the DagBag from /home/airflow/.local/lib/python3.12/site-packages/airflow/example_dags/tutorial.py
[2025-11-16T19:17:20.147+0000] {processor.py:925} INFO - DAG(s) 'tutorial' retrieved from /home/airflow/.local/lib/python3.12/site-packages/airflow/example_dags/tutorial.py
[2025-11-16T19:17:20.161+0000] {logging_mixin.py:190} INFO - [2025-11-16T19:17:20.160+0000] {dag.py:3239} INFO - Sync 1 DAGs
[2025-11-16T19:17:20.176+0000] {logging_mixin.py:190} INFO - [2025-11-16T19:17:20.175+0000] {dag.py:4180} INFO - Setting next_dagrun for tutorial to 2025-11-15 00:00:00+00:00, run_after=2025-11-16 00:00:00+00:00
[2025-11-16T19:17:20.188+0000] {processor.py:208} INFO - Processing /home/airflow/.local/lib/python3.12/site-packages/airflow/example_dags/tutorial.py took 0.054 seconds
[2025-11-16T19:17:51.499+0000] {processor.py:186} INFO - Started process (PID=530) to work on /home/airflow/.local/lib/python3.12/site-packages/airflow/example_dags/tutorial.py
[2025-11-16T19:17:51.500+0000] {processor.py:914} INFO - Processing file /home/airflow/.local/lib/python3.12/site-packages/airflow/example_dags/tutorial.py for tasks to queue
[2025-11-16T19:17:51.501+0000] {logging_mixin.py:190} INFO - [2025-11-16T19:17:51.501+0000] {dagbag.py:588} INFO - Filling up the DagBag from /home/airflow/.local/lib/python3.12/site-packages/airflow/example_dags/tutorial.py
[2025-11-16T19:17:51.507+0000] {processor.py:925} INFO - DAG(s) 'tutorial' retrieved from /home/airflow/.local/lib/python3.12/site-packages/airflow/example_dags/tutorial.py
[2025-11-16T19:17:51.520+0000] {logging_mixin.py:190} INFO - [2025-11-16T19:17:51.520+0000] {dag.py:3239} INFO - Sync 1 DAGs
[2025-11-16T19:17:51.534+0000] {logging_mixin.py:190} INFO - [2025-11-16T19:17:51.534+0000] {dag.py:4180} INFO - Setting next_dagrun for tutorial to 2025-11-15 00:00:00+00:00, run_after=2025-11-16 00:00:00+00:00
[2025-11-16T19:17:51.546+0000] {processor.py:208} INFO - Processing /home/airflow/.local/lib/python3.12/site-packages/airflow/example_dags/tutorial.py took 0.051 seconds
[2025-11-16T19:18:22.974+0000] {processor.py:186} INFO - Started process (PID=595) to work on /home/airflow/.local/lib/python3.12/site-packages/airflow/example_dags/tutorial.py
[2025-11-16T19:18:22.975+0000] {processor.py:914} INFO - Processing file /home/airflow/.local/lib/python3.12/site-packages/airflow/example_dags/tutorial.py for tasks to queue
[2025-11-16T19:18:22.977+0000] {logging_mixin.py:190} INFO - [2025-11-16T19:18:22.977+0000] {dagbag.py:588} INFO - Filling up the DagBag from /home/airflow/.local/lib/python3.12/site-packages/airflow/example_dags/tutorial.py
[2025-11-16T19:18:22.983+0000] {processor.py:925} INFO - DAG(s) 'tutorial' retrieved from /home/airflow/.local/lib/python3.12/site-packages/airflow/example_dags/tutorial.py
[2025-11-16T19:18:22.996+0000] {logging_mixin.py:190} INFO - [2025-11-16T19:18:22.996+0000] {dag.py:3239} INFO - Sync 1 DAGs
[2025-11-16T19:18:23.012+0000] {logging_mixin.py:190} INFO - [2025-11-16T19:18:23.012+0000] {dag.py:4180} INFO - Setting next_dagrun for tutorial to 2025-11-15 00:00:00+00:00, run_after=2025-11-16 00:00:00+00:00
[2025-11-16T19:18:23.025+0000] {processor.py:208} INFO - Processing /home/airflow/.local/lib/python3.12/site-packages/airflow/example_dags/tutorial.py took 0.056 seconds
[2025-11-16T19:18:53.711+0000] {processor.py:186} INFO - Started process (PID=660) to work on /home/airflow/.local/lib/python3.12/site-packages/airflow/example_dags/tutorial.py
[2025-11-16T19:18:53.712+0000] {processor.py:914} INFO - Processing file /home/airflow/.local/lib/python3.12/site-packages/airflow/example_dags/tutorial.py for tasks to queue
[2025-11-16T19:18:53.713+0000] {logging_mixin.py:190} INFO - [2025-11-16T19:18:53.713+0000] {dagbag.py:588} INFO - Filling up the DagBag from /home/airflow/.local/lib/python3.12/site-packages/airflow/example_dags/tutorial.py
[2025-11-16T19:18:53.719+0000] {processor.py:925} INFO - DAG(s) 'tutorial' retrieved from /home/airflow/.local/lib/python3.12/site-packages/airflow/example_dags/tutorial.py
[2025-11-16T19:18:53.733+0000] {logging_mixin.py:190} INFO - [2025-11-16T19:18:53.733+0000] {dag.py:3239} INFO - Sync 1 DAGs
[2025-11-16T19:18:53.749+0000] {logging_mixin.py:190} INFO - [2025-11-16T19:18:53.749+0000] {dag.py:4180} INFO - Setting next_dagrun for tutorial to 2025-11-15 00:00:00+00:00, run_after=2025-11-16 00:00:00+00:00
[2025-11-16T19:18:53.761+0000] {processor.py:208} INFO - Processing /home/airflow/.local/lib/python3.12/site-packages/airflow/example_dags/tutorial.py took 0.055 seconds
[2025-11-16T19:19:24.744+0000] {processor.py:186} INFO - Started process (PID=725) to work on /home/airflow/.local/lib/python3.12/site-packages/airflow/example_dags/tutorial.py
[2025-11-16T19:19:24.745+0000] {processor.py:914} INFO - Processing file /home/airflow/.local/lib/python3.12/site-packages/airflow/example_dags/tutorial.py for tasks to queue
[2025-11-16T19:19:24.748+0000] {logging_mixin.py:190} INFO - [2025-11-16T19:19:24.747+0000] {dagbag.py:588} INFO - Filling up the DagBag from /home/airflow/.local/lib/python3.12/site-packages/airflow/example_dags/tutorial.py
[2025-11-16T19:19:24.755+0000] {processor.py:925} INFO - DAG(s) 'tutorial' retrieved from /home/airflow/.local/lib/python3.12/site-packages/airflow/example_dags/tutorial.py
[2025-11-16T19:19:24.770+0000] {logging_mixin.py:190} INFO - [2025-11-16T19:19:24.770+0000] {dag.py:3239} INFO - Sync 1 DAGs
[2025-11-16T19:19:24.785+0000] {logging_mixin.py:190} INFO - [2025-11-16T19:19:24.785+0000] {dag.py:4180} INFO - Setting next_dagrun for tutorial to 2025-11-15 00:00:00+00:00, run_after=2025-11-16 00:00:00+00:00
[2025-11-16T19:19:24.797+0000] {processor.py:208} INFO - Processing /home/airflow/.local/lib/python3.12/site-packages/airflow/example_dags/tutorial.py took 0.059 seconds
[2025-11-16T19:19:55.804+0000] {processor.py:186} INFO - Started process (PID=790) to work on /home/airflow/.local/lib/python3.12/site-packages/airflow/example_dags/tutorial.py
[2025-11-16T19:19:55.806+0000] {processor.py:914} INFO - Processing file /home/airflow/.local/lib/python3.12/site-packages/airflow/example_dags/tutorial.py for tasks to queue
[2025-11-16T19:19:55.808+0000] {logging_mixin.py:190} INFO - [2025-11-16T19:19:55.807+0000] {dagbag.py:588} INFO - Filling up the DagBag from /home/airflow/.local/lib/python3.12/site-packages/airflow/example_dags/tutorial.py
[2025-11-16T19:19:55.814+0000] {processor.py:925} INFO - DAG(s) 'tutorial' retrieved from /home/airflow/.local/lib/python3.12/site-packages/airflow/example_dags/tutorial.py
[2025-11-16T19:19:55.830+0000] {logging_mixin.py:190} INFO - [2025-11-16T19:19:55.829+0000] {dag.py:3239} INFO - Sync 1 DAGs
[2025-11-16T19:19:55.846+0000] {logging_mixin.py:190} INFO - [2025-11-16T19:19:55.845+0000] {dag.py:4180} INFO - Setting next_dagrun for tutorial to 2025-11-15 00:00:00+00:00, run_after=2025-11-16 00:00:00+00:00
[2025-11-16T19:19:55.860+0000] {processor.py:208} INFO - Processing /home/airflow/.local/lib/python3.12/site-packages/airflow/example_dags/tutorial.py took 0.060 seconds
[2025-11-16T19:20:27.337+0000] {processor.py:186} INFO - Started process (PID=855) to work on /home/airflow/.local/lib/python3.12/site-packages/airflow/example_dags/tutorial.py
[2025-11-16T19:20:27.339+0000] {processor.py:914} INFO - Processing file /home/airflow/.local/lib/python3.12/site-packages/airflow/example_dags/tutorial.py for tasks to queue
[2025-11-16T19:20:27.341+0000] {logging_mixin.py:190} INFO - [2025-11-16T19:20:27.340+0000] {dagbag.py:588} INFO - Filling up the DagBag from /home/airflow/.local/lib/python3.12/site-packages/airflow/example_dags/tutorial.py
[2025-11-16T19:20:27.347+0000] {processor.py:925} INFO - DAG(s) 'tutorial' retrieved from /home/airflow/.local/lib/python3.12/site-packages/airflow/example_dags/tutorial.py
[2025-11-16T19:20:27.361+0000] {logging_mixin.py:190} INFO - [2025-11-16T19:20:27.361+0000] {dag.py:3239} INFO - Sync 1 DAGs
[2025-11-16T19:20:27.377+0000] {logging_mixin.py:190} INFO - [2025-11-16T19:20:27.377+0000] {dag.py:4180} INFO - Setting next_dagrun for tutorial to 2025-11-15 00:00:00+00:00, run_after=2025-11-16 00:00:00+00:00
[2025-11-16T19:20:27.389+0000] {processor.py:208} INFO - Processing /home/airflow/.local/lib/python3.12/site-packages/airflow/example_dags/tutorial.py took 0.056 seconds
[2025-11-16T19:20:58.975+0000] {processor.py:186} INFO - Started process (PID=920) to work on /home/airflow/.local/lib/python3.12/site-packages/airflow/example_dags/tutorial.py
[2025-11-16T19:20:58.978+0000] {processor.py:914} INFO - Processing file /home/airflow/.local/lib/python3.12/site-packages/airflow/example_dags/tutorial.py for tasks to queue
[2025-11-16T19:20:58.980+0000] {logging_mixin.py:190} INFO - [2025-11-16T19:20:58.980+0000] {dagbag.py:588} INFO - Filling up the DagBag from /home/airflow/.local/lib/python3.12/site-packages/airflow/example_dags/tutorial.py
[2025-11-16T19:20:58.987+0000] {processor.py:925} INFO - DAG(s) 'tutorial' retrieved from /home/airflow/.local/lib/python3.12/site-packages/airflow/example_dags/tutorial.py
[2025-11-16T19:20:59.001+0000] {logging_mixin.py:190} INFO - [2025-11-16T19:20:59.001+0000] {dag.py:3239} INFO - Sync 1 DAGs
[2025-11-16T19:20:59.016+0000] {logging_mixin.py:190} INFO - [2025-11-16T19:20:59.016+0000] {dag.py:4180} INFO - Setting next_dagrun for tutorial to 2025-11-15 00:00:00+00:00, run_after=2025-11-16 00:00:00+00:00
[2025-11-16T19:20:59.030+0000] {processor.py:208} INFO - Processing /home/airflow/.local/lib/python3.12/site-packages/airflow/example_dags/tutorial.py took 0.059 seconds
[2025-11-16T19:21:30.017+0000] {processor.py:186} INFO - Started process (PID=985) to work on /home/airflow/.local/lib/python3.12/site-packages/airflow/example_dags/tutorial.py
[2025-11-16T19:21:30.018+0000] {processor.py:914} INFO - Processing file /home/airflow/.local/lib/python3.12/site-packages/airflow/example_dags/tutorial.py for tasks to queue
[2025-11-16T19:21:30.020+0000] {logging_mixin.py:190} INFO - [2025-11-16T19:21:30.020+0000] {dagbag.py:588} INFO - Filling up the DagBag from /home/airflow/.local/lib/python3.12/site-packages/airflow/example_dags/tutorial.py
[2025-11-16T19:21:30.027+0000] {processor.py:925} INFO - DAG(s) 'tutorial' retrieved from /home/airflow/.local/lib/python3.12/site-packages/airflow/example_dags/tutorial.py
[2025-11-16T19:21:30.043+0000] {logging_mixin.py:190} INFO - [2025-11-16T19:21:30.043+0000] {dag.py:3239} INFO - Sync 1 DAGs
[2025-11-16T19:21:30.060+0000] {logging_mixin.py:190} INFO - [2025-11-16T19:21:30.059+0000] {dag.py:4180} INFO - Setting next_dagrun for tutorial to 2025-11-15 00:00:00+00:00, run_after=2025-11-16 00:00:00+00:00
[2025-11-16T19:21:30.076+0000] {processor.py:208} INFO - Processing /home/airflow/.local/lib/python3.12/site-packages/airflow/example_dags/tutorial.py took 0.064 seconds
[2025-11-16T19:22:01.410+0000] {processor.py:186} INFO - Started process (PID=1050) to work on /home/airflow/.local/lib/python3.12/site-packages/airflow/example_dags/tutorial.py
[2025-11-16T19:22:01.411+0000] {processor.py:914} INFO - Processing file /home/airflow/.local/lib/python3.12/site-packages/airflow/example_dags/tutorial.py for tasks to queue
[2025-11-16T19:22:01.413+0000] {logging_mixin.py:190} INFO - [2025-11-16T19:22:01.413+0000] {dagbag.py:588} INFO - Filling up the DagBag from /home/airflow/.local/lib/python3.12/site-packages/airflow/example_dags/tutorial.py
[2025-11-16T19:22:01.419+0000] {processor.py:925} INFO - DAG(s) 'tutorial' retrieved from /home/airflow/.local/lib/python3.12/site-packages/airflow/example_dags/tutorial.py
[2025-11-16T19:22:01.434+0000] {logging_mixin.py:190} INFO - [2025-11-16T19:22:01.433+0000] {dag.py:3239} INFO - Sync 1 DAGs
[2025-11-16T19:22:01.449+0000] {logging_mixin.py:190} INFO - [2025-11-16T19:22:01.449+0000] {dag.py:4180} INFO - Setting next_dagrun for tutorial to 2025-11-15 00:00:00+00:00, run_after=2025-11-16 00:00:00+00:00
[2025-11-16T19:22:01.460+0000] {processor.py:208} INFO - Processing /home/airflow/.local/lib/python3.12/site-packages/airflow/example_dags/tutorial.py took 0.055 seconds
[2025-11-16T19:22:32.670+0000] {processor.py:186} INFO - Started process (PID=1115) to work on /home/airflow/.local/lib/python3.12/site-packages/airflow/example_dags/tutorial.py
[2025-11-16T19:22:32.671+0000] {processor.py:914} INFO - Processing file /home/airflow/.local/lib/python3.12/site-packages/airflow/example_dags/tutorial.py for tasks to queue
[2025-11-16T19:22:32.673+0000] {logging_mixin.py:190} INFO - [2025-11-16T19:22:32.673+0000] {dagbag.py:588} INFO - Filling up the DagBag from /home/airflow/.local/lib/python3.12/site-packages/airflow/example_dags/tutorial.py
[2025-11-16T19:22:32.680+0000] {processor.py:925} INFO - DAG(s) 'tutorial' retrieved from /home/airflow/.local/lib/python3.12/site-packages/airflow/example_dags/tutorial.py
[2025-11-16T19:22:32.695+0000] {logging_mixin.py:190} INFO - [2025-11-16T19:22:32.695+0000] {dag.py:3239} INFO - Sync 1 DAGs
[2025-11-16T19:22:32.711+0000] {logging_mixin.py:190} INFO - [2025-11-16T19:22:32.711+0000] {dag.py:4180} INFO - Setting next_dagrun for tutorial to 2025-11-15 00:00:00+00:00, run_after=2025-11-16 00:00:00+00:00
[2025-11-16T19:22:32.723+0000] {processor.py:208} INFO - Processing /home/airflow/.local/lib/python3.12/site-packages/airflow/example_dags/tutorial.py took 0.057 seconds
[2025-11-16T19:23:04.047+0000] {processor.py:186} INFO - Started process (PID=1180) to work on /home/airflow/.local/lib/python3.12/site-packages/airflow/example_dags/tutorial.py
[2025-11-16T19:23:04.048+0000] {processor.py:914} INFO - Processing file /home/airflow/.local/lib/python3.12/site-packages/airflow/example_dags/tutorial.py for tasks to queue
[2025-11-16T19:23:04.051+0000] {logging_mixin.py:190} INFO - [2025-11-16T19:23:04.050+0000] {dagbag.py:588} INFO - Filling up the DagBag from /home/airflow/.local/lib/python3.12/site-packages/airflow/example_dags/tutorial.py
[2025-11-16T19:23:04.059+0000] {processor.py:925} INFO - DAG(s) 'tutorial' retrieved from /home/airflow/.local/lib/python3.12/site-packages/airflow/example_dags/tutorial.py
[2025-11-16T19:23:04.074+0000] {logging_mixin.py:190} INFO - [2025-11-16T19:23:04.074+0000] {dag.py:3239} INFO - Sync 1 DAGs
[2025-11-16T19:23:04.093+0000] {logging_mixin.py:190} INFO - [2025-11-16T19:23:04.092+0000] {dag.py:4180} INFO - Setting next_dagrun for tutorial to 2025-11-15 00:00:00+00:00, run_after=2025-11-16 00:00:00+00:00
[2025-11-16T19:23:04.108+0000] {processor.py:208} INFO - Processing /home/airflow/.local/lib/python3.12/site-packages/airflow/example_dags/tutorial.py took 0.066 seconds
[2025-11-16T19:23:35.185+0000] {processor.py:186} INFO - Started process (PID=1245) to work on /home/airflow/.local/lib/python3.12/site-packages/airflow/example_dags/tutorial.py
[2025-11-16T19:23:35.185+0000] {processor.py:914} INFO - Processing file /home/airflow/.local/lib/python3.12/site-packages/airflow/example_dags/tutorial.py for tasks to queue
[2025-11-16T19:23:35.187+0000] {logging_mixin.py:190} INFO - [2025-11-16T19:23:35.187+0000] {dagbag.py:588} INFO - Filling up the DagBag from /home/airflow/.local/lib/python3.12/site-packages/airflow/example_dags/tutorial.py
[2025-11-16T19:23:35.194+0000] {processor.py:925} INFO - DAG(s) 'tutorial' retrieved from /home/airflow/.local/lib/python3.12/site-packages/airflow/example_dags/tutorial.py
[2025-11-16T19:23:35.208+0000] {logging_mixin.py:190} INFO - [2025-11-16T19:23:35.208+0000] {dag.py:3239} INFO - Sync 1 DAGs
[2025-11-16T19:23:35.223+0000] {logging_mixin.py:190} INFO - [2025-11-16T19:23:35.223+0000] {dag.py:4180} INFO - Setting next_dagrun for tutorial to 2025-11-15 00:00:00+00:00, run_after=2025-11-16 00:00:00+00:00
[2025-11-16T19:23:35.235+0000] {processor.py:208} INFO - Processing /home/airflow/.local/lib/python3.12/site-packages/airflow/example_dags/tutorial.py took 0.055 seconds
[2025-11-16T19:24:06.368+0000] {processor.py:186} INFO - Started process (PID=1310) to work on /home/airflow/.local/lib/python3.12/site-packages/airflow/example_dags/tutorial.py
[2025-11-16T19:24:06.369+0000] {processor.py:914} INFO - Processing file /home/airflow/.local/lib/python3.12/site-packages/airflow/example_dags/tutorial.py for tasks to queue
[2025-11-16T19:24:06.372+0000] {logging_mixin.py:190} INFO - [2025-11-16T19:24:06.371+0000] {dagbag.py:588} INFO - Filling up the DagBag from /home/airflow/.local/lib/python3.12/site-packages/airflow/example_dags/tutorial.py
[2025-11-16T19:24:06.378+0000] {processor.py:925} INFO - DAG(s) 'tutorial' retrieved from /home/airflow/.local/lib/python3.12/site-packages/airflow/example_dags/tutorial.py
[2025-11-16T19:24:06.395+0000] {logging_mixin.py:190} INFO - [2025-11-16T19:24:06.394+0000] {dag.py:3239} INFO - Sync 1 DAGs
[2025-11-16T19:24:06.413+0000] {logging_mixin.py:190} INFO - [2025-11-16T19:24:06.412+0000] {dag.py:4180} INFO - Setting next_dagrun for tutorial to 2025-11-15 00:00:00+00:00, run_after=2025-11-16 00:00:00+00:00
[2025-11-16T19:24:06.428+0000] {processor.py:208} INFO - Processing /home/airflow/.local/lib/python3.12/site-packages/airflow/example_dags/tutorial.py took 0.064 seconds
[2025-11-16T19:24:37.563+0000] {processor.py:186} INFO - Started process (PID=1375) to work on /home/airflow/.local/lib/python3.12/site-packages/airflow/example_dags/tutorial.py
[2025-11-16T19:24:37.564+0000] {processor.py:914} INFO - Processing file /home/airflow/.local/lib/python3.12/site-packages/airflow/example_dags/tutorial.py for tasks to queue
[2025-11-16T19:24:37.566+0000] {logging_mixin.py:190} INFO - [2025-11-16T19:24:37.566+0000] {dagbag.py:588} INFO - Filling up the DagBag from /home/airflow/.local/lib/python3.12/site-packages/airflow/example_dags/tutorial.py
[2025-11-16T19:24:37.573+0000] {processor.py:925} INFO - DAG(s) 'tutorial' retrieved from /home/airflow/.local/lib/python3.12/site-packages/airflow/example_dags/tutorial.py
[2025-11-16T19:24:37.589+0000] {logging_mixin.py:190} INFO - [2025-11-16T19:24:37.589+0000] {dag.py:3239} INFO - Sync 1 DAGs
[2025-11-16T19:24:37.605+0000] {logging_mixin.py:190} INFO - [2025-11-16T19:24:37.605+0000] {dag.py:4180} INFO - Setting next_dagrun for tutorial to 2025-11-15 00:00:00+00:00, run_after=2025-11-16 00:00:00+00:00
[2025-11-16T19:24:37.617+0000] {processor.py:208} INFO - Processing /home/airflow/.local/lib/python3.12/site-packages/airflow/example_dags/tutorial.py took 0.058 seconds
[2025-11-16T19:25:08.368+0000] {processor.py:186} INFO - Started process (PID=1440) to work on /home/airflow/.local/lib/python3.12/site-packages/airflow/example_dags/tutorial.py
[2025-11-16T19:25:08.369+0000] {processor.py:914} INFO - Processing file /home/airflow/.local/lib/python3.12/site-packages/airflow/example_dags/tutorial.py for tasks to queue
[2025-11-16T19:25:08.371+0000] {logging_mixin.py:190} INFO - [2025-11-16T19:25:08.370+0000] {dagbag.py:588} INFO - Filling up the DagBag from /home/airflow/.local/lib/python3.12/site-packages/airflow/example_dags/tutorial.py
[2025-11-16T19:25:08.377+0000] {processor.py:925} INFO - DAG(s) 'tutorial' retrieved from /home/airflow/.local/lib/python3.12/site-packages/airflow/example_dags/tutorial.py
[2025-11-16T19:25:08.390+0000] {logging_mixin.py:190} INFO - [2025-11-16T19:25:08.390+0000] {dag.py:3239} INFO - Sync 1 DAGs
[2025-11-16T19:25:08.404+0000] {logging_mixin.py:190} INFO - [2025-11-16T19:25:08.404+0000] {dag.py:4180} INFO - Setting next_dagrun for tutorial to 2025-11-15 00:00:00+00:00, run_after=2025-11-16 00:00:00+00:00
[2025-11-16T19:25:08.416+0000] {processor.py:208} INFO - Processing /home/airflow/.local/lib/python3.12/site-packages/airflow/example_dags/tutorial.py took 0.053 seconds
[2025-11-16T19:25:39.428+0000] {processor.py:186} INFO - Started process (PID=1505) to work on /home/airflow/.local/lib/python3.12/site-packages/airflow/example_dags/tutorial.py
[2025-11-16T19:25:39.429+0000] {processor.py:914} INFO - Processing file /home/airflow/.local/lib/python3.12/site-packages/airflow/example_dags/tutorial.py for tasks to queue
[2025-11-16T19:25:39.430+0000] {logging_mixin.py:190} INFO - [2025-11-16T19:25:39.430+0000] {dagbag.py:588} INFO - Filling up the DagBag from /home/airflow/.local/lib/python3.12/site-packages/airflow/example_dags/tutorial.py
[2025-11-16T19:25:39.438+0000] {processor.py:925} INFO - DAG(s) 'tutorial' retrieved from /home/airflow/.local/lib/python3.12/site-packages/airflow/example_dags/tutorial.py
[2025-11-16T19:25:39.453+0000] {logging_mixin.py:190} INFO - [2025-11-16T19:25:39.453+0000] {dag.py:3239} INFO - Sync 1 DAGs
[2025-11-16T19:25:39.468+0000] {logging_mixin.py:190} INFO - [2025-11-16T19:25:39.468+0000] {dag.py:4180} INFO - Setting next_dagrun for tutorial to 2025-11-15 00:00:00+00:00, run_after=2025-11-16 00:00:00+00:00
[2025-11-16T19:25:39.481+0000] {processor.py:208} INFO - Processing /home/airflow/.local/lib/python3.12/site-packages/airflow/example_dags/tutorial.py took 0.058 seconds
[2025-11-16T19:26:10.735+0000] {processor.py:186} INFO - Started process (PID=1570) to work on /home/airflow/.local/lib/python3.12/site-packages/airflow/example_dags/tutorial.py
[2025-11-16T19:26:10.736+0000] {processor.py:914} INFO - Processing file /home/airflow/.local/lib/python3.12/site-packages/airflow/example_dags/tutorial.py for tasks to queue
[2025-11-16T19:26:10.738+0000] {logging_mixin.py:190} INFO - [2025-11-16T19:26:10.738+0000] {dagbag.py:588} INFO - Filling up the DagBag from /home/airflow/.local/lib/python3.12/site-packages/airflow/example_dags/tutorial.py
[2025-11-16T19:26:10.744+0000] {processor.py:925} INFO - DAG(s) 'tutorial' retrieved from /home/airflow/.local/lib/python3.12/site-packages/airflow/example_dags/tutorial.py
[2025-11-16T19:26:10.757+0000] {logging_mixin.py:190} INFO - [2025-11-16T19:26:10.757+0000] {dag.py:3239} INFO - Sync 1 DAGs
[2025-11-16T19:26:10.773+0000] {logging_mixin.py:190} INFO - [2025-11-16T19:26:10.772+0000] {dag.py:4180} INFO - Setting next_dagrun for tutorial to 2025-11-15 00:00:00+00:00, run_after=2025-11-16 00:00:00+00:00
[2025-11-16T19:26:10.785+0000] {processor.py:208} INFO - Processing /home/airflow/.local/lib/python3.12/site-packages/airflow/example_dags/tutorial.py took 0.054 seconds
[2025-11-16T19:26:41.401+0000] {processor.py:186} INFO - Started process (PID=1635) to work on /home/airflow/.local/lib/python3.12/site-packages/airflow/example_dags/tutorial.py
[2025-11-16T19:26:41.402+0000] {processor.py:914} INFO - Processing file /home/airflow/.local/lib/python3.12/site-packages/airflow/example_dags/tutorial.py for tasks to queue
[2025-11-16T19:26:41.405+0000] {logging_mixin.py:190} INFO - [2025-11-16T19:26:41.404+0000] {dagbag.py:588} INFO - Filling up the DagBag from /home/airflow/.local/lib/python3.12/site-packages/airflow/example_dags/tutorial.py
[2025-11-16T19:26:41.411+0000] {processor.py:925} INFO - DAG(s) 'tutorial' retrieved from /home/airflow/.local/lib/python3.12/site-packages/airflow/example_dags/tutorial.py
[2025-11-16T19:26:41.429+0000] {logging_mixin.py:190} INFO - [2025-11-16T19:26:41.428+0000] {dag.py:3239} INFO - Sync 1 DAGs
[2025-11-16T19:26:41.444+0000] {logging_mixin.py:190} INFO - [2025-11-16T19:26:41.444+0000] {dag.py:4180} INFO - Setting next_dagrun for tutorial to 2025-11-15 00:00:00+00:00, run_after=2025-11-16 00:00:00+00:00
[2025-11-16T19:26:41.457+0000] {processor.py:208} INFO - Processing /home/airflow/.local/lib/python3.12/site-packages/airflow/example_dags/tutorial.py took 0.061 seconds
[2025-11-16T19:27:12.540+0000] {processor.py:186} INFO - Started process (PID=1701) to work on /home/airflow/.local/lib/python3.12/site-packages/airflow/example_dags/tutorial.py
[2025-11-16T19:27:12.541+0000] {processor.py:914} INFO - Processing file /home/airflow/.local/lib/python3.12/site-packages/airflow/example_dags/tutorial.py for tasks to queue
[2025-11-16T19:27:12.543+0000] {logging_mixin.py:190} INFO - [2025-11-16T19:27:12.543+0000] {dagbag.py:588} INFO - Filling up the DagBag from /home/airflow/.local/lib/python3.12/site-packages/airflow/example_dags/tutorial.py
[2025-11-16T19:27:12.553+0000] {processor.py:925} INFO - DAG(s) 'tutorial' retrieved from /home/airflow/.local/lib/python3.12/site-packages/airflow/example_dags/tutorial.py
[2025-11-16T19:27:12.568+0000] {logging_mixin.py:190} INFO - [2025-11-16T19:27:12.568+0000] {dag.py:3239} INFO - Sync 1 DAGs
[2025-11-16T19:27:12.585+0000] {logging_mixin.py:190} INFO - [2025-11-16T19:27:12.585+0000] {dag.py:4180} INFO - Setting next_dagrun for tutorial to 2025-11-15 00:00:00+00:00, run_after=2025-11-16 00:00:00+00:00
[2025-11-16T19:27:12.599+0000] {processor.py:208} INFO - Processing /home/airflow/.local/lib/python3.12/site-packages/airflow/example_dags/tutorial.py took 0.063 seconds
[2025-11-16T19:27:43.592+0000] {processor.py:186} INFO - Started process (PID=1766) to work on /home/airflow/.local/lib/python3.12/site-packages/airflow/example_dags/tutorial.py
[2025-11-16T19:27:43.593+0000] {processor.py:914} INFO - Processing file /home/airflow/.local/lib/python3.12/site-packages/airflow/example_dags/tutorial.py for tasks to queue
[2025-11-16T19:27:43.596+0000] {logging_mixin.py:190} INFO - [2025-11-16T19:27:43.595+0000] {dagbag.py:588} INFO - Filling up the DagBag from /home/airflow/.local/lib/python3.12/site-packages/airflow/example_dags/tutorial.py
[2025-11-16T19:27:43.603+0000] {processor.py:925} INFO - DAG(s) 'tutorial' retrieved from /home/airflow/.local/lib/python3.12/site-packages/airflow/example_dags/tutorial.py
[2025-11-16T19:27:43.617+0000] {logging_mixin.py:190} INFO - [2025-11-16T19:27:43.617+0000] {dag.py:3239} INFO - Sync 1 DAGs
[2025-11-16T19:27:43.641+0000] {logging_mixin.py:190} INFO - [2025-11-16T19:27:43.640+0000] {dag.py:4180} INFO - Setting next_dagrun for tutorial to 2025-11-15 00:00:00+00:00, run_after=2025-11-16 00:00:00+00:00
[2025-11-16T19:27:43.657+0000] {processor.py:208} INFO - Processing /home/airflow/.local/lib/python3.12/site-packages/airflow/example_dags/tutorial.py took 0.070 seconds
[2025-11-16T19:28:14.829+0000] {processor.py:186} INFO - Started process (PID=1831) to work on /home/airflow/.local/lib/python3.12/site-packages/airflow/example_dags/tutorial.py
[2025-11-16T19:28:14.830+0000] {processor.py:914} INFO - Processing file /home/airflow/.local/lib/python3.12/site-packages/airflow/example_dags/tutorial.py for tasks to queue
[2025-11-16T19:28:14.831+0000] {logging_mixin.py:190} INFO - [2025-11-16T19:28:14.831+0000] {dagbag.py:588} INFO - Filling up the DagBag from /home/airflow/.local/lib/python3.12/site-packages/airflow/example_dags/tutorial.py
[2025-11-16T19:28:14.837+0000] {processor.py:925} INFO - DAG(s) 'tutorial' retrieved from /home/airflow/.local/lib/python3.12/site-packages/airflow/example_dags/tutorial.py
[2025-11-16T19:28:14.851+0000] {logging_mixin.py:190} INFO - [2025-11-16T19:28:14.851+0000] {dag.py:3239} INFO - Sync 1 DAGs
[2025-11-16T19:28:14.866+0000] {logging_mixin.py:190} INFO - [2025-11-16T19:28:14.866+0000] {dag.py:4180} INFO - Setting next_dagrun for tutorial to 2025-11-15 00:00:00+00:00, run_after=2025-11-16 00:00:00+00:00
[2025-11-16T19:28:14.878+0000] {processor.py:208} INFO - Processing /home/airflow/.local/lib/python3.12/site-packages/airflow/example_dags/tutorial.py took 0.053 seconds
[2025-11-16T19:28:45.770+0000] {processor.py:186} INFO - Started process (PID=1895) to work on /home/airflow/.local/lib/python3.12/site-packages/airflow/example_dags/tutorial.py
[2025-11-16T19:28:45.771+0000] {processor.py:914} INFO - Processing file /home/airflow/.local/lib/python3.12/site-packages/airflow/example_dags/tutorial.py for tasks to queue
[2025-11-16T19:28:45.773+0000] {logging_mixin.py:190} INFO - [2025-11-16T19:28:45.772+0000] {dagbag.py:588} INFO - Filling up the DagBag from /home/airflow/.local/lib/python3.12/site-packages/airflow/example_dags/tutorial.py
[2025-11-16T19:28:45.779+0000] {processor.py:925} INFO - DAG(s) 'tutorial' retrieved from /home/airflow/.local/lib/python3.12/site-packages/airflow/example_dags/tutorial.py
[2025-11-16T19:28:45.794+0000] {logging_mixin.py:190} INFO - [2025-11-16T19:28:45.794+0000] {dag.py:3239} INFO - Sync 1 DAGs
[2025-11-16T19:28:45.810+0000] {logging_mixin.py:190} INFO - [2025-11-16T19:28:45.810+0000] {dag.py:4180} INFO - Setting next_dagrun for tutorial to 2025-11-15 00:00:00+00:00, run_after=2025-11-16 00:00:00+00:00
[2025-11-16T19:28:45.824+0000] {processor.py:208} INFO - Processing /home/airflow/.local/lib/python3.12/site-packages/airflow/example_dags/tutorial.py took 0.058 seconds
[2025-11-16T19:29:16.603+0000] {processor.py:186} INFO - Started process (PID=1966) to work on /home/airflow/.local/lib/python3.12/site-packages/airflow/example_dags/tutorial.py
[2025-11-16T19:29:16.604+0000] {processor.py:914} INFO - Processing file /home/airflow/.local/lib/python3.12/site-packages/airflow/example_dags/tutorial.py for tasks to queue
[2025-11-16T19:29:16.606+0000] {logging_mixin.py:190} INFO - [2025-11-16T19:29:16.605+0000] {dagbag.py:588} INFO - Filling up the DagBag from /home/airflow/.local/lib/python3.12/site-packages/airflow/example_dags/tutorial.py
[2025-11-16T19:29:16.612+0000] {processor.py:925} INFO - DAG(s) 'tutorial' retrieved from /home/airflow/.local/lib/python3.12/site-packages/airflow/example_dags/tutorial.py
[2025-11-16T19:29:16.627+0000] {logging_mixin.py:190} INFO - [2025-11-16T19:29:16.627+0000] {dag.py:3239} INFO - Sync 1 DAGs
[2025-11-16T19:29:16.642+0000] {logging_mixin.py:190} INFO - [2025-11-16T19:29:16.641+0000] {dag.py:4180} INFO - Setting next_dagrun for tutorial to 2025-11-15 00:00:00+00:00, run_after=2025-11-16 00:00:00+00:00
[2025-11-16T19:29:16.654+0000] {processor.py:208} INFO - Processing /home/airflow/.local/lib/python3.12/site-packages/airflow/example_dags/tutorial.py took 0.055 seconds
[2025-11-16T19:29:47.555+0000] {processor.py:186} INFO - Started process (PID=2031) to work on /home/airflow/.local/lib/python3.12/site-packages/airflow/example_dags/tutorial.py
[2025-11-16T19:29:47.557+0000] {processor.py:914} INFO - Processing file /home/airflow/.local/lib/python3.12/site-packages/airflow/example_dags/tutorial.py for tasks to queue
[2025-11-16T19:29:47.559+0000] {logging_mixin.py:190} INFO - [2025-11-16T19:29:47.559+0000] {dagbag.py:588} INFO - Filling up the DagBag from /home/airflow/.local/lib/python3.12/site-packages/airflow/example_dags/tutorial.py
[2025-11-16T19:29:47.565+0000] {processor.py:925} INFO - DAG(s) 'tutorial' retrieved from /home/airflow/.local/lib/python3.12/site-packages/airflow/example_dags/tutorial.py
[2025-11-16T19:29:47.580+0000] {logging_mixin.py:190} INFO - [2025-11-16T19:29:47.580+0000] {dag.py:3239} INFO - Sync 1 DAGs
[2025-11-16T19:29:47.596+0000] {logging_mixin.py:190} INFO - [2025-11-16T19:29:47.595+0000] {dag.py:4180} INFO - Setting next_dagrun for tutorial to 2025-11-15 00:00:00+00:00, run_after=2025-11-16 00:00:00+00:00
[2025-11-16T19:29:47.608+0000] {processor.py:208} INFO - Processing /home/airflow/.local/lib/python3.12/site-packages/airflow/example_dags/tutorial.py took 0.058 seconds
[2025-11-16T19:30:18.596+0000] {processor.py:186} INFO - Started process (PID=2096) to work on /home/airflow/.local/lib/python3.12/site-packages/airflow/example_dags/tutorial.py
[2025-11-16T19:30:18.597+0000] {processor.py:914} INFO - Processing file /home/airflow/.local/lib/python3.12/site-packages/airflow/example_dags/tutorial.py for tasks to queue
[2025-11-16T19:30:18.599+0000] {logging_mixin.py:190} INFO - [2025-11-16T19:30:18.599+0000] {dagbag.py:588} INFO - Filling up the DagBag from /home/airflow/.local/lib/python3.12/site-packages/airflow/example_dags/tutorial.py
[2025-11-16T19:30:18.606+0000] {processor.py:925} INFO - DAG(s) 'tutorial' retrieved from /home/airflow/.local/lib/python3.12/site-packages/airflow/example_dags/tutorial.py
[2025-11-16T19:30:18.621+0000] {logging_mixin.py:190} INFO - [2025-11-16T19:30:18.620+0000] {dag.py:3239} INFO - Sync 1 DAGs
[2025-11-16T19:30:18.638+0000] {logging_mixin.py:190} INFO - [2025-11-16T19:30:18.637+0000] {dag.py:4180} INFO - Setting next_dagrun for tutorial to 2025-11-15 00:00:00+00:00, run_after=2025-11-16 00:00:00+00:00
[2025-11-16T19:30:18.652+0000] {processor.py:208} INFO - Processing /home/airflow/.local/lib/python3.12/site-packages/airflow/example_dags/tutorial.py took 0.061 seconds
[2025-11-16T19:30:49.800+0000] {processor.py:186} INFO - Started process (PID=2161) to work on /home/airflow/.local/lib/python3.12/site-packages/airflow/example_dags/tutorial.py
[2025-11-16T19:30:49.801+0000] {processor.py:914} INFO - Processing file /home/airflow/.local/lib/python3.12/site-packages/airflow/example_dags/tutorial.py for tasks to queue
[2025-11-16T19:30:49.803+0000] {logging_mixin.py:190} INFO - [2025-11-16T19:30:49.803+0000] {dagbag.py:588} INFO - Filling up the DagBag from /home/airflow/.local/lib/python3.12/site-packages/airflow/example_dags/tutorial.py
[2025-11-16T19:30:49.810+0000] {processor.py:925} INFO - DAG(s) 'tutorial' retrieved from /home/airflow/.local/lib/python3.12/site-packages/airflow/example_dags/tutorial.py
[2025-11-16T19:30:49.825+0000] {logging_mixin.py:190} INFO - [2025-11-16T19:30:49.825+0000] {dag.py:3239} INFO - Sync 1 DAGs
[2025-11-16T19:30:49.842+0000] {logging_mixin.py:190} INFO - [2025-11-16T19:30:49.842+0000] {dag.py:4180} INFO - Setting next_dagrun for tutorial to 2025-11-15 00:00:00+00:00, run_after=2025-11-16 00:00:00+00:00
[2025-11-16T19:30:49.856+0000] {processor.py:208} INFO - Processing /home/airflow/.local/lib/python3.12/site-packages/airflow/example_dags/tutorial.py took 0.061 seconds
[2025-11-16T19:31:20.832+0000] {processor.py:186} INFO - Started process (PID=2227) to work on /home/airflow/.local/lib/python3.12/site-packages/airflow/example_dags/tutorial.py
[2025-11-16T19:31:20.833+0000] {processor.py:914} INFO - Processing file /home/airflow/.local/lib/python3.12/site-packages/airflow/example_dags/tutorial.py for tasks to queue
[2025-11-16T19:31:20.836+0000] {logging_mixin.py:190} INFO - [2025-11-16T19:31:20.836+0000] {dagbag.py:588} INFO - Filling up the DagBag from /home/airflow/.local/lib/python3.12/site-packages/airflow/example_dags/tutorial.py
[2025-11-16T19:31:20.842+0000] {processor.py:925} INFO - DAG(s) 'tutorial' retrieved from /home/airflow/.local/lib/python3.12/site-packages/airflow/example_dags/tutorial.py
[2025-11-16T19:31:20.857+0000] {logging_mixin.py:190} INFO - [2025-11-16T19:31:20.857+0000] {dag.py:3239} INFO - Sync 1 DAGs
[2025-11-16T19:31:20.873+0000] {logging_mixin.py:190} INFO - [2025-11-16T19:31:20.873+0000] {dag.py:4180} INFO - Setting next_dagrun for tutorial to 2025-11-15 00:00:00+00:00, run_after=2025-11-16 00:00:00+00:00
[2025-11-16T19:31:20.887+0000] {processor.py:208} INFO - Processing /home/airflow/.local/lib/python3.12/site-packages/airflow/example_dags/tutorial.py took 0.059 seconds
[2025-11-16T19:31:52.260+0000] {processor.py:186} INFO - Started process (PID=2292) to work on /home/airflow/.local/lib/python3.12/site-packages/airflow/example_dags/tutorial.py
[2025-11-16T19:31:52.261+0000] {processor.py:914} INFO - Processing file /home/airflow/.local/lib/python3.12/site-packages/airflow/example_dags/tutorial.py for tasks to queue
[2025-11-16T19:31:52.263+0000] {logging_mixin.py:190} INFO - [2025-11-16T19:31:52.263+0000] {dagbag.py:588} INFO - Filling up the DagBag from /home/airflow/.local/lib/python3.12/site-packages/airflow/example_dags/tutorial.py
[2025-11-16T19:31:52.270+0000] {processor.py:925} INFO - DAG(s) 'tutorial' retrieved from /home/airflow/.local/lib/python3.12/site-packages/airflow/example_dags/tutorial.py
[2025-11-16T19:31:52.284+0000] {logging_mixin.py:190} INFO - [2025-11-16T19:31:52.284+0000] {dag.py:3239} INFO - Sync 1 DAGs
[2025-11-16T19:31:52.301+0000] {logging_mixin.py:190} INFO - [2025-11-16T19:31:52.301+0000] {dag.py:4180} INFO - Setting next_dagrun for tutorial to 2025-11-15 00:00:00+00:00, run_after=2025-11-16 00:00:00+00:00
[2025-11-16T19:31:52.314+0000] {processor.py:208} INFO - Processing /home/airflow/.local/lib/python3.12/site-packages/airflow/example_dags/tutorial.py took 0.058 seconds
[2025-11-16T19:32:23.095+0000] {processor.py:186} INFO - Started process (PID=2357) to work on /home/airflow/.local/lib/python3.12/site-packages/airflow/example_dags/tutorial.py
[2025-11-16T19:32:23.096+0000] {processor.py:914} INFO - Processing file /home/airflow/.local/lib/python3.12/site-packages/airflow/example_dags/tutorial.py for tasks to queue
[2025-11-16T19:32:23.098+0000] {logging_mixin.py:190} INFO - [2025-11-16T19:32:23.097+0000] {dagbag.py:588} INFO - Filling up the DagBag from /home/airflow/.local/lib/python3.12/site-packages/airflow/example_dags/tutorial.py
[2025-11-16T19:32:23.105+0000] {processor.py:925} INFO - DAG(s) 'tutorial' retrieved from /home/airflow/.local/lib/python3.12/site-packages/airflow/example_dags/tutorial.py
[2025-11-16T19:32:23.119+0000] {logging_mixin.py:190} INFO - [2025-11-16T19:32:23.118+0000] {dag.py:3239} INFO - Sync 1 DAGs
[2025-11-16T19:32:23.135+0000] {logging_mixin.py:190} INFO - [2025-11-16T19:32:23.135+0000] {dag.py:4180} INFO - Setting next_dagrun for tutorial to 2025-11-15 00:00:00+00:00, run_after=2025-11-16 00:00:00+00:00
[2025-11-16T19:32:23.149+0000] {processor.py:208} INFO - Processing /home/airflow/.local/lib/python3.12/site-packages/airflow/example_dags/tutorial.py took 0.058 seconds
[2025-11-16T19:32:54.323+0000] {processor.py:186} INFO - Started process (PID=2421) to work on /home/airflow/.local/lib/python3.12/site-packages/airflow/example_dags/tutorial.py
[2025-11-16T19:32:54.324+0000] {processor.py:914} INFO - Processing file /home/airflow/.local/lib/python3.12/site-packages/airflow/example_dags/tutorial.py for tasks to queue
[2025-11-16T19:32:54.326+0000] {logging_mixin.py:190} INFO - [2025-11-16T19:32:54.326+0000] {dagbag.py:588} INFO - Filling up the DagBag from /home/airflow/.local/lib/python3.12/site-packages/airflow/example_dags/tutorial.py
[2025-11-16T19:32:54.332+0000] {processor.py:925} INFO - DAG(s) 'tutorial' retrieved from /home/airflow/.local/lib/python3.12/site-packages/airflow/example_dags/tutorial.py
[2025-11-16T19:32:54.347+0000] {logging_mixin.py:190} INFO - [2025-11-16T19:32:54.347+0000] {dag.py:3239} INFO - Sync 1 DAGs
[2025-11-16T19:32:54.363+0000] {logging_mixin.py:190} INFO - [2025-11-16T19:32:54.363+0000] {dag.py:4180} INFO - Setting next_dagrun for tutorial to 2025-11-15 00:00:00+00:00, run_after=2025-11-16 00:00:00+00:00
[2025-11-16T19:32:54.375+0000] {processor.py:208} INFO - Processing /home/airflow/.local/lib/python3.12/site-packages/airflow/example_dags/tutorial.py took 0.056 seconds
[2025-11-16T19:33:25.124+0000] {processor.py:186} INFO - Started process (PID=2486) to work on /home/airflow/.local/lib/python3.12/site-packages/airflow/example_dags/tutorial.py
[2025-11-16T19:33:25.125+0000] {processor.py:914} INFO - Processing file /home/airflow/.local/lib/python3.12/site-packages/airflow/example_dags/tutorial.py for tasks to queue
[2025-11-16T19:33:25.127+0000] {logging_mixin.py:190} INFO - [2025-11-16T19:33:25.127+0000] {dagbag.py:588} INFO - Filling up the DagBag from /home/airflow/.local/lib/python3.12/site-packages/airflow/example_dags/tutorial.py
[2025-11-16T19:33:25.134+0000] {processor.py:925} INFO - DAG(s) 'tutorial' retrieved from /home/airflow/.local/lib/python3.12/site-packages/airflow/example_dags/tutorial.py
[2025-11-16T19:33:25.151+0000] {logging_mixin.py:190} INFO - [2025-11-16T19:33:25.151+0000] {dag.py:3239} INFO - Sync 1 DAGs
[2025-11-16T19:33:25.168+0000] {logging_mixin.py:190} INFO - [2025-11-16T19:33:25.168+0000] {dag.py:4180} INFO - Setting next_dagrun for tutorial to 2025-11-15 00:00:00+00:00, run_after=2025-11-16 00:00:00+00:00
[2025-11-16T19:33:25.181+0000] {processor.py:208} INFO - Processing /home/airflow/.local/lib/python3.12/site-packages/airflow/example_dags/tutorial.py took 0.062 seconds
[2025-11-16T19:33:56.307+0000] {processor.py:186} INFO - Started process (PID=2551) to work on /home/airflow/.local/lib/python3.12/site-packages/airflow/example_dags/tutorial.py
[2025-11-16T19:33:56.308+0000] {processor.py:914} INFO - Processing file /home/airflow/.local/lib/python3.12/site-packages/airflow/example_dags/tutorial.py for tasks to queue
[2025-11-16T19:33:56.310+0000] {logging_mixin.py:190} INFO - [2025-11-16T19:33:56.310+0000] {dagbag.py:588} INFO - Filling up the DagBag from /home/airflow/.local/lib/python3.12/site-packages/airflow/example_dags/tutorial.py
[2025-11-16T19:33:56.316+0000] {processor.py:925} INFO - DAG(s) 'tutorial' retrieved from /home/airflow/.local/lib/python3.12/site-packages/airflow/example_dags/tutorial.py
[2025-11-16T19:33:56.329+0000] {logging_mixin.py:190} INFO - [2025-11-16T19:33:56.329+0000] {dag.py:3239} INFO - Sync 1 DAGs
[2025-11-16T19:33:56.345+0000] {logging_mixin.py:190} INFO - [2025-11-16T19:33:56.345+0000] {dag.py:4180} INFO - Setting next_dagrun for tutorial to 2025-11-15 00:00:00+00:00, run_after=2025-11-16 00:00:00+00:00
[2025-11-16T19:33:56.357+0000] {processor.py:208} INFO - Processing /home/airflow/.local/lib/python3.12/site-packages/airflow/example_dags/tutorial.py took 0.054 seconds
[2025-11-16T19:34:26.989+0000] {processor.py:186} INFO - Started process (PID=2616) to work on /home/airflow/.local/lib/python3.12/site-packages/airflow/example_dags/tutorial.py
[2025-11-16T19:34:26.989+0000] {processor.py:914} INFO - Processing file /home/airflow/.local/lib/python3.12/site-packages/airflow/example_dags/tutorial.py for tasks to queue
[2025-11-16T19:34:26.991+0000] {logging_mixin.py:190} INFO - [2025-11-16T19:34:26.991+0000] {dagbag.py:588} INFO - Filling up the DagBag from /home/airflow/.local/lib/python3.12/site-packages/airflow/example_dags/tutorial.py
[2025-11-16T19:34:26.997+0000] {processor.py:925} INFO - DAG(s) 'tutorial' retrieved from /home/airflow/.local/lib/python3.12/site-packages/airflow/example_dags/tutorial.py
[2025-11-16T19:34:27.010+0000] {logging_mixin.py:190} INFO - [2025-11-16T19:34:27.010+0000] {dag.py:3239} INFO - Sync 1 DAGs
[2025-11-16T19:34:27.026+0000] {logging_mixin.py:190} INFO - [2025-11-16T19:34:27.026+0000] {dag.py:4180} INFO - Setting next_dagrun for tutorial to 2025-11-15 00:00:00+00:00, run_after=2025-11-16 00:00:00+00:00
[2025-11-16T19:34:27.037+0000] {processor.py:208} INFO - Processing /home/airflow/.local/lib/python3.12/site-packages/airflow/example_dags/tutorial.py took 0.053 seconds
[2025-11-16T19:34:57.834+0000] {processor.py:186} INFO - Started process (PID=2681) to work on /home/airflow/.local/lib/python3.12/site-packages/airflow/example_dags/tutorial.py
[2025-11-16T19:34:57.835+0000] {processor.py:914} INFO - Processing file /home/airflow/.local/lib/python3.12/site-packages/airflow/example_dags/tutorial.py for tasks to queue
[2025-11-16T19:34:57.837+0000] {logging_mixin.py:190} INFO - [2025-11-16T19:34:57.837+0000] {dagbag.py:588} INFO - Filling up the DagBag from /home/airflow/.local/lib/python3.12/site-packages/airflow/example_dags/tutorial.py
[2025-11-16T19:34:57.843+0000] {processor.py:925} INFO - DAG(s) 'tutorial' retrieved from /home/airflow/.local/lib/python3.12/site-packages/airflow/example_dags/tutorial.py
[2025-11-16T19:34:57.857+0000] {logging_mixin.py:190} INFO - [2025-11-16T19:34:57.857+0000] {dag.py:3239} INFO - Sync 1 DAGs
[2025-11-16T19:34:57.872+0000] {logging_mixin.py:190} INFO - [2025-11-16T19:34:57.872+0000] {dag.py:4180} INFO - Setting next_dagrun for tutorial to 2025-11-15 00:00:00+00:00, run_after=2025-11-16 00:00:00+00:00
[2025-11-16T19:34:57.884+0000] {processor.py:208} INFO - Processing /home/airflow/.local/lib/python3.12/site-packages/airflow/example_dags/tutorial.py took 0.053 seconds
[2025-11-16T19:35:29.116+0000] {processor.py:186} INFO - Started process (PID=2746) to work on /home/airflow/.local/lib/python3.12/site-packages/airflow/example_dags/tutorial.py
[2025-11-16T19:35:29.117+0000] {processor.py:914} INFO - Processing file /home/airflow/.local/lib/python3.12/site-packages/airflow/example_dags/tutorial.py for tasks to queue
[2025-11-16T19:35:29.119+0000] {logging_mixin.py:190} INFO - [2025-11-16T19:35:29.119+0000] {dagbag.py:588} INFO - Filling up the DagBag from /home/airflow/.local/lib/python3.12/site-packages/airflow/example_dags/tutorial.py
[2025-11-16T19:35:29.125+0000] {processor.py:925} INFO - DAG(s) 'tutorial' retrieved from /home/airflow/.local/lib/python3.12/site-packages/airflow/example_dags/tutorial.py
[2025-11-16T19:35:29.140+0000] {logging_mixin.py:190} INFO - [2025-11-16T19:35:29.140+0000] {dag.py:3239} INFO - Sync 1 DAGs
[2025-11-16T19:35:29.156+0000] {logging_mixin.py:190} INFO - [2025-11-16T19:35:29.156+0000] {dag.py:4180} INFO - Setting next_dagrun for tutorial to 2025-11-15 00:00:00+00:00, run_after=2025-11-16 00:00:00+00:00
[2025-11-16T19:35:29.170+0000] {processor.py:208} INFO - Processing /home/airflow/.local/lib/python3.12/site-packages/airflow/example_dags/tutorial.py took 0.058 seconds
[2025-11-16T19:35:59.979+0000] {processor.py:186} INFO - Started process (PID=2811) to work on /home/airflow/.local/lib/python3.12/site-packages/airflow/example_dags/tutorial.py
[2025-11-16T19:35:59.981+0000] {processor.py:914} INFO - Processing file /home/airflow/.local/lib/python3.12/site-packages/airflow/example_dags/tutorial.py for tasks to queue
[2025-11-16T19:35:59.983+0000] {logging_mixin.py:190} INFO - [2025-11-16T19:35:59.983+0000] {dagbag.py:588} INFO - Filling up the DagBag from /home/airflow/.local/lib/python3.12/site-packages/airflow/example_dags/tutorial.py
[2025-11-16T19:35:59.991+0000] {processor.py:925} INFO - DAG(s) 'tutorial' retrieved from /home/airflow/.local/lib/python3.12/site-packages/airflow/example_dags/tutorial.py
[2025-11-16T19:36:00.006+0000] {logging_mixin.py:190} INFO - [2025-11-16T19:36:00.006+0000] {dag.py:3239} INFO - Sync 1 DAGs
[2025-11-16T19:36:00.025+0000] {logging_mixin.py:190} INFO - [2025-11-16T19:36:00.025+0000] {dag.py:4180} INFO - Setting next_dagrun for tutorial to 2025-11-15 00:00:00+00:00, run_after=2025-11-16 00:00:00+00:00
[2025-11-16T19:36:00.040+0000] {processor.py:208} INFO - Processing /home/airflow/.local/lib/python3.12/site-packages/airflow/example_dags/tutorial.py took 0.065 seconds
[2025-11-16T19:36:31.133+0000] {processor.py:186} INFO - Started process (PID=2876) to work on /home/airflow/.local/lib/python3.12/site-packages/airflow/example_dags/tutorial.py
[2025-11-16T19:36:31.134+0000] {processor.py:914} INFO - Processing file /home/airflow/.local/lib/python3.12/site-packages/airflow/example_dags/tutorial.py for tasks to queue
[2025-11-16T19:36:31.136+0000] {logging_mixin.py:190} INFO - [2025-11-16T19:36:31.136+0000] {dagbag.py:588} INFO - Filling up the DagBag from /home/airflow/.local/lib/python3.12/site-packages/airflow/example_dags/tutorial.py
[2025-11-16T19:36:31.143+0000] {processor.py:925} INFO - DAG(s) 'tutorial' retrieved from /home/airflow/.local/lib/python3.12/site-packages/airflow/example_dags/tutorial.py
[2025-11-16T19:36:31.158+0000] {logging_mixin.py:190} INFO - [2025-11-16T19:36:31.157+0000] {dag.py:3239} INFO - Sync 1 DAGs
[2025-11-16T19:36:31.173+0000] {logging_mixin.py:190} INFO - [2025-11-16T19:36:31.173+0000] {dag.py:4180} INFO - Setting next_dagrun for tutorial to 2025-11-15 00:00:00+00:00, run_after=2025-11-16 00:00:00+00:00
[2025-11-16T19:36:31.187+0000] {processor.py:208} INFO - Processing /home/airflow/.local/lib/python3.12/site-packages/airflow/example_dags/tutorial.py took 0.058 seconds
[2025-11-16T19:37:02.351+0000] {processor.py:186} INFO - Started process (PID=2941) to work on /home/airflow/.local/lib/python3.12/site-packages/airflow/example_dags/tutorial.py
[2025-11-16T19:37:02.352+0000] {processor.py:914} INFO - Processing file /home/airflow/.local/lib/python3.12/site-packages/airflow/example_dags/tutorial.py for tasks to queue
[2025-11-16T19:37:02.355+0000] {logging_mixin.py:190} INFO - [2025-11-16T19:37:02.354+0000] {dagbag.py:588} INFO - Filling up the DagBag from /home/airflow/.local/lib/python3.12/site-packages/airflow/example_dags/tutorial.py
[2025-11-16T19:37:02.362+0000] {processor.py:925} INFO - DAG(s) 'tutorial' retrieved from /home/airflow/.local/lib/python3.12/site-packages/airflow/example_dags/tutorial.py
[2025-11-16T19:37:02.377+0000] {logging_mixin.py:190} INFO - [2025-11-16T19:37:02.376+0000] {dag.py:3239} INFO - Sync 1 DAGs
[2025-11-16T19:37:02.392+0000] {logging_mixin.py:190} INFO - [2025-11-16T19:37:02.392+0000] {dag.py:4180} INFO - Setting next_dagrun for tutorial to 2025-11-15 00:00:00+00:00, run_after=2025-11-16 00:00:00+00:00
[2025-11-16T19:37:02.407+0000] {processor.py:208} INFO - Processing /home/airflow/.local/lib/python3.12/site-packages/airflow/example_dags/tutorial.py took 0.061 seconds
[2025-11-16T19:37:33.543+0000] {processor.py:186} INFO - Started process (PID=3006) to work on /home/airflow/.local/lib/python3.12/site-packages/airflow/example_dags/tutorial.py
[2025-11-16T19:37:33.544+0000] {processor.py:914} INFO - Processing file /home/airflow/.local/lib/python3.12/site-packages/airflow/example_dags/tutorial.py for tasks to queue
[2025-11-16T19:37:33.546+0000] {logging_mixin.py:190} INFO - [2025-11-16T19:37:33.546+0000] {dagbag.py:588} INFO - Filling up the DagBag from /home/airflow/.local/lib/python3.12/site-packages/airflow/example_dags/tutorial.py
[2025-11-16T19:37:33.552+0000] {processor.py:925} INFO - DAG(s) 'tutorial' retrieved from /home/airflow/.local/lib/python3.12/site-packages/airflow/example_dags/tutorial.py
[2025-11-16T19:37:33.568+0000] {logging_mixin.py:190} INFO - [2025-11-16T19:37:33.568+0000] {dag.py:3239} INFO - Sync 1 DAGs
[2025-11-16T19:37:33.585+0000] {logging_mixin.py:190} INFO - [2025-11-16T19:37:33.585+0000] {dag.py:4180} INFO - Setting next_dagrun for tutorial to 2025-11-15 00:00:00+00:00, run_after=2025-11-16 00:00:00+00:00
[2025-11-16T19:37:33.598+0000] {processor.py:208} INFO - Processing /home/airflow/.local/lib/python3.12/site-packages/airflow/example_dags/tutorial.py took 0.059 seconds
[2025-11-16T19:38:04.954+0000] {processor.py:186} INFO - Started process (PID=3071) to work on /home/airflow/.local/lib/python3.12/site-packages/airflow/example_dags/tutorial.py
[2025-11-16T19:38:04.955+0000] {processor.py:914} INFO - Processing file /home/airflow/.local/lib/python3.12/site-packages/airflow/example_dags/tutorial.py for tasks to queue
[2025-11-16T19:38:04.958+0000] {logging_mixin.py:190} INFO - [2025-11-16T19:38:04.958+0000] {dagbag.py:588} INFO - Filling up the DagBag from /home/airflow/.local/lib/python3.12/site-packages/airflow/example_dags/tutorial.py
[2025-11-16T19:38:04.965+0000] {processor.py:925} INFO - DAG(s) 'tutorial' retrieved from /home/airflow/.local/lib/python3.12/site-packages/airflow/example_dags/tutorial.py
[2025-11-16T19:38:04.982+0000] {logging_mixin.py:190} INFO - [2025-11-16T19:38:04.982+0000] {dag.py:3239} INFO - Sync 1 DAGs
[2025-11-16T19:38:04.999+0000] {logging_mixin.py:190} INFO - [2025-11-16T19:38:04.999+0000] {dag.py:4180} INFO - Setting next_dagrun for tutorial to 2025-11-15 00:00:00+00:00, run_after=2025-11-16 00:00:00+00:00
[2025-11-16T19:38:05.013+0000] {processor.py:208} INFO - Processing /home/airflow/.local/lib/python3.12/site-packages/airflow/example_dags/tutorial.py took 0.063 seconds
[2025-11-16T19:38:36.007+0000] {processor.py:186} INFO - Started process (PID=3136) to work on /home/airflow/.local/lib/python3.12/site-packages/airflow/example_dags/tutorial.py
[2025-11-16T19:38:36.008+0000] {processor.py:914} INFO - Processing file /home/airflow/.local/lib/python3.12/site-packages/airflow/example_dags/tutorial.py for tasks to queue
[2025-11-16T19:38:36.010+0000] {logging_mixin.py:190} INFO - [2025-11-16T19:38:36.010+0000] {dagbag.py:588} INFO - Filling up the DagBag from /home/airflow/.local/lib/python3.12/site-packages/airflow/example_dags/tutorial.py
[2025-11-16T19:38:36.016+0000] {processor.py:925} INFO - DAG(s) 'tutorial' retrieved from /home/airflow/.local/lib/python3.12/site-packages/airflow/example_dags/tutorial.py
[2025-11-16T19:38:36.030+0000] {logging_mixin.py:190} INFO - [2025-11-16T19:38:36.030+0000] {dag.py:3239} INFO - Sync 1 DAGs
[2025-11-16T19:38:36.045+0000] {logging_mixin.py:190} INFO - [2025-11-16T19:38:36.045+0000] {dag.py:4180} INFO - Setting next_dagrun for tutorial to 2025-11-15 00:00:00+00:00, run_after=2025-11-16 00:00:00+00:00
[2025-11-16T19:38:36.058+0000] {processor.py:208} INFO - Processing /home/airflow/.local/lib/python3.12/site-packages/airflow/example_dags/tutorial.py took 0.055 seconds
[2025-11-16T19:39:07.219+0000] {processor.py:186} INFO - Started process (PID=3201) to work on /home/airflow/.local/lib/python3.12/site-packages/airflow/example_dags/tutorial.py
[2025-11-16T19:39:07.220+0000] {processor.py:914} INFO - Processing file /home/airflow/.local/lib/python3.12/site-packages/airflow/example_dags/tutorial.py for tasks to queue
[2025-11-16T19:39:07.222+0000] {logging_mixin.py:190} INFO - [2025-11-16T19:39:07.222+0000] {dagbag.py:588} INFO - Filling up the DagBag from /home/airflow/.local/lib/python3.12/site-packages/airflow/example_dags/tutorial.py
[2025-11-16T19:39:07.228+0000] {processor.py:925} INFO - DAG(s) 'tutorial' retrieved from /home/airflow/.local/lib/python3.12/site-packages/airflow/example_dags/tutorial.py
[2025-11-16T19:39:07.242+0000] {logging_mixin.py:190} INFO - [2025-11-16T19:39:07.241+0000] {dag.py:3239} INFO - Sync 1 DAGs
[2025-11-16T19:39:07.256+0000] {logging_mixin.py:190} INFO - [2025-11-16T19:39:07.256+0000] {dag.py:4180} INFO - Setting next_dagrun for tutorial to 2025-11-15 00:00:00+00:00, run_after=2025-11-16 00:00:00+00:00
[2025-11-16T19:39:07.269+0000] {processor.py:208} INFO - Processing /home/airflow/.local/lib/python3.12/site-packages/airflow/example_dags/tutorial.py took 0.054 seconds
[2025-11-16T19:39:38.051+0000] {processor.py:186} INFO - Started process (PID=3266) to work on /home/airflow/.local/lib/python3.12/site-packages/airflow/example_dags/tutorial.py
[2025-11-16T19:39:38.052+0000] {processor.py:914} INFO - Processing file /home/airflow/.local/lib/python3.12/site-packages/airflow/example_dags/tutorial.py for tasks to queue
[2025-11-16T19:39:38.054+0000] {logging_mixin.py:190} INFO - [2025-11-16T19:39:38.054+0000] {dagbag.py:588} INFO - Filling up the DagBag from /home/airflow/.local/lib/python3.12/site-packages/airflow/example_dags/tutorial.py
[2025-11-16T19:39:38.060+0000] {processor.py:925} INFO - DAG(s) 'tutorial' retrieved from /home/airflow/.local/lib/python3.12/site-packages/airflow/example_dags/tutorial.py
[2025-11-16T19:39:38.076+0000] {logging_mixin.py:190} INFO - [2025-11-16T19:39:38.076+0000] {dag.py:3239} INFO - Sync 1 DAGs
[2025-11-16T19:39:38.094+0000] {logging_mixin.py:190} INFO - [2025-11-16T19:39:38.094+0000] {dag.py:4180} INFO - Setting next_dagrun for tutorial to 2025-11-15 00:00:00+00:00, run_after=2025-11-16 00:00:00+00:00
[2025-11-16T19:39:38.109+0000] {processor.py:208} INFO - Processing /home/airflow/.local/lib/python3.12/site-packages/airflow/example_dags/tutorial.py took 0.062 seconds
[2025-11-16T19:40:09.293+0000] {processor.py:186} INFO - Started process (PID=3331) to work on /home/airflow/.local/lib/python3.12/site-packages/airflow/example_dags/tutorial.py
[2025-11-16T19:40:09.295+0000] {processor.py:914} INFO - Processing file /home/airflow/.local/lib/python3.12/site-packages/airflow/example_dags/tutorial.py for tasks to queue
[2025-11-16T19:40:09.297+0000] {logging_mixin.py:190} INFO - [2025-11-16T19:40:09.296+0000] {dagbag.py:588} INFO - Filling up the DagBag from /home/airflow/.local/lib/python3.12/site-packages/airflow/example_dags/tutorial.py
[2025-11-16T19:40:09.303+0000] {processor.py:925} INFO - DAG(s) 'tutorial' retrieved from /home/airflow/.local/lib/python3.12/site-packages/airflow/example_dags/tutorial.py
[2025-11-16T19:40:09.319+0000] {logging_mixin.py:190} INFO - [2025-11-16T19:40:09.319+0000] {dag.py:3239} INFO - Sync 1 DAGs
[2025-11-16T19:40:09.334+0000] {logging_mixin.py:190} INFO - [2025-11-16T19:40:09.334+0000] {dag.py:4180} INFO - Setting next_dagrun for tutorial to 2025-11-15 00:00:00+00:00, run_after=2025-11-16 00:00:00+00:00
[2025-11-16T19:40:09.347+0000] {processor.py:208} INFO - Processing /home/airflow/.local/lib/python3.12/site-packages/airflow/example_dags/tutorial.py took 0.058 seconds
[2025-11-16T19:40:40.070+0000] {processor.py:186} INFO - Started process (PID=3397) to work on /home/airflow/.local/lib/python3.12/site-packages/airflow/example_dags/tutorial.py
[2025-11-16T19:40:40.071+0000] {processor.py:914} INFO - Processing file /home/airflow/.local/lib/python3.12/site-packages/airflow/example_dags/tutorial.py for tasks to queue
[2025-11-16T19:40:40.074+0000] {logging_mixin.py:190} INFO - [2025-11-16T19:40:40.073+0000] {dagbag.py:588} INFO - Filling up the DagBag from /home/airflow/.local/lib/python3.12/site-packages/airflow/example_dags/tutorial.py
[2025-11-16T19:40:40.082+0000] {processor.py:925} INFO - DAG(s) 'tutorial' retrieved from /home/airflow/.local/lib/python3.12/site-packages/airflow/example_dags/tutorial.py
[2025-11-16T19:40:40.097+0000] {logging_mixin.py:190} INFO - [2025-11-16T19:40:40.097+0000] {dag.py:3239} INFO - Sync 1 DAGs
[2025-11-16T19:40:40.112+0000] {logging_mixin.py:190} INFO - [2025-11-16T19:40:40.112+0000] {dag.py:4180} INFO - Setting next_dagrun for tutorial to 2025-11-15 00:00:00+00:00, run_after=2025-11-16 00:00:00+00:00
[2025-11-16T19:40:40.125+0000] {processor.py:208} INFO - Processing /home/airflow/.local/lib/python3.12/site-packages/airflow/example_dags/tutorial.py took 0.060 seconds
[2025-11-16T19:41:10.745+0000] {processor.py:186} INFO - Started process (PID=3462) to work on /home/airflow/.local/lib/python3.12/site-packages/airflow/example_dags/tutorial.py
[2025-11-16T19:41:10.746+0000] {processor.py:914} INFO - Processing file /home/airflow/.local/lib/python3.12/site-packages/airflow/example_dags/tutorial.py for tasks to queue
[2025-11-16T19:41:10.749+0000] {logging_mixin.py:190} INFO - [2025-11-16T19:41:10.748+0000] {dagbag.py:588} INFO - Filling up the DagBag from /home/airflow/.local/lib/python3.12/site-packages/airflow/example_dags/tutorial.py
[2025-11-16T19:41:10.755+0000] {processor.py:925} INFO - DAG(s) 'tutorial' retrieved from /home/airflow/.local/lib/python3.12/site-packages/airflow/example_dags/tutorial.py
[2025-11-16T19:41:10.771+0000] {logging_mixin.py:190} INFO - [2025-11-16T19:41:10.770+0000] {dag.py:3239} INFO - Sync 1 DAGs
[2025-11-16T19:41:10.788+0000] {logging_mixin.py:190} INFO - [2025-11-16T19:41:10.788+0000] {dag.py:4180} INFO - Setting next_dagrun for tutorial to 2025-11-15 00:00:00+00:00, run_after=2025-11-16 00:00:00+00:00
[2025-11-16T19:41:10.801+0000] {processor.py:208} INFO - Processing /home/airflow/.local/lib/python3.12/site-packages/airflow/example_dags/tutorial.py took 0.060 seconds
[2025-11-16T19:41:41.943+0000] {processor.py:186} INFO - Started process (PID=3527) to work on /home/airflow/.local/lib/python3.12/site-packages/airflow/example_dags/tutorial.py
[2025-11-16T19:41:41.944+0000] {processor.py:914} INFO - Processing file /home/airflow/.local/lib/python3.12/site-packages/airflow/example_dags/tutorial.py for tasks to queue
[2025-11-16T19:41:41.946+0000] {logging_mixin.py:190} INFO - [2025-11-16T19:41:41.946+0000] {dagbag.py:588} INFO - Filling up the DagBag from /home/airflow/.local/lib/python3.12/site-packages/airflow/example_dags/tutorial.py
[2025-11-16T19:41:41.953+0000] {processor.py:925} INFO - DAG(s) 'tutorial' retrieved from /home/airflow/.local/lib/python3.12/site-packages/airflow/example_dags/tutorial.py
[2025-11-16T19:41:41.967+0000] {logging_mixin.py:190} INFO - [2025-11-16T19:41:41.967+0000] {dag.py:3239} INFO - Sync 1 DAGs
[2025-11-16T19:41:41.982+0000] {logging_mixin.py:190} INFO - [2025-11-16T19:41:41.982+0000] {dag.py:4180} INFO - Setting next_dagrun for tutorial to 2025-11-15 00:00:00+00:00, run_after=2025-11-16 00:00:00+00:00
[2025-11-16T19:41:41.995+0000] {processor.py:208} INFO - Processing /home/airflow/.local/lib/python3.12/site-packages/airflow/example_dags/tutorial.py took 0.056 seconds
[2025-11-16T19:42:13.059+0000] {processor.py:186} INFO - Started process (PID=3592) to work on /home/airflow/.local/lib/python3.12/site-packages/airflow/example_dags/tutorial.py
[2025-11-16T19:42:13.060+0000] {processor.py:914} INFO - Processing file /home/airflow/.local/lib/python3.12/site-packages/airflow/example_dags/tutorial.py for tasks to queue
[2025-11-16T19:42:13.061+0000] {logging_mixin.py:190} INFO - [2025-11-16T19:42:13.061+0000] {dagbag.py:588} INFO - Filling up the DagBag from /home/airflow/.local/lib/python3.12/site-packages/airflow/example_dags/tutorial.py
[2025-11-16T19:42:13.068+0000] {processor.py:925} INFO - DAG(s) 'tutorial' retrieved from /home/airflow/.local/lib/python3.12/site-packages/airflow/example_dags/tutorial.py
[2025-11-16T19:42:13.081+0000] {logging_mixin.py:190} INFO - [2025-11-16T19:42:13.081+0000] {dag.py:3239} INFO - Sync 1 DAGs
[2025-11-16T19:42:13.096+0000] {logging_mixin.py:190} INFO - [2025-11-16T19:42:13.096+0000] {dag.py:4180} INFO - Setting next_dagrun for tutorial to 2025-11-15 00:00:00+00:00, run_after=2025-11-16 00:00:00+00:00
[2025-11-16T19:42:13.109+0000] {processor.py:208} INFO - Processing /home/airflow/.local/lib/python3.12/site-packages/airflow/example_dags/tutorial.py took 0.055 seconds
[2025-11-16T19:42:43.855+0000] {processor.py:186} INFO - Started process (PID=3657) to work on /home/airflow/.local/lib/python3.12/site-packages/airflow/example_dags/tutorial.py
[2025-11-16T19:42:43.856+0000] {processor.py:914} INFO - Processing file /home/airflow/.local/lib/python3.12/site-packages/airflow/example_dags/tutorial.py for tasks to queue
[2025-11-16T19:42:43.858+0000] {logging_mixin.py:190} INFO - [2025-11-16T19:42:43.858+0000] {dagbag.py:588} INFO - Filling up the DagBag from /home/airflow/.local/lib/python3.12/site-packages/airflow/example_dags/tutorial.py
[2025-11-16T19:42:43.865+0000] {processor.py:925} INFO - DAG(s) 'tutorial' retrieved from /home/airflow/.local/lib/python3.12/site-packages/airflow/example_dags/tutorial.py
[2025-11-16T19:42:43.879+0000] {logging_mixin.py:190} INFO - [2025-11-16T19:42:43.879+0000] {dag.py:3239} INFO - Sync 1 DAGs
[2025-11-16T19:42:43.893+0000] {logging_mixin.py:190} INFO - [2025-11-16T19:42:43.893+0000] {dag.py:4180} INFO - Setting next_dagrun for tutorial to 2025-11-15 00:00:00+00:00, run_after=2025-11-16 00:00:00+00:00
[2025-11-16T19:42:43.905+0000] {processor.py:208} INFO - Processing /home/airflow/.local/lib/python3.12/site-packages/airflow/example_dags/tutorial.py took 0.054 seconds
[2025-11-16T19:43:15.322+0000] {processor.py:186} INFO - Started process (PID=3726) to work on /home/airflow/.local/lib/python3.12/site-packages/airflow/example_dags/tutorial.py
[2025-11-16T19:43:15.323+0000] {processor.py:914} INFO - Processing file /home/airflow/.local/lib/python3.12/site-packages/airflow/example_dags/tutorial.py for tasks to queue
[2025-11-16T19:43:15.325+0000] {logging_mixin.py:190} INFO - [2025-11-16T19:43:15.325+0000] {dagbag.py:588} INFO - Filling up the DagBag from /home/airflow/.local/lib/python3.12/site-packages/airflow/example_dags/tutorial.py
[2025-11-16T19:43:15.332+0000] {processor.py:925} INFO - DAG(s) 'tutorial' retrieved from /home/airflow/.local/lib/python3.12/site-packages/airflow/example_dags/tutorial.py
[2025-11-16T19:43:15.349+0000] {logging_mixin.py:190} INFO - [2025-11-16T19:43:15.349+0000] {dag.py:3239} INFO - Sync 1 DAGs
[2025-11-16T19:43:15.367+0000] {logging_mixin.py:190} INFO - [2025-11-16T19:43:15.367+0000] {dag.py:4180} INFO - Setting next_dagrun for tutorial to 2025-11-15 00:00:00+00:00, run_after=2025-11-16 00:00:00+00:00
[2025-11-16T19:43:15.383+0000] {processor.py:208} INFO - Processing /home/airflow/.local/lib/python3.12/site-packages/airflow/example_dags/tutorial.py took 0.065 seconds
[2025-11-16T19:43:46.701+0000] {processor.py:186} INFO - Started process (PID=3793) to work on /home/airflow/.local/lib/python3.12/site-packages/airflow/example_dags/tutorial.py
[2025-11-16T19:43:46.702+0000] {processor.py:914} INFO - Processing file /home/airflow/.local/lib/python3.12/site-packages/airflow/example_dags/tutorial.py for tasks to queue
[2025-11-16T19:43:46.704+0000] {logging_mixin.py:190} INFO - [2025-11-16T19:43:46.703+0000] {dagbag.py:588} INFO - Filling up the DagBag from /home/airflow/.local/lib/python3.12/site-packages/airflow/example_dags/tutorial.py
[2025-11-16T19:43:46.710+0000] {processor.py:925} INFO - DAG(s) 'tutorial' retrieved from /home/airflow/.local/lib/python3.12/site-packages/airflow/example_dags/tutorial.py
[2025-11-16T19:43:46.724+0000] {logging_mixin.py:190} INFO - [2025-11-16T19:43:46.724+0000] {dag.py:3239} INFO - Sync 1 DAGs
[2025-11-16T19:43:46.738+0000] {logging_mixin.py:190} INFO - [2025-11-16T19:43:46.738+0000] {dag.py:4180} INFO - Setting next_dagrun for tutorial to 2025-11-15 00:00:00+00:00, run_after=2025-11-16 00:00:00+00:00
[2025-11-16T19:43:46.750+0000] {processor.py:208} INFO - Processing /home/airflow/.local/lib/python3.12/site-packages/airflow/example_dags/tutorial.py took 0.053 seconds
[2025-11-16T19:44:18.118+0000] {processor.py:186} INFO - Started process (PID=3858) to work on /home/airflow/.local/lib/python3.12/site-packages/airflow/example_dags/tutorial.py
[2025-11-16T19:44:18.119+0000] {processor.py:914} INFO - Processing file /home/airflow/.local/lib/python3.12/site-packages/airflow/example_dags/tutorial.py for tasks to queue
[2025-11-16T19:44:18.121+0000] {logging_mixin.py:190} INFO - [2025-11-16T19:44:18.120+0000] {dagbag.py:588} INFO - Filling up the DagBag from /home/airflow/.local/lib/python3.12/site-packages/airflow/example_dags/tutorial.py
[2025-11-16T19:44:18.126+0000] {processor.py:925} INFO - DAG(s) 'tutorial' retrieved from /home/airflow/.local/lib/python3.12/site-packages/airflow/example_dags/tutorial.py
[2025-11-16T19:44:18.140+0000] {logging_mixin.py:190} INFO - [2025-11-16T19:44:18.139+0000] {dag.py:3239} INFO - Sync 1 DAGs
[2025-11-16T19:44:18.154+0000] {logging_mixin.py:190} INFO - [2025-11-16T19:44:18.154+0000] {dag.py:4180} INFO - Setting next_dagrun for tutorial to 2025-11-15 00:00:00+00:00, run_after=2025-11-16 00:00:00+00:00
[2025-11-16T19:44:18.166+0000] {processor.py:208} INFO - Processing /home/airflow/.local/lib/python3.12/site-packages/airflow/example_dags/tutorial.py took 0.053 seconds
[2025-11-16T19:44:49.284+0000] {processor.py:186} INFO - Started process (PID=3924) to work on /home/airflow/.local/lib/python3.12/site-packages/airflow/example_dags/tutorial.py
[2025-11-16T19:44:49.285+0000] {processor.py:914} INFO - Processing file /home/airflow/.local/lib/python3.12/site-packages/airflow/example_dags/tutorial.py for tasks to queue
[2025-11-16T19:44:49.287+0000] {logging_mixin.py:190} INFO - [2025-11-16T19:44:49.287+0000] {dagbag.py:588} INFO - Filling up the DagBag from /home/airflow/.local/lib/python3.12/site-packages/airflow/example_dags/tutorial.py
[2025-11-16T19:44:49.293+0000] {processor.py:925} INFO - DAG(s) 'tutorial' retrieved from /home/airflow/.local/lib/python3.12/site-packages/airflow/example_dags/tutorial.py
[2025-11-16T19:44:49.306+0000] {logging_mixin.py:190} INFO - [2025-11-16T19:44:49.306+0000] {dag.py:3239} INFO - Sync 1 DAGs
[2025-11-16T19:44:49.323+0000] {logging_mixin.py:190} INFO - [2025-11-16T19:44:49.323+0000] {dag.py:4180} INFO - Setting next_dagrun for tutorial to 2025-11-15 00:00:00+00:00, run_after=2025-11-16 00:00:00+00:00
[2025-11-16T19:44:49.454+0000] {processor.py:208} INFO - Processing /home/airflow/.local/lib/python3.12/site-packages/airflow/example_dags/tutorial.py took 0.174 seconds
[2025-11-16T19:45:20.558+0000] {processor.py:186} INFO - Started process (PID=3995) to work on /home/airflow/.local/lib/python3.12/site-packages/airflow/example_dags/tutorial.py
[2025-11-16T19:45:20.559+0000] {processor.py:914} INFO - Processing file /home/airflow/.local/lib/python3.12/site-packages/airflow/example_dags/tutorial.py for tasks to queue
[2025-11-16T19:45:20.561+0000] {logging_mixin.py:190} INFO - [2025-11-16T19:45:20.561+0000] {dagbag.py:588} INFO - Filling up the DagBag from /home/airflow/.local/lib/python3.12/site-packages/airflow/example_dags/tutorial.py
[2025-11-16T19:45:20.567+0000] {processor.py:925} INFO - DAG(s) 'tutorial' retrieved from /home/airflow/.local/lib/python3.12/site-packages/airflow/example_dags/tutorial.py
[2025-11-16T19:45:20.585+0000] {logging_mixin.py:190} INFO - [2025-11-16T19:45:20.585+0000] {dag.py:3239} INFO - Sync 1 DAGs
[2025-11-16T19:45:20.604+0000] {logging_mixin.py:190} INFO - [2025-11-16T19:45:20.604+0000] {dag.py:4180} INFO - Setting next_dagrun for tutorial to 2025-11-15 00:00:00+00:00, run_after=2025-11-16 00:00:00+00:00
[2025-11-16T19:45:20.619+0000] {processor.py:208} INFO - Processing /home/airflow/.local/lib/python3.12/site-packages/airflow/example_dags/tutorial.py took 0.065 seconds
[2025-11-16T19:45:51.732+0000] {processor.py:186} INFO - Started process (PID=4060) to work on /home/airflow/.local/lib/python3.12/site-packages/airflow/example_dags/tutorial.py
[2025-11-16T19:45:51.733+0000] {processor.py:914} INFO - Processing file /home/airflow/.local/lib/python3.12/site-packages/airflow/example_dags/tutorial.py for tasks to queue
[2025-11-16T19:45:51.734+0000] {logging_mixin.py:190} INFO - [2025-11-16T19:45:51.734+0000] {dagbag.py:588} INFO - Filling up the DagBag from /home/airflow/.local/lib/python3.12/site-packages/airflow/example_dags/tutorial.py
[2025-11-16T19:45:51.742+0000] {processor.py:925} INFO - DAG(s) 'tutorial' retrieved from /home/airflow/.local/lib/python3.12/site-packages/airflow/example_dags/tutorial.py
[2025-11-16T19:45:51.757+0000] {logging_mixin.py:190} INFO - [2025-11-16T19:45:51.757+0000] {dag.py:3239} INFO - Sync 1 DAGs
[2025-11-16T19:45:51.775+0000] {logging_mixin.py:190} INFO - [2025-11-16T19:45:51.775+0000] {dag.py:4180} INFO - Setting next_dagrun for tutorial to 2025-11-15 00:00:00+00:00, run_after=2025-11-16 00:00:00+00:00
[2025-11-16T19:45:51.795+0000] {processor.py:208} INFO - Processing /home/airflow/.local/lib/python3.12/site-packages/airflow/example_dags/tutorial.py took 0.068 seconds
[2025-11-16T19:46:22.918+0000] {processor.py:186} INFO - Started process (PID=4125) to work on /home/airflow/.local/lib/python3.12/site-packages/airflow/example_dags/tutorial.py
[2025-11-16T19:46:22.919+0000] {processor.py:914} INFO - Processing file /home/airflow/.local/lib/python3.12/site-packages/airflow/example_dags/tutorial.py for tasks to queue
[2025-11-16T19:46:22.921+0000] {logging_mixin.py:190} INFO - [2025-11-16T19:46:22.920+0000] {dagbag.py:588} INFO - Filling up the DagBag from /home/airflow/.local/lib/python3.12/site-packages/airflow/example_dags/tutorial.py
[2025-11-16T19:46:22.928+0000] {processor.py:925} INFO - DAG(s) 'tutorial' retrieved from /home/airflow/.local/lib/python3.12/site-packages/airflow/example_dags/tutorial.py
[2025-11-16T19:46:22.944+0000] {logging_mixin.py:190} INFO - [2025-11-16T19:46:22.943+0000] {dag.py:3239} INFO - Sync 1 DAGs
[2025-11-16T19:46:22.961+0000] {logging_mixin.py:190} INFO - [2025-11-16T19:46:22.960+0000] {dag.py:4180} INFO - Setting next_dagrun for tutorial to 2025-11-15 00:00:00+00:00, run_after=2025-11-16 00:00:00+00:00
[2025-11-16T19:46:22.974+0000] {processor.py:208} INFO - Processing /home/airflow/.local/lib/python3.12/site-packages/airflow/example_dags/tutorial.py took 0.061 seconds
[2025-11-16T19:46:53.839+0000] {processor.py:186} INFO - Started process (PID=4190) to work on /home/airflow/.local/lib/python3.12/site-packages/airflow/example_dags/tutorial.py
[2025-11-16T19:46:53.840+0000] {processor.py:914} INFO - Processing file /home/airflow/.local/lib/python3.12/site-packages/airflow/example_dags/tutorial.py for tasks to queue
[2025-11-16T19:46:53.841+0000] {logging_mixin.py:190} INFO - [2025-11-16T19:46:53.841+0000] {dagbag.py:588} INFO - Filling up the DagBag from /home/airflow/.local/lib/python3.12/site-packages/airflow/example_dags/tutorial.py
[2025-11-16T19:46:53.848+0000] {processor.py:925} INFO - DAG(s) 'tutorial' retrieved from /home/airflow/.local/lib/python3.12/site-packages/airflow/example_dags/tutorial.py
[2025-11-16T19:46:53.862+0000] {logging_mixin.py:190} INFO - [2025-11-16T19:46:53.862+0000] {dag.py:3239} INFO - Sync 1 DAGs
[2025-11-16T19:46:54.002+0000] {logging_mixin.py:190} INFO - [2025-11-16T19:46:54.002+0000] {dag.py:4180} INFO - Setting next_dagrun for tutorial to 2025-11-15 00:00:00+00:00, run_after=2025-11-16 00:00:00+00:00
[2025-11-16T19:46:54.015+0000] {processor.py:208} INFO - Processing /home/airflow/.local/lib/python3.12/site-packages/airflow/example_dags/tutorial.py took 0.180 seconds
[2025-11-16T19:47:24.077+0000] {processor.py:186} INFO - Started process (PID=4256) to work on /home/airflow/.local/lib/python3.12/site-packages/airflow/example_dags/tutorial.py
[2025-11-16T19:47:24.078+0000] {processor.py:914} INFO - Processing file /home/airflow/.local/lib/python3.12/site-packages/airflow/example_dags/tutorial.py for tasks to queue
[2025-11-16T19:47:24.079+0000] {logging_mixin.py:190} INFO - [2025-11-16T19:47:24.078+0000] {dagbag.py:588} INFO - Filling up the DagBag from /home/airflow/.local/lib/python3.12/site-packages/airflow/example_dags/tutorial.py
[2025-11-16T19:47:24.088+0000] {processor.py:925} INFO - DAG(s) 'tutorial' retrieved from /home/airflow/.local/lib/python3.12/site-packages/airflow/example_dags/tutorial.py
[2025-11-16T19:47:24.102+0000] {logging_mixin.py:190} INFO - [2025-11-16T19:47:24.102+0000] {dag.py:3239} INFO - Sync 1 DAGs
[2025-11-16T19:47:24.117+0000] {logging_mixin.py:190} INFO - [2025-11-16T19:47:24.117+0000] {dag.py:4180} INFO - Setting next_dagrun for tutorial to 2025-11-15 00:00:00+00:00, run_after=2025-11-16 00:00:00+00:00
[2025-11-16T19:47:24.132+0000] {processor.py:208} INFO - Processing /home/airflow/.local/lib/python3.12/site-packages/airflow/example_dags/tutorial.py took 0.060 seconds
[2025-11-16T19:47:54.755+0000] {processor.py:186} INFO - Started process (PID=4321) to work on /home/airflow/.local/lib/python3.12/site-packages/airflow/example_dags/tutorial.py
[2025-11-16T19:47:54.756+0000] {processor.py:914} INFO - Processing file /home/airflow/.local/lib/python3.12/site-packages/airflow/example_dags/tutorial.py for tasks to queue
[2025-11-16T19:47:54.757+0000] {logging_mixin.py:190} INFO - [2025-11-16T19:47:54.757+0000] {dagbag.py:588} INFO - Filling up the DagBag from /home/airflow/.local/lib/python3.12/site-packages/airflow/example_dags/tutorial.py
[2025-11-16T19:47:54.764+0000] {processor.py:925} INFO - DAG(s) 'tutorial' retrieved from /home/airflow/.local/lib/python3.12/site-packages/airflow/example_dags/tutorial.py
[2025-11-16T19:47:54.778+0000] {logging_mixin.py:190} INFO - [2025-11-16T19:47:54.777+0000] {dag.py:3239} INFO - Sync 1 DAGs
[2025-11-16T19:47:54.794+0000] {logging_mixin.py:190} INFO - [2025-11-16T19:47:54.794+0000] {dag.py:4180} INFO - Setting next_dagrun for tutorial to 2025-11-15 00:00:00+00:00, run_after=2025-11-16 00:00:00+00:00
[2025-11-16T19:47:54.809+0000] {processor.py:208} INFO - Processing /home/airflow/.local/lib/python3.12/site-packages/airflow/example_dags/tutorial.py took 0.058 seconds
[2025-11-16T19:48:25.363+0000] {processor.py:186} INFO - Started process (PID=4386) to work on /home/airflow/.local/lib/python3.12/site-packages/airflow/example_dags/tutorial.py
[2025-11-16T19:48:25.364+0000] {processor.py:914} INFO - Processing file /home/airflow/.local/lib/python3.12/site-packages/airflow/example_dags/tutorial.py for tasks to queue
[2025-11-16T19:48:25.365+0000] {logging_mixin.py:190} INFO - [2025-11-16T19:48:25.365+0000] {dagbag.py:588} INFO - Filling up the DagBag from /home/airflow/.local/lib/python3.12/site-packages/airflow/example_dags/tutorial.py
[2025-11-16T19:48:25.372+0000] {processor.py:925} INFO - DAG(s) 'tutorial' retrieved from /home/airflow/.local/lib/python3.12/site-packages/airflow/example_dags/tutorial.py
[2025-11-16T19:48:25.387+0000] {logging_mixin.py:190} INFO - [2025-11-16T19:48:25.387+0000] {dag.py:3239} INFO - Sync 1 DAGs
[2025-11-16T19:48:25.402+0000] {logging_mixin.py:190} INFO - [2025-11-16T19:48:25.401+0000] {dag.py:4180} INFO - Setting next_dagrun for tutorial to 2025-11-15 00:00:00+00:00, run_after=2025-11-16 00:00:00+00:00
[2025-11-16T19:48:25.415+0000] {processor.py:208} INFO - Processing /home/airflow/.local/lib/python3.12/site-packages/airflow/example_dags/tutorial.py took 0.056 seconds
[2025-11-16T19:48:56.170+0000] {processor.py:186} INFO - Started process (PID=4451) to work on /home/airflow/.local/lib/python3.12/site-packages/airflow/example_dags/tutorial.py
[2025-11-16T19:48:56.171+0000] {processor.py:914} INFO - Processing file /home/airflow/.local/lib/python3.12/site-packages/airflow/example_dags/tutorial.py for tasks to queue
[2025-11-16T19:48:56.172+0000] {logging_mixin.py:190} INFO - [2025-11-16T19:48:56.172+0000] {dagbag.py:588} INFO - Filling up the DagBag from /home/airflow/.local/lib/python3.12/site-packages/airflow/example_dags/tutorial.py
[2025-11-16T19:48:56.178+0000] {processor.py:925} INFO - DAG(s) 'tutorial' retrieved from /home/airflow/.local/lib/python3.12/site-packages/airflow/example_dags/tutorial.py
[2025-11-16T19:48:56.192+0000] {logging_mixin.py:190} INFO - [2025-11-16T19:48:56.192+0000] {dag.py:3239} INFO - Sync 1 DAGs
[2025-11-16T19:48:56.206+0000] {logging_mixin.py:190} INFO - [2025-11-16T19:48:56.206+0000] {dag.py:4180} INFO - Setting next_dagrun for tutorial to 2025-11-15 00:00:00+00:00, run_after=2025-11-16 00:00:00+00:00
[2025-11-16T19:48:56.219+0000] {processor.py:208} INFO - Processing /home/airflow/.local/lib/python3.12/site-packages/airflow/example_dags/tutorial.py took 0.053 seconds
[2025-11-16T19:49:26.781+0000] {processor.py:186} INFO - Started process (PID=4516) to work on /home/airflow/.local/lib/python3.12/site-packages/airflow/example_dags/tutorial.py
[2025-11-16T19:49:26.782+0000] {processor.py:914} INFO - Processing file /home/airflow/.local/lib/python3.12/site-packages/airflow/example_dags/tutorial.py for tasks to queue
[2025-11-16T19:49:26.783+0000] {logging_mixin.py:190} INFO - [2025-11-16T19:49:26.783+0000] {dagbag.py:588} INFO - Filling up the DagBag from /home/airflow/.local/lib/python3.12/site-packages/airflow/example_dags/tutorial.py
[2025-11-16T19:49:26.791+0000] {processor.py:925} INFO - DAG(s) 'tutorial' retrieved from /home/airflow/.local/lib/python3.12/site-packages/airflow/example_dags/tutorial.py
[2025-11-16T19:49:26.804+0000] {logging_mixin.py:190} INFO - [2025-11-16T19:49:26.804+0000] {dag.py:3239} INFO - Sync 1 DAGs
[2025-11-16T19:49:26.819+0000] {logging_mixin.py:190} INFO - [2025-11-16T19:49:26.819+0000] {dag.py:4180} INFO - Setting next_dagrun for tutorial to 2025-11-15 00:00:00+00:00, run_after=2025-11-16 00:00:00+00:00
[2025-11-16T19:49:26.832+0000] {processor.py:208} INFO - Processing /home/airflow/.local/lib/python3.12/site-packages/airflow/example_dags/tutorial.py took 0.055 seconds
[2025-11-16T19:49:57.442+0000] {processor.py:186} INFO - Started process (PID=4581) to work on /home/airflow/.local/lib/python3.12/site-packages/airflow/example_dags/tutorial.py
[2025-11-16T19:49:57.443+0000] {processor.py:914} INFO - Processing file /home/airflow/.local/lib/python3.12/site-packages/airflow/example_dags/tutorial.py for tasks to queue
[2025-11-16T19:49:57.444+0000] {logging_mixin.py:190} INFO - [2025-11-16T19:49:57.444+0000] {dagbag.py:588} INFO - Filling up the DagBag from /home/airflow/.local/lib/python3.12/site-packages/airflow/example_dags/tutorial.py
[2025-11-16T19:49:57.451+0000] {processor.py:925} INFO - DAG(s) 'tutorial' retrieved from /home/airflow/.local/lib/python3.12/site-packages/airflow/example_dags/tutorial.py
[2025-11-16T19:49:57.465+0000] {logging_mixin.py:190} INFO - [2025-11-16T19:49:57.464+0000] {dag.py:3239} INFO - Sync 1 DAGs
[2025-11-16T19:49:57.480+0000] {logging_mixin.py:190} INFO - [2025-11-16T19:49:57.480+0000] {dag.py:4180} INFO - Setting next_dagrun for tutorial to 2025-11-15 00:00:00+00:00, run_after=2025-11-16 00:00:00+00:00
[2025-11-16T19:49:57.491+0000] {processor.py:208} INFO - Processing /home/airflow/.local/lib/python3.12/site-packages/airflow/example_dags/tutorial.py took 0.054 seconds
[2025-11-16T19:50:28.256+0000] {processor.py:186} INFO - Started process (PID=4646) to work on /home/airflow/.local/lib/python3.12/site-packages/airflow/example_dags/tutorial.py
[2025-11-16T19:50:28.257+0000] {processor.py:914} INFO - Processing file /home/airflow/.local/lib/python3.12/site-packages/airflow/example_dags/tutorial.py for tasks to queue
[2025-11-16T19:50:28.258+0000] {logging_mixin.py:190} INFO - [2025-11-16T19:50:28.257+0000] {dagbag.py:588} INFO - Filling up the DagBag from /home/airflow/.local/lib/python3.12/site-packages/airflow/example_dags/tutorial.py
[2025-11-16T19:50:28.265+0000] {processor.py:925} INFO - DAG(s) 'tutorial' retrieved from /home/airflow/.local/lib/python3.12/site-packages/airflow/example_dags/tutorial.py
[2025-11-16T19:50:28.278+0000] {logging_mixin.py:190} INFO - [2025-11-16T19:50:28.278+0000] {dag.py:3239} INFO - Sync 1 DAGs
[2025-11-16T19:50:28.292+0000] {logging_mixin.py:190} INFO - [2025-11-16T19:50:28.292+0000] {dag.py:4180} INFO - Setting next_dagrun for tutorial to 2025-11-15 00:00:00+00:00, run_after=2025-11-16 00:00:00+00:00
[2025-11-16T19:50:28.304+0000] {processor.py:208} INFO - Processing /home/airflow/.local/lib/python3.12/site-packages/airflow/example_dags/tutorial.py took 0.052 seconds
[2025-11-16T19:50:59.070+0000] {processor.py:186} INFO - Started process (PID=4711) to work on /home/airflow/.local/lib/python3.12/site-packages/airflow/example_dags/tutorial.py
[2025-11-16T19:50:59.071+0000] {processor.py:914} INFO - Processing file /home/airflow/.local/lib/python3.12/site-packages/airflow/example_dags/tutorial.py for tasks to queue
[2025-11-16T19:50:59.072+0000] {logging_mixin.py:190} INFO - [2025-11-16T19:50:59.072+0000] {dagbag.py:588} INFO - Filling up the DagBag from /home/airflow/.local/lib/python3.12/site-packages/airflow/example_dags/tutorial.py
[2025-11-16T19:50:59.080+0000] {processor.py:925} INFO - DAG(s) 'tutorial' retrieved from /home/airflow/.local/lib/python3.12/site-packages/airflow/example_dags/tutorial.py
[2025-11-16T19:50:59.094+0000] {logging_mixin.py:190} INFO - [2025-11-16T19:50:59.093+0000] {dag.py:3239} INFO - Sync 1 DAGs
[2025-11-16T19:50:59.108+0000] {logging_mixin.py:190} INFO - [2025-11-16T19:50:59.108+0000] {dag.py:4180} INFO - Setting next_dagrun for tutorial to 2025-11-15 00:00:00+00:00, run_after=2025-11-16 00:00:00+00:00
[2025-11-16T19:50:59.120+0000] {processor.py:208} INFO - Processing /home/airflow/.local/lib/python3.12/site-packages/airflow/example_dags/tutorial.py took 0.054 seconds
[2025-11-16T19:51:29.877+0000] {processor.py:186} INFO - Started process (PID=4776) to work on /home/airflow/.local/lib/python3.12/site-packages/airflow/example_dags/tutorial.py
[2025-11-16T19:51:29.878+0000] {processor.py:914} INFO - Processing file /home/airflow/.local/lib/python3.12/site-packages/airflow/example_dags/tutorial.py for tasks to queue
[2025-11-16T19:51:29.879+0000] {logging_mixin.py:190} INFO - [2025-11-16T19:51:29.879+0000] {dagbag.py:588} INFO - Filling up the DagBag from /home/airflow/.local/lib/python3.12/site-packages/airflow/example_dags/tutorial.py
[2025-11-16T19:51:29.887+0000] {processor.py:925} INFO - DAG(s) 'tutorial' retrieved from /home/airflow/.local/lib/python3.12/site-packages/airflow/example_dags/tutorial.py
[2025-11-16T19:51:29.901+0000] {logging_mixin.py:190} INFO - [2025-11-16T19:51:29.901+0000] {dag.py:3239} INFO - Sync 1 DAGs
[2025-11-16T19:51:29.917+0000] {logging_mixin.py:190} INFO - [2025-11-16T19:51:29.916+0000] {dag.py:4180} INFO - Setting next_dagrun for tutorial to 2025-11-15 00:00:00+00:00, run_after=2025-11-16 00:00:00+00:00
[2025-11-16T19:51:29.935+0000] {processor.py:208} INFO - Processing /home/airflow/.local/lib/python3.12/site-packages/airflow/example_dags/tutorial.py took 0.062 seconds
[2025-11-16T19:52:00.709+0000] {processor.py:186} INFO - Started process (PID=4841) to work on /home/airflow/.local/lib/python3.12/site-packages/airflow/example_dags/tutorial.py
[2025-11-16T19:52:00.710+0000] {processor.py:914} INFO - Processing file /home/airflow/.local/lib/python3.12/site-packages/airflow/example_dags/tutorial.py for tasks to queue
[2025-11-16T19:52:00.711+0000] {logging_mixin.py:190} INFO - [2025-11-16T19:52:00.711+0000] {dagbag.py:588} INFO - Filling up the DagBag from /home/airflow/.local/lib/python3.12/site-packages/airflow/example_dags/tutorial.py
[2025-11-16T19:52:00.719+0000] {processor.py:925} INFO - DAG(s) 'tutorial' retrieved from /home/airflow/.local/lib/python3.12/site-packages/airflow/example_dags/tutorial.py
[2025-11-16T19:52:00.733+0000] {logging_mixin.py:190} INFO - [2025-11-16T19:52:00.733+0000] {dag.py:3239} INFO - Sync 1 DAGs
[2025-11-16T19:52:00.751+0000] {logging_mixin.py:190} INFO - [2025-11-16T19:52:00.751+0000] {dag.py:4180} INFO - Setting next_dagrun for tutorial to 2025-11-15 00:00:00+00:00, run_after=2025-11-16 00:00:00+00:00
[2025-11-16T19:52:00.766+0000] {processor.py:208} INFO - Processing /home/airflow/.local/lib/python3.12/site-packages/airflow/example_dags/tutorial.py took 0.062 seconds
[2025-11-16T19:52:31.368+0000] {processor.py:186} INFO - Started process (PID=4906) to work on /home/airflow/.local/lib/python3.12/site-packages/airflow/example_dags/tutorial.py
[2025-11-16T19:52:31.369+0000] {processor.py:914} INFO - Processing file /home/airflow/.local/lib/python3.12/site-packages/airflow/example_dags/tutorial.py for tasks to queue
[2025-11-16T19:52:31.370+0000] {logging_mixin.py:190} INFO - [2025-11-16T19:52:31.370+0000] {dagbag.py:588} INFO - Filling up the DagBag from /home/airflow/.local/lib/python3.12/site-packages/airflow/example_dags/tutorial.py
[2025-11-16T19:52:31.378+0000] {processor.py:925} INFO - DAG(s) 'tutorial' retrieved from /home/airflow/.local/lib/python3.12/site-packages/airflow/example_dags/tutorial.py
[2025-11-16T19:52:31.393+0000] {logging_mixin.py:190} INFO - [2025-11-16T19:52:31.393+0000] {dag.py:3239} INFO - Sync 1 DAGs
[2025-11-16T19:52:31.410+0000] {logging_mixin.py:190} INFO - [2025-11-16T19:52:31.410+0000] {dag.py:4180} INFO - Setting next_dagrun for tutorial to 2025-11-15 00:00:00+00:00, run_after=2025-11-16 00:00:00+00:00
[2025-11-16T19:52:31.423+0000] {processor.py:208} INFO - Processing /home/airflow/.local/lib/python3.12/site-packages/airflow/example_dags/tutorial.py took 0.059 seconds
[2025-11-16T19:53:02.400+0000] {processor.py:186} INFO - Started process (PID=4971) to work on /home/airflow/.local/lib/python3.12/site-packages/airflow/example_dags/tutorial.py
[2025-11-16T19:53:02.401+0000] {processor.py:914} INFO - Processing file /home/airflow/.local/lib/python3.12/site-packages/airflow/example_dags/tutorial.py for tasks to queue
[2025-11-16T19:53:02.404+0000] {logging_mixin.py:190} INFO - [2025-11-16T19:53:02.403+0000] {dagbag.py:588} INFO - Filling up the DagBag from /home/airflow/.local/lib/python3.12/site-packages/airflow/example_dags/tutorial.py
[2025-11-16T19:53:02.412+0000] {processor.py:925} INFO - DAG(s) 'tutorial' retrieved from /home/airflow/.local/lib/python3.12/site-packages/airflow/example_dags/tutorial.py
[2025-11-16T19:53:02.426+0000] {logging_mixin.py:190} INFO - [2025-11-16T19:53:02.426+0000] {dag.py:3239} INFO - Sync 1 DAGs
[2025-11-16T19:53:02.443+0000] {logging_mixin.py:190} INFO - [2025-11-16T19:53:02.443+0000] {dag.py:4180} INFO - Setting next_dagrun for tutorial to 2025-11-15 00:00:00+00:00, run_after=2025-11-16 00:00:00+00:00
[2025-11-16T19:53:02.456+0000] {processor.py:208} INFO - Processing /home/airflow/.local/lib/python3.12/site-packages/airflow/example_dags/tutorial.py took 0.060 seconds
[2025-11-16T19:53:33.108+0000] {processor.py:186} INFO - Started process (PID=5036) to work on /home/airflow/.local/lib/python3.12/site-packages/airflow/example_dags/tutorial.py
[2025-11-16T19:53:33.109+0000] {processor.py:914} INFO - Processing file /home/airflow/.local/lib/python3.12/site-packages/airflow/example_dags/tutorial.py for tasks to queue
[2025-11-16T19:53:33.110+0000] {logging_mixin.py:190} INFO - [2025-11-16T19:53:33.109+0000] {dagbag.py:588} INFO - Filling up the DagBag from /home/airflow/.local/lib/python3.12/site-packages/airflow/example_dags/tutorial.py
[2025-11-16T19:53:33.116+0000] {processor.py:925} INFO - DAG(s) 'tutorial' retrieved from /home/airflow/.local/lib/python3.12/site-packages/airflow/example_dags/tutorial.py
[2025-11-16T19:53:33.130+0000] {logging_mixin.py:190} INFO - [2025-11-16T19:53:33.130+0000] {dag.py:3239} INFO - Sync 1 DAGs
[2025-11-16T19:53:33.145+0000] {logging_mixin.py:190} INFO - [2025-11-16T19:53:33.144+0000] {dag.py:4180} INFO - Setting next_dagrun for tutorial to 2025-11-15 00:00:00+00:00, run_after=2025-11-16 00:00:00+00:00
[2025-11-16T19:53:33.156+0000] {processor.py:208} INFO - Processing /home/airflow/.local/lib/python3.12/site-packages/airflow/example_dags/tutorial.py took 0.053 seconds
[2025-11-16T19:54:03.528+0000] {processor.py:186} INFO - Started process (PID=5101) to work on /home/airflow/.local/lib/python3.12/site-packages/airflow/example_dags/tutorial.py
[2025-11-16T19:54:03.530+0000] {processor.py:914} INFO - Processing file /home/airflow/.local/lib/python3.12/site-packages/airflow/example_dags/tutorial.py for tasks to queue
[2025-11-16T19:54:03.533+0000] {logging_mixin.py:190} INFO - [2025-11-16T19:54:03.533+0000] {dagbag.py:588} INFO - Filling up the DagBag from /home/airflow/.local/lib/python3.12/site-packages/airflow/example_dags/tutorial.py
[2025-11-16T19:54:03.541+0000] {processor.py:925} INFO - DAG(s) 'tutorial' retrieved from /home/airflow/.local/lib/python3.12/site-packages/airflow/example_dags/tutorial.py
[2025-11-16T19:54:03.555+0000] {logging_mixin.py:190} INFO - [2025-11-16T19:54:03.555+0000] {dag.py:3239} INFO - Sync 1 DAGs
[2025-11-16T19:54:03.570+0000] {logging_mixin.py:190} INFO - [2025-11-16T19:54:03.570+0000] {dag.py:4180} INFO - Setting next_dagrun for tutorial to 2025-11-15 00:00:00+00:00, run_after=2025-11-16 00:00:00+00:00
[2025-11-16T19:54:03.582+0000] {processor.py:208} INFO - Processing /home/airflow/.local/lib/python3.12/site-packages/airflow/example_dags/tutorial.py took 0.058 seconds
[2025-11-16T19:54:34.306+0000] {processor.py:186} INFO - Started process (PID=5166) to work on /home/airflow/.local/lib/python3.12/site-packages/airflow/example_dags/tutorial.py
[2025-11-16T19:54:34.307+0000] {processor.py:914} INFO - Processing file /home/airflow/.local/lib/python3.12/site-packages/airflow/example_dags/tutorial.py for tasks to queue
[2025-11-16T19:54:34.308+0000] {logging_mixin.py:190} INFO - [2025-11-16T19:54:34.308+0000] {dagbag.py:588} INFO - Filling up the DagBag from /home/airflow/.local/lib/python3.12/site-packages/airflow/example_dags/tutorial.py
[2025-11-16T19:54:34.316+0000] {processor.py:925} INFO - DAG(s) 'tutorial' retrieved from /home/airflow/.local/lib/python3.12/site-packages/airflow/example_dags/tutorial.py
[2025-11-16T19:54:34.330+0000] {logging_mixin.py:190} INFO - [2025-11-16T19:54:34.330+0000] {dag.py:3239} INFO - Sync 1 DAGs
[2025-11-16T19:54:34.350+0000] {logging_mixin.py:190} INFO - [2025-11-16T19:54:34.349+0000] {dag.py:4180} INFO - Setting next_dagrun for tutorial to 2025-11-15 00:00:00+00:00, run_after=2025-11-16 00:00:00+00:00
[2025-11-16T19:54:34.362+0000] {processor.py:208} INFO - Processing /home/airflow/.local/lib/python3.12/site-packages/airflow/example_dags/tutorial.py took 0.061 seconds
[2025-11-16T19:55:04.888+0000] {processor.py:186} INFO - Started process (PID=5231) to work on /home/airflow/.local/lib/python3.12/site-packages/airflow/example_dags/tutorial.py
[2025-11-16T19:55:04.888+0000] {processor.py:914} INFO - Processing file /home/airflow/.local/lib/python3.12/site-packages/airflow/example_dags/tutorial.py for tasks to queue
[2025-11-16T19:55:04.890+0000] {logging_mixin.py:190} INFO - [2025-11-16T19:55:04.889+0000] {dagbag.py:588} INFO - Filling up the DagBag from /home/airflow/.local/lib/python3.12/site-packages/airflow/example_dags/tutorial.py
[2025-11-16T19:55:04.896+0000] {processor.py:925} INFO - DAG(s) 'tutorial' retrieved from /home/airflow/.local/lib/python3.12/site-packages/airflow/example_dags/tutorial.py
[2025-11-16T19:55:04.908+0000] {logging_mixin.py:190} INFO - [2025-11-16T19:55:04.908+0000] {dag.py:3239} INFO - Sync 1 DAGs
[2025-11-16T19:55:04.923+0000] {logging_mixin.py:190} INFO - [2025-11-16T19:55:04.923+0000] {dag.py:4180} INFO - Setting next_dagrun for tutorial to 2025-11-15 00:00:00+00:00, run_after=2025-11-16 00:00:00+00:00
[2025-11-16T19:55:04.935+0000] {processor.py:208} INFO - Processing /home/airflow/.local/lib/python3.12/site-packages/airflow/example_dags/tutorial.py took 0.052 seconds
[2025-11-16T19:55:35.544+0000] {processor.py:186} INFO - Started process (PID=5296) to work on /home/airflow/.local/lib/python3.12/site-packages/airflow/example_dags/tutorial.py
[2025-11-16T19:55:35.546+0000] {processor.py:914} INFO - Processing file /home/airflow/.local/lib/python3.12/site-packages/airflow/example_dags/tutorial.py for tasks to queue
[2025-11-16T19:55:35.547+0000] {logging_mixin.py:190} INFO - [2025-11-16T19:55:35.547+0000] {dagbag.py:588} INFO - Filling up the DagBag from /home/airflow/.local/lib/python3.12/site-packages/airflow/example_dags/tutorial.py
[2025-11-16T19:55:35.554+0000] {processor.py:925} INFO - DAG(s) 'tutorial' retrieved from /home/airflow/.local/lib/python3.12/site-packages/airflow/example_dags/tutorial.py
[2025-11-16T19:55:35.569+0000] {logging_mixin.py:190} INFO - [2025-11-16T19:55:35.569+0000] {dag.py:3239} INFO - Sync 1 DAGs
[2025-11-16T19:55:35.583+0000] {logging_mixin.py:190} INFO - [2025-11-16T19:55:35.583+0000] {dag.py:4180} INFO - Setting next_dagrun for tutorial to 2025-11-15 00:00:00+00:00, run_after=2025-11-16 00:00:00+00:00
[2025-11-16T19:55:35.595+0000] {processor.py:208} INFO - Processing /home/airflow/.local/lib/python3.12/site-packages/airflow/example_dags/tutorial.py took 0.055 seconds
[2025-11-16T19:56:06.476+0000] {processor.py:186} INFO - Started process (PID=5361) to work on /home/airflow/.local/lib/python3.12/site-packages/airflow/example_dags/tutorial.py
[2025-11-16T19:56:06.477+0000] {processor.py:914} INFO - Processing file /home/airflow/.local/lib/python3.12/site-packages/airflow/example_dags/tutorial.py for tasks to queue
[2025-11-16T19:56:06.478+0000] {logging_mixin.py:190} INFO - [2025-11-16T19:56:06.478+0000] {dagbag.py:588} INFO - Filling up the DagBag from /home/airflow/.local/lib/python3.12/site-packages/airflow/example_dags/tutorial.py
[2025-11-16T19:56:06.485+0000] {processor.py:925} INFO - DAG(s) 'tutorial' retrieved from /home/airflow/.local/lib/python3.12/site-packages/airflow/example_dags/tutorial.py
[2025-11-16T19:56:06.499+0000] {logging_mixin.py:190} INFO - [2025-11-16T19:56:06.499+0000] {dag.py:3239} INFO - Sync 1 DAGs
[2025-11-16T19:56:06.514+0000] {logging_mixin.py:190} INFO - [2025-11-16T19:56:06.513+0000] {dag.py:4180} INFO - Setting next_dagrun for tutorial to 2025-11-15 00:00:00+00:00, run_after=2025-11-16 00:00:00+00:00
[2025-11-16T19:56:06.526+0000] {processor.py:208} INFO - Processing /home/airflow/.local/lib/python3.12/site-packages/airflow/example_dags/tutorial.py took 0.054 seconds
[2025-11-16T19:56:37.227+0000] {processor.py:186} INFO - Started process (PID=5426) to work on /home/airflow/.local/lib/python3.12/site-packages/airflow/example_dags/tutorial.py
[2025-11-16T19:56:37.227+0000] {processor.py:914} INFO - Processing file /home/airflow/.local/lib/python3.12/site-packages/airflow/example_dags/tutorial.py for tasks to queue
[2025-11-16T19:56:37.229+0000] {logging_mixin.py:190} INFO - [2025-11-16T19:56:37.228+0000] {dagbag.py:588} INFO - Filling up the DagBag from /home/airflow/.local/lib/python3.12/site-packages/airflow/example_dags/tutorial.py
[2025-11-16T19:56:37.235+0000] {processor.py:925} INFO - DAG(s) 'tutorial' retrieved from /home/airflow/.local/lib/python3.12/site-packages/airflow/example_dags/tutorial.py
[2025-11-16T19:56:37.249+0000] {logging_mixin.py:190} INFO - [2025-11-16T19:56:37.249+0000] {dag.py:3239} INFO - Sync 1 DAGs
[2025-11-16T19:56:37.263+0000] {logging_mixin.py:190} INFO - [2025-11-16T19:56:37.263+0000] {dag.py:4180} INFO - Setting next_dagrun for tutorial to 2025-11-15 00:00:00+00:00, run_after=2025-11-16 00:00:00+00:00
[2025-11-16T19:56:37.275+0000] {processor.py:208} INFO - Processing /home/airflow/.local/lib/python3.12/site-packages/airflow/example_dags/tutorial.py took 0.052 seconds
[2025-11-16T19:57:07.943+0000] {processor.py:186} INFO - Started process (PID=5491) to work on /home/airflow/.local/lib/python3.12/site-packages/airflow/example_dags/tutorial.py
[2025-11-16T19:57:07.944+0000] {processor.py:914} INFO - Processing file /home/airflow/.local/lib/python3.12/site-packages/airflow/example_dags/tutorial.py for tasks to queue
[2025-11-16T19:57:07.946+0000] {logging_mixin.py:190} INFO - [2025-11-16T19:57:07.945+0000] {dagbag.py:588} INFO - Filling up the DagBag from /home/airflow/.local/lib/python3.12/site-packages/airflow/example_dags/tutorial.py
[2025-11-16T19:57:07.954+0000] {processor.py:925} INFO - DAG(s) 'tutorial' retrieved from /home/airflow/.local/lib/python3.12/site-packages/airflow/example_dags/tutorial.py
[2025-11-16T19:57:07.969+0000] {logging_mixin.py:190} INFO - [2025-11-16T19:57:07.968+0000] {dag.py:3239} INFO - Sync 1 DAGs
[2025-11-16T19:57:07.984+0000] {logging_mixin.py:190} INFO - [2025-11-16T19:57:07.984+0000] {dag.py:4180} INFO - Setting next_dagrun for tutorial to 2025-11-15 00:00:00+00:00, run_after=2025-11-16 00:00:00+00:00
[2025-11-16T19:57:07.997+0000] {processor.py:208} INFO - Processing /home/airflow/.local/lib/python3.12/site-packages/airflow/example_dags/tutorial.py took 0.060 seconds
[2025-11-16T19:57:39.037+0000] {processor.py:186} INFO - Started process (PID=5556) to work on /home/airflow/.local/lib/python3.12/site-packages/airflow/example_dags/tutorial.py
[2025-11-16T19:57:39.038+0000] {processor.py:914} INFO - Processing file /home/airflow/.local/lib/python3.12/site-packages/airflow/example_dags/tutorial.py for tasks to queue
[2025-11-16T19:57:39.039+0000] {logging_mixin.py:190} INFO - [2025-11-16T19:57:39.039+0000] {dagbag.py:588} INFO - Filling up the DagBag from /home/airflow/.local/lib/python3.12/site-packages/airflow/example_dags/tutorial.py
[2025-11-16T19:57:39.047+0000] {processor.py:925} INFO - DAG(s) 'tutorial' retrieved from /home/airflow/.local/lib/python3.12/site-packages/airflow/example_dags/tutorial.py
[2025-11-16T19:57:39.062+0000] {logging_mixin.py:190} INFO - [2025-11-16T19:57:39.062+0000] {dag.py:3239} INFO - Sync 1 DAGs
[2025-11-16T19:57:39.077+0000] {logging_mixin.py:190} INFO - [2025-11-16T19:57:39.076+0000] {dag.py:4180} INFO - Setting next_dagrun for tutorial to 2025-11-15 00:00:00+00:00, run_after=2025-11-16 00:00:00+00:00
[2025-11-16T19:57:39.090+0000] {processor.py:208} INFO - Processing /home/airflow/.local/lib/python3.12/site-packages/airflow/example_dags/tutorial.py took 0.057 seconds
[2025-11-16T19:58:09.846+0000] {processor.py:186} INFO - Started process (PID=5621) to work on /home/airflow/.local/lib/python3.12/site-packages/airflow/example_dags/tutorial.py
[2025-11-16T19:58:09.847+0000] {processor.py:914} INFO - Processing file /home/airflow/.local/lib/python3.12/site-packages/airflow/example_dags/tutorial.py for tasks to queue
[2025-11-16T19:58:09.848+0000] {logging_mixin.py:190} INFO - [2025-11-16T19:58:09.848+0000] {dagbag.py:588} INFO - Filling up the DagBag from /home/airflow/.local/lib/python3.12/site-packages/airflow/example_dags/tutorial.py
[2025-11-16T19:58:09.857+0000] {processor.py:925} INFO - DAG(s) 'tutorial' retrieved from /home/airflow/.local/lib/python3.12/site-packages/airflow/example_dags/tutorial.py
[2025-11-16T19:58:09.873+0000] {logging_mixin.py:190} INFO - [2025-11-16T19:58:09.873+0000] {dag.py:3239} INFO - Sync 1 DAGs
[2025-11-16T19:58:09.889+0000] {logging_mixin.py:190} INFO - [2025-11-16T19:58:09.888+0000] {dag.py:4180} INFO - Setting next_dagrun for tutorial to 2025-11-15 00:00:00+00:00, run_after=2025-11-16 00:00:00+00:00
[2025-11-16T19:58:09.902+0000] {processor.py:208} INFO - Processing /home/airflow/.local/lib/python3.12/site-packages/airflow/example_dags/tutorial.py took 0.062 seconds
[2025-11-16T19:58:40.531+0000] {processor.py:186} INFO - Started process (PID=5690) to work on /home/airflow/.local/lib/python3.12/site-packages/airflow/example_dags/tutorial.py
[2025-11-16T19:58:40.532+0000] {processor.py:914} INFO - Processing file /home/airflow/.local/lib/python3.12/site-packages/airflow/example_dags/tutorial.py for tasks to queue
[2025-11-16T19:58:40.533+0000] {logging_mixin.py:190} INFO - [2025-11-16T19:58:40.533+0000] {dagbag.py:588} INFO - Filling up the DagBag from /home/airflow/.local/lib/python3.12/site-packages/airflow/example_dags/tutorial.py
[2025-11-16T19:58:40.541+0000] {processor.py:925} INFO - DAG(s) 'tutorial' retrieved from /home/airflow/.local/lib/python3.12/site-packages/airflow/example_dags/tutorial.py
[2025-11-16T19:58:40.555+0000] {logging_mixin.py:190} INFO - [2025-11-16T19:58:40.555+0000] {dag.py:3239} INFO - Sync 1 DAGs
[2025-11-16T19:58:40.570+0000] {logging_mixin.py:190} INFO - [2025-11-16T19:58:40.570+0000] {dag.py:4180} INFO - Setting next_dagrun for tutorial to 2025-11-15 00:00:00+00:00, run_after=2025-11-16 00:00:00+00:00
[2025-11-16T19:58:40.583+0000] {processor.py:208} INFO - Processing /home/airflow/.local/lib/python3.12/site-packages/airflow/example_dags/tutorial.py took 0.057 seconds
[2025-11-16T19:59:11.352+0000] {processor.py:186} INFO - Started process (PID=5755) to work on /home/airflow/.local/lib/python3.12/site-packages/airflow/example_dags/tutorial.py
[2025-11-16T19:59:11.353+0000] {processor.py:914} INFO - Processing file /home/airflow/.local/lib/python3.12/site-packages/airflow/example_dags/tutorial.py for tasks to queue
[2025-11-16T19:59:11.354+0000] {logging_mixin.py:190} INFO - [2025-11-16T19:59:11.353+0000] {dagbag.py:588} INFO - Filling up the DagBag from /home/airflow/.local/lib/python3.12/site-packages/airflow/example_dags/tutorial.py
[2025-11-16T19:59:11.361+0000] {processor.py:925} INFO - DAG(s) 'tutorial' retrieved from /home/airflow/.local/lib/python3.12/site-packages/airflow/example_dags/tutorial.py
[2025-11-16T19:59:11.375+0000] {logging_mixin.py:190} INFO - [2025-11-16T19:59:11.375+0000] {dag.py:3239} INFO - Sync 1 DAGs
[2025-11-16T19:59:11.390+0000] {logging_mixin.py:190} INFO - [2025-11-16T19:59:11.390+0000] {dag.py:4180} INFO - Setting next_dagrun for tutorial to 2025-11-15 00:00:00+00:00, run_after=2025-11-16 00:00:00+00:00
[2025-11-16T19:59:11.402+0000] {processor.py:208} INFO - Processing /home/airflow/.local/lib/python3.12/site-packages/airflow/example_dags/tutorial.py took 0.055 seconds
[2025-11-16T19:59:42.241+0000] {processor.py:186} INFO - Started process (PID=5820) to work on /home/airflow/.local/lib/python3.12/site-packages/airflow/example_dags/tutorial.py
[2025-11-16T19:59:42.243+0000] {processor.py:914} INFO - Processing file /home/airflow/.local/lib/python3.12/site-packages/airflow/example_dags/tutorial.py for tasks to queue
[2025-11-16T19:59:42.245+0000] {logging_mixin.py:190} INFO - [2025-11-16T19:59:42.244+0000] {dagbag.py:588} INFO - Filling up the DagBag from /home/airflow/.local/lib/python3.12/site-packages/airflow/example_dags/tutorial.py
[2025-11-16T19:59:42.253+0000] {processor.py:925} INFO - DAG(s) 'tutorial' retrieved from /home/airflow/.local/lib/python3.12/site-packages/airflow/example_dags/tutorial.py
[2025-11-16T19:59:42.269+0000] {logging_mixin.py:190} INFO - [2025-11-16T19:59:42.269+0000] {dag.py:3239} INFO - Sync 1 DAGs
[2025-11-16T19:59:42.285+0000] {logging_mixin.py:190} INFO - [2025-11-16T19:59:42.285+0000] {dag.py:4180} INFO - Setting next_dagrun for tutorial to 2025-11-15 00:00:00+00:00, run_after=2025-11-16 00:00:00+00:00
[2025-11-16T19:59:42.299+0000] {processor.py:208} INFO - Processing /home/airflow/.local/lib/python3.12/site-packages/airflow/example_dags/tutorial.py took 0.063 seconds
[2025-11-16T20:00:13.321+0000] {processor.py:186} INFO - Started process (PID=5885) to work on /home/airflow/.local/lib/python3.12/site-packages/airflow/example_dags/tutorial.py
[2025-11-16T20:00:13.322+0000] {processor.py:914} INFO - Processing file /home/airflow/.local/lib/python3.12/site-packages/airflow/example_dags/tutorial.py for tasks to queue
[2025-11-16T20:00:13.323+0000] {logging_mixin.py:190} INFO - [2025-11-16T20:00:13.323+0000] {dagbag.py:588} INFO - Filling up the DagBag from /home/airflow/.local/lib/python3.12/site-packages/airflow/example_dags/tutorial.py
[2025-11-16T20:00:13.331+0000] {processor.py:925} INFO - DAG(s) 'tutorial' retrieved from /home/airflow/.local/lib/python3.12/site-packages/airflow/example_dags/tutorial.py
[2025-11-16T20:00:13.344+0000] {logging_mixin.py:190} INFO - [2025-11-16T20:00:13.344+0000] {dag.py:3239} INFO - Sync 1 DAGs
[2025-11-16T20:00:13.358+0000] {logging_mixin.py:190} INFO - [2025-11-16T20:00:13.358+0000] {dag.py:4180} INFO - Setting next_dagrun for tutorial to 2025-11-15 00:00:00+00:00, run_after=2025-11-16 00:00:00+00:00
[2025-11-16T20:00:13.373+0000] {processor.py:208} INFO - Processing /home/airflow/.local/lib/python3.12/site-packages/airflow/example_dags/tutorial.py took 0.055 seconds
[2025-11-16T20:00:44.653+0000] {processor.py:186} INFO - Started process (PID=5950) to work on /home/airflow/.local/lib/python3.12/site-packages/airflow/example_dags/tutorial.py
[2025-11-16T20:00:44.654+0000] {processor.py:914} INFO - Processing file /home/airflow/.local/lib/python3.12/site-packages/airflow/example_dags/tutorial.py for tasks to queue
[2025-11-16T20:00:44.656+0000] {logging_mixin.py:190} INFO - [2025-11-16T20:00:44.655+0000] {dagbag.py:588} INFO - Filling up the DagBag from /home/airflow/.local/lib/python3.12/site-packages/airflow/example_dags/tutorial.py
[2025-11-16T20:00:44.663+0000] {processor.py:925} INFO - DAG(s) 'tutorial' retrieved from /home/airflow/.local/lib/python3.12/site-packages/airflow/example_dags/tutorial.py
[2025-11-16T20:00:44.679+0000] {logging_mixin.py:190} INFO - [2025-11-16T20:00:44.679+0000] {dag.py:3239} INFO - Sync 1 DAGs
[2025-11-16T20:00:44.695+0000] {logging_mixin.py:190} INFO - [2025-11-16T20:00:44.695+0000] {dag.py:4180} INFO - Setting next_dagrun for tutorial to 2025-11-15 00:00:00+00:00, run_after=2025-11-16 00:00:00+00:00
[2025-11-16T20:00:44.709+0000] {processor.py:208} INFO - Processing /home/airflow/.local/lib/python3.12/site-packages/airflow/example_dags/tutorial.py took 0.061 seconds
[2025-11-16T20:01:15.986+0000] {processor.py:186} INFO - Started process (PID=6014) to work on /home/airflow/.local/lib/python3.12/site-packages/airflow/example_dags/tutorial.py
[2025-11-16T20:01:15.987+0000] {processor.py:914} INFO - Processing file /home/airflow/.local/lib/python3.12/site-packages/airflow/example_dags/tutorial.py for tasks to queue
[2025-11-16T20:01:15.989+0000] {logging_mixin.py:190} INFO - [2025-11-16T20:01:15.988+0000] {dagbag.py:588} INFO - Filling up the DagBag from /home/airflow/.local/lib/python3.12/site-packages/airflow/example_dags/tutorial.py
[2025-11-16T20:01:15.995+0000] {processor.py:925} INFO - DAG(s) 'tutorial' retrieved from /home/airflow/.local/lib/python3.12/site-packages/airflow/example_dags/tutorial.py
[2025-11-16T20:01:16.010+0000] {logging_mixin.py:190} INFO - [2025-11-16T20:01:16.009+0000] {dag.py:3239} INFO - Sync 1 DAGs
[2025-11-16T20:01:16.025+0000] {logging_mixin.py:190} INFO - [2025-11-16T20:01:16.025+0000] {dag.py:4180} INFO - Setting next_dagrun for tutorial to 2025-11-15 00:00:00+00:00, run_after=2025-11-16 00:00:00+00:00
[2025-11-16T20:01:16.037+0000] {processor.py:208} INFO - Processing /home/airflow/.local/lib/python3.12/site-packages/airflow/example_dags/tutorial.py took 0.056 seconds
[2025-11-16T20:01:47.108+0000] {processor.py:186} INFO - Started process (PID=6079) to work on /home/airflow/.local/lib/python3.12/site-packages/airflow/example_dags/tutorial.py
[2025-11-16T20:01:47.109+0000] {processor.py:914} INFO - Processing file /home/airflow/.local/lib/python3.12/site-packages/airflow/example_dags/tutorial.py for tasks to queue
[2025-11-16T20:01:47.111+0000] {logging_mixin.py:190} INFO - [2025-11-16T20:01:47.110+0000] {dagbag.py:588} INFO - Filling up the DagBag from /home/airflow/.local/lib/python3.12/site-packages/airflow/example_dags/tutorial.py
[2025-11-16T20:01:47.117+0000] {processor.py:925} INFO - DAG(s) 'tutorial' retrieved from /home/airflow/.local/lib/python3.12/site-packages/airflow/example_dags/tutorial.py
[2025-11-16T20:01:47.132+0000] {logging_mixin.py:190} INFO - [2025-11-16T20:01:47.131+0000] {dag.py:3239} INFO - Sync 1 DAGs
[2025-11-16T20:01:47.147+0000] {logging_mixin.py:190} INFO - [2025-11-16T20:01:47.147+0000] {dag.py:4180} INFO - Setting next_dagrun for tutorial to 2025-11-15 00:00:00+00:00, run_after=2025-11-16 00:00:00+00:00
[2025-11-16T20:01:47.159+0000] {processor.py:208} INFO - Processing /home/airflow/.local/lib/python3.12/site-packages/airflow/example_dags/tutorial.py took 0.055 seconds
[2025-11-16T20:02:17.807+0000] {processor.py:186} INFO - Started process (PID=6144) to work on /home/airflow/.local/lib/python3.12/site-packages/airflow/example_dags/tutorial.py
[2025-11-16T20:02:17.808+0000] {processor.py:914} INFO - Processing file /home/airflow/.local/lib/python3.12/site-packages/airflow/example_dags/tutorial.py for tasks to queue
[2025-11-16T20:02:17.809+0000] {logging_mixin.py:190} INFO - [2025-11-16T20:02:17.809+0000] {dagbag.py:588} INFO - Filling up the DagBag from /home/airflow/.local/lib/python3.12/site-packages/airflow/example_dags/tutorial.py
[2025-11-16T20:02:17.816+0000] {processor.py:925} INFO - DAG(s) 'tutorial' retrieved from /home/airflow/.local/lib/python3.12/site-packages/airflow/example_dags/tutorial.py
[2025-11-16T20:02:17.829+0000] {logging_mixin.py:190} INFO - [2025-11-16T20:02:17.828+0000] {dag.py:3239} INFO - Sync 1 DAGs
[2025-11-16T20:02:17.843+0000] {logging_mixin.py:190} INFO - [2025-11-16T20:02:17.843+0000] {dag.py:4180} INFO - Setting next_dagrun for tutorial to 2025-11-15 00:00:00+00:00, run_after=2025-11-16 00:00:00+00:00
[2025-11-16T20:02:17.854+0000] {processor.py:208} INFO - Processing /home/airflow/.local/lib/python3.12/site-packages/airflow/example_dags/tutorial.py took 0.052 seconds
[2025-11-16T20:02:49.139+0000] {processor.py:186} INFO - Started process (PID=6209) to work on /home/airflow/.local/lib/python3.12/site-packages/airflow/example_dags/tutorial.py
[2025-11-16T20:02:49.140+0000] {processor.py:914} INFO - Processing file /home/airflow/.local/lib/python3.12/site-packages/airflow/example_dags/tutorial.py for tasks to queue
[2025-11-16T20:02:49.141+0000] {logging_mixin.py:190} INFO - [2025-11-16T20:02:49.141+0000] {dagbag.py:588} INFO - Filling up the DagBag from /home/airflow/.local/lib/python3.12/site-packages/airflow/example_dags/tutorial.py
[2025-11-16T20:02:49.148+0000] {processor.py:925} INFO - DAG(s) 'tutorial' retrieved from /home/airflow/.local/lib/python3.12/site-packages/airflow/example_dags/tutorial.py
[2025-11-16T20:02:49.162+0000] {logging_mixin.py:190} INFO - [2025-11-16T20:02:49.162+0000] {dag.py:3239} INFO - Sync 1 DAGs
[2025-11-16T20:02:49.179+0000] {logging_mixin.py:190} INFO - [2025-11-16T20:02:49.179+0000] {dag.py:4180} INFO - Setting next_dagrun for tutorial to 2025-11-15 00:00:00+00:00, run_after=2025-11-16 00:00:00+00:00
[2025-11-16T20:02:49.196+0000] {processor.py:208} INFO - Processing /home/airflow/.local/lib/python3.12/site-packages/airflow/example_dags/tutorial.py took 0.061 seconds
[2025-11-16T20:03:20.212+0000] {processor.py:186} INFO - Started process (PID=6274) to work on /home/airflow/.local/lib/python3.12/site-packages/airflow/example_dags/tutorial.py
[2025-11-16T20:03:20.213+0000] {processor.py:914} INFO - Processing file /home/airflow/.local/lib/python3.12/site-packages/airflow/example_dags/tutorial.py for tasks to queue
[2025-11-16T20:03:20.214+0000] {logging_mixin.py:190} INFO - [2025-11-16T20:03:20.214+0000] {dagbag.py:588} INFO - Filling up the DagBag from /home/airflow/.local/lib/python3.12/site-packages/airflow/example_dags/tutorial.py
[2025-11-16T20:03:20.222+0000] {processor.py:925} INFO - DAG(s) 'tutorial' retrieved from /home/airflow/.local/lib/python3.12/site-packages/airflow/example_dags/tutorial.py
[2025-11-16T20:03:20.236+0000] {logging_mixin.py:190} INFO - [2025-11-16T20:03:20.236+0000] {dag.py:3239} INFO - Sync 1 DAGs
[2025-11-16T20:03:20.252+0000] {logging_mixin.py:190} INFO - [2025-11-16T20:03:20.252+0000] {dag.py:4180} INFO - Setting next_dagrun for tutorial to 2025-11-15 00:00:00+00:00, run_after=2025-11-16 00:00:00+00:00
[2025-11-16T20:03:20.265+0000] {processor.py:208} INFO - Processing /home/airflow/.local/lib/python3.12/site-packages/airflow/example_dags/tutorial.py took 0.058 seconds
[2025-11-16T20:03:51.632+0000] {processor.py:186} INFO - Started process (PID=6339) to work on /home/airflow/.local/lib/python3.12/site-packages/airflow/example_dags/tutorial.py
[2025-11-16T20:03:51.633+0000] {processor.py:914} INFO - Processing file /home/airflow/.local/lib/python3.12/site-packages/airflow/example_dags/tutorial.py for tasks to queue
[2025-11-16T20:03:51.634+0000] {logging_mixin.py:190} INFO - [2025-11-16T20:03:51.634+0000] {dagbag.py:588} INFO - Filling up the DagBag from /home/airflow/.local/lib/python3.12/site-packages/airflow/example_dags/tutorial.py
[2025-11-16T20:03:51.642+0000] {processor.py:925} INFO - DAG(s) 'tutorial' retrieved from /home/airflow/.local/lib/python3.12/site-packages/airflow/example_dags/tutorial.py
[2025-11-16T20:03:51.655+0000] {logging_mixin.py:190} INFO - [2025-11-16T20:03:51.655+0000] {dag.py:3239} INFO - Sync 1 DAGs
[2025-11-16T20:03:51.671+0000] {logging_mixin.py:190} INFO - [2025-11-16T20:03:51.671+0000] {dag.py:4180} INFO - Setting next_dagrun for tutorial to 2025-11-15 00:00:00+00:00, run_after=2025-11-16 00:00:00+00:00
[2025-11-16T20:03:51.683+0000] {processor.py:208} INFO - Processing /home/airflow/.local/lib/python3.12/site-packages/airflow/example_dags/tutorial.py took 0.055 seconds
[2025-11-16T20:04:22.505+0000] {processor.py:186} INFO - Started process (PID=6404) to work on /home/airflow/.local/lib/python3.12/site-packages/airflow/example_dags/tutorial.py
[2025-11-16T20:04:22.506+0000] {processor.py:914} INFO - Processing file /home/airflow/.local/lib/python3.12/site-packages/airflow/example_dags/tutorial.py for tasks to queue
[2025-11-16T20:04:22.508+0000] {logging_mixin.py:190} INFO - [2025-11-16T20:04:22.507+0000] {dagbag.py:588} INFO - Filling up the DagBag from /home/airflow/.local/lib/python3.12/site-packages/airflow/example_dags/tutorial.py
[2025-11-16T20:04:22.518+0000] {processor.py:925} INFO - DAG(s) 'tutorial' retrieved from /home/airflow/.local/lib/python3.12/site-packages/airflow/example_dags/tutorial.py
[2025-11-16T20:04:22.535+0000] {logging_mixin.py:190} INFO - [2025-11-16T20:04:22.535+0000] {dag.py:3239} INFO - Sync 1 DAGs
[2025-11-16T20:04:22.553+0000] {logging_mixin.py:190} INFO - [2025-11-16T20:04:22.553+0000] {dag.py:4180} INFO - Setting next_dagrun for tutorial to 2025-11-15 00:00:00+00:00, run_after=2025-11-16 00:00:00+00:00
[2025-11-16T20:04:22.569+0000] {processor.py:208} INFO - Processing /home/airflow/.local/lib/python3.12/site-packages/airflow/example_dags/tutorial.py took 0.070 seconds
[2025-11-16T20:04:53.612+0000] {processor.py:186} INFO - Started process (PID=6469) to work on /home/airflow/.local/lib/python3.12/site-packages/airflow/example_dags/tutorial.py
[2025-11-16T20:04:53.613+0000] {processor.py:914} INFO - Processing file /home/airflow/.local/lib/python3.12/site-packages/airflow/example_dags/tutorial.py for tasks to queue
[2025-11-16T20:04:53.615+0000] {logging_mixin.py:190} INFO - [2025-11-16T20:04:53.614+0000] {dagbag.py:588} INFO - Filling up the DagBag from /home/airflow/.local/lib/python3.12/site-packages/airflow/example_dags/tutorial.py
[2025-11-16T20:04:53.622+0000] {processor.py:925} INFO - DAG(s) 'tutorial' retrieved from /home/airflow/.local/lib/python3.12/site-packages/airflow/example_dags/tutorial.py
[2025-11-16T20:04:53.637+0000] {logging_mixin.py:190} INFO - [2025-11-16T20:04:53.637+0000] {dag.py:3239} INFO - Sync 1 DAGs
[2025-11-16T20:04:53.654+0000] {logging_mixin.py:190} INFO - [2025-11-16T20:04:53.654+0000] {dag.py:4180} INFO - Setting next_dagrun for tutorial to 2025-11-15 00:00:00+00:00, run_after=2025-11-16 00:00:00+00:00
[2025-11-16T20:04:53.667+0000] {processor.py:208} INFO - Processing /home/airflow/.local/lib/python3.12/site-packages/airflow/example_dags/tutorial.py took 0.060 seconds
[2025-11-16T20:05:24.365+0000] {processor.py:186} INFO - Started process (PID=6546) to work on /home/airflow/.local/lib/python3.12/site-packages/airflow/example_dags/tutorial.py
[2025-11-16T20:05:24.366+0000] {processor.py:914} INFO - Processing file /home/airflow/.local/lib/python3.12/site-packages/airflow/example_dags/tutorial.py for tasks to queue
[2025-11-16T20:05:24.368+0000] {logging_mixin.py:190} INFO - [2025-11-16T20:05:24.367+0000] {dagbag.py:588} INFO - Filling up the DagBag from /home/airflow/.local/lib/python3.12/site-packages/airflow/example_dags/tutorial.py
[2025-11-16T20:05:24.375+0000] {processor.py:925} INFO - DAG(s) 'tutorial' retrieved from /home/airflow/.local/lib/python3.12/site-packages/airflow/example_dags/tutorial.py
[2025-11-16T20:05:24.393+0000] {logging_mixin.py:190} INFO - [2025-11-16T20:05:24.393+0000] {dag.py:3239} INFO - Sync 1 DAGs
[2025-11-16T20:05:24.409+0000] {logging_mixin.py:190} INFO - [2025-11-16T20:05:24.409+0000] {dag.py:4180} INFO - Setting next_dagrun for tutorial to 2025-11-15 00:00:00+00:00, run_after=2025-11-16 00:00:00+00:00
[2025-11-16T20:05:24.423+0000] {processor.py:208} INFO - Processing /home/airflow/.local/lib/python3.12/site-packages/airflow/example_dags/tutorial.py took 0.063 seconds
[2025-11-16T20:05:55.695+0000] {processor.py:186} INFO - Started process (PID=6611) to work on /home/airflow/.local/lib/python3.12/site-packages/airflow/example_dags/tutorial.py
[2025-11-16T20:05:55.696+0000] {processor.py:914} INFO - Processing file /home/airflow/.local/lib/python3.12/site-packages/airflow/example_dags/tutorial.py for tasks to queue
[2025-11-16T20:05:55.698+0000] {logging_mixin.py:190} INFO - [2025-11-16T20:05:55.698+0000] {dagbag.py:588} INFO - Filling up the DagBag from /home/airflow/.local/lib/python3.12/site-packages/airflow/example_dags/tutorial.py
[2025-11-16T20:05:55.708+0000] {processor.py:925} INFO - DAG(s) 'tutorial' retrieved from /home/airflow/.local/lib/python3.12/site-packages/airflow/example_dags/tutorial.py
[2025-11-16T20:05:55.724+0000] {logging_mixin.py:190} INFO - [2025-11-16T20:05:55.724+0000] {dag.py:3239} INFO - Sync 1 DAGs
[2025-11-16T20:05:55.745+0000] {logging_mixin.py:190} INFO - [2025-11-16T20:05:55.745+0000] {dag.py:4180} INFO - Setting next_dagrun for tutorial to 2025-11-15 00:00:00+00:00, run_after=2025-11-16 00:00:00+00:00
[2025-11-16T20:05:55.760+0000] {processor.py:208} INFO - Processing /home/airflow/.local/lib/python3.12/site-packages/airflow/example_dags/tutorial.py took 0.070 seconds
[2025-11-16T20:06:27.144+0000] {processor.py:186} INFO - Started process (PID=6676) to work on /home/airflow/.local/lib/python3.12/site-packages/airflow/example_dags/tutorial.py
[2025-11-16T20:06:27.145+0000] {processor.py:914} INFO - Processing file /home/airflow/.local/lib/python3.12/site-packages/airflow/example_dags/tutorial.py for tasks to queue
[2025-11-16T20:06:27.146+0000] {logging_mixin.py:190} INFO - [2025-11-16T20:06:27.146+0000] {dagbag.py:588} INFO - Filling up the DagBag from /home/airflow/.local/lib/python3.12/site-packages/airflow/example_dags/tutorial.py
[2025-11-16T20:06:27.155+0000] {processor.py:925} INFO - DAG(s) 'tutorial' retrieved from /home/airflow/.local/lib/python3.12/site-packages/airflow/example_dags/tutorial.py
[2025-11-16T20:06:27.173+0000] {logging_mixin.py:190} INFO - [2025-11-16T20:06:27.173+0000] {dag.py:3239} INFO - Sync 1 DAGs
[2025-11-16T20:06:27.191+0000] {logging_mixin.py:190} INFO - [2025-11-16T20:06:27.191+0000] {dag.py:4180} INFO - Setting next_dagrun for tutorial to 2025-11-15 00:00:00+00:00, run_after=2025-11-16 00:00:00+00:00
[2025-11-16T20:06:27.207+0000] {processor.py:208} INFO - Processing /home/airflow/.local/lib/python3.12/site-packages/airflow/example_dags/tutorial.py took 0.068 seconds
[2025-11-16T20:06:58.828+0000] {processor.py:186} INFO - Started process (PID=6741) to work on /home/airflow/.local/lib/python3.12/site-packages/airflow/example_dags/tutorial.py
[2025-11-16T20:06:58.830+0000] {processor.py:914} INFO - Processing file /home/airflow/.local/lib/python3.12/site-packages/airflow/example_dags/tutorial.py for tasks to queue
[2025-11-16T20:06:58.832+0000] {logging_mixin.py:190} INFO - [2025-11-16T20:06:58.832+0000] {dagbag.py:588} INFO - Filling up the DagBag from /home/airflow/.local/lib/python3.12/site-packages/airflow/example_dags/tutorial.py
[2025-11-16T20:06:58.842+0000] {processor.py:925} INFO - DAG(s) 'tutorial' retrieved from /home/airflow/.local/lib/python3.12/site-packages/airflow/example_dags/tutorial.py
[2025-11-16T20:06:58.861+0000] {logging_mixin.py:190} INFO - [2025-11-16T20:06:58.861+0000] {dag.py:3239} INFO - Sync 1 DAGs
[2025-11-16T20:06:58.878+0000] {logging_mixin.py:190} INFO - [2025-11-16T20:06:58.878+0000] {dag.py:4180} INFO - Setting next_dagrun for tutorial to 2025-11-15 00:00:00+00:00, run_after=2025-11-16 00:00:00+00:00
[2025-11-16T20:06:58.895+0000] {processor.py:208} INFO - Processing /home/airflow/.local/lib/python3.12/site-packages/airflow/example_dags/tutorial.py took 0.071 seconds
[2025-11-16T20:07:29.350+0000] {processor.py:186} INFO - Started process (PID=6806) to work on /home/airflow/.local/lib/python3.12/site-packages/airflow/example_dags/tutorial.py
[2025-11-16T20:07:29.351+0000] {processor.py:914} INFO - Processing file /home/airflow/.local/lib/python3.12/site-packages/airflow/example_dags/tutorial.py for tasks to queue
[2025-11-16T20:07:29.352+0000] {logging_mixin.py:190} INFO - [2025-11-16T20:07:29.352+0000] {dagbag.py:588} INFO - Filling up the DagBag from /home/airflow/.local/lib/python3.12/site-packages/airflow/example_dags/tutorial.py
[2025-11-16T20:07:29.360+0000] {processor.py:925} INFO - DAG(s) 'tutorial' retrieved from /home/airflow/.local/lib/python3.12/site-packages/airflow/example_dags/tutorial.py
[2025-11-16T20:07:29.376+0000] {logging_mixin.py:190} INFO - [2025-11-16T20:07:29.376+0000] {dag.py:3239} INFO - Sync 1 DAGs
[2025-11-16T20:07:29.393+0000] {logging_mixin.py:190} INFO - [2025-11-16T20:07:29.393+0000] {dag.py:4180} INFO - Setting next_dagrun for tutorial to 2025-11-15 00:00:00+00:00, run_after=2025-11-16 00:00:00+00:00
[2025-11-16T20:07:29.408+0000] {processor.py:208} INFO - Processing /home/airflow/.local/lib/python3.12/site-packages/airflow/example_dags/tutorial.py took 0.063 seconds
[2025-11-16T20:08:00.426+0000] {processor.py:186} INFO - Started process (PID=6871) to work on /home/airflow/.local/lib/python3.12/site-packages/airflow/example_dags/tutorial.py
[2025-11-16T20:08:00.427+0000] {processor.py:914} INFO - Processing file /home/airflow/.local/lib/python3.12/site-packages/airflow/example_dags/tutorial.py for tasks to queue
[2025-11-16T20:08:00.428+0000] {logging_mixin.py:190} INFO - [2025-11-16T20:08:00.428+0000] {dagbag.py:588} INFO - Filling up the DagBag from /home/airflow/.local/lib/python3.12/site-packages/airflow/example_dags/tutorial.py
[2025-11-16T20:08:00.437+0000] {processor.py:925} INFO - DAG(s) 'tutorial' retrieved from /home/airflow/.local/lib/python3.12/site-packages/airflow/example_dags/tutorial.py
[2025-11-16T20:08:00.451+0000] {logging_mixin.py:190} INFO - [2025-11-16T20:08:00.451+0000] {dag.py:3239} INFO - Sync 1 DAGs
[2025-11-16T20:08:00.468+0000] {logging_mixin.py:190} INFO - [2025-11-16T20:08:00.468+0000] {dag.py:4180} INFO - Setting next_dagrun for tutorial to 2025-11-15 00:00:00+00:00, run_after=2025-11-16 00:00:00+00:00
[2025-11-16T20:08:00.481+0000] {processor.py:208} INFO - Processing /home/airflow/.local/lib/python3.12/site-packages/airflow/example_dags/tutorial.py took 0.060 seconds
[2025-11-16T20:08:32.377+0000] {processor.py:186} INFO - Started process (PID=6936) to work on /home/airflow/.local/lib/python3.12/site-packages/airflow/example_dags/tutorial.py
[2025-11-16T20:08:32.378+0000] {processor.py:914} INFO - Processing file /home/airflow/.local/lib/python3.12/site-packages/airflow/example_dags/tutorial.py for tasks to queue
[2025-11-16T20:08:32.379+0000] {logging_mixin.py:190} INFO - [2025-11-16T20:08:32.379+0000] {dagbag.py:588} INFO - Filling up the DagBag from /home/airflow/.local/lib/python3.12/site-packages/airflow/example_dags/tutorial.py
[2025-11-16T20:08:32.387+0000] {processor.py:925} INFO - DAG(s) 'tutorial' retrieved from /home/airflow/.local/lib/python3.12/site-packages/airflow/example_dags/tutorial.py
[2025-11-16T20:08:32.402+0000] {logging_mixin.py:190} INFO - [2025-11-16T20:08:32.402+0000] {dag.py:3239} INFO - Sync 1 DAGs
[2025-11-16T20:08:32.419+0000] {logging_mixin.py:190} INFO - [2025-11-16T20:08:32.419+0000] {dag.py:4180} INFO - Setting next_dagrun for tutorial to 2025-11-15 00:00:00+00:00, run_after=2025-11-16 00:00:00+00:00
[2025-11-16T20:08:32.435+0000] {processor.py:208} INFO - Processing /home/airflow/.local/lib/python3.12/site-packages/airflow/example_dags/tutorial.py took 0.063 seconds
[2025-11-16T20:09:03.340+0000] {processor.py:186} INFO - Started process (PID=7000) to work on /home/airflow/.local/lib/python3.12/site-packages/airflow/example_dags/tutorial.py
[2025-11-16T20:09:03.341+0000] {processor.py:914} INFO - Processing file /home/airflow/.local/lib/python3.12/site-packages/airflow/example_dags/tutorial.py for tasks to queue
[2025-11-16T20:09:03.342+0000] {logging_mixin.py:190} INFO - [2025-11-16T20:09:03.342+0000] {dagbag.py:588} INFO - Filling up the DagBag from /home/airflow/.local/lib/python3.12/site-packages/airflow/example_dags/tutorial.py
[2025-11-16T20:09:03.349+0000] {processor.py:925} INFO - DAG(s) 'tutorial' retrieved from /home/airflow/.local/lib/python3.12/site-packages/airflow/example_dags/tutorial.py
[2025-11-16T20:09:03.364+0000] {logging_mixin.py:190} INFO - [2025-11-16T20:09:03.364+0000] {dag.py:3239} INFO - Sync 1 DAGs
[2025-11-16T20:09:03.380+0000] {logging_mixin.py:190} INFO - [2025-11-16T20:09:03.380+0000] {dag.py:4180} INFO - Setting next_dagrun for tutorial to 2025-11-15 00:00:00+00:00, run_after=2025-11-16 00:00:00+00:00
[2025-11-16T20:09:03.392+0000] {processor.py:208} INFO - Processing /home/airflow/.local/lib/python3.12/site-packages/airflow/example_dags/tutorial.py took 0.056 seconds
[2025-11-16T20:09:34.656+0000] {processor.py:186} INFO - Started process (PID=7065) to work on /home/airflow/.local/lib/python3.12/site-packages/airflow/example_dags/tutorial.py
[2025-11-16T20:09:34.658+0000] {processor.py:914} INFO - Processing file /home/airflow/.local/lib/python3.12/site-packages/airflow/example_dags/tutorial.py for tasks to queue
[2025-11-16T20:09:34.659+0000] {logging_mixin.py:190} INFO - [2025-11-16T20:09:34.659+0000] {dagbag.py:588} INFO - Filling up the DagBag from /home/airflow/.local/lib/python3.12/site-packages/airflow/example_dags/tutorial.py
[2025-11-16T20:09:34.666+0000] {processor.py:925} INFO - DAG(s) 'tutorial' retrieved from /home/airflow/.local/lib/python3.12/site-packages/airflow/example_dags/tutorial.py
[2025-11-16T20:09:34.681+0000] {logging_mixin.py:190} INFO - [2025-11-16T20:09:34.681+0000] {dag.py:3239} INFO - Sync 1 DAGs
[2025-11-16T20:09:34.696+0000] {logging_mixin.py:190} INFO - [2025-11-16T20:09:34.696+0000] {dag.py:4180} INFO - Setting next_dagrun for tutorial to 2025-11-15 00:00:00+00:00, run_after=2025-11-16 00:00:00+00:00
[2025-11-16T20:09:34.709+0000] {processor.py:208} INFO - Processing /home/airflow/.local/lib/python3.12/site-packages/airflow/example_dags/tutorial.py took 0.057 seconds
[2025-11-16T20:24:00.719+0000] {processor.py:186} INFO - Started process (PID=71) to work on /home/airflow/.local/lib/python3.12/site-packages/airflow/example_dags/tutorial.py
[2025-11-16T20:24:00.720+0000] {processor.py:914} INFO - Processing file /home/airflow/.local/lib/python3.12/site-packages/airflow/example_dags/tutorial.py for tasks to queue
[2025-11-16T20:24:00.722+0000] {logging_mixin.py:190} INFO - [2025-11-16T20:24:00.722+0000] {dagbag.py:588} INFO - Filling up the DagBag from /home/airflow/.local/lib/python3.12/site-packages/airflow/example_dags/tutorial.py
[2025-11-16T20:24:00.729+0000] {processor.py:925} INFO - DAG(s) 'tutorial' retrieved from /home/airflow/.local/lib/python3.12/site-packages/airflow/example_dags/tutorial.py
[2025-11-16T20:24:00.745+0000] {logging_mixin.py:190} INFO - [2025-11-16T20:24:00.745+0000] {dag.py:3239} INFO - Sync 1 DAGs
[2025-11-16T20:24:00.759+0000] {logging_mixin.py:190} INFO - [2025-11-16T20:24:00.759+0000] {dag.py:4180} INFO - Setting next_dagrun for tutorial to 2025-11-15 00:00:00+00:00, run_after=2025-11-16 00:00:00+00:00
[2025-11-16T20:24:00.771+0000] {processor.py:208} INFO - Processing /home/airflow/.local/lib/python3.12/site-packages/airflow/example_dags/tutorial.py took 0.056 seconds
[2025-11-16T20:24:31.384+0000] {processor.py:186} INFO - Started process (PID=149) to work on /home/airflow/.local/lib/python3.12/site-packages/airflow/example_dags/tutorial.py
[2025-11-16T20:24:31.385+0000] {processor.py:914} INFO - Processing file /home/airflow/.local/lib/python3.12/site-packages/airflow/example_dags/tutorial.py for tasks to queue
[2025-11-16T20:24:31.387+0000] {logging_mixin.py:190} INFO - [2025-11-16T20:24:31.387+0000] {dagbag.py:588} INFO - Filling up the DagBag from /home/airflow/.local/lib/python3.12/site-packages/airflow/example_dags/tutorial.py
[2025-11-16T20:24:31.393+0000] {processor.py:925} INFO - DAG(s) 'tutorial' retrieved from /home/airflow/.local/lib/python3.12/site-packages/airflow/example_dags/tutorial.py
[2025-11-16T20:24:31.410+0000] {logging_mixin.py:190} INFO - [2025-11-16T20:24:31.409+0000] {dag.py:3239} INFO - Sync 1 DAGs
[2025-11-16T20:24:31.430+0000] {logging_mixin.py:190} INFO - [2025-11-16T20:24:31.430+0000] {dag.py:4180} INFO - Setting next_dagrun for tutorial to 2025-11-15 00:00:00+00:00, run_after=2025-11-16 00:00:00+00:00
[2025-11-16T20:24:31.445+0000] {processor.py:208} INFO - Processing /home/airflow/.local/lib/python3.12/site-packages/airflow/example_dags/tutorial.py took 0.066 seconds
[2025-11-16T20:25:02.645+0000] {processor.py:186} INFO - Started process (PID=214) to work on /home/airflow/.local/lib/python3.12/site-packages/airflow/example_dags/tutorial.py
[2025-11-16T20:25:02.645+0000] {processor.py:914} INFO - Processing file /home/airflow/.local/lib/python3.12/site-packages/airflow/example_dags/tutorial.py for tasks to queue
[2025-11-16T20:25:02.649+0000] {logging_mixin.py:190} INFO - [2025-11-16T20:25:02.649+0000] {dagbag.py:588} INFO - Filling up the DagBag from /home/airflow/.local/lib/python3.12/site-packages/airflow/example_dags/tutorial.py
[2025-11-16T20:25:02.658+0000] {processor.py:925} INFO - DAG(s) 'tutorial' retrieved from /home/airflow/.local/lib/python3.12/site-packages/airflow/example_dags/tutorial.py
[2025-11-16T20:25:02.676+0000] {logging_mixin.py:190} INFO - [2025-11-16T20:25:02.676+0000] {dag.py:3239} INFO - Sync 1 DAGs
[2025-11-16T20:25:02.693+0000] {logging_mixin.py:190} INFO - [2025-11-16T20:25:02.693+0000] {dag.py:4180} INFO - Setting next_dagrun for tutorial to 2025-11-15 00:00:00+00:00, run_after=2025-11-16 00:00:00+00:00
[2025-11-16T20:25:02.726+0000] {processor.py:208} INFO - Processing /home/airflow/.local/lib/python3.12/site-packages/airflow/example_dags/tutorial.py took 0.086 seconds
[2025-11-16T20:25:33.820+0000] {processor.py:186} INFO - Started process (PID=285) to work on /home/airflow/.local/lib/python3.12/site-packages/airflow/example_dags/tutorial.py
[2025-11-16T20:25:33.822+0000] {processor.py:914} INFO - Processing file /home/airflow/.local/lib/python3.12/site-packages/airflow/example_dags/tutorial.py for tasks to queue
[2025-11-16T20:25:33.824+0000] {logging_mixin.py:190} INFO - [2025-11-16T20:25:33.824+0000] {dagbag.py:588} INFO - Filling up the DagBag from /home/airflow/.local/lib/python3.12/site-packages/airflow/example_dags/tutorial.py
[2025-11-16T20:25:33.832+0000] {processor.py:925} INFO - DAG(s) 'tutorial' retrieved from /home/airflow/.local/lib/python3.12/site-packages/airflow/example_dags/tutorial.py
[2025-11-16T20:25:33.850+0000] {logging_mixin.py:190} INFO - [2025-11-16T20:25:33.850+0000] {dag.py:3239} INFO - Sync 1 DAGs
[2025-11-16T20:25:33.867+0000] {logging_mixin.py:190} INFO - [2025-11-16T20:25:33.867+0000] {dag.py:4180} INFO - Setting next_dagrun for tutorial to 2025-11-15 00:00:00+00:00, run_after=2025-11-16 00:00:00+00:00
[2025-11-16T20:25:33.882+0000] {processor.py:208} INFO - Processing /home/airflow/.local/lib/python3.12/site-packages/airflow/example_dags/tutorial.py took 0.066 seconds
[2025-11-16T20:26:05.250+0000] {processor.py:186} INFO - Started process (PID=350) to work on /home/airflow/.local/lib/python3.12/site-packages/airflow/example_dags/tutorial.py
[2025-11-16T20:26:05.252+0000] {processor.py:914} INFO - Processing file /home/airflow/.local/lib/python3.12/site-packages/airflow/example_dags/tutorial.py for tasks to queue
[2025-11-16T20:26:05.254+0000] {logging_mixin.py:190} INFO - [2025-11-16T20:26:05.254+0000] {dagbag.py:588} INFO - Filling up the DagBag from /home/airflow/.local/lib/python3.12/site-packages/airflow/example_dags/tutorial.py
[2025-11-16T20:26:05.261+0000] {processor.py:925} INFO - DAG(s) 'tutorial' retrieved from /home/airflow/.local/lib/python3.12/site-packages/airflow/example_dags/tutorial.py
[2025-11-16T20:26:05.278+0000] {logging_mixin.py:190} INFO - [2025-11-16T20:26:05.277+0000] {dag.py:3239} INFO - Sync 1 DAGs
[2025-11-16T20:26:05.294+0000] {logging_mixin.py:190} INFO - [2025-11-16T20:26:05.294+0000] {dag.py:4180} INFO - Setting next_dagrun for tutorial to 2025-11-15 00:00:00+00:00, run_after=2025-11-16 00:00:00+00:00
[2025-11-16T20:26:05.307+0000] {processor.py:208} INFO - Processing /home/airflow/.local/lib/python3.12/site-packages/airflow/example_dags/tutorial.py took 0.061 seconds
[2025-11-16T20:26:36.232+0000] {processor.py:186} INFO - Started process (PID=415) to work on /home/airflow/.local/lib/python3.12/site-packages/airflow/example_dags/tutorial.py
[2025-11-16T20:26:36.234+0000] {processor.py:914} INFO - Processing file /home/airflow/.local/lib/python3.12/site-packages/airflow/example_dags/tutorial.py for tasks to queue
[2025-11-16T20:26:36.236+0000] {logging_mixin.py:190} INFO - [2025-11-16T20:26:36.235+0000] {dagbag.py:588} INFO - Filling up the DagBag from /home/airflow/.local/lib/python3.12/site-packages/airflow/example_dags/tutorial.py
[2025-11-16T20:26:36.244+0000] {processor.py:925} INFO - DAG(s) 'tutorial' retrieved from /home/airflow/.local/lib/python3.12/site-packages/airflow/example_dags/tutorial.py
[2025-11-16T20:26:36.260+0000] {logging_mixin.py:190} INFO - [2025-11-16T20:26:36.260+0000] {dag.py:3239} INFO - Sync 1 DAGs
[2025-11-16T20:26:36.276+0000] {logging_mixin.py:190} INFO - [2025-11-16T20:26:36.276+0000] {dag.py:4180} INFO - Setting next_dagrun for tutorial to 2025-11-15 00:00:00+00:00, run_after=2025-11-16 00:00:00+00:00
[2025-11-16T20:26:36.290+0000] {processor.py:208} INFO - Processing /home/airflow/.local/lib/python3.12/site-packages/airflow/example_dags/tutorial.py took 0.062 seconds
[2025-11-16T20:27:07.581+0000] {processor.py:186} INFO - Started process (PID=479) to work on /home/airflow/.local/lib/python3.12/site-packages/airflow/example_dags/tutorial.py
[2025-11-16T20:27:07.583+0000] {processor.py:914} INFO - Processing file /home/airflow/.local/lib/python3.12/site-packages/airflow/example_dags/tutorial.py for tasks to queue
[2025-11-16T20:27:07.585+0000] {logging_mixin.py:190} INFO - [2025-11-16T20:27:07.585+0000] {dagbag.py:588} INFO - Filling up the DagBag from /home/airflow/.local/lib/python3.12/site-packages/airflow/example_dags/tutorial.py
[2025-11-16T20:27:07.592+0000] {processor.py:925} INFO - DAG(s) 'tutorial' retrieved from /home/airflow/.local/lib/python3.12/site-packages/airflow/example_dags/tutorial.py
[2025-11-16T20:27:07.609+0000] {logging_mixin.py:190} INFO - [2025-11-16T20:27:07.609+0000] {dag.py:3239} INFO - Sync 1 DAGs
[2025-11-16T20:27:07.627+0000] {logging_mixin.py:190} INFO - [2025-11-16T20:27:07.627+0000] {dag.py:4180} INFO - Setting next_dagrun for tutorial to 2025-11-15 00:00:00+00:00, run_after=2025-11-16 00:00:00+00:00
[2025-11-16T20:27:07.641+0000] {processor.py:208} INFO - Processing /home/airflow/.local/lib/python3.12/site-packages/airflow/example_dags/tutorial.py took 0.064 seconds
[2025-11-16T20:27:38.725+0000] {processor.py:186} INFO - Started process (PID=544) to work on /home/airflow/.local/lib/python3.12/site-packages/airflow/example_dags/tutorial.py
[2025-11-16T20:27:38.726+0000] {processor.py:914} INFO - Processing file /home/airflow/.local/lib/python3.12/site-packages/airflow/example_dags/tutorial.py for tasks to queue
[2025-11-16T20:27:38.728+0000] {logging_mixin.py:190} INFO - [2025-11-16T20:27:38.728+0000] {dagbag.py:588} INFO - Filling up the DagBag from /home/airflow/.local/lib/python3.12/site-packages/airflow/example_dags/tutorial.py
[2025-11-16T20:27:38.734+0000] {processor.py:925} INFO - DAG(s) 'tutorial' retrieved from /home/airflow/.local/lib/python3.12/site-packages/airflow/example_dags/tutorial.py
[2025-11-16T20:27:38.749+0000] {logging_mixin.py:190} INFO - [2025-11-16T20:27:38.748+0000] {dag.py:3239} INFO - Sync 1 DAGs
[2025-11-16T20:27:38.765+0000] {logging_mixin.py:190} INFO - [2025-11-16T20:27:38.764+0000] {dag.py:4180} INFO - Setting next_dagrun for tutorial to 2025-11-15 00:00:00+00:00, run_after=2025-11-16 00:00:00+00:00
[2025-11-16T20:27:38.780+0000] {processor.py:208} INFO - Processing /home/airflow/.local/lib/python3.12/site-packages/airflow/example_dags/tutorial.py took 0.059 seconds
[2025-11-16T20:28:09.516+0000] {processor.py:186} INFO - Started process (PID=609) to work on /home/airflow/.local/lib/python3.12/site-packages/airflow/example_dags/tutorial.py
[2025-11-16T20:28:09.517+0000] {processor.py:914} INFO - Processing file /home/airflow/.local/lib/python3.12/site-packages/airflow/example_dags/tutorial.py for tasks to queue
[2025-11-16T20:28:09.519+0000] {logging_mixin.py:190} INFO - [2025-11-16T20:28:09.519+0000] {dagbag.py:588} INFO - Filling up the DagBag from /home/airflow/.local/lib/python3.12/site-packages/airflow/example_dags/tutorial.py
[2025-11-16T20:28:09.525+0000] {processor.py:925} INFO - DAG(s) 'tutorial' retrieved from /home/airflow/.local/lib/python3.12/site-packages/airflow/example_dags/tutorial.py
[2025-11-16T20:28:09.541+0000] {logging_mixin.py:190} INFO - [2025-11-16T20:28:09.541+0000] {dag.py:3239} INFO - Sync 1 DAGs
[2025-11-16T20:28:09.555+0000] {logging_mixin.py:190} INFO - [2025-11-16T20:28:09.555+0000] {dag.py:4180} INFO - Setting next_dagrun for tutorial to 2025-11-15 00:00:00+00:00, run_after=2025-11-16 00:00:00+00:00
[2025-11-16T20:28:09.568+0000] {processor.py:208} INFO - Processing /home/airflow/.local/lib/python3.12/site-packages/airflow/example_dags/tutorial.py took 0.055 seconds
[2025-11-16T20:28:40.799+0000] {processor.py:186} INFO - Started process (PID=674) to work on /home/airflow/.local/lib/python3.12/site-packages/airflow/example_dags/tutorial.py
[2025-11-16T20:28:40.800+0000] {processor.py:914} INFO - Processing file /home/airflow/.local/lib/python3.12/site-packages/airflow/example_dags/tutorial.py for tasks to queue
[2025-11-16T20:28:40.802+0000] {logging_mixin.py:190} INFO - [2025-11-16T20:28:40.802+0000] {dagbag.py:588} INFO - Filling up the DagBag from /home/airflow/.local/lib/python3.12/site-packages/airflow/example_dags/tutorial.py
[2025-11-16T20:28:40.809+0000] {processor.py:925} INFO - DAG(s) 'tutorial' retrieved from /home/airflow/.local/lib/python3.12/site-packages/airflow/example_dags/tutorial.py
[2025-11-16T20:28:40.823+0000] {logging_mixin.py:190} INFO - [2025-11-16T20:28:40.823+0000] {dag.py:3239} INFO - Sync 1 DAGs
[2025-11-16T20:28:40.837+0000] {logging_mixin.py:190} INFO - [2025-11-16T20:28:40.837+0000] {dag.py:4180} INFO - Setting next_dagrun for tutorial to 2025-11-15 00:00:00+00:00, run_after=2025-11-16 00:00:00+00:00
[2025-11-16T20:28:40.858+0000] {processor.py:208} INFO - Processing /home/airflow/.local/lib/python3.12/site-packages/airflow/example_dags/tutorial.py took 0.063 seconds
[2025-11-16T20:29:11.801+0000] {processor.py:186} INFO - Started process (PID=739) to work on /home/airflow/.local/lib/python3.12/site-packages/airflow/example_dags/tutorial.py
[2025-11-16T20:29:11.802+0000] {processor.py:914} INFO - Processing file /home/airflow/.local/lib/python3.12/site-packages/airflow/example_dags/tutorial.py for tasks to queue
[2025-11-16T20:29:11.804+0000] {logging_mixin.py:190} INFO - [2025-11-16T20:29:11.804+0000] {dagbag.py:588} INFO - Filling up the DagBag from /home/airflow/.local/lib/python3.12/site-packages/airflow/example_dags/tutorial.py
[2025-11-16T20:29:11.811+0000] {processor.py:925} INFO - DAG(s) 'tutorial' retrieved from /home/airflow/.local/lib/python3.12/site-packages/airflow/example_dags/tutorial.py
[2025-11-16T20:29:11.828+0000] {logging_mixin.py:190} INFO - [2025-11-16T20:29:11.828+0000] {dag.py:3239} INFO - Sync 1 DAGs
[2025-11-16T20:29:11.844+0000] {logging_mixin.py:190} INFO - [2025-11-16T20:29:11.844+0000] {dag.py:4180} INFO - Setting next_dagrun for tutorial to 2025-11-15 00:00:00+00:00, run_after=2025-11-16 00:00:00+00:00
[2025-11-16T20:29:11.875+0000] {processor.py:208} INFO - Processing /home/airflow/.local/lib/python3.12/site-packages/airflow/example_dags/tutorial.py took 0.078 seconds
[2025-11-16T20:29:42.337+0000] {processor.py:186} INFO - Started process (PID=804) to work on /home/airflow/.local/lib/python3.12/site-packages/airflow/example_dags/tutorial.py
[2025-11-16T20:29:42.338+0000] {processor.py:914} INFO - Processing file /home/airflow/.local/lib/python3.12/site-packages/airflow/example_dags/tutorial.py for tasks to queue
[2025-11-16T20:29:42.340+0000] {logging_mixin.py:190} INFO - [2025-11-16T20:29:42.340+0000] {dagbag.py:588} INFO - Filling up the DagBag from /home/airflow/.local/lib/python3.12/site-packages/airflow/example_dags/tutorial.py
[2025-11-16T20:29:42.347+0000] {processor.py:925} INFO - DAG(s) 'tutorial' retrieved from /home/airflow/.local/lib/python3.12/site-packages/airflow/example_dags/tutorial.py
[2025-11-16T20:29:42.362+0000] {logging_mixin.py:190} INFO - [2025-11-16T20:29:42.362+0000] {dag.py:3239} INFO - Sync 1 DAGs
[2025-11-16T20:29:42.376+0000] {logging_mixin.py:190} INFO - [2025-11-16T20:29:42.376+0000] {dag.py:4180} INFO - Setting next_dagrun for tutorial to 2025-11-15 00:00:00+00:00, run_after=2025-11-16 00:00:00+00:00
[2025-11-16T20:29:42.389+0000] {processor.py:208} INFO - Processing /home/airflow/.local/lib/python3.12/site-packages/airflow/example_dags/tutorial.py took 0.057 seconds
[2025-11-16T20:30:13.879+0000] {processor.py:186} INFO - Started process (PID=868) to work on /home/airflow/.local/lib/python3.12/site-packages/airflow/example_dags/tutorial.py
[2025-11-16T20:30:13.881+0000] {processor.py:914} INFO - Processing file /home/airflow/.local/lib/python3.12/site-packages/airflow/example_dags/tutorial.py for tasks to queue
[2025-11-16T20:30:13.883+0000] {logging_mixin.py:190} INFO - [2025-11-16T20:30:13.883+0000] {dagbag.py:588} INFO - Filling up the DagBag from /home/airflow/.local/lib/python3.12/site-packages/airflow/example_dags/tutorial.py
[2025-11-16T20:30:13.890+0000] {processor.py:925} INFO - DAG(s) 'tutorial' retrieved from /home/airflow/.local/lib/python3.12/site-packages/airflow/example_dags/tutorial.py
[2025-11-16T20:30:13.945+0000] {logging_mixin.py:190} INFO - [2025-11-16T20:30:13.945+0000] {dag.py:3239} INFO - Sync 1 DAGs
[2025-11-16T20:30:13.962+0000] {logging_mixin.py:190} INFO - [2025-11-16T20:30:13.962+0000] {dag.py:4180} INFO - Setting next_dagrun for tutorial to 2025-11-15 00:00:00+00:00, run_after=2025-11-16 00:00:00+00:00
[2025-11-16T20:30:13.980+0000] {processor.py:208} INFO - Processing /home/airflow/.local/lib/python3.12/site-packages/airflow/example_dags/tutorial.py took 0.066 seconds
[2025-11-16T20:30:45.445+0000] {processor.py:186} INFO - Started process (PID=933) to work on /home/airflow/.local/lib/python3.12/site-packages/airflow/example_dags/tutorial.py
[2025-11-16T20:30:45.446+0000] {processor.py:914} INFO - Processing file /home/airflow/.local/lib/python3.12/site-packages/airflow/example_dags/tutorial.py for tasks to queue
[2025-11-16T20:30:45.453+0000] {logging_mixin.py:190} INFO - [2025-11-16T20:30:45.452+0000] {dagbag.py:588} INFO - Filling up the DagBag from /home/airflow/.local/lib/python3.12/site-packages/airflow/example_dags/tutorial.py
[2025-11-16T20:30:45.460+0000] {processor.py:925} INFO - DAG(s) 'tutorial' retrieved from /home/airflow/.local/lib/python3.12/site-packages/airflow/example_dags/tutorial.py
[2025-11-16T20:30:45.476+0000] {logging_mixin.py:190} INFO - [2025-11-16T20:30:45.476+0000] {dag.py:3239} INFO - Sync 1 DAGs
[2025-11-16T20:30:45.494+0000] {logging_mixin.py:190} INFO - [2025-11-16T20:30:45.493+0000] {dag.py:4180} INFO - Setting next_dagrun for tutorial to 2025-11-15 00:00:00+00:00, run_after=2025-11-16 00:00:00+00:00
[2025-11-16T20:30:45.510+0000] {processor.py:208} INFO - Processing /home/airflow/.local/lib/python3.12/site-packages/airflow/example_dags/tutorial.py took 0.070 seconds
[2025-11-16T20:31:16.670+0000] {processor.py:186} INFO - Started process (PID=998) to work on /home/airflow/.local/lib/python3.12/site-packages/airflow/example_dags/tutorial.py
[2025-11-16T20:31:16.671+0000] {processor.py:914} INFO - Processing file /home/airflow/.local/lib/python3.12/site-packages/airflow/example_dags/tutorial.py for tasks to queue
[2025-11-16T20:31:16.673+0000] {logging_mixin.py:190} INFO - [2025-11-16T20:31:16.673+0000] {dagbag.py:588} INFO - Filling up the DagBag from /home/airflow/.local/lib/python3.12/site-packages/airflow/example_dags/tutorial.py
[2025-11-16T20:31:16.681+0000] {processor.py:925} INFO - DAG(s) 'tutorial' retrieved from /home/airflow/.local/lib/python3.12/site-packages/airflow/example_dags/tutorial.py
[2025-11-16T20:31:16.698+0000] {logging_mixin.py:190} INFO - [2025-11-16T20:31:16.697+0000] {dag.py:3239} INFO - Sync 1 DAGs
[2025-11-16T20:31:16.712+0000] {logging_mixin.py:190} INFO - [2025-11-16T20:31:16.712+0000] {dag.py:4180} INFO - Setting next_dagrun for tutorial to 2025-11-15 00:00:00+00:00, run_after=2025-11-16 00:00:00+00:00
[2025-11-16T20:31:16.728+0000] {processor.py:208} INFO - Processing /home/airflow/.local/lib/python3.12/site-packages/airflow/example_dags/tutorial.py took 0.063 seconds
[2025-11-16T20:31:47.583+0000] {processor.py:186} INFO - Started process (PID=1063) to work on /home/airflow/.local/lib/python3.12/site-packages/airflow/example_dags/tutorial.py
[2025-11-16T20:31:47.584+0000] {processor.py:914} INFO - Processing file /home/airflow/.local/lib/python3.12/site-packages/airflow/example_dags/tutorial.py for tasks to queue
[2025-11-16T20:31:47.587+0000] {logging_mixin.py:190} INFO - [2025-11-16T20:31:47.587+0000] {dagbag.py:588} INFO - Filling up the DagBag from /home/airflow/.local/lib/python3.12/site-packages/airflow/example_dags/tutorial.py
[2025-11-16T20:31:47.593+0000] {processor.py:925} INFO - DAG(s) 'tutorial' retrieved from /home/airflow/.local/lib/python3.12/site-packages/airflow/example_dags/tutorial.py
[2025-11-16T20:31:47.607+0000] {logging_mixin.py:190} INFO - [2025-11-16T20:31:47.607+0000] {dag.py:3239} INFO - Sync 1 DAGs
[2025-11-16T20:31:47.622+0000] {logging_mixin.py:190} INFO - [2025-11-16T20:31:47.621+0000] {dag.py:4180} INFO - Setting next_dagrun for tutorial to 2025-11-15 00:00:00+00:00, run_after=2025-11-16 00:00:00+00:00
[2025-11-16T20:31:47.635+0000] {processor.py:208} INFO - Processing /home/airflow/.local/lib/python3.12/site-packages/airflow/example_dags/tutorial.py took 0.056 seconds
[2025-11-16T20:32:18.700+0000] {processor.py:186} INFO - Started process (PID=1128) to work on /home/airflow/.local/lib/python3.12/site-packages/airflow/example_dags/tutorial.py
[2025-11-16T20:32:18.701+0000] {processor.py:914} INFO - Processing file /home/airflow/.local/lib/python3.12/site-packages/airflow/example_dags/tutorial.py for tasks to queue
[2025-11-16T20:32:18.703+0000] {logging_mixin.py:190} INFO - [2025-11-16T20:32:18.703+0000] {dagbag.py:588} INFO - Filling up the DagBag from /home/airflow/.local/lib/python3.12/site-packages/airflow/example_dags/tutorial.py
[2025-11-16T20:32:18.710+0000] {processor.py:925} INFO - DAG(s) 'tutorial' retrieved from /home/airflow/.local/lib/python3.12/site-packages/airflow/example_dags/tutorial.py
[2025-11-16T20:32:18.729+0000] {logging_mixin.py:190} INFO - [2025-11-16T20:32:18.728+0000] {dag.py:3239} INFO - Sync 1 DAGs
[2025-11-16T20:32:18.747+0000] {logging_mixin.py:190} INFO - [2025-11-16T20:32:18.746+0000] {dag.py:4180} INFO - Setting next_dagrun for tutorial to 2025-11-15 00:00:00+00:00, run_after=2025-11-16 00:00:00+00:00
[2025-11-16T20:32:18.763+0000] {processor.py:208} INFO - Processing /home/airflow/.local/lib/python3.12/site-packages/airflow/example_dags/tutorial.py took 0.069 seconds
[2025-11-16T20:32:49.857+0000] {processor.py:186} INFO - Started process (PID=1193) to work on /home/airflow/.local/lib/python3.12/site-packages/airflow/example_dags/tutorial.py
[2025-11-16T20:32:49.858+0000] {processor.py:914} INFO - Processing file /home/airflow/.local/lib/python3.12/site-packages/airflow/example_dags/tutorial.py for tasks to queue
[2025-11-16T20:32:49.860+0000] {logging_mixin.py:190} INFO - [2025-11-16T20:32:49.860+0000] {dagbag.py:588} INFO - Filling up the DagBag from /home/airflow/.local/lib/python3.12/site-packages/airflow/example_dags/tutorial.py
[2025-11-16T20:32:49.867+0000] {processor.py:925} INFO - DAG(s) 'tutorial' retrieved from /home/airflow/.local/lib/python3.12/site-packages/airflow/example_dags/tutorial.py
[2025-11-16T20:32:49.882+0000] {logging_mixin.py:190} INFO - [2025-11-16T20:32:49.882+0000] {dag.py:3239} INFO - Sync 1 DAGs
[2025-11-16T20:32:49.897+0000] {logging_mixin.py:190} INFO - [2025-11-16T20:32:49.897+0000] {dag.py:4180} INFO - Setting next_dagrun for tutorial to 2025-11-15 00:00:00+00:00, run_after=2025-11-16 00:00:00+00:00
[2025-11-16T20:32:49.917+0000] {processor.py:208} INFO - Processing /home/airflow/.local/lib/python3.12/site-packages/airflow/example_dags/tutorial.py took 0.064 seconds
[2025-11-16T20:33:20.582+0000] {processor.py:186} INFO - Started process (PID=1258) to work on /home/airflow/.local/lib/python3.12/site-packages/airflow/example_dags/tutorial.py
[2025-11-16T20:33:20.583+0000] {processor.py:914} INFO - Processing file /home/airflow/.local/lib/python3.12/site-packages/airflow/example_dags/tutorial.py for tasks to queue
[2025-11-16T20:33:20.585+0000] {logging_mixin.py:190} INFO - [2025-11-16T20:33:20.585+0000] {dagbag.py:588} INFO - Filling up the DagBag from /home/airflow/.local/lib/python3.12/site-packages/airflow/example_dags/tutorial.py
[2025-11-16T20:33:20.591+0000] {processor.py:925} INFO - DAG(s) 'tutorial' retrieved from /home/airflow/.local/lib/python3.12/site-packages/airflow/example_dags/tutorial.py
[2025-11-16T20:33:20.604+0000] {logging_mixin.py:190} INFO - [2025-11-16T20:33:20.603+0000] {dag.py:3239} INFO - Sync 1 DAGs
[2025-11-16T20:33:20.617+0000] {logging_mixin.py:190} INFO - [2025-11-16T20:33:20.617+0000] {dag.py:4180} INFO - Setting next_dagrun for tutorial to 2025-11-15 00:00:00+00:00, run_after=2025-11-16 00:00:00+00:00
[2025-11-16T20:33:20.628+0000] {processor.py:208} INFO - Processing /home/airflow/.local/lib/python3.12/site-packages/airflow/example_dags/tutorial.py took 0.050 seconds
[2025-11-16T20:33:51.829+0000] {processor.py:186} INFO - Started process (PID=1323) to work on /home/airflow/.local/lib/python3.12/site-packages/airflow/example_dags/tutorial.py
[2025-11-16T20:33:51.830+0000] {processor.py:914} INFO - Processing file /home/airflow/.local/lib/python3.12/site-packages/airflow/example_dags/tutorial.py for tasks to queue
[2025-11-16T20:33:51.832+0000] {logging_mixin.py:190} INFO - [2025-11-16T20:33:51.832+0000] {dagbag.py:588} INFO - Filling up the DagBag from /home/airflow/.local/lib/python3.12/site-packages/airflow/example_dags/tutorial.py
[2025-11-16T20:33:51.839+0000] {processor.py:925} INFO - DAG(s) 'tutorial' retrieved from /home/airflow/.local/lib/python3.12/site-packages/airflow/example_dags/tutorial.py
[2025-11-16T20:33:51.856+0000] {logging_mixin.py:190} INFO - [2025-11-16T20:33:51.855+0000] {dag.py:3239} INFO - Sync 1 DAGs
[2025-11-16T20:33:51.871+0000] {logging_mixin.py:190} INFO - [2025-11-16T20:33:51.871+0000] {dag.py:4180} INFO - Setting next_dagrun for tutorial to 2025-11-15 00:00:00+00:00, run_after=2025-11-16 00:00:00+00:00
[2025-11-16T20:33:51.884+0000] {processor.py:208} INFO - Processing /home/airflow/.local/lib/python3.12/site-packages/airflow/example_dags/tutorial.py took 0.059 seconds
[2025-11-16T20:34:23.043+0000] {processor.py:186} INFO - Started process (PID=1388) to work on /home/airflow/.local/lib/python3.12/site-packages/airflow/example_dags/tutorial.py
[2025-11-16T20:34:23.048+0000] {processor.py:914} INFO - Processing file /home/airflow/.local/lib/python3.12/site-packages/airflow/example_dags/tutorial.py for tasks to queue
[2025-11-16T20:34:23.052+0000] {logging_mixin.py:190} INFO - [2025-11-16T20:34:23.052+0000] {dagbag.py:588} INFO - Filling up the DagBag from /home/airflow/.local/lib/python3.12/site-packages/airflow/example_dags/tutorial.py
[2025-11-16T20:34:23.062+0000] {processor.py:925} INFO - DAG(s) 'tutorial' retrieved from /home/airflow/.local/lib/python3.12/site-packages/airflow/example_dags/tutorial.py
[2025-11-16T20:34:23.085+0000] {logging_mixin.py:190} INFO - [2025-11-16T20:34:23.085+0000] {dag.py:3239} INFO - Sync 1 DAGs
[2025-11-16T20:34:23.105+0000] {logging_mixin.py:190} INFO - [2025-11-16T20:34:23.105+0000] {dag.py:4180} INFO - Setting next_dagrun for tutorial to 2025-11-15 00:00:00+00:00, run_after=2025-11-16 00:00:00+00:00
[2025-11-16T20:34:23.128+0000] {processor.py:208} INFO - Processing /home/airflow/.local/lib/python3.12/site-packages/airflow/example_dags/tutorial.py took 0.089 seconds
[2025-11-16T20:34:53.595+0000] {processor.py:186} INFO - Started process (PID=1453) to work on /home/airflow/.local/lib/python3.12/site-packages/airflow/example_dags/tutorial.py
[2025-11-16T20:34:53.597+0000] {processor.py:914} INFO - Processing file /home/airflow/.local/lib/python3.12/site-packages/airflow/example_dags/tutorial.py for tasks to queue
[2025-11-16T20:34:53.599+0000] {logging_mixin.py:190} INFO - [2025-11-16T20:34:53.599+0000] {dagbag.py:588} INFO - Filling up the DagBag from /home/airflow/.local/lib/python3.12/site-packages/airflow/example_dags/tutorial.py
[2025-11-16T20:34:53.605+0000] {processor.py:925} INFO - DAG(s) 'tutorial' retrieved from /home/airflow/.local/lib/python3.12/site-packages/airflow/example_dags/tutorial.py
[2025-11-16T20:34:53.620+0000] {logging_mixin.py:190} INFO - [2025-11-16T20:34:53.619+0000] {dag.py:3239} INFO - Sync 1 DAGs
[2025-11-16T20:34:53.634+0000] {logging_mixin.py:190} INFO - [2025-11-16T20:34:53.634+0000] {dag.py:4180} INFO - Setting next_dagrun for tutorial to 2025-11-15 00:00:00+00:00, run_after=2025-11-16 00:00:00+00:00
[2025-11-16T20:34:53.647+0000] {processor.py:208} INFO - Processing /home/airflow/.local/lib/python3.12/site-packages/airflow/example_dags/tutorial.py took 0.056 seconds
[2025-11-16T20:35:24.154+0000] {processor.py:186} INFO - Started process (PID=1518) to work on /home/airflow/.local/lib/python3.12/site-packages/airflow/example_dags/tutorial.py
[2025-11-16T20:35:24.155+0000] {processor.py:914} INFO - Processing file /home/airflow/.local/lib/python3.12/site-packages/airflow/example_dags/tutorial.py for tasks to queue
[2025-11-16T20:35:24.158+0000] {logging_mixin.py:190} INFO - [2025-11-16T20:35:24.157+0000] {dagbag.py:588} INFO - Filling up the DagBag from /home/airflow/.local/lib/python3.12/site-packages/airflow/example_dags/tutorial.py
[2025-11-16T20:35:24.165+0000] {processor.py:925} INFO - DAG(s) 'tutorial' retrieved from /home/airflow/.local/lib/python3.12/site-packages/airflow/example_dags/tutorial.py
[2025-11-16T20:35:24.184+0000] {logging_mixin.py:190} INFO - [2025-11-16T20:35:24.184+0000] {dag.py:3239} INFO - Sync 1 DAGs
[2025-11-16T20:35:24.200+0000] {logging_mixin.py:190} INFO - [2025-11-16T20:35:24.200+0000] {dag.py:4180} INFO - Setting next_dagrun for tutorial to 2025-11-15 00:00:00+00:00, run_after=2025-11-16 00:00:00+00:00
[2025-11-16T20:35:24.216+0000] {processor.py:208} INFO - Processing /home/airflow/.local/lib/python3.12/site-packages/airflow/example_dags/tutorial.py took 0.067 seconds
[2025-11-16T20:35:55.455+0000] {processor.py:186} INFO - Started process (PID=1583) to work on /home/airflow/.local/lib/python3.12/site-packages/airflow/example_dags/tutorial.py
[2025-11-16T20:35:55.457+0000] {processor.py:914} INFO - Processing file /home/airflow/.local/lib/python3.12/site-packages/airflow/example_dags/tutorial.py for tasks to queue
[2025-11-16T20:35:55.459+0000] {logging_mixin.py:190} INFO - [2025-11-16T20:35:55.459+0000] {dagbag.py:588} INFO - Filling up the DagBag from /home/airflow/.local/lib/python3.12/site-packages/airflow/example_dags/tutorial.py
[2025-11-16T20:35:55.465+0000] {processor.py:925} INFO - DAG(s) 'tutorial' retrieved from /home/airflow/.local/lib/python3.12/site-packages/airflow/example_dags/tutorial.py
[2025-11-16T20:35:55.479+0000] {logging_mixin.py:190} INFO - [2025-11-16T20:35:55.479+0000] {dag.py:3239} INFO - Sync 1 DAGs
[2025-11-16T20:35:55.497+0000] {logging_mixin.py:190} INFO - [2025-11-16T20:35:55.497+0000] {dag.py:4180} INFO - Setting next_dagrun for tutorial to 2025-11-15 00:00:00+00:00, run_after=2025-11-16 00:00:00+00:00
[2025-11-16T20:35:55.512+0000] {processor.py:208} INFO - Processing /home/airflow/.local/lib/python3.12/site-packages/airflow/example_dags/tutorial.py took 0.060 seconds
[2025-11-16T20:36:26.829+0000] {processor.py:186} INFO - Started process (PID=1648) to work on /home/airflow/.local/lib/python3.12/site-packages/airflow/example_dags/tutorial.py
[2025-11-16T20:36:26.830+0000] {processor.py:914} INFO - Processing file /home/airflow/.local/lib/python3.12/site-packages/airflow/example_dags/tutorial.py for tasks to queue
[2025-11-16T20:36:26.832+0000] {logging_mixin.py:190} INFO - [2025-11-16T20:36:26.832+0000] {dagbag.py:588} INFO - Filling up the DagBag from /home/airflow/.local/lib/python3.12/site-packages/airflow/example_dags/tutorial.py
[2025-11-16T20:36:26.839+0000] {processor.py:925} INFO - DAG(s) 'tutorial' retrieved from /home/airflow/.local/lib/python3.12/site-packages/airflow/example_dags/tutorial.py
[2025-11-16T20:36:26.853+0000] {logging_mixin.py:190} INFO - [2025-11-16T20:36:26.853+0000] {dag.py:3239} INFO - Sync 1 DAGs
[2025-11-16T20:36:26.869+0000] {logging_mixin.py:190} INFO - [2025-11-16T20:36:26.869+0000] {dag.py:4180} INFO - Setting next_dagrun for tutorial to 2025-11-15 00:00:00+00:00, run_after=2025-11-16 00:00:00+00:00
[2025-11-16T20:36:26.883+0000] {processor.py:208} INFO - Processing /home/airflow/.local/lib/python3.12/site-packages/airflow/example_dags/tutorial.py took 0.058 seconds
[2025-11-16T20:36:58.105+0000] {processor.py:186} INFO - Started process (PID=1713) to work on /home/airflow/.local/lib/python3.12/site-packages/airflow/example_dags/tutorial.py
[2025-11-16T20:36:58.106+0000] {processor.py:914} INFO - Processing file /home/airflow/.local/lib/python3.12/site-packages/airflow/example_dags/tutorial.py for tasks to queue
[2025-11-16T20:36:58.108+0000] {logging_mixin.py:190} INFO - [2025-11-16T20:36:58.108+0000] {dagbag.py:588} INFO - Filling up the DagBag from /home/airflow/.local/lib/python3.12/site-packages/airflow/example_dags/tutorial.py
[2025-11-16T20:36:58.116+0000] {processor.py:925} INFO - DAG(s) 'tutorial' retrieved from /home/airflow/.local/lib/python3.12/site-packages/airflow/example_dags/tutorial.py
[2025-11-16T20:36:58.132+0000] {logging_mixin.py:190} INFO - [2025-11-16T20:36:58.132+0000] {dag.py:3239} INFO - Sync 1 DAGs
[2025-11-16T20:36:58.149+0000] {logging_mixin.py:190} INFO - [2025-11-16T20:36:58.149+0000] {dag.py:4180} INFO - Setting next_dagrun for tutorial to 2025-11-15 00:00:00+00:00, run_after=2025-11-16 00:00:00+00:00
[2025-11-16T20:36:58.166+0000] {processor.py:208} INFO - Processing /home/airflow/.local/lib/python3.12/site-packages/airflow/example_dags/tutorial.py took 0.066 seconds
[2025-11-16T20:37:28.739+0000] {processor.py:186} INFO - Started process (PID=1778) to work on /home/airflow/.local/lib/python3.12/site-packages/airflow/example_dags/tutorial.py
[2025-11-16T20:37:28.740+0000] {processor.py:914} INFO - Processing file /home/airflow/.local/lib/python3.12/site-packages/airflow/example_dags/tutorial.py for tasks to queue
[2025-11-16T20:37:28.743+0000] {logging_mixin.py:190} INFO - [2025-11-16T20:37:28.742+0000] {dagbag.py:588} INFO - Filling up the DagBag from /home/airflow/.local/lib/python3.12/site-packages/airflow/example_dags/tutorial.py
[2025-11-16T20:37:28.750+0000] {processor.py:925} INFO - DAG(s) 'tutorial' retrieved from /home/airflow/.local/lib/python3.12/site-packages/airflow/example_dags/tutorial.py
[2025-11-16T20:37:28.767+0000] {logging_mixin.py:190} INFO - [2025-11-16T20:37:28.767+0000] {dag.py:3239} INFO - Sync 1 DAGs
[2025-11-16T20:37:28.782+0000] {logging_mixin.py:190} INFO - [2025-11-16T20:37:28.782+0000] {dag.py:4180} INFO - Setting next_dagrun for tutorial to 2025-11-15 00:00:00+00:00, run_after=2025-11-16 00:00:00+00:00
[2025-11-16T20:37:28.797+0000] {processor.py:208} INFO - Processing /home/airflow/.local/lib/python3.12/site-packages/airflow/example_dags/tutorial.py took 0.063 seconds
[2025-11-16T20:38:00.154+0000] {processor.py:186} INFO - Started process (PID=1853) to work on /home/airflow/.local/lib/python3.12/site-packages/airflow/example_dags/tutorial.py
[2025-11-16T20:38:00.155+0000] {processor.py:914} INFO - Processing file /home/airflow/.local/lib/python3.12/site-packages/airflow/example_dags/tutorial.py for tasks to queue
[2025-11-16T20:38:00.157+0000] {logging_mixin.py:190} INFO - [2025-11-16T20:38:00.157+0000] {dagbag.py:588} INFO - Filling up the DagBag from /home/airflow/.local/lib/python3.12/site-packages/airflow/example_dags/tutorial.py
[2025-11-16T20:38:00.163+0000] {processor.py:925} INFO - DAG(s) 'tutorial' retrieved from /home/airflow/.local/lib/python3.12/site-packages/airflow/example_dags/tutorial.py
[2025-11-16T20:38:00.177+0000] {logging_mixin.py:190} INFO - [2025-11-16T20:38:00.177+0000] {dag.py:3239} INFO - Sync 1 DAGs
[2025-11-16T20:38:00.191+0000] {logging_mixin.py:190} INFO - [2025-11-16T20:38:00.191+0000] {dag.py:4180} INFO - Setting next_dagrun for tutorial to 2025-11-15 00:00:00+00:00, run_after=2025-11-16 00:00:00+00:00
[2025-11-16T20:38:00.204+0000] {processor.py:208} INFO - Processing /home/airflow/.local/lib/python3.12/site-packages/airflow/example_dags/tutorial.py took 0.054 seconds
[2025-11-16T20:38:31.465+0000] {processor.py:186} INFO - Started process (PID=1918) to work on /home/airflow/.local/lib/python3.12/site-packages/airflow/example_dags/tutorial.py
[2025-11-16T20:38:31.466+0000] {processor.py:914} INFO - Processing file /home/airflow/.local/lib/python3.12/site-packages/airflow/example_dags/tutorial.py for tasks to queue
[2025-11-16T20:38:31.468+0000] {logging_mixin.py:190} INFO - [2025-11-16T20:38:31.468+0000] {dagbag.py:588} INFO - Filling up the DagBag from /home/airflow/.local/lib/python3.12/site-packages/airflow/example_dags/tutorial.py
[2025-11-16T20:38:31.474+0000] {processor.py:925} INFO - DAG(s) 'tutorial' retrieved from /home/airflow/.local/lib/python3.12/site-packages/airflow/example_dags/tutorial.py
[2025-11-16T20:38:31.486+0000] {logging_mixin.py:190} INFO - [2025-11-16T20:38:31.486+0000] {dag.py:3239} INFO - Sync 1 DAGs
[2025-11-16T20:38:31.501+0000] {logging_mixin.py:190} INFO - [2025-11-16T20:38:31.501+0000] {dag.py:4180} INFO - Setting next_dagrun for tutorial to 2025-11-15 00:00:00+00:00, run_after=2025-11-16 00:00:00+00:00
[2025-11-16T20:38:31.515+0000] {processor.py:208} INFO - Processing /home/airflow/.local/lib/python3.12/site-packages/airflow/example_dags/tutorial.py took 0.054 seconds
[2025-11-16T20:39:02.207+0000] {processor.py:186} INFO - Started process (PID=1983) to work on /home/airflow/.local/lib/python3.12/site-packages/airflow/example_dags/tutorial.py
[2025-11-16T20:39:02.209+0000] {processor.py:914} INFO - Processing file /home/airflow/.local/lib/python3.12/site-packages/airflow/example_dags/tutorial.py for tasks to queue
[2025-11-16T20:39:02.211+0000] {logging_mixin.py:190} INFO - [2025-11-16T20:39:02.211+0000] {dagbag.py:588} INFO - Filling up the DagBag from /home/airflow/.local/lib/python3.12/site-packages/airflow/example_dags/tutorial.py
[2025-11-16T20:39:02.221+0000] {processor.py:925} INFO - DAG(s) 'tutorial' retrieved from /home/airflow/.local/lib/python3.12/site-packages/airflow/example_dags/tutorial.py
[2025-11-16T20:39:02.234+0000] {logging_mixin.py:190} INFO - [2025-11-16T20:39:02.233+0000] {dag.py:3239} INFO - Sync 1 DAGs
[2025-11-16T20:39:02.248+0000] {logging_mixin.py:190} INFO - [2025-11-16T20:39:02.248+0000] {dag.py:4180} INFO - Setting next_dagrun for tutorial to 2025-11-15 00:00:00+00:00, run_after=2025-11-16 00:00:00+00:00
[2025-11-16T20:39:02.261+0000] {processor.py:208} INFO - Processing /home/airflow/.local/lib/python3.12/site-packages/airflow/example_dags/tutorial.py took 0.059 seconds
[2025-11-16T20:39:33.658+0000] {processor.py:186} INFO - Started process (PID=2048) to work on /home/airflow/.local/lib/python3.12/site-packages/airflow/example_dags/tutorial.py
[2025-11-16T20:39:33.659+0000] {processor.py:914} INFO - Processing file /home/airflow/.local/lib/python3.12/site-packages/airflow/example_dags/tutorial.py for tasks to queue
[2025-11-16T20:39:33.661+0000] {logging_mixin.py:190} INFO - [2025-11-16T20:39:33.661+0000] {dagbag.py:588} INFO - Filling up the DagBag from /home/airflow/.local/lib/python3.12/site-packages/airflow/example_dags/tutorial.py
[2025-11-16T20:39:33.667+0000] {processor.py:925} INFO - DAG(s) 'tutorial' retrieved from /home/airflow/.local/lib/python3.12/site-packages/airflow/example_dags/tutorial.py
[2025-11-16T20:39:33.680+0000] {logging_mixin.py:190} INFO - [2025-11-16T20:39:33.680+0000] {dag.py:3239} INFO - Sync 1 DAGs
[2025-11-16T20:39:33.694+0000] {logging_mixin.py:190} INFO - [2025-11-16T20:39:33.694+0000] {dag.py:4180} INFO - Setting next_dagrun for tutorial to 2025-11-15 00:00:00+00:00, run_after=2025-11-16 00:00:00+00:00
[2025-11-16T20:39:33.707+0000] {processor.py:208} INFO - Processing /home/airflow/.local/lib/python3.12/site-packages/airflow/example_dags/tutorial.py took 0.053 seconds
[2025-11-16T20:40:04.912+0000] {processor.py:186} INFO - Started process (PID=2113) to work on /home/airflow/.local/lib/python3.12/site-packages/airflow/example_dags/tutorial.py
[2025-11-16T20:40:04.913+0000] {processor.py:914} INFO - Processing file /home/airflow/.local/lib/python3.12/site-packages/airflow/example_dags/tutorial.py for tasks to queue
[2025-11-16T20:40:04.916+0000] {logging_mixin.py:190} INFO - [2025-11-16T20:40:04.915+0000] {dagbag.py:588} INFO - Filling up the DagBag from /home/airflow/.local/lib/python3.12/site-packages/airflow/example_dags/tutorial.py
[2025-11-16T20:40:04.922+0000] {processor.py:925} INFO - DAG(s) 'tutorial' retrieved from /home/airflow/.local/lib/python3.12/site-packages/airflow/example_dags/tutorial.py
[2025-11-16T20:40:04.939+0000] {logging_mixin.py:190} INFO - [2025-11-16T20:40:04.938+0000] {dag.py:3239} INFO - Sync 1 DAGs
[2025-11-16T20:40:04.953+0000] {logging_mixin.py:190} INFO - [2025-11-16T20:40:04.953+0000] {dag.py:4180} INFO - Setting next_dagrun for tutorial to 2025-11-15 00:00:00+00:00, run_after=2025-11-16 00:00:00+00:00
[2025-11-16T20:40:04.966+0000] {processor.py:208} INFO - Processing /home/airflow/.local/lib/python3.12/site-packages/airflow/example_dags/tutorial.py took 0.058 seconds
[2025-11-16T20:40:35.540+0000] {processor.py:186} INFO - Started process (PID=2178) to work on /home/airflow/.local/lib/python3.12/site-packages/airflow/example_dags/tutorial.py
[2025-11-16T20:40:35.542+0000] {processor.py:914} INFO - Processing file /home/airflow/.local/lib/python3.12/site-packages/airflow/example_dags/tutorial.py for tasks to queue
[2025-11-16T20:40:35.546+0000] {logging_mixin.py:190} INFO - [2025-11-16T20:40:35.545+0000] {dagbag.py:588} INFO - Filling up the DagBag from /home/airflow/.local/lib/python3.12/site-packages/airflow/example_dags/tutorial.py
[2025-11-16T20:40:35.555+0000] {processor.py:925} INFO - DAG(s) 'tutorial' retrieved from /home/airflow/.local/lib/python3.12/site-packages/airflow/example_dags/tutorial.py
[2025-11-16T20:40:35.576+0000] {logging_mixin.py:190} INFO - [2025-11-16T20:40:35.575+0000] {dag.py:3239} INFO - Sync 1 DAGs
[2025-11-16T20:40:35.598+0000] {logging_mixin.py:190} INFO - [2025-11-16T20:40:35.598+0000] {dag.py:4180} INFO - Setting next_dagrun for tutorial to 2025-11-15 00:00:00+00:00, run_after=2025-11-16 00:00:00+00:00
[2025-11-16T20:40:35.616+0000] {processor.py:208} INFO - Processing /home/airflow/.local/lib/python3.12/site-packages/airflow/example_dags/tutorial.py took 0.080 seconds
[2025-11-16T20:41:06.573+0000] {processor.py:186} INFO - Started process (PID=2250) to work on /home/airflow/.local/lib/python3.12/site-packages/airflow/example_dags/tutorial.py
[2025-11-16T20:41:06.574+0000] {processor.py:914} INFO - Processing file /home/airflow/.local/lib/python3.12/site-packages/airflow/example_dags/tutorial.py for tasks to queue
[2025-11-16T20:41:06.576+0000] {logging_mixin.py:190} INFO - [2025-11-16T20:41:06.576+0000] {dagbag.py:588} INFO - Filling up the DagBag from /home/airflow/.local/lib/python3.12/site-packages/airflow/example_dags/tutorial.py
[2025-11-16T20:41:06.586+0000] {processor.py:925} INFO - DAG(s) 'tutorial' retrieved from /home/airflow/.local/lib/python3.12/site-packages/airflow/example_dags/tutorial.py
[2025-11-16T20:41:06.602+0000] {logging_mixin.py:190} INFO - [2025-11-16T20:41:06.602+0000] {dag.py:3239} INFO - Sync 1 DAGs
[2025-11-16T20:41:06.618+0000] {logging_mixin.py:190} INFO - [2025-11-16T20:41:06.618+0000] {dag.py:4180} INFO - Setting next_dagrun for tutorial to 2025-11-15 00:00:00+00:00, run_after=2025-11-16 00:00:00+00:00
[2025-11-16T20:41:06.633+0000] {processor.py:208} INFO - Processing /home/airflow/.local/lib/python3.12/site-packages/airflow/example_dags/tutorial.py took 0.064 seconds
[2025-11-16T20:41:38.256+0000] {processor.py:186} INFO - Started process (PID=2315) to work on /home/airflow/.local/lib/python3.12/site-packages/airflow/example_dags/tutorial.py
[2025-11-16T20:41:38.257+0000] {processor.py:914} INFO - Processing file /home/airflow/.local/lib/python3.12/site-packages/airflow/example_dags/tutorial.py for tasks to queue
[2025-11-16T20:41:38.258+0000] {logging_mixin.py:190} INFO - [2025-11-16T20:41:38.258+0000] {dagbag.py:588} INFO - Filling up the DagBag from /home/airflow/.local/lib/python3.12/site-packages/airflow/example_dags/tutorial.py
[2025-11-16T20:41:38.265+0000] {processor.py:925} INFO - DAG(s) 'tutorial' retrieved from /home/airflow/.local/lib/python3.12/site-packages/airflow/example_dags/tutorial.py
[2025-11-16T20:41:38.279+0000] {logging_mixin.py:190} INFO - [2025-11-16T20:41:38.279+0000] {dag.py:3239} INFO - Sync 1 DAGs
[2025-11-16T20:41:38.295+0000] {logging_mixin.py:190} INFO - [2025-11-16T20:41:38.295+0000] {dag.py:4180} INFO - Setting next_dagrun for tutorial to 2025-11-15 00:00:00+00:00, run_after=2025-11-16 00:00:00+00:00
[2025-11-16T20:41:38.309+0000] {processor.py:208} INFO - Processing /home/airflow/.local/lib/python3.12/site-packages/airflow/example_dags/tutorial.py took 0.057 seconds
[2025-11-16T20:42:09.500+0000] {processor.py:186} INFO - Started process (PID=2380) to work on /home/airflow/.local/lib/python3.12/site-packages/airflow/example_dags/tutorial.py
[2025-11-16T20:42:09.501+0000] {processor.py:914} INFO - Processing file /home/airflow/.local/lib/python3.12/site-packages/airflow/example_dags/tutorial.py for tasks to queue
[2025-11-16T20:42:09.503+0000] {logging_mixin.py:190} INFO - [2025-11-16T20:42:09.503+0000] {dagbag.py:588} INFO - Filling up the DagBag from /home/airflow/.local/lib/python3.12/site-packages/airflow/example_dags/tutorial.py
[2025-11-16T20:42:09.509+0000] {processor.py:925} INFO - DAG(s) 'tutorial' retrieved from /home/airflow/.local/lib/python3.12/site-packages/airflow/example_dags/tutorial.py
[2025-11-16T20:42:09.524+0000] {logging_mixin.py:190} INFO - [2025-11-16T20:42:09.524+0000] {dag.py:3239} INFO - Sync 1 DAGs
[2025-11-16T20:42:09.539+0000] {logging_mixin.py:190} INFO - [2025-11-16T20:42:09.539+0000] {dag.py:4180} INFO - Setting next_dagrun for tutorial to 2025-11-15 00:00:00+00:00, run_after=2025-11-16 00:00:00+00:00
[2025-11-16T20:42:09.552+0000] {processor.py:208} INFO - Processing /home/airflow/.local/lib/python3.12/site-packages/airflow/example_dags/tutorial.py took 0.056 seconds
[2025-11-16T20:42:41.252+0000] {processor.py:186} INFO - Started process (PID=2445) to work on /home/airflow/.local/lib/python3.12/site-packages/airflow/example_dags/tutorial.py
[2025-11-16T20:42:41.253+0000] {processor.py:914} INFO - Processing file /home/airflow/.local/lib/python3.12/site-packages/airflow/example_dags/tutorial.py for tasks to queue
[2025-11-16T20:42:41.255+0000] {logging_mixin.py:190} INFO - [2025-11-16T20:42:41.255+0000] {dagbag.py:588} INFO - Filling up the DagBag from /home/airflow/.local/lib/python3.12/site-packages/airflow/example_dags/tutorial.py
[2025-11-16T20:42:41.266+0000] {processor.py:925} INFO - DAG(s) 'tutorial' retrieved from /home/airflow/.local/lib/python3.12/site-packages/airflow/example_dags/tutorial.py
[2025-11-16T20:42:41.286+0000] {logging_mixin.py:190} INFO - [2025-11-16T20:42:41.286+0000] {dag.py:3239} INFO - Sync 1 DAGs
[2025-11-16T20:42:41.308+0000] {logging_mixin.py:190} INFO - [2025-11-16T20:42:41.308+0000] {dag.py:4180} INFO - Setting next_dagrun for tutorial to 2025-11-15 00:00:00+00:00, run_after=2025-11-16 00:00:00+00:00
[2025-11-16T20:42:41.322+0000] {processor.py:208} INFO - Processing /home/airflow/.local/lib/python3.12/site-packages/airflow/example_dags/tutorial.py took 0.075 seconds
[2025-11-16T20:43:12.356+0000] {processor.py:186} INFO - Started process (PID=2510) to work on /home/airflow/.local/lib/python3.12/site-packages/airflow/example_dags/tutorial.py
[2025-11-16T20:43:12.357+0000] {processor.py:914} INFO - Processing file /home/airflow/.local/lib/python3.12/site-packages/airflow/example_dags/tutorial.py for tasks to queue
[2025-11-16T20:43:12.359+0000] {logging_mixin.py:190} INFO - [2025-11-16T20:43:12.359+0000] {dagbag.py:588} INFO - Filling up the DagBag from /home/airflow/.local/lib/python3.12/site-packages/airflow/example_dags/tutorial.py
[2025-11-16T20:43:12.366+0000] {processor.py:925} INFO - DAG(s) 'tutorial' retrieved from /home/airflow/.local/lib/python3.12/site-packages/airflow/example_dags/tutorial.py
[2025-11-16T20:43:12.380+0000] {logging_mixin.py:190} INFO - [2025-11-16T20:43:12.380+0000] {dag.py:3239} INFO - Sync 1 DAGs
[2025-11-16T20:43:12.396+0000] {logging_mixin.py:190} INFO - [2025-11-16T20:43:12.395+0000] {dag.py:4180} INFO - Setting next_dagrun for tutorial to 2025-11-15 00:00:00+00:00, run_after=2025-11-16 00:00:00+00:00
[2025-11-16T20:43:12.408+0000] {processor.py:208} INFO - Processing /home/airflow/.local/lib/python3.12/site-packages/airflow/example_dags/tutorial.py took 0.056 seconds
[2025-11-16T20:43:43.484+0000] {processor.py:186} INFO - Started process (PID=2575) to work on /home/airflow/.local/lib/python3.12/site-packages/airflow/example_dags/tutorial.py
[2025-11-16T20:43:43.485+0000] {processor.py:914} INFO - Processing file /home/airflow/.local/lib/python3.12/site-packages/airflow/example_dags/tutorial.py for tasks to queue
[2025-11-16T20:43:43.487+0000] {logging_mixin.py:190} INFO - [2025-11-16T20:43:43.486+0000] {dagbag.py:588} INFO - Filling up the DagBag from /home/airflow/.local/lib/python3.12/site-packages/airflow/example_dags/tutorial.py
[2025-11-16T20:43:43.493+0000] {processor.py:925} INFO - DAG(s) 'tutorial' retrieved from /home/airflow/.local/lib/python3.12/site-packages/airflow/example_dags/tutorial.py
[2025-11-16T20:43:43.508+0000] {logging_mixin.py:190} INFO - [2025-11-16T20:43:43.508+0000] {dag.py:3239} INFO - Sync 1 DAGs
[2025-11-16T20:43:43.525+0000] {logging_mixin.py:190} INFO - [2025-11-16T20:43:43.525+0000] {dag.py:4180} INFO - Setting next_dagrun for tutorial to 2025-11-15 00:00:00+00:00, run_after=2025-11-16 00:00:00+00:00
[2025-11-16T20:43:43.545+0000] {processor.py:208} INFO - Processing /home/airflow/.local/lib/python3.12/site-packages/airflow/example_dags/tutorial.py took 0.066 seconds
[2025-11-16T20:44:14.351+0000] {processor.py:186} INFO - Started process (PID=2640) to work on /home/airflow/.local/lib/python3.12/site-packages/airflow/example_dags/tutorial.py
[2025-11-16T20:44:14.352+0000] {processor.py:914} INFO - Processing file /home/airflow/.local/lib/python3.12/site-packages/airflow/example_dags/tutorial.py for tasks to queue
[2025-11-16T20:44:14.358+0000] {logging_mixin.py:190} INFO - [2025-11-16T20:44:14.357+0000] {dagbag.py:588} INFO - Filling up the DagBag from /home/airflow/.local/lib/python3.12/site-packages/airflow/example_dags/tutorial.py
[2025-11-16T20:44:14.367+0000] {processor.py:925} INFO - DAG(s) 'tutorial' retrieved from /home/airflow/.local/lib/python3.12/site-packages/airflow/example_dags/tutorial.py
[2025-11-16T20:44:14.384+0000] {logging_mixin.py:190} INFO - [2025-11-16T20:44:14.384+0000] {dag.py:3239} INFO - Sync 1 DAGs
[2025-11-16T20:44:14.408+0000] {logging_mixin.py:190} INFO - [2025-11-16T20:44:14.408+0000] {dag.py:4180} INFO - Setting next_dagrun for tutorial to 2025-11-15 00:00:00+00:00, run_after=2025-11-16 00:00:00+00:00
[2025-11-16T20:44:14.423+0000] {processor.py:208} INFO - Processing /home/airflow/.local/lib/python3.12/site-packages/airflow/example_dags/tutorial.py took 0.080 seconds
[2025-11-16T20:44:45.019+0000] {processor.py:186} INFO - Started process (PID=2706) to work on /home/airflow/.local/lib/python3.12/site-packages/airflow/example_dags/tutorial.py
[2025-11-16T20:44:45.020+0000] {processor.py:914} INFO - Processing file /home/airflow/.local/lib/python3.12/site-packages/airflow/example_dags/tutorial.py for tasks to queue
[2025-11-16T20:44:45.023+0000] {logging_mixin.py:190} INFO - [2025-11-16T20:44:45.023+0000] {dagbag.py:588} INFO - Filling up the DagBag from /home/airflow/.local/lib/python3.12/site-packages/airflow/example_dags/tutorial.py
[2025-11-16T20:44:45.039+0000] {processor.py:925} INFO - DAG(s) 'tutorial' retrieved from /home/airflow/.local/lib/python3.12/site-packages/airflow/example_dags/tutorial.py
[2025-11-16T20:44:45.061+0000] {logging_mixin.py:190} INFO - [2025-11-16T20:44:45.060+0000] {dag.py:3239} INFO - Sync 1 DAGs
[2025-11-16T20:44:45.083+0000] {logging_mixin.py:190} INFO - [2025-11-16T20:44:45.083+0000] {dag.py:4180} INFO - Setting next_dagrun for tutorial to 2025-11-15 00:00:00+00:00, run_after=2025-11-16 00:00:00+00:00
[2025-11-16T20:44:45.100+0000] {processor.py:208} INFO - Processing /home/airflow/.local/lib/python3.12/site-packages/airflow/example_dags/tutorial.py took 0.103 seconds
[2025-11-16T20:45:16.441+0000] {processor.py:186} INFO - Started process (PID=2772) to work on /home/airflow/.local/lib/python3.12/site-packages/airflow/example_dags/tutorial.py
[2025-11-16T20:45:16.443+0000] {processor.py:914} INFO - Processing file /home/airflow/.local/lib/python3.12/site-packages/airflow/example_dags/tutorial.py for tasks to queue
[2025-11-16T20:45:16.445+0000] {logging_mixin.py:190} INFO - [2025-11-16T20:45:16.445+0000] {dagbag.py:588} INFO - Filling up the DagBag from /home/airflow/.local/lib/python3.12/site-packages/airflow/example_dags/tutorial.py
[2025-11-16T20:45:16.452+0000] {processor.py:925} INFO - DAG(s) 'tutorial' retrieved from /home/airflow/.local/lib/python3.12/site-packages/airflow/example_dags/tutorial.py
[2025-11-16T20:45:16.467+0000] {logging_mixin.py:190} INFO - [2025-11-16T20:45:16.467+0000] {dag.py:3239} INFO - Sync 1 DAGs
[2025-11-16T20:45:16.483+0000] {logging_mixin.py:190} INFO - [2025-11-16T20:45:16.483+0000] {dag.py:4180} INFO - Setting next_dagrun for tutorial to 2025-11-15 00:00:00+00:00, run_after=2025-11-16 00:00:00+00:00
[2025-11-16T20:45:16.517+0000] {processor.py:208} INFO - Processing /home/airflow/.local/lib/python3.12/site-packages/airflow/example_dags/tutorial.py took 0.081 seconds
[2025-11-16T20:45:47.946+0000] {processor.py:186} INFO - Started process (PID=2837) to work on /home/airflow/.local/lib/python3.12/site-packages/airflow/example_dags/tutorial.py
[2025-11-16T20:45:47.947+0000] {processor.py:914} INFO - Processing file /home/airflow/.local/lib/python3.12/site-packages/airflow/example_dags/tutorial.py for tasks to queue
[2025-11-16T20:45:47.949+0000] {logging_mixin.py:190} INFO - [2025-11-16T20:45:47.949+0000] {dagbag.py:588} INFO - Filling up the DagBag from /home/airflow/.local/lib/python3.12/site-packages/airflow/example_dags/tutorial.py
[2025-11-16T20:45:47.958+0000] {processor.py:925} INFO - DAG(s) 'tutorial' retrieved from /home/airflow/.local/lib/python3.12/site-packages/airflow/example_dags/tutorial.py
[2025-11-16T20:45:47.975+0000] {logging_mixin.py:190} INFO - [2025-11-16T20:45:47.975+0000] {dag.py:3239} INFO - Sync 1 DAGs
[2025-11-16T20:45:47.992+0000] {logging_mixin.py:190} INFO - [2025-11-16T20:45:47.992+0000] {dag.py:4180} INFO - Setting next_dagrun for tutorial to 2025-11-15 00:00:00+00:00, run_after=2025-11-16 00:00:00+00:00
[2025-11-16T20:45:48.012+0000] {processor.py:208} INFO - Processing /home/airflow/.local/lib/python3.12/site-packages/airflow/example_dags/tutorial.py took 0.071 seconds
[2025-11-16T20:46:19.176+0000] {processor.py:186} INFO - Started process (PID=2902) to work on /home/airflow/.local/lib/python3.12/site-packages/airflow/example_dags/tutorial.py
[2025-11-16T20:46:19.178+0000] {processor.py:914} INFO - Processing file /home/airflow/.local/lib/python3.12/site-packages/airflow/example_dags/tutorial.py for tasks to queue
[2025-11-16T20:46:19.180+0000] {logging_mixin.py:190} INFO - [2025-11-16T20:46:19.180+0000] {dagbag.py:588} INFO - Filling up the DagBag from /home/airflow/.local/lib/python3.12/site-packages/airflow/example_dags/tutorial.py
[2025-11-16T20:46:19.187+0000] {processor.py:925} INFO - DAG(s) 'tutorial' retrieved from /home/airflow/.local/lib/python3.12/site-packages/airflow/example_dags/tutorial.py
[2025-11-16T20:46:19.201+0000] {logging_mixin.py:190} INFO - [2025-11-16T20:46:19.200+0000] {dag.py:3239} INFO - Sync 1 DAGs
[2025-11-16T20:46:19.217+0000] {logging_mixin.py:190} INFO - [2025-11-16T20:46:19.217+0000] {dag.py:4180} INFO - Setting next_dagrun for tutorial to 2025-11-15 00:00:00+00:00, run_after=2025-11-16 00:00:00+00:00
[2025-11-16T20:46:19.230+0000] {processor.py:208} INFO - Processing /home/airflow/.local/lib/python3.12/site-packages/airflow/example_dags/tutorial.py took 0.059 seconds
[2025-11-16T20:46:50.038+0000] {processor.py:186} INFO - Started process (PID=2967) to work on /home/airflow/.local/lib/python3.12/site-packages/airflow/example_dags/tutorial.py
[2025-11-16T20:46:50.039+0000] {processor.py:914} INFO - Processing file /home/airflow/.local/lib/python3.12/site-packages/airflow/example_dags/tutorial.py for tasks to queue
[2025-11-16T20:46:50.042+0000] {logging_mixin.py:190} INFO - [2025-11-16T20:46:50.041+0000] {dagbag.py:588} INFO - Filling up the DagBag from /home/airflow/.local/lib/python3.12/site-packages/airflow/example_dags/tutorial.py
[2025-11-16T20:46:50.049+0000] {processor.py:925} INFO - DAG(s) 'tutorial' retrieved from /home/airflow/.local/lib/python3.12/site-packages/airflow/example_dags/tutorial.py
[2025-11-16T20:46:50.065+0000] {logging_mixin.py:190} INFO - [2025-11-16T20:46:50.064+0000] {dag.py:3239} INFO - Sync 1 DAGs
[2025-11-16T20:46:50.081+0000] {logging_mixin.py:190} INFO - [2025-11-16T20:46:50.081+0000] {dag.py:4180} INFO - Setting next_dagrun for tutorial to 2025-11-15 00:00:00+00:00, run_after=2025-11-16 00:00:00+00:00
[2025-11-16T20:46:50.097+0000] {processor.py:208} INFO - Processing /home/airflow/.local/lib/python3.12/site-packages/airflow/example_dags/tutorial.py took 0.064 seconds
[2025-11-16T20:47:20.986+0000] {processor.py:186} INFO - Started process (PID=3032) to work on /home/airflow/.local/lib/python3.12/site-packages/airflow/example_dags/tutorial.py
[2025-11-16T20:47:20.987+0000] {processor.py:914} INFO - Processing file /home/airflow/.local/lib/python3.12/site-packages/airflow/example_dags/tutorial.py for tasks to queue
[2025-11-16T20:47:20.989+0000] {logging_mixin.py:190} INFO - [2025-11-16T20:47:20.989+0000] {dagbag.py:588} INFO - Filling up the DagBag from /home/airflow/.local/lib/python3.12/site-packages/airflow/example_dags/tutorial.py
[2025-11-16T20:47:20.997+0000] {processor.py:925} INFO - DAG(s) 'tutorial' retrieved from /home/airflow/.local/lib/python3.12/site-packages/airflow/example_dags/tutorial.py
[2025-11-16T20:47:21.014+0000] {logging_mixin.py:190} INFO - [2025-11-16T20:47:21.014+0000] {dag.py:3239} INFO - Sync 1 DAGs
[2025-11-16T20:47:21.032+0000] {logging_mixin.py:190} INFO - [2025-11-16T20:47:21.032+0000] {dag.py:4180} INFO - Setting next_dagrun for tutorial to 2025-11-15 00:00:00+00:00, run_after=2025-11-16 00:00:00+00:00
[2025-11-16T20:47:21.047+0000] {processor.py:208} INFO - Processing /home/airflow/.local/lib/python3.12/site-packages/airflow/example_dags/tutorial.py took 0.068 seconds
[2025-11-16T20:47:51.602+0000] {processor.py:186} INFO - Started process (PID=3097) to work on /home/airflow/.local/lib/python3.12/site-packages/airflow/example_dags/tutorial.py
[2025-11-16T20:47:51.602+0000] {processor.py:914} INFO - Processing file /home/airflow/.local/lib/python3.12/site-packages/airflow/example_dags/tutorial.py for tasks to queue
[2025-11-16T20:47:51.604+0000] {logging_mixin.py:190} INFO - [2025-11-16T20:47:51.604+0000] {dagbag.py:588} INFO - Filling up the DagBag from /home/airflow/.local/lib/python3.12/site-packages/airflow/example_dags/tutorial.py
[2025-11-16T20:47:51.611+0000] {processor.py:925} INFO - DAG(s) 'tutorial' retrieved from /home/airflow/.local/lib/python3.12/site-packages/airflow/example_dags/tutorial.py
[2025-11-16T20:47:51.624+0000] {logging_mixin.py:190} INFO - [2025-11-16T20:47:51.624+0000] {dag.py:3239} INFO - Sync 1 DAGs
[2025-11-16T20:47:51.639+0000] {logging_mixin.py:190} INFO - [2025-11-16T20:47:51.639+0000] {dag.py:4180} INFO - Setting next_dagrun for tutorial to 2025-11-15 00:00:00+00:00, run_after=2025-11-16 00:00:00+00:00
[2025-11-16T20:47:51.651+0000] {processor.py:208} INFO - Processing /home/airflow/.local/lib/python3.12/site-packages/airflow/example_dags/tutorial.py took 0.053 seconds
[2025-11-16T20:48:22.195+0000] {processor.py:186} INFO - Started process (PID=3162) to work on /home/airflow/.local/lib/python3.12/site-packages/airflow/example_dags/tutorial.py
[2025-11-16T20:48:22.196+0000] {processor.py:914} INFO - Processing file /home/airflow/.local/lib/python3.12/site-packages/airflow/example_dags/tutorial.py for tasks to queue
[2025-11-16T20:48:22.198+0000] {logging_mixin.py:190} INFO - [2025-11-16T20:48:22.198+0000] {dagbag.py:588} INFO - Filling up the DagBag from /home/airflow/.local/lib/python3.12/site-packages/airflow/example_dags/tutorial.py
[2025-11-16T20:48:22.204+0000] {processor.py:925} INFO - DAG(s) 'tutorial' retrieved from /home/airflow/.local/lib/python3.12/site-packages/airflow/example_dags/tutorial.py
[2025-11-16T20:48:22.217+0000] {logging_mixin.py:190} INFO - [2025-11-16T20:48:22.217+0000] {dag.py:3239} INFO - Sync 1 DAGs
[2025-11-16T20:48:22.233+0000] {logging_mixin.py:190} INFO - [2025-11-16T20:48:22.232+0000] {dag.py:4180} INFO - Setting next_dagrun for tutorial to 2025-11-15 00:00:00+00:00, run_after=2025-11-16 00:00:00+00:00
[2025-11-16T20:48:22.246+0000] {processor.py:208} INFO - Processing /home/airflow/.local/lib/python3.12/site-packages/airflow/example_dags/tutorial.py took 0.056 seconds
[2025-11-16T20:48:52.876+0000] {processor.py:186} INFO - Started process (PID=3231) to work on /home/airflow/.local/lib/python3.12/site-packages/airflow/example_dags/tutorial.py
[2025-11-16T20:48:52.877+0000] {processor.py:914} INFO - Processing file /home/airflow/.local/lib/python3.12/site-packages/airflow/example_dags/tutorial.py for tasks to queue
[2025-11-16T20:48:52.879+0000] {logging_mixin.py:190} INFO - [2025-11-16T20:48:52.879+0000] {dagbag.py:588} INFO - Filling up the DagBag from /home/airflow/.local/lib/python3.12/site-packages/airflow/example_dags/tutorial.py
[2025-11-16T20:48:52.885+0000] {processor.py:925} INFO - DAG(s) 'tutorial' retrieved from /home/airflow/.local/lib/python3.12/site-packages/airflow/example_dags/tutorial.py
[2025-11-16T20:48:52.899+0000] {logging_mixin.py:190} INFO - [2025-11-16T20:48:52.899+0000] {dag.py:3239} INFO - Sync 1 DAGs
[2025-11-16T20:48:52.913+0000] {logging_mixin.py:190} INFO - [2025-11-16T20:48:52.913+0000] {dag.py:4180} INFO - Setting next_dagrun for tutorial to 2025-11-15 00:00:00+00:00, run_after=2025-11-16 00:00:00+00:00
[2025-11-16T20:48:52.926+0000] {processor.py:208} INFO - Processing /home/airflow/.local/lib/python3.12/site-packages/airflow/example_dags/tutorial.py took 0.055 seconds
[2025-11-16T20:49:24.116+0000] {processor.py:186} INFO - Started process (PID=3296) to work on /home/airflow/.local/lib/python3.12/site-packages/airflow/example_dags/tutorial.py
[2025-11-16T20:49:24.117+0000] {processor.py:914} INFO - Processing file /home/airflow/.local/lib/python3.12/site-packages/airflow/example_dags/tutorial.py for tasks to queue
[2025-11-16T20:49:24.119+0000] {logging_mixin.py:190} INFO - [2025-11-16T20:49:24.119+0000] {dagbag.py:588} INFO - Filling up the DagBag from /home/airflow/.local/lib/python3.12/site-packages/airflow/example_dags/tutorial.py
[2025-11-16T20:49:24.126+0000] {processor.py:925} INFO - DAG(s) 'tutorial' retrieved from /home/airflow/.local/lib/python3.12/site-packages/airflow/example_dags/tutorial.py
[2025-11-16T20:49:24.142+0000] {logging_mixin.py:190} INFO - [2025-11-16T20:49:24.142+0000] {dag.py:3239} INFO - Sync 1 DAGs
[2025-11-16T20:49:24.160+0000] {logging_mixin.py:190} INFO - [2025-11-16T20:49:24.160+0000] {dag.py:4180} INFO - Setting next_dagrun for tutorial to 2025-11-15 00:00:00+00:00, run_after=2025-11-16 00:00:00+00:00
[2025-11-16T20:49:24.175+0000] {processor.py:208} INFO - Processing /home/airflow/.local/lib/python3.12/site-packages/airflow/example_dags/tutorial.py took 0.063 seconds
[2025-11-16T20:49:54.632+0000] {processor.py:186} INFO - Started process (PID=3361) to work on /home/airflow/.local/lib/python3.12/site-packages/airflow/example_dags/tutorial.py
[2025-11-16T20:49:54.634+0000] {processor.py:914} INFO - Processing file /home/airflow/.local/lib/python3.12/site-packages/airflow/example_dags/tutorial.py for tasks to queue
[2025-11-16T20:49:54.636+0000] {logging_mixin.py:190} INFO - [2025-11-16T20:49:54.635+0000] {dagbag.py:588} INFO - Filling up the DagBag from /home/airflow/.local/lib/python3.12/site-packages/airflow/example_dags/tutorial.py
[2025-11-16T20:49:54.642+0000] {processor.py:925} INFO - DAG(s) 'tutorial' retrieved from /home/airflow/.local/lib/python3.12/site-packages/airflow/example_dags/tutorial.py
[2025-11-16T20:49:54.659+0000] {logging_mixin.py:190} INFO - [2025-11-16T20:49:54.659+0000] {dag.py:3239} INFO - Sync 1 DAGs
[2025-11-16T20:49:54.676+0000] {logging_mixin.py:190} INFO - [2025-11-16T20:49:54.676+0000] {dag.py:4180} INFO - Setting next_dagrun for tutorial to 2025-11-15 00:00:00+00:00, run_after=2025-11-16 00:00:00+00:00
[2025-11-16T20:49:54.691+0000] {processor.py:208} INFO - Processing /home/airflow/.local/lib/python3.12/site-packages/airflow/example_dags/tutorial.py took 0.063 seconds
[2025-11-16T20:50:25.034+0000] {processor.py:186} INFO - Started process (PID=3425) to work on /home/airflow/.local/lib/python3.12/site-packages/airflow/example_dags/tutorial.py
[2025-11-16T20:50:25.035+0000] {processor.py:914} INFO - Processing file /home/airflow/.local/lib/python3.12/site-packages/airflow/example_dags/tutorial.py for tasks to queue
[2025-11-16T20:50:25.037+0000] {logging_mixin.py:190} INFO - [2025-11-16T20:50:25.037+0000] {dagbag.py:588} INFO - Filling up the DagBag from /home/airflow/.local/lib/python3.12/site-packages/airflow/example_dags/tutorial.py
[2025-11-16T20:50:25.045+0000] {processor.py:925} INFO - DAG(s) 'tutorial' retrieved from /home/airflow/.local/lib/python3.12/site-packages/airflow/example_dags/tutorial.py
[2025-11-16T20:50:25.059+0000] {logging_mixin.py:190} INFO - [2025-11-16T20:50:25.059+0000] {dag.py:3239} INFO - Sync 1 DAGs
[2025-11-16T20:50:25.075+0000] {logging_mixin.py:190} INFO - [2025-11-16T20:50:25.075+0000] {dag.py:4180} INFO - Setting next_dagrun for tutorial to 2025-11-15 00:00:00+00:00, run_after=2025-11-16 00:00:00+00:00
[2025-11-16T20:50:25.088+0000] {processor.py:208} INFO - Processing /home/airflow/.local/lib/python3.12/site-packages/airflow/example_dags/tutorial.py took 0.059 seconds
[2025-11-16T20:50:55.299+0000] {processor.py:186} INFO - Started process (PID=3490) to work on /home/airflow/.local/lib/python3.12/site-packages/airflow/example_dags/tutorial.py
[2025-11-16T20:50:55.300+0000] {processor.py:914} INFO - Processing file /home/airflow/.local/lib/python3.12/site-packages/airflow/example_dags/tutorial.py for tasks to queue
[2025-11-16T20:50:55.303+0000] {logging_mixin.py:190} INFO - [2025-11-16T20:50:55.302+0000] {dagbag.py:588} INFO - Filling up the DagBag from /home/airflow/.local/lib/python3.12/site-packages/airflow/example_dags/tutorial.py
[2025-11-16T20:50:55.311+0000] {processor.py:925} INFO - DAG(s) 'tutorial' retrieved from /home/airflow/.local/lib/python3.12/site-packages/airflow/example_dags/tutorial.py
[2025-11-16T20:50:55.328+0000] {logging_mixin.py:190} INFO - [2025-11-16T20:50:55.327+0000] {dag.py:3239} INFO - Sync 1 DAGs
[2025-11-16T20:50:55.344+0000] {logging_mixin.py:190} INFO - [2025-11-16T20:50:55.344+0000] {dag.py:4180} INFO - Setting next_dagrun for tutorial to 2025-11-15 00:00:00+00:00, run_after=2025-11-16 00:00:00+00:00
[2025-11-16T20:50:55.358+0000] {processor.py:208} INFO - Processing /home/airflow/.local/lib/python3.12/site-packages/airflow/example_dags/tutorial.py took 0.065 seconds
[2025-11-16T20:51:25.560+0000] {processor.py:186} INFO - Started process (PID=3554) to work on /home/airflow/.local/lib/python3.12/site-packages/airflow/example_dags/tutorial.py
[2025-11-16T20:51:25.561+0000] {processor.py:914} INFO - Processing file /home/airflow/.local/lib/python3.12/site-packages/airflow/example_dags/tutorial.py for tasks to queue
[2025-11-16T20:51:25.563+0000] {logging_mixin.py:190} INFO - [2025-11-16T20:51:25.563+0000] {dagbag.py:588} INFO - Filling up the DagBag from /home/airflow/.local/lib/python3.12/site-packages/airflow/example_dags/tutorial.py
[2025-11-16T20:51:25.570+0000] {processor.py:925} INFO - DAG(s) 'tutorial' retrieved from /home/airflow/.local/lib/python3.12/site-packages/airflow/example_dags/tutorial.py
[2025-11-16T20:51:25.584+0000] {logging_mixin.py:190} INFO - [2025-11-16T20:51:25.584+0000] {dag.py:3239} INFO - Sync 1 DAGs
[2025-11-16T20:51:25.599+0000] {logging_mixin.py:190} INFO - [2025-11-16T20:51:25.599+0000] {dag.py:4180} INFO - Setting next_dagrun for tutorial to 2025-11-15 00:00:00+00:00, run_after=2025-11-16 00:00:00+00:00
[2025-11-16T20:51:25.611+0000] {processor.py:208} INFO - Processing /home/airflow/.local/lib/python3.12/site-packages/airflow/example_dags/tutorial.py took 0.056 seconds
[2025-11-16T20:51:55.892+0000] {processor.py:186} INFO - Started process (PID=3619) to work on /home/airflow/.local/lib/python3.12/site-packages/airflow/example_dags/tutorial.py
[2025-11-16T20:51:55.894+0000] {processor.py:914} INFO - Processing file /home/airflow/.local/lib/python3.12/site-packages/airflow/example_dags/tutorial.py for tasks to queue
[2025-11-16T20:51:55.897+0000] {logging_mixin.py:190} INFO - [2025-11-16T20:51:55.896+0000] {dagbag.py:588} INFO - Filling up the DagBag from /home/airflow/.local/lib/python3.12/site-packages/airflow/example_dags/tutorial.py
[2025-11-16T20:51:55.903+0000] {processor.py:925} INFO - DAG(s) 'tutorial' retrieved from /home/airflow/.local/lib/python3.12/site-packages/airflow/example_dags/tutorial.py
[2025-11-16T20:51:55.918+0000] {logging_mixin.py:190} INFO - [2025-11-16T20:51:55.918+0000] {dag.py:3239} INFO - Sync 1 DAGs
[2025-11-16T20:51:55.937+0000] {logging_mixin.py:190} INFO - [2025-11-16T20:51:55.936+0000] {dag.py:4180} INFO - Setting next_dagrun for tutorial to 2025-11-15 00:00:00+00:00, run_after=2025-11-16 00:00:00+00:00
[2025-11-16T20:51:55.951+0000] {processor.py:208} INFO - Processing /home/airflow/.local/lib/python3.12/site-packages/airflow/example_dags/tutorial.py took 0.064 seconds
[2025-11-16T20:52:26.216+0000] {processor.py:186} INFO - Started process (PID=3684) to work on /home/airflow/.local/lib/python3.12/site-packages/airflow/example_dags/tutorial.py
[2025-11-16T20:52:26.217+0000] {processor.py:914} INFO - Processing file /home/airflow/.local/lib/python3.12/site-packages/airflow/example_dags/tutorial.py for tasks to queue
[2025-11-16T20:52:26.220+0000] {logging_mixin.py:190} INFO - [2025-11-16T20:52:26.219+0000] {dagbag.py:588} INFO - Filling up the DagBag from /home/airflow/.local/lib/python3.12/site-packages/airflow/example_dags/tutorial.py
[2025-11-16T20:52:26.226+0000] {processor.py:925} INFO - DAG(s) 'tutorial' retrieved from /home/airflow/.local/lib/python3.12/site-packages/airflow/example_dags/tutorial.py
[2025-11-16T20:52:26.242+0000] {logging_mixin.py:190} INFO - [2025-11-16T20:52:26.242+0000] {dag.py:3239} INFO - Sync 1 DAGs
[2025-11-16T20:52:26.259+0000] {logging_mixin.py:190} INFO - [2025-11-16T20:52:26.259+0000] {dag.py:4180} INFO - Setting next_dagrun for tutorial to 2025-11-15 00:00:00+00:00, run_after=2025-11-16 00:00:00+00:00
[2025-11-16T20:52:26.273+0000] {processor.py:208} INFO - Processing /home/airflow/.local/lib/python3.12/site-packages/airflow/example_dags/tutorial.py took 0.061 seconds
[2025-11-16T20:52:57.171+0000] {processor.py:186} INFO - Started process (PID=3749) to work on /home/airflow/.local/lib/python3.12/site-packages/airflow/example_dags/tutorial.py
[2025-11-16T20:52:57.172+0000] {processor.py:914} INFO - Processing file /home/airflow/.local/lib/python3.12/site-packages/airflow/example_dags/tutorial.py for tasks to queue
[2025-11-16T20:52:57.174+0000] {logging_mixin.py:190} INFO - [2025-11-16T20:52:57.174+0000] {dagbag.py:588} INFO - Filling up the DagBag from /home/airflow/.local/lib/python3.12/site-packages/airflow/example_dags/tutorial.py
[2025-11-16T20:52:57.181+0000] {processor.py:925} INFO - DAG(s) 'tutorial' retrieved from /home/airflow/.local/lib/python3.12/site-packages/airflow/example_dags/tutorial.py
[2025-11-16T20:52:57.195+0000] {logging_mixin.py:190} INFO - [2025-11-16T20:52:57.195+0000] {dag.py:3239} INFO - Sync 1 DAGs
[2025-11-16T20:52:57.210+0000] {logging_mixin.py:190} INFO - [2025-11-16T20:52:57.210+0000] {dag.py:4180} INFO - Setting next_dagrun for tutorial to 2025-11-15 00:00:00+00:00, run_after=2025-11-16 00:00:00+00:00
[2025-11-16T20:52:57.224+0000] {processor.py:208} INFO - Processing /home/airflow/.local/lib/python3.12/site-packages/airflow/example_dags/tutorial.py took 0.058 seconds
[2025-11-16T20:53:27.684+0000] {processor.py:186} INFO - Started process (PID=3814) to work on /home/airflow/.local/lib/python3.12/site-packages/airflow/example_dags/tutorial.py
[2025-11-16T20:53:27.685+0000] {processor.py:914} INFO - Processing file /home/airflow/.local/lib/python3.12/site-packages/airflow/example_dags/tutorial.py for tasks to queue
[2025-11-16T20:53:27.687+0000] {logging_mixin.py:190} INFO - [2025-11-16T20:53:27.686+0000] {dagbag.py:588} INFO - Filling up the DagBag from /home/airflow/.local/lib/python3.12/site-packages/airflow/example_dags/tutorial.py
[2025-11-16T20:53:27.693+0000] {processor.py:925} INFO - DAG(s) 'tutorial' retrieved from /home/airflow/.local/lib/python3.12/site-packages/airflow/example_dags/tutorial.py
[2025-11-16T20:53:27.706+0000] {logging_mixin.py:190} INFO - [2025-11-16T20:53:27.706+0000] {dag.py:3239} INFO - Sync 1 DAGs
[2025-11-16T20:53:27.721+0000] {logging_mixin.py:190} INFO - [2025-11-16T20:53:27.721+0000] {dag.py:4180} INFO - Setting next_dagrun for tutorial to 2025-11-15 00:00:00+00:00, run_after=2025-11-16 00:00:00+00:00
[2025-11-16T20:53:27.733+0000] {processor.py:208} INFO - Processing /home/airflow/.local/lib/python3.12/site-packages/airflow/example_dags/tutorial.py took 0.054 seconds
[2025-11-16T20:53:57.891+0000] {processor.py:186} INFO - Started process (PID=3879) to work on /home/airflow/.local/lib/python3.12/site-packages/airflow/example_dags/tutorial.py
[2025-11-16T20:53:57.892+0000] {processor.py:914} INFO - Processing file /home/airflow/.local/lib/python3.12/site-packages/airflow/example_dags/tutorial.py for tasks to queue
[2025-11-16T20:53:57.894+0000] {logging_mixin.py:190} INFO - [2025-11-16T20:53:57.894+0000] {dagbag.py:588} INFO - Filling up the DagBag from /home/airflow/.local/lib/python3.12/site-packages/airflow/example_dags/tutorial.py
[2025-11-16T20:53:57.900+0000] {processor.py:925} INFO - DAG(s) 'tutorial' retrieved from /home/airflow/.local/lib/python3.12/site-packages/airflow/example_dags/tutorial.py
[2025-11-16T20:53:57.914+0000] {logging_mixin.py:190} INFO - [2025-11-16T20:53:57.914+0000] {dag.py:3239} INFO - Sync 1 DAGs
[2025-11-16T20:53:57.929+0000] {logging_mixin.py:190} INFO - [2025-11-16T20:53:57.929+0000] {dag.py:4180} INFO - Setting next_dagrun for tutorial to 2025-11-15 00:00:00+00:00, run_after=2025-11-16 00:00:00+00:00
[2025-11-16T20:53:57.941+0000] {processor.py:208} INFO - Processing /home/airflow/.local/lib/python3.12/site-packages/airflow/example_dags/tutorial.py took 0.054 seconds
[2025-11-16T20:54:28.169+0000] {processor.py:186} INFO - Started process (PID=3944) to work on /home/airflow/.local/lib/python3.12/site-packages/airflow/example_dags/tutorial.py
[2025-11-16T20:54:28.170+0000] {processor.py:914} INFO - Processing file /home/airflow/.local/lib/python3.12/site-packages/airflow/example_dags/tutorial.py for tasks to queue
[2025-11-16T20:54:28.172+0000] {logging_mixin.py:190} INFO - [2025-11-16T20:54:28.172+0000] {dagbag.py:588} INFO - Filling up the DagBag from /home/airflow/.local/lib/python3.12/site-packages/airflow/example_dags/tutorial.py
[2025-11-16T20:54:28.179+0000] {processor.py:925} INFO - DAG(s) 'tutorial' retrieved from /home/airflow/.local/lib/python3.12/site-packages/airflow/example_dags/tutorial.py
[2025-11-16T20:54:28.193+0000] {logging_mixin.py:190} INFO - [2025-11-16T20:54:28.193+0000] {dag.py:3239} INFO - Sync 1 DAGs
[2025-11-16T20:54:28.208+0000] {logging_mixin.py:190} INFO - [2025-11-16T20:54:28.208+0000] {dag.py:4180} INFO - Setting next_dagrun for tutorial to 2025-11-15 00:00:00+00:00, run_after=2025-11-16 00:00:00+00:00
[2025-11-16T20:54:28.222+0000] {processor.py:208} INFO - Processing /home/airflow/.local/lib/python3.12/site-packages/airflow/example_dags/tutorial.py took 0.057 seconds
[2025-11-16T20:54:58.706+0000] {processor.py:186} INFO - Started process (PID=4009) to work on /home/airflow/.local/lib/python3.12/site-packages/airflow/example_dags/tutorial.py
[2025-11-16T20:54:58.707+0000] {processor.py:914} INFO - Processing file /home/airflow/.local/lib/python3.12/site-packages/airflow/example_dags/tutorial.py for tasks to queue
[2025-11-16T20:54:58.709+0000] {logging_mixin.py:190} INFO - [2025-11-16T20:54:58.709+0000] {dagbag.py:588} INFO - Filling up the DagBag from /home/airflow/.local/lib/python3.12/site-packages/airflow/example_dags/tutorial.py
[2025-11-16T20:54:58.717+0000] {processor.py:925} INFO - DAG(s) 'tutorial' retrieved from /home/airflow/.local/lib/python3.12/site-packages/airflow/example_dags/tutorial.py
[2025-11-16T20:54:58.734+0000] {logging_mixin.py:190} INFO - [2025-11-16T20:54:58.733+0000] {dag.py:3239} INFO - Sync 1 DAGs
[2025-11-16T20:54:58.751+0000] {logging_mixin.py:190} INFO - [2025-11-16T20:54:58.751+0000] {dag.py:4180} INFO - Setting next_dagrun for tutorial to 2025-11-15 00:00:00+00:00, run_after=2025-11-16 00:00:00+00:00
[2025-11-16T20:54:58.765+0000] {processor.py:208} INFO - Processing /home/airflow/.local/lib/python3.12/site-packages/airflow/example_dags/tutorial.py took 0.064 seconds
[2025-11-16T20:55:29.414+0000] {processor.py:186} INFO - Started process (PID=4074) to work on /home/airflow/.local/lib/python3.12/site-packages/airflow/example_dags/tutorial.py
[2025-11-16T20:55:29.415+0000] {processor.py:914} INFO - Processing file /home/airflow/.local/lib/python3.12/site-packages/airflow/example_dags/tutorial.py for tasks to queue
[2025-11-16T20:55:29.417+0000] {logging_mixin.py:190} INFO - [2025-11-16T20:55:29.417+0000] {dagbag.py:588} INFO - Filling up the DagBag from /home/airflow/.local/lib/python3.12/site-packages/airflow/example_dags/tutorial.py
[2025-11-16T20:55:29.424+0000] {processor.py:925} INFO - DAG(s) 'tutorial' retrieved from /home/airflow/.local/lib/python3.12/site-packages/airflow/example_dags/tutorial.py
[2025-11-16T20:55:29.437+0000] {logging_mixin.py:190} INFO - [2025-11-16T20:55:29.437+0000] {dag.py:3239} INFO - Sync 1 DAGs
[2025-11-16T20:55:29.454+0000] {logging_mixin.py:190} INFO - [2025-11-16T20:55:29.453+0000] {dag.py:4180} INFO - Setting next_dagrun for tutorial to 2025-11-15 00:00:00+00:00, run_after=2025-11-16 00:00:00+00:00
[2025-11-16T20:55:29.466+0000] {processor.py:208} INFO - Processing /home/airflow/.local/lib/python3.12/site-packages/airflow/example_dags/tutorial.py took 0.058 seconds
[2025-11-16T20:55:59.562+0000] {processor.py:186} INFO - Started process (PID=4139) to work on /home/airflow/.local/lib/python3.12/site-packages/airflow/example_dags/tutorial.py
[2025-11-16T20:55:59.563+0000] {processor.py:914} INFO - Processing file /home/airflow/.local/lib/python3.12/site-packages/airflow/example_dags/tutorial.py for tasks to queue
[2025-11-16T20:55:59.565+0000] {logging_mixin.py:190} INFO - [2025-11-16T20:55:59.564+0000] {dagbag.py:588} INFO - Filling up the DagBag from /home/airflow/.local/lib/python3.12/site-packages/airflow/example_dags/tutorial.py
[2025-11-16T20:55:59.571+0000] {processor.py:925} INFO - DAG(s) 'tutorial' retrieved from /home/airflow/.local/lib/python3.12/site-packages/airflow/example_dags/tutorial.py
[2025-11-16T20:55:59.586+0000] {logging_mixin.py:190} INFO - [2025-11-16T20:55:59.586+0000] {dag.py:3239} INFO - Sync 1 DAGs
[2025-11-16T20:55:59.601+0000] {logging_mixin.py:190} INFO - [2025-11-16T20:55:59.601+0000] {dag.py:4180} INFO - Setting next_dagrun for tutorial to 2025-11-15 00:00:00+00:00, run_after=2025-11-16 00:00:00+00:00
[2025-11-16T20:55:59.750+0000] {processor.py:208} INFO - Processing /home/airflow/.local/lib/python3.12/site-packages/airflow/example_dags/tutorial.py took 0.194 seconds
[2025-11-16T20:56:30.114+0000] {processor.py:186} INFO - Started process (PID=4204) to work on /home/airflow/.local/lib/python3.12/site-packages/airflow/example_dags/tutorial.py
[2025-11-16T20:56:30.115+0000] {processor.py:914} INFO - Processing file /home/airflow/.local/lib/python3.12/site-packages/airflow/example_dags/tutorial.py for tasks to queue
[2025-11-16T20:56:30.117+0000] {logging_mixin.py:190} INFO - [2025-11-16T20:56:30.117+0000] {dagbag.py:588} INFO - Filling up the DagBag from /home/airflow/.local/lib/python3.12/site-packages/airflow/example_dags/tutorial.py
[2025-11-16T20:56:30.124+0000] {processor.py:925} INFO - DAG(s) 'tutorial' retrieved from /home/airflow/.local/lib/python3.12/site-packages/airflow/example_dags/tutorial.py
[2025-11-16T20:56:30.139+0000] {logging_mixin.py:190} INFO - [2025-11-16T20:56:30.139+0000] {dag.py:3239} INFO - Sync 1 DAGs
[2025-11-16T20:56:30.156+0000] {logging_mixin.py:190} INFO - [2025-11-16T20:56:30.156+0000] {dag.py:4180} INFO - Setting next_dagrun for tutorial to 2025-11-15 00:00:00+00:00, run_after=2025-11-16 00:00:00+00:00
[2025-11-16T20:56:30.176+0000] {processor.py:208} INFO - Processing /home/airflow/.local/lib/python3.12/site-packages/airflow/example_dags/tutorial.py took 0.066 seconds
[2025-11-16T20:57:35.958+0000] {processor.py:186} INFO - Started process (PID=71) to work on /home/airflow/.local/lib/python3.12/site-packages/airflow/example_dags/tutorial.py
[2025-11-16T20:57:35.959+0000] {processor.py:914} INFO - Processing file /home/airflow/.local/lib/python3.12/site-packages/airflow/example_dags/tutorial.py for tasks to queue
[2025-11-16T20:57:35.960+0000] {logging_mixin.py:190} INFO - [2025-11-16T20:57:35.960+0000] {dagbag.py:588} INFO - Filling up the DagBag from /home/airflow/.local/lib/python3.12/site-packages/airflow/example_dags/tutorial.py
[2025-11-16T20:57:35.966+0000] {processor.py:925} INFO - DAG(s) 'tutorial' retrieved from /home/airflow/.local/lib/python3.12/site-packages/airflow/example_dags/tutorial.py
[2025-11-16T20:57:35.983+0000] {logging_mixin.py:190} INFO - [2025-11-16T20:57:35.983+0000] {dag.py:3239} INFO - Sync 1 DAGs
[2025-11-16T20:57:35.997+0000] {logging_mixin.py:190} INFO - [2025-11-16T20:57:35.997+0000] {dag.py:4180} INFO - Setting next_dagrun for tutorial to 2025-11-15 00:00:00+00:00, run_after=2025-11-16 00:00:00+00:00
[2025-11-16T20:57:36.009+0000] {processor.py:208} INFO - Processing /home/airflow/.local/lib/python3.12/site-packages/airflow/example_dags/tutorial.py took 0.056 seconds
[2025-11-16T20:58:07.501+0000] {processor.py:186} INFO - Started process (PID=166) to work on /home/airflow/.local/lib/python3.12/site-packages/airflow/example_dags/tutorial.py
[2025-11-16T20:58:07.503+0000] {processor.py:914} INFO - Processing file /home/airflow/.local/lib/python3.12/site-packages/airflow/example_dags/tutorial.py for tasks to queue
[2025-11-16T20:58:07.507+0000] {logging_mixin.py:190} INFO - [2025-11-16T20:58:07.506+0000] {dagbag.py:588} INFO - Filling up the DagBag from /home/airflow/.local/lib/python3.12/site-packages/airflow/example_dags/tutorial.py
[2025-11-16T20:58:07.520+0000] {processor.py:925} INFO - DAG(s) 'tutorial' retrieved from /home/airflow/.local/lib/python3.12/site-packages/airflow/example_dags/tutorial.py
[2025-11-16T20:58:07.548+0000] {logging_mixin.py:190} INFO - [2025-11-16T20:58:07.548+0000] {dag.py:3239} INFO - Sync 1 DAGs
[2025-11-16T20:58:07.577+0000] {logging_mixin.py:190} INFO - [2025-11-16T20:58:07.576+0000] {dag.py:4180} INFO - Setting next_dagrun for tutorial to 2025-11-15 00:00:00+00:00, run_after=2025-11-16 00:00:00+00:00
[2025-11-16T20:58:07.596+0000] {processor.py:208} INFO - Processing /home/airflow/.local/lib/python3.12/site-packages/airflow/example_dags/tutorial.py took 0.106 seconds
[2025-11-16T20:58:38.312+0000] {processor.py:186} INFO - Started process (PID=231) to work on /home/airflow/.local/lib/python3.12/site-packages/airflow/example_dags/tutorial.py
[2025-11-16T20:58:38.313+0000] {processor.py:914} INFO - Processing file /home/airflow/.local/lib/python3.12/site-packages/airflow/example_dags/tutorial.py for tasks to queue
[2025-11-16T20:58:38.314+0000] {logging_mixin.py:190} INFO - [2025-11-16T20:58:38.314+0000] {dagbag.py:588} INFO - Filling up the DagBag from /home/airflow/.local/lib/python3.12/site-packages/airflow/example_dags/tutorial.py
[2025-11-16T20:58:38.320+0000] {processor.py:925} INFO - DAG(s) 'tutorial' retrieved from /home/airflow/.local/lib/python3.12/site-packages/airflow/example_dags/tutorial.py
[2025-11-16T20:58:38.336+0000] {logging_mixin.py:190} INFO - [2025-11-16T20:58:38.336+0000] {dag.py:3239} INFO - Sync 1 DAGs
[2025-11-16T20:58:38.352+0000] {logging_mixin.py:190} INFO - [2025-11-16T20:58:38.352+0000] {dag.py:4180} INFO - Setting next_dagrun for tutorial to 2025-11-15 00:00:00+00:00, run_after=2025-11-16 00:00:00+00:00
[2025-11-16T20:58:38.365+0000] {processor.py:208} INFO - Processing /home/airflow/.local/lib/python3.12/site-packages/airflow/example_dags/tutorial.py took 0.058 seconds
[2025-11-16T20:59:09.827+0000] {processor.py:186} INFO - Started process (PID=296) to work on /home/airflow/.local/lib/python3.12/site-packages/airflow/example_dags/tutorial.py
[2025-11-16T20:59:09.828+0000] {processor.py:914} INFO - Processing file /home/airflow/.local/lib/python3.12/site-packages/airflow/example_dags/tutorial.py for tasks to queue
[2025-11-16T20:59:09.831+0000] {logging_mixin.py:190} INFO - [2025-11-16T20:59:09.831+0000] {dagbag.py:588} INFO - Filling up the DagBag from /home/airflow/.local/lib/python3.12/site-packages/airflow/example_dags/tutorial.py
[2025-11-16T20:59:09.839+0000] {processor.py:925} INFO - DAG(s) 'tutorial' retrieved from /home/airflow/.local/lib/python3.12/site-packages/airflow/example_dags/tutorial.py
[2025-11-16T20:59:09.862+0000] {logging_mixin.py:190} INFO - [2025-11-16T20:59:09.862+0000] {dag.py:3239} INFO - Sync 1 DAGs
[2025-11-16T20:59:09.896+0000] {logging_mixin.py:190} INFO - [2025-11-16T20:59:09.895+0000] {dag.py:4180} INFO - Setting next_dagrun for tutorial to 2025-11-15 00:00:00+00:00, run_after=2025-11-16 00:00:00+00:00
[2025-11-16T20:59:09.918+0000] {processor.py:208} INFO - Processing /home/airflow/.local/lib/python3.12/site-packages/airflow/example_dags/tutorial.py took 0.095 seconds
[2025-11-16T20:59:40.872+0000] {processor.py:186} INFO - Started process (PID=361) to work on /home/airflow/.local/lib/python3.12/site-packages/airflow/example_dags/tutorial.py
[2025-11-16T20:59:40.873+0000] {processor.py:914} INFO - Processing file /home/airflow/.local/lib/python3.12/site-packages/airflow/example_dags/tutorial.py for tasks to queue
[2025-11-16T20:59:40.875+0000] {logging_mixin.py:190} INFO - [2025-11-16T20:59:40.874+0000] {dagbag.py:588} INFO - Filling up the DagBag from /home/airflow/.local/lib/python3.12/site-packages/airflow/example_dags/tutorial.py
[2025-11-16T20:59:40.881+0000] {processor.py:925} INFO - DAG(s) 'tutorial' retrieved from /home/airflow/.local/lib/python3.12/site-packages/airflow/example_dags/tutorial.py
[2025-11-16T20:59:40.895+0000] {logging_mixin.py:190} INFO - [2025-11-16T20:59:40.895+0000] {dag.py:3239} INFO - Sync 1 DAGs
[2025-11-16T20:59:40.911+0000] {logging_mixin.py:190} INFO - [2025-11-16T20:59:40.911+0000] {dag.py:4180} INFO - Setting next_dagrun for tutorial to 2025-11-15 00:00:00+00:00, run_after=2025-11-16 00:00:00+00:00
[2025-11-16T20:59:40.925+0000] {processor.py:208} INFO - Processing /home/airflow/.local/lib/python3.12/site-packages/airflow/example_dags/tutorial.py took 0.057 seconds
[2025-11-16T21:00:11.816+0000] {processor.py:186} INFO - Started process (PID=426) to work on /home/airflow/.local/lib/python3.12/site-packages/airflow/example_dags/tutorial.py
[2025-11-16T21:00:11.818+0000] {processor.py:914} INFO - Processing file /home/airflow/.local/lib/python3.12/site-packages/airflow/example_dags/tutorial.py for tasks to queue
[2025-11-16T21:00:11.820+0000] {logging_mixin.py:190} INFO - [2025-11-16T21:00:11.820+0000] {dagbag.py:588} INFO - Filling up the DagBag from /home/airflow/.local/lib/python3.12/site-packages/airflow/example_dags/tutorial.py
[2025-11-16T21:00:11.826+0000] {processor.py:925} INFO - DAG(s) 'tutorial' retrieved from /home/airflow/.local/lib/python3.12/site-packages/airflow/example_dags/tutorial.py
[2025-11-16T21:00:11.842+0000] {logging_mixin.py:190} INFO - [2025-11-16T21:00:11.841+0000] {dag.py:3239} INFO - Sync 1 DAGs
[2025-11-16T21:00:11.858+0000] {logging_mixin.py:190} INFO - [2025-11-16T21:00:11.858+0000] {dag.py:4180} INFO - Setting next_dagrun for tutorial to 2025-11-15 00:00:00+00:00, run_after=2025-11-16 00:00:00+00:00
[2025-11-16T21:00:11.870+0000] {processor.py:208} INFO - Processing /home/airflow/.local/lib/python3.12/site-packages/airflow/example_dags/tutorial.py took 0.058 seconds
[2025-11-16T21:00:42.420+0000] {processor.py:186} INFO - Started process (PID=491) to work on /home/airflow/.local/lib/python3.12/site-packages/airflow/example_dags/tutorial.py
[2025-11-16T21:00:42.421+0000] {processor.py:914} INFO - Processing file /home/airflow/.local/lib/python3.12/site-packages/airflow/example_dags/tutorial.py for tasks to queue
[2025-11-16T21:00:42.423+0000] {logging_mixin.py:190} INFO - [2025-11-16T21:00:42.422+0000] {dagbag.py:588} INFO - Filling up the DagBag from /home/airflow/.local/lib/python3.12/site-packages/airflow/example_dags/tutorial.py
[2025-11-16T21:00:42.429+0000] {processor.py:925} INFO - DAG(s) 'tutorial' retrieved from /home/airflow/.local/lib/python3.12/site-packages/airflow/example_dags/tutorial.py
[2025-11-16T21:00:42.447+0000] {logging_mixin.py:190} INFO - [2025-11-16T21:00:42.447+0000] {dag.py:3239} INFO - Sync 1 DAGs
[2025-11-16T21:00:42.464+0000] {logging_mixin.py:190} INFO - [2025-11-16T21:00:42.463+0000] {dag.py:4180} INFO - Setting next_dagrun for tutorial to 2025-11-15 00:00:00+00:00, run_after=2025-11-16 00:00:00+00:00
[2025-11-16T21:00:42.476+0000] {processor.py:208} INFO - Processing /home/airflow/.local/lib/python3.12/site-packages/airflow/example_dags/tutorial.py took 0.061 seconds
[2025-11-16T21:01:13.765+0000] {processor.py:186} INFO - Started process (PID=556) to work on /home/airflow/.local/lib/python3.12/site-packages/airflow/example_dags/tutorial.py
[2025-11-16T21:01:13.767+0000] {processor.py:914} INFO - Processing file /home/airflow/.local/lib/python3.12/site-packages/airflow/example_dags/tutorial.py for tasks to queue
[2025-11-16T21:01:13.769+0000] {logging_mixin.py:190} INFO - [2025-11-16T21:01:13.768+0000] {dagbag.py:588} INFO - Filling up the DagBag from /home/airflow/.local/lib/python3.12/site-packages/airflow/example_dags/tutorial.py
[2025-11-16T21:01:13.775+0000] {processor.py:925} INFO - DAG(s) 'tutorial' retrieved from /home/airflow/.local/lib/python3.12/site-packages/airflow/example_dags/tutorial.py
[2025-11-16T21:01:13.792+0000] {logging_mixin.py:190} INFO - [2025-11-16T21:01:13.792+0000] {dag.py:3239} INFO - Sync 1 DAGs
[2025-11-16T21:01:13.808+0000] {logging_mixin.py:190} INFO - [2025-11-16T21:01:13.807+0000] {dag.py:4180} INFO - Setting next_dagrun for tutorial to 2025-11-15 00:00:00+00:00, run_after=2025-11-16 00:00:00+00:00
[2025-11-16T21:01:13.821+0000] {processor.py:208} INFO - Processing /home/airflow/.local/lib/python3.12/site-packages/airflow/example_dags/tutorial.py took 0.061 seconds
[2025-11-16T21:01:45.221+0000] {processor.py:186} INFO - Started process (PID=621) to work on /home/airflow/.local/lib/python3.12/site-packages/airflow/example_dags/tutorial.py
[2025-11-16T21:01:45.222+0000] {processor.py:914} INFO - Processing file /home/airflow/.local/lib/python3.12/site-packages/airflow/example_dags/tutorial.py for tasks to queue
[2025-11-16T21:01:45.224+0000] {logging_mixin.py:190} INFO - [2025-11-16T21:01:45.224+0000] {dagbag.py:588} INFO - Filling up the DagBag from /home/airflow/.local/lib/python3.12/site-packages/airflow/example_dags/tutorial.py
[2025-11-16T21:01:45.230+0000] {processor.py:925} INFO - DAG(s) 'tutorial' retrieved from /home/airflow/.local/lib/python3.12/site-packages/airflow/example_dags/tutorial.py
[2025-11-16T21:01:45.244+0000] {logging_mixin.py:190} INFO - [2025-11-16T21:01:45.244+0000] {dag.py:3239} INFO - Sync 1 DAGs
[2025-11-16T21:01:45.259+0000] {logging_mixin.py:190} INFO - [2025-11-16T21:01:45.259+0000] {dag.py:4180} INFO - Setting next_dagrun for tutorial to 2025-11-15 00:00:00+00:00, run_after=2025-11-16 00:00:00+00:00
[2025-11-16T21:01:45.273+0000] {processor.py:208} INFO - Processing /home/airflow/.local/lib/python3.12/site-packages/airflow/example_dags/tutorial.py took 0.056 seconds
[2025-11-16T21:02:16.643+0000] {processor.py:186} INFO - Started process (PID=686) to work on /home/airflow/.local/lib/python3.12/site-packages/airflow/example_dags/tutorial.py
[2025-11-16T21:02:16.644+0000] {processor.py:914} INFO - Processing file /home/airflow/.local/lib/python3.12/site-packages/airflow/example_dags/tutorial.py for tasks to queue
[2025-11-16T21:02:16.645+0000] {logging_mixin.py:190} INFO - [2025-11-16T21:02:16.645+0000] {dagbag.py:588} INFO - Filling up the DagBag from /home/airflow/.local/lib/python3.12/site-packages/airflow/example_dags/tutorial.py
[2025-11-16T21:02:16.651+0000] {processor.py:925} INFO - DAG(s) 'tutorial' retrieved from /home/airflow/.local/lib/python3.12/site-packages/airflow/example_dags/tutorial.py
[2025-11-16T21:02:16.665+0000] {logging_mixin.py:190} INFO - [2025-11-16T21:02:16.665+0000] {dag.py:3239} INFO - Sync 1 DAGs
[2025-11-16T21:02:16.681+0000] {logging_mixin.py:190} INFO - [2025-11-16T21:02:16.681+0000] {dag.py:4180} INFO - Setting next_dagrun for tutorial to 2025-11-15 00:00:00+00:00, run_after=2025-11-16 00:00:00+00:00
[2025-11-16T21:02:16.694+0000] {processor.py:208} INFO - Processing /home/airflow/.local/lib/python3.12/site-packages/airflow/example_dags/tutorial.py took 0.055 seconds
[2025-11-16T21:02:48.117+0000] {processor.py:186} INFO - Started process (PID=751) to work on /home/airflow/.local/lib/python3.12/site-packages/airflow/example_dags/tutorial.py
[2025-11-16T21:02:48.118+0000] {processor.py:914} INFO - Processing file /home/airflow/.local/lib/python3.12/site-packages/airflow/example_dags/tutorial.py for tasks to queue
[2025-11-16T21:02:48.120+0000] {logging_mixin.py:190} INFO - [2025-11-16T21:02:48.120+0000] {dagbag.py:588} INFO - Filling up the DagBag from /home/airflow/.local/lib/python3.12/site-packages/airflow/example_dags/tutorial.py
[2025-11-16T21:02:48.127+0000] {processor.py:925} INFO - DAG(s) 'tutorial' retrieved from /home/airflow/.local/lib/python3.12/site-packages/airflow/example_dags/tutorial.py
[2025-11-16T21:02:48.143+0000] {logging_mixin.py:190} INFO - [2025-11-16T21:02:48.143+0000] {dag.py:3239} INFO - Sync 1 DAGs
[2025-11-16T21:02:48.159+0000] {logging_mixin.py:190} INFO - [2025-11-16T21:02:48.159+0000] {dag.py:4180} INFO - Setting next_dagrun for tutorial to 2025-11-15 00:00:00+00:00, run_after=2025-11-16 00:00:00+00:00
[2025-11-16T21:02:48.174+0000] {processor.py:208} INFO - Processing /home/airflow/.local/lib/python3.12/site-packages/airflow/example_dags/tutorial.py took 0.061 seconds
[2025-11-16T21:03:18.644+0000] {processor.py:186} INFO - Started process (PID=816) to work on /home/airflow/.local/lib/python3.12/site-packages/airflow/example_dags/tutorial.py
[2025-11-16T21:03:18.645+0000] {processor.py:914} INFO - Processing file /home/airflow/.local/lib/python3.12/site-packages/airflow/example_dags/tutorial.py for tasks to queue
[2025-11-16T21:03:18.648+0000] {logging_mixin.py:190} INFO - [2025-11-16T21:03:18.647+0000] {dagbag.py:588} INFO - Filling up the DagBag from /home/airflow/.local/lib/python3.12/site-packages/airflow/example_dags/tutorial.py
[2025-11-16T21:03:18.654+0000] {processor.py:925} INFO - DAG(s) 'tutorial' retrieved from /home/airflow/.local/lib/python3.12/site-packages/airflow/example_dags/tutorial.py
[2025-11-16T21:03:18.668+0000] {logging_mixin.py:190} INFO - [2025-11-16T21:03:18.668+0000] {dag.py:3239} INFO - Sync 1 DAGs
[2025-11-16T21:03:18.685+0000] {logging_mixin.py:190} INFO - [2025-11-16T21:03:18.684+0000] {dag.py:4180} INFO - Setting next_dagrun for tutorial to 2025-11-15 00:00:00+00:00, run_after=2025-11-16 00:00:00+00:00
[2025-11-16T21:03:18.698+0000] {processor.py:208} INFO - Processing /home/airflow/.local/lib/python3.12/site-packages/airflow/example_dags/tutorial.py took 0.058 seconds
[2025-11-16T21:03:49.358+0000] {processor.py:186} INFO - Started process (PID=881) to work on /home/airflow/.local/lib/python3.12/site-packages/airflow/example_dags/tutorial.py
[2025-11-16T21:03:49.359+0000] {processor.py:914} INFO - Processing file /home/airflow/.local/lib/python3.12/site-packages/airflow/example_dags/tutorial.py for tasks to queue
[2025-11-16T21:03:49.361+0000] {logging_mixin.py:190} INFO - [2025-11-16T21:03:49.361+0000] {dagbag.py:588} INFO - Filling up the DagBag from /home/airflow/.local/lib/python3.12/site-packages/airflow/example_dags/tutorial.py
[2025-11-16T21:03:49.368+0000] {processor.py:925} INFO - DAG(s) 'tutorial' retrieved from /home/airflow/.local/lib/python3.12/site-packages/airflow/example_dags/tutorial.py
[2025-11-16T21:03:49.383+0000] {logging_mixin.py:190} INFO - [2025-11-16T21:03:49.383+0000] {dag.py:3239} INFO - Sync 1 DAGs
[2025-11-16T21:03:49.399+0000] {logging_mixin.py:190} INFO - [2025-11-16T21:03:49.398+0000] {dag.py:4180} INFO - Setting next_dagrun for tutorial to 2025-11-15 00:00:00+00:00, run_after=2025-11-16 00:00:00+00:00
[2025-11-16T21:03:49.411+0000] {processor.py:208} INFO - Processing /home/airflow/.local/lib/python3.12/site-packages/airflow/example_dags/tutorial.py took 0.058 seconds
[2025-11-16T21:04:20.624+0000] {processor.py:186} INFO - Started process (PID=946) to work on /home/airflow/.local/lib/python3.12/site-packages/airflow/example_dags/tutorial.py
[2025-11-16T21:04:20.625+0000] {processor.py:914} INFO - Processing file /home/airflow/.local/lib/python3.12/site-packages/airflow/example_dags/tutorial.py for tasks to queue
[2025-11-16T21:04:20.627+0000] {logging_mixin.py:190} INFO - [2025-11-16T21:04:20.626+0000] {dagbag.py:588} INFO - Filling up the DagBag from /home/airflow/.local/lib/python3.12/site-packages/airflow/example_dags/tutorial.py
[2025-11-16T21:04:20.633+0000] {processor.py:925} INFO - DAG(s) 'tutorial' retrieved from /home/airflow/.local/lib/python3.12/site-packages/airflow/example_dags/tutorial.py
[2025-11-16T21:04:20.649+0000] {logging_mixin.py:190} INFO - [2025-11-16T21:04:20.649+0000] {dag.py:3239} INFO - Sync 1 DAGs
[2025-11-16T21:04:20.666+0000] {logging_mixin.py:190} INFO - [2025-11-16T21:04:20.665+0000] {dag.py:4180} INFO - Setting next_dagrun for tutorial to 2025-11-15 00:00:00+00:00, run_after=2025-11-16 00:00:00+00:00
[2025-11-16T21:04:20.679+0000] {processor.py:208} INFO - Processing /home/airflow/.local/lib/python3.12/site-packages/airflow/example_dags/tutorial.py took 0.059 seconds
[2025-11-16T21:04:52.486+0000] {processor.py:186} INFO - Started process (PID=1011) to work on /home/airflow/.local/lib/python3.12/site-packages/airflow/example_dags/tutorial.py
[2025-11-16T21:04:52.487+0000] {processor.py:914} INFO - Processing file /home/airflow/.local/lib/python3.12/site-packages/airflow/example_dags/tutorial.py for tasks to queue
[2025-11-16T21:04:52.489+0000] {logging_mixin.py:190} INFO - [2025-11-16T21:04:52.489+0000] {dagbag.py:588} INFO - Filling up the DagBag from /home/airflow/.local/lib/python3.12/site-packages/airflow/example_dags/tutorial.py
[2025-11-16T21:04:52.497+0000] {processor.py:925} INFO - DAG(s) 'tutorial' retrieved from /home/airflow/.local/lib/python3.12/site-packages/airflow/example_dags/tutorial.py
[2025-11-16T21:04:52.514+0000] {logging_mixin.py:190} INFO - [2025-11-16T21:04:52.514+0000] {dag.py:3239} INFO - Sync 1 DAGs
[2025-11-16T21:04:52.532+0000] {logging_mixin.py:190} INFO - [2025-11-16T21:04:52.532+0000] {dag.py:4180} INFO - Setting next_dagrun for tutorial to 2025-11-15 00:00:00+00:00, run_after=2025-11-16 00:00:00+00:00
[2025-11-16T21:04:52.548+0000] {processor.py:208} INFO - Processing /home/airflow/.local/lib/python3.12/site-packages/airflow/example_dags/tutorial.py took 0.067 seconds
[2025-11-16T21:05:23.573+0000] {processor.py:186} INFO - Started process (PID=1076) to work on /home/airflow/.local/lib/python3.12/site-packages/airflow/example_dags/tutorial.py
[2025-11-16T21:05:23.574+0000] {processor.py:914} INFO - Processing file /home/airflow/.local/lib/python3.12/site-packages/airflow/example_dags/tutorial.py for tasks to queue
[2025-11-16T21:05:23.576+0000] {logging_mixin.py:190} INFO - [2025-11-16T21:05:23.576+0000] {dagbag.py:588} INFO - Filling up the DagBag from /home/airflow/.local/lib/python3.12/site-packages/airflow/example_dags/tutorial.py
[2025-11-16T21:05:23.584+0000] {processor.py:925} INFO - DAG(s) 'tutorial' retrieved from /home/airflow/.local/lib/python3.12/site-packages/airflow/example_dags/tutorial.py
[2025-11-16T21:05:23.601+0000] {logging_mixin.py:190} INFO - [2025-11-16T21:05:23.601+0000] {dag.py:3239} INFO - Sync 1 DAGs
[2025-11-16T21:05:23.621+0000] {logging_mixin.py:190} INFO - [2025-11-16T21:05:23.620+0000] {dag.py:4180} INFO - Setting next_dagrun for tutorial to 2025-11-15 00:00:00+00:00, run_after=2025-11-16 00:00:00+00:00
[2025-11-16T21:05:23.636+0000] {processor.py:208} INFO - Processing /home/airflow/.local/lib/python3.12/site-packages/airflow/example_dags/tutorial.py took 0.068 seconds
[2025-11-16T21:05:55.234+0000] {processor.py:186} INFO - Started process (PID=1141) to work on /home/airflow/.local/lib/python3.12/site-packages/airflow/example_dags/tutorial.py
[2025-11-16T21:05:55.235+0000] {processor.py:914} INFO - Processing file /home/airflow/.local/lib/python3.12/site-packages/airflow/example_dags/tutorial.py for tasks to queue
[2025-11-16T21:05:55.237+0000] {logging_mixin.py:190} INFO - [2025-11-16T21:05:55.237+0000] {dagbag.py:588} INFO - Filling up the DagBag from /home/airflow/.local/lib/python3.12/site-packages/airflow/example_dags/tutorial.py
[2025-11-16T21:05:55.244+0000] {processor.py:925} INFO - DAG(s) 'tutorial' retrieved from /home/airflow/.local/lib/python3.12/site-packages/airflow/example_dags/tutorial.py
[2025-11-16T21:05:55.260+0000] {logging_mixin.py:190} INFO - [2025-11-16T21:05:55.260+0000] {dag.py:3239} INFO - Sync 1 DAGs
[2025-11-16T21:05:55.278+0000] {logging_mixin.py:190} INFO - [2025-11-16T21:05:55.278+0000] {dag.py:4180} INFO - Setting next_dagrun for tutorial to 2025-11-15 00:00:00+00:00, run_after=2025-11-16 00:00:00+00:00
[2025-11-16T21:05:55.290+0000] {processor.py:208} INFO - Processing /home/airflow/.local/lib/python3.12/site-packages/airflow/example_dags/tutorial.py took 0.060 seconds
[2025-11-16T21:06:26.826+0000] {processor.py:186} INFO - Started process (PID=1206) to work on /home/airflow/.local/lib/python3.12/site-packages/airflow/example_dags/tutorial.py
[2025-11-16T21:06:26.827+0000] {processor.py:914} INFO - Processing file /home/airflow/.local/lib/python3.12/site-packages/airflow/example_dags/tutorial.py for tasks to queue
[2025-11-16T21:06:26.829+0000] {logging_mixin.py:190} INFO - [2025-11-16T21:06:26.829+0000] {dagbag.py:588} INFO - Filling up the DagBag from /home/airflow/.local/lib/python3.12/site-packages/airflow/example_dags/tutorial.py
[2025-11-16T21:06:26.836+0000] {processor.py:925} INFO - DAG(s) 'tutorial' retrieved from /home/airflow/.local/lib/python3.12/site-packages/airflow/example_dags/tutorial.py
[2025-11-16T21:06:26.851+0000] {logging_mixin.py:190} INFO - [2025-11-16T21:06:26.851+0000] {dag.py:3239} INFO - Sync 1 DAGs
[2025-11-16T21:06:26.868+0000] {logging_mixin.py:190} INFO - [2025-11-16T21:06:26.868+0000] {dag.py:4180} INFO - Setting next_dagrun for tutorial to 2025-11-15 00:00:00+00:00, run_after=2025-11-16 00:00:00+00:00
[2025-11-16T21:06:26.880+0000] {processor.py:208} INFO - Processing /home/airflow/.local/lib/python3.12/site-packages/airflow/example_dags/tutorial.py took 0.059 seconds
[2025-11-16T21:06:58.265+0000] {processor.py:186} INFO - Started process (PID=1275) to work on /home/airflow/.local/lib/python3.12/site-packages/airflow/example_dags/tutorial.py
[2025-11-16T21:06:58.266+0000] {processor.py:914} INFO - Processing file /home/airflow/.local/lib/python3.12/site-packages/airflow/example_dags/tutorial.py for tasks to queue
[2025-11-16T21:06:58.268+0000] {logging_mixin.py:190} INFO - [2025-11-16T21:06:58.268+0000] {dagbag.py:588} INFO - Filling up the DagBag from /home/airflow/.local/lib/python3.12/site-packages/airflow/example_dags/tutorial.py
[2025-11-16T21:06:58.275+0000] {processor.py:925} INFO - DAG(s) 'tutorial' retrieved from /home/airflow/.local/lib/python3.12/site-packages/airflow/example_dags/tutorial.py
[2025-11-16T21:06:58.290+0000] {logging_mixin.py:190} INFO - [2025-11-16T21:06:58.290+0000] {dag.py:3239} INFO - Sync 1 DAGs
[2025-11-16T21:06:58.306+0000] {logging_mixin.py:190} INFO - [2025-11-16T21:06:58.306+0000] {dag.py:4180} INFO - Setting next_dagrun for tutorial to 2025-11-15 00:00:00+00:00, run_after=2025-11-16 00:00:00+00:00
[2025-11-16T21:06:58.319+0000] {processor.py:208} INFO - Processing /home/airflow/.local/lib/python3.12/site-packages/airflow/example_dags/tutorial.py took 0.058 seconds
[2025-11-16T21:07:29.557+0000] {processor.py:186} INFO - Started process (PID=1340) to work on /home/airflow/.local/lib/python3.12/site-packages/airflow/example_dags/tutorial.py
[2025-11-16T21:07:29.558+0000] {processor.py:914} INFO - Processing file /home/airflow/.local/lib/python3.12/site-packages/airflow/example_dags/tutorial.py for tasks to queue
[2025-11-16T21:07:29.560+0000] {logging_mixin.py:190} INFO - [2025-11-16T21:07:29.559+0000] {dagbag.py:588} INFO - Filling up the DagBag from /home/airflow/.local/lib/python3.12/site-packages/airflow/example_dags/tutorial.py
[2025-11-16T21:07:29.566+0000] {processor.py:925} INFO - DAG(s) 'tutorial' retrieved from /home/airflow/.local/lib/python3.12/site-packages/airflow/example_dags/tutorial.py
[2025-11-16T21:07:29.580+0000] {logging_mixin.py:190} INFO - [2025-11-16T21:07:29.580+0000] {dag.py:3239} INFO - Sync 1 DAGs
[2025-11-16T21:07:29.596+0000] {logging_mixin.py:190} INFO - [2025-11-16T21:07:29.596+0000] {dag.py:4180} INFO - Setting next_dagrun for tutorial to 2025-11-15 00:00:00+00:00, run_after=2025-11-16 00:00:00+00:00
[2025-11-16T21:07:29.620+0000] {processor.py:208} INFO - Processing /home/airflow/.local/lib/python3.12/site-packages/airflow/example_dags/tutorial.py took 0.068 seconds
[2025-11-16T21:08:00.650+0000] {processor.py:186} INFO - Started process (PID=1405) to work on /home/airflow/.local/lib/python3.12/site-packages/airflow/example_dags/tutorial.py
[2025-11-16T21:08:00.651+0000] {processor.py:914} INFO - Processing file /home/airflow/.local/lib/python3.12/site-packages/airflow/example_dags/tutorial.py for tasks to queue
[2025-11-16T21:08:00.653+0000] {logging_mixin.py:190} INFO - [2025-11-16T21:08:00.653+0000] {dagbag.py:588} INFO - Filling up the DagBag from /home/airflow/.local/lib/python3.12/site-packages/airflow/example_dags/tutorial.py
[2025-11-16T21:08:00.659+0000] {processor.py:925} INFO - DAG(s) 'tutorial' retrieved from /home/airflow/.local/lib/python3.12/site-packages/airflow/example_dags/tutorial.py
[2025-11-16T21:08:00.676+0000] {logging_mixin.py:190} INFO - [2025-11-16T21:08:00.675+0000] {dag.py:3239} INFO - Sync 1 DAGs
[2025-11-16T21:08:00.692+0000] {logging_mixin.py:190} INFO - [2025-11-16T21:08:00.692+0000] {dag.py:4180} INFO - Setting next_dagrun for tutorial to 2025-11-15 00:00:00+00:00, run_after=2025-11-16 00:00:00+00:00
[2025-11-16T21:08:00.706+0000] {processor.py:208} INFO - Processing /home/airflow/.local/lib/python3.12/site-packages/airflow/example_dags/tutorial.py took 0.060 seconds
[2025-11-16T21:08:31.186+0000] {processor.py:186} INFO - Started process (PID=1470) to work on /home/airflow/.local/lib/python3.12/site-packages/airflow/example_dags/tutorial.py
[2025-11-16T21:08:31.187+0000] {processor.py:914} INFO - Processing file /home/airflow/.local/lib/python3.12/site-packages/airflow/example_dags/tutorial.py for tasks to queue
[2025-11-16T21:08:31.189+0000] {logging_mixin.py:190} INFO - [2025-11-16T21:08:31.189+0000] {dagbag.py:588} INFO - Filling up the DagBag from /home/airflow/.local/lib/python3.12/site-packages/airflow/example_dags/tutorial.py
[2025-11-16T21:08:31.195+0000] {processor.py:925} INFO - DAG(s) 'tutorial' retrieved from /home/airflow/.local/lib/python3.12/site-packages/airflow/example_dags/tutorial.py
[2025-11-16T21:08:31.209+0000] {logging_mixin.py:190} INFO - [2025-11-16T21:08:31.209+0000] {dag.py:3239} INFO - Sync 1 DAGs
[2025-11-16T21:08:31.225+0000] {logging_mixin.py:190} INFO - [2025-11-16T21:08:31.225+0000] {dag.py:4180} INFO - Setting next_dagrun for tutorial to 2025-11-15 00:00:00+00:00, run_after=2025-11-16 00:00:00+00:00
[2025-11-16T21:08:31.240+0000] {processor.py:208} INFO - Processing /home/airflow/.local/lib/python3.12/site-packages/airflow/example_dags/tutorial.py took 0.058 seconds
[2025-11-16T21:09:02.409+0000] {processor.py:186} INFO - Started process (PID=1535) to work on /home/airflow/.local/lib/python3.12/site-packages/airflow/example_dags/tutorial.py
[2025-11-16T21:09:02.410+0000] {processor.py:914} INFO - Processing file /home/airflow/.local/lib/python3.12/site-packages/airflow/example_dags/tutorial.py for tasks to queue
[2025-11-16T21:09:02.413+0000] {logging_mixin.py:190} INFO - [2025-11-16T21:09:02.412+0000] {dagbag.py:588} INFO - Filling up the DagBag from /home/airflow/.local/lib/python3.12/site-packages/airflow/example_dags/tutorial.py
[2025-11-16T21:09:02.420+0000] {processor.py:925} INFO - DAG(s) 'tutorial' retrieved from /home/airflow/.local/lib/python3.12/site-packages/airflow/example_dags/tutorial.py
[2025-11-16T21:09:02.436+0000] {logging_mixin.py:190} INFO - [2025-11-16T21:09:02.435+0000] {dag.py:3239} INFO - Sync 1 DAGs
[2025-11-16T21:09:02.451+0000] {logging_mixin.py:190} INFO - [2025-11-16T21:09:02.451+0000] {dag.py:4180} INFO - Setting next_dagrun for tutorial to 2025-11-15 00:00:00+00:00, run_after=2025-11-16 00:00:00+00:00
[2025-11-16T21:09:02.464+0000] {processor.py:208} INFO - Processing /home/airflow/.local/lib/python3.12/site-packages/airflow/example_dags/tutorial.py took 0.060 seconds
[2025-11-16T21:09:33.001+0000] {processor.py:186} INFO - Started process (PID=1600) to work on /home/airflow/.local/lib/python3.12/site-packages/airflow/example_dags/tutorial.py
[2025-11-16T21:09:33.002+0000] {processor.py:914} INFO - Processing file /home/airflow/.local/lib/python3.12/site-packages/airflow/example_dags/tutorial.py for tasks to queue
[2025-11-16T21:09:33.004+0000] {logging_mixin.py:190} INFO - [2025-11-16T21:09:33.004+0000] {dagbag.py:588} INFO - Filling up the DagBag from /home/airflow/.local/lib/python3.12/site-packages/airflow/example_dags/tutorial.py
[2025-11-16T21:09:33.010+0000] {processor.py:925} INFO - DAG(s) 'tutorial' retrieved from /home/airflow/.local/lib/python3.12/site-packages/airflow/example_dags/tutorial.py
[2025-11-16T21:09:33.025+0000] {logging_mixin.py:190} INFO - [2025-11-16T21:09:33.025+0000] {dag.py:3239} INFO - Sync 1 DAGs
[2025-11-16T21:09:33.041+0000] {logging_mixin.py:190} INFO - [2025-11-16T21:09:33.041+0000] {dag.py:4180} INFO - Setting next_dagrun for tutorial to 2025-11-15 00:00:00+00:00, run_after=2025-11-16 00:00:00+00:00
[2025-11-16T21:09:33.053+0000] {processor.py:208} INFO - Processing /home/airflow/.local/lib/python3.12/site-packages/airflow/example_dags/tutorial.py took 0.056 seconds
[2025-11-16T21:10:04.433+0000] {processor.py:186} INFO - Started process (PID=1665) to work on /home/airflow/.local/lib/python3.12/site-packages/airflow/example_dags/tutorial.py
[2025-11-16T21:10:04.434+0000] {processor.py:914} INFO - Processing file /home/airflow/.local/lib/python3.12/site-packages/airflow/example_dags/tutorial.py for tasks to queue
[2025-11-16T21:10:04.436+0000] {logging_mixin.py:190} INFO - [2025-11-16T21:10:04.435+0000] {dagbag.py:588} INFO - Filling up the DagBag from /home/airflow/.local/lib/python3.12/site-packages/airflow/example_dags/tutorial.py
[2025-11-16T21:10:04.443+0000] {processor.py:925} INFO - DAG(s) 'tutorial' retrieved from /home/airflow/.local/lib/python3.12/site-packages/airflow/example_dags/tutorial.py
[2025-11-16T21:10:04.458+0000] {logging_mixin.py:190} INFO - [2025-11-16T21:10:04.458+0000] {dag.py:3239} INFO - Sync 1 DAGs
[2025-11-16T21:10:04.475+0000] {logging_mixin.py:190} INFO - [2025-11-16T21:10:04.474+0000] {dag.py:4180} INFO - Setting next_dagrun for tutorial to 2025-11-15 00:00:00+00:00, run_after=2025-11-16 00:00:00+00:00
[2025-11-16T21:10:04.487+0000] {processor.py:208} INFO - Processing /home/airflow/.local/lib/python3.12/site-packages/airflow/example_dags/tutorial.py took 0.058 seconds
[2025-11-16T21:10:35.883+0000] {processor.py:186} INFO - Started process (PID=1730) to work on /home/airflow/.local/lib/python3.12/site-packages/airflow/example_dags/tutorial.py
[2025-11-16T21:10:35.884+0000] {processor.py:914} INFO - Processing file /home/airflow/.local/lib/python3.12/site-packages/airflow/example_dags/tutorial.py for tasks to queue
[2025-11-16T21:10:35.886+0000] {logging_mixin.py:190} INFO - [2025-11-16T21:10:35.886+0000] {dagbag.py:588} INFO - Filling up the DagBag from /home/airflow/.local/lib/python3.12/site-packages/airflow/example_dags/tutorial.py
[2025-11-16T21:10:35.893+0000] {processor.py:925} INFO - DAG(s) 'tutorial' retrieved from /home/airflow/.local/lib/python3.12/site-packages/airflow/example_dags/tutorial.py
[2025-11-16T21:10:35.908+0000] {logging_mixin.py:190} INFO - [2025-11-16T21:10:35.908+0000] {dag.py:3239} INFO - Sync 1 DAGs
[2025-11-16T21:10:35.926+0000] {logging_mixin.py:190} INFO - [2025-11-16T21:10:35.925+0000] {dag.py:4180} INFO - Setting next_dagrun for tutorial to 2025-11-15 00:00:00+00:00, run_after=2025-11-16 00:00:00+00:00
[2025-11-16T21:10:35.940+0000] {processor.py:208} INFO - Processing /home/airflow/.local/lib/python3.12/site-packages/airflow/example_dags/tutorial.py took 0.061 seconds
[2025-11-16T21:11:07.675+0000] {processor.py:186} INFO - Started process (PID=1796) to work on /home/airflow/.local/lib/python3.12/site-packages/airflow/example_dags/tutorial.py
[2025-11-16T21:11:07.676+0000] {processor.py:914} INFO - Processing file /home/airflow/.local/lib/python3.12/site-packages/airflow/example_dags/tutorial.py for tasks to queue
[2025-11-16T21:11:07.678+0000] {logging_mixin.py:190} INFO - [2025-11-16T21:11:07.678+0000] {dagbag.py:588} INFO - Filling up the DagBag from /home/airflow/.local/lib/python3.12/site-packages/airflow/example_dags/tutorial.py
[2025-11-16T21:11:07.685+0000] {processor.py:925} INFO - DAG(s) 'tutorial' retrieved from /home/airflow/.local/lib/python3.12/site-packages/airflow/example_dags/tutorial.py
[2025-11-16T21:11:07.699+0000] {logging_mixin.py:190} INFO - [2025-11-16T21:11:07.699+0000] {dag.py:3239} INFO - Sync 1 DAGs
[2025-11-16T21:11:07.716+0000] {logging_mixin.py:190} INFO - [2025-11-16T21:11:07.715+0000] {dag.py:4180} INFO - Setting next_dagrun for tutorial to 2025-11-15 00:00:00+00:00, run_after=2025-11-16 00:00:00+00:00
[2025-11-16T21:11:07.727+0000] {processor.py:208} INFO - Processing /home/airflow/.local/lib/python3.12/site-packages/airflow/example_dags/tutorial.py took 0.056 seconds
[2025-11-16T21:11:38.687+0000] {processor.py:186} INFO - Started process (PID=1867) to work on /home/airflow/.local/lib/python3.12/site-packages/airflow/example_dags/tutorial.py
[2025-11-16T21:11:38.687+0000] {processor.py:914} INFO - Processing file /home/airflow/.local/lib/python3.12/site-packages/airflow/example_dags/tutorial.py for tasks to queue
[2025-11-16T21:11:38.689+0000] {logging_mixin.py:190} INFO - [2025-11-16T21:11:38.689+0000] {dagbag.py:588} INFO - Filling up the DagBag from /home/airflow/.local/lib/python3.12/site-packages/airflow/example_dags/tutorial.py
[2025-11-16T21:11:38.696+0000] {processor.py:925} INFO - DAG(s) 'tutorial' retrieved from /home/airflow/.local/lib/python3.12/site-packages/airflow/example_dags/tutorial.py
[2025-11-16T21:11:38.709+0000] {logging_mixin.py:190} INFO - [2025-11-16T21:11:38.709+0000] {dag.py:3239} INFO - Sync 1 DAGs
[2025-11-16T21:11:38.727+0000] {logging_mixin.py:190} INFO - [2025-11-16T21:11:38.727+0000] {dag.py:4180} INFO - Setting next_dagrun for tutorial to 2025-11-15 00:00:00+00:00, run_after=2025-11-16 00:00:00+00:00
[2025-11-16T21:11:38.743+0000] {processor.py:208} INFO - Processing /home/airflow/.local/lib/python3.12/site-packages/airflow/example_dags/tutorial.py took 0.060 seconds
[2025-11-16T21:12:16.159+0000] {processor.py:186} INFO - Started process (PID=1932) to work on /home/airflow/.local/lib/python3.12/site-packages/airflow/example_dags/tutorial.py
[2025-11-16T21:12:16.160+0000] {processor.py:914} INFO - Processing file /home/airflow/.local/lib/python3.12/site-packages/airflow/example_dags/tutorial.py for tasks to queue
[2025-11-16T21:12:16.162+0000] {logging_mixin.py:190} INFO - [2025-11-16T21:12:16.162+0000] {dagbag.py:588} INFO - Filling up the DagBag from /home/airflow/.local/lib/python3.12/site-packages/airflow/example_dags/tutorial.py
[2025-11-16T21:12:16.170+0000] {processor.py:925} INFO - DAG(s) 'tutorial' retrieved from /home/airflow/.local/lib/python3.12/site-packages/airflow/example_dags/tutorial.py
[2025-11-16T21:12:16.186+0000] {logging_mixin.py:190} INFO - [2025-11-16T21:12:16.186+0000] {dag.py:3239} INFO - Sync 1 DAGs
[2025-11-16T21:12:16.207+0000] {logging_mixin.py:190} INFO - [2025-11-16T21:12:16.207+0000] {dag.py:4180} INFO - Setting next_dagrun for tutorial to 2025-11-15 00:00:00+00:00, run_after=2025-11-16 00:00:00+00:00
[2025-11-16T21:12:16.225+0000] {processor.py:208} INFO - Processing /home/airflow/.local/lib/python3.12/site-packages/airflow/example_dags/tutorial.py took 0.071 seconds
[2025-11-16T21:12:46.790+0000] {processor.py:186} INFO - Started process (PID=1997) to work on /home/airflow/.local/lib/python3.12/site-packages/airflow/example_dags/tutorial.py
[2025-11-16T21:12:46.791+0000] {processor.py:914} INFO - Processing file /home/airflow/.local/lib/python3.12/site-packages/airflow/example_dags/tutorial.py for tasks to queue
[2025-11-16T21:12:46.793+0000] {logging_mixin.py:190} INFO - [2025-11-16T21:12:46.793+0000] {dagbag.py:588} INFO - Filling up the DagBag from /home/airflow/.local/lib/python3.12/site-packages/airflow/example_dags/tutorial.py
[2025-11-16T21:12:46.800+0000] {processor.py:925} INFO - DAG(s) 'tutorial' retrieved from /home/airflow/.local/lib/python3.12/site-packages/airflow/example_dags/tutorial.py
[2025-11-16T21:12:46.817+0000] {logging_mixin.py:190} INFO - [2025-11-16T21:12:46.817+0000] {dag.py:3239} INFO - Sync 1 DAGs
[2025-11-16T21:12:46.835+0000] {logging_mixin.py:190} INFO - [2025-11-16T21:12:46.835+0000] {dag.py:4180} INFO - Setting next_dagrun for tutorial to 2025-11-15 00:00:00+00:00, run_after=2025-11-16 00:00:00+00:00
[2025-11-16T21:12:46.849+0000] {processor.py:208} INFO - Processing /home/airflow/.local/lib/python3.12/site-packages/airflow/example_dags/tutorial.py took 0.064 seconds
[2025-11-16T21:13:17.359+0000] {processor.py:186} INFO - Started process (PID=2062) to work on /home/airflow/.local/lib/python3.12/site-packages/airflow/example_dags/tutorial.py
[2025-11-16T21:13:17.360+0000] {processor.py:914} INFO - Processing file /home/airflow/.local/lib/python3.12/site-packages/airflow/example_dags/tutorial.py for tasks to queue
[2025-11-16T21:13:17.363+0000] {logging_mixin.py:190} INFO - [2025-11-16T21:13:17.362+0000] {dagbag.py:588} INFO - Filling up the DagBag from /home/airflow/.local/lib/python3.12/site-packages/airflow/example_dags/tutorial.py
[2025-11-16T21:13:17.370+0000] {processor.py:925} INFO - DAG(s) 'tutorial' retrieved from /home/airflow/.local/lib/python3.12/site-packages/airflow/example_dags/tutorial.py
[2025-11-16T21:13:17.386+0000] {logging_mixin.py:190} INFO - [2025-11-16T21:13:17.386+0000] {dag.py:3239} INFO - Sync 1 DAGs
[2025-11-16T21:13:17.404+0000] {logging_mixin.py:190} INFO - [2025-11-16T21:13:17.404+0000] {dag.py:4180} INFO - Setting next_dagrun for tutorial to 2025-11-15 00:00:00+00:00, run_after=2025-11-16 00:00:00+00:00
[2025-11-16T21:13:17.418+0000] {processor.py:208} INFO - Processing /home/airflow/.local/lib/python3.12/site-packages/airflow/example_dags/tutorial.py took 0.064 seconds
[2025-11-16T21:13:48.883+0000] {processor.py:186} INFO - Started process (PID=2127) to work on /home/airflow/.local/lib/python3.12/site-packages/airflow/example_dags/tutorial.py
[2025-11-16T21:13:48.884+0000] {processor.py:914} INFO - Processing file /home/airflow/.local/lib/python3.12/site-packages/airflow/example_dags/tutorial.py for tasks to queue
[2025-11-16T21:13:48.887+0000] {logging_mixin.py:190} INFO - [2025-11-16T21:13:48.886+0000] {dagbag.py:588} INFO - Filling up the DagBag from /home/airflow/.local/lib/python3.12/site-packages/airflow/example_dags/tutorial.py
[2025-11-16T21:13:48.893+0000] {processor.py:925} INFO - DAG(s) 'tutorial' retrieved from /home/airflow/.local/lib/python3.12/site-packages/airflow/example_dags/tutorial.py
[2025-11-16T21:13:48.910+0000] {logging_mixin.py:190} INFO - [2025-11-16T21:13:48.910+0000] {dag.py:3239} INFO - Sync 1 DAGs
[2025-11-16T21:13:48.929+0000] {logging_mixin.py:190} INFO - [2025-11-16T21:13:48.929+0000] {dag.py:4180} INFO - Setting next_dagrun for tutorial to 2025-11-15 00:00:00+00:00, run_after=2025-11-16 00:00:00+00:00
[2025-11-16T21:13:48.943+0000] {processor.py:208} INFO - Processing /home/airflow/.local/lib/python3.12/site-packages/airflow/example_dags/tutorial.py took 0.064 seconds
[2025-11-16T21:14:19.817+0000] {processor.py:186} INFO - Started process (PID=2192) to work on /home/airflow/.local/lib/python3.12/site-packages/airflow/example_dags/tutorial.py
[2025-11-16T21:14:19.818+0000] {processor.py:914} INFO - Processing file /home/airflow/.local/lib/python3.12/site-packages/airflow/example_dags/tutorial.py for tasks to queue
[2025-11-16T21:14:19.820+0000] {logging_mixin.py:190} INFO - [2025-11-16T21:14:19.820+0000] {dagbag.py:588} INFO - Filling up the DagBag from /home/airflow/.local/lib/python3.12/site-packages/airflow/example_dags/tutorial.py
[2025-11-16T21:14:19.828+0000] {processor.py:925} INFO - DAG(s) 'tutorial' retrieved from /home/airflow/.local/lib/python3.12/site-packages/airflow/example_dags/tutorial.py
[2025-11-16T21:14:19.844+0000] {logging_mixin.py:190} INFO - [2025-11-16T21:14:19.844+0000] {dag.py:3239} INFO - Sync 1 DAGs
[2025-11-16T21:14:19.860+0000] {logging_mixin.py:190} INFO - [2025-11-16T21:14:19.860+0000] {dag.py:4180} INFO - Setting next_dagrun for tutorial to 2025-11-15 00:00:00+00:00, run_after=2025-11-16 00:00:00+00:00
[2025-11-16T21:14:19.873+0000] {processor.py:208} INFO - Processing /home/airflow/.local/lib/python3.12/site-packages/airflow/example_dags/tutorial.py took 0.061 seconds
[2025-11-16T21:14:50.760+0000] {processor.py:186} INFO - Started process (PID=2257) to work on /home/airflow/.local/lib/python3.12/site-packages/airflow/example_dags/tutorial.py
[2025-11-16T21:14:50.762+0000] {processor.py:914} INFO - Processing file /home/airflow/.local/lib/python3.12/site-packages/airflow/example_dags/tutorial.py for tasks to queue
[2025-11-16T21:14:50.764+0000] {logging_mixin.py:190} INFO - [2025-11-16T21:14:50.764+0000] {dagbag.py:588} INFO - Filling up the DagBag from /home/airflow/.local/lib/python3.12/site-packages/airflow/example_dags/tutorial.py
[2025-11-16T21:14:50.771+0000] {processor.py:925} INFO - DAG(s) 'tutorial' retrieved from /home/airflow/.local/lib/python3.12/site-packages/airflow/example_dags/tutorial.py
[2025-11-16T21:14:50.785+0000] {logging_mixin.py:190} INFO - [2025-11-16T21:14:50.785+0000] {dag.py:3239} INFO - Sync 1 DAGs
[2025-11-16T21:14:50.801+0000] {logging_mixin.py:190} INFO - [2025-11-16T21:14:50.801+0000] {dag.py:4180} INFO - Setting next_dagrun for tutorial to 2025-11-15 00:00:00+00:00, run_after=2025-11-16 00:00:00+00:00
[2025-11-16T21:14:50.814+0000] {processor.py:208} INFO - Processing /home/airflow/.local/lib/python3.12/site-packages/airflow/example_dags/tutorial.py took 0.058 seconds
[2025-11-16T21:15:22.034+0000] {processor.py:186} INFO - Started process (PID=2322) to work on /home/airflow/.local/lib/python3.12/site-packages/airflow/example_dags/tutorial.py
[2025-11-16T21:15:22.035+0000] {processor.py:914} INFO - Processing file /home/airflow/.local/lib/python3.12/site-packages/airflow/example_dags/tutorial.py for tasks to queue
[2025-11-16T21:15:22.037+0000] {logging_mixin.py:190} INFO - [2025-11-16T21:15:22.037+0000] {dagbag.py:588} INFO - Filling up the DagBag from /home/airflow/.local/lib/python3.12/site-packages/airflow/example_dags/tutorial.py
[2025-11-16T21:15:22.044+0000] {processor.py:925} INFO - DAG(s) 'tutorial' retrieved from /home/airflow/.local/lib/python3.12/site-packages/airflow/example_dags/tutorial.py
[2025-11-16T21:15:22.058+0000] {logging_mixin.py:190} INFO - [2025-11-16T21:15:22.058+0000] {dag.py:3239} INFO - Sync 1 DAGs
[2025-11-16T21:15:22.074+0000] {logging_mixin.py:190} INFO - [2025-11-16T21:15:22.074+0000] {dag.py:4180} INFO - Setting next_dagrun for tutorial to 2025-11-15 00:00:00+00:00, run_after=2025-11-16 00:00:00+00:00
[2025-11-16T21:15:22.086+0000] {processor.py:208} INFO - Processing /home/airflow/.local/lib/python3.12/site-packages/airflow/example_dags/tutorial.py took 0.057 seconds
[2025-11-16T21:15:53.378+0000] {processor.py:186} INFO - Started process (PID=2387) to work on /home/airflow/.local/lib/python3.12/site-packages/airflow/example_dags/tutorial.py
[2025-11-16T21:15:53.379+0000] {processor.py:914} INFO - Processing file /home/airflow/.local/lib/python3.12/site-packages/airflow/example_dags/tutorial.py for tasks to queue
[2025-11-16T21:15:53.382+0000] {logging_mixin.py:190} INFO - [2025-11-16T21:15:53.381+0000] {dagbag.py:588} INFO - Filling up the DagBag from /home/airflow/.local/lib/python3.12/site-packages/airflow/example_dags/tutorial.py
[2025-11-16T21:15:53.388+0000] {processor.py:925} INFO - DAG(s) 'tutorial' retrieved from /home/airflow/.local/lib/python3.12/site-packages/airflow/example_dags/tutorial.py
[2025-11-16T21:15:53.403+0000] {logging_mixin.py:190} INFO - [2025-11-16T21:15:53.403+0000] {dag.py:3239} INFO - Sync 1 DAGs
[2025-11-16T21:15:53.419+0000] {logging_mixin.py:190} INFO - [2025-11-16T21:15:53.419+0000] {dag.py:4180} INFO - Setting next_dagrun for tutorial to 2025-11-15 00:00:00+00:00, run_after=2025-11-16 00:00:00+00:00
[2025-11-16T21:15:53.432+0000] {processor.py:208} INFO - Processing /home/airflow/.local/lib/python3.12/site-packages/airflow/example_dags/tutorial.py took 0.058 seconds
[2025-11-16T21:16:24.476+0000] {processor.py:186} INFO - Started process (PID=2452) to work on /home/airflow/.local/lib/python3.12/site-packages/airflow/example_dags/tutorial.py
[2025-11-16T21:16:24.477+0000] {processor.py:914} INFO - Processing file /home/airflow/.local/lib/python3.12/site-packages/airflow/example_dags/tutorial.py for tasks to queue
[2025-11-16T21:16:24.480+0000] {logging_mixin.py:190} INFO - [2025-11-16T21:16:24.479+0000] {dagbag.py:588} INFO - Filling up the DagBag from /home/airflow/.local/lib/python3.12/site-packages/airflow/example_dags/tutorial.py
[2025-11-16T21:16:24.487+0000] {processor.py:925} INFO - DAG(s) 'tutorial' retrieved from /home/airflow/.local/lib/python3.12/site-packages/airflow/example_dags/tutorial.py
[2025-11-16T21:16:24.503+0000] {logging_mixin.py:190} INFO - [2025-11-16T21:16:24.502+0000] {dag.py:3239} INFO - Sync 1 DAGs
[2025-11-16T21:16:24.519+0000] {logging_mixin.py:190} INFO - [2025-11-16T21:16:24.519+0000] {dag.py:4180} INFO - Setting next_dagrun for tutorial to 2025-11-15 00:00:00+00:00, run_after=2025-11-16 00:00:00+00:00
[2025-11-16T21:16:24.537+0000] {processor.py:208} INFO - Processing /home/airflow/.local/lib/python3.12/site-packages/airflow/example_dags/tutorial.py took 0.065 seconds
[2025-11-16T21:16:56.162+0000] {processor.py:186} INFO - Started process (PID=2520) to work on /home/airflow/.local/lib/python3.12/site-packages/airflow/example_dags/tutorial.py
[2025-11-16T21:16:56.163+0000] {processor.py:914} INFO - Processing file /home/airflow/.local/lib/python3.12/site-packages/airflow/example_dags/tutorial.py for tasks to queue
[2025-11-16T21:16:56.165+0000] {logging_mixin.py:190} INFO - [2025-11-16T21:16:56.165+0000] {dagbag.py:588} INFO - Filling up the DagBag from /home/airflow/.local/lib/python3.12/site-packages/airflow/example_dags/tutorial.py
[2025-11-16T21:16:56.174+0000] {processor.py:925} INFO - DAG(s) 'tutorial' retrieved from /home/airflow/.local/lib/python3.12/site-packages/airflow/example_dags/tutorial.py
[2025-11-16T21:16:56.190+0000] {logging_mixin.py:190} INFO - [2025-11-16T21:16:56.190+0000] {dag.py:3239} INFO - Sync 1 DAGs
[2025-11-16T21:16:56.209+0000] {logging_mixin.py:190} INFO - [2025-11-16T21:16:56.208+0000] {dag.py:4180} INFO - Setting next_dagrun for tutorial to 2025-11-15 00:00:00+00:00, run_after=2025-11-16 00:00:00+00:00
[2025-11-16T21:16:56.223+0000] {processor.py:208} INFO - Processing /home/airflow/.local/lib/python3.12/site-packages/airflow/example_dags/tutorial.py took 0.066 seconds
[2025-11-16T21:17:27.038+0000] {processor.py:186} INFO - Started process (PID=2585) to work on /home/airflow/.local/lib/python3.12/site-packages/airflow/example_dags/tutorial.py
[2025-11-16T21:17:27.039+0000] {processor.py:914} INFO - Processing file /home/airflow/.local/lib/python3.12/site-packages/airflow/example_dags/tutorial.py for tasks to queue
[2025-11-16T21:17:27.042+0000] {logging_mixin.py:190} INFO - [2025-11-16T21:17:27.041+0000] {dagbag.py:588} INFO - Filling up the DagBag from /home/airflow/.local/lib/python3.12/site-packages/airflow/example_dags/tutorial.py
[2025-11-16T21:17:27.050+0000] {processor.py:925} INFO - DAG(s) 'tutorial' retrieved from /home/airflow/.local/lib/python3.12/site-packages/airflow/example_dags/tutorial.py
[2025-11-16T21:17:27.066+0000] {logging_mixin.py:190} INFO - [2025-11-16T21:17:27.066+0000] {dag.py:3239} INFO - Sync 1 DAGs
[2025-11-16T21:17:27.081+0000] {logging_mixin.py:190} INFO - [2025-11-16T21:17:27.081+0000] {dag.py:4180} INFO - Setting next_dagrun for tutorial to 2025-11-15 00:00:00+00:00, run_after=2025-11-16 00:00:00+00:00
[2025-11-16T21:17:27.095+0000] {processor.py:208} INFO - Processing /home/airflow/.local/lib/python3.12/site-packages/airflow/example_dags/tutorial.py took 0.063 seconds
[2025-11-16T21:17:58.199+0000] {processor.py:186} INFO - Started process (PID=2650) to work on /home/airflow/.local/lib/python3.12/site-packages/airflow/example_dags/tutorial.py
[2025-11-16T21:17:58.200+0000] {processor.py:914} INFO - Processing file /home/airflow/.local/lib/python3.12/site-packages/airflow/example_dags/tutorial.py for tasks to queue
[2025-11-16T21:17:58.202+0000] {logging_mixin.py:190} INFO - [2025-11-16T21:17:58.202+0000] {dagbag.py:588} INFO - Filling up the DagBag from /home/airflow/.local/lib/python3.12/site-packages/airflow/example_dags/tutorial.py
[2025-11-16T21:17:58.209+0000] {processor.py:925} INFO - DAG(s) 'tutorial' retrieved from /home/airflow/.local/lib/python3.12/site-packages/airflow/example_dags/tutorial.py
[2025-11-16T21:17:58.224+0000] {logging_mixin.py:190} INFO - [2025-11-16T21:17:58.224+0000] {dag.py:3239} INFO - Sync 1 DAGs
[2025-11-16T21:17:58.241+0000] {logging_mixin.py:190} INFO - [2025-11-16T21:17:58.241+0000] {dag.py:4180} INFO - Setting next_dagrun for tutorial to 2025-11-15 00:00:00+00:00, run_after=2025-11-16 00:00:00+00:00
[2025-11-16T21:17:58.254+0000] {processor.py:208} INFO - Processing /home/airflow/.local/lib/python3.12/site-packages/airflow/example_dags/tutorial.py took 0.060 seconds
[2025-11-16T21:18:29.811+0000] {processor.py:186} INFO - Started process (PID=2715) to work on /home/airflow/.local/lib/python3.12/site-packages/airflow/example_dags/tutorial.py
[2025-11-16T21:18:29.813+0000] {processor.py:914} INFO - Processing file /home/airflow/.local/lib/python3.12/site-packages/airflow/example_dags/tutorial.py for tasks to queue
[2025-11-16T21:18:29.815+0000] {logging_mixin.py:190} INFO - [2025-11-16T21:18:29.815+0000] {dagbag.py:588} INFO - Filling up the DagBag from /home/airflow/.local/lib/python3.12/site-packages/airflow/example_dags/tutorial.py
[2025-11-16T21:18:29.823+0000] {processor.py:925} INFO - DAG(s) 'tutorial' retrieved from /home/airflow/.local/lib/python3.12/site-packages/airflow/example_dags/tutorial.py
[2025-11-16T21:18:29.841+0000] {logging_mixin.py:190} INFO - [2025-11-16T21:18:29.840+0000] {dag.py:3239} INFO - Sync 1 DAGs
[2025-11-16T21:18:29.859+0000] {logging_mixin.py:190} INFO - [2025-11-16T21:18:29.858+0000] {dag.py:4180} INFO - Setting next_dagrun for tutorial to 2025-11-15 00:00:00+00:00, run_after=2025-11-16 00:00:00+00:00
[2025-11-16T21:18:29.874+0000] {processor.py:208} INFO - Processing /home/airflow/.local/lib/python3.12/site-packages/airflow/example_dags/tutorial.py took 0.068 seconds
[2025-11-16T21:19:00.400+0000] {processor.py:186} INFO - Started process (PID=2780) to work on /home/airflow/.local/lib/python3.12/site-packages/airflow/example_dags/tutorial.py
[2025-11-16T21:19:00.401+0000] {processor.py:914} INFO - Processing file /home/airflow/.local/lib/python3.12/site-packages/airflow/example_dags/tutorial.py for tasks to queue
[2025-11-16T21:19:00.404+0000] {logging_mixin.py:190} INFO - [2025-11-16T21:19:00.403+0000] {dagbag.py:588} INFO - Filling up the DagBag from /home/airflow/.local/lib/python3.12/site-packages/airflow/example_dags/tutorial.py
[2025-11-16T21:19:00.411+0000] {processor.py:925} INFO - DAG(s) 'tutorial' retrieved from /home/airflow/.local/lib/python3.12/site-packages/airflow/example_dags/tutorial.py
[2025-11-16T21:19:00.428+0000] {logging_mixin.py:190} INFO - [2025-11-16T21:19:00.428+0000] {dag.py:3239} INFO - Sync 1 DAGs
[2025-11-16T21:19:00.446+0000] {logging_mixin.py:190} INFO - [2025-11-16T21:19:00.446+0000] {dag.py:4180} INFO - Setting next_dagrun for tutorial to 2025-11-15 00:00:00+00:00, run_after=2025-11-16 00:00:00+00:00
[2025-11-16T21:19:00.460+0000] {processor.py:208} INFO - Processing /home/airflow/.local/lib/python3.12/site-packages/airflow/example_dags/tutorial.py took 0.064 seconds
[2025-11-16T21:19:31.406+0000] {processor.py:186} INFO - Started process (PID=2849) to work on /home/airflow/.local/lib/python3.12/site-packages/airflow/example_dags/tutorial.py
[2025-11-16T21:19:31.407+0000] {processor.py:914} INFO - Processing file /home/airflow/.local/lib/python3.12/site-packages/airflow/example_dags/tutorial.py for tasks to queue
[2025-11-16T21:19:31.410+0000] {logging_mixin.py:190} INFO - [2025-11-16T21:19:31.409+0000] {dagbag.py:588} INFO - Filling up the DagBag from /home/airflow/.local/lib/python3.12/site-packages/airflow/example_dags/tutorial.py
[2025-11-16T21:19:31.417+0000] {processor.py:925} INFO - DAG(s) 'tutorial' retrieved from /home/airflow/.local/lib/python3.12/site-packages/airflow/example_dags/tutorial.py
[2025-11-16T21:19:31.433+0000] {logging_mixin.py:190} INFO - [2025-11-16T21:19:31.433+0000] {dag.py:3239} INFO - Sync 1 DAGs
[2025-11-16T21:19:31.452+0000] {logging_mixin.py:190} INFO - [2025-11-16T21:19:31.452+0000] {dag.py:4180} INFO - Setting next_dagrun for tutorial to 2025-11-15 00:00:00+00:00, run_after=2025-11-16 00:00:00+00:00
[2025-11-16T21:19:31.467+0000] {processor.py:208} INFO - Processing /home/airflow/.local/lib/python3.12/site-packages/airflow/example_dags/tutorial.py took 0.066 seconds
[2025-11-16T21:20:02.243+0000] {processor.py:186} INFO - Started process (PID=2914) to work on /home/airflow/.local/lib/python3.12/site-packages/airflow/example_dags/tutorial.py
[2025-11-16T21:20:02.244+0000] {processor.py:914} INFO - Processing file /home/airflow/.local/lib/python3.12/site-packages/airflow/example_dags/tutorial.py for tasks to queue
[2025-11-16T21:20:02.246+0000] {logging_mixin.py:190} INFO - [2025-11-16T21:20:02.246+0000] {dagbag.py:588} INFO - Filling up the DagBag from /home/airflow/.local/lib/python3.12/site-packages/airflow/example_dags/tutorial.py
[2025-11-16T21:20:02.253+0000] {processor.py:925} INFO - DAG(s) 'tutorial' retrieved from /home/airflow/.local/lib/python3.12/site-packages/airflow/example_dags/tutorial.py
[2025-11-16T21:20:02.273+0000] {logging_mixin.py:190} INFO - [2025-11-16T21:20:02.273+0000] {dag.py:3239} INFO - Sync 1 DAGs
[2025-11-16T21:20:02.291+0000] {logging_mixin.py:190} INFO - [2025-11-16T21:20:02.291+0000] {dag.py:4180} INFO - Setting next_dagrun for tutorial to 2025-11-15 00:00:00+00:00, run_after=2025-11-16 00:00:00+00:00
[2025-11-16T21:20:02.305+0000] {processor.py:208} INFO - Processing /home/airflow/.local/lib/python3.12/site-packages/airflow/example_dags/tutorial.py took 0.068 seconds
[2025-11-16T21:20:32.875+0000] {processor.py:186} INFO - Started process (PID=2979) to work on /home/airflow/.local/lib/python3.12/site-packages/airflow/example_dags/tutorial.py
[2025-11-16T21:20:32.876+0000] {processor.py:914} INFO - Processing file /home/airflow/.local/lib/python3.12/site-packages/airflow/example_dags/tutorial.py for tasks to queue
[2025-11-16T21:20:32.879+0000] {logging_mixin.py:190} INFO - [2025-11-16T21:20:32.878+0000] {dagbag.py:588} INFO - Filling up the DagBag from /home/airflow/.local/lib/python3.12/site-packages/airflow/example_dags/tutorial.py
[2025-11-16T21:20:32.886+0000] {processor.py:925} INFO - DAG(s) 'tutorial' retrieved from /home/airflow/.local/lib/python3.12/site-packages/airflow/example_dags/tutorial.py
[2025-11-16T21:20:32.902+0000] {logging_mixin.py:190} INFO - [2025-11-16T21:20:32.901+0000] {dag.py:3239} INFO - Sync 1 DAGs
[2025-11-16T21:20:32.919+0000] {logging_mixin.py:190} INFO - [2025-11-16T21:20:32.919+0000] {dag.py:4180} INFO - Setting next_dagrun for tutorial to 2025-11-15 00:00:00+00:00, run_after=2025-11-16 00:00:00+00:00
[2025-11-16T21:20:32.932+0000] {processor.py:208} INFO - Processing /home/airflow/.local/lib/python3.12/site-packages/airflow/example_dags/tutorial.py took 0.063 seconds
[2025-11-16T21:21:03.447+0000] {processor.py:186} INFO - Started process (PID=3044) to work on /home/airflow/.local/lib/python3.12/site-packages/airflow/example_dags/tutorial.py
[2025-11-16T21:21:03.449+0000] {processor.py:914} INFO - Processing file /home/airflow/.local/lib/python3.12/site-packages/airflow/example_dags/tutorial.py for tasks to queue
[2025-11-16T21:21:03.451+0000] {logging_mixin.py:190} INFO - [2025-11-16T21:21:03.451+0000] {dagbag.py:588} INFO - Filling up the DagBag from /home/airflow/.local/lib/python3.12/site-packages/airflow/example_dags/tutorial.py
[2025-11-16T21:21:03.458+0000] {processor.py:925} INFO - DAG(s) 'tutorial' retrieved from /home/airflow/.local/lib/python3.12/site-packages/airflow/example_dags/tutorial.py
[2025-11-16T21:21:03.476+0000] {logging_mixin.py:190} INFO - [2025-11-16T21:21:03.475+0000] {dag.py:3239} INFO - Sync 1 DAGs
[2025-11-16T21:21:03.492+0000] {logging_mixin.py:190} INFO - [2025-11-16T21:21:03.492+0000] {dag.py:4180} INFO - Setting next_dagrun for tutorial to 2025-11-15 00:00:00+00:00, run_after=2025-11-16 00:00:00+00:00
[2025-11-16T21:21:03.507+0000] {processor.py:208} INFO - Processing /home/airflow/.local/lib/python3.12/site-packages/airflow/example_dags/tutorial.py took 0.066 seconds
[2025-11-16T21:21:33.633+0000] {processor.py:186} INFO - Started process (PID=3108) to work on /home/airflow/.local/lib/python3.12/site-packages/airflow/example_dags/tutorial.py
[2025-11-16T21:21:33.634+0000] {processor.py:914} INFO - Processing file /home/airflow/.local/lib/python3.12/site-packages/airflow/example_dags/tutorial.py for tasks to queue
[2025-11-16T21:21:33.638+0000] {logging_mixin.py:190} INFO - [2025-11-16T21:21:33.637+0000] {dagbag.py:588} INFO - Filling up the DagBag from /home/airflow/.local/lib/python3.12/site-packages/airflow/example_dags/tutorial.py
[2025-11-16T21:21:33.647+0000] {processor.py:925} INFO - DAG(s) 'tutorial' retrieved from /home/airflow/.local/lib/python3.12/site-packages/airflow/example_dags/tutorial.py
[2025-11-16T21:21:33.664+0000] {logging_mixin.py:190} INFO - [2025-11-16T21:21:33.664+0000] {dag.py:3239} INFO - Sync 1 DAGs
[2025-11-16T21:21:33.682+0000] {logging_mixin.py:190} INFO - [2025-11-16T21:21:33.681+0000] {dag.py:4180} INFO - Setting next_dagrun for tutorial to 2025-11-15 00:00:00+00:00, run_after=2025-11-16 00:00:00+00:00
[2025-11-16T21:21:33.698+0000] {processor.py:208} INFO - Processing /home/airflow/.local/lib/python3.12/site-packages/airflow/example_dags/tutorial.py took 0.070 seconds
[2025-11-16T21:22:04.090+0000] {processor.py:186} INFO - Started process (PID=3172) to work on /home/airflow/.local/lib/python3.12/site-packages/airflow/example_dags/tutorial.py
[2025-11-16T21:22:04.091+0000] {processor.py:914} INFO - Processing file /home/airflow/.local/lib/python3.12/site-packages/airflow/example_dags/tutorial.py for tasks to queue
[2025-11-16T21:22:04.093+0000] {logging_mixin.py:190} INFO - [2025-11-16T21:22:04.093+0000] {dagbag.py:588} INFO - Filling up the DagBag from /home/airflow/.local/lib/python3.12/site-packages/airflow/example_dags/tutorial.py
[2025-11-16T21:22:04.099+0000] {processor.py:925} INFO - DAG(s) 'tutorial' retrieved from /home/airflow/.local/lib/python3.12/site-packages/airflow/example_dags/tutorial.py
[2025-11-16T21:22:04.115+0000] {logging_mixin.py:190} INFO - [2025-11-16T21:22:04.115+0000] {dag.py:3239} INFO - Sync 1 DAGs
[2025-11-16T21:22:04.132+0000] {logging_mixin.py:190} INFO - [2025-11-16T21:22:04.132+0000] {dag.py:4180} INFO - Setting next_dagrun for tutorial to 2025-11-15 00:00:00+00:00, run_after=2025-11-16 00:00:00+00:00
[2025-11-16T21:22:04.144+0000] {processor.py:208} INFO - Processing /home/airflow/.local/lib/python3.12/site-packages/airflow/example_dags/tutorial.py took 0.058 seconds
[2025-11-16T21:22:34.465+0000] {processor.py:186} INFO - Started process (PID=3237) to work on /home/airflow/.local/lib/python3.12/site-packages/airflow/example_dags/tutorial.py
[2025-11-16T21:22:34.466+0000] {processor.py:914} INFO - Processing file /home/airflow/.local/lib/python3.12/site-packages/airflow/example_dags/tutorial.py for tasks to queue
[2025-11-16T21:22:34.468+0000] {logging_mixin.py:190} INFO - [2025-11-16T21:22:34.468+0000] {dagbag.py:588} INFO - Filling up the DagBag from /home/airflow/.local/lib/python3.12/site-packages/airflow/example_dags/tutorial.py
[2025-11-16T21:22:34.476+0000] {processor.py:925} INFO - DAG(s) 'tutorial' retrieved from /home/airflow/.local/lib/python3.12/site-packages/airflow/example_dags/tutorial.py
[2025-11-16T21:22:34.492+0000] {logging_mixin.py:190} INFO - [2025-11-16T21:22:34.492+0000] {dag.py:3239} INFO - Sync 1 DAGs
[2025-11-16T21:22:34.510+0000] {logging_mixin.py:190} INFO - [2025-11-16T21:22:34.510+0000] {dag.py:4180} INFO - Setting next_dagrun for tutorial to 2025-11-15 00:00:00+00:00, run_after=2025-11-16 00:00:00+00:00
[2025-11-16T21:22:34.530+0000] {processor.py:208} INFO - Processing /home/airflow/.local/lib/python3.12/site-packages/airflow/example_dags/tutorial.py took 0.070 seconds
[2025-11-16T21:23:05.053+0000] {processor.py:186} INFO - Started process (PID=3302) to work on /home/airflow/.local/lib/python3.12/site-packages/airflow/example_dags/tutorial.py
[2025-11-16T21:23:05.055+0000] {processor.py:914} INFO - Processing file /home/airflow/.local/lib/python3.12/site-packages/airflow/example_dags/tutorial.py for tasks to queue
[2025-11-16T21:23:05.058+0000] {logging_mixin.py:190} INFO - [2025-11-16T21:23:05.057+0000] {dagbag.py:588} INFO - Filling up the DagBag from /home/airflow/.local/lib/python3.12/site-packages/airflow/example_dags/tutorial.py
[2025-11-16T21:23:05.066+0000] {processor.py:925} INFO - DAG(s) 'tutorial' retrieved from /home/airflow/.local/lib/python3.12/site-packages/airflow/example_dags/tutorial.py
[2025-11-16T21:23:05.084+0000] {logging_mixin.py:190} INFO - [2025-11-16T21:23:05.084+0000] {dag.py:3239} INFO - Sync 1 DAGs
[2025-11-16T21:23:05.102+0000] {logging_mixin.py:190} INFO - [2025-11-16T21:23:05.102+0000] {dag.py:4180} INFO - Setting next_dagrun for tutorial to 2025-11-15 00:00:00+00:00, run_after=2025-11-16 00:00:00+00:00
[2025-11-16T21:23:05.117+0000] {processor.py:208} INFO - Processing /home/airflow/.local/lib/python3.12/site-packages/airflow/example_dags/tutorial.py took 0.069 seconds
[2025-11-16T21:23:35.408+0000] {processor.py:186} INFO - Started process (PID=3367) to work on /home/airflow/.local/lib/python3.12/site-packages/airflow/example_dags/tutorial.py
[2025-11-16T21:23:35.409+0000] {processor.py:914} INFO - Processing file /home/airflow/.local/lib/python3.12/site-packages/airflow/example_dags/tutorial.py for tasks to queue
[2025-11-16T21:23:35.412+0000] {logging_mixin.py:190} INFO - [2025-11-16T21:23:35.411+0000] {dagbag.py:588} INFO - Filling up the DagBag from /home/airflow/.local/lib/python3.12/site-packages/airflow/example_dags/tutorial.py
[2025-11-16T21:23:35.419+0000] {processor.py:925} INFO - DAG(s) 'tutorial' retrieved from /home/airflow/.local/lib/python3.12/site-packages/airflow/example_dags/tutorial.py
[2025-11-16T21:23:35.437+0000] {logging_mixin.py:190} INFO - [2025-11-16T21:23:35.437+0000] {dag.py:3239} INFO - Sync 1 DAGs
[2025-11-16T21:23:35.454+0000] {logging_mixin.py:190} INFO - [2025-11-16T21:23:35.454+0000] {dag.py:4180} INFO - Setting next_dagrun for tutorial to 2025-11-15 00:00:00+00:00, run_after=2025-11-16 00:00:00+00:00
[2025-11-16T21:23:35.469+0000] {processor.py:208} INFO - Processing /home/airflow/.local/lib/python3.12/site-packages/airflow/example_dags/tutorial.py took 0.066 seconds
[2025-11-16T21:24:05.873+0000] {processor.py:186} INFO - Started process (PID=3432) to work on /home/airflow/.local/lib/python3.12/site-packages/airflow/example_dags/tutorial.py
[2025-11-16T21:24:05.874+0000] {processor.py:914} INFO - Processing file /home/airflow/.local/lib/python3.12/site-packages/airflow/example_dags/tutorial.py for tasks to queue
[2025-11-16T21:24:05.877+0000] {logging_mixin.py:190} INFO - [2025-11-16T21:24:05.876+0000] {dagbag.py:588} INFO - Filling up the DagBag from /home/airflow/.local/lib/python3.12/site-packages/airflow/example_dags/tutorial.py
[2025-11-16T21:24:05.884+0000] {processor.py:925} INFO - DAG(s) 'tutorial' retrieved from /home/airflow/.local/lib/python3.12/site-packages/airflow/example_dags/tutorial.py
[2025-11-16T21:24:05.900+0000] {logging_mixin.py:190} INFO - [2025-11-16T21:24:05.899+0000] {dag.py:3239} INFO - Sync 1 DAGs
[2025-11-16T21:24:05.916+0000] {logging_mixin.py:190} INFO - [2025-11-16T21:24:05.916+0000] {dag.py:4180} INFO - Setting next_dagrun for tutorial to 2025-11-15 00:00:00+00:00, run_after=2025-11-16 00:00:00+00:00
[2025-11-16T21:24:05.931+0000] {processor.py:208} INFO - Processing /home/airflow/.local/lib/python3.12/site-packages/airflow/example_dags/tutorial.py took 0.062 seconds
[2025-11-16T21:24:53.175+0000] {processor.py:186} INFO - Started process (PID=3497) to work on /home/airflow/.local/lib/python3.12/site-packages/airflow/example_dags/tutorial.py
[2025-11-16T21:24:53.176+0000] {processor.py:914} INFO - Processing file /home/airflow/.local/lib/python3.12/site-packages/airflow/example_dags/tutorial.py for tasks to queue
[2025-11-16T21:24:53.180+0000] {logging_mixin.py:190} INFO - [2025-11-16T21:24:53.180+0000] {dagbag.py:588} INFO - Filling up the DagBag from /home/airflow/.local/lib/python3.12/site-packages/airflow/example_dags/tutorial.py
[2025-11-16T21:24:53.191+0000] {processor.py:925} INFO - DAG(s) 'tutorial' retrieved from /home/airflow/.local/lib/python3.12/site-packages/airflow/example_dags/tutorial.py
[2025-11-16T21:24:53.213+0000] {logging_mixin.py:190} INFO - [2025-11-16T21:24:53.213+0000] {dag.py:3239} INFO - Sync 1 DAGs
[2025-11-16T21:24:53.241+0000] {logging_mixin.py:190} INFO - [2025-11-16T21:24:53.241+0000] {dag.py:4180} INFO - Setting next_dagrun for tutorial to 2025-11-15 00:00:00+00:00, run_after=2025-11-16 00:00:00+00:00
[2025-11-16T21:24:53.265+0000] {processor.py:208} INFO - Processing /home/airflow/.local/lib/python3.12/site-packages/airflow/example_dags/tutorial.py took 0.099 seconds
[2025-11-16T21:25:23.975+0000] {processor.py:186} INFO - Started process (PID=3569) to work on /home/airflow/.local/lib/python3.12/site-packages/airflow/example_dags/tutorial.py
[2025-11-16T21:25:23.976+0000] {processor.py:914} INFO - Processing file /home/airflow/.local/lib/python3.12/site-packages/airflow/example_dags/tutorial.py for tasks to queue
[2025-11-16T21:25:23.979+0000] {logging_mixin.py:190} INFO - [2025-11-16T21:25:23.978+0000] {dagbag.py:588} INFO - Filling up the DagBag from /home/airflow/.local/lib/python3.12/site-packages/airflow/example_dags/tutorial.py
[2025-11-16T21:25:23.986+0000] {processor.py:925} INFO - DAG(s) 'tutorial' retrieved from /home/airflow/.local/lib/python3.12/site-packages/airflow/example_dags/tutorial.py
[2025-11-16T21:25:24.003+0000] {logging_mixin.py:190} INFO - [2025-11-16T21:25:24.002+0000] {dag.py:3239} INFO - Sync 1 DAGs
[2025-11-16T21:25:24.021+0000] {logging_mixin.py:190} INFO - [2025-11-16T21:25:24.021+0000] {dag.py:4180} INFO - Setting next_dagrun for tutorial to 2025-11-15 00:00:00+00:00, run_after=2025-11-16 00:00:00+00:00
[2025-11-16T21:25:24.039+0000] {processor.py:208} INFO - Processing /home/airflow/.local/lib/python3.12/site-packages/airflow/example_dags/tutorial.py took 0.068 seconds
[2025-11-16T21:25:55.180+0000] {processor.py:186} INFO - Started process (PID=3634) to work on /home/airflow/.local/lib/python3.12/site-packages/airflow/example_dags/tutorial.py
[2025-11-16T21:25:55.182+0000] {processor.py:914} INFO - Processing file /home/airflow/.local/lib/python3.12/site-packages/airflow/example_dags/tutorial.py for tasks to queue
[2025-11-16T21:25:55.187+0000] {logging_mixin.py:190} INFO - [2025-11-16T21:25:55.187+0000] {dagbag.py:588} INFO - Filling up the DagBag from /home/airflow/.local/lib/python3.12/site-packages/airflow/example_dags/tutorial.py
[2025-11-16T21:25:55.197+0000] {processor.py:925} INFO - DAG(s) 'tutorial' retrieved from /home/airflow/.local/lib/python3.12/site-packages/airflow/example_dags/tutorial.py
[2025-11-16T21:25:55.218+0000] {logging_mixin.py:190} INFO - [2025-11-16T21:25:55.218+0000] {dag.py:3239} INFO - Sync 1 DAGs
[2025-11-16T21:25:55.243+0000] {logging_mixin.py:190} INFO - [2025-11-16T21:25:55.243+0000] {dag.py:4180} INFO - Setting next_dagrun for tutorial to 2025-11-15 00:00:00+00:00, run_after=2025-11-16 00:00:00+00:00
[2025-11-16T21:25:55.261+0000] {processor.py:208} INFO - Processing /home/airflow/.local/lib/python3.12/site-packages/airflow/example_dags/tutorial.py took 0.086 seconds
[2025-11-16T21:26:48.529+0000] {processor.py:186} INFO - Started process (PID=3667) to work on /home/airflow/.local/lib/python3.12/site-packages/airflow/example_dags/tutorial.py
[2025-11-16T21:26:48.530+0000] {processor.py:914} INFO - Processing file /home/airflow/.local/lib/python3.12/site-packages/airflow/example_dags/tutorial.py for tasks to queue
[2025-11-16T21:26:48.532+0000] {logging_mixin.py:190} INFO - [2025-11-16T21:26:48.532+0000] {dagbag.py:588} INFO - Filling up the DagBag from /home/airflow/.local/lib/python3.12/site-packages/airflow/example_dags/tutorial.py
[2025-11-16T21:26:48.542+0000] {processor.py:925} INFO - DAG(s) 'tutorial' retrieved from /home/airflow/.local/lib/python3.12/site-packages/airflow/example_dags/tutorial.py
[2025-11-16T21:26:48.561+0000] {logging_mixin.py:190} INFO - [2025-11-16T21:26:48.560+0000] {dag.py:3239} INFO - Sync 1 DAGs
[2025-11-16T21:26:48.579+0000] {logging_mixin.py:190} INFO - [2025-11-16T21:26:48.579+0000] {dag.py:4180} INFO - Setting next_dagrun for tutorial to 2025-11-15 00:00:00+00:00, run_after=2025-11-16 00:00:00+00:00
[2025-11-16T21:26:48.599+0000] {processor.py:208} INFO - Processing /home/airflow/.local/lib/python3.12/site-packages/airflow/example_dags/tutorial.py took 0.075 seconds
[2025-11-16T21:27:18.943+0000] {processor.py:186} INFO - Started process (PID=3736) to work on /home/airflow/.local/lib/python3.12/site-packages/airflow/example_dags/tutorial.py
[2025-11-16T21:27:18.945+0000] {processor.py:914} INFO - Processing file /home/airflow/.local/lib/python3.12/site-packages/airflow/example_dags/tutorial.py for tasks to queue
[2025-11-16T21:27:18.946+0000] {logging_mixin.py:190} INFO - [2025-11-16T21:27:18.946+0000] {dagbag.py:588} INFO - Filling up the DagBag from /home/airflow/.local/lib/python3.12/site-packages/airflow/example_dags/tutorial.py
[2025-11-16T21:27:18.955+0000] {processor.py:925} INFO - DAG(s) 'tutorial' retrieved from /home/airflow/.local/lib/python3.12/site-packages/airflow/example_dags/tutorial.py
[2025-11-16T21:27:18.972+0000] {logging_mixin.py:190} INFO - [2025-11-16T21:27:18.972+0000] {dag.py:3239} INFO - Sync 1 DAGs
[2025-11-16T21:27:18.990+0000] {logging_mixin.py:190} INFO - [2025-11-16T21:27:18.990+0000] {dag.py:4180} INFO - Setting next_dagrun for tutorial to 2025-11-15 00:00:00+00:00, run_after=2025-11-16 00:00:00+00:00
[2025-11-16T21:27:19.011+0000] {processor.py:208} INFO - Processing /home/airflow/.local/lib/python3.12/site-packages/airflow/example_dags/tutorial.py took 0.073 seconds
[2025-11-16T21:27:49.274+0000] {processor.py:186} INFO - Started process (PID=3801) to work on /home/airflow/.local/lib/python3.12/site-packages/airflow/example_dags/tutorial.py
[2025-11-16T21:27:49.275+0000] {processor.py:914} INFO - Processing file /home/airflow/.local/lib/python3.12/site-packages/airflow/example_dags/tutorial.py for tasks to queue
[2025-11-16T21:27:49.276+0000] {logging_mixin.py:190} INFO - [2025-11-16T21:27:49.276+0000] {dagbag.py:588} INFO - Filling up the DagBag from /home/airflow/.local/lib/python3.12/site-packages/airflow/example_dags/tutorial.py
[2025-11-16T21:27:49.288+0000] {processor.py:925} INFO - DAG(s) 'tutorial' retrieved from /home/airflow/.local/lib/python3.12/site-packages/airflow/example_dags/tutorial.py
[2025-11-16T21:27:49.310+0000] {logging_mixin.py:190} INFO - [2025-11-16T21:27:49.310+0000] {dag.py:3239} INFO - Sync 1 DAGs
[2025-11-16T21:27:49.330+0000] {logging_mixin.py:190} INFO - [2025-11-16T21:27:49.330+0000] {dag.py:4180} INFO - Setting next_dagrun for tutorial to 2025-11-15 00:00:00+00:00, run_after=2025-11-16 00:00:00+00:00
[2025-11-16T21:27:49.348+0000] {processor.py:208} INFO - Processing /home/airflow/.local/lib/python3.12/site-packages/airflow/example_dags/tutorial.py took 0.080 seconds
[2025-11-16T21:28:19.949+0000] {processor.py:186} INFO - Started process (PID=3866) to work on /home/airflow/.local/lib/python3.12/site-packages/airflow/example_dags/tutorial.py
[2025-11-16T21:28:19.950+0000] {processor.py:914} INFO - Processing file /home/airflow/.local/lib/python3.12/site-packages/airflow/example_dags/tutorial.py for tasks to queue
[2025-11-16T21:28:19.951+0000] {logging_mixin.py:190} INFO - [2025-11-16T21:28:19.951+0000] {dagbag.py:588} INFO - Filling up the DagBag from /home/airflow/.local/lib/python3.12/site-packages/airflow/example_dags/tutorial.py
[2025-11-16T21:28:19.960+0000] {processor.py:925} INFO - DAG(s) 'tutorial' retrieved from /home/airflow/.local/lib/python3.12/site-packages/airflow/example_dags/tutorial.py
[2025-11-16T21:28:19.974+0000] {logging_mixin.py:190} INFO - [2025-11-16T21:28:19.973+0000] {dag.py:3239} INFO - Sync 1 DAGs
[2025-11-16T21:28:19.990+0000] {logging_mixin.py:190} INFO - [2025-11-16T21:28:19.990+0000] {dag.py:4180} INFO - Setting next_dagrun for tutorial to 2025-11-15 00:00:00+00:00, run_after=2025-11-16 00:00:00+00:00
[2025-11-16T21:28:20.014+0000] {processor.py:208} INFO - Processing /home/airflow/.local/lib/python3.12/site-packages/airflow/example_dags/tutorial.py took 0.070 seconds
[2025-11-16T21:28:50.396+0000] {processor.py:186} INFO - Started process (PID=3931) to work on /home/airflow/.local/lib/python3.12/site-packages/airflow/example_dags/tutorial.py
[2025-11-16T21:28:50.398+0000] {processor.py:914} INFO - Processing file /home/airflow/.local/lib/python3.12/site-packages/airflow/example_dags/tutorial.py for tasks to queue
[2025-11-16T21:28:50.399+0000] {logging_mixin.py:190} INFO - [2025-11-16T21:28:50.399+0000] {dagbag.py:588} INFO - Filling up the DagBag from /home/airflow/.local/lib/python3.12/site-packages/airflow/example_dags/tutorial.py
[2025-11-16T21:28:50.406+0000] {processor.py:925} INFO - DAG(s) 'tutorial' retrieved from /home/airflow/.local/lib/python3.12/site-packages/airflow/example_dags/tutorial.py
[2025-11-16T21:28:50.421+0000] {logging_mixin.py:190} INFO - [2025-11-16T21:28:50.421+0000] {dag.py:3239} INFO - Sync 1 DAGs
[2025-11-16T21:28:50.437+0000] {logging_mixin.py:190} INFO - [2025-11-16T21:28:50.437+0000] {dag.py:4180} INFO - Setting next_dagrun for tutorial to 2025-11-15 00:00:00+00:00, run_after=2025-11-16 00:00:00+00:00
[2025-11-16T21:28:50.449+0000] {processor.py:208} INFO - Processing /home/airflow/.local/lib/python3.12/site-packages/airflow/example_dags/tutorial.py took 0.057 seconds
[2025-11-16T21:29:20.731+0000] {processor.py:186} INFO - Started process (PID=3996) to work on /home/airflow/.local/lib/python3.12/site-packages/airflow/example_dags/tutorial.py
[2025-11-16T21:29:20.733+0000] {processor.py:914} INFO - Processing file /home/airflow/.local/lib/python3.12/site-packages/airflow/example_dags/tutorial.py for tasks to queue
[2025-11-16T21:29:20.734+0000] {logging_mixin.py:190} INFO - [2025-11-16T21:29:20.734+0000] {dagbag.py:588} INFO - Filling up the DagBag from /home/airflow/.local/lib/python3.12/site-packages/airflow/example_dags/tutorial.py
[2025-11-16T21:29:20.741+0000] {processor.py:925} INFO - DAG(s) 'tutorial' retrieved from /home/airflow/.local/lib/python3.12/site-packages/airflow/example_dags/tutorial.py
[2025-11-16T21:29:20.757+0000] {logging_mixin.py:190} INFO - [2025-11-16T21:29:20.757+0000] {dag.py:3239} INFO - Sync 1 DAGs
[2025-11-16T21:29:20.775+0000] {logging_mixin.py:190} INFO - [2025-11-16T21:29:20.775+0000] {dag.py:4180} INFO - Setting next_dagrun for tutorial to 2025-11-15 00:00:00+00:00, run_after=2025-11-16 00:00:00+00:00
[2025-11-16T21:29:20.788+0000] {processor.py:208} INFO - Processing /home/airflow/.local/lib/python3.12/site-packages/airflow/example_dags/tutorial.py took 0.061 seconds
[2025-11-16T21:29:51.666+0000] {processor.py:186} INFO - Started process (PID=4059) to work on /home/airflow/.local/lib/python3.12/site-packages/airflow/example_dags/tutorial.py
[2025-11-16T21:29:51.667+0000] {processor.py:914} INFO - Processing file /home/airflow/.local/lib/python3.12/site-packages/airflow/example_dags/tutorial.py for tasks to queue
[2025-11-16T21:29:51.669+0000] {logging_mixin.py:190} INFO - [2025-11-16T21:29:51.668+0000] {dagbag.py:588} INFO - Filling up the DagBag from /home/airflow/.local/lib/python3.12/site-packages/airflow/example_dags/tutorial.py
[2025-11-16T21:29:51.676+0000] {processor.py:925} INFO - DAG(s) 'tutorial' retrieved from /home/airflow/.local/lib/python3.12/site-packages/airflow/example_dags/tutorial.py
[2025-11-16T21:29:51.690+0000] {logging_mixin.py:190} INFO - [2025-11-16T21:29:51.690+0000] {dag.py:3239} INFO - Sync 1 DAGs
[2025-11-16T21:29:51.706+0000] {logging_mixin.py:190} INFO - [2025-11-16T21:29:51.706+0000] {dag.py:4180} INFO - Setting next_dagrun for tutorial to 2025-11-15 00:00:00+00:00, run_after=2025-11-16 00:00:00+00:00
[2025-11-16T21:29:51.720+0000] {processor.py:208} INFO - Processing /home/airflow/.local/lib/python3.12/site-packages/airflow/example_dags/tutorial.py took 0.059 seconds
[2025-11-16T21:30:22.890+0000] {processor.py:186} INFO - Started process (PID=4122) to work on /home/airflow/.local/lib/python3.12/site-packages/airflow/example_dags/tutorial.py
[2025-11-16T21:30:22.892+0000] {processor.py:914} INFO - Processing file /home/airflow/.local/lib/python3.12/site-packages/airflow/example_dags/tutorial.py for tasks to queue
[2025-11-16T21:30:22.893+0000] {logging_mixin.py:190} INFO - [2025-11-16T21:30:22.893+0000] {dagbag.py:588} INFO - Filling up the DagBag from /home/airflow/.local/lib/python3.12/site-packages/airflow/example_dags/tutorial.py
[2025-11-16T21:30:22.901+0000] {processor.py:925} INFO - DAG(s) 'tutorial' retrieved from /home/airflow/.local/lib/python3.12/site-packages/airflow/example_dags/tutorial.py
[2025-11-16T21:30:22.916+0000] {logging_mixin.py:190} INFO - [2025-11-16T21:30:22.915+0000] {dag.py:3239} INFO - Sync 1 DAGs
[2025-11-16T21:30:22.931+0000] {logging_mixin.py:190} INFO - [2025-11-16T21:30:22.931+0000] {dag.py:4180} INFO - Setting next_dagrun for tutorial to 2025-11-15 00:00:00+00:00, run_after=2025-11-16 00:00:00+00:00
[2025-11-16T21:30:22.945+0000] {processor.py:208} INFO - Processing /home/airflow/.local/lib/python3.12/site-packages/airflow/example_dags/tutorial.py took 0.059 seconds
[2025-11-16T21:30:54.234+0000] {processor.py:186} INFO - Started process (PID=4187) to work on /home/airflow/.local/lib/python3.12/site-packages/airflow/example_dags/tutorial.py
[2025-11-16T21:30:54.235+0000] {processor.py:914} INFO - Processing file /home/airflow/.local/lib/python3.12/site-packages/airflow/example_dags/tutorial.py for tasks to queue
[2025-11-16T21:30:54.237+0000] {logging_mixin.py:190} INFO - [2025-11-16T21:30:54.236+0000] {dagbag.py:588} INFO - Filling up the DagBag from /home/airflow/.local/lib/python3.12/site-packages/airflow/example_dags/tutorial.py
[2025-11-16T21:30:54.245+0000] {processor.py:925} INFO - DAG(s) 'tutorial' retrieved from /home/airflow/.local/lib/python3.12/site-packages/airflow/example_dags/tutorial.py
[2025-11-16T21:30:54.263+0000] {logging_mixin.py:190} INFO - [2025-11-16T21:30:54.262+0000] {dag.py:3239} INFO - Sync 1 DAGs
[2025-11-16T21:30:54.283+0000] {logging_mixin.py:190} INFO - [2025-11-16T21:30:54.283+0000] {dag.py:4180} INFO - Setting next_dagrun for tutorial to 2025-11-15 00:00:00+00:00, run_after=2025-11-16 00:00:00+00:00
[2025-11-16T21:30:54.297+0000] {processor.py:208} INFO - Processing /home/airflow/.local/lib/python3.12/site-packages/airflow/example_dags/tutorial.py took 0.068 seconds
[2025-11-16T21:31:25.003+0000] {processor.py:186} INFO - Started process (PID=4252) to work on /home/airflow/.local/lib/python3.12/site-packages/airflow/example_dags/tutorial.py
[2025-11-16T21:31:25.004+0000] {processor.py:914} INFO - Processing file /home/airflow/.local/lib/python3.12/site-packages/airflow/example_dags/tutorial.py for tasks to queue
[2025-11-16T21:31:25.006+0000] {logging_mixin.py:190} INFO - [2025-11-16T21:31:25.006+0000] {dagbag.py:588} INFO - Filling up the DagBag from /home/airflow/.local/lib/python3.12/site-packages/airflow/example_dags/tutorial.py
[2025-11-16T21:31:25.013+0000] {processor.py:925} INFO - DAG(s) 'tutorial' retrieved from /home/airflow/.local/lib/python3.12/site-packages/airflow/example_dags/tutorial.py
[2025-11-16T21:31:25.031+0000] {logging_mixin.py:190} INFO - [2025-11-16T21:31:25.031+0000] {dag.py:3239} INFO - Sync 1 DAGs
[2025-11-16T21:31:25.049+0000] {logging_mixin.py:190} INFO - [2025-11-16T21:31:25.049+0000] {dag.py:4180} INFO - Setting next_dagrun for tutorial to 2025-11-15 00:00:00+00:00, run_after=2025-11-16 00:00:00+00:00
[2025-11-16T21:31:25.064+0000] {processor.py:208} INFO - Processing /home/airflow/.local/lib/python3.12/site-packages/airflow/example_dags/tutorial.py took 0.065 seconds
[2025-11-16T21:31:55.821+0000] {processor.py:186} INFO - Started process (PID=4317) to work on /home/airflow/.local/lib/python3.12/site-packages/airflow/example_dags/tutorial.py
[2025-11-16T21:31:55.822+0000] {processor.py:914} INFO - Processing file /home/airflow/.local/lib/python3.12/site-packages/airflow/example_dags/tutorial.py for tasks to queue
[2025-11-16T21:31:55.823+0000] {logging_mixin.py:190} INFO - [2025-11-16T21:31:55.823+0000] {dagbag.py:588} INFO - Filling up the DagBag from /home/airflow/.local/lib/python3.12/site-packages/airflow/example_dags/tutorial.py
[2025-11-16T21:31:55.831+0000] {processor.py:925} INFO - DAG(s) 'tutorial' retrieved from /home/airflow/.local/lib/python3.12/site-packages/airflow/example_dags/tutorial.py
[2025-11-16T21:31:55.846+0000] {logging_mixin.py:190} INFO - [2025-11-16T21:31:55.846+0000] {dag.py:3239} INFO - Sync 1 DAGs
[2025-11-16T21:31:55.863+0000] {logging_mixin.py:190} INFO - [2025-11-16T21:31:55.863+0000] {dag.py:4180} INFO - Setting next_dagrun for tutorial to 2025-11-15 00:00:00+00:00, run_after=2025-11-16 00:00:00+00:00
[2025-11-16T21:31:55.876+0000] {processor.py:208} INFO - Processing /home/airflow/.local/lib/python3.12/site-packages/airflow/example_dags/tutorial.py took 0.060 seconds
[2025-11-16T21:32:27.015+0000] {processor.py:186} INFO - Started process (PID=4382) to work on /home/airflow/.local/lib/python3.12/site-packages/airflow/example_dags/tutorial.py
[2025-11-16T21:32:27.016+0000] {processor.py:914} INFO - Processing file /home/airflow/.local/lib/python3.12/site-packages/airflow/example_dags/tutorial.py for tasks to queue
[2025-11-16T21:32:27.018+0000] {logging_mixin.py:190} INFO - [2025-11-16T21:32:27.017+0000] {dagbag.py:588} INFO - Filling up the DagBag from /home/airflow/.local/lib/python3.12/site-packages/airflow/example_dags/tutorial.py
[2025-11-16T21:32:27.025+0000] {processor.py:925} INFO - DAG(s) 'tutorial' retrieved from /home/airflow/.local/lib/python3.12/site-packages/airflow/example_dags/tutorial.py
[2025-11-16T21:32:27.040+0000] {logging_mixin.py:190} INFO - [2025-11-16T21:32:27.040+0000] {dag.py:3239} INFO - Sync 1 DAGs
[2025-11-16T21:32:27.056+0000] {logging_mixin.py:190} INFO - [2025-11-16T21:32:27.056+0000] {dag.py:4180} INFO - Setting next_dagrun for tutorial to 2025-11-15 00:00:00+00:00, run_after=2025-11-16 00:00:00+00:00
[2025-11-16T21:32:27.073+0000] {processor.py:208} INFO - Processing /home/airflow/.local/lib/python3.12/site-packages/airflow/example_dags/tutorial.py took 0.062 seconds
[2025-11-16T21:32:58.467+0000] {processor.py:186} INFO - Started process (PID=4447) to work on /home/airflow/.local/lib/python3.12/site-packages/airflow/example_dags/tutorial.py
[2025-11-16T21:32:58.469+0000] {processor.py:914} INFO - Processing file /home/airflow/.local/lib/python3.12/site-packages/airflow/example_dags/tutorial.py for tasks to queue
[2025-11-16T21:32:58.470+0000] {logging_mixin.py:190} INFO - [2025-11-16T21:32:58.470+0000] {dagbag.py:588} INFO - Filling up the DagBag from /home/airflow/.local/lib/python3.12/site-packages/airflow/example_dags/tutorial.py
[2025-11-16T21:32:58.479+0000] {processor.py:925} INFO - DAG(s) 'tutorial' retrieved from /home/airflow/.local/lib/python3.12/site-packages/airflow/example_dags/tutorial.py
[2025-11-16T21:32:58.495+0000] {logging_mixin.py:190} INFO - [2025-11-16T21:32:58.495+0000] {dag.py:3239} INFO - Sync 1 DAGs
[2025-11-16T21:32:58.511+0000] {logging_mixin.py:190} INFO - [2025-11-16T21:32:58.511+0000] {dag.py:4180} INFO - Setting next_dagrun for tutorial to 2025-11-15 00:00:00+00:00, run_after=2025-11-16 00:00:00+00:00
[2025-11-16T21:32:58.524+0000] {processor.py:208} INFO - Processing /home/airflow/.local/lib/python3.12/site-packages/airflow/example_dags/tutorial.py took 0.062 seconds
[2025-11-16T21:33:29.727+0000] {processor.py:186} INFO - Started process (PID=4512) to work on /home/airflow/.local/lib/python3.12/site-packages/airflow/example_dags/tutorial.py
[2025-11-16T21:33:29.728+0000] {processor.py:914} INFO - Processing file /home/airflow/.local/lib/python3.12/site-packages/airflow/example_dags/tutorial.py for tasks to queue
[2025-11-16T21:33:29.729+0000] {logging_mixin.py:190} INFO - [2025-11-16T21:33:29.729+0000] {dagbag.py:588} INFO - Filling up the DagBag from /home/airflow/.local/lib/python3.12/site-packages/airflow/example_dags/tutorial.py
[2025-11-16T21:33:29.738+0000] {processor.py:925} INFO - DAG(s) 'tutorial' retrieved from /home/airflow/.local/lib/python3.12/site-packages/airflow/example_dags/tutorial.py
[2025-11-16T21:33:29.753+0000] {logging_mixin.py:190} INFO - [2025-11-16T21:33:29.752+0000] {dag.py:3239} INFO - Sync 1 DAGs
[2025-11-16T21:33:29.898+0000] {logging_mixin.py:190} INFO - [2025-11-16T21:33:29.897+0000] {dag.py:4180} INFO - Setting next_dagrun for tutorial to 2025-11-15 00:00:00+00:00, run_after=2025-11-16 00:00:00+00:00
[2025-11-16T21:33:29.936+0000] {processor.py:208} INFO - Processing /home/airflow/.local/lib/python3.12/site-packages/airflow/example_dags/tutorial.py took 0.214 seconds
[2025-11-16T21:34:00.477+0000] {processor.py:186} INFO - Started process (PID=4577) to work on /home/airflow/.local/lib/python3.12/site-packages/airflow/example_dags/tutorial.py
[2025-11-16T21:34:00.479+0000] {processor.py:914} INFO - Processing file /home/airflow/.local/lib/python3.12/site-packages/airflow/example_dags/tutorial.py for tasks to queue
[2025-11-16T21:34:00.480+0000] {logging_mixin.py:190} INFO - [2025-11-16T21:34:00.479+0000] {dagbag.py:588} INFO - Filling up the DagBag from /home/airflow/.local/lib/python3.12/site-packages/airflow/example_dags/tutorial.py
[2025-11-16T21:34:00.488+0000] {processor.py:925} INFO - DAG(s) 'tutorial' retrieved from /home/airflow/.local/lib/python3.12/site-packages/airflow/example_dags/tutorial.py
[2025-11-16T21:34:00.504+0000] {logging_mixin.py:190} INFO - [2025-11-16T21:34:00.504+0000] {dag.py:3239} INFO - Sync 1 DAGs
[2025-11-16T21:34:00.654+0000] {logging_mixin.py:190} INFO - [2025-11-16T21:34:00.654+0000] {dag.py:4180} INFO - Setting next_dagrun for tutorial to 2025-11-15 00:00:00+00:00, run_after=2025-11-16 00:00:00+00:00
[2025-11-16T21:34:00.666+0000] {processor.py:208} INFO - Processing /home/airflow/.local/lib/python3.12/site-packages/airflow/example_dags/tutorial.py took 0.193 seconds
[2025-11-16T21:34:31.973+0000] {processor.py:186} INFO - Started process (PID=4642) to work on /home/airflow/.local/lib/python3.12/site-packages/airflow/example_dags/tutorial.py
[2025-11-16T21:34:31.974+0000] {processor.py:914} INFO - Processing file /home/airflow/.local/lib/python3.12/site-packages/airflow/example_dags/tutorial.py for tasks to queue
[2025-11-16T21:34:31.975+0000] {logging_mixin.py:190} INFO - [2025-11-16T21:34:31.975+0000] {dagbag.py:588} INFO - Filling up the DagBag from /home/airflow/.local/lib/python3.12/site-packages/airflow/example_dags/tutorial.py
[2025-11-16T21:34:31.984+0000] {processor.py:925} INFO - DAG(s) 'tutorial' retrieved from /home/airflow/.local/lib/python3.12/site-packages/airflow/example_dags/tutorial.py
[2025-11-16T21:34:31.998+0000] {logging_mixin.py:190} INFO - [2025-11-16T21:34:31.998+0000] {dag.py:3239} INFO - Sync 1 DAGs
[2025-11-16T21:34:32.015+0000] {logging_mixin.py:190} INFO - [2025-11-16T21:34:32.014+0000] {dag.py:4180} INFO - Setting next_dagrun for tutorial to 2025-11-15 00:00:00+00:00, run_after=2025-11-16 00:00:00+00:00
[2025-11-16T21:34:32.199+0000] {processor.py:208} INFO - Processing /home/airflow/.local/lib/python3.12/site-packages/airflow/example_dags/tutorial.py took 0.230 seconds
[2025-11-16T21:35:02.500+0000] {processor.py:186} INFO - Started process (PID=4707) to work on /home/airflow/.local/lib/python3.12/site-packages/airflow/example_dags/tutorial.py
[2025-11-16T21:35:02.501+0000] {processor.py:914} INFO - Processing file /home/airflow/.local/lib/python3.12/site-packages/airflow/example_dags/tutorial.py for tasks to queue
[2025-11-16T21:35:02.502+0000] {logging_mixin.py:190} INFO - [2025-11-16T21:35:02.502+0000] {dagbag.py:588} INFO - Filling up the DagBag from /home/airflow/.local/lib/python3.12/site-packages/airflow/example_dags/tutorial.py
[2025-11-16T21:35:02.510+0000] {processor.py:925} INFO - DAG(s) 'tutorial' retrieved from /home/airflow/.local/lib/python3.12/site-packages/airflow/example_dags/tutorial.py
[2025-11-16T21:35:02.524+0000] {logging_mixin.py:190} INFO - [2025-11-16T21:35:02.524+0000] {dag.py:3239} INFO - Sync 1 DAGs
[2025-11-16T21:35:02.540+0000] {logging_mixin.py:190} INFO - [2025-11-16T21:35:02.539+0000] {dag.py:4180} INFO - Setting next_dagrun for tutorial to 2025-11-15 00:00:00+00:00, run_after=2025-11-16 00:00:00+00:00
[2025-11-16T21:35:02.554+0000] {processor.py:208} INFO - Processing /home/airflow/.local/lib/python3.12/site-packages/airflow/example_dags/tutorial.py took 0.059 seconds
[2025-11-16T21:35:33.021+0000] {processor.py:186} INFO - Started process (PID=4772) to work on /home/airflow/.local/lib/python3.12/site-packages/airflow/example_dags/tutorial.py
[2025-11-16T21:35:33.023+0000] {processor.py:914} INFO - Processing file /home/airflow/.local/lib/python3.12/site-packages/airflow/example_dags/tutorial.py for tasks to queue
[2025-11-16T21:35:33.024+0000] {logging_mixin.py:190} INFO - [2025-11-16T21:35:33.024+0000] {dagbag.py:588} INFO - Filling up the DagBag from /home/airflow/.local/lib/python3.12/site-packages/airflow/example_dags/tutorial.py
[2025-11-16T21:35:33.031+0000] {processor.py:925} INFO - DAG(s) 'tutorial' retrieved from /home/airflow/.local/lib/python3.12/site-packages/airflow/example_dags/tutorial.py
[2025-11-16T21:35:33.047+0000] {logging_mixin.py:190} INFO - [2025-11-16T21:35:33.047+0000] {dag.py:3239} INFO - Sync 1 DAGs
[2025-11-16T21:35:33.064+0000] {logging_mixin.py:190} INFO - [2025-11-16T21:35:33.063+0000] {dag.py:4180} INFO - Setting next_dagrun for tutorial to 2025-11-15 00:00:00+00:00, run_after=2025-11-16 00:00:00+00:00
[2025-11-16T21:35:33.079+0000] {processor.py:208} INFO - Processing /home/airflow/.local/lib/python3.12/site-packages/airflow/example_dags/tutorial.py took 0.062 seconds
[2025-11-16T21:36:03.778+0000] {processor.py:186} INFO - Started process (PID=4837) to work on /home/airflow/.local/lib/python3.12/site-packages/airflow/example_dags/tutorial.py
[2025-11-16T21:36:03.779+0000] {processor.py:914} INFO - Processing file /home/airflow/.local/lib/python3.12/site-packages/airflow/example_dags/tutorial.py for tasks to queue
[2025-11-16T21:36:03.780+0000] {logging_mixin.py:190} INFO - [2025-11-16T21:36:03.780+0000] {dagbag.py:588} INFO - Filling up the DagBag from /home/airflow/.local/lib/python3.12/site-packages/airflow/example_dags/tutorial.py
[2025-11-16T21:36:03.787+0000] {processor.py:925} INFO - DAG(s) 'tutorial' retrieved from /home/airflow/.local/lib/python3.12/site-packages/airflow/example_dags/tutorial.py
[2025-11-16T21:36:03.802+0000] {logging_mixin.py:190} INFO - [2025-11-16T21:36:03.802+0000] {dag.py:3239} INFO - Sync 1 DAGs
[2025-11-16T21:36:03.817+0000] {logging_mixin.py:190} INFO - [2025-11-16T21:36:03.817+0000] {dag.py:4180} INFO - Setting next_dagrun for tutorial to 2025-11-15 00:00:00+00:00, run_after=2025-11-16 00:00:00+00:00
[2025-11-16T21:36:03.830+0000] {processor.py:208} INFO - Processing /home/airflow/.local/lib/python3.12/site-packages/airflow/example_dags/tutorial.py took 0.057 seconds
[2025-11-16T21:36:34.538+0000] {processor.py:186} INFO - Started process (PID=4902) to work on /home/airflow/.local/lib/python3.12/site-packages/airflow/example_dags/tutorial.py
[2025-11-16T21:36:34.539+0000] {processor.py:914} INFO - Processing file /home/airflow/.local/lib/python3.12/site-packages/airflow/example_dags/tutorial.py for tasks to queue
[2025-11-16T21:36:34.540+0000] {logging_mixin.py:190} INFO - [2025-11-16T21:36:34.540+0000] {dagbag.py:588} INFO - Filling up the DagBag from /home/airflow/.local/lib/python3.12/site-packages/airflow/example_dags/tutorial.py
[2025-11-16T21:36:34.548+0000] {processor.py:925} INFO - DAG(s) 'tutorial' retrieved from /home/airflow/.local/lib/python3.12/site-packages/airflow/example_dags/tutorial.py
[2025-11-16T21:36:34.561+0000] {logging_mixin.py:190} INFO - [2025-11-16T21:36:34.561+0000] {dag.py:3239} INFO - Sync 1 DAGs
[2025-11-16T21:36:34.577+0000] {logging_mixin.py:190} INFO - [2025-11-16T21:36:34.577+0000] {dag.py:4180} INFO - Setting next_dagrun for tutorial to 2025-11-15 00:00:00+00:00, run_after=2025-11-16 00:00:00+00:00
[2025-11-16T21:36:34.590+0000] {processor.py:208} INFO - Processing /home/airflow/.local/lib/python3.12/site-packages/airflow/example_dags/tutorial.py took 0.056 seconds
[2025-11-16T21:37:04.942+0000] {processor.py:186} INFO - Started process (PID=4967) to work on /home/airflow/.local/lib/python3.12/site-packages/airflow/example_dags/tutorial.py
[2025-11-16T21:37:04.943+0000] {processor.py:914} INFO - Processing file /home/airflow/.local/lib/python3.12/site-packages/airflow/example_dags/tutorial.py for tasks to queue
[2025-11-16T21:37:04.945+0000] {logging_mixin.py:190} INFO - [2025-11-16T21:37:04.945+0000] {dagbag.py:588} INFO - Filling up the DagBag from /home/airflow/.local/lib/python3.12/site-packages/airflow/example_dags/tutorial.py
[2025-11-16T21:37:04.953+0000] {processor.py:925} INFO - DAG(s) 'tutorial' retrieved from /home/airflow/.local/lib/python3.12/site-packages/airflow/example_dags/tutorial.py
[2025-11-16T21:37:04.967+0000] {logging_mixin.py:190} INFO - [2025-11-16T21:37:04.967+0000] {dag.py:3239} INFO - Sync 1 DAGs
[2025-11-16T21:37:04.982+0000] {logging_mixin.py:190} INFO - [2025-11-16T21:37:04.982+0000] {dag.py:4180} INFO - Setting next_dagrun for tutorial to 2025-11-15 00:00:00+00:00, run_after=2025-11-16 00:00:00+00:00
[2025-11-16T21:37:04.996+0000] {processor.py:208} INFO - Processing /home/airflow/.local/lib/python3.12/site-packages/airflow/example_dags/tutorial.py took 0.059 seconds
[2025-11-16T21:37:35.715+0000] {processor.py:186} INFO - Started process (PID=5032) to work on /home/airflow/.local/lib/python3.12/site-packages/airflow/example_dags/tutorial.py
[2025-11-16T21:37:35.716+0000] {processor.py:914} INFO - Processing file /home/airflow/.local/lib/python3.12/site-packages/airflow/example_dags/tutorial.py for tasks to queue
[2025-11-16T21:37:35.718+0000] {logging_mixin.py:190} INFO - [2025-11-16T21:37:35.717+0000] {dagbag.py:588} INFO - Filling up the DagBag from /home/airflow/.local/lib/python3.12/site-packages/airflow/example_dags/tutorial.py
[2025-11-16T21:37:35.725+0000] {processor.py:925} INFO - DAG(s) 'tutorial' retrieved from /home/airflow/.local/lib/python3.12/site-packages/airflow/example_dags/tutorial.py
[2025-11-16T21:37:35.741+0000] {logging_mixin.py:190} INFO - [2025-11-16T21:37:35.741+0000] {dag.py:3239} INFO - Sync 1 DAGs
[2025-11-16T21:37:35.756+0000] {logging_mixin.py:190} INFO - [2025-11-16T21:37:35.756+0000] {dag.py:4180} INFO - Setting next_dagrun for tutorial to 2025-11-15 00:00:00+00:00, run_after=2025-11-16 00:00:00+00:00
[2025-11-16T21:37:35.769+0000] {processor.py:208} INFO - Processing /home/airflow/.local/lib/python3.12/site-packages/airflow/example_dags/tutorial.py took 0.058 seconds
[2025-11-16T21:38:06.515+0000] {processor.py:186} INFO - Started process (PID=5097) to work on /home/airflow/.local/lib/python3.12/site-packages/airflow/example_dags/tutorial.py
[2025-11-16T21:38:06.516+0000] {processor.py:914} INFO - Processing file /home/airflow/.local/lib/python3.12/site-packages/airflow/example_dags/tutorial.py for tasks to queue
[2025-11-16T21:38:06.517+0000] {logging_mixin.py:190} INFO - [2025-11-16T21:38:06.517+0000] {dagbag.py:588} INFO - Filling up the DagBag from /home/airflow/.local/lib/python3.12/site-packages/airflow/example_dags/tutorial.py
[2025-11-16T21:38:06.525+0000] {processor.py:925} INFO - DAG(s) 'tutorial' retrieved from /home/airflow/.local/lib/python3.12/site-packages/airflow/example_dags/tutorial.py
[2025-11-16T21:38:06.540+0000] {logging_mixin.py:190} INFO - [2025-11-16T21:38:06.540+0000] {dag.py:3239} INFO - Sync 1 DAGs
[2025-11-16T21:38:06.558+0000] {logging_mixin.py:190} INFO - [2025-11-16T21:38:06.557+0000] {dag.py:4180} INFO - Setting next_dagrun for tutorial to 2025-11-15 00:00:00+00:00, run_after=2025-11-16 00:00:00+00:00
[2025-11-16T21:38:06.571+0000] {processor.py:208} INFO - Processing /home/airflow/.local/lib/python3.12/site-packages/airflow/example_dags/tutorial.py took 0.060 seconds
[2025-11-16T21:38:37.582+0000] {processor.py:186} INFO - Started process (PID=5162) to work on /home/airflow/.local/lib/python3.12/site-packages/airflow/example_dags/tutorial.py
[2025-11-16T21:38:37.584+0000] {processor.py:914} INFO - Processing file /home/airflow/.local/lib/python3.12/site-packages/airflow/example_dags/tutorial.py for tasks to queue
[2025-11-16T21:38:37.585+0000] {logging_mixin.py:190} INFO - [2025-11-16T21:38:37.585+0000] {dagbag.py:588} INFO - Filling up the DagBag from /home/airflow/.local/lib/python3.12/site-packages/airflow/example_dags/tutorial.py
[2025-11-16T21:38:37.593+0000] {processor.py:925} INFO - DAG(s) 'tutorial' retrieved from /home/airflow/.local/lib/python3.12/site-packages/airflow/example_dags/tutorial.py
[2025-11-16T21:38:37.609+0000] {logging_mixin.py:190} INFO - [2025-11-16T21:38:37.608+0000] {dag.py:3239} INFO - Sync 1 DAGs
[2025-11-16T21:38:37.624+0000] {logging_mixin.py:190} INFO - [2025-11-16T21:38:37.624+0000] {dag.py:4180} INFO - Setting next_dagrun for tutorial to 2025-11-15 00:00:00+00:00, run_after=2025-11-16 00:00:00+00:00
[2025-11-16T21:38:37.637+0000] {processor.py:208} INFO - Processing /home/airflow/.local/lib/python3.12/site-packages/airflow/example_dags/tutorial.py took 0.060 seconds
[2025-11-16T21:39:08.149+0000] {processor.py:186} INFO - Started process (PID=5227) to work on /home/airflow/.local/lib/python3.12/site-packages/airflow/example_dags/tutorial.py
[2025-11-16T21:39:08.150+0000] {processor.py:914} INFO - Processing file /home/airflow/.local/lib/python3.12/site-packages/airflow/example_dags/tutorial.py for tasks to queue
[2025-11-16T21:39:08.152+0000] {logging_mixin.py:190} INFO - [2025-11-16T21:39:08.151+0000] {dagbag.py:588} INFO - Filling up the DagBag from /home/airflow/.local/lib/python3.12/site-packages/airflow/example_dags/tutorial.py
[2025-11-16T21:39:08.160+0000] {processor.py:925} INFO - DAG(s) 'tutorial' retrieved from /home/airflow/.local/lib/python3.12/site-packages/airflow/example_dags/tutorial.py
[2025-11-16T21:39:08.177+0000] {logging_mixin.py:190} INFO - [2025-11-16T21:39:08.177+0000] {dag.py:3239} INFO - Sync 1 DAGs
[2025-11-16T21:39:08.194+0000] {logging_mixin.py:190} INFO - [2025-11-16T21:39:08.193+0000] {dag.py:4180} INFO - Setting next_dagrun for tutorial to 2025-11-15 00:00:00+00:00, run_after=2025-11-16 00:00:00+00:00
[2025-11-16T21:39:08.210+0000] {processor.py:208} INFO - Processing /home/airflow/.local/lib/python3.12/site-packages/airflow/example_dags/tutorial.py took 0.065 seconds
[2025-11-16T21:39:39.664+0000] {processor.py:186} INFO - Started process (PID=5292) to work on /home/airflow/.local/lib/python3.12/site-packages/airflow/example_dags/tutorial.py
[2025-11-16T21:39:39.665+0000] {processor.py:914} INFO - Processing file /home/airflow/.local/lib/python3.12/site-packages/airflow/example_dags/tutorial.py for tasks to queue
[2025-11-16T21:39:39.666+0000] {logging_mixin.py:190} INFO - [2025-11-16T21:39:39.666+0000] {dagbag.py:588} INFO - Filling up the DagBag from /home/airflow/.local/lib/python3.12/site-packages/airflow/example_dags/tutorial.py
[2025-11-16T21:39:39.674+0000] {processor.py:925} INFO - DAG(s) 'tutorial' retrieved from /home/airflow/.local/lib/python3.12/site-packages/airflow/example_dags/tutorial.py
[2025-11-16T21:39:39.689+0000] {logging_mixin.py:190} INFO - [2025-11-16T21:39:39.689+0000] {dag.py:3239} INFO - Sync 1 DAGs
[2025-11-16T21:39:39.706+0000] {logging_mixin.py:190} INFO - [2025-11-16T21:39:39.706+0000] {dag.py:4180} INFO - Setting next_dagrun for tutorial to 2025-11-15 00:00:00+00:00, run_after=2025-11-16 00:00:00+00:00
[2025-11-16T21:39:39.719+0000] {processor.py:208} INFO - Processing /home/airflow/.local/lib/python3.12/site-packages/airflow/example_dags/tutorial.py took 0.059 seconds
[2025-11-16T21:40:11.148+0000] {processor.py:186} INFO - Started process (PID=5357) to work on /home/airflow/.local/lib/python3.12/site-packages/airflow/example_dags/tutorial.py
[2025-11-16T21:40:11.150+0000] {processor.py:914} INFO - Processing file /home/airflow/.local/lib/python3.12/site-packages/airflow/example_dags/tutorial.py for tasks to queue
[2025-11-16T21:40:11.151+0000] {logging_mixin.py:190} INFO - [2025-11-16T21:40:11.151+0000] {dagbag.py:588} INFO - Filling up the DagBag from /home/airflow/.local/lib/python3.12/site-packages/airflow/example_dags/tutorial.py
[2025-11-16T21:40:11.159+0000] {processor.py:925} INFO - DAG(s) 'tutorial' retrieved from /home/airflow/.local/lib/python3.12/site-packages/airflow/example_dags/tutorial.py
[2025-11-16T21:40:11.175+0000] {logging_mixin.py:190} INFO - [2025-11-16T21:40:11.175+0000] {dag.py:3239} INFO - Sync 1 DAGs
[2025-11-16T21:40:11.191+0000] {logging_mixin.py:190} INFO - [2025-11-16T21:40:11.190+0000] {dag.py:4180} INFO - Setting next_dagrun for tutorial to 2025-11-15 00:00:00+00:00, run_after=2025-11-16 00:00:00+00:00
[2025-11-16T21:40:11.207+0000] {processor.py:208} INFO - Processing /home/airflow/.local/lib/python3.12/site-packages/airflow/example_dags/tutorial.py took 0.063 seconds
[2025-11-16T21:40:41.893+0000] {processor.py:186} INFO - Started process (PID=5422) to work on /home/airflow/.local/lib/python3.12/site-packages/airflow/example_dags/tutorial.py
[2025-11-16T21:40:41.894+0000] {processor.py:914} INFO - Processing file /home/airflow/.local/lib/python3.12/site-packages/airflow/example_dags/tutorial.py for tasks to queue
[2025-11-16T21:40:41.895+0000] {logging_mixin.py:190} INFO - [2025-11-16T21:40:41.895+0000] {dagbag.py:588} INFO - Filling up the DagBag from /home/airflow/.local/lib/python3.12/site-packages/airflow/example_dags/tutorial.py
[2025-11-16T21:40:41.904+0000] {processor.py:925} INFO - DAG(s) 'tutorial' retrieved from /home/airflow/.local/lib/python3.12/site-packages/airflow/example_dags/tutorial.py
[2025-11-16T21:40:41.918+0000] {logging_mixin.py:190} INFO - [2025-11-16T21:40:41.918+0000] {dag.py:3239} INFO - Sync 1 DAGs
[2025-11-16T21:40:41.933+0000] {logging_mixin.py:190} INFO - [2025-11-16T21:40:41.933+0000] {dag.py:4180} INFO - Setting next_dagrun for tutorial to 2025-11-15 00:00:00+00:00, run_after=2025-11-16 00:00:00+00:00
[2025-11-16T21:40:41.946+0000] {processor.py:208} INFO - Processing /home/airflow/.local/lib/python3.12/site-packages/airflow/example_dags/tutorial.py took 0.058 seconds
[2025-11-16T21:41:12.272+0000] {processor.py:186} INFO - Started process (PID=5487) to work on /home/airflow/.local/lib/python3.12/site-packages/airflow/example_dags/tutorial.py
[2025-11-16T21:41:12.273+0000] {processor.py:914} INFO - Processing file /home/airflow/.local/lib/python3.12/site-packages/airflow/example_dags/tutorial.py for tasks to queue
[2025-11-16T21:41:12.275+0000] {logging_mixin.py:190} INFO - [2025-11-16T21:41:12.274+0000] {dagbag.py:588} INFO - Filling up the DagBag from /home/airflow/.local/lib/python3.12/site-packages/airflow/example_dags/tutorial.py
[2025-11-16T21:41:12.283+0000] {processor.py:925} INFO - DAG(s) 'tutorial' retrieved from /home/airflow/.local/lib/python3.12/site-packages/airflow/example_dags/tutorial.py
[2025-11-16T21:41:12.299+0000] {logging_mixin.py:190} INFO - [2025-11-16T21:41:12.299+0000] {dag.py:3239} INFO - Sync 1 DAGs
[2025-11-16T21:41:12.313+0000] {logging_mixin.py:190} INFO - [2025-11-16T21:41:12.313+0000] {dag.py:4180} INFO - Setting next_dagrun for tutorial to 2025-11-15 00:00:00+00:00, run_after=2025-11-16 00:00:00+00:00
[2025-11-16T21:41:12.325+0000] {processor.py:208} INFO - Processing /home/airflow/.local/lib/python3.12/site-packages/airflow/example_dags/tutorial.py took 0.057 seconds
[2025-11-16T21:41:43.379+0000] {processor.py:186} INFO - Started process (PID=5551) to work on /home/airflow/.local/lib/python3.12/site-packages/airflow/example_dags/tutorial.py
[2025-11-16T21:41:43.379+0000] {processor.py:914} INFO - Processing file /home/airflow/.local/lib/python3.12/site-packages/airflow/example_dags/tutorial.py for tasks to queue
[2025-11-16T21:41:43.381+0000] {logging_mixin.py:190} INFO - [2025-11-16T21:41:43.380+0000] {dagbag.py:588} INFO - Filling up the DagBag from /home/airflow/.local/lib/python3.12/site-packages/airflow/example_dags/tutorial.py
[2025-11-16T21:41:43.388+0000] {processor.py:925} INFO - DAG(s) 'tutorial' retrieved from /home/airflow/.local/lib/python3.12/site-packages/airflow/example_dags/tutorial.py
[2025-11-16T21:41:43.402+0000] {logging_mixin.py:190} INFO - [2025-11-16T21:41:43.402+0000] {dag.py:3239} INFO - Sync 1 DAGs
[2025-11-16T21:41:43.419+0000] {logging_mixin.py:190} INFO - [2025-11-16T21:41:43.419+0000] {dag.py:4180} INFO - Setting next_dagrun for tutorial to 2025-11-15 00:00:00+00:00, run_after=2025-11-16 00:00:00+00:00
[2025-11-16T21:41:43.431+0000] {processor.py:208} INFO - Processing /home/airflow/.local/lib/python3.12/site-packages/airflow/example_dags/tutorial.py took 0.056 seconds
[2025-11-16T21:42:14.238+0000] {processor.py:186} INFO - Started process (PID=5616) to work on /home/airflow/.local/lib/python3.12/site-packages/airflow/example_dags/tutorial.py
[2025-11-16T21:42:14.240+0000] {processor.py:914} INFO - Processing file /home/airflow/.local/lib/python3.12/site-packages/airflow/example_dags/tutorial.py for tasks to queue
[2025-11-16T21:42:14.241+0000] {logging_mixin.py:190} INFO - [2025-11-16T21:42:14.240+0000] {dagbag.py:588} INFO - Filling up the DagBag from /home/airflow/.local/lib/python3.12/site-packages/airflow/example_dags/tutorial.py
[2025-11-16T21:42:14.248+0000] {processor.py:925} INFO - DAG(s) 'tutorial' retrieved from /home/airflow/.local/lib/python3.12/site-packages/airflow/example_dags/tutorial.py
[2025-11-16T21:42:14.264+0000] {logging_mixin.py:190} INFO - [2025-11-16T21:42:14.264+0000] {dag.py:3239} INFO - Sync 1 DAGs
[2025-11-16T21:42:14.283+0000] {logging_mixin.py:190} INFO - [2025-11-16T21:42:14.283+0000] {dag.py:4180} INFO - Setting next_dagrun for tutorial to 2025-11-15 00:00:00+00:00, run_after=2025-11-16 00:00:00+00:00
[2025-11-16T21:42:14.296+0000] {processor.py:208} INFO - Processing /home/airflow/.local/lib/python3.12/site-packages/airflow/example_dags/tutorial.py took 0.062 seconds
[2025-11-16T21:42:45.123+0000] {processor.py:186} INFO - Started process (PID=5681) to work on /home/airflow/.local/lib/python3.12/site-packages/airflow/example_dags/tutorial.py
[2025-11-16T21:42:45.124+0000] {processor.py:914} INFO - Processing file /home/airflow/.local/lib/python3.12/site-packages/airflow/example_dags/tutorial.py for tasks to queue
[2025-11-16T21:42:45.125+0000] {logging_mixin.py:190} INFO - [2025-11-16T21:42:45.125+0000] {dagbag.py:588} INFO - Filling up the DagBag from /home/airflow/.local/lib/python3.12/site-packages/airflow/example_dags/tutorial.py
[2025-11-16T21:42:45.135+0000] {processor.py:925} INFO - DAG(s) 'tutorial' retrieved from /home/airflow/.local/lib/python3.12/site-packages/airflow/example_dags/tutorial.py
[2025-11-16T21:42:45.151+0000] {logging_mixin.py:190} INFO - [2025-11-16T21:42:45.151+0000] {dag.py:3239} INFO - Sync 1 DAGs
[2025-11-16T21:42:45.168+0000] {logging_mixin.py:190} INFO - [2025-11-16T21:42:45.168+0000] {dag.py:4180} INFO - Setting next_dagrun for tutorial to 2025-11-15 00:00:00+00:00, run_after=2025-11-16 00:00:00+00:00
[2025-11-16T21:42:45.183+0000] {processor.py:208} INFO - Processing /home/airflow/.local/lib/python3.12/site-packages/airflow/example_dags/tutorial.py took 0.064 seconds
[2025-11-16T21:44:09.951+0000] {processor.py:186} INFO - Started process (PID=76) to work on /home/airflow/.local/lib/python3.12/site-packages/airflow/example_dags/tutorial.py
[2025-11-16T21:44:09.953+0000] {processor.py:914} INFO - Processing file /home/airflow/.local/lib/python3.12/site-packages/airflow/example_dags/tutorial.py for tasks to queue
[2025-11-16T21:44:09.955+0000] {logging_mixin.py:190} INFO - [2025-11-16T21:44:09.955+0000] {dagbag.py:588} INFO - Filling up the DagBag from /home/airflow/.local/lib/python3.12/site-packages/airflow/example_dags/tutorial.py
[2025-11-16T21:44:09.962+0000] {processor.py:925} INFO - DAG(s) 'tutorial' retrieved from /home/airflow/.local/lib/python3.12/site-packages/airflow/example_dags/tutorial.py
[2025-11-16T21:44:09.979+0000] {logging_mixin.py:190} INFO - [2025-11-16T21:44:09.979+0000] {dag.py:3239} INFO - Sync 1 DAGs
[2025-11-16T21:44:09.996+0000] {logging_mixin.py:190} INFO - [2025-11-16T21:44:09.996+0000] {dag.py:4180} INFO - Setting next_dagrun for tutorial to 2025-11-15 00:00:00+00:00, run_after=2025-11-16 00:00:00+00:00
[2025-11-16T21:44:10.010+0000] {processor.py:208} INFO - Processing /home/airflow/.local/lib/python3.12/site-packages/airflow/example_dags/tutorial.py took 0.063 seconds
[2025-11-16T21:44:40.479+0000] {processor.py:186} INFO - Started process (PID=141) to work on /home/airflow/.local/lib/python3.12/site-packages/airflow/example_dags/tutorial.py
[2025-11-16T21:44:40.480+0000] {processor.py:914} INFO - Processing file /home/airflow/.local/lib/python3.12/site-packages/airflow/example_dags/tutorial.py for tasks to queue
[2025-11-16T21:44:40.482+0000] {logging_mixin.py:190} INFO - [2025-11-16T21:44:40.481+0000] {dagbag.py:588} INFO - Filling up the DagBag from /home/airflow/.local/lib/python3.12/site-packages/airflow/example_dags/tutorial.py
[2025-11-16T21:44:40.488+0000] {processor.py:925} INFO - DAG(s) 'tutorial' retrieved from /home/airflow/.local/lib/python3.12/site-packages/airflow/example_dags/tutorial.py
[2025-11-16T21:44:40.504+0000] {logging_mixin.py:190} INFO - [2025-11-16T21:44:40.504+0000] {dag.py:3239} INFO - Sync 1 DAGs
[2025-11-16T21:44:40.521+0000] {logging_mixin.py:190} INFO - [2025-11-16T21:44:40.521+0000] {dag.py:4180} INFO - Setting next_dagrun for tutorial to 2025-11-15 00:00:00+00:00, run_after=2025-11-16 00:00:00+00:00
[2025-11-16T21:44:40.534+0000] {processor.py:208} INFO - Processing /home/airflow/.local/lib/python3.12/site-packages/airflow/example_dags/tutorial.py took 0.060 seconds
[2025-11-16T21:45:10.925+0000] {processor.py:186} INFO - Started process (PID=205) to work on /home/airflow/.local/lib/python3.12/site-packages/airflow/example_dags/tutorial.py
[2025-11-16T21:45:10.927+0000] {processor.py:914} INFO - Processing file /home/airflow/.local/lib/python3.12/site-packages/airflow/example_dags/tutorial.py for tasks to queue
[2025-11-16T21:45:10.929+0000] {logging_mixin.py:190} INFO - [2025-11-16T21:45:10.929+0000] {dagbag.py:588} INFO - Filling up the DagBag from /home/airflow/.local/lib/python3.12/site-packages/airflow/example_dags/tutorial.py
[2025-11-16T21:45:10.936+0000] {processor.py:925} INFO - DAG(s) 'tutorial' retrieved from /home/airflow/.local/lib/python3.12/site-packages/airflow/example_dags/tutorial.py
[2025-11-16T21:45:10.953+0000] {logging_mixin.py:190} INFO - [2025-11-16T21:45:10.953+0000] {dag.py:3239} INFO - Sync 1 DAGs
[2025-11-16T21:45:10.978+0000] {logging_mixin.py:190} INFO - [2025-11-16T21:45:10.978+0000] {dag.py:4180} INFO - Setting next_dagrun for tutorial to 2025-11-15 00:00:00+00:00, run_after=2025-11-16 00:00:00+00:00
[2025-11-16T21:45:10.992+0000] {processor.py:208} INFO - Processing /home/airflow/.local/lib/python3.12/site-packages/airflow/example_dags/tutorial.py took 0.071 seconds
[2025-11-16T21:45:42.338+0000] {processor.py:186} INFO - Started process (PID=270) to work on /home/airflow/.local/lib/python3.12/site-packages/airflow/example_dags/tutorial.py
[2025-11-16T21:45:42.340+0000] {processor.py:914} INFO - Processing file /home/airflow/.local/lib/python3.12/site-packages/airflow/example_dags/tutorial.py for tasks to queue
[2025-11-16T21:45:42.345+0000] {logging_mixin.py:190} INFO - [2025-11-16T21:45:42.344+0000] {dagbag.py:588} INFO - Filling up the DagBag from /home/airflow/.local/lib/python3.12/site-packages/airflow/example_dags/tutorial.py
[2025-11-16T21:45:42.353+0000] {processor.py:925} INFO - DAG(s) 'tutorial' retrieved from /home/airflow/.local/lib/python3.12/site-packages/airflow/example_dags/tutorial.py
[2025-11-16T21:45:42.372+0000] {logging_mixin.py:190} INFO - [2025-11-16T21:45:42.372+0000] {dag.py:3239} INFO - Sync 1 DAGs
[2025-11-16T21:45:42.391+0000] {logging_mixin.py:190} INFO - [2025-11-16T21:45:42.391+0000] {dag.py:4180} INFO - Setting next_dagrun for tutorial to 2025-11-15 00:00:00+00:00, run_after=2025-11-16 00:00:00+00:00
[2025-11-16T21:45:42.409+0000] {processor.py:208} INFO - Processing /home/airflow/.local/lib/python3.12/site-packages/airflow/example_dags/tutorial.py took 0.075 seconds
[2025-11-16T21:46:12.794+0000] {processor.py:186} INFO - Started process (PID=334) to work on /home/airflow/.local/lib/python3.12/site-packages/airflow/example_dags/tutorial.py
[2025-11-16T21:46:12.795+0000] {processor.py:914} INFO - Processing file /home/airflow/.local/lib/python3.12/site-packages/airflow/example_dags/tutorial.py for tasks to queue
[2025-11-16T21:46:12.798+0000] {logging_mixin.py:190} INFO - [2025-11-16T21:46:12.798+0000] {dagbag.py:588} INFO - Filling up the DagBag from /home/airflow/.local/lib/python3.12/site-packages/airflow/example_dags/tutorial.py
[2025-11-16T21:46:12.804+0000] {processor.py:925} INFO - DAG(s) 'tutorial' retrieved from /home/airflow/.local/lib/python3.12/site-packages/airflow/example_dags/tutorial.py
[2025-11-16T21:46:12.819+0000] {logging_mixin.py:190} INFO - [2025-11-16T21:46:12.819+0000] {dag.py:3239} INFO - Sync 1 DAGs
[2025-11-16T21:46:12.834+0000] {logging_mixin.py:190} INFO - [2025-11-16T21:46:12.834+0000] {dag.py:4180} INFO - Setting next_dagrun for tutorial to 2025-11-15 00:00:00+00:00, run_after=2025-11-16 00:00:00+00:00
[2025-11-16T21:46:13.051+0000] {processor.py:208} INFO - Processing /home/airflow/.local/lib/python3.12/site-packages/airflow/example_dags/tutorial.py took 0.262 seconds
[2025-11-16T21:46:44.650+0000] {processor.py:186} INFO - Started process (PID=400) to work on /home/airflow/.local/lib/python3.12/site-packages/airflow/example_dags/tutorial.py
[2025-11-16T21:46:44.651+0000] {processor.py:914} INFO - Processing file /home/airflow/.local/lib/python3.12/site-packages/airflow/example_dags/tutorial.py for tasks to queue
[2025-11-16T21:46:44.655+0000] {logging_mixin.py:190} INFO - [2025-11-16T21:46:44.654+0000] {dagbag.py:588} INFO - Filling up the DagBag from /home/airflow/.local/lib/python3.12/site-packages/airflow/example_dags/tutorial.py
[2025-11-16T21:46:44.664+0000] {processor.py:925} INFO - DAG(s) 'tutorial' retrieved from /home/airflow/.local/lib/python3.12/site-packages/airflow/example_dags/tutorial.py
[2025-11-16T21:46:44.679+0000] {logging_mixin.py:190} INFO - [2025-11-16T21:46:44.678+0000] {dag.py:3239} INFO - Sync 1 DAGs
[2025-11-16T21:46:44.696+0000] {logging_mixin.py:190} INFO - [2025-11-16T21:46:44.696+0000] {dag.py:4180} INFO - Setting next_dagrun for tutorial to 2025-11-15 00:00:00+00:00, run_after=2025-11-16 00:00:00+00:00
[2025-11-16T21:46:44.712+0000] {processor.py:208} INFO - Processing /home/airflow/.local/lib/python3.12/site-packages/airflow/example_dags/tutorial.py took 0.066 seconds
[2025-11-16T21:47:15.258+0000] {processor.py:186} INFO - Started process (PID=465) to work on /home/airflow/.local/lib/python3.12/site-packages/airflow/example_dags/tutorial.py
[2025-11-16T21:47:15.259+0000] {processor.py:914} INFO - Processing file /home/airflow/.local/lib/python3.12/site-packages/airflow/example_dags/tutorial.py for tasks to queue
[2025-11-16T21:47:15.261+0000] {logging_mixin.py:190} INFO - [2025-11-16T21:47:15.261+0000] {dagbag.py:588} INFO - Filling up the DagBag from /home/airflow/.local/lib/python3.12/site-packages/airflow/example_dags/tutorial.py
[2025-11-16T21:47:15.268+0000] {processor.py:925} INFO - DAG(s) 'tutorial' retrieved from /home/airflow/.local/lib/python3.12/site-packages/airflow/example_dags/tutorial.py
[2025-11-16T21:47:15.282+0000] {logging_mixin.py:190} INFO - [2025-11-16T21:47:15.282+0000] {dag.py:3239} INFO - Sync 1 DAGs
[2025-11-16T21:47:15.297+0000] {logging_mixin.py:190} INFO - [2025-11-16T21:47:15.297+0000] {dag.py:4180} INFO - Setting next_dagrun for tutorial to 2025-11-15 00:00:00+00:00, run_after=2025-11-16 00:00:00+00:00
[2025-11-16T21:47:15.311+0000] {processor.py:208} INFO - Processing /home/airflow/.local/lib/python3.12/site-packages/airflow/example_dags/tutorial.py took 0.057 seconds
[2025-11-16T21:47:46.480+0000] {processor.py:186} INFO - Started process (PID=530) to work on /home/airflow/.local/lib/python3.12/site-packages/airflow/example_dags/tutorial.py
[2025-11-16T21:47:46.481+0000] {processor.py:914} INFO - Processing file /home/airflow/.local/lib/python3.12/site-packages/airflow/example_dags/tutorial.py for tasks to queue
[2025-11-16T21:47:46.483+0000] {logging_mixin.py:190} INFO - [2025-11-16T21:47:46.483+0000] {dagbag.py:588} INFO - Filling up the DagBag from /home/airflow/.local/lib/python3.12/site-packages/airflow/example_dags/tutorial.py
[2025-11-16T21:47:46.490+0000] {processor.py:925} INFO - DAG(s) 'tutorial' retrieved from /home/airflow/.local/lib/python3.12/site-packages/airflow/example_dags/tutorial.py
[2025-11-16T21:47:46.504+0000] {logging_mixin.py:190} INFO - [2025-11-16T21:47:46.504+0000] {dag.py:3239} INFO - Sync 1 DAGs
[2025-11-16T21:47:46.519+0000] {logging_mixin.py:190} INFO - [2025-11-16T21:47:46.519+0000] {dag.py:4180} INFO - Setting next_dagrun for tutorial to 2025-11-15 00:00:00+00:00, run_after=2025-11-16 00:00:00+00:00
[2025-11-16T21:47:46.532+0000] {processor.py:208} INFO - Processing /home/airflow/.local/lib/python3.12/site-packages/airflow/example_dags/tutorial.py took 0.056 seconds
[2025-11-16T21:48:17.778+0000] {processor.py:186} INFO - Started process (PID=595) to work on /home/airflow/.local/lib/python3.12/site-packages/airflow/example_dags/tutorial.py
[2025-11-16T21:48:17.780+0000] {processor.py:914} INFO - Processing file /home/airflow/.local/lib/python3.12/site-packages/airflow/example_dags/tutorial.py for tasks to queue
[2025-11-16T21:48:17.782+0000] {logging_mixin.py:190} INFO - [2025-11-16T21:48:17.782+0000] {dagbag.py:588} INFO - Filling up the DagBag from /home/airflow/.local/lib/python3.12/site-packages/airflow/example_dags/tutorial.py
[2025-11-16T21:48:17.788+0000] {processor.py:925} INFO - DAG(s) 'tutorial' retrieved from /home/airflow/.local/lib/python3.12/site-packages/airflow/example_dags/tutorial.py
[2025-11-16T21:48:17.804+0000] {logging_mixin.py:190} INFO - [2025-11-16T21:48:17.803+0000] {dag.py:3239} INFO - Sync 1 DAGs
[2025-11-16T21:48:17.821+0000] {logging_mixin.py:190} INFO - [2025-11-16T21:48:17.821+0000] {dag.py:4180} INFO - Setting next_dagrun for tutorial to 2025-11-15 00:00:00+00:00, run_after=2025-11-16 00:00:00+00:00
[2025-11-16T21:48:17.837+0000] {processor.py:208} INFO - Processing /home/airflow/.local/lib/python3.12/site-packages/airflow/example_dags/tutorial.py took 0.063 seconds
[2025-11-16T21:48:49.304+0000] {processor.py:186} INFO - Started process (PID=660) to work on /home/airflow/.local/lib/python3.12/site-packages/airflow/example_dags/tutorial.py
[2025-11-16T21:48:49.305+0000] {processor.py:914} INFO - Processing file /home/airflow/.local/lib/python3.12/site-packages/airflow/example_dags/tutorial.py for tasks to queue
[2025-11-16T21:48:49.307+0000] {logging_mixin.py:190} INFO - [2025-11-16T21:48:49.306+0000] {dagbag.py:588} INFO - Filling up the DagBag from /home/airflow/.local/lib/python3.12/site-packages/airflow/example_dags/tutorial.py
[2025-11-16T21:48:49.315+0000] {processor.py:925} INFO - DAG(s) 'tutorial' retrieved from /home/airflow/.local/lib/python3.12/site-packages/airflow/example_dags/tutorial.py
[2025-11-16T21:48:49.328+0000] {logging_mixin.py:190} INFO - [2025-11-16T21:48:49.328+0000] {dag.py:3239} INFO - Sync 1 DAGs
[2025-11-16T21:48:49.345+0000] {logging_mixin.py:190} INFO - [2025-11-16T21:48:49.345+0000] {dag.py:4180} INFO - Setting next_dagrun for tutorial to 2025-11-15 00:00:00+00:00, run_after=2025-11-16 00:00:00+00:00
[2025-11-16T21:48:49.358+0000] {processor.py:208} INFO - Processing /home/airflow/.local/lib/python3.12/site-packages/airflow/example_dags/tutorial.py took 0.060 seconds
[2025-11-16T21:49:27.663+0000] {processor.py:186} INFO - Started process (PID=729) to work on /home/airflow/.local/lib/python3.12/site-packages/airflow/example_dags/tutorial.py
[2025-11-16T21:49:27.664+0000] {processor.py:914} INFO - Processing file /home/airflow/.local/lib/python3.12/site-packages/airflow/example_dags/tutorial.py for tasks to queue
[2025-11-16T21:49:27.666+0000] {logging_mixin.py:190} INFO - [2025-11-16T21:49:27.666+0000] {dagbag.py:588} INFO - Filling up the DagBag from /home/airflow/.local/lib/python3.12/site-packages/airflow/example_dags/tutorial.py
[2025-11-16T21:49:27.675+0000] {processor.py:925} INFO - DAG(s) 'tutorial' retrieved from /home/airflow/.local/lib/python3.12/site-packages/airflow/example_dags/tutorial.py
[2025-11-16T21:49:27.695+0000] {logging_mixin.py:190} INFO - [2025-11-16T21:49:27.695+0000] {dag.py:3239} INFO - Sync 1 DAGs
[2025-11-16T21:49:27.716+0000] {logging_mixin.py:190} INFO - [2025-11-16T21:49:27.715+0000] {dag.py:4180} INFO - Setting next_dagrun for tutorial to 2025-11-15 00:00:00+00:00, run_after=2025-11-16 00:00:00+00:00
[2025-11-16T21:49:27.731+0000] {processor.py:208} INFO - Processing /home/airflow/.local/lib/python3.12/site-packages/airflow/example_dags/tutorial.py took 0.073 seconds
[2025-11-16T21:49:57.851+0000] {processor.py:186} INFO - Started process (PID=793) to work on /home/airflow/.local/lib/python3.12/site-packages/airflow/example_dags/tutorial.py
[2025-11-16T21:49:57.852+0000] {processor.py:914} INFO - Processing file /home/airflow/.local/lib/python3.12/site-packages/airflow/example_dags/tutorial.py for tasks to queue
[2025-11-16T21:49:57.854+0000] {logging_mixin.py:190} INFO - [2025-11-16T21:49:57.854+0000] {dagbag.py:588} INFO - Filling up the DagBag from /home/airflow/.local/lib/python3.12/site-packages/airflow/example_dags/tutorial.py
[2025-11-16T21:49:57.860+0000] {processor.py:925} INFO - DAG(s) 'tutorial' retrieved from /home/airflow/.local/lib/python3.12/site-packages/airflow/example_dags/tutorial.py
[2025-11-16T21:49:57.878+0000] {logging_mixin.py:190} INFO - [2025-11-16T21:49:57.878+0000] {dag.py:3239} INFO - Sync 1 DAGs
[2025-11-16T21:49:57.897+0000] {logging_mixin.py:190} INFO - [2025-11-16T21:49:57.897+0000] {dag.py:4180} INFO - Setting next_dagrun for tutorial to 2025-11-15 00:00:00+00:00, run_after=2025-11-16 00:00:00+00:00
[2025-11-16T21:49:57.912+0000] {processor.py:208} INFO - Processing /home/airflow/.local/lib/python3.12/site-packages/airflow/example_dags/tutorial.py took 0.066 seconds
[2025-11-16T21:50:28.068+0000] {processor.py:186} INFO - Started process (PID=857) to work on /home/airflow/.local/lib/python3.12/site-packages/airflow/example_dags/tutorial.py
[2025-11-16T21:50:28.069+0000] {processor.py:914} INFO - Processing file /home/airflow/.local/lib/python3.12/site-packages/airflow/example_dags/tutorial.py for tasks to queue
[2025-11-16T21:50:28.071+0000] {logging_mixin.py:190} INFO - [2025-11-16T21:50:28.071+0000] {dagbag.py:588} INFO - Filling up the DagBag from /home/airflow/.local/lib/python3.12/site-packages/airflow/example_dags/tutorial.py
[2025-11-16T21:50:28.077+0000] {processor.py:925} INFO - DAG(s) 'tutorial' retrieved from /home/airflow/.local/lib/python3.12/site-packages/airflow/example_dags/tutorial.py
[2025-11-16T21:50:28.093+0000] {logging_mixin.py:190} INFO - [2025-11-16T21:50:28.093+0000] {dag.py:3239} INFO - Sync 1 DAGs
[2025-11-16T21:50:28.110+0000] {logging_mixin.py:190} INFO - [2025-11-16T21:50:28.109+0000] {dag.py:4180} INFO - Setting next_dagrun for tutorial to 2025-11-15 00:00:00+00:00, run_after=2025-11-16 00:00:00+00:00
[2025-11-16T21:50:28.154+0000] {processor.py:208} INFO - Processing /home/airflow/.local/lib/python3.12/site-packages/airflow/example_dags/tutorial.py took 0.090 seconds
[2025-11-16T21:50:58.486+0000] {processor.py:186} INFO - Started process (PID=922) to work on /home/airflow/.local/lib/python3.12/site-packages/airflow/example_dags/tutorial.py
[2025-11-16T21:50:58.487+0000] {processor.py:914} INFO - Processing file /home/airflow/.local/lib/python3.12/site-packages/airflow/example_dags/tutorial.py for tasks to queue
[2025-11-16T21:50:58.489+0000] {logging_mixin.py:190} INFO - [2025-11-16T21:50:58.489+0000] {dagbag.py:588} INFO - Filling up the DagBag from /home/airflow/.local/lib/python3.12/site-packages/airflow/example_dags/tutorial.py
[2025-11-16T21:50:58.497+0000] {processor.py:925} INFO - DAG(s) 'tutorial' retrieved from /home/airflow/.local/lib/python3.12/site-packages/airflow/example_dags/tutorial.py
[2025-11-16T21:50:58.514+0000] {logging_mixin.py:190} INFO - [2025-11-16T21:50:58.514+0000] {dag.py:3239} INFO - Sync 1 DAGs
[2025-11-16T21:50:58.531+0000] {logging_mixin.py:190} INFO - [2025-11-16T21:50:58.530+0000] {dag.py:4180} INFO - Setting next_dagrun for tutorial to 2025-11-15 00:00:00+00:00, run_after=2025-11-16 00:00:00+00:00
[2025-11-16T21:50:58.547+0000] {processor.py:208} INFO - Processing /home/airflow/.local/lib/python3.12/site-packages/airflow/example_dags/tutorial.py took 0.065 seconds
[2025-11-16T21:51:29.381+0000] {processor.py:186} INFO - Started process (PID=987) to work on /home/airflow/.local/lib/python3.12/site-packages/airflow/example_dags/tutorial.py
[2025-11-16T21:51:29.382+0000] {processor.py:914} INFO - Processing file /home/airflow/.local/lib/python3.12/site-packages/airflow/example_dags/tutorial.py for tasks to queue
[2025-11-16T21:51:29.384+0000] {logging_mixin.py:190} INFO - [2025-11-16T21:51:29.384+0000] {dagbag.py:588} INFO - Filling up the DagBag from /home/airflow/.local/lib/python3.12/site-packages/airflow/example_dags/tutorial.py
[2025-11-16T21:51:29.391+0000] {processor.py:925} INFO - DAG(s) 'tutorial' retrieved from /home/airflow/.local/lib/python3.12/site-packages/airflow/example_dags/tutorial.py
[2025-11-16T21:51:29.404+0000] {logging_mixin.py:190} INFO - [2025-11-16T21:51:29.404+0000] {dag.py:3239} INFO - Sync 1 DAGs
[2025-11-16T21:51:29.421+0000] {logging_mixin.py:190} INFO - [2025-11-16T21:51:29.421+0000] {dag.py:4180} INFO - Setting next_dagrun for tutorial to 2025-11-15 00:00:00+00:00, run_after=2025-11-16 00:00:00+00:00
[2025-11-16T21:51:29.436+0000] {processor.py:208} INFO - Processing /home/airflow/.local/lib/python3.12/site-packages/airflow/example_dags/tutorial.py took 0.059 seconds
[2025-11-16T21:51:59.850+0000] {processor.py:186} INFO - Started process (PID=1052) to work on /home/airflow/.local/lib/python3.12/site-packages/airflow/example_dags/tutorial.py
[2025-11-16T21:51:59.851+0000] {processor.py:914} INFO - Processing file /home/airflow/.local/lib/python3.12/site-packages/airflow/example_dags/tutorial.py for tasks to queue
[2025-11-16T21:51:59.853+0000] {logging_mixin.py:190} INFO - [2025-11-16T21:51:59.853+0000] {dagbag.py:588} INFO - Filling up the DagBag from /home/airflow/.local/lib/python3.12/site-packages/airflow/example_dags/tutorial.py
[2025-11-16T21:51:59.860+0000] {processor.py:925} INFO - DAG(s) 'tutorial' retrieved from /home/airflow/.local/lib/python3.12/site-packages/airflow/example_dags/tutorial.py
[2025-11-16T21:51:59.876+0000] {logging_mixin.py:190} INFO - [2025-11-16T21:51:59.876+0000] {dag.py:3239} INFO - Sync 1 DAGs
[2025-11-16T21:51:59.892+0000] {logging_mixin.py:190} INFO - [2025-11-16T21:51:59.891+0000] {dag.py:4180} INFO - Setting next_dagrun for tutorial to 2025-11-15 00:00:00+00:00, run_after=2025-11-16 00:00:00+00:00
[2025-11-16T21:51:59.909+0000] {processor.py:208} INFO - Processing /home/airflow/.local/lib/python3.12/site-packages/airflow/example_dags/tutorial.py took 0.062 seconds
[2025-11-16T21:52:30.382+0000] {processor.py:186} INFO - Started process (PID=1117) to work on /home/airflow/.local/lib/python3.12/site-packages/airflow/example_dags/tutorial.py
[2025-11-16T21:52:30.383+0000] {processor.py:914} INFO - Processing file /home/airflow/.local/lib/python3.12/site-packages/airflow/example_dags/tutorial.py for tasks to queue
[2025-11-16T21:52:30.385+0000] {logging_mixin.py:190} INFO - [2025-11-16T21:52:30.385+0000] {dagbag.py:588} INFO - Filling up the DagBag from /home/airflow/.local/lib/python3.12/site-packages/airflow/example_dags/tutorial.py
[2025-11-16T21:52:30.392+0000] {processor.py:925} INFO - DAG(s) 'tutorial' retrieved from /home/airflow/.local/lib/python3.12/site-packages/airflow/example_dags/tutorial.py
[2025-11-16T21:52:30.409+0000] {logging_mixin.py:190} INFO - [2025-11-16T21:52:30.409+0000] {dag.py:3239} INFO - Sync 1 DAGs
[2025-11-16T21:52:30.425+0000] {logging_mixin.py:190} INFO - [2025-11-16T21:52:30.425+0000] {dag.py:4180} INFO - Setting next_dagrun for tutorial to 2025-11-15 00:00:00+00:00, run_after=2025-11-16 00:00:00+00:00
[2025-11-16T21:52:30.441+0000] {processor.py:208} INFO - Processing /home/airflow/.local/lib/python3.12/site-packages/airflow/example_dags/tutorial.py took 0.063 seconds
[2025-11-16T21:53:00.641+0000] {processor.py:186} INFO - Started process (PID=1182) to work on /home/airflow/.local/lib/python3.12/site-packages/airflow/example_dags/tutorial.py
[2025-11-16T21:53:00.642+0000] {processor.py:914} INFO - Processing file /home/airflow/.local/lib/python3.12/site-packages/airflow/example_dags/tutorial.py for tasks to queue
[2025-11-16T21:53:00.644+0000] {logging_mixin.py:190} INFO - [2025-11-16T21:53:00.643+0000] {dagbag.py:588} INFO - Filling up the DagBag from /home/airflow/.local/lib/python3.12/site-packages/airflow/example_dags/tutorial.py
[2025-11-16T21:53:00.650+0000] {processor.py:925} INFO - DAG(s) 'tutorial' retrieved from /home/airflow/.local/lib/python3.12/site-packages/airflow/example_dags/tutorial.py
[2025-11-16T21:53:00.666+0000] {logging_mixin.py:190} INFO - [2025-11-16T21:53:00.666+0000] {dag.py:3239} INFO - Sync 1 DAGs
[2025-11-16T21:53:00.683+0000] {logging_mixin.py:190} INFO - [2025-11-16T21:53:00.682+0000] {dag.py:4180} INFO - Setting next_dagrun for tutorial to 2025-11-15 00:00:00+00:00, run_after=2025-11-16 00:00:00+00:00
[2025-11-16T21:53:00.695+0000] {processor.py:208} INFO - Processing /home/airflow/.local/lib/python3.12/site-packages/airflow/example_dags/tutorial.py took 0.058 seconds
[2025-11-16T21:53:31.220+0000] {processor.py:186} INFO - Started process (PID=1247) to work on /home/airflow/.local/lib/python3.12/site-packages/airflow/example_dags/tutorial.py
[2025-11-16T21:53:31.222+0000] {processor.py:914} INFO - Processing file /home/airflow/.local/lib/python3.12/site-packages/airflow/example_dags/tutorial.py for tasks to queue
[2025-11-16T21:53:31.224+0000] {logging_mixin.py:190} INFO - [2025-11-16T21:53:31.224+0000] {dagbag.py:588} INFO - Filling up the DagBag from /home/airflow/.local/lib/python3.12/site-packages/airflow/example_dags/tutorial.py
[2025-11-16T21:53:31.231+0000] {processor.py:925} INFO - DAG(s) 'tutorial' retrieved from /home/airflow/.local/lib/python3.12/site-packages/airflow/example_dags/tutorial.py
[2025-11-16T21:53:31.245+0000] {logging_mixin.py:190} INFO - [2025-11-16T21:53:31.245+0000] {dag.py:3239} INFO - Sync 1 DAGs
[2025-11-16T21:53:31.260+0000] {logging_mixin.py:190} INFO - [2025-11-16T21:53:31.260+0000] {dag.py:4180} INFO - Setting next_dagrun for tutorial to 2025-11-15 00:00:00+00:00, run_after=2025-11-16 00:00:00+00:00
[2025-11-16T21:53:31.274+0000] {processor.py:208} INFO - Processing /home/airflow/.local/lib/python3.12/site-packages/airflow/example_dags/tutorial.py took 0.058 seconds
[2025-11-16T21:54:02.186+0000] {processor.py:186} INFO - Started process (PID=1312) to work on /home/airflow/.local/lib/python3.12/site-packages/airflow/example_dags/tutorial.py
[2025-11-16T21:54:02.188+0000] {processor.py:914} INFO - Processing file /home/airflow/.local/lib/python3.12/site-packages/airflow/example_dags/tutorial.py for tasks to queue
[2025-11-16T21:54:02.190+0000] {logging_mixin.py:190} INFO - [2025-11-16T21:54:02.190+0000] {dagbag.py:588} INFO - Filling up the DagBag from /home/airflow/.local/lib/python3.12/site-packages/airflow/example_dags/tutorial.py
[2025-11-16T21:54:02.197+0000] {processor.py:925} INFO - DAG(s) 'tutorial' retrieved from /home/airflow/.local/lib/python3.12/site-packages/airflow/example_dags/tutorial.py
[2025-11-16T21:54:02.213+0000] {logging_mixin.py:190} INFO - [2025-11-16T21:54:02.213+0000] {dag.py:3239} INFO - Sync 1 DAGs
[2025-11-16T21:54:02.229+0000] {logging_mixin.py:190} INFO - [2025-11-16T21:54:02.229+0000] {dag.py:4180} INFO - Setting next_dagrun for tutorial to 2025-11-15 00:00:00+00:00, run_after=2025-11-16 00:00:00+00:00
[2025-11-16T21:54:02.246+0000] {processor.py:208} INFO - Processing /home/airflow/.local/lib/python3.12/site-packages/airflow/example_dags/tutorial.py took 0.064 seconds
[2025-11-16T21:54:32.573+0000] {processor.py:186} INFO - Started process (PID=1377) to work on /home/airflow/.local/lib/python3.12/site-packages/airflow/example_dags/tutorial.py
[2025-11-16T21:54:32.574+0000] {processor.py:914} INFO - Processing file /home/airflow/.local/lib/python3.12/site-packages/airflow/example_dags/tutorial.py for tasks to queue
[2025-11-16T21:54:32.576+0000] {logging_mixin.py:190} INFO - [2025-11-16T21:54:32.576+0000] {dagbag.py:588} INFO - Filling up the DagBag from /home/airflow/.local/lib/python3.12/site-packages/airflow/example_dags/tutorial.py
[2025-11-16T21:54:32.583+0000] {processor.py:925} INFO - DAG(s) 'tutorial' retrieved from /home/airflow/.local/lib/python3.12/site-packages/airflow/example_dags/tutorial.py
[2025-11-16T21:54:32.600+0000] {logging_mixin.py:190} INFO - [2025-11-16T21:54:32.600+0000] {dag.py:3239} INFO - Sync 1 DAGs
[2025-11-16T21:54:32.615+0000] {logging_mixin.py:190} INFO - [2025-11-16T21:54:32.615+0000] {dag.py:4180} INFO - Setting next_dagrun for tutorial to 2025-11-15 00:00:00+00:00, run_after=2025-11-16 00:00:00+00:00
[2025-11-16T21:54:32.631+0000] {processor.py:208} INFO - Processing /home/airflow/.local/lib/python3.12/site-packages/airflow/example_dags/tutorial.py took 0.062 seconds
[2025-11-16T21:55:03.402+0000] {processor.py:186} INFO - Started process (PID=1442) to work on /home/airflow/.local/lib/python3.12/site-packages/airflow/example_dags/tutorial.py
[2025-11-16T21:55:03.404+0000] {processor.py:914} INFO - Processing file /home/airflow/.local/lib/python3.12/site-packages/airflow/example_dags/tutorial.py for tasks to queue
[2025-11-16T21:55:03.406+0000] {logging_mixin.py:190} INFO - [2025-11-16T21:55:03.406+0000] {dagbag.py:588} INFO - Filling up the DagBag from /home/airflow/.local/lib/python3.12/site-packages/airflow/example_dags/tutorial.py
[2025-11-16T21:55:03.413+0000] {processor.py:925} INFO - DAG(s) 'tutorial' retrieved from /home/airflow/.local/lib/python3.12/site-packages/airflow/example_dags/tutorial.py
[2025-11-16T21:55:03.428+0000] {logging_mixin.py:190} INFO - [2025-11-16T21:55:03.428+0000] {dag.py:3239} INFO - Sync 1 DAGs
[2025-11-16T21:55:03.443+0000] {logging_mixin.py:190} INFO - [2025-11-16T21:55:03.443+0000] {dag.py:4180} INFO - Setting next_dagrun for tutorial to 2025-11-15 00:00:00+00:00, run_after=2025-11-16 00:00:00+00:00
[2025-11-16T21:55:03.459+0000] {processor.py:208} INFO - Processing /home/airflow/.local/lib/python3.12/site-packages/airflow/example_dags/tutorial.py took 0.062 seconds
[2025-11-16T21:55:33.818+0000] {processor.py:186} INFO - Started process (PID=1507) to work on /home/airflow/.local/lib/python3.12/site-packages/airflow/example_dags/tutorial.py
[2025-11-16T21:55:33.820+0000] {processor.py:914} INFO - Processing file /home/airflow/.local/lib/python3.12/site-packages/airflow/example_dags/tutorial.py for tasks to queue
[2025-11-16T21:55:33.822+0000] {logging_mixin.py:190} INFO - [2025-11-16T21:55:33.822+0000] {dagbag.py:588} INFO - Filling up the DagBag from /home/airflow/.local/lib/python3.12/site-packages/airflow/example_dags/tutorial.py
[2025-11-16T21:55:33.830+0000] {processor.py:925} INFO - DAG(s) 'tutorial' retrieved from /home/airflow/.local/lib/python3.12/site-packages/airflow/example_dags/tutorial.py
[2025-11-16T21:55:33.846+0000] {logging_mixin.py:190} INFO - [2025-11-16T21:55:33.846+0000] {dag.py:3239} INFO - Sync 1 DAGs
[2025-11-16T21:55:33.865+0000] {logging_mixin.py:190} INFO - [2025-11-16T21:55:33.865+0000] {dag.py:4180} INFO - Setting next_dagrun for tutorial to 2025-11-15 00:00:00+00:00, run_after=2025-11-16 00:00:00+00:00
[2025-11-16T21:55:33.879+0000] {processor.py:208} INFO - Processing /home/airflow/.local/lib/python3.12/site-packages/airflow/example_dags/tutorial.py took 0.065 seconds
[2025-11-16T21:56:04.313+0000] {processor.py:186} INFO - Started process (PID=1572) to work on /home/airflow/.local/lib/python3.12/site-packages/airflow/example_dags/tutorial.py
[2025-11-16T21:56:04.314+0000] {processor.py:914} INFO - Processing file /home/airflow/.local/lib/python3.12/site-packages/airflow/example_dags/tutorial.py for tasks to queue
[2025-11-16T21:56:04.316+0000] {logging_mixin.py:190} INFO - [2025-11-16T21:56:04.316+0000] {dagbag.py:588} INFO - Filling up the DagBag from /home/airflow/.local/lib/python3.12/site-packages/airflow/example_dags/tutorial.py
[2025-11-16T21:56:04.323+0000] {processor.py:925} INFO - DAG(s) 'tutorial' retrieved from /home/airflow/.local/lib/python3.12/site-packages/airflow/example_dags/tutorial.py
[2025-11-16T21:56:04.337+0000] {logging_mixin.py:190} INFO - [2025-11-16T21:56:04.337+0000] {dag.py:3239} INFO - Sync 1 DAGs
[2025-11-16T21:56:04.353+0000] {logging_mixin.py:190} INFO - [2025-11-16T21:56:04.352+0000] {dag.py:4180} INFO - Setting next_dagrun for tutorial to 2025-11-15 00:00:00+00:00, run_after=2025-11-16 00:00:00+00:00
[2025-11-16T21:56:04.365+0000] {processor.py:208} INFO - Processing /home/airflow/.local/lib/python3.12/site-packages/airflow/example_dags/tutorial.py took 0.057 seconds
[2025-11-16T21:56:34.564+0000] {processor.py:186} INFO - Started process (PID=1637) to work on /home/airflow/.local/lib/python3.12/site-packages/airflow/example_dags/tutorial.py
[2025-11-16T21:56:34.566+0000] {processor.py:914} INFO - Processing file /home/airflow/.local/lib/python3.12/site-packages/airflow/example_dags/tutorial.py for tasks to queue
[2025-11-16T21:56:34.569+0000] {logging_mixin.py:190} INFO - [2025-11-16T21:56:34.569+0000] {dagbag.py:588} INFO - Filling up the DagBag from /home/airflow/.local/lib/python3.12/site-packages/airflow/example_dags/tutorial.py
[2025-11-16T21:56:34.578+0000] {processor.py:925} INFO - DAG(s) 'tutorial' retrieved from /home/airflow/.local/lib/python3.12/site-packages/airflow/example_dags/tutorial.py
[2025-11-16T21:56:34.593+0000] {logging_mixin.py:190} INFO - [2025-11-16T21:56:34.593+0000] {dag.py:3239} INFO - Sync 1 DAGs
[2025-11-16T21:56:34.609+0000] {logging_mixin.py:190} INFO - [2025-11-16T21:56:34.608+0000] {dag.py:4180} INFO - Setting next_dagrun for tutorial to 2025-11-15 00:00:00+00:00, run_after=2025-11-16 00:00:00+00:00
[2025-11-16T21:56:34.627+0000] {processor.py:208} INFO - Processing /home/airflow/.local/lib/python3.12/site-packages/airflow/example_dags/tutorial.py took 0.069 seconds
[2025-11-16T21:57:05.150+0000] {processor.py:186} INFO - Started process (PID=1702) to work on /home/airflow/.local/lib/python3.12/site-packages/airflow/example_dags/tutorial.py
[2025-11-16T21:57:05.151+0000] {processor.py:914} INFO - Processing file /home/airflow/.local/lib/python3.12/site-packages/airflow/example_dags/tutorial.py for tasks to queue
[2025-11-16T21:57:05.153+0000] {logging_mixin.py:190} INFO - [2025-11-16T21:57:05.153+0000] {dagbag.py:588} INFO - Filling up the DagBag from /home/airflow/.local/lib/python3.12/site-packages/airflow/example_dags/tutorial.py
[2025-11-16T21:57:05.160+0000] {processor.py:925} INFO - DAG(s) 'tutorial' retrieved from /home/airflow/.local/lib/python3.12/site-packages/airflow/example_dags/tutorial.py
[2025-11-16T21:57:05.174+0000] {logging_mixin.py:190} INFO - [2025-11-16T21:57:05.174+0000] {dag.py:3239} INFO - Sync 1 DAGs
[2025-11-16T21:57:05.190+0000] {logging_mixin.py:190} INFO - [2025-11-16T21:57:05.189+0000] {dag.py:4180} INFO - Setting next_dagrun for tutorial to 2025-11-15 00:00:00+00:00, run_after=2025-11-16 00:00:00+00:00
[2025-11-16T21:57:05.204+0000] {processor.py:208} INFO - Processing /home/airflow/.local/lib/python3.12/site-packages/airflow/example_dags/tutorial.py took 0.058 seconds
[2025-11-16T21:57:35.673+0000] {processor.py:186} INFO - Started process (PID=1768) to work on /home/airflow/.local/lib/python3.12/site-packages/airflow/example_dags/tutorial.py
[2025-11-16T21:57:35.674+0000] {processor.py:914} INFO - Processing file /home/airflow/.local/lib/python3.12/site-packages/airflow/example_dags/tutorial.py for tasks to queue
[2025-11-16T21:57:35.676+0000] {logging_mixin.py:190} INFO - [2025-11-16T21:57:35.675+0000] {dagbag.py:588} INFO - Filling up the DagBag from /home/airflow/.local/lib/python3.12/site-packages/airflow/example_dags/tutorial.py
[2025-11-16T21:57:35.682+0000] {processor.py:925} INFO - DAG(s) 'tutorial' retrieved from /home/airflow/.local/lib/python3.12/site-packages/airflow/example_dags/tutorial.py
[2025-11-16T21:57:35.697+0000] {logging_mixin.py:190} INFO - [2025-11-16T21:57:35.697+0000] {dag.py:3239} INFO - Sync 1 DAGs
[2025-11-16T21:57:35.715+0000] {logging_mixin.py:190} INFO - [2025-11-16T21:57:35.715+0000] {dag.py:4180} INFO - Setting next_dagrun for tutorial to 2025-11-15 00:00:00+00:00, run_after=2025-11-16 00:00:00+00:00
[2025-11-16T21:57:35.728+0000] {processor.py:208} INFO - Processing /home/airflow/.local/lib/python3.12/site-packages/airflow/example_dags/tutorial.py took 0.060 seconds
[2025-11-16T21:58:06.230+0000] {processor.py:186} INFO - Started process (PID=1833) to work on /home/airflow/.local/lib/python3.12/site-packages/airflow/example_dags/tutorial.py
[2025-11-16T21:58:06.231+0000] {processor.py:914} INFO - Processing file /home/airflow/.local/lib/python3.12/site-packages/airflow/example_dags/tutorial.py for tasks to queue
[2025-11-16T21:58:06.233+0000] {logging_mixin.py:190} INFO - [2025-11-16T21:58:06.233+0000] {dagbag.py:588} INFO - Filling up the DagBag from /home/airflow/.local/lib/python3.12/site-packages/airflow/example_dags/tutorial.py
[2025-11-16T21:58:06.239+0000] {processor.py:925} INFO - DAG(s) 'tutorial' retrieved from /home/airflow/.local/lib/python3.12/site-packages/airflow/example_dags/tutorial.py
[2025-11-16T21:58:06.254+0000] {logging_mixin.py:190} INFO - [2025-11-16T21:58:06.254+0000] {dag.py:3239} INFO - Sync 1 DAGs
[2025-11-16T21:58:06.272+0000] {logging_mixin.py:190} INFO - [2025-11-16T21:58:06.271+0000] {dag.py:4180} INFO - Setting next_dagrun for tutorial to 2025-11-15 00:00:00+00:00, run_after=2025-11-16 00:00:00+00:00
[2025-11-16T21:58:06.288+0000] {processor.py:208} INFO - Processing /home/airflow/.local/lib/python3.12/site-packages/airflow/example_dags/tutorial.py took 0.062 seconds
[2025-11-16T21:58:36.789+0000] {processor.py:186} INFO - Started process (PID=1898) to work on /home/airflow/.local/lib/python3.12/site-packages/airflow/example_dags/tutorial.py
[2025-11-16T21:58:36.790+0000] {processor.py:914} INFO - Processing file /home/airflow/.local/lib/python3.12/site-packages/airflow/example_dags/tutorial.py for tasks to queue
[2025-11-16T21:58:36.792+0000] {logging_mixin.py:190} INFO - [2025-11-16T21:58:36.792+0000] {dagbag.py:588} INFO - Filling up the DagBag from /home/airflow/.local/lib/python3.12/site-packages/airflow/example_dags/tutorial.py
[2025-11-16T21:58:36.800+0000] {processor.py:925} INFO - DAG(s) 'tutorial' retrieved from /home/airflow/.local/lib/python3.12/site-packages/airflow/example_dags/tutorial.py
[2025-11-16T21:58:36.817+0000] {logging_mixin.py:190} INFO - [2025-11-16T21:58:36.817+0000] {dag.py:3239} INFO - Sync 1 DAGs
[2025-11-16T21:58:36.835+0000] {logging_mixin.py:190} INFO - [2025-11-16T21:58:36.835+0000] {dag.py:4180} INFO - Setting next_dagrun for tutorial to 2025-11-15 00:00:00+00:00, run_after=2025-11-16 00:00:00+00:00
[2025-11-16T21:58:36.849+0000] {processor.py:208} INFO - Processing /home/airflow/.local/lib/python3.12/site-packages/airflow/example_dags/tutorial.py took 0.064 seconds
[2025-11-16T21:59:07.499+0000] {processor.py:186} INFO - Started process (PID=1963) to work on /home/airflow/.local/lib/python3.12/site-packages/airflow/example_dags/tutorial.py
[2025-11-16T21:59:07.500+0000] {processor.py:914} INFO - Processing file /home/airflow/.local/lib/python3.12/site-packages/airflow/example_dags/tutorial.py for tasks to queue
[2025-11-16T21:59:07.502+0000] {logging_mixin.py:190} INFO - [2025-11-16T21:59:07.502+0000] {dagbag.py:588} INFO - Filling up the DagBag from /home/airflow/.local/lib/python3.12/site-packages/airflow/example_dags/tutorial.py
[2025-11-16T21:59:07.509+0000] {processor.py:925} INFO - DAG(s) 'tutorial' retrieved from /home/airflow/.local/lib/python3.12/site-packages/airflow/example_dags/tutorial.py
[2025-11-16T21:59:07.525+0000] {logging_mixin.py:190} INFO - [2025-11-16T21:59:07.525+0000] {dag.py:3239} INFO - Sync 1 DAGs
[2025-11-16T21:59:07.541+0000] {logging_mixin.py:190} INFO - [2025-11-16T21:59:07.541+0000] {dag.py:4180} INFO - Setting next_dagrun for tutorial to 2025-11-15 00:00:00+00:00, run_after=2025-11-16 00:00:00+00:00
[2025-11-16T21:59:07.555+0000] {processor.py:208} INFO - Processing /home/airflow/.local/lib/python3.12/site-packages/airflow/example_dags/tutorial.py took 0.060 seconds
[2025-11-16T22:01:10.064+0000] {processor.py:186} INFO - Started process (PID=1992) to work on /home/airflow/.local/lib/python3.12/site-packages/airflow/example_dags/tutorial.py
[2025-11-16T22:01:10.066+0000] {processor.py:914} INFO - Processing file /home/airflow/.local/lib/python3.12/site-packages/airflow/example_dags/tutorial.py for tasks to queue
[2025-11-16T22:01:10.069+0000] {logging_mixin.py:190} INFO - [2025-11-16T22:01:10.069+0000] {dagbag.py:588} INFO - Filling up the DagBag from /home/airflow/.local/lib/python3.12/site-packages/airflow/example_dags/tutorial.py
[2025-11-16T22:01:10.085+0000] {processor.py:925} INFO - DAG(s) 'tutorial' retrieved from /home/airflow/.local/lib/python3.12/site-packages/airflow/example_dags/tutorial.py
[2025-11-16T22:01:10.115+0000] {logging_mixin.py:190} INFO - [2025-11-16T22:01:10.115+0000] {dag.py:3239} INFO - Sync 1 DAGs
[2025-11-16T22:01:10.140+0000] {logging_mixin.py:190} INFO - [2025-11-16T22:01:10.140+0000] {dag.py:4180} INFO - Setting next_dagrun for tutorial to 2025-11-15 00:00:00+00:00, run_after=2025-11-16 00:00:00+00:00
[2025-11-16T22:01:10.166+0000] {processor.py:208} INFO - Processing /home/airflow/.local/lib/python3.12/site-packages/airflow/example_dags/tutorial.py took 0.109 seconds
[2025-11-16T22:01:42.005+0000] {processor.py:186} INFO - Started process (PID=2071) to work on /home/airflow/.local/lib/python3.12/site-packages/airflow/example_dags/tutorial.py
[2025-11-16T22:01:42.006+0000] {processor.py:914} INFO - Processing file /home/airflow/.local/lib/python3.12/site-packages/airflow/example_dags/tutorial.py for tasks to queue
[2025-11-16T22:01:42.008+0000] {logging_mixin.py:190} INFO - [2025-11-16T22:01:42.008+0000] {dagbag.py:588} INFO - Filling up the DagBag from /home/airflow/.local/lib/python3.12/site-packages/airflow/example_dags/tutorial.py
[2025-11-16T22:01:42.017+0000] {processor.py:925} INFO - DAG(s) 'tutorial' retrieved from /home/airflow/.local/lib/python3.12/site-packages/airflow/example_dags/tutorial.py
[2025-11-16T22:01:42.032+0000] {logging_mixin.py:190} INFO - [2025-11-16T22:01:42.031+0000] {dag.py:3239} INFO - Sync 1 DAGs
[2025-11-16T22:01:42.049+0000] {logging_mixin.py:190} INFO - [2025-11-16T22:01:42.049+0000] {dag.py:4180} INFO - Setting next_dagrun for tutorial to 2025-11-15 00:00:00+00:00, run_after=2025-11-16 00:00:00+00:00
[2025-11-16T22:01:42.063+0000] {processor.py:208} INFO - Processing /home/airflow/.local/lib/python3.12/site-packages/airflow/example_dags/tutorial.py took 0.063 seconds
[2025-11-16T22:02:12.732+0000] {processor.py:186} INFO - Started process (PID=2136) to work on /home/airflow/.local/lib/python3.12/site-packages/airflow/example_dags/tutorial.py
[2025-11-16T22:02:12.733+0000] {processor.py:914} INFO - Processing file /home/airflow/.local/lib/python3.12/site-packages/airflow/example_dags/tutorial.py for tasks to queue
[2025-11-16T22:02:12.734+0000] {logging_mixin.py:190} INFO - [2025-11-16T22:02:12.734+0000] {dagbag.py:588} INFO - Filling up the DagBag from /home/airflow/.local/lib/python3.12/site-packages/airflow/example_dags/tutorial.py
[2025-11-16T22:02:12.741+0000] {processor.py:925} INFO - DAG(s) 'tutorial' retrieved from /home/airflow/.local/lib/python3.12/site-packages/airflow/example_dags/tutorial.py
[2025-11-16T22:02:12.755+0000] {logging_mixin.py:190} INFO - [2025-11-16T22:02:12.754+0000] {dag.py:3239} INFO - Sync 1 DAGs
[2025-11-16T22:02:12.770+0000] {logging_mixin.py:190} INFO - [2025-11-16T22:02:12.769+0000] {dag.py:4180} INFO - Setting next_dagrun for tutorial to 2025-11-15 00:00:00+00:00, run_after=2025-11-16 00:00:00+00:00
[2025-11-16T22:02:12.782+0000] {processor.py:208} INFO - Processing /home/airflow/.local/lib/python3.12/site-packages/airflow/example_dags/tutorial.py took 0.054 seconds
[2025-11-16T22:02:44.100+0000] {processor.py:186} INFO - Started process (PID=2201) to work on /home/airflow/.local/lib/python3.12/site-packages/airflow/example_dags/tutorial.py
[2025-11-16T22:02:44.102+0000] {processor.py:914} INFO - Processing file /home/airflow/.local/lib/python3.12/site-packages/airflow/example_dags/tutorial.py for tasks to queue
[2025-11-16T22:02:44.104+0000] {logging_mixin.py:190} INFO - [2025-11-16T22:02:44.104+0000] {dagbag.py:588} INFO - Filling up the DagBag from /home/airflow/.local/lib/python3.12/site-packages/airflow/example_dags/tutorial.py
[2025-11-16T22:02:44.111+0000] {processor.py:925} INFO - DAG(s) 'tutorial' retrieved from /home/airflow/.local/lib/python3.12/site-packages/airflow/example_dags/tutorial.py
[2025-11-16T22:02:44.126+0000] {logging_mixin.py:190} INFO - [2025-11-16T22:02:44.126+0000] {dag.py:3239} INFO - Sync 1 DAGs
[2025-11-16T22:02:44.141+0000] {logging_mixin.py:190} INFO - [2025-11-16T22:02:44.141+0000] {dag.py:4180} INFO - Setting next_dagrun for tutorial to 2025-11-15 00:00:00+00:00, run_after=2025-11-16 00:00:00+00:00
[2025-11-16T22:02:44.154+0000] {processor.py:208} INFO - Processing /home/airflow/.local/lib/python3.12/site-packages/airflow/example_dags/tutorial.py took 0.058 seconds
[2025-11-16T22:03:15.581+0000] {processor.py:186} INFO - Started process (PID=2266) to work on /home/airflow/.local/lib/python3.12/site-packages/airflow/example_dags/tutorial.py
[2025-11-16T22:03:15.583+0000] {processor.py:914} INFO - Processing file /home/airflow/.local/lib/python3.12/site-packages/airflow/example_dags/tutorial.py for tasks to queue
[2025-11-16T22:03:15.584+0000] {logging_mixin.py:190} INFO - [2025-11-16T22:03:15.583+0000] {dagbag.py:588} INFO - Filling up the DagBag from /home/airflow/.local/lib/python3.12/site-packages/airflow/example_dags/tutorial.py
[2025-11-16T22:03:15.591+0000] {processor.py:925} INFO - DAG(s) 'tutorial' retrieved from /home/airflow/.local/lib/python3.12/site-packages/airflow/example_dags/tutorial.py
[2025-11-16T22:03:15.606+0000] {logging_mixin.py:190} INFO - [2025-11-16T22:03:15.606+0000] {dag.py:3239} INFO - Sync 1 DAGs
[2025-11-16T22:03:15.621+0000] {logging_mixin.py:190} INFO - [2025-11-16T22:03:15.621+0000] {dag.py:4180} INFO - Setting next_dagrun for tutorial to 2025-11-15 00:00:00+00:00, run_after=2025-11-16 00:00:00+00:00
[2025-11-16T22:03:15.635+0000] {processor.py:208} INFO - Processing /home/airflow/.local/lib/python3.12/site-packages/airflow/example_dags/tutorial.py took 0.058 seconds
[2025-11-16T22:03:46.576+0000] {processor.py:186} INFO - Started process (PID=2331) to work on /home/airflow/.local/lib/python3.12/site-packages/airflow/example_dags/tutorial.py
[2025-11-16T22:03:46.577+0000] {processor.py:914} INFO - Processing file /home/airflow/.local/lib/python3.12/site-packages/airflow/example_dags/tutorial.py for tasks to queue
[2025-11-16T22:03:46.578+0000] {logging_mixin.py:190} INFO - [2025-11-16T22:03:46.578+0000] {dagbag.py:588} INFO - Filling up the DagBag from /home/airflow/.local/lib/python3.12/site-packages/airflow/example_dags/tutorial.py
[2025-11-16T22:03:46.586+0000] {processor.py:925} INFO - DAG(s) 'tutorial' retrieved from /home/airflow/.local/lib/python3.12/site-packages/airflow/example_dags/tutorial.py
[2025-11-16T22:03:46.602+0000] {logging_mixin.py:190} INFO - [2025-11-16T22:03:46.602+0000] {dag.py:3239} INFO - Sync 1 DAGs
[2025-11-16T22:03:46.618+0000] {logging_mixin.py:190} INFO - [2025-11-16T22:03:46.618+0000] {dag.py:4180} INFO - Setting next_dagrun for tutorial to 2025-11-15 00:00:00+00:00, run_after=2025-11-16 00:00:00+00:00
[2025-11-16T22:03:46.633+0000] {processor.py:208} INFO - Processing /home/airflow/.local/lib/python3.12/site-packages/airflow/example_dags/tutorial.py took 0.062 seconds
[2025-11-16T22:04:18.247+0000] {processor.py:186} INFO - Started process (PID=2396) to work on /home/airflow/.local/lib/python3.12/site-packages/airflow/example_dags/tutorial.py
[2025-11-16T22:04:18.250+0000] {processor.py:914} INFO - Processing file /home/airflow/.local/lib/python3.12/site-packages/airflow/example_dags/tutorial.py for tasks to queue
[2025-11-16T22:04:18.252+0000] {logging_mixin.py:190} INFO - [2025-11-16T22:04:18.251+0000] {dagbag.py:588} INFO - Filling up the DagBag from /home/airflow/.local/lib/python3.12/site-packages/airflow/example_dags/tutorial.py
[2025-11-16T22:04:18.260+0000] {processor.py:925} INFO - DAG(s) 'tutorial' retrieved from /home/airflow/.local/lib/python3.12/site-packages/airflow/example_dags/tutorial.py
[2025-11-16T22:04:18.276+0000] {logging_mixin.py:190} INFO - [2025-11-16T22:04:18.276+0000] {dag.py:3239} INFO - Sync 1 DAGs
[2025-11-16T22:04:18.295+0000] {logging_mixin.py:190} INFO - [2025-11-16T22:04:18.295+0000] {dag.py:4180} INFO - Setting next_dagrun for tutorial to 2025-11-15 00:00:00+00:00, run_after=2025-11-16 00:00:00+00:00
[2025-11-16T22:04:18.310+0000] {processor.py:208} INFO - Processing /home/airflow/.local/lib/python3.12/site-packages/airflow/example_dags/tutorial.py took 0.067 seconds
[2025-11-16T22:04:48.744+0000] {processor.py:186} INFO - Started process (PID=2461) to work on /home/airflow/.local/lib/python3.12/site-packages/airflow/example_dags/tutorial.py
[2025-11-16T22:04:48.745+0000] {processor.py:914} INFO - Processing file /home/airflow/.local/lib/python3.12/site-packages/airflow/example_dags/tutorial.py for tasks to queue
[2025-11-16T22:04:48.746+0000] {logging_mixin.py:190} INFO - [2025-11-16T22:04:48.746+0000] {dagbag.py:588} INFO - Filling up the DagBag from /home/airflow/.local/lib/python3.12/site-packages/airflow/example_dags/tutorial.py
[2025-11-16T22:04:48.753+0000] {processor.py:925} INFO - DAG(s) 'tutorial' retrieved from /home/airflow/.local/lib/python3.12/site-packages/airflow/example_dags/tutorial.py
[2025-11-16T22:04:48.767+0000] {logging_mixin.py:190} INFO - [2025-11-16T22:04:48.767+0000] {dag.py:3239} INFO - Sync 1 DAGs
[2025-11-16T22:04:48.782+0000] {logging_mixin.py:190} INFO - [2025-11-16T22:04:48.781+0000] {dag.py:4180} INFO - Setting next_dagrun for tutorial to 2025-11-15 00:00:00+00:00, run_after=2025-11-16 00:00:00+00:00
[2025-11-16T22:04:48.794+0000] {processor.py:208} INFO - Processing /home/airflow/.local/lib/python3.12/site-packages/airflow/example_dags/tutorial.py took 0.054 seconds
[2025-11-16T22:05:20.031+0000] {processor.py:186} INFO - Started process (PID=2526) to work on /home/airflow/.local/lib/python3.12/site-packages/airflow/example_dags/tutorial.py
[2025-11-16T22:05:20.032+0000] {processor.py:914} INFO - Processing file /home/airflow/.local/lib/python3.12/site-packages/airflow/example_dags/tutorial.py for tasks to queue
[2025-11-16T22:05:20.033+0000] {logging_mixin.py:190} INFO - [2025-11-16T22:05:20.033+0000] {dagbag.py:588} INFO - Filling up the DagBag from /home/airflow/.local/lib/python3.12/site-packages/airflow/example_dags/tutorial.py
[2025-11-16T22:05:20.040+0000] {processor.py:925} INFO - DAG(s) 'tutorial' retrieved from /home/airflow/.local/lib/python3.12/site-packages/airflow/example_dags/tutorial.py
[2025-11-16T22:05:20.055+0000] {logging_mixin.py:190} INFO - [2025-11-16T22:05:20.055+0000] {dag.py:3239} INFO - Sync 1 DAGs
[2025-11-16T22:05:20.071+0000] {logging_mixin.py:190} INFO - [2025-11-16T22:05:20.071+0000] {dag.py:4180} INFO - Setting next_dagrun for tutorial to 2025-11-15 00:00:00+00:00, run_after=2025-11-16 00:00:00+00:00
[2025-11-16T22:05:20.084+0000] {processor.py:208} INFO - Processing /home/airflow/.local/lib/python3.12/site-packages/airflow/example_dags/tutorial.py took 0.057 seconds
[2025-11-16T22:05:51.541+0000] {processor.py:186} INFO - Started process (PID=2591) to work on /home/airflow/.local/lib/python3.12/site-packages/airflow/example_dags/tutorial.py
[2025-11-16T22:05:51.542+0000] {processor.py:914} INFO - Processing file /home/airflow/.local/lib/python3.12/site-packages/airflow/example_dags/tutorial.py for tasks to queue
[2025-11-16T22:05:51.543+0000] {logging_mixin.py:190} INFO - [2025-11-16T22:05:51.543+0000] {dagbag.py:588} INFO - Filling up the DagBag from /home/airflow/.local/lib/python3.12/site-packages/airflow/example_dags/tutorial.py
[2025-11-16T22:05:51.550+0000] {processor.py:925} INFO - DAG(s) 'tutorial' retrieved from /home/airflow/.local/lib/python3.12/site-packages/airflow/example_dags/tutorial.py
[2025-11-16T22:05:51.565+0000] {logging_mixin.py:190} INFO - [2025-11-16T22:05:51.565+0000] {dag.py:3239} INFO - Sync 1 DAGs
[2025-11-16T22:05:51.582+0000] {logging_mixin.py:190} INFO - [2025-11-16T22:05:51.582+0000] {dag.py:4180} INFO - Setting next_dagrun for tutorial to 2025-11-15 00:00:00+00:00, run_after=2025-11-16 00:00:00+00:00
[2025-11-16T22:05:51.596+0000] {processor.py:208} INFO - Processing /home/airflow/.local/lib/python3.12/site-packages/airflow/example_dags/tutorial.py took 0.059 seconds
[2025-11-16T22:10:56.979+0000] {processor.py:186} INFO - Started process (PID=2666) to work on /home/airflow/.local/lib/python3.12/site-packages/airflow/example_dags/tutorial.py
[2025-11-16T22:10:56.980+0000] {processor.py:914} INFO - Processing file /home/airflow/.local/lib/python3.12/site-packages/airflow/example_dags/tutorial.py for tasks to queue
[2025-11-16T22:10:56.981+0000] {logging_mixin.py:190} INFO - [2025-11-16T22:10:56.981+0000] {dagbag.py:588} INFO - Filling up the DagBag from /home/airflow/.local/lib/python3.12/site-packages/airflow/example_dags/tutorial.py
[2025-11-16T22:10:56.988+0000] {processor.py:925} INFO - DAG(s) 'tutorial' retrieved from /home/airflow/.local/lib/python3.12/site-packages/airflow/example_dags/tutorial.py
[2025-11-16T22:10:57.004+0000] {logging_mixin.py:190} INFO - [2025-11-16T22:10:57.004+0000] {dag.py:3239} INFO - Sync 1 DAGs
[2025-11-16T22:10:57.021+0000] {logging_mixin.py:190} INFO - [2025-11-16T22:10:57.021+0000] {dag.py:4180} INFO - Setting next_dagrun for tutorial to 2025-11-15 00:00:00+00:00, run_after=2025-11-16 00:00:00+00:00
[2025-11-16T22:10:57.034+0000] {processor.py:208} INFO - Processing /home/airflow/.local/lib/python3.12/site-packages/airflow/example_dags/tutorial.py took 0.060 seconds
[2025-11-16T22:11:27.346+0000] {processor.py:186} INFO - Started process (PID=2747) to work on /home/airflow/.local/lib/python3.12/site-packages/airflow/example_dags/tutorial.py
[2025-11-16T22:11:27.347+0000] {processor.py:914} INFO - Processing file /home/airflow/.local/lib/python3.12/site-packages/airflow/example_dags/tutorial.py for tasks to queue
[2025-11-16T22:11:27.349+0000] {logging_mixin.py:190} INFO - [2025-11-16T22:11:27.348+0000] {dagbag.py:588} INFO - Filling up the DagBag from /home/airflow/.local/lib/python3.12/site-packages/airflow/example_dags/tutorial.py
[2025-11-16T22:11:27.357+0000] {processor.py:925} INFO - DAG(s) 'tutorial' retrieved from /home/airflow/.local/lib/python3.12/site-packages/airflow/example_dags/tutorial.py
[2025-11-16T22:11:27.373+0000] {logging_mixin.py:190} INFO - [2025-11-16T22:11:27.373+0000] {dag.py:3239} INFO - Sync 1 DAGs
[2025-11-16T22:11:27.393+0000] {logging_mixin.py:190} INFO - [2025-11-16T22:11:27.393+0000] {dag.py:4180} INFO - Setting next_dagrun for tutorial to 2025-11-15 00:00:00+00:00, run_after=2025-11-16 00:00:00+00:00
[2025-11-16T22:11:27.408+0000] {processor.py:208} INFO - Processing /home/airflow/.local/lib/python3.12/site-packages/airflow/example_dags/tutorial.py took 0.067 seconds
[2025-11-16T22:11:58.029+0000] {processor.py:186} INFO - Started process (PID=2812) to work on /home/airflow/.local/lib/python3.12/site-packages/airflow/example_dags/tutorial.py
[2025-11-16T22:11:58.031+0000] {processor.py:914} INFO - Processing file /home/airflow/.local/lib/python3.12/site-packages/airflow/example_dags/tutorial.py for tasks to queue
[2025-11-16T22:11:58.033+0000] {logging_mixin.py:190} INFO - [2025-11-16T22:11:58.033+0000] {dagbag.py:588} INFO - Filling up the DagBag from /home/airflow/.local/lib/python3.12/site-packages/airflow/example_dags/tutorial.py
[2025-11-16T22:11:58.042+0000] {processor.py:925} INFO - DAG(s) 'tutorial' retrieved from /home/airflow/.local/lib/python3.12/site-packages/airflow/example_dags/tutorial.py
[2025-11-16T22:11:58.061+0000] {logging_mixin.py:190} INFO - [2025-11-16T22:11:58.061+0000] {dag.py:3239} INFO - Sync 1 DAGs
[2025-11-16T22:11:58.077+0000] {logging_mixin.py:190} INFO - [2025-11-16T22:11:58.077+0000] {dag.py:4180} INFO - Setting next_dagrun for tutorial to 2025-11-15 00:00:00+00:00, run_after=2025-11-16 00:00:00+00:00
[2025-11-16T22:11:58.093+0000] {processor.py:208} INFO - Processing /home/airflow/.local/lib/python3.12/site-packages/airflow/example_dags/tutorial.py took 0.068 seconds
[2025-11-16T22:12:29.513+0000] {processor.py:186} INFO - Started process (PID=2877) to work on /home/airflow/.local/lib/python3.12/site-packages/airflow/example_dags/tutorial.py
[2025-11-16T22:12:29.516+0000] {processor.py:914} INFO - Processing file /home/airflow/.local/lib/python3.12/site-packages/airflow/example_dags/tutorial.py for tasks to queue
[2025-11-16T22:12:29.519+0000] {logging_mixin.py:190} INFO - [2025-11-16T22:12:29.519+0000] {dagbag.py:588} INFO - Filling up the DagBag from /home/airflow/.local/lib/python3.12/site-packages/airflow/example_dags/tutorial.py
[2025-11-16T22:12:29.536+0000] {processor.py:925} INFO - DAG(s) 'tutorial' retrieved from /home/airflow/.local/lib/python3.12/site-packages/airflow/example_dags/tutorial.py
[2025-11-16T22:12:29.563+0000] {logging_mixin.py:190} INFO - [2025-11-16T22:12:29.562+0000] {dag.py:3239} INFO - Sync 1 DAGs
[2025-11-16T22:12:29.589+0000] {logging_mixin.py:190} INFO - [2025-11-16T22:12:29.589+0000] {dag.py:4180} INFO - Setting next_dagrun for tutorial to 2025-11-15 00:00:00+00:00, run_after=2025-11-16 00:00:00+00:00
[2025-11-16T22:12:29.638+0000] {processor.py:208} INFO - Processing /home/airflow/.local/lib/python3.12/site-packages/airflow/example_dags/tutorial.py took 0.137 seconds
[2025-11-16T22:13:01.439+0000] {processor.py:186} INFO - Started process (PID=2942) to work on /home/airflow/.local/lib/python3.12/site-packages/airflow/example_dags/tutorial.py
[2025-11-16T22:13:01.442+0000] {processor.py:914} INFO - Processing file /home/airflow/.local/lib/python3.12/site-packages/airflow/example_dags/tutorial.py for tasks to queue
[2025-11-16T22:13:01.447+0000] {logging_mixin.py:190} INFO - [2025-11-16T22:13:01.446+0000] {dagbag.py:588} INFO - Filling up the DagBag from /home/airflow/.local/lib/python3.12/site-packages/airflow/example_dags/tutorial.py
[2025-11-16T22:13:01.466+0000] {processor.py:925} INFO - DAG(s) 'tutorial' retrieved from /home/airflow/.local/lib/python3.12/site-packages/airflow/example_dags/tutorial.py
[2025-11-16T22:13:01.512+0000] {logging_mixin.py:190} INFO - [2025-11-16T22:13:01.511+0000] {dag.py:3239} INFO - Sync 1 DAGs
[2025-11-16T22:13:01.561+0000] {logging_mixin.py:190} INFO - [2025-11-16T22:13:01.561+0000] {dag.py:4180} INFO - Setting next_dagrun for tutorial to 2025-11-15 00:00:00+00:00, run_after=2025-11-16 00:00:00+00:00
[2025-11-16T22:13:01.625+0000] {processor.py:208} INFO - Processing /home/airflow/.local/lib/python3.12/site-packages/airflow/example_dags/tutorial.py took 0.197 seconds
[2025-11-16T22:13:32.219+0000] {processor.py:186} INFO - Started process (PID=3007) to work on /home/airflow/.local/lib/python3.12/site-packages/airflow/example_dags/tutorial.py
[2025-11-16T22:13:32.221+0000] {processor.py:914} INFO - Processing file /home/airflow/.local/lib/python3.12/site-packages/airflow/example_dags/tutorial.py for tasks to queue
[2025-11-16T22:13:32.223+0000] {logging_mixin.py:190} INFO - [2025-11-16T22:13:32.222+0000] {dagbag.py:588} INFO - Filling up the DagBag from /home/airflow/.local/lib/python3.12/site-packages/airflow/example_dags/tutorial.py
[2025-11-16T22:13:32.236+0000] {processor.py:925} INFO - DAG(s) 'tutorial' retrieved from /home/airflow/.local/lib/python3.12/site-packages/airflow/example_dags/tutorial.py
[2025-11-16T22:13:32.262+0000] {logging_mixin.py:190} INFO - [2025-11-16T22:13:32.261+0000] {dag.py:3239} INFO - Sync 1 DAGs
[2025-11-16T22:13:32.290+0000] {logging_mixin.py:190} INFO - [2025-11-16T22:13:32.290+0000] {dag.py:4180} INFO - Setting next_dagrun for tutorial to 2025-11-15 00:00:00+00:00, run_after=2025-11-16 00:00:00+00:00
[2025-11-16T22:13:32.345+0000] {processor.py:208} INFO - Processing /home/airflow/.local/lib/python3.12/site-packages/airflow/example_dags/tutorial.py took 0.134 seconds
[2025-11-16T22:14:03.582+0000] {processor.py:186} INFO - Started process (PID=3072) to work on /home/airflow/.local/lib/python3.12/site-packages/airflow/example_dags/tutorial.py
[2025-11-16T22:14:03.584+0000] {processor.py:914} INFO - Processing file /home/airflow/.local/lib/python3.12/site-packages/airflow/example_dags/tutorial.py for tasks to queue
[2025-11-16T22:14:03.586+0000] {logging_mixin.py:190} INFO - [2025-11-16T22:14:03.586+0000] {dagbag.py:588} INFO - Filling up the DagBag from /home/airflow/.local/lib/python3.12/site-packages/airflow/example_dags/tutorial.py
[2025-11-16T22:14:03.600+0000] {processor.py:925} INFO - DAG(s) 'tutorial' retrieved from /home/airflow/.local/lib/python3.12/site-packages/airflow/example_dags/tutorial.py
[2025-11-16T22:14:03.627+0000] {logging_mixin.py:190} INFO - [2025-11-16T22:14:03.626+0000] {dag.py:3239} INFO - Sync 1 DAGs
[2025-11-16T22:14:03.657+0000] {logging_mixin.py:190} INFO - [2025-11-16T22:14:03.657+0000] {dag.py:4180} INFO - Setting next_dagrun for tutorial to 2025-11-15 00:00:00+00:00, run_after=2025-11-16 00:00:00+00:00
[2025-11-16T22:14:03.717+0000] {processor.py:208} INFO - Processing /home/airflow/.local/lib/python3.12/site-packages/airflow/example_dags/tutorial.py took 0.144 seconds
[2025-11-16T22:14:33.798+0000] {processor.py:186} INFO - Started process (PID=3137) to work on /home/airflow/.local/lib/python3.12/site-packages/airflow/example_dags/tutorial.py
[2025-11-16T22:14:33.799+0000] {processor.py:914} INFO - Processing file /home/airflow/.local/lib/python3.12/site-packages/airflow/example_dags/tutorial.py for tasks to queue
[2025-11-16T22:14:33.800+0000] {logging_mixin.py:190} INFO - [2025-11-16T22:14:33.800+0000] {dagbag.py:588} INFO - Filling up the DagBag from /home/airflow/.local/lib/python3.12/site-packages/airflow/example_dags/tutorial.py
[2025-11-16T22:14:33.806+0000] {processor.py:925} INFO - DAG(s) 'tutorial' retrieved from /home/airflow/.local/lib/python3.12/site-packages/airflow/example_dags/tutorial.py
[2025-11-16T22:14:33.822+0000] {logging_mixin.py:190} INFO - [2025-11-16T22:14:33.821+0000] {dag.py:3239} INFO - Sync 1 DAGs
[2025-11-16T22:14:33.838+0000] {logging_mixin.py:190} INFO - [2025-11-16T22:14:33.838+0000] {dag.py:4180} INFO - Setting next_dagrun for tutorial to 2025-11-15 00:00:00+00:00, run_after=2025-11-16 00:00:00+00:00
[2025-11-16T22:14:33.851+0000] {processor.py:208} INFO - Processing /home/airflow/.local/lib/python3.12/site-packages/airflow/example_dags/tutorial.py took 0.057 seconds
[2025-11-16T22:15:04.112+0000] {processor.py:186} INFO - Started process (PID=3202) to work on /home/airflow/.local/lib/python3.12/site-packages/airflow/example_dags/tutorial.py
[2025-11-16T22:15:04.113+0000] {processor.py:914} INFO - Processing file /home/airflow/.local/lib/python3.12/site-packages/airflow/example_dags/tutorial.py for tasks to queue
[2025-11-16T22:15:04.114+0000] {logging_mixin.py:190} INFO - [2025-11-16T22:15:04.114+0000] {dagbag.py:588} INFO - Filling up the DagBag from /home/airflow/.local/lib/python3.12/site-packages/airflow/example_dags/tutorial.py
[2025-11-16T22:15:04.121+0000] {processor.py:925} INFO - DAG(s) 'tutorial' retrieved from /home/airflow/.local/lib/python3.12/site-packages/airflow/example_dags/tutorial.py
[2025-11-16T22:15:04.136+0000] {logging_mixin.py:190} INFO - [2025-11-16T22:15:04.136+0000] {dag.py:3239} INFO - Sync 1 DAGs
[2025-11-16T22:15:04.153+0000] {logging_mixin.py:190} INFO - [2025-11-16T22:15:04.153+0000] {dag.py:4180} INFO - Setting next_dagrun for tutorial to 2025-11-15 00:00:00+00:00, run_after=2025-11-16 00:00:00+00:00
[2025-11-16T22:15:04.168+0000] {processor.py:208} INFO - Processing /home/airflow/.local/lib/python3.12/site-packages/airflow/example_dags/tutorial.py took 0.060 seconds
[2025-11-16T22:15:34.650+0000] {processor.py:186} INFO - Started process (PID=3267) to work on /home/airflow/.local/lib/python3.12/site-packages/airflow/example_dags/tutorial.py
[2025-11-16T22:15:34.651+0000] {processor.py:914} INFO - Processing file /home/airflow/.local/lib/python3.12/site-packages/airflow/example_dags/tutorial.py for tasks to queue
[2025-11-16T22:15:34.652+0000] {logging_mixin.py:190} INFO - [2025-11-16T22:15:34.651+0000] {dagbag.py:588} INFO - Filling up the DagBag from /home/airflow/.local/lib/python3.12/site-packages/airflow/example_dags/tutorial.py
[2025-11-16T22:15:34.659+0000] {processor.py:925} INFO - DAG(s) 'tutorial' retrieved from /home/airflow/.local/lib/python3.12/site-packages/airflow/example_dags/tutorial.py
[2025-11-16T22:15:34.674+0000] {logging_mixin.py:190} INFO - [2025-11-16T22:15:34.674+0000] {dag.py:3239} INFO - Sync 1 DAGs
[2025-11-16T22:15:34.692+0000] {logging_mixin.py:190} INFO - [2025-11-16T22:15:34.692+0000] {dag.py:4180} INFO - Setting next_dagrun for tutorial to 2025-11-15 00:00:00+00:00, run_after=2025-11-16 00:00:00+00:00
[2025-11-16T22:15:34.705+0000] {processor.py:208} INFO - Processing /home/airflow/.local/lib/python3.12/site-packages/airflow/example_dags/tutorial.py took 0.060 seconds
[2025-11-16T22:16:06.038+0000] {processor.py:186} INFO - Started process (PID=3332) to work on /home/airflow/.local/lib/python3.12/site-packages/airflow/example_dags/tutorial.py
[2025-11-16T22:16:06.040+0000] {processor.py:914} INFO - Processing file /home/airflow/.local/lib/python3.12/site-packages/airflow/example_dags/tutorial.py for tasks to queue
[2025-11-16T22:16:06.041+0000] {logging_mixin.py:190} INFO - [2025-11-16T22:16:06.041+0000] {dagbag.py:588} INFO - Filling up the DagBag from /home/airflow/.local/lib/python3.12/site-packages/airflow/example_dags/tutorial.py
[2025-11-16T22:16:06.050+0000] {processor.py:925} INFO - DAG(s) 'tutorial' retrieved from /home/airflow/.local/lib/python3.12/site-packages/airflow/example_dags/tutorial.py
[2025-11-16T22:16:06.065+0000] {logging_mixin.py:190} INFO - [2025-11-16T22:16:06.065+0000] {dag.py:3239} INFO - Sync 1 DAGs
[2025-11-16T22:16:06.081+0000] {logging_mixin.py:190} INFO - [2025-11-16T22:16:06.081+0000] {dag.py:4180} INFO - Setting next_dagrun for tutorial to 2025-11-15 00:00:00+00:00, run_after=2025-11-16 00:00:00+00:00
[2025-11-16T22:16:06.094+0000] {processor.py:208} INFO - Processing /home/airflow/.local/lib/python3.12/site-packages/airflow/example_dags/tutorial.py took 0.061 seconds
[2025-11-16T22:16:37.328+0000] {processor.py:186} INFO - Started process (PID=3397) to work on /home/airflow/.local/lib/python3.12/site-packages/airflow/example_dags/tutorial.py
[2025-11-16T22:16:37.329+0000] {processor.py:914} INFO - Processing file /home/airflow/.local/lib/python3.12/site-packages/airflow/example_dags/tutorial.py for tasks to queue
[2025-11-16T22:16:37.330+0000] {logging_mixin.py:190} INFO - [2025-11-16T22:16:37.330+0000] {dagbag.py:588} INFO - Filling up the DagBag from /home/airflow/.local/lib/python3.12/site-packages/airflow/example_dags/tutorial.py
[2025-11-16T22:16:37.338+0000] {processor.py:925} INFO - DAG(s) 'tutorial' retrieved from /home/airflow/.local/lib/python3.12/site-packages/airflow/example_dags/tutorial.py
[2025-11-16T22:16:37.354+0000] {logging_mixin.py:190} INFO - [2025-11-16T22:16:37.353+0000] {dag.py:3239} INFO - Sync 1 DAGs
[2025-11-16T22:16:37.369+0000] {logging_mixin.py:190} INFO - [2025-11-16T22:16:37.369+0000] {dag.py:4180} INFO - Setting next_dagrun for tutorial to 2025-11-15 00:00:00+00:00, run_after=2025-11-16 00:00:00+00:00
[2025-11-16T22:16:37.383+0000] {processor.py:208} INFO - Processing /home/airflow/.local/lib/python3.12/site-packages/airflow/example_dags/tutorial.py took 0.059 seconds
[2025-11-16T22:17:08.333+0000] {processor.py:186} INFO - Started process (PID=3462) to work on /home/airflow/.local/lib/python3.12/site-packages/airflow/example_dags/tutorial.py
[2025-11-16T22:17:08.334+0000] {processor.py:914} INFO - Processing file /home/airflow/.local/lib/python3.12/site-packages/airflow/example_dags/tutorial.py for tasks to queue
[2025-11-16T22:17:08.335+0000] {logging_mixin.py:190} INFO - [2025-11-16T22:17:08.335+0000] {dagbag.py:588} INFO - Filling up the DagBag from /home/airflow/.local/lib/python3.12/site-packages/airflow/example_dags/tutorial.py
[2025-11-16T22:17:08.343+0000] {processor.py:925} INFO - DAG(s) 'tutorial' retrieved from /home/airflow/.local/lib/python3.12/site-packages/airflow/example_dags/tutorial.py
[2025-11-16T22:17:08.356+0000] {logging_mixin.py:190} INFO - [2025-11-16T22:17:08.356+0000] {dag.py:3239} INFO - Sync 1 DAGs
[2025-11-16T22:17:08.371+0000] {logging_mixin.py:190} INFO - [2025-11-16T22:17:08.370+0000] {dag.py:4180} INFO - Setting next_dagrun for tutorial to 2025-11-15 00:00:00+00:00, run_after=2025-11-16 00:00:00+00:00
[2025-11-16T22:17:08.382+0000] {processor.py:208} INFO - Processing /home/airflow/.local/lib/python3.12/site-packages/airflow/example_dags/tutorial.py took 0.053 seconds
[2025-11-16T22:17:39.694+0000] {processor.py:186} INFO - Started process (PID=3528) to work on /home/airflow/.local/lib/python3.12/site-packages/airflow/example_dags/tutorial.py
[2025-11-16T22:17:39.695+0000] {processor.py:914} INFO - Processing file /home/airflow/.local/lib/python3.12/site-packages/airflow/example_dags/tutorial.py for tasks to queue
[2025-11-16T22:17:39.696+0000] {logging_mixin.py:190} INFO - [2025-11-16T22:17:39.696+0000] {dagbag.py:588} INFO - Filling up the DagBag from /home/airflow/.local/lib/python3.12/site-packages/airflow/example_dags/tutorial.py
[2025-11-16T22:17:39.704+0000] {processor.py:925} INFO - DAG(s) 'tutorial' retrieved from /home/airflow/.local/lib/python3.12/site-packages/airflow/example_dags/tutorial.py
[2025-11-16T22:17:39.719+0000] {logging_mixin.py:190} INFO - [2025-11-16T22:17:39.719+0000] {dag.py:3239} INFO - Sync 1 DAGs
[2025-11-16T22:17:39.735+0000] {logging_mixin.py:190} INFO - [2025-11-16T22:17:39.735+0000] {dag.py:4180} INFO - Setting next_dagrun for tutorial to 2025-11-15 00:00:00+00:00, run_after=2025-11-16 00:00:00+00:00
[2025-11-16T22:17:39.748+0000] {processor.py:208} INFO - Processing /home/airflow/.local/lib/python3.12/site-packages/airflow/example_dags/tutorial.py took 0.058 seconds
[2025-11-16T22:18:10.114+0000] {processor.py:186} INFO - Started process (PID=3593) to work on /home/airflow/.local/lib/python3.12/site-packages/airflow/example_dags/tutorial.py
[2025-11-16T22:18:10.115+0000] {processor.py:914} INFO - Processing file /home/airflow/.local/lib/python3.12/site-packages/airflow/example_dags/tutorial.py for tasks to queue
[2025-11-16T22:18:10.116+0000] {logging_mixin.py:190} INFO - [2025-11-16T22:18:10.116+0000] {dagbag.py:588} INFO - Filling up the DagBag from /home/airflow/.local/lib/python3.12/site-packages/airflow/example_dags/tutorial.py
[2025-11-16T22:18:10.124+0000] {processor.py:925} INFO - DAG(s) 'tutorial' retrieved from /home/airflow/.local/lib/python3.12/site-packages/airflow/example_dags/tutorial.py
[2025-11-16T22:18:10.138+0000] {logging_mixin.py:190} INFO - [2025-11-16T22:18:10.138+0000] {dag.py:3239} INFO - Sync 1 DAGs
[2025-11-16T22:18:10.152+0000] {logging_mixin.py:190} INFO - [2025-11-16T22:18:10.152+0000] {dag.py:4180} INFO - Setting next_dagrun for tutorial to 2025-11-15 00:00:00+00:00, run_after=2025-11-16 00:00:00+00:00
[2025-11-16T22:18:10.165+0000] {processor.py:208} INFO - Processing /home/airflow/.local/lib/python3.12/site-packages/airflow/example_dags/tutorial.py took 0.055 seconds
[2025-11-16T22:18:40.710+0000] {processor.py:186} INFO - Started process (PID=3658) to work on /home/airflow/.local/lib/python3.12/site-packages/airflow/example_dags/tutorial.py
[2025-11-16T22:18:40.711+0000] {processor.py:914} INFO - Processing file /home/airflow/.local/lib/python3.12/site-packages/airflow/example_dags/tutorial.py for tasks to queue
[2025-11-16T22:18:40.712+0000] {logging_mixin.py:190} INFO - [2025-11-16T22:18:40.712+0000] {dagbag.py:588} INFO - Filling up the DagBag from /home/airflow/.local/lib/python3.12/site-packages/airflow/example_dags/tutorial.py
[2025-11-16T22:18:40.719+0000] {processor.py:925} INFO - DAG(s) 'tutorial' retrieved from /home/airflow/.local/lib/python3.12/site-packages/airflow/example_dags/tutorial.py
[2025-11-16T22:18:40.733+0000] {logging_mixin.py:190} INFO - [2025-11-16T22:18:40.733+0000] {dag.py:3239} INFO - Sync 1 DAGs
[2025-11-16T22:18:40.748+0000] {logging_mixin.py:190} INFO - [2025-11-16T22:18:40.748+0000] {dag.py:4180} INFO - Setting next_dagrun for tutorial to 2025-11-15 00:00:00+00:00, run_after=2025-11-16 00:00:00+00:00
[2025-11-16T22:18:40.761+0000] {processor.py:208} INFO - Processing /home/airflow/.local/lib/python3.12/site-packages/airflow/example_dags/tutorial.py took 0.055 seconds
[2025-11-16T22:19:11.977+0000] {processor.py:186} INFO - Started process (PID=3723) to work on /home/airflow/.local/lib/python3.12/site-packages/airflow/example_dags/tutorial.py
[2025-11-16T22:19:11.978+0000] {processor.py:914} INFO - Processing file /home/airflow/.local/lib/python3.12/site-packages/airflow/example_dags/tutorial.py for tasks to queue
[2025-11-16T22:19:11.979+0000] {logging_mixin.py:190} INFO - [2025-11-16T22:19:11.979+0000] {dagbag.py:588} INFO - Filling up the DagBag from /home/airflow/.local/lib/python3.12/site-packages/airflow/example_dags/tutorial.py
[2025-11-16T22:19:11.987+0000] {processor.py:925} INFO - DAG(s) 'tutorial' retrieved from /home/airflow/.local/lib/python3.12/site-packages/airflow/example_dags/tutorial.py
[2025-11-16T22:19:12.001+0000] {logging_mixin.py:190} INFO - [2025-11-16T22:19:12.001+0000] {dag.py:3239} INFO - Sync 1 DAGs
[2025-11-16T22:19:12.017+0000] {logging_mixin.py:190} INFO - [2025-11-16T22:19:12.017+0000] {dag.py:4180} INFO - Setting next_dagrun for tutorial to 2025-11-15 00:00:00+00:00, run_after=2025-11-16 00:00:00+00:00
[2025-11-16T22:19:12.031+0000] {processor.py:208} INFO - Processing /home/airflow/.local/lib/python3.12/site-packages/airflow/example_dags/tutorial.py took 0.058 seconds
[2025-11-16T22:19:43.248+0000] {processor.py:186} INFO - Started process (PID=3788) to work on /home/airflow/.local/lib/python3.12/site-packages/airflow/example_dags/tutorial.py
[2025-11-16T22:19:43.249+0000] {processor.py:914} INFO - Processing file /home/airflow/.local/lib/python3.12/site-packages/airflow/example_dags/tutorial.py for tasks to queue
[2025-11-16T22:19:43.250+0000] {logging_mixin.py:190} INFO - [2025-11-16T22:19:43.250+0000] {dagbag.py:588} INFO - Filling up the DagBag from /home/airflow/.local/lib/python3.12/site-packages/airflow/example_dags/tutorial.py
[2025-11-16T22:19:43.258+0000] {processor.py:925} INFO - DAG(s) 'tutorial' retrieved from /home/airflow/.local/lib/python3.12/site-packages/airflow/example_dags/tutorial.py
[2025-11-16T22:19:43.274+0000] {logging_mixin.py:190} INFO - [2025-11-16T22:19:43.274+0000] {dag.py:3239} INFO - Sync 1 DAGs
[2025-11-16T22:19:43.290+0000] {logging_mixin.py:190} INFO - [2025-11-16T22:19:43.290+0000] {dag.py:4180} INFO - Setting next_dagrun for tutorial to 2025-11-15 00:00:00+00:00, run_after=2025-11-16 00:00:00+00:00
[2025-11-16T22:19:43.304+0000] {processor.py:208} INFO - Processing /home/airflow/.local/lib/python3.12/site-packages/airflow/example_dags/tutorial.py took 0.060 seconds
[2025-11-16T22:20:14.102+0000] {processor.py:186} INFO - Started process (PID=3853) to work on /home/airflow/.local/lib/python3.12/site-packages/airflow/example_dags/tutorial.py
[2025-11-16T22:20:14.104+0000] {processor.py:914} INFO - Processing file /home/airflow/.local/lib/python3.12/site-packages/airflow/example_dags/tutorial.py for tasks to queue
[2025-11-16T22:20:14.105+0000] {logging_mixin.py:190} INFO - [2025-11-16T22:20:14.104+0000] {dagbag.py:588} INFO - Filling up the DagBag from /home/airflow/.local/lib/python3.12/site-packages/airflow/example_dags/tutorial.py
[2025-11-16T22:20:14.112+0000] {processor.py:925} INFO - DAG(s) 'tutorial' retrieved from /home/airflow/.local/lib/python3.12/site-packages/airflow/example_dags/tutorial.py
[2025-11-16T22:20:14.128+0000] {logging_mixin.py:190} INFO - [2025-11-16T22:20:14.128+0000] {dag.py:3239} INFO - Sync 1 DAGs
[2025-11-16T22:20:14.145+0000] {logging_mixin.py:190} INFO - [2025-11-16T22:20:14.145+0000] {dag.py:4180} INFO - Setting next_dagrun for tutorial to 2025-11-15 00:00:00+00:00, run_after=2025-11-16 00:00:00+00:00
[2025-11-16T22:20:14.160+0000] {processor.py:208} INFO - Processing /home/airflow/.local/lib/python3.12/site-packages/airflow/example_dags/tutorial.py took 0.062 seconds
[2025-11-16T22:20:45.300+0000] {processor.py:186} INFO - Started process (PID=3918) to work on /home/airflow/.local/lib/python3.12/site-packages/airflow/example_dags/tutorial.py
[2025-11-16T22:20:45.301+0000] {processor.py:914} INFO - Processing file /home/airflow/.local/lib/python3.12/site-packages/airflow/example_dags/tutorial.py for tasks to queue
[2025-11-16T22:20:45.301+0000] {logging_mixin.py:190} INFO - [2025-11-16T22:20:45.301+0000] {dagbag.py:588} INFO - Filling up the DagBag from /home/airflow/.local/lib/python3.12/site-packages/airflow/example_dags/tutorial.py
[2025-11-16T22:20:45.308+0000] {processor.py:925} INFO - DAG(s) 'tutorial' retrieved from /home/airflow/.local/lib/python3.12/site-packages/airflow/example_dags/tutorial.py
[2025-11-16T22:20:45.323+0000] {logging_mixin.py:190} INFO - [2025-11-16T22:20:45.323+0000] {dag.py:3239} INFO - Sync 1 DAGs
[2025-11-16T22:20:45.338+0000] {logging_mixin.py:190} INFO - [2025-11-16T22:20:45.338+0000] {dag.py:4180} INFO - Setting next_dagrun for tutorial to 2025-11-15 00:00:00+00:00, run_after=2025-11-16 00:00:00+00:00
[2025-11-16T22:20:45.351+0000] {processor.py:208} INFO - Processing /home/airflow/.local/lib/python3.12/site-packages/airflow/example_dags/tutorial.py took 0.056 seconds
[2025-11-16T22:21:16.532+0000] {processor.py:186} INFO - Started process (PID=3983) to work on /home/airflow/.local/lib/python3.12/site-packages/airflow/example_dags/tutorial.py
[2025-11-16T22:21:16.533+0000] {processor.py:914} INFO - Processing file /home/airflow/.local/lib/python3.12/site-packages/airflow/example_dags/tutorial.py for tasks to queue
[2025-11-16T22:21:16.535+0000] {logging_mixin.py:190} INFO - [2025-11-16T22:21:16.534+0000] {dagbag.py:588} INFO - Filling up the DagBag from /home/airflow/.local/lib/python3.12/site-packages/airflow/example_dags/tutorial.py
[2025-11-16T22:21:16.543+0000] {processor.py:925} INFO - DAG(s) 'tutorial' retrieved from /home/airflow/.local/lib/python3.12/site-packages/airflow/example_dags/tutorial.py
[2025-11-16T22:21:16.559+0000] {logging_mixin.py:190} INFO - [2025-11-16T22:21:16.559+0000] {dag.py:3239} INFO - Sync 1 DAGs
[2025-11-16T22:21:16.578+0000] {logging_mixin.py:190} INFO - [2025-11-16T22:21:16.577+0000] {dag.py:4180} INFO - Setting next_dagrun for tutorial to 2025-11-15 00:00:00+00:00, run_after=2025-11-16 00:00:00+00:00
[2025-11-16T22:21:16.594+0000] {processor.py:208} INFO - Processing /home/airflow/.local/lib/python3.12/site-packages/airflow/example_dags/tutorial.py took 0.067 seconds
[2025-11-16T22:21:47.223+0000] {processor.py:186} INFO - Started process (PID=4048) to work on /home/airflow/.local/lib/python3.12/site-packages/airflow/example_dags/tutorial.py
[2025-11-16T22:21:47.224+0000] {processor.py:914} INFO - Processing file /home/airflow/.local/lib/python3.12/site-packages/airflow/example_dags/tutorial.py for tasks to queue
[2025-11-16T22:21:47.226+0000] {logging_mixin.py:190} INFO - [2025-11-16T22:21:47.225+0000] {dagbag.py:588} INFO - Filling up the DagBag from /home/airflow/.local/lib/python3.12/site-packages/airflow/example_dags/tutorial.py
[2025-11-16T22:21:47.233+0000] {processor.py:925} INFO - DAG(s) 'tutorial' retrieved from /home/airflow/.local/lib/python3.12/site-packages/airflow/example_dags/tutorial.py
[2025-11-16T22:21:47.249+0000] {logging_mixin.py:190} INFO - [2025-11-16T22:21:47.249+0000] {dag.py:3239} INFO - Sync 1 DAGs
[2025-11-16T22:21:47.265+0000] {logging_mixin.py:190} INFO - [2025-11-16T22:21:47.265+0000] {dag.py:4180} INFO - Setting next_dagrun for tutorial to 2025-11-15 00:00:00+00:00, run_after=2025-11-16 00:00:00+00:00
[2025-11-16T22:21:47.283+0000] {processor.py:208} INFO - Processing /home/airflow/.local/lib/python3.12/site-packages/airflow/example_dags/tutorial.py took 0.064 seconds
[2025-11-16T22:22:18.655+0000] {processor.py:186} INFO - Started process (PID=4113) to work on /home/airflow/.local/lib/python3.12/site-packages/airflow/example_dags/tutorial.py
[2025-11-16T22:22:18.656+0000] {processor.py:914} INFO - Processing file /home/airflow/.local/lib/python3.12/site-packages/airflow/example_dags/tutorial.py for tasks to queue
[2025-11-16T22:22:18.657+0000] {logging_mixin.py:190} INFO - [2025-11-16T22:22:18.657+0000] {dagbag.py:588} INFO - Filling up the DagBag from /home/airflow/.local/lib/python3.12/site-packages/airflow/example_dags/tutorial.py
[2025-11-16T22:22:18.666+0000] {processor.py:925} INFO - DAG(s) 'tutorial' retrieved from /home/airflow/.local/lib/python3.12/site-packages/airflow/example_dags/tutorial.py
[2025-11-16T22:22:18.685+0000] {logging_mixin.py:190} INFO - [2025-11-16T22:22:18.685+0000] {dag.py:3239} INFO - Sync 1 DAGs
[2025-11-16T22:22:18.707+0000] {logging_mixin.py:190} INFO - [2025-11-16T22:22:18.707+0000] {dag.py:4180} INFO - Setting next_dagrun for tutorial to 2025-11-15 00:00:00+00:00, run_after=2025-11-16 00:00:00+00:00
[2025-11-16T22:22:18.725+0000] {processor.py:208} INFO - Processing /home/airflow/.local/lib/python3.12/site-packages/airflow/example_dags/tutorial.py took 0.076 seconds
[2025-11-16T22:22:49.399+0000] {processor.py:186} INFO - Started process (PID=4178) to work on /home/airflow/.local/lib/python3.12/site-packages/airflow/example_dags/tutorial.py
[2025-11-16T22:22:49.400+0000] {processor.py:914} INFO - Processing file /home/airflow/.local/lib/python3.12/site-packages/airflow/example_dags/tutorial.py for tasks to queue
[2025-11-16T22:22:49.402+0000] {logging_mixin.py:190} INFO - [2025-11-16T22:22:49.402+0000] {dagbag.py:588} INFO - Filling up the DagBag from /home/airflow/.local/lib/python3.12/site-packages/airflow/example_dags/tutorial.py
[2025-11-16T22:22:49.412+0000] {processor.py:925} INFO - DAG(s) 'tutorial' retrieved from /home/airflow/.local/lib/python3.12/site-packages/airflow/example_dags/tutorial.py
[2025-11-16T22:22:49.434+0000] {logging_mixin.py:190} INFO - [2025-11-16T22:22:49.433+0000] {dag.py:3239} INFO - Sync 1 DAGs
[2025-11-16T22:22:49.454+0000] {logging_mixin.py:190} INFO - [2025-11-16T22:22:49.454+0000] {dag.py:4180} INFO - Setting next_dagrun for tutorial to 2025-11-15 00:00:00+00:00, run_after=2025-11-16 00:00:00+00:00
[2025-11-16T22:22:49.601+0000] {processor.py:208} INFO - Processing /home/airflow/.local/lib/python3.12/site-packages/airflow/example_dags/tutorial.py took 0.207 seconds
[2025-11-16T22:23:20.623+0000] {processor.py:186} INFO - Started process (PID=4243) to work on /home/airflow/.local/lib/python3.12/site-packages/airflow/example_dags/tutorial.py
[2025-11-16T22:23:20.623+0000] {processor.py:914} INFO - Processing file /home/airflow/.local/lib/python3.12/site-packages/airflow/example_dags/tutorial.py for tasks to queue
[2025-11-16T22:23:20.625+0000] {logging_mixin.py:190} INFO - [2025-11-16T22:23:20.625+0000] {dagbag.py:588} INFO - Filling up the DagBag from /home/airflow/.local/lib/python3.12/site-packages/airflow/example_dags/tutorial.py
[2025-11-16T22:23:20.632+0000] {processor.py:925} INFO - DAG(s) 'tutorial' retrieved from /home/airflow/.local/lib/python3.12/site-packages/airflow/example_dags/tutorial.py
[2025-11-16T22:23:20.648+0000] {logging_mixin.py:190} INFO - [2025-11-16T22:23:20.648+0000] {dag.py:3239} INFO - Sync 1 DAGs
[2025-11-16T22:23:20.664+0000] {logging_mixin.py:190} INFO - [2025-11-16T22:23:20.664+0000] {dag.py:4180} INFO - Setting next_dagrun for tutorial to 2025-11-15 00:00:00+00:00, run_after=2025-11-16 00:00:00+00:00
[2025-11-16T22:23:20.679+0000] {processor.py:208} INFO - Processing /home/airflow/.local/lib/python3.12/site-packages/airflow/example_dags/tutorial.py took 0.061 seconds
[2025-11-16T22:23:52.074+0000] {processor.py:186} INFO - Started process (PID=4308) to work on /home/airflow/.local/lib/python3.12/site-packages/airflow/example_dags/tutorial.py
[2025-11-16T22:23:52.075+0000] {processor.py:914} INFO - Processing file /home/airflow/.local/lib/python3.12/site-packages/airflow/example_dags/tutorial.py for tasks to queue
[2025-11-16T22:23:52.076+0000] {logging_mixin.py:190} INFO - [2025-11-16T22:23:52.076+0000] {dagbag.py:588} INFO - Filling up the DagBag from /home/airflow/.local/lib/python3.12/site-packages/airflow/example_dags/tutorial.py
[2025-11-16T22:23:52.084+0000] {processor.py:925} INFO - DAG(s) 'tutorial' retrieved from /home/airflow/.local/lib/python3.12/site-packages/airflow/example_dags/tutorial.py
[2025-11-16T22:23:52.100+0000] {logging_mixin.py:190} INFO - [2025-11-16T22:23:52.100+0000] {dag.py:3239} INFO - Sync 1 DAGs
[2025-11-16T22:23:52.116+0000] {logging_mixin.py:190} INFO - [2025-11-16T22:23:52.116+0000] {dag.py:4180} INFO - Setting next_dagrun for tutorial to 2025-11-15 00:00:00+00:00, run_after=2025-11-16 00:00:00+00:00
[2025-11-16T22:23:52.130+0000] {processor.py:208} INFO - Processing /home/airflow/.local/lib/python3.12/site-packages/airflow/example_dags/tutorial.py took 0.060 seconds
[2025-11-16T22:24:22.995+0000] {processor.py:186} INFO - Started process (PID=4373) to work on /home/airflow/.local/lib/python3.12/site-packages/airflow/example_dags/tutorial.py
[2025-11-16T22:24:22.996+0000] {processor.py:914} INFO - Processing file /home/airflow/.local/lib/python3.12/site-packages/airflow/example_dags/tutorial.py for tasks to queue
[2025-11-16T22:24:22.998+0000] {logging_mixin.py:190} INFO - [2025-11-16T22:24:22.997+0000] {dagbag.py:588} INFO - Filling up the DagBag from /home/airflow/.local/lib/python3.12/site-packages/airflow/example_dags/tutorial.py
[2025-11-16T22:24:23.006+0000] {processor.py:925} INFO - DAG(s) 'tutorial' retrieved from /home/airflow/.local/lib/python3.12/site-packages/airflow/example_dags/tutorial.py
[2025-11-16T22:24:23.027+0000] {logging_mixin.py:190} INFO - [2025-11-16T22:24:23.027+0000] {dag.py:3239} INFO - Sync 1 DAGs
[2025-11-16T22:24:23.193+0000] {logging_mixin.py:190} INFO - [2025-11-16T22:24:23.192+0000] {dag.py:4180} INFO - Setting next_dagrun for tutorial to 2025-11-15 00:00:00+00:00, run_after=2025-11-16 00:00:00+00:00
[2025-11-16T22:24:23.206+0000] {processor.py:208} INFO - Processing /home/airflow/.local/lib/python3.12/site-packages/airflow/example_dags/tutorial.py took 0.216 seconds
[2025-11-16T22:24:53.992+0000] {processor.py:186} INFO - Started process (PID=4438) to work on /home/airflow/.local/lib/python3.12/site-packages/airflow/example_dags/tutorial.py
[2025-11-16T22:24:53.994+0000] {processor.py:914} INFO - Processing file /home/airflow/.local/lib/python3.12/site-packages/airflow/example_dags/tutorial.py for tasks to queue
[2025-11-16T22:24:53.995+0000] {logging_mixin.py:190} INFO - [2025-11-16T22:24:53.995+0000] {dagbag.py:588} INFO - Filling up the DagBag from /home/airflow/.local/lib/python3.12/site-packages/airflow/example_dags/tutorial.py
[2025-11-16T22:24:54.004+0000] {processor.py:925} INFO - DAG(s) 'tutorial' retrieved from /home/airflow/.local/lib/python3.12/site-packages/airflow/example_dags/tutorial.py
[2025-11-16T22:24:54.020+0000] {logging_mixin.py:190} INFO - [2025-11-16T22:24:54.020+0000] {dag.py:3239} INFO - Sync 1 DAGs
[2025-11-16T22:24:54.039+0000] {logging_mixin.py:190} INFO - [2025-11-16T22:24:54.039+0000] {dag.py:4180} INFO - Setting next_dagrun for tutorial to 2025-11-15 00:00:00+00:00, run_after=2025-11-16 00:00:00+00:00
[2025-11-16T22:24:54.190+0000] {processor.py:208} INFO - Processing /home/airflow/.local/lib/python3.12/site-packages/airflow/example_dags/tutorial.py took 0.203 seconds
[2025-11-16T22:25:24.835+0000] {processor.py:186} INFO - Started process (PID=4503) to work on /home/airflow/.local/lib/python3.12/site-packages/airflow/example_dags/tutorial.py
[2025-11-16T22:25:24.836+0000] {processor.py:914} INFO - Processing file /home/airflow/.local/lib/python3.12/site-packages/airflow/example_dags/tutorial.py for tasks to queue
[2025-11-16T22:25:24.837+0000] {logging_mixin.py:190} INFO - [2025-11-16T22:25:24.836+0000] {dagbag.py:588} INFO - Filling up the DagBag from /home/airflow/.local/lib/python3.12/site-packages/airflow/example_dags/tutorial.py
[2025-11-16T22:25:24.844+0000] {processor.py:925} INFO - DAG(s) 'tutorial' retrieved from /home/airflow/.local/lib/python3.12/site-packages/airflow/example_dags/tutorial.py
[2025-11-16T22:25:24.857+0000] {logging_mixin.py:190} INFO - [2025-11-16T22:25:24.857+0000] {dag.py:3239} INFO - Sync 1 DAGs
[2025-11-16T22:25:24.872+0000] {logging_mixin.py:190} INFO - [2025-11-16T22:25:24.872+0000] {dag.py:4180} INFO - Setting next_dagrun for tutorial to 2025-11-15 00:00:00+00:00, run_after=2025-11-16 00:00:00+00:00
[2025-11-16T22:25:24.884+0000] {processor.py:208} INFO - Processing /home/airflow/.local/lib/python3.12/site-packages/airflow/example_dags/tutorial.py took 0.054 seconds
[2025-11-16T22:29:05.160+0000] {processor.py:186} INFO - Started process (PID=69) to work on /home/airflow/.local/lib/python3.12/site-packages/airflow/example_dags/tutorial.py
[2025-11-16T22:29:05.162+0000] {processor.py:914} INFO - Processing file /home/airflow/.local/lib/python3.12/site-packages/airflow/example_dags/tutorial.py for tasks to queue
[2025-11-16T22:29:05.163+0000] {logging_mixin.py:190} INFO - [2025-11-16T22:29:05.163+0000] {dagbag.py:588} INFO - Filling up the DagBag from /home/airflow/.local/lib/python3.12/site-packages/airflow/example_dags/tutorial.py
[2025-11-16T22:29:05.169+0000] {processor.py:925} INFO - DAG(s) 'tutorial' retrieved from /home/airflow/.local/lib/python3.12/site-packages/airflow/example_dags/tutorial.py
[2025-11-16T22:29:05.187+0000] {logging_mixin.py:190} INFO - [2025-11-16T22:29:05.187+0000] {dag.py:3239} INFO - Sync 1 DAGs
[2025-11-16T22:29:05.203+0000] {logging_mixin.py:190} INFO - [2025-11-16T22:29:05.203+0000] {dag.py:4180} INFO - Setting next_dagrun for tutorial to 2025-11-15 00:00:00+00:00, run_after=2025-11-16 00:00:00+00:00
[2025-11-16T22:29:05.218+0000] {processor.py:208} INFO - Processing /home/airflow/.local/lib/python3.12/site-packages/airflow/example_dags/tutorial.py took 0.062 seconds
[2025-11-16T22:29:36.420+0000] {processor.py:186} INFO - Started process (PID=140) to work on /home/airflow/.local/lib/python3.12/site-packages/airflow/example_dags/tutorial.py
[2025-11-16T22:29:36.421+0000] {processor.py:914} INFO - Processing file /home/airflow/.local/lib/python3.12/site-packages/airflow/example_dags/tutorial.py for tasks to queue
[2025-11-16T22:29:36.423+0000] {logging_mixin.py:190} INFO - [2025-11-16T22:29:36.423+0000] {dagbag.py:588} INFO - Filling up the DagBag from /home/airflow/.local/lib/python3.12/site-packages/airflow/example_dags/tutorial.py
[2025-11-16T22:29:36.429+0000] {processor.py:925} INFO - DAG(s) 'tutorial' retrieved from /home/airflow/.local/lib/python3.12/site-packages/airflow/example_dags/tutorial.py
[2025-11-16T22:29:36.443+0000] {logging_mixin.py:190} INFO - [2025-11-16T22:29:36.443+0000] {dag.py:3239} INFO - Sync 1 DAGs
[2025-11-16T22:29:36.460+0000] {logging_mixin.py:190} INFO - [2025-11-16T22:29:36.459+0000] {dag.py:4180} INFO - Setting next_dagrun for tutorial to 2025-11-15 00:00:00+00:00, run_after=2025-11-16 00:00:00+00:00
[2025-11-16T22:29:36.473+0000] {processor.py:208} INFO - Processing /home/airflow/.local/lib/python3.12/site-packages/airflow/example_dags/tutorial.py took 0.057 seconds
[2025-11-16T22:30:07.169+0000] {processor.py:186} INFO - Started process (PID=205) to work on /home/airflow/.local/lib/python3.12/site-packages/airflow/example_dags/tutorial.py
[2025-11-16T22:30:07.170+0000] {processor.py:914} INFO - Processing file /home/airflow/.local/lib/python3.12/site-packages/airflow/example_dags/tutorial.py for tasks to queue
[2025-11-16T22:30:07.172+0000] {logging_mixin.py:190} INFO - [2025-11-16T22:30:07.172+0000] {dagbag.py:588} INFO - Filling up the DagBag from /home/airflow/.local/lib/python3.12/site-packages/airflow/example_dags/tutorial.py
[2025-11-16T22:30:07.178+0000] {processor.py:925} INFO - DAG(s) 'tutorial' retrieved from /home/airflow/.local/lib/python3.12/site-packages/airflow/example_dags/tutorial.py
[2025-11-16T22:30:07.192+0000] {logging_mixin.py:190} INFO - [2025-11-16T22:30:07.192+0000] {dag.py:3239} INFO - Sync 1 DAGs
[2025-11-16T22:30:07.207+0000] {logging_mixin.py:190} INFO - [2025-11-16T22:30:07.207+0000] {dag.py:4180} INFO - Setting next_dagrun for tutorial to 2025-11-15 00:00:00+00:00, run_after=2025-11-16 00:00:00+00:00
[2025-11-16T22:30:07.219+0000] {processor.py:208} INFO - Processing /home/airflow/.local/lib/python3.12/site-packages/airflow/example_dags/tutorial.py took 0.055 seconds
[2025-11-16T22:30:38.437+0000] {processor.py:186} INFO - Started process (PID=270) to work on /home/airflow/.local/lib/python3.12/site-packages/airflow/example_dags/tutorial.py
[2025-11-16T22:30:38.438+0000] {processor.py:914} INFO - Processing file /home/airflow/.local/lib/python3.12/site-packages/airflow/example_dags/tutorial.py for tasks to queue
[2025-11-16T22:30:38.440+0000] {logging_mixin.py:190} INFO - [2025-11-16T22:30:38.440+0000] {dagbag.py:588} INFO - Filling up the DagBag from /home/airflow/.local/lib/python3.12/site-packages/airflow/example_dags/tutorial.py
[2025-11-16T22:30:38.446+0000] {processor.py:925} INFO - DAG(s) 'tutorial' retrieved from /home/airflow/.local/lib/python3.12/site-packages/airflow/example_dags/tutorial.py
[2025-11-16T22:30:38.460+0000] {logging_mixin.py:190} INFO - [2025-11-16T22:30:38.460+0000] {dag.py:3239} INFO - Sync 1 DAGs
[2025-11-16T22:30:38.474+0000] {logging_mixin.py:190} INFO - [2025-11-16T22:30:38.474+0000] {dag.py:4180} INFO - Setting next_dagrun for tutorial to 2025-11-15 00:00:00+00:00, run_after=2025-11-16 00:00:00+00:00
[2025-11-16T22:30:38.488+0000] {processor.py:208} INFO - Processing /home/airflow/.local/lib/python3.12/site-packages/airflow/example_dags/tutorial.py took 0.055 seconds
[2025-11-16T22:31:09.136+0000] {processor.py:186} INFO - Started process (PID=336) to work on /home/airflow/.local/lib/python3.12/site-packages/airflow/example_dags/tutorial.py
[2025-11-16T22:31:09.137+0000] {processor.py:914} INFO - Processing file /home/airflow/.local/lib/python3.12/site-packages/airflow/example_dags/tutorial.py for tasks to queue
[2025-11-16T22:31:09.139+0000] {logging_mixin.py:190} INFO - [2025-11-16T22:31:09.139+0000] {dagbag.py:588} INFO - Filling up the DagBag from /home/airflow/.local/lib/python3.12/site-packages/airflow/example_dags/tutorial.py
[2025-11-16T22:31:09.145+0000] {processor.py:925} INFO - DAG(s) 'tutorial' retrieved from /home/airflow/.local/lib/python3.12/site-packages/airflow/example_dags/tutorial.py
[2025-11-16T22:31:09.160+0000] {logging_mixin.py:190} INFO - [2025-11-16T22:31:09.160+0000] {dag.py:3239} INFO - Sync 1 DAGs
[2025-11-16T22:31:09.175+0000] {logging_mixin.py:190} INFO - [2025-11-16T22:31:09.175+0000] {dag.py:4180} INFO - Setting next_dagrun for tutorial to 2025-11-15 00:00:00+00:00, run_after=2025-11-16 00:00:00+00:00
[2025-11-16T22:31:09.197+0000] {processor.py:208} INFO - Processing /home/airflow/.local/lib/python3.12/site-packages/airflow/example_dags/tutorial.py took 0.065 seconds
[2025-11-16T22:31:39.593+0000] {processor.py:186} INFO - Started process (PID=401) to work on /home/airflow/.local/lib/python3.12/site-packages/airflow/example_dags/tutorial.py
[2025-11-16T22:31:39.594+0000] {processor.py:914} INFO - Processing file /home/airflow/.local/lib/python3.12/site-packages/airflow/example_dags/tutorial.py for tasks to queue
[2025-11-16T22:31:39.596+0000] {logging_mixin.py:190} INFO - [2025-11-16T22:31:39.595+0000] {dagbag.py:588} INFO - Filling up the DagBag from /home/airflow/.local/lib/python3.12/site-packages/airflow/example_dags/tutorial.py
[2025-11-16T22:31:39.601+0000] {processor.py:925} INFO - DAG(s) 'tutorial' retrieved from /home/airflow/.local/lib/python3.12/site-packages/airflow/example_dags/tutorial.py
[2025-11-16T22:31:39.614+0000] {logging_mixin.py:190} INFO - [2025-11-16T22:31:39.614+0000] {dag.py:3239} INFO - Sync 1 DAGs
[2025-11-16T22:31:39.627+0000] {logging_mixin.py:190} INFO - [2025-11-16T22:31:39.627+0000] {dag.py:4180} INFO - Setting next_dagrun for tutorial to 2025-11-15 00:00:00+00:00, run_after=2025-11-16 00:00:00+00:00
[2025-11-16T22:31:39.639+0000] {processor.py:208} INFO - Processing /home/airflow/.local/lib/python3.12/site-packages/airflow/example_dags/tutorial.py took 0.050 seconds
[2025-11-16T22:32:10.274+0000] {processor.py:186} INFO - Started process (PID=466) to work on /home/airflow/.local/lib/python3.12/site-packages/airflow/example_dags/tutorial.py
[2025-11-16T22:32:10.275+0000] {processor.py:914} INFO - Processing file /home/airflow/.local/lib/python3.12/site-packages/airflow/example_dags/tutorial.py for tasks to queue
[2025-11-16T22:32:10.277+0000] {logging_mixin.py:190} INFO - [2025-11-16T22:32:10.277+0000] {dagbag.py:588} INFO - Filling up the DagBag from /home/airflow/.local/lib/python3.12/site-packages/airflow/example_dags/tutorial.py
[2025-11-16T22:32:10.283+0000] {processor.py:925} INFO - DAG(s) 'tutorial' retrieved from /home/airflow/.local/lib/python3.12/site-packages/airflow/example_dags/tutorial.py
[2025-11-16T22:32:10.296+0000] {logging_mixin.py:190} INFO - [2025-11-16T22:32:10.295+0000] {dag.py:3239} INFO - Sync 1 DAGs
[2025-11-16T22:32:10.310+0000] {logging_mixin.py:190} INFO - [2025-11-16T22:32:10.310+0000] {dag.py:4180} INFO - Setting next_dagrun for tutorial to 2025-11-15 00:00:00+00:00, run_after=2025-11-16 00:00:00+00:00
[2025-11-16T22:32:10.321+0000] {processor.py:208} INFO - Processing /home/airflow/.local/lib/python3.12/site-packages/airflow/example_dags/tutorial.py took 0.052 seconds
[2025-11-16T22:32:41.102+0000] {processor.py:186} INFO - Started process (PID=531) to work on /home/airflow/.local/lib/python3.12/site-packages/airflow/example_dags/tutorial.py
[2025-11-16T22:32:41.103+0000] {processor.py:914} INFO - Processing file /home/airflow/.local/lib/python3.12/site-packages/airflow/example_dags/tutorial.py for tasks to queue
[2025-11-16T22:32:41.105+0000] {logging_mixin.py:190} INFO - [2025-11-16T22:32:41.105+0000] {dagbag.py:588} INFO - Filling up the DagBag from /home/airflow/.local/lib/python3.12/site-packages/airflow/example_dags/tutorial.py
[2025-11-16T22:32:41.111+0000] {processor.py:925} INFO - DAG(s) 'tutorial' retrieved from /home/airflow/.local/lib/python3.12/site-packages/airflow/example_dags/tutorial.py
[2025-11-16T22:32:41.126+0000] {logging_mixin.py:190} INFO - [2025-11-16T22:32:41.126+0000] {dag.py:3239} INFO - Sync 1 DAGs
[2025-11-16T22:32:41.141+0000] {logging_mixin.py:190} INFO - [2025-11-16T22:32:41.141+0000] {dag.py:4180} INFO - Setting next_dagrun for tutorial to 2025-11-15 00:00:00+00:00, run_after=2025-11-16 00:00:00+00:00
[2025-11-16T22:32:41.155+0000] {processor.py:208} INFO - Processing /home/airflow/.local/lib/python3.12/site-packages/airflow/example_dags/tutorial.py took 0.058 seconds
[2025-11-16T22:33:11.621+0000] {processor.py:186} INFO - Started process (PID=596) to work on /home/airflow/.local/lib/python3.12/site-packages/airflow/example_dags/tutorial.py
[2025-11-16T22:33:11.622+0000] {processor.py:914} INFO - Processing file /home/airflow/.local/lib/python3.12/site-packages/airflow/example_dags/tutorial.py for tasks to queue
[2025-11-16T22:33:11.624+0000] {logging_mixin.py:190} INFO - [2025-11-16T22:33:11.624+0000] {dagbag.py:588} INFO - Filling up the DagBag from /home/airflow/.local/lib/python3.12/site-packages/airflow/example_dags/tutorial.py
[2025-11-16T22:33:11.630+0000] {processor.py:925} INFO - DAG(s) 'tutorial' retrieved from /home/airflow/.local/lib/python3.12/site-packages/airflow/example_dags/tutorial.py
[2025-11-16T22:33:11.643+0000] {logging_mixin.py:190} INFO - [2025-11-16T22:33:11.643+0000] {dag.py:3239} INFO - Sync 1 DAGs
[2025-11-16T22:33:11.658+0000] {logging_mixin.py:190} INFO - [2025-11-16T22:33:11.658+0000] {dag.py:4180} INFO - Setting next_dagrun for tutorial to 2025-11-15 00:00:00+00:00, run_after=2025-11-16 00:00:00+00:00
[2025-11-16T22:33:11.672+0000] {processor.py:208} INFO - Processing /home/airflow/.local/lib/python3.12/site-packages/airflow/example_dags/tutorial.py took 0.055 seconds
[2025-11-16T22:33:42.435+0000] {processor.py:186} INFO - Started process (PID=661) to work on /home/airflow/.local/lib/python3.12/site-packages/airflow/example_dags/tutorial.py
[2025-11-16T22:33:42.436+0000] {processor.py:914} INFO - Processing file /home/airflow/.local/lib/python3.12/site-packages/airflow/example_dags/tutorial.py for tasks to queue
[2025-11-16T22:33:42.438+0000] {logging_mixin.py:190} INFO - [2025-11-16T22:33:42.437+0000] {dagbag.py:588} INFO - Filling up the DagBag from /home/airflow/.local/lib/python3.12/site-packages/airflow/example_dags/tutorial.py
[2025-11-16T22:33:42.444+0000] {processor.py:925} INFO - DAG(s) 'tutorial' retrieved from /home/airflow/.local/lib/python3.12/site-packages/airflow/example_dags/tutorial.py
[2025-11-16T22:33:42.458+0000] {logging_mixin.py:190} INFO - [2025-11-16T22:33:42.458+0000] {dag.py:3239} INFO - Sync 1 DAGs
[2025-11-16T22:33:42.474+0000] {logging_mixin.py:190} INFO - [2025-11-16T22:33:42.474+0000] {dag.py:4180} INFO - Setting next_dagrun for tutorial to 2025-11-15 00:00:00+00:00, run_after=2025-11-16 00:00:00+00:00
[2025-11-16T22:33:42.488+0000] {processor.py:208} INFO - Processing /home/airflow/.local/lib/python3.12/site-packages/airflow/example_dags/tutorial.py took 0.058 seconds
[2025-11-16T22:34:13.062+0000] {processor.py:186} INFO - Started process (PID=726) to work on /home/airflow/.local/lib/python3.12/site-packages/airflow/example_dags/tutorial.py
[2025-11-16T22:34:13.063+0000] {processor.py:914} INFO - Processing file /home/airflow/.local/lib/python3.12/site-packages/airflow/example_dags/tutorial.py for tasks to queue
[2025-11-16T22:34:13.065+0000] {logging_mixin.py:190} INFO - [2025-11-16T22:34:13.065+0000] {dagbag.py:588} INFO - Filling up the DagBag from /home/airflow/.local/lib/python3.12/site-packages/airflow/example_dags/tutorial.py
[2025-11-16T22:34:13.072+0000] {processor.py:925} INFO - DAG(s) 'tutorial' retrieved from /home/airflow/.local/lib/python3.12/site-packages/airflow/example_dags/tutorial.py
[2025-11-16T22:34:13.085+0000] {logging_mixin.py:190} INFO - [2025-11-16T22:34:13.085+0000] {dag.py:3239} INFO - Sync 1 DAGs
[2025-11-16T22:34:13.100+0000] {logging_mixin.py:190} INFO - [2025-11-16T22:34:13.100+0000] {dag.py:4180} INFO - Setting next_dagrun for tutorial to 2025-11-15 00:00:00+00:00, run_after=2025-11-16 00:00:00+00:00
[2025-11-16T22:34:13.113+0000] {processor.py:208} INFO - Processing /home/airflow/.local/lib/python3.12/site-packages/airflow/example_dags/tutorial.py took 0.055 seconds
[2025-11-16T22:34:44.061+0000] {processor.py:186} INFO - Started process (PID=791) to work on /home/airflow/.local/lib/python3.12/site-packages/airflow/example_dags/tutorial.py
[2025-11-16T22:34:44.062+0000] {processor.py:914} INFO - Processing file /home/airflow/.local/lib/python3.12/site-packages/airflow/example_dags/tutorial.py for tasks to queue
[2025-11-16T22:34:44.063+0000] {logging_mixin.py:190} INFO - [2025-11-16T22:34:44.063+0000] {dagbag.py:588} INFO - Filling up the DagBag from /home/airflow/.local/lib/python3.12/site-packages/airflow/example_dags/tutorial.py
[2025-11-16T22:34:44.069+0000] {processor.py:925} INFO - DAG(s) 'tutorial' retrieved from /home/airflow/.local/lib/python3.12/site-packages/airflow/example_dags/tutorial.py
[2025-11-16T22:34:44.082+0000] {logging_mixin.py:190} INFO - [2025-11-16T22:34:44.082+0000] {dag.py:3239} INFO - Sync 1 DAGs
[2025-11-16T22:34:44.097+0000] {logging_mixin.py:190} INFO - [2025-11-16T22:34:44.097+0000] {dag.py:4180} INFO - Setting next_dagrun for tutorial to 2025-11-15 00:00:00+00:00, run_after=2025-11-16 00:00:00+00:00
[2025-11-16T22:34:44.109+0000] {processor.py:208} INFO - Processing /home/airflow/.local/lib/python3.12/site-packages/airflow/example_dags/tutorial.py took 0.052 seconds
[2025-11-16T22:35:14.756+0000] {processor.py:186} INFO - Started process (PID=856) to work on /home/airflow/.local/lib/python3.12/site-packages/airflow/example_dags/tutorial.py
[2025-11-16T22:35:14.757+0000] {processor.py:914} INFO - Processing file /home/airflow/.local/lib/python3.12/site-packages/airflow/example_dags/tutorial.py for tasks to queue
[2025-11-16T22:35:14.759+0000] {logging_mixin.py:190} INFO - [2025-11-16T22:35:14.759+0000] {dagbag.py:588} INFO - Filling up the DagBag from /home/airflow/.local/lib/python3.12/site-packages/airflow/example_dags/tutorial.py
[2025-11-16T22:35:14.766+0000] {processor.py:925} INFO - DAG(s) 'tutorial' retrieved from /home/airflow/.local/lib/python3.12/site-packages/airflow/example_dags/tutorial.py
[2025-11-16T22:35:14.781+0000] {logging_mixin.py:190} INFO - [2025-11-16T22:35:14.781+0000] {dag.py:3239} INFO - Sync 1 DAGs
[2025-11-16T22:35:14.797+0000] {logging_mixin.py:190} INFO - [2025-11-16T22:35:14.797+0000] {dag.py:4180} INFO - Setting next_dagrun for tutorial to 2025-11-15 00:00:00+00:00, run_after=2025-11-16 00:00:00+00:00
[2025-11-16T22:35:14.810+0000] {processor.py:208} INFO - Processing /home/airflow/.local/lib/python3.12/site-packages/airflow/example_dags/tutorial.py took 0.059 seconds
[2025-11-16T22:35:45.655+0000] {processor.py:186} INFO - Started process (PID=921) to work on /home/airflow/.local/lib/python3.12/site-packages/airflow/example_dags/tutorial.py
[2025-11-16T22:35:45.656+0000] {processor.py:914} INFO - Processing file /home/airflow/.local/lib/python3.12/site-packages/airflow/example_dags/tutorial.py for tasks to queue
[2025-11-16T22:35:45.658+0000] {logging_mixin.py:190} INFO - [2025-11-16T22:35:45.658+0000] {dagbag.py:588} INFO - Filling up the DagBag from /home/airflow/.local/lib/python3.12/site-packages/airflow/example_dags/tutorial.py
[2025-11-16T22:35:45.664+0000] {processor.py:925} INFO - DAG(s) 'tutorial' retrieved from /home/airflow/.local/lib/python3.12/site-packages/airflow/example_dags/tutorial.py
[2025-11-16T22:35:45.678+0000] {logging_mixin.py:190} INFO - [2025-11-16T22:35:45.678+0000] {dag.py:3239} INFO - Sync 1 DAGs
[2025-11-16T22:35:45.693+0000] {logging_mixin.py:190} INFO - [2025-11-16T22:35:45.693+0000] {dag.py:4180} INFO - Setting next_dagrun for tutorial to 2025-11-15 00:00:00+00:00, run_after=2025-11-16 00:00:00+00:00
[2025-11-16T22:35:45.707+0000] {processor.py:208} INFO - Processing /home/airflow/.local/lib/python3.12/site-packages/airflow/example_dags/tutorial.py took 0.055 seconds
[2025-11-16T22:36:17.280+0000] {processor.py:186} INFO - Started process (PID=987) to work on /home/airflow/.local/lib/python3.12/site-packages/airflow/example_dags/tutorial.py
[2025-11-16T22:36:17.281+0000] {processor.py:914} INFO - Processing file /home/airflow/.local/lib/python3.12/site-packages/airflow/example_dags/tutorial.py for tasks to queue
[2025-11-16T22:36:17.283+0000] {logging_mixin.py:190} INFO - [2025-11-16T22:36:17.283+0000] {dagbag.py:588} INFO - Filling up the DagBag from /home/airflow/.local/lib/python3.12/site-packages/airflow/example_dags/tutorial.py
[2025-11-16T22:36:17.290+0000] {processor.py:925} INFO - DAG(s) 'tutorial' retrieved from /home/airflow/.local/lib/python3.12/site-packages/airflow/example_dags/tutorial.py
[2025-11-16T22:36:17.304+0000] {logging_mixin.py:190} INFO - [2025-11-16T22:36:17.304+0000] {dag.py:3239} INFO - Sync 1 DAGs
[2025-11-16T22:36:17.320+0000] {logging_mixin.py:190} INFO - [2025-11-16T22:36:17.320+0000] {dag.py:4180} INFO - Setting next_dagrun for tutorial to 2025-11-15 00:00:00+00:00, run_after=2025-11-16 00:00:00+00:00
[2025-11-16T22:36:17.333+0000] {processor.py:208} INFO - Processing /home/airflow/.local/lib/python3.12/site-packages/airflow/example_dags/tutorial.py took 0.058 seconds
[2025-11-16T22:36:48.572+0000] {processor.py:186} INFO - Started process (PID=1052) to work on /home/airflow/.local/lib/python3.12/site-packages/airflow/example_dags/tutorial.py
[2025-11-16T22:36:48.573+0000] {processor.py:914} INFO - Processing file /home/airflow/.local/lib/python3.12/site-packages/airflow/example_dags/tutorial.py for tasks to queue
[2025-11-16T22:36:48.575+0000] {logging_mixin.py:190} INFO - [2025-11-16T22:36:48.575+0000] {dagbag.py:588} INFO - Filling up the DagBag from /home/airflow/.local/lib/python3.12/site-packages/airflow/example_dags/tutorial.py
[2025-11-16T22:36:48.582+0000] {processor.py:925} INFO - DAG(s) 'tutorial' retrieved from /home/airflow/.local/lib/python3.12/site-packages/airflow/example_dags/tutorial.py
[2025-11-16T22:36:48.598+0000] {logging_mixin.py:190} INFO - [2025-11-16T22:36:48.598+0000] {dag.py:3239} INFO - Sync 1 DAGs
[2025-11-16T22:36:48.618+0000] {logging_mixin.py:190} INFO - [2025-11-16T22:36:48.618+0000] {dag.py:4180} INFO - Setting next_dagrun for tutorial to 2025-11-15 00:00:00+00:00, run_after=2025-11-16 00:00:00+00:00
[2025-11-16T22:36:48.636+0000] {processor.py:208} INFO - Processing /home/airflow/.local/lib/python3.12/site-packages/airflow/example_dags/tutorial.py took 0.069 seconds
[2025-11-16T22:37:19.676+0000] {processor.py:186} INFO - Started process (PID=1117) to work on /home/airflow/.local/lib/python3.12/site-packages/airflow/example_dags/tutorial.py
[2025-11-16T22:37:19.677+0000] {processor.py:914} INFO - Processing file /home/airflow/.local/lib/python3.12/site-packages/airflow/example_dags/tutorial.py for tasks to queue
[2025-11-16T22:37:19.680+0000] {logging_mixin.py:190} INFO - [2025-11-16T22:37:19.679+0000] {dagbag.py:588} INFO - Filling up the DagBag from /home/airflow/.local/lib/python3.12/site-packages/airflow/example_dags/tutorial.py
[2025-11-16T22:37:19.686+0000] {processor.py:925} INFO - DAG(s) 'tutorial' retrieved from /home/airflow/.local/lib/python3.12/site-packages/airflow/example_dags/tutorial.py
[2025-11-16T22:37:19.702+0000] {logging_mixin.py:190} INFO - [2025-11-16T22:37:19.702+0000] {dag.py:3239} INFO - Sync 1 DAGs
[2025-11-16T22:37:19.718+0000] {logging_mixin.py:190} INFO - [2025-11-16T22:37:19.718+0000] {dag.py:4180} INFO - Setting next_dagrun for tutorial to 2025-11-15 00:00:00+00:00, run_after=2025-11-16 00:00:00+00:00
[2025-11-16T22:37:19.730+0000] {processor.py:208} INFO - Processing /home/airflow/.local/lib/python3.12/site-packages/airflow/example_dags/tutorial.py took 0.058 seconds
[2025-11-16T22:37:50.632+0000] {processor.py:186} INFO - Started process (PID=1182) to work on /home/airflow/.local/lib/python3.12/site-packages/airflow/example_dags/tutorial.py
[2025-11-16T22:37:50.633+0000] {processor.py:914} INFO - Processing file /home/airflow/.local/lib/python3.12/site-packages/airflow/example_dags/tutorial.py for tasks to queue
[2025-11-16T22:37:50.636+0000] {logging_mixin.py:190} INFO - [2025-11-16T22:37:50.635+0000] {dagbag.py:588} INFO - Filling up the DagBag from /home/airflow/.local/lib/python3.12/site-packages/airflow/example_dags/tutorial.py
[2025-11-16T22:37:50.642+0000] {processor.py:925} INFO - DAG(s) 'tutorial' retrieved from /home/airflow/.local/lib/python3.12/site-packages/airflow/example_dags/tutorial.py
[2025-11-16T22:37:50.658+0000] {logging_mixin.py:190} INFO - [2025-11-16T22:37:50.658+0000] {dag.py:3239} INFO - Sync 1 DAGs
[2025-11-16T22:37:50.674+0000] {logging_mixin.py:190} INFO - [2025-11-16T22:37:50.674+0000] {dag.py:4180} INFO - Setting next_dagrun for tutorial to 2025-11-15 00:00:00+00:00, run_after=2025-11-16 00:00:00+00:00
[2025-11-16T22:37:50.686+0000] {processor.py:208} INFO - Processing /home/airflow/.local/lib/python3.12/site-packages/airflow/example_dags/tutorial.py took 0.058 seconds
[2025-11-16T22:38:21.709+0000] {processor.py:186} INFO - Started process (PID=1247) to work on /home/airflow/.local/lib/python3.12/site-packages/airflow/example_dags/tutorial.py
[2025-11-16T22:38:21.710+0000] {processor.py:914} INFO - Processing file /home/airflow/.local/lib/python3.12/site-packages/airflow/example_dags/tutorial.py for tasks to queue
[2025-11-16T22:38:21.712+0000] {logging_mixin.py:190} INFO - [2025-11-16T22:38:21.711+0000] {dagbag.py:588} INFO - Filling up the DagBag from /home/airflow/.local/lib/python3.12/site-packages/airflow/example_dags/tutorial.py
[2025-11-16T22:38:21.718+0000] {processor.py:925} INFO - DAG(s) 'tutorial' retrieved from /home/airflow/.local/lib/python3.12/site-packages/airflow/example_dags/tutorial.py
[2025-11-16T22:38:21.734+0000] {logging_mixin.py:190} INFO - [2025-11-16T22:38:21.734+0000] {dag.py:3239} INFO - Sync 1 DAGs
[2025-11-16T22:38:21.751+0000] {logging_mixin.py:190} INFO - [2025-11-16T22:38:21.751+0000] {dag.py:4180} INFO - Setting next_dagrun for tutorial to 2025-11-15 00:00:00+00:00, run_after=2025-11-16 00:00:00+00:00
[2025-11-16T22:38:21.765+0000] {processor.py:208} INFO - Processing /home/airflow/.local/lib/python3.12/site-packages/airflow/example_dags/tutorial.py took 0.061 seconds
[2025-11-16T22:38:53.297+0000] {processor.py:186} INFO - Started process (PID=1312) to work on /home/airflow/.local/lib/python3.12/site-packages/airflow/example_dags/tutorial.py
[2025-11-16T22:38:53.299+0000] {processor.py:914} INFO - Processing file /home/airflow/.local/lib/python3.12/site-packages/airflow/example_dags/tutorial.py for tasks to queue
[2025-11-16T22:38:53.301+0000] {logging_mixin.py:190} INFO - [2025-11-16T22:38:53.300+0000] {dagbag.py:588} INFO - Filling up the DagBag from /home/airflow/.local/lib/python3.12/site-packages/airflow/example_dags/tutorial.py
[2025-11-16T22:38:53.309+0000] {processor.py:925} INFO - DAG(s) 'tutorial' retrieved from /home/airflow/.local/lib/python3.12/site-packages/airflow/example_dags/tutorial.py
[2025-11-16T22:38:53.325+0000] {logging_mixin.py:190} INFO - [2025-11-16T22:38:53.325+0000] {dag.py:3239} INFO - Sync 1 DAGs
[2025-11-16T22:38:53.344+0000] {logging_mixin.py:190} INFO - [2025-11-16T22:38:53.344+0000] {dag.py:4180} INFO - Setting next_dagrun for tutorial to 2025-11-15 00:00:00+00:00, run_after=2025-11-16 00:00:00+00:00
[2025-11-16T22:38:53.366+0000] {processor.py:208} INFO - Processing /home/airflow/.local/lib/python3.12/site-packages/airflow/example_dags/tutorial.py took 0.073 seconds
[2025-11-16T22:39:24.002+0000] {processor.py:186} INFO - Started process (PID=1377) to work on /home/airflow/.local/lib/python3.12/site-packages/airflow/example_dags/tutorial.py
[2025-11-16T22:39:24.003+0000] {processor.py:914} INFO - Processing file /home/airflow/.local/lib/python3.12/site-packages/airflow/example_dags/tutorial.py for tasks to queue
[2025-11-16T22:39:24.005+0000] {logging_mixin.py:190} INFO - [2025-11-16T22:39:24.005+0000] {dagbag.py:588} INFO - Filling up the DagBag from /home/airflow/.local/lib/python3.12/site-packages/airflow/example_dags/tutorial.py
[2025-11-16T22:39:24.012+0000] {processor.py:925} INFO - DAG(s) 'tutorial' retrieved from /home/airflow/.local/lib/python3.12/site-packages/airflow/example_dags/tutorial.py
[2025-11-16T22:39:24.029+0000] {logging_mixin.py:190} INFO - [2025-11-16T22:39:24.028+0000] {dag.py:3239} INFO - Sync 1 DAGs
[2025-11-16T22:39:24.045+0000] {logging_mixin.py:190} INFO - [2025-11-16T22:39:24.045+0000] {dag.py:4180} INFO - Setting next_dagrun for tutorial to 2025-11-15 00:00:00+00:00, run_after=2025-11-16 00:00:00+00:00
[2025-11-16T22:39:24.061+0000] {processor.py:208} INFO - Processing /home/airflow/.local/lib/python3.12/site-packages/airflow/example_dags/tutorial.py took 0.064 seconds
[2025-11-16T22:39:54.773+0000] {processor.py:186} INFO - Started process (PID=1442) to work on /home/airflow/.local/lib/python3.12/site-packages/airflow/example_dags/tutorial.py
[2025-11-16T22:39:54.774+0000] {processor.py:914} INFO - Processing file /home/airflow/.local/lib/python3.12/site-packages/airflow/example_dags/tutorial.py for tasks to queue
[2025-11-16T22:39:54.776+0000] {logging_mixin.py:190} INFO - [2025-11-16T22:39:54.775+0000] {dagbag.py:588} INFO - Filling up the DagBag from /home/airflow/.local/lib/python3.12/site-packages/airflow/example_dags/tutorial.py
[2025-11-16T22:39:54.783+0000] {processor.py:925} INFO - DAG(s) 'tutorial' retrieved from /home/airflow/.local/lib/python3.12/site-packages/airflow/example_dags/tutorial.py
[2025-11-16T22:39:54.799+0000] {logging_mixin.py:190} INFO - [2025-11-16T22:39:54.798+0000] {dag.py:3239} INFO - Sync 1 DAGs
[2025-11-16T22:39:54.816+0000] {logging_mixin.py:190} INFO - [2025-11-16T22:39:54.815+0000] {dag.py:4180} INFO - Setting next_dagrun for tutorial to 2025-11-15 00:00:00+00:00, run_after=2025-11-16 00:00:00+00:00
[2025-11-16T22:39:54.829+0000] {processor.py:208} INFO - Processing /home/airflow/.local/lib/python3.12/site-packages/airflow/example_dags/tutorial.py took 0.061 seconds
[2025-11-16T22:40:25.056+0000] {processor.py:186} INFO - Started process (PID=1507) to work on /home/airflow/.local/lib/python3.12/site-packages/airflow/example_dags/tutorial.py
[2025-11-16T22:40:25.057+0000] {processor.py:914} INFO - Processing file /home/airflow/.local/lib/python3.12/site-packages/airflow/example_dags/tutorial.py for tasks to queue
[2025-11-16T22:40:25.059+0000] {logging_mixin.py:190} INFO - [2025-11-16T22:40:25.059+0000] {dagbag.py:588} INFO - Filling up the DagBag from /home/airflow/.local/lib/python3.12/site-packages/airflow/example_dags/tutorial.py
[2025-11-16T22:40:25.066+0000] {processor.py:925} INFO - DAG(s) 'tutorial' retrieved from /home/airflow/.local/lib/python3.12/site-packages/airflow/example_dags/tutorial.py
[2025-11-16T22:40:25.083+0000] {logging_mixin.py:190} INFO - [2025-11-16T22:40:25.083+0000] {dag.py:3239} INFO - Sync 1 DAGs
[2025-11-16T22:40:25.102+0000] {logging_mixin.py:190} INFO - [2025-11-16T22:40:25.102+0000] {dag.py:4180} INFO - Setting next_dagrun for tutorial to 2025-11-15 00:00:00+00:00, run_after=2025-11-16 00:00:00+00:00
[2025-11-16T22:40:25.115+0000] {processor.py:208} INFO - Processing /home/airflow/.local/lib/python3.12/site-packages/airflow/example_dags/tutorial.py took 0.063 seconds
[2025-11-16T22:40:55.733+0000] {processor.py:186} INFO - Started process (PID=1572) to work on /home/airflow/.local/lib/python3.12/site-packages/airflow/example_dags/tutorial.py
[2025-11-16T22:40:55.734+0000] {processor.py:914} INFO - Processing file /home/airflow/.local/lib/python3.12/site-packages/airflow/example_dags/tutorial.py for tasks to queue
[2025-11-16T22:40:55.737+0000] {logging_mixin.py:190} INFO - [2025-11-16T22:40:55.736+0000] {dagbag.py:588} INFO - Filling up the DagBag from /home/airflow/.local/lib/python3.12/site-packages/airflow/example_dags/tutorial.py
[2025-11-16T22:40:55.743+0000] {processor.py:925} INFO - DAG(s) 'tutorial' retrieved from /home/airflow/.local/lib/python3.12/site-packages/airflow/example_dags/tutorial.py
[2025-11-16T22:40:55.758+0000] {logging_mixin.py:190} INFO - [2025-11-16T22:40:55.758+0000] {dag.py:3239} INFO - Sync 1 DAGs
[2025-11-16T22:40:55.774+0000] {logging_mixin.py:190} INFO - [2025-11-16T22:40:55.774+0000] {dag.py:4180} INFO - Setting next_dagrun for tutorial to 2025-11-15 00:00:00+00:00, run_after=2025-11-16 00:00:00+00:00
[2025-11-16T22:40:55.787+0000] {processor.py:208} INFO - Processing /home/airflow/.local/lib/python3.12/site-packages/airflow/example_dags/tutorial.py took 0.058 seconds
[2025-11-16T22:41:26.505+0000] {processor.py:186} INFO - Started process (PID=1637) to work on /home/airflow/.local/lib/python3.12/site-packages/airflow/example_dags/tutorial.py
[2025-11-16T22:41:26.506+0000] {processor.py:914} INFO - Processing file /home/airflow/.local/lib/python3.12/site-packages/airflow/example_dags/tutorial.py for tasks to queue
[2025-11-16T22:41:26.508+0000] {logging_mixin.py:190} INFO - [2025-11-16T22:41:26.508+0000] {dagbag.py:588} INFO - Filling up the DagBag from /home/airflow/.local/lib/python3.12/site-packages/airflow/example_dags/tutorial.py
[2025-11-16T22:41:26.516+0000] {processor.py:925} INFO - DAG(s) 'tutorial' retrieved from /home/airflow/.local/lib/python3.12/site-packages/airflow/example_dags/tutorial.py
[2025-11-16T22:41:26.532+0000] {logging_mixin.py:190} INFO - [2025-11-16T22:41:26.532+0000] {dag.py:3239} INFO - Sync 1 DAGs
[2025-11-16T22:41:26.550+0000] {logging_mixin.py:190} INFO - [2025-11-16T22:41:26.550+0000] {dag.py:4180} INFO - Setting next_dagrun for tutorial to 2025-11-15 00:00:00+00:00, run_after=2025-11-16 00:00:00+00:00
[2025-11-16T22:41:26.563+0000] {processor.py:208} INFO - Processing /home/airflow/.local/lib/python3.12/site-packages/airflow/example_dags/tutorial.py took 0.063 seconds
[2025-11-16T22:41:57.035+0000] {processor.py:186} INFO - Started process (PID=1702) to work on /home/airflow/.local/lib/python3.12/site-packages/airflow/example_dags/tutorial.py
[2025-11-16T22:41:57.036+0000] {processor.py:914} INFO - Processing file /home/airflow/.local/lib/python3.12/site-packages/airflow/example_dags/tutorial.py for tasks to queue
[2025-11-16T22:41:57.038+0000] {logging_mixin.py:190} INFO - [2025-11-16T22:41:57.037+0000] {dagbag.py:588} INFO - Filling up the DagBag from /home/airflow/.local/lib/python3.12/site-packages/airflow/example_dags/tutorial.py
[2025-11-16T22:41:57.044+0000] {processor.py:925} INFO - DAG(s) 'tutorial' retrieved from /home/airflow/.local/lib/python3.12/site-packages/airflow/example_dags/tutorial.py
[2025-11-16T22:41:57.062+0000] {logging_mixin.py:190} INFO - [2025-11-16T22:41:57.061+0000] {dag.py:3239} INFO - Sync 1 DAGs
[2025-11-16T22:41:57.079+0000] {logging_mixin.py:190} INFO - [2025-11-16T22:41:57.078+0000] {dag.py:4180} INFO - Setting next_dagrun for tutorial to 2025-11-15 00:00:00+00:00, run_after=2025-11-16 00:00:00+00:00
[2025-11-16T22:41:57.091+0000] {processor.py:208} INFO - Processing /home/airflow/.local/lib/python3.12/site-packages/airflow/example_dags/tutorial.py took 0.061 seconds
[2025-11-16T22:42:27.308+0000] {processor.py:186} INFO - Started process (PID=1778) to work on /home/airflow/.local/lib/python3.12/site-packages/airflow/example_dags/tutorial.py
[2025-11-16T22:42:27.309+0000] {processor.py:914} INFO - Processing file /home/airflow/.local/lib/python3.12/site-packages/airflow/example_dags/tutorial.py for tasks to queue
[2025-11-16T22:42:27.311+0000] {logging_mixin.py:190} INFO - [2025-11-16T22:42:27.311+0000] {dagbag.py:588} INFO - Filling up the DagBag from /home/airflow/.local/lib/python3.12/site-packages/airflow/example_dags/tutorial.py
[2025-11-16T22:42:27.318+0000] {processor.py:925} INFO - DAG(s) 'tutorial' retrieved from /home/airflow/.local/lib/python3.12/site-packages/airflow/example_dags/tutorial.py
[2025-11-16T22:42:27.334+0000] {logging_mixin.py:190} INFO - [2025-11-16T22:42:27.334+0000] {dag.py:3239} INFO - Sync 1 DAGs
[2025-11-16T22:42:27.350+0000] {logging_mixin.py:190} INFO - [2025-11-16T22:42:27.350+0000] {dag.py:4180} INFO - Setting next_dagrun for tutorial to 2025-11-15 00:00:00+00:00, run_after=2025-11-16 00:00:00+00:00
[2025-11-16T22:42:27.364+0000] {processor.py:208} INFO - Processing /home/airflow/.local/lib/python3.12/site-packages/airflow/example_dags/tutorial.py took 0.061 seconds
[2025-11-16T22:42:57.861+0000] {processor.py:186} INFO - Started process (PID=1843) to work on /home/airflow/.local/lib/python3.12/site-packages/airflow/example_dags/tutorial.py
[2025-11-16T22:42:57.862+0000] {processor.py:914} INFO - Processing file /home/airflow/.local/lib/python3.12/site-packages/airflow/example_dags/tutorial.py for tasks to queue
[2025-11-16T22:42:57.864+0000] {logging_mixin.py:190} INFO - [2025-11-16T22:42:57.864+0000] {dagbag.py:588} INFO - Filling up the DagBag from /home/airflow/.local/lib/python3.12/site-packages/airflow/example_dags/tutorial.py
[2025-11-16T22:42:57.871+0000] {processor.py:925} INFO - DAG(s) 'tutorial' retrieved from /home/airflow/.local/lib/python3.12/site-packages/airflow/example_dags/tutorial.py
[2025-11-16T22:42:57.887+0000] {logging_mixin.py:190} INFO - [2025-11-16T22:42:57.886+0000] {dag.py:3239} INFO - Sync 1 DAGs
[2025-11-16T22:42:57.903+0000] {logging_mixin.py:190} INFO - [2025-11-16T22:42:57.903+0000] {dag.py:4180} INFO - Setting next_dagrun for tutorial to 2025-11-15 00:00:00+00:00, run_after=2025-11-16 00:00:00+00:00
[2025-11-16T22:42:57.917+0000] {processor.py:208} INFO - Processing /home/airflow/.local/lib/python3.12/site-packages/airflow/example_dags/tutorial.py took 0.060 seconds
[2025-11-16T22:43:29.119+0000] {processor.py:186} INFO - Started process (PID=1908) to work on /home/airflow/.local/lib/python3.12/site-packages/airflow/example_dags/tutorial.py
[2025-11-16T22:43:29.120+0000] {processor.py:914} INFO - Processing file /home/airflow/.local/lib/python3.12/site-packages/airflow/example_dags/tutorial.py for tasks to queue
[2025-11-16T22:43:29.122+0000] {logging_mixin.py:190} INFO - [2025-11-16T22:43:29.122+0000] {dagbag.py:588} INFO - Filling up the DagBag from /home/airflow/.local/lib/python3.12/site-packages/airflow/example_dags/tutorial.py
[2025-11-16T22:43:29.128+0000] {processor.py:925} INFO - DAG(s) 'tutorial' retrieved from /home/airflow/.local/lib/python3.12/site-packages/airflow/example_dags/tutorial.py
[2025-11-16T22:43:29.143+0000] {logging_mixin.py:190} INFO - [2025-11-16T22:43:29.142+0000] {dag.py:3239} INFO - Sync 1 DAGs
[2025-11-16T22:43:29.158+0000] {logging_mixin.py:190} INFO - [2025-11-16T22:43:29.157+0000] {dag.py:4180} INFO - Setting next_dagrun for tutorial to 2025-11-15 00:00:00+00:00, run_after=2025-11-16 00:00:00+00:00
[2025-11-16T22:43:29.170+0000] {processor.py:208} INFO - Processing /home/airflow/.local/lib/python3.12/site-packages/airflow/example_dags/tutorial.py took 0.056 seconds
[2025-11-16T22:44:00.290+0000] {processor.py:186} INFO - Started process (PID=1973) to work on /home/airflow/.local/lib/python3.12/site-packages/airflow/example_dags/tutorial.py
[2025-11-16T22:44:00.290+0000] {processor.py:914} INFO - Processing file /home/airflow/.local/lib/python3.12/site-packages/airflow/example_dags/tutorial.py for tasks to queue
[2025-11-16T22:44:00.293+0000] {logging_mixin.py:190} INFO - [2025-11-16T22:44:00.292+0000] {dagbag.py:588} INFO - Filling up the DagBag from /home/airflow/.local/lib/python3.12/site-packages/airflow/example_dags/tutorial.py
[2025-11-16T22:44:00.300+0000] {processor.py:925} INFO - DAG(s) 'tutorial' retrieved from /home/airflow/.local/lib/python3.12/site-packages/airflow/example_dags/tutorial.py
[2025-11-16T22:44:00.316+0000] {logging_mixin.py:190} INFO - [2025-11-16T22:44:00.315+0000] {dag.py:3239} INFO - Sync 1 DAGs
[2025-11-16T22:44:00.332+0000] {logging_mixin.py:190} INFO - [2025-11-16T22:44:00.332+0000] {dag.py:4180} INFO - Setting next_dagrun for tutorial to 2025-11-15 00:00:00+00:00, run_after=2025-11-16 00:00:00+00:00
[2025-11-16T22:44:00.345+0000] {processor.py:208} INFO - Processing /home/airflow/.local/lib/python3.12/site-packages/airflow/example_dags/tutorial.py took 0.062 seconds
[2025-11-16T22:44:31.725+0000] {processor.py:186} INFO - Started process (PID=2038) to work on /home/airflow/.local/lib/python3.12/site-packages/airflow/example_dags/tutorial.py
[2025-11-16T22:44:31.726+0000] {processor.py:914} INFO - Processing file /home/airflow/.local/lib/python3.12/site-packages/airflow/example_dags/tutorial.py for tasks to queue
[2025-11-16T22:44:31.728+0000] {logging_mixin.py:190} INFO - [2025-11-16T22:44:31.727+0000] {dagbag.py:588} INFO - Filling up the DagBag from /home/airflow/.local/lib/python3.12/site-packages/airflow/example_dags/tutorial.py
[2025-11-16T22:44:31.734+0000] {processor.py:925} INFO - DAG(s) 'tutorial' retrieved from /home/airflow/.local/lib/python3.12/site-packages/airflow/example_dags/tutorial.py
[2025-11-16T22:44:31.747+0000] {logging_mixin.py:190} INFO - [2025-11-16T22:44:31.747+0000] {dag.py:3239} INFO - Sync 1 DAGs
[2025-11-16T22:44:31.765+0000] {logging_mixin.py:190} INFO - [2025-11-16T22:44:31.765+0000] {dag.py:4180} INFO - Setting next_dagrun for tutorial to 2025-11-15 00:00:00+00:00, run_after=2025-11-16 00:00:00+00:00
[2025-11-16T22:44:31.777+0000] {processor.py:208} INFO - Processing /home/airflow/.local/lib/python3.12/site-packages/airflow/example_dags/tutorial.py took 0.056 seconds
[2025-11-16T22:45:02.995+0000] {processor.py:186} INFO - Started process (PID=2103) to work on /home/airflow/.local/lib/python3.12/site-packages/airflow/example_dags/tutorial.py
[2025-11-16T22:45:02.996+0000] {processor.py:914} INFO - Processing file /home/airflow/.local/lib/python3.12/site-packages/airflow/example_dags/tutorial.py for tasks to queue
[2025-11-16T22:45:02.998+0000] {logging_mixin.py:190} INFO - [2025-11-16T22:45:02.998+0000] {dagbag.py:588} INFO - Filling up the DagBag from /home/airflow/.local/lib/python3.12/site-packages/airflow/example_dags/tutorial.py
[2025-11-16T22:45:03.005+0000] {processor.py:925} INFO - DAG(s) 'tutorial' retrieved from /home/airflow/.local/lib/python3.12/site-packages/airflow/example_dags/tutorial.py
[2025-11-16T22:45:03.020+0000] {logging_mixin.py:190} INFO - [2025-11-16T22:45:03.020+0000] {dag.py:3239} INFO - Sync 1 DAGs
[2025-11-16T22:45:03.036+0000] {logging_mixin.py:190} INFO - [2025-11-16T22:45:03.036+0000] {dag.py:4180} INFO - Setting next_dagrun for tutorial to 2025-11-15 00:00:00+00:00, run_after=2025-11-16 00:00:00+00:00
[2025-11-16T22:45:03.050+0000] {processor.py:208} INFO - Processing /home/airflow/.local/lib/python3.12/site-packages/airflow/example_dags/tutorial.py took 0.060 seconds
[2025-11-16T22:45:34.348+0000] {processor.py:186} INFO - Started process (PID=2168) to work on /home/airflow/.local/lib/python3.12/site-packages/airflow/example_dags/tutorial.py
[2025-11-16T22:45:34.349+0000] {processor.py:914} INFO - Processing file /home/airflow/.local/lib/python3.12/site-packages/airflow/example_dags/tutorial.py for tasks to queue
[2025-11-16T22:45:34.351+0000] {logging_mixin.py:190} INFO - [2025-11-16T22:45:34.351+0000] {dagbag.py:588} INFO - Filling up the DagBag from /home/airflow/.local/lib/python3.12/site-packages/airflow/example_dags/tutorial.py
[2025-11-16T22:45:34.358+0000] {processor.py:925} INFO - DAG(s) 'tutorial' retrieved from /home/airflow/.local/lib/python3.12/site-packages/airflow/example_dags/tutorial.py
[2025-11-16T22:45:34.373+0000] {logging_mixin.py:190} INFO - [2025-11-16T22:45:34.373+0000] {dag.py:3239} INFO - Sync 1 DAGs
[2025-11-16T22:45:34.389+0000] {logging_mixin.py:190} INFO - [2025-11-16T22:45:34.389+0000] {dag.py:4180} INFO - Setting next_dagrun for tutorial to 2025-11-15 00:00:00+00:00, run_after=2025-11-16 00:00:00+00:00
[2025-11-16T22:45:34.403+0000] {processor.py:208} INFO - Processing /home/airflow/.local/lib/python3.12/site-packages/airflow/example_dags/tutorial.py took 0.060 seconds
[2025-11-16T22:46:05.904+0000] {processor.py:186} INFO - Started process (PID=2232) to work on /home/airflow/.local/lib/python3.12/site-packages/airflow/example_dags/tutorial.py
[2025-11-16T22:46:05.905+0000] {processor.py:914} INFO - Processing file /home/airflow/.local/lib/python3.12/site-packages/airflow/example_dags/tutorial.py for tasks to queue
[2025-11-16T22:46:05.907+0000] {logging_mixin.py:190} INFO - [2025-11-16T22:46:05.906+0000] {dagbag.py:588} INFO - Filling up the DagBag from /home/airflow/.local/lib/python3.12/site-packages/airflow/example_dags/tutorial.py
[2025-11-16T22:46:05.914+0000] {processor.py:925} INFO - DAG(s) 'tutorial' retrieved from /home/airflow/.local/lib/python3.12/site-packages/airflow/example_dags/tutorial.py
[2025-11-16T22:46:05.930+0000] {logging_mixin.py:190} INFO - [2025-11-16T22:46:05.929+0000] {dag.py:3239} INFO - Sync 1 DAGs
[2025-11-16T22:46:05.947+0000] {logging_mixin.py:190} INFO - [2025-11-16T22:46:05.947+0000] {dag.py:4180} INFO - Setting next_dagrun for tutorial to 2025-11-15 00:00:00+00:00, run_after=2025-11-16 00:00:00+00:00
[2025-11-16T22:46:05.960+0000] {processor.py:208} INFO - Processing /home/airflow/.local/lib/python3.12/site-packages/airflow/example_dags/tutorial.py took 0.061 seconds
[2025-11-16T22:46:36.881+0000] {processor.py:186} INFO - Started process (PID=2297) to work on /home/airflow/.local/lib/python3.12/site-packages/airflow/example_dags/tutorial.py
[2025-11-16T22:46:36.882+0000] {processor.py:914} INFO - Processing file /home/airflow/.local/lib/python3.12/site-packages/airflow/example_dags/tutorial.py for tasks to queue
[2025-11-16T22:46:36.885+0000] {logging_mixin.py:190} INFO - [2025-11-16T22:46:36.884+0000] {dagbag.py:588} INFO - Filling up the DagBag from /home/airflow/.local/lib/python3.12/site-packages/airflow/example_dags/tutorial.py
[2025-11-16T22:46:36.897+0000] {processor.py:925} INFO - DAG(s) 'tutorial' retrieved from /home/airflow/.local/lib/python3.12/site-packages/airflow/example_dags/tutorial.py
[2025-11-16T22:46:36.913+0000] {logging_mixin.py:190} INFO - [2025-11-16T22:46:36.912+0000] {dag.py:3239} INFO - Sync 1 DAGs
[2025-11-16T22:46:36.931+0000] {logging_mixin.py:190} INFO - [2025-11-16T22:46:36.931+0000] {dag.py:4180} INFO - Setting next_dagrun for tutorial to 2025-11-15 00:00:00+00:00, run_after=2025-11-16 00:00:00+00:00
[2025-11-16T22:46:36.945+0000] {processor.py:208} INFO - Processing /home/airflow/.local/lib/python3.12/site-packages/airflow/example_dags/tutorial.py took 0.073 seconds
[2025-11-16T22:47:07.994+0000] {processor.py:186} INFO - Started process (PID=2362) to work on /home/airflow/.local/lib/python3.12/site-packages/airflow/example_dags/tutorial.py
[2025-11-16T22:47:07.995+0000] {processor.py:914} INFO - Processing file /home/airflow/.local/lib/python3.12/site-packages/airflow/example_dags/tutorial.py for tasks to queue
[2025-11-16T22:47:07.999+0000] {logging_mixin.py:190} INFO - [2025-11-16T22:47:07.998+0000] {dagbag.py:588} INFO - Filling up the DagBag from /home/airflow/.local/lib/python3.12/site-packages/airflow/example_dags/tutorial.py
[2025-11-16T22:47:08.008+0000] {processor.py:925} INFO - DAG(s) 'tutorial' retrieved from /home/airflow/.local/lib/python3.12/site-packages/airflow/example_dags/tutorial.py
[2025-11-16T22:47:08.026+0000] {logging_mixin.py:190} INFO - [2025-11-16T22:47:08.025+0000] {dag.py:3239} INFO - Sync 1 DAGs
[2025-11-16T22:47:08.043+0000] {logging_mixin.py:190} INFO - [2025-11-16T22:47:08.043+0000] {dag.py:4180} INFO - Setting next_dagrun for tutorial to 2025-11-15 00:00:00+00:00, run_after=2025-11-16 00:00:00+00:00
[2025-11-16T22:47:08.058+0000] {processor.py:208} INFO - Processing /home/airflow/.local/lib/python3.12/site-packages/airflow/example_dags/tutorial.py took 0.072 seconds
[2025-11-16T22:47:39.033+0000] {processor.py:186} INFO - Started process (PID=2427) to work on /home/airflow/.local/lib/python3.12/site-packages/airflow/example_dags/tutorial.py
[2025-11-16T22:47:39.034+0000] {processor.py:914} INFO - Processing file /home/airflow/.local/lib/python3.12/site-packages/airflow/example_dags/tutorial.py for tasks to queue
[2025-11-16T22:47:39.036+0000] {logging_mixin.py:190} INFO - [2025-11-16T22:47:39.036+0000] {dagbag.py:588} INFO - Filling up the DagBag from /home/airflow/.local/lib/python3.12/site-packages/airflow/example_dags/tutorial.py
[2025-11-16T22:47:39.045+0000] {processor.py:925} INFO - DAG(s) 'tutorial' retrieved from /home/airflow/.local/lib/python3.12/site-packages/airflow/example_dags/tutorial.py
[2025-11-16T22:47:39.060+0000] {logging_mixin.py:190} INFO - [2025-11-16T22:47:39.060+0000] {dag.py:3239} INFO - Sync 1 DAGs
[2025-11-16T22:47:39.075+0000] {logging_mixin.py:190} INFO - [2025-11-16T22:47:39.075+0000] {dag.py:4180} INFO - Setting next_dagrun for tutorial to 2025-11-15 00:00:00+00:00, run_after=2025-11-16 00:00:00+00:00
[2025-11-16T22:47:39.089+0000] {processor.py:208} INFO - Processing /home/airflow/.local/lib/python3.12/site-packages/airflow/example_dags/tutorial.py took 0.061 seconds
[2025-11-16T22:48:10.232+0000] {processor.py:186} INFO - Started process (PID=2498) to work on /home/airflow/.local/lib/python3.12/site-packages/airflow/example_dags/tutorial.py
[2025-11-16T22:48:10.233+0000] {processor.py:914} INFO - Processing file /home/airflow/.local/lib/python3.12/site-packages/airflow/example_dags/tutorial.py for tasks to queue
[2025-11-16T22:48:10.235+0000] {logging_mixin.py:190} INFO - [2025-11-16T22:48:10.235+0000] {dagbag.py:588} INFO - Filling up the DagBag from /home/airflow/.local/lib/python3.12/site-packages/airflow/example_dags/tutorial.py
[2025-11-16T22:48:10.243+0000] {processor.py:925} INFO - DAG(s) 'tutorial' retrieved from /home/airflow/.local/lib/python3.12/site-packages/airflow/example_dags/tutorial.py
[2025-11-16T22:48:10.258+0000] {logging_mixin.py:190} INFO - [2025-11-16T22:48:10.258+0000] {dag.py:3239} INFO - Sync 1 DAGs
[2025-11-16T22:48:10.273+0000] {logging_mixin.py:190} INFO - [2025-11-16T22:48:10.273+0000] {dag.py:4180} INFO - Setting next_dagrun for tutorial to 2025-11-15 00:00:00+00:00, run_after=2025-11-16 00:00:00+00:00
[2025-11-16T22:48:10.286+0000] {processor.py:208} INFO - Processing /home/airflow/.local/lib/python3.12/site-packages/airflow/example_dags/tutorial.py took 0.058 seconds
[2025-11-16T22:48:41.065+0000] {processor.py:186} INFO - Started process (PID=2563) to work on /home/airflow/.local/lib/python3.12/site-packages/airflow/example_dags/tutorial.py
[2025-11-16T22:48:41.066+0000] {processor.py:914} INFO - Processing file /home/airflow/.local/lib/python3.12/site-packages/airflow/example_dags/tutorial.py for tasks to queue
[2025-11-16T22:48:41.068+0000] {logging_mixin.py:190} INFO - [2025-11-16T22:48:41.068+0000] {dagbag.py:588} INFO - Filling up the DagBag from /home/airflow/.local/lib/python3.12/site-packages/airflow/example_dags/tutorial.py
[2025-11-16T22:48:41.076+0000] {processor.py:925} INFO - DAG(s) 'tutorial' retrieved from /home/airflow/.local/lib/python3.12/site-packages/airflow/example_dags/tutorial.py
[2025-11-16T22:48:41.091+0000] {logging_mixin.py:190} INFO - [2025-11-16T22:48:41.091+0000] {dag.py:3239} INFO - Sync 1 DAGs
[2025-11-16T22:48:41.107+0000] {logging_mixin.py:190} INFO - [2025-11-16T22:48:41.107+0000] {dag.py:4180} INFO - Setting next_dagrun for tutorial to 2025-11-15 00:00:00+00:00, run_after=2025-11-16 00:00:00+00:00
[2025-11-16T22:48:41.121+0000] {processor.py:208} INFO - Processing /home/airflow/.local/lib/python3.12/site-packages/airflow/example_dags/tutorial.py took 0.061 seconds
[2025-11-16T22:49:12.712+0000] {processor.py:186} INFO - Started process (PID=2628) to work on /home/airflow/.local/lib/python3.12/site-packages/airflow/example_dags/tutorial.py
[2025-11-16T22:49:12.714+0000] {processor.py:914} INFO - Processing file /home/airflow/.local/lib/python3.12/site-packages/airflow/example_dags/tutorial.py for tasks to queue
[2025-11-16T22:49:12.716+0000] {logging_mixin.py:190} INFO - [2025-11-16T22:49:12.716+0000] {dagbag.py:588} INFO - Filling up the DagBag from /home/airflow/.local/lib/python3.12/site-packages/airflow/example_dags/tutorial.py
[2025-11-16T22:49:12.725+0000] {processor.py:925} INFO - DAG(s) 'tutorial' retrieved from /home/airflow/.local/lib/python3.12/site-packages/airflow/example_dags/tutorial.py
[2025-11-16T22:49:12.740+0000] {logging_mixin.py:190} INFO - [2025-11-16T22:49:12.740+0000] {dag.py:3239} INFO - Sync 1 DAGs
[2025-11-16T22:49:12.758+0000] {logging_mixin.py:190} INFO - [2025-11-16T22:49:12.758+0000] {dag.py:4180} INFO - Setting next_dagrun for tutorial to 2025-11-15 00:00:00+00:00, run_after=2025-11-16 00:00:00+00:00
[2025-11-16T22:49:12.771+0000] {processor.py:208} INFO - Processing /home/airflow/.local/lib/python3.12/site-packages/airflow/example_dags/tutorial.py took 0.064 seconds
[2025-11-16T22:49:43.972+0000] {processor.py:186} INFO - Started process (PID=2693) to work on /home/airflow/.local/lib/python3.12/site-packages/airflow/example_dags/tutorial.py
[2025-11-16T22:49:43.973+0000] {processor.py:914} INFO - Processing file /home/airflow/.local/lib/python3.12/site-packages/airflow/example_dags/tutorial.py for tasks to queue
[2025-11-16T22:49:43.976+0000] {logging_mixin.py:190} INFO - [2025-11-16T22:49:43.975+0000] {dagbag.py:588} INFO - Filling up the DagBag from /home/airflow/.local/lib/python3.12/site-packages/airflow/example_dags/tutorial.py
[2025-11-16T22:49:43.983+0000] {processor.py:925} INFO - DAG(s) 'tutorial' retrieved from /home/airflow/.local/lib/python3.12/site-packages/airflow/example_dags/tutorial.py
[2025-11-16T22:49:43.997+0000] {logging_mixin.py:190} INFO - [2025-11-16T22:49:43.997+0000] {dag.py:3239} INFO - Sync 1 DAGs
[2025-11-16T22:49:44.015+0000] {logging_mixin.py:190} INFO - [2025-11-16T22:49:44.015+0000] {dag.py:4180} INFO - Setting next_dagrun for tutorial to 2025-11-15 00:00:00+00:00, run_after=2025-11-16 00:00:00+00:00
[2025-11-16T22:49:44.038+0000] {processor.py:208} INFO - Processing /home/airflow/.local/lib/python3.12/site-packages/airflow/example_dags/tutorial.py took 0.070 seconds
[2025-11-16T22:50:14.695+0000] {processor.py:186} INFO - Started process (PID=2758) to work on /home/airflow/.local/lib/python3.12/site-packages/airflow/example_dags/tutorial.py
[2025-11-16T22:50:14.696+0000] {processor.py:914} INFO - Processing file /home/airflow/.local/lib/python3.12/site-packages/airflow/example_dags/tutorial.py for tasks to queue
[2025-11-16T22:50:14.699+0000] {logging_mixin.py:190} INFO - [2025-11-16T22:50:14.698+0000] {dagbag.py:588} INFO - Filling up the DagBag from /home/airflow/.local/lib/python3.12/site-packages/airflow/example_dags/tutorial.py
[2025-11-16T22:50:14.707+0000] {processor.py:925} INFO - DAG(s) 'tutorial' retrieved from /home/airflow/.local/lib/python3.12/site-packages/airflow/example_dags/tutorial.py
[2025-11-16T22:50:14.723+0000] {logging_mixin.py:190} INFO - [2025-11-16T22:50:14.723+0000] {dag.py:3239} INFO - Sync 1 DAGs
[2025-11-16T22:50:14.740+0000] {logging_mixin.py:190} INFO - [2025-11-16T22:50:14.740+0000] {dag.py:4180} INFO - Setting next_dagrun for tutorial to 2025-11-15 00:00:00+00:00, run_after=2025-11-16 00:00:00+00:00
[2025-11-16T22:50:14.753+0000] {processor.py:208} INFO - Processing /home/airflow/.local/lib/python3.12/site-packages/airflow/example_dags/tutorial.py took 0.063 seconds
[2025-11-16T22:50:46.007+0000] {processor.py:186} INFO - Started process (PID=2823) to work on /home/airflow/.local/lib/python3.12/site-packages/airflow/example_dags/tutorial.py
[2025-11-16T22:50:46.008+0000] {processor.py:914} INFO - Processing file /home/airflow/.local/lib/python3.12/site-packages/airflow/example_dags/tutorial.py for tasks to queue
[2025-11-16T22:50:46.010+0000] {logging_mixin.py:190} INFO - [2025-11-16T22:50:46.010+0000] {dagbag.py:588} INFO - Filling up the DagBag from /home/airflow/.local/lib/python3.12/site-packages/airflow/example_dags/tutorial.py
[2025-11-16T22:50:46.017+0000] {processor.py:925} INFO - DAG(s) 'tutorial' retrieved from /home/airflow/.local/lib/python3.12/site-packages/airflow/example_dags/tutorial.py
[2025-11-16T22:50:46.031+0000] {logging_mixin.py:190} INFO - [2025-11-16T22:50:46.031+0000] {dag.py:3239} INFO - Sync 1 DAGs
[2025-11-16T22:50:46.048+0000] {logging_mixin.py:190} INFO - [2025-11-16T22:50:46.048+0000] {dag.py:4180} INFO - Setting next_dagrun for tutorial to 2025-11-15 00:00:00+00:00, run_after=2025-11-16 00:00:00+00:00
[2025-11-16T22:50:46.062+0000] {processor.py:208} INFO - Processing /home/airflow/.local/lib/python3.12/site-packages/airflow/example_dags/tutorial.py took 0.060 seconds
[2025-11-16T22:51:17.226+0000] {processor.py:186} INFO - Started process (PID=2888) to work on /home/airflow/.local/lib/python3.12/site-packages/airflow/example_dags/tutorial.py
[2025-11-16T22:51:17.227+0000] {processor.py:914} INFO - Processing file /home/airflow/.local/lib/python3.12/site-packages/airflow/example_dags/tutorial.py for tasks to queue
[2025-11-16T22:51:17.230+0000] {logging_mixin.py:190} INFO - [2025-11-16T22:51:17.230+0000] {dagbag.py:588} INFO - Filling up the DagBag from /home/airflow/.local/lib/python3.12/site-packages/airflow/example_dags/tutorial.py
[2025-11-16T22:51:17.238+0000] {processor.py:925} INFO - DAG(s) 'tutorial' retrieved from /home/airflow/.local/lib/python3.12/site-packages/airflow/example_dags/tutorial.py
[2025-11-16T22:51:17.254+0000] {logging_mixin.py:190} INFO - [2025-11-16T22:51:17.254+0000] {dag.py:3239} INFO - Sync 1 DAGs
[2025-11-16T22:51:17.273+0000] {logging_mixin.py:190} INFO - [2025-11-16T22:51:17.272+0000] {dag.py:4180} INFO - Setting next_dagrun for tutorial to 2025-11-15 00:00:00+00:00, run_after=2025-11-16 00:00:00+00:00
[2025-11-16T22:51:17.288+0000] {processor.py:208} INFO - Processing /home/airflow/.local/lib/python3.12/site-packages/airflow/example_dags/tutorial.py took 0.068 seconds
[2025-11-16T22:51:47.838+0000] {processor.py:186} INFO - Started process (PID=2953) to work on /home/airflow/.local/lib/python3.12/site-packages/airflow/example_dags/tutorial.py
[2025-11-16T22:51:47.839+0000] {processor.py:914} INFO - Processing file /home/airflow/.local/lib/python3.12/site-packages/airflow/example_dags/tutorial.py for tasks to queue
[2025-11-16T22:51:47.841+0000] {logging_mixin.py:190} INFO - [2025-11-16T22:51:47.841+0000] {dagbag.py:588} INFO - Filling up the DagBag from /home/airflow/.local/lib/python3.12/site-packages/airflow/example_dags/tutorial.py
[2025-11-16T22:51:47.849+0000] {processor.py:925} INFO - DAG(s) 'tutorial' retrieved from /home/airflow/.local/lib/python3.12/site-packages/airflow/example_dags/tutorial.py
[2025-11-16T22:51:47.866+0000] {logging_mixin.py:190} INFO - [2025-11-16T22:51:47.866+0000] {dag.py:3239} INFO - Sync 1 DAGs
[2025-11-16T22:51:47.884+0000] {logging_mixin.py:190} INFO - [2025-11-16T22:51:47.884+0000] {dag.py:4180} INFO - Setting next_dagrun for tutorial to 2025-11-15 00:00:00+00:00, run_after=2025-11-16 00:00:00+00:00
[2025-11-16T22:51:47.900+0000] {processor.py:208} INFO - Processing /home/airflow/.local/lib/python3.12/site-packages/airflow/example_dags/tutorial.py took 0.066 seconds
[2025-11-16T22:52:17.960+0000] {processor.py:186} INFO - Started process (PID=3017) to work on /home/airflow/.local/lib/python3.12/site-packages/airflow/example_dags/tutorial.py
[2025-11-16T22:52:17.962+0000] {processor.py:914} INFO - Processing file /home/airflow/.local/lib/python3.12/site-packages/airflow/example_dags/tutorial.py for tasks to queue
[2025-11-16T22:52:17.965+0000] {logging_mixin.py:190} INFO - [2025-11-16T22:52:17.965+0000] {dagbag.py:588} INFO - Filling up the DagBag from /home/airflow/.local/lib/python3.12/site-packages/airflow/example_dags/tutorial.py
[2025-11-16T22:52:17.974+0000] {processor.py:925} INFO - DAG(s) 'tutorial' retrieved from /home/airflow/.local/lib/python3.12/site-packages/airflow/example_dags/tutorial.py
[2025-11-16T22:52:17.992+0000] {logging_mixin.py:190} INFO - [2025-11-16T22:52:17.992+0000] {dag.py:3239} INFO - Sync 1 DAGs
[2025-11-16T22:52:18.011+0000] {logging_mixin.py:190} INFO - [2025-11-16T22:52:18.011+0000] {dag.py:4180} INFO - Setting next_dagrun for tutorial to 2025-11-15 00:00:00+00:00, run_after=2025-11-16 00:00:00+00:00
[2025-11-16T22:52:18.028+0000] {processor.py:208} INFO - Processing /home/airflow/.local/lib/python3.12/site-packages/airflow/example_dags/tutorial.py took 0.074 seconds
[2025-11-16T22:52:48.474+0000] {processor.py:186} INFO - Started process (PID=3081) to work on /home/airflow/.local/lib/python3.12/site-packages/airflow/example_dags/tutorial.py
[2025-11-16T22:52:48.476+0000] {processor.py:914} INFO - Processing file /home/airflow/.local/lib/python3.12/site-packages/airflow/example_dags/tutorial.py for tasks to queue
[2025-11-16T22:52:48.480+0000] {logging_mixin.py:190} INFO - [2025-11-16T22:52:48.479+0000] {dagbag.py:588} INFO - Filling up the DagBag from /home/airflow/.local/lib/python3.12/site-packages/airflow/example_dags/tutorial.py
[2025-11-16T22:52:48.488+0000] {processor.py:925} INFO - DAG(s) 'tutorial' retrieved from /home/airflow/.local/lib/python3.12/site-packages/airflow/example_dags/tutorial.py
[2025-11-16T22:52:48.507+0000] {logging_mixin.py:190} INFO - [2025-11-16T22:52:48.507+0000] {dag.py:3239} INFO - Sync 1 DAGs
[2025-11-16T22:52:48.524+0000] {logging_mixin.py:190} INFO - [2025-11-16T22:52:48.524+0000] {dag.py:4180} INFO - Setting next_dagrun for tutorial to 2025-11-15 00:00:00+00:00, run_after=2025-11-16 00:00:00+00:00
[2025-11-16T22:52:48.540+0000] {processor.py:208} INFO - Processing /home/airflow/.local/lib/python3.12/site-packages/airflow/example_dags/tutorial.py took 0.071 seconds
[2025-11-16T22:53:19.336+0000] {processor.py:186} INFO - Started process (PID=3146) to work on /home/airflow/.local/lib/python3.12/site-packages/airflow/example_dags/tutorial.py
[2025-11-16T22:53:19.337+0000] {processor.py:914} INFO - Processing file /home/airflow/.local/lib/python3.12/site-packages/airflow/example_dags/tutorial.py for tasks to queue
[2025-11-16T22:53:19.340+0000] {logging_mixin.py:190} INFO - [2025-11-16T22:53:19.340+0000] {dagbag.py:588} INFO - Filling up the DagBag from /home/airflow/.local/lib/python3.12/site-packages/airflow/example_dags/tutorial.py
[2025-11-16T22:53:19.347+0000] {processor.py:925} INFO - DAG(s) 'tutorial' retrieved from /home/airflow/.local/lib/python3.12/site-packages/airflow/example_dags/tutorial.py
[2025-11-16T22:53:19.364+0000] {logging_mixin.py:190} INFO - [2025-11-16T22:53:19.364+0000] {dag.py:3239} INFO - Sync 1 DAGs
[2025-11-16T22:53:19.381+0000] {logging_mixin.py:190} INFO - [2025-11-16T22:53:19.381+0000] {dag.py:4180} INFO - Setting next_dagrun for tutorial to 2025-11-15 00:00:00+00:00, run_after=2025-11-16 00:00:00+00:00
[2025-11-16T22:53:19.398+0000] {processor.py:208} INFO - Processing /home/airflow/.local/lib/python3.12/site-packages/airflow/example_dags/tutorial.py took 0.067 seconds
[2025-11-16T22:53:50.211+0000] {processor.py:186} INFO - Started process (PID=3212) to work on /home/airflow/.local/lib/python3.12/site-packages/airflow/example_dags/tutorial.py
[2025-11-16T22:53:50.213+0000] {processor.py:914} INFO - Processing file /home/airflow/.local/lib/python3.12/site-packages/airflow/example_dags/tutorial.py for tasks to queue
[2025-11-16T22:53:50.216+0000] {logging_mixin.py:190} INFO - [2025-11-16T22:53:50.215+0000] {dagbag.py:588} INFO - Filling up the DagBag from /home/airflow/.local/lib/python3.12/site-packages/airflow/example_dags/tutorial.py
[2025-11-16T22:53:50.223+0000] {processor.py:925} INFO - DAG(s) 'tutorial' retrieved from /home/airflow/.local/lib/python3.12/site-packages/airflow/example_dags/tutorial.py
[2025-11-16T22:53:50.240+0000] {logging_mixin.py:190} INFO - [2025-11-16T22:53:50.240+0000] {dag.py:3239} INFO - Sync 1 DAGs
[2025-11-16T22:53:50.257+0000] {logging_mixin.py:190} INFO - [2025-11-16T22:53:50.257+0000] {dag.py:4180} INFO - Setting next_dagrun for tutorial to 2025-11-15 00:00:00+00:00, run_after=2025-11-16 00:00:00+00:00
[2025-11-16T22:53:50.273+0000] {processor.py:208} INFO - Processing /home/airflow/.local/lib/python3.12/site-packages/airflow/example_dags/tutorial.py took 0.067 seconds
[2025-11-16T22:54:21.021+0000] {processor.py:186} INFO - Started process (PID=3277) to work on /home/airflow/.local/lib/python3.12/site-packages/airflow/example_dags/tutorial.py
[2025-11-16T22:54:21.023+0000] {processor.py:914} INFO - Processing file /home/airflow/.local/lib/python3.12/site-packages/airflow/example_dags/tutorial.py for tasks to queue
[2025-11-16T22:54:21.026+0000] {logging_mixin.py:190} INFO - [2025-11-16T22:54:21.026+0000] {dagbag.py:588} INFO - Filling up the DagBag from /home/airflow/.local/lib/python3.12/site-packages/airflow/example_dags/tutorial.py
[2025-11-16T22:54:21.033+0000] {processor.py:925} INFO - DAG(s) 'tutorial' retrieved from /home/airflow/.local/lib/python3.12/site-packages/airflow/example_dags/tutorial.py
[2025-11-16T22:54:21.049+0000] {logging_mixin.py:190} INFO - [2025-11-16T22:54:21.049+0000] {dag.py:3239} INFO - Sync 1 DAGs
[2025-11-16T22:54:21.067+0000] {logging_mixin.py:190} INFO - [2025-11-16T22:54:21.067+0000] {dag.py:4180} INFO - Setting next_dagrun for tutorial to 2025-11-15 00:00:00+00:00, run_after=2025-11-16 00:00:00+00:00
[2025-11-16T22:54:21.081+0000] {processor.py:208} INFO - Processing /home/airflow/.local/lib/python3.12/site-packages/airflow/example_dags/tutorial.py took 0.064 seconds
[2025-11-16T22:54:51.635+0000] {processor.py:186} INFO - Started process (PID=3342) to work on /home/airflow/.local/lib/python3.12/site-packages/airflow/example_dags/tutorial.py
[2025-11-16T22:54:51.637+0000] {processor.py:914} INFO - Processing file /home/airflow/.local/lib/python3.12/site-packages/airflow/example_dags/tutorial.py for tasks to queue
[2025-11-16T22:54:51.640+0000] {logging_mixin.py:190} INFO - [2025-11-16T22:54:51.639+0000] {dagbag.py:588} INFO - Filling up the DagBag from /home/airflow/.local/lib/python3.12/site-packages/airflow/example_dags/tutorial.py
[2025-11-16T22:54:51.647+0000] {processor.py:925} INFO - DAG(s) 'tutorial' retrieved from /home/airflow/.local/lib/python3.12/site-packages/airflow/example_dags/tutorial.py
[2025-11-16T22:54:51.664+0000] {logging_mixin.py:190} INFO - [2025-11-16T22:54:51.664+0000] {dag.py:3239} INFO - Sync 1 DAGs
[2025-11-16T22:54:51.679+0000] {logging_mixin.py:190} INFO - [2025-11-16T22:54:51.679+0000] {dag.py:4180} INFO - Setting next_dagrun for tutorial to 2025-11-15 00:00:00+00:00, run_after=2025-11-16 00:00:00+00:00
[2025-11-16T22:54:51.720+0000] {processor.py:208} INFO - Processing /home/airflow/.local/lib/python3.12/site-packages/airflow/example_dags/tutorial.py took 0.089 seconds
[2025-11-16T22:55:22.305+0000] {processor.py:186} INFO - Started process (PID=3407) to work on /home/airflow/.local/lib/python3.12/site-packages/airflow/example_dags/tutorial.py
[2025-11-16T22:55:22.306+0000] {processor.py:914} INFO - Processing file /home/airflow/.local/lib/python3.12/site-packages/airflow/example_dags/tutorial.py for tasks to queue
[2025-11-16T22:55:22.308+0000] {logging_mixin.py:190} INFO - [2025-11-16T22:55:22.308+0000] {dagbag.py:588} INFO - Filling up the DagBag from /home/airflow/.local/lib/python3.12/site-packages/airflow/example_dags/tutorial.py
[2025-11-16T22:55:22.314+0000] {processor.py:925} INFO - DAG(s) 'tutorial' retrieved from /home/airflow/.local/lib/python3.12/site-packages/airflow/example_dags/tutorial.py
[2025-11-16T22:55:22.330+0000] {logging_mixin.py:190} INFO - [2025-11-16T22:55:22.330+0000] {dag.py:3239} INFO - Sync 1 DAGs
[2025-11-16T22:55:22.347+0000] {logging_mixin.py:190} INFO - [2025-11-16T22:55:22.346+0000] {dag.py:4180} INFO - Setting next_dagrun for tutorial to 2025-11-15 00:00:00+00:00, run_after=2025-11-16 00:00:00+00:00
[2025-11-16T22:55:22.393+0000] {processor.py:208} INFO - Processing /home/airflow/.local/lib/python3.12/site-packages/airflow/example_dags/tutorial.py took 0.092 seconds
[2025-11-16T22:55:52.723+0000] {processor.py:186} INFO - Started process (PID=3471) to work on /home/airflow/.local/lib/python3.12/site-packages/airflow/example_dags/tutorial.py
[2025-11-16T22:55:52.725+0000] {processor.py:914} INFO - Processing file /home/airflow/.local/lib/python3.12/site-packages/airflow/example_dags/tutorial.py for tasks to queue
[2025-11-16T22:55:52.728+0000] {logging_mixin.py:190} INFO - [2025-11-16T22:55:52.728+0000] {dagbag.py:588} INFO - Filling up the DagBag from /home/airflow/.local/lib/python3.12/site-packages/airflow/example_dags/tutorial.py
[2025-11-16T22:55:52.735+0000] {processor.py:925} INFO - DAG(s) 'tutorial' retrieved from /home/airflow/.local/lib/python3.12/site-packages/airflow/example_dags/tutorial.py
[2025-11-16T22:55:52.751+0000] {logging_mixin.py:190} INFO - [2025-11-16T22:55:52.751+0000] {dag.py:3239} INFO - Sync 1 DAGs
[2025-11-16T22:55:52.767+0000] {logging_mixin.py:190} INFO - [2025-11-16T22:55:52.767+0000] {dag.py:4180} INFO - Setting next_dagrun for tutorial to 2025-11-15 00:00:00+00:00, run_after=2025-11-16 00:00:00+00:00
[2025-11-16T22:55:52.807+0000] {processor.py:208} INFO - Processing /home/airflow/.local/lib/python3.12/site-packages/airflow/example_dags/tutorial.py took 0.089 seconds
[2025-11-16T22:56:23.150+0000] {processor.py:186} INFO - Started process (PID=3536) to work on /home/airflow/.local/lib/python3.12/site-packages/airflow/example_dags/tutorial.py
[2025-11-16T22:56:23.151+0000] {processor.py:914} INFO - Processing file /home/airflow/.local/lib/python3.12/site-packages/airflow/example_dags/tutorial.py for tasks to queue
[2025-11-16T22:56:23.154+0000] {logging_mixin.py:190} INFO - [2025-11-16T22:56:23.154+0000] {dagbag.py:588} INFO - Filling up the DagBag from /home/airflow/.local/lib/python3.12/site-packages/airflow/example_dags/tutorial.py
[2025-11-16T22:56:23.161+0000] {processor.py:925} INFO - DAG(s) 'tutorial' retrieved from /home/airflow/.local/lib/python3.12/site-packages/airflow/example_dags/tutorial.py
[2025-11-16T22:56:23.176+0000] {logging_mixin.py:190} INFO - [2025-11-16T22:56:23.176+0000] {dag.py:3239} INFO - Sync 1 DAGs
[2025-11-16T22:56:23.193+0000] {logging_mixin.py:190} INFO - [2025-11-16T22:56:23.193+0000] {dag.py:4180} INFO - Setting next_dagrun for tutorial to 2025-11-15 00:00:00+00:00, run_after=2025-11-16 00:00:00+00:00
[2025-11-16T22:56:23.238+0000] {processor.py:208} INFO - Processing /home/airflow/.local/lib/python3.12/site-packages/airflow/example_dags/tutorial.py took 0.092 seconds
[2025-11-16T22:56:53.495+0000] {processor.py:186} INFO - Started process (PID=3601) to work on /home/airflow/.local/lib/python3.12/site-packages/airflow/example_dags/tutorial.py
[2025-11-16T22:56:53.497+0000] {processor.py:914} INFO - Processing file /home/airflow/.local/lib/python3.12/site-packages/airflow/example_dags/tutorial.py for tasks to queue
[2025-11-16T22:56:53.499+0000] {logging_mixin.py:190} INFO - [2025-11-16T22:56:53.498+0000] {dagbag.py:588} INFO - Filling up the DagBag from /home/airflow/.local/lib/python3.12/site-packages/airflow/example_dags/tutorial.py
[2025-11-16T22:56:53.506+0000] {processor.py:925} INFO - DAG(s) 'tutorial' retrieved from /home/airflow/.local/lib/python3.12/site-packages/airflow/example_dags/tutorial.py
[2025-11-16T22:56:53.520+0000] {logging_mixin.py:190} INFO - [2025-11-16T22:56:53.520+0000] {dag.py:3239} INFO - Sync 1 DAGs
[2025-11-16T22:56:53.537+0000] {logging_mixin.py:190} INFO - [2025-11-16T22:56:53.537+0000] {dag.py:4180} INFO - Setting next_dagrun for tutorial to 2025-11-15 00:00:00+00:00, run_after=2025-11-16 00:00:00+00:00
[2025-11-16T22:56:53.551+0000] {processor.py:208} INFO - Processing /home/airflow/.local/lib/python3.12/site-packages/airflow/example_dags/tutorial.py took 0.059 seconds
[2025-11-16T22:57:24.279+0000] {processor.py:186} INFO - Started process (PID=3666) to work on /home/airflow/.local/lib/python3.12/site-packages/airflow/example_dags/tutorial.py
[2025-11-16T22:57:24.281+0000] {processor.py:914} INFO - Processing file /home/airflow/.local/lib/python3.12/site-packages/airflow/example_dags/tutorial.py for tasks to queue
[2025-11-16T22:57:24.283+0000] {logging_mixin.py:190} INFO - [2025-11-16T22:57:24.283+0000] {dagbag.py:588} INFO - Filling up the DagBag from /home/airflow/.local/lib/python3.12/site-packages/airflow/example_dags/tutorial.py
[2025-11-16T22:57:24.291+0000] {processor.py:925} INFO - DAG(s) 'tutorial' retrieved from /home/airflow/.local/lib/python3.12/site-packages/airflow/example_dags/tutorial.py
[2025-11-16T22:57:24.306+0000] {logging_mixin.py:190} INFO - [2025-11-16T22:57:24.306+0000] {dag.py:3239} INFO - Sync 1 DAGs
[2025-11-16T22:57:24.321+0000] {logging_mixin.py:190} INFO - [2025-11-16T22:57:24.320+0000] {dag.py:4180} INFO - Setting next_dagrun for tutorial to 2025-11-15 00:00:00+00:00, run_after=2025-11-16 00:00:00+00:00
[2025-11-16T22:57:24.365+0000] {processor.py:208} INFO - Processing /home/airflow/.local/lib/python3.12/site-packages/airflow/example_dags/tutorial.py took 0.091 seconds
[2025-11-16T22:57:54.858+0000] {processor.py:186} INFO - Started process (PID=3731) to work on /home/airflow/.local/lib/python3.12/site-packages/airflow/example_dags/tutorial.py
[2025-11-16T22:57:54.859+0000] {processor.py:914} INFO - Processing file /home/airflow/.local/lib/python3.12/site-packages/airflow/example_dags/tutorial.py for tasks to queue
[2025-11-16T22:57:54.862+0000] {logging_mixin.py:190} INFO - [2025-11-16T22:57:54.862+0000] {dagbag.py:588} INFO - Filling up the DagBag from /home/airflow/.local/lib/python3.12/site-packages/airflow/example_dags/tutorial.py
[2025-11-16T22:57:54.869+0000] {processor.py:925} INFO - DAG(s) 'tutorial' retrieved from /home/airflow/.local/lib/python3.12/site-packages/airflow/example_dags/tutorial.py
[2025-11-16T22:57:54.883+0000] {logging_mixin.py:190} INFO - [2025-11-16T22:57:54.883+0000] {dag.py:3239} INFO - Sync 1 DAGs
[2025-11-16T22:57:54.899+0000] {logging_mixin.py:190} INFO - [2025-11-16T22:57:54.899+0000] {dag.py:4180} INFO - Setting next_dagrun for tutorial to 2025-11-15 00:00:00+00:00, run_after=2025-11-16 00:00:00+00:00
[2025-11-16T22:57:54.944+0000] {processor.py:208} INFO - Processing /home/airflow/.local/lib/python3.12/site-packages/airflow/example_dags/tutorial.py took 0.090 seconds
[2025-11-16T22:58:25.555+0000] {processor.py:186} INFO - Started process (PID=3796) to work on /home/airflow/.local/lib/python3.12/site-packages/airflow/example_dags/tutorial.py
[2025-11-16T22:58:25.557+0000] {processor.py:914} INFO - Processing file /home/airflow/.local/lib/python3.12/site-packages/airflow/example_dags/tutorial.py for tasks to queue
[2025-11-16T22:58:25.559+0000] {logging_mixin.py:190} INFO - [2025-11-16T22:58:25.558+0000] {dagbag.py:588} INFO - Filling up the DagBag from /home/airflow/.local/lib/python3.12/site-packages/airflow/example_dags/tutorial.py
[2025-11-16T22:58:25.565+0000] {processor.py:925} INFO - DAG(s) 'tutorial' retrieved from /home/airflow/.local/lib/python3.12/site-packages/airflow/example_dags/tutorial.py
[2025-11-16T22:58:25.581+0000] {logging_mixin.py:190} INFO - [2025-11-16T22:58:25.581+0000] {dag.py:3239} INFO - Sync 1 DAGs
[2025-11-16T22:58:25.596+0000] {logging_mixin.py:190} INFO - [2025-11-16T22:58:25.596+0000] {dag.py:4180} INFO - Setting next_dagrun for tutorial to 2025-11-15 00:00:00+00:00, run_after=2025-11-16 00:00:00+00:00
[2025-11-16T22:58:25.611+0000] {processor.py:208} INFO - Processing /home/airflow/.local/lib/python3.12/site-packages/airflow/example_dags/tutorial.py took 0.061 seconds
[2025-11-16T22:58:56.444+0000] {processor.py:186} INFO - Started process (PID=3861) to work on /home/airflow/.local/lib/python3.12/site-packages/airflow/example_dags/tutorial.py
[2025-11-16T22:58:56.446+0000] {processor.py:914} INFO - Processing file /home/airflow/.local/lib/python3.12/site-packages/airflow/example_dags/tutorial.py for tasks to queue
[2025-11-16T22:58:56.448+0000] {logging_mixin.py:190} INFO - [2025-11-16T22:58:56.447+0000] {dagbag.py:588} INFO - Filling up the DagBag from /home/airflow/.local/lib/python3.12/site-packages/airflow/example_dags/tutorial.py
[2025-11-16T22:58:56.454+0000] {processor.py:925} INFO - DAG(s) 'tutorial' retrieved from /home/airflow/.local/lib/python3.12/site-packages/airflow/example_dags/tutorial.py
[2025-11-16T22:58:56.470+0000] {logging_mixin.py:190} INFO - [2025-11-16T22:58:56.470+0000] {dag.py:3239} INFO - Sync 1 DAGs
[2025-11-16T22:58:56.486+0000] {logging_mixin.py:190} INFO - [2025-11-16T22:58:56.485+0000] {dag.py:4180} INFO - Setting next_dagrun for tutorial to 2025-11-15 00:00:00+00:00, run_after=2025-11-16 00:00:00+00:00
[2025-11-16T22:58:56.663+0000] {processor.py:208} INFO - Processing /home/airflow/.local/lib/python3.12/site-packages/airflow/example_dags/tutorial.py took 0.223 seconds
[2025-11-16T22:59:27.054+0000] {processor.py:186} INFO - Started process (PID=3926) to work on /home/airflow/.local/lib/python3.12/site-packages/airflow/example_dags/tutorial.py
[2025-11-16T22:59:27.055+0000] {processor.py:914} INFO - Processing file /home/airflow/.local/lib/python3.12/site-packages/airflow/example_dags/tutorial.py for tasks to queue
[2025-11-16T22:59:27.058+0000] {logging_mixin.py:190} INFO - [2025-11-16T22:59:27.057+0000] {dagbag.py:588} INFO - Filling up the DagBag from /home/airflow/.local/lib/python3.12/site-packages/airflow/example_dags/tutorial.py
[2025-11-16T22:59:27.065+0000] {processor.py:925} INFO - DAG(s) 'tutorial' retrieved from /home/airflow/.local/lib/python3.12/site-packages/airflow/example_dags/tutorial.py
[2025-11-16T22:59:27.083+0000] {logging_mixin.py:190} INFO - [2025-11-16T22:59:27.083+0000] {dag.py:3239} INFO - Sync 1 DAGs
[2025-11-16T22:59:27.101+0000] {logging_mixin.py:190} INFO - [2025-11-16T22:59:27.101+0000] {dag.py:4180} INFO - Setting next_dagrun for tutorial to 2025-11-15 00:00:00+00:00, run_after=2025-11-16 00:00:00+00:00
[2025-11-16T22:59:27.148+0000] {processor.py:208} INFO - Processing /home/airflow/.local/lib/python3.12/site-packages/airflow/example_dags/tutorial.py took 0.099 seconds
[2025-11-16T22:59:57.290+0000] {processor.py:186} INFO - Started process (PID=3991) to work on /home/airflow/.local/lib/python3.12/site-packages/airflow/example_dags/tutorial.py
[2025-11-16T22:59:57.291+0000] {processor.py:914} INFO - Processing file /home/airflow/.local/lib/python3.12/site-packages/airflow/example_dags/tutorial.py for tasks to queue
[2025-11-16T22:59:57.293+0000] {logging_mixin.py:190} INFO - [2025-11-16T22:59:57.293+0000] {dagbag.py:588} INFO - Filling up the DagBag from /home/airflow/.local/lib/python3.12/site-packages/airflow/example_dags/tutorial.py
[2025-11-16T22:59:57.300+0000] {processor.py:925} INFO - DAG(s) 'tutorial' retrieved from /home/airflow/.local/lib/python3.12/site-packages/airflow/example_dags/tutorial.py
[2025-11-16T22:59:57.317+0000] {logging_mixin.py:190} INFO - [2025-11-16T22:59:57.317+0000] {dag.py:3239} INFO - Sync 1 DAGs
[2025-11-16T22:59:57.332+0000] {logging_mixin.py:190} INFO - [2025-11-16T22:59:57.332+0000] {dag.py:4180} INFO - Setting next_dagrun for tutorial to 2025-11-15 00:00:00+00:00, run_after=2025-11-16 00:00:00+00:00
[2025-11-16T22:59:57.376+0000] {processor.py:208} INFO - Processing /home/airflow/.local/lib/python3.12/site-packages/airflow/example_dags/tutorial.py took 0.091 seconds
[2025-11-16T23:00:27.881+0000] {processor.py:186} INFO - Started process (PID=4056) to work on /home/airflow/.local/lib/python3.12/site-packages/airflow/example_dags/tutorial.py
[2025-11-16T23:00:27.882+0000] {processor.py:914} INFO - Processing file /home/airflow/.local/lib/python3.12/site-packages/airflow/example_dags/tutorial.py for tasks to queue
[2025-11-16T23:00:27.885+0000] {logging_mixin.py:190} INFO - [2025-11-16T23:00:27.885+0000] {dagbag.py:588} INFO - Filling up the DagBag from /home/airflow/.local/lib/python3.12/site-packages/airflow/example_dags/tutorial.py
[2025-11-16T23:00:27.892+0000] {processor.py:925} INFO - DAG(s) 'tutorial' retrieved from /home/airflow/.local/lib/python3.12/site-packages/airflow/example_dags/tutorial.py
[2025-11-16T23:00:27.910+0000] {logging_mixin.py:190} INFO - [2025-11-16T23:00:27.910+0000] {dag.py:3239} INFO - Sync 1 DAGs
[2025-11-16T23:00:27.926+0000] {logging_mixin.py:190} INFO - [2025-11-16T23:00:27.925+0000] {dag.py:4180} INFO - Setting next_dagrun for tutorial to 2025-11-15 00:00:00+00:00, run_after=2025-11-16 00:00:00+00:00
[2025-11-16T23:00:27.973+0000] {processor.py:208} INFO - Processing /home/airflow/.local/lib/python3.12/site-packages/airflow/example_dags/tutorial.py took 0.096 seconds
[2025-11-16T23:00:58.207+0000] {processor.py:186} INFO - Started process (PID=4121) to work on /home/airflow/.local/lib/python3.12/site-packages/airflow/example_dags/tutorial.py
[2025-11-16T23:00:58.210+0000] {processor.py:914} INFO - Processing file /home/airflow/.local/lib/python3.12/site-packages/airflow/example_dags/tutorial.py for tasks to queue
[2025-11-16T23:00:58.213+0000] {logging_mixin.py:190} INFO - [2025-11-16T23:00:58.212+0000] {dagbag.py:588} INFO - Filling up the DagBag from /home/airflow/.local/lib/python3.12/site-packages/airflow/example_dags/tutorial.py
[2025-11-16T23:00:58.220+0000] {processor.py:925} INFO - DAG(s) 'tutorial' retrieved from /home/airflow/.local/lib/python3.12/site-packages/airflow/example_dags/tutorial.py
[2025-11-16T23:00:58.235+0000] {logging_mixin.py:190} INFO - [2025-11-16T23:00:58.235+0000] {dag.py:3239} INFO - Sync 1 DAGs
[2025-11-16T23:00:58.383+0000] {logging_mixin.py:190} INFO - [2025-11-16T23:00:58.383+0000] {dag.py:4180} INFO - Setting next_dagrun for tutorial to 2025-11-15 00:00:00+00:00, run_after=2025-11-16 00:00:00+00:00
[2025-11-16T23:00:58.401+0000] {processor.py:208} INFO - Processing /home/airflow/.local/lib/python3.12/site-packages/airflow/example_dags/tutorial.py took 0.198 seconds
[2025-11-16T23:01:28.771+0000] {processor.py:186} INFO - Started process (PID=4186) to work on /home/airflow/.local/lib/python3.12/site-packages/airflow/example_dags/tutorial.py
[2025-11-16T23:01:28.772+0000] {processor.py:914} INFO - Processing file /home/airflow/.local/lib/python3.12/site-packages/airflow/example_dags/tutorial.py for tasks to queue
[2025-11-16T23:01:28.775+0000] {logging_mixin.py:190} INFO - [2025-11-16T23:01:28.774+0000] {dagbag.py:588} INFO - Filling up the DagBag from /home/airflow/.local/lib/python3.12/site-packages/airflow/example_dags/tutorial.py
[2025-11-16T23:01:28.783+0000] {processor.py:925} INFO - DAG(s) 'tutorial' retrieved from /home/airflow/.local/lib/python3.12/site-packages/airflow/example_dags/tutorial.py
[2025-11-16T23:01:28.799+0000] {logging_mixin.py:190} INFO - [2025-11-16T23:01:28.798+0000] {dag.py:3239} INFO - Sync 1 DAGs
[2025-11-16T23:01:28.814+0000] {logging_mixin.py:190} INFO - [2025-11-16T23:01:28.814+0000] {dag.py:4180} INFO - Setting next_dagrun for tutorial to 2025-11-15 00:00:00+00:00, run_after=2025-11-16 00:00:00+00:00
[2025-11-16T23:01:28.988+0000] {processor.py:208} INFO - Processing /home/airflow/.local/lib/python3.12/site-packages/airflow/example_dags/tutorial.py took 0.221 seconds
[2025-11-16T23:01:59.076+0000] {processor.py:186} INFO - Started process (PID=4251) to work on /home/airflow/.local/lib/python3.12/site-packages/airflow/example_dags/tutorial.py
[2025-11-16T23:01:59.078+0000] {processor.py:914} INFO - Processing file /home/airflow/.local/lib/python3.12/site-packages/airflow/example_dags/tutorial.py for tasks to queue
[2025-11-16T23:01:59.080+0000] {logging_mixin.py:190} INFO - [2025-11-16T23:01:59.080+0000] {dagbag.py:588} INFO - Filling up the DagBag from /home/airflow/.local/lib/python3.12/site-packages/airflow/example_dags/tutorial.py
[2025-11-16T23:01:59.089+0000] {processor.py:925} INFO - DAG(s) 'tutorial' retrieved from /home/airflow/.local/lib/python3.12/site-packages/airflow/example_dags/tutorial.py
[2025-11-16T23:01:59.104+0000] {logging_mixin.py:190} INFO - [2025-11-16T23:01:59.104+0000] {dag.py:3239} INFO - Sync 1 DAGs
[2025-11-16T23:01:59.141+0000] {logging_mixin.py:190} INFO - [2025-11-16T23:01:59.141+0000] {dag.py:4180} INFO - Setting next_dagrun for tutorial to 2025-11-15 00:00:00+00:00, run_after=2025-11-16 00:00:00+00:00
[2025-11-16T23:01:59.156+0000] {processor.py:208} INFO - Processing /home/airflow/.local/lib/python3.12/site-packages/airflow/example_dags/tutorial.py took 0.084 seconds
[2025-11-16T23:02:29.644+0000] {processor.py:186} INFO - Started process (PID=4316) to work on /home/airflow/.local/lib/python3.12/site-packages/airflow/example_dags/tutorial.py
[2025-11-16T23:02:29.646+0000] {processor.py:914} INFO - Processing file /home/airflow/.local/lib/python3.12/site-packages/airflow/example_dags/tutorial.py for tasks to queue
[2025-11-16T23:02:29.648+0000] {logging_mixin.py:190} INFO - [2025-11-16T23:02:29.648+0000] {dagbag.py:588} INFO - Filling up the DagBag from /home/airflow/.local/lib/python3.12/site-packages/airflow/example_dags/tutorial.py
[2025-11-16T23:02:29.656+0000] {processor.py:925} INFO - DAG(s) 'tutorial' retrieved from /home/airflow/.local/lib/python3.12/site-packages/airflow/example_dags/tutorial.py
[2025-11-16T23:02:29.672+0000] {logging_mixin.py:190} INFO - [2025-11-16T23:02:29.672+0000] {dag.py:3239} INFO - Sync 1 DAGs
[2025-11-16T23:02:29.688+0000] {logging_mixin.py:190} INFO - [2025-11-16T23:02:29.688+0000] {dag.py:4180} INFO - Setting next_dagrun for tutorial to 2025-11-15 00:00:00+00:00, run_after=2025-11-16 00:00:00+00:00
[2025-11-16T23:02:29.732+0000] {processor.py:208} INFO - Processing /home/airflow/.local/lib/python3.12/site-packages/airflow/example_dags/tutorial.py took 0.092 seconds
[2025-11-16T23:02:59.851+0000] {processor.py:186} INFO - Started process (PID=4382) to work on /home/airflow/.local/lib/python3.12/site-packages/airflow/example_dags/tutorial.py
[2025-11-16T23:02:59.853+0000] {processor.py:914} INFO - Processing file /home/airflow/.local/lib/python3.12/site-packages/airflow/example_dags/tutorial.py for tasks to queue
[2025-11-16T23:02:59.855+0000] {logging_mixin.py:190} INFO - [2025-11-16T23:02:59.855+0000] {dagbag.py:588} INFO - Filling up the DagBag from /home/airflow/.local/lib/python3.12/site-packages/airflow/example_dags/tutorial.py
[2025-11-16T23:02:59.863+0000] {processor.py:925} INFO - DAG(s) 'tutorial' retrieved from /home/airflow/.local/lib/python3.12/site-packages/airflow/example_dags/tutorial.py
[2025-11-16T23:02:59.880+0000] {logging_mixin.py:190} INFO - [2025-11-16T23:02:59.880+0000] {dag.py:3239} INFO - Sync 1 DAGs
[2025-11-16T23:03:00.028+0000] {logging_mixin.py:190} INFO - [2025-11-16T23:03:00.028+0000] {dag.py:4180} INFO - Setting next_dagrun for tutorial to 2025-11-15 00:00:00+00:00, run_after=2025-11-16 00:00:00+00:00
[2025-11-16T23:03:00.041+0000] {processor.py:208} INFO - Processing /home/airflow/.local/lib/python3.12/site-packages/airflow/example_dags/tutorial.py took 0.193 seconds
[2025-11-16T23:03:30.099+0000] {processor.py:186} INFO - Started process (PID=4447) to work on /home/airflow/.local/lib/python3.12/site-packages/airflow/example_dags/tutorial.py
[2025-11-16T23:03:30.100+0000] {processor.py:914} INFO - Processing file /home/airflow/.local/lib/python3.12/site-packages/airflow/example_dags/tutorial.py for tasks to queue
[2025-11-16T23:03:30.162+0000] {logging_mixin.py:190} INFO - [2025-11-16T23:03:30.162+0000] {dagbag.py:588} INFO - Filling up the DagBag from /home/airflow/.local/lib/python3.12/site-packages/airflow/example_dags/tutorial.py
[2025-11-16T23:03:30.169+0000] {processor.py:925} INFO - DAG(s) 'tutorial' retrieved from /home/airflow/.local/lib/python3.12/site-packages/airflow/example_dags/tutorial.py
[2025-11-16T23:03:30.186+0000] {logging_mixin.py:190} INFO - [2025-11-16T23:03:30.186+0000] {dag.py:3239} INFO - Sync 1 DAGs
[2025-11-16T23:03:30.204+0000] {logging_mixin.py:190} INFO - [2025-11-16T23:03:30.203+0000] {dag.py:4180} INFO - Setting next_dagrun for tutorial to 2025-11-15 00:00:00+00:00, run_after=2025-11-16 00:00:00+00:00
[2025-11-16T23:03:30.248+0000] {processor.py:208} INFO - Processing /home/airflow/.local/lib/python3.12/site-packages/airflow/example_dags/tutorial.py took 0.095 seconds
[2025-11-16T23:04:00.756+0000] {processor.py:186} INFO - Started process (PID=4512) to work on /home/airflow/.local/lib/python3.12/site-packages/airflow/example_dags/tutorial.py
[2025-11-16T23:04:00.758+0000] {processor.py:914} INFO - Processing file /home/airflow/.local/lib/python3.12/site-packages/airflow/example_dags/tutorial.py for tasks to queue
[2025-11-16T23:04:00.760+0000] {logging_mixin.py:190} INFO - [2025-11-16T23:04:00.760+0000] {dagbag.py:588} INFO - Filling up the DagBag from /home/airflow/.local/lib/python3.12/site-packages/airflow/example_dags/tutorial.py
[2025-11-16T23:04:00.767+0000] {processor.py:925} INFO - DAG(s) 'tutorial' retrieved from /home/airflow/.local/lib/python3.12/site-packages/airflow/example_dags/tutorial.py
[2025-11-16T23:04:00.786+0000] {logging_mixin.py:190} INFO - [2025-11-16T23:04:00.785+0000] {dag.py:3239} INFO - Sync 1 DAGs
[2025-11-16T23:04:00.801+0000] {logging_mixin.py:190} INFO - [2025-11-16T23:04:00.801+0000] {dag.py:4180} INFO - Setting next_dagrun for tutorial to 2025-11-15 00:00:00+00:00, run_after=2025-11-16 00:00:00+00:00
[2025-11-16T23:04:00.827+0000] {processor.py:208} INFO - Processing /home/airflow/.local/lib/python3.12/site-packages/airflow/example_dags/tutorial.py took 0.076 seconds
[2025-11-16T23:04:31.389+0000] {processor.py:186} INFO - Started process (PID=4577) to work on /home/airflow/.local/lib/python3.12/site-packages/airflow/example_dags/tutorial.py
[2025-11-16T23:04:31.390+0000] {processor.py:914} INFO - Processing file /home/airflow/.local/lib/python3.12/site-packages/airflow/example_dags/tutorial.py for tasks to queue
[2025-11-16T23:04:31.394+0000] {logging_mixin.py:190} INFO - [2025-11-16T23:04:31.393+0000] {dagbag.py:588} INFO - Filling up the DagBag from /home/airflow/.local/lib/python3.12/site-packages/airflow/example_dags/tutorial.py
[2025-11-16T23:04:31.400+0000] {processor.py:925} INFO - DAG(s) 'tutorial' retrieved from /home/airflow/.local/lib/python3.12/site-packages/airflow/example_dags/tutorial.py
[2025-11-16T23:04:31.415+0000] {logging_mixin.py:190} INFO - [2025-11-16T23:04:31.415+0000] {dag.py:3239} INFO - Sync 1 DAGs
[2025-11-16T23:04:31.429+0000] {logging_mixin.py:190} INFO - [2025-11-16T23:04:31.429+0000] {dag.py:4180} INFO - Setting next_dagrun for tutorial to 2025-11-15 00:00:00+00:00, run_after=2025-11-16 00:00:00+00:00
[2025-11-16T23:04:31.475+0000] {processor.py:208} INFO - Processing /home/airflow/.local/lib/python3.12/site-packages/airflow/example_dags/tutorial.py took 0.090 seconds
[2025-11-16T23:05:02.080+0000] {processor.py:186} INFO - Started process (PID=4642) to work on /home/airflow/.local/lib/python3.12/site-packages/airflow/example_dags/tutorial.py
[2025-11-16T23:05:02.081+0000] {processor.py:914} INFO - Processing file /home/airflow/.local/lib/python3.12/site-packages/airflow/example_dags/tutorial.py for tasks to queue
[2025-11-16T23:05:02.083+0000] {logging_mixin.py:190} INFO - [2025-11-16T23:05:02.083+0000] {dagbag.py:588} INFO - Filling up the DagBag from /home/airflow/.local/lib/python3.12/site-packages/airflow/example_dags/tutorial.py
[2025-11-16T23:05:02.089+0000] {processor.py:925} INFO - DAG(s) 'tutorial' retrieved from /home/airflow/.local/lib/python3.12/site-packages/airflow/example_dags/tutorial.py
[2025-11-16T23:05:02.105+0000] {logging_mixin.py:190} INFO - [2025-11-16T23:05:02.105+0000] {dag.py:3239} INFO - Sync 1 DAGs
[2025-11-16T23:05:02.119+0000] {logging_mixin.py:190} INFO - [2025-11-16T23:05:02.119+0000] {dag.py:4180} INFO - Setting next_dagrun for tutorial to 2025-11-15 00:00:00+00:00, run_after=2025-11-16 00:00:00+00:00
[2025-11-16T23:05:02.135+0000] {processor.py:208} INFO - Processing /home/airflow/.local/lib/python3.12/site-packages/airflow/example_dags/tutorial.py took 0.059 seconds
[2025-11-16T23:05:32.591+0000] {processor.py:186} INFO - Started process (PID=4707) to work on /home/airflow/.local/lib/python3.12/site-packages/airflow/example_dags/tutorial.py
[2025-11-16T23:05:32.593+0000] {processor.py:914} INFO - Processing file /home/airflow/.local/lib/python3.12/site-packages/airflow/example_dags/tutorial.py for tasks to queue
[2025-11-16T23:05:32.596+0000] {logging_mixin.py:190} INFO - [2025-11-16T23:05:32.596+0000] {dagbag.py:588} INFO - Filling up the DagBag from /home/airflow/.local/lib/python3.12/site-packages/airflow/example_dags/tutorial.py
[2025-11-16T23:05:32.602+0000] {processor.py:925} INFO - DAG(s) 'tutorial' retrieved from /home/airflow/.local/lib/python3.12/site-packages/airflow/example_dags/tutorial.py
[2025-11-16T23:05:32.616+0000] {logging_mixin.py:190} INFO - [2025-11-16T23:05:32.616+0000] {dag.py:3239} INFO - Sync 1 DAGs
[2025-11-16T23:05:32.631+0000] {logging_mixin.py:190} INFO - [2025-11-16T23:05:32.631+0000] {dag.py:4180} INFO - Setting next_dagrun for tutorial to 2025-11-15 00:00:00+00:00, run_after=2025-11-16 00:00:00+00:00
[2025-11-16T23:05:32.676+0000] {processor.py:208} INFO - Processing /home/airflow/.local/lib/python3.12/site-packages/airflow/example_dags/tutorial.py took 0.089 seconds
[2025-11-16T23:06:03.308+0000] {processor.py:186} INFO - Started process (PID=4772) to work on /home/airflow/.local/lib/python3.12/site-packages/airflow/example_dags/tutorial.py
[2025-11-16T23:06:03.312+0000] {processor.py:914} INFO - Processing file /home/airflow/.local/lib/python3.12/site-packages/airflow/example_dags/tutorial.py for tasks to queue
[2025-11-16T23:06:03.316+0000] {logging_mixin.py:190} INFO - [2025-11-16T23:06:03.316+0000] {dagbag.py:588} INFO - Filling up the DagBag from /home/airflow/.local/lib/python3.12/site-packages/airflow/example_dags/tutorial.py
[2025-11-16T23:06:03.325+0000] {processor.py:925} INFO - DAG(s) 'tutorial' retrieved from /home/airflow/.local/lib/python3.12/site-packages/airflow/example_dags/tutorial.py
[2025-11-16T23:06:03.344+0000] {logging_mixin.py:190} INFO - [2025-11-16T23:06:03.344+0000] {dag.py:3239} INFO - Sync 1 DAGs
[2025-11-16T23:06:03.361+0000] {logging_mixin.py:190} INFO - [2025-11-16T23:06:03.361+0000] {dag.py:4180} INFO - Setting next_dagrun for tutorial to 2025-11-15 00:00:00+00:00, run_after=2025-11-16 00:00:00+00:00
[2025-11-16T23:06:03.388+0000] {processor.py:208} INFO - Processing /home/airflow/.local/lib/python3.12/site-packages/airflow/example_dags/tutorial.py took 0.087 seconds
[2025-11-16T23:06:33.821+0000] {processor.py:186} INFO - Started process (PID=4837) to work on /home/airflow/.local/lib/python3.12/site-packages/airflow/example_dags/tutorial.py
[2025-11-16T23:06:33.823+0000] {processor.py:914} INFO - Processing file /home/airflow/.local/lib/python3.12/site-packages/airflow/example_dags/tutorial.py for tasks to queue
[2025-11-16T23:06:33.828+0000] {logging_mixin.py:190} INFO - [2025-11-16T23:06:33.828+0000] {dagbag.py:588} INFO - Filling up the DagBag from /home/airflow/.local/lib/python3.12/site-packages/airflow/example_dags/tutorial.py
[2025-11-16T23:06:33.834+0000] {processor.py:925} INFO - DAG(s) 'tutorial' retrieved from /home/airflow/.local/lib/python3.12/site-packages/airflow/example_dags/tutorial.py
[2025-11-16T23:06:33.851+0000] {logging_mixin.py:190} INFO - [2025-11-16T23:06:33.850+0000] {dag.py:3239} INFO - Sync 1 DAGs
[2025-11-16T23:06:33.864+0000] {logging_mixin.py:190} INFO - [2025-11-16T23:06:33.864+0000] {dag.py:4180} INFO - Setting next_dagrun for tutorial to 2025-11-15 00:00:00+00:00, run_after=2025-11-16 00:00:00+00:00
[2025-11-16T23:06:33.909+0000] {processor.py:208} INFO - Processing /home/airflow/.local/lib/python3.12/site-packages/airflow/example_dags/tutorial.py took 0.092 seconds
[2025-11-16T23:07:03.984+0000] {processor.py:186} INFO - Started process (PID=4902) to work on /home/airflow/.local/lib/python3.12/site-packages/airflow/example_dags/tutorial.py
[2025-11-16T23:07:03.986+0000] {processor.py:914} INFO - Processing file /home/airflow/.local/lib/python3.12/site-packages/airflow/example_dags/tutorial.py for tasks to queue
[2025-11-16T23:07:03.989+0000] {logging_mixin.py:190} INFO - [2025-11-16T23:07:03.988+0000] {dagbag.py:588} INFO - Filling up the DagBag from /home/airflow/.local/lib/python3.12/site-packages/airflow/example_dags/tutorial.py
[2025-11-16T23:07:03.995+0000] {processor.py:925} INFO - DAG(s) 'tutorial' retrieved from /home/airflow/.local/lib/python3.12/site-packages/airflow/example_dags/tutorial.py
[2025-11-16T23:07:04.013+0000] {logging_mixin.py:190} INFO - [2025-11-16T23:07:04.013+0000] {dag.py:3239} INFO - Sync 1 DAGs
[2025-11-16T23:07:04.032+0000] {logging_mixin.py:190} INFO - [2025-11-16T23:07:04.032+0000] {dag.py:4180} INFO - Setting next_dagrun for tutorial to 2025-11-15 00:00:00+00:00, run_after=2025-11-16 00:00:00+00:00
[2025-11-16T23:07:04.047+0000] {processor.py:208} INFO - Processing /home/airflow/.local/lib/python3.12/site-packages/airflow/example_dags/tutorial.py took 0.067 seconds
[2025-11-16T23:07:34.306+0000] {processor.py:186} INFO - Started process (PID=4967) to work on /home/airflow/.local/lib/python3.12/site-packages/airflow/example_dags/tutorial.py
[2025-11-16T23:07:34.308+0000] {processor.py:914} INFO - Processing file /home/airflow/.local/lib/python3.12/site-packages/airflow/example_dags/tutorial.py for tasks to queue
[2025-11-16T23:07:34.310+0000] {logging_mixin.py:190} INFO - [2025-11-16T23:07:34.310+0000] {dagbag.py:588} INFO - Filling up the DagBag from /home/airflow/.local/lib/python3.12/site-packages/airflow/example_dags/tutorial.py
[2025-11-16T23:07:34.318+0000] {processor.py:925} INFO - DAG(s) 'tutorial' retrieved from /home/airflow/.local/lib/python3.12/site-packages/airflow/example_dags/tutorial.py
[2025-11-16T23:07:34.337+0000] {logging_mixin.py:190} INFO - [2025-11-16T23:07:34.337+0000] {dag.py:3239} INFO - Sync 1 DAGs
[2025-11-16T23:07:34.353+0000] {logging_mixin.py:190} INFO - [2025-11-16T23:07:34.353+0000] {dag.py:4180} INFO - Setting next_dagrun for tutorial to 2025-11-15 00:00:00+00:00, run_after=2025-11-16 00:00:00+00:00
[2025-11-16T23:07:34.369+0000] {processor.py:208} INFO - Processing /home/airflow/.local/lib/python3.12/site-packages/airflow/example_dags/tutorial.py took 0.068 seconds
[2025-11-16T23:08:04.572+0000] {processor.py:186} INFO - Started process (PID=5031) to work on /home/airflow/.local/lib/python3.12/site-packages/airflow/example_dags/tutorial.py
[2025-11-16T23:08:04.573+0000] {processor.py:914} INFO - Processing file /home/airflow/.local/lib/python3.12/site-packages/airflow/example_dags/tutorial.py for tasks to queue
[2025-11-16T23:08:04.575+0000] {logging_mixin.py:190} INFO - [2025-11-16T23:08:04.575+0000] {dagbag.py:588} INFO - Filling up the DagBag from /home/airflow/.local/lib/python3.12/site-packages/airflow/example_dags/tutorial.py
[2025-11-16T23:08:04.581+0000] {processor.py:925} INFO - DAG(s) 'tutorial' retrieved from /home/airflow/.local/lib/python3.12/site-packages/airflow/example_dags/tutorial.py
[2025-11-16T23:08:04.596+0000] {logging_mixin.py:190} INFO - [2025-11-16T23:08:04.596+0000] {dag.py:3239} INFO - Sync 1 DAGs
[2025-11-16T23:08:04.611+0000] {logging_mixin.py:190} INFO - [2025-11-16T23:08:04.611+0000] {dag.py:4180} INFO - Setting next_dagrun for tutorial to 2025-11-15 00:00:00+00:00, run_after=2025-11-16 00:00:00+00:00
[2025-11-16T23:08:04.627+0000] {processor.py:208} INFO - Processing /home/airflow/.local/lib/python3.12/site-packages/airflow/example_dags/tutorial.py took 0.059 seconds
[2025-11-16T23:08:34.982+0000] {processor.py:186} INFO - Started process (PID=5096) to work on /home/airflow/.local/lib/python3.12/site-packages/airflow/example_dags/tutorial.py
[2025-11-16T23:08:34.983+0000] {processor.py:914} INFO - Processing file /home/airflow/.local/lib/python3.12/site-packages/airflow/example_dags/tutorial.py for tasks to queue
[2025-11-16T23:08:34.985+0000] {logging_mixin.py:190} INFO - [2025-11-16T23:08:34.984+0000] {dagbag.py:588} INFO - Filling up the DagBag from /home/airflow/.local/lib/python3.12/site-packages/airflow/example_dags/tutorial.py
[2025-11-16T23:08:34.990+0000] {processor.py:925} INFO - DAG(s) 'tutorial' retrieved from /home/airflow/.local/lib/python3.12/site-packages/airflow/example_dags/tutorial.py
[2025-11-16T23:08:35.005+0000] {logging_mixin.py:190} INFO - [2025-11-16T23:08:35.005+0000] {dag.py:3239} INFO - Sync 1 DAGs
[2025-11-16T23:08:35.020+0000] {logging_mixin.py:190} INFO - [2025-11-16T23:08:35.020+0000] {dag.py:4180} INFO - Setting next_dagrun for tutorial to 2025-11-15 00:00:00+00:00, run_after=2025-11-16 00:00:00+00:00
[2025-11-16T23:08:35.066+0000] {processor.py:208} INFO - Processing /home/airflow/.local/lib/python3.12/site-packages/airflow/example_dags/tutorial.py took 0.088 seconds
[2025-11-16T23:09:05.308+0000] {processor.py:186} INFO - Started process (PID=5161) to work on /home/airflow/.local/lib/python3.12/site-packages/airflow/example_dags/tutorial.py
[2025-11-16T23:09:05.310+0000] {processor.py:914} INFO - Processing file /home/airflow/.local/lib/python3.12/site-packages/airflow/example_dags/tutorial.py for tasks to queue
[2025-11-16T23:09:05.312+0000] {logging_mixin.py:190} INFO - [2025-11-16T23:09:05.312+0000] {dagbag.py:588} INFO - Filling up the DagBag from /home/airflow/.local/lib/python3.12/site-packages/airflow/example_dags/tutorial.py
[2025-11-16T23:09:05.318+0000] {processor.py:925} INFO - DAG(s) 'tutorial' retrieved from /home/airflow/.local/lib/python3.12/site-packages/airflow/example_dags/tutorial.py
[2025-11-16T23:09:05.335+0000] {logging_mixin.py:190} INFO - [2025-11-16T23:09:05.334+0000] {dag.py:3239} INFO - Sync 1 DAGs
[2025-11-16T23:09:05.349+0000] {logging_mixin.py:190} INFO - [2025-11-16T23:09:05.349+0000] {dag.py:4180} INFO - Setting next_dagrun for tutorial to 2025-11-15 00:00:00+00:00, run_after=2025-11-16 00:00:00+00:00
[2025-11-16T23:09:05.396+0000] {processor.py:208} INFO - Processing /home/airflow/.local/lib/python3.12/site-packages/airflow/example_dags/tutorial.py took 0.091 seconds
[2025-11-16T23:09:36.127+0000] {processor.py:186} INFO - Started process (PID=5226) to work on /home/airflow/.local/lib/python3.12/site-packages/airflow/example_dags/tutorial.py
[2025-11-16T23:09:36.129+0000] {processor.py:914} INFO - Processing file /home/airflow/.local/lib/python3.12/site-packages/airflow/example_dags/tutorial.py for tasks to queue
[2025-11-16T23:09:36.132+0000] {logging_mixin.py:190} INFO - [2025-11-16T23:09:36.132+0000] {dagbag.py:588} INFO - Filling up the DagBag from /home/airflow/.local/lib/python3.12/site-packages/airflow/example_dags/tutorial.py
[2025-11-16T23:09:36.141+0000] {processor.py:925} INFO - DAG(s) 'tutorial' retrieved from /home/airflow/.local/lib/python3.12/site-packages/airflow/example_dags/tutorial.py
[2025-11-16T23:09:36.158+0000] {logging_mixin.py:190} INFO - [2025-11-16T23:09:36.158+0000] {dag.py:3239} INFO - Sync 1 DAGs
[2025-11-16T23:09:36.174+0000] {logging_mixin.py:190} INFO - [2025-11-16T23:09:36.174+0000] {dag.py:4180} INFO - Setting next_dagrun for tutorial to 2025-11-15 00:00:00+00:00, run_after=2025-11-16 00:00:00+00:00
[2025-11-16T23:09:36.190+0000] {processor.py:208} INFO - Processing /home/airflow/.local/lib/python3.12/site-packages/airflow/example_dags/tutorial.py took 0.066 seconds
[2025-11-16T23:10:06.759+0000] {processor.py:186} INFO - Started process (PID=5291) to work on /home/airflow/.local/lib/python3.12/site-packages/airflow/example_dags/tutorial.py
[2025-11-16T23:10:06.761+0000] {processor.py:914} INFO - Processing file /home/airflow/.local/lib/python3.12/site-packages/airflow/example_dags/tutorial.py for tasks to queue
[2025-11-16T23:10:06.763+0000] {logging_mixin.py:190} INFO - [2025-11-16T23:10:06.762+0000] {dagbag.py:588} INFO - Filling up the DagBag from /home/airflow/.local/lib/python3.12/site-packages/airflow/example_dags/tutorial.py
[2025-11-16T23:10:06.770+0000] {processor.py:925} INFO - DAG(s) 'tutorial' retrieved from /home/airflow/.local/lib/python3.12/site-packages/airflow/example_dags/tutorial.py
[2025-11-16T23:10:06.787+0000] {logging_mixin.py:190} INFO - [2025-11-16T23:10:06.787+0000] {dag.py:3239} INFO - Sync 1 DAGs
[2025-11-16T23:10:06.804+0000] {logging_mixin.py:190} INFO - [2025-11-16T23:10:06.804+0000] {dag.py:4180} INFO - Setting next_dagrun for tutorial to 2025-11-15 00:00:00+00:00, run_after=2025-11-16 00:00:00+00:00
[2025-11-16T23:10:06.819+0000] {processor.py:208} INFO - Processing /home/airflow/.local/lib/python3.12/site-packages/airflow/example_dags/tutorial.py took 0.066 seconds
[2025-11-16T23:10:37.035+0000] {processor.py:186} INFO - Started process (PID=5356) to work on /home/airflow/.local/lib/python3.12/site-packages/airflow/example_dags/tutorial.py
[2025-11-16T23:10:37.036+0000] {processor.py:914} INFO - Processing file /home/airflow/.local/lib/python3.12/site-packages/airflow/example_dags/tutorial.py for tasks to queue
[2025-11-16T23:10:37.038+0000] {logging_mixin.py:190} INFO - [2025-11-16T23:10:37.038+0000] {dagbag.py:588} INFO - Filling up the DagBag from /home/airflow/.local/lib/python3.12/site-packages/airflow/example_dags/tutorial.py
[2025-11-16T23:10:37.044+0000] {processor.py:925} INFO - DAG(s) 'tutorial' retrieved from /home/airflow/.local/lib/python3.12/site-packages/airflow/example_dags/tutorial.py
[2025-11-16T23:10:37.059+0000] {logging_mixin.py:190} INFO - [2025-11-16T23:10:37.059+0000] {dag.py:3239} INFO - Sync 1 DAGs
[2025-11-16T23:10:37.073+0000] {logging_mixin.py:190} INFO - [2025-11-16T23:10:37.073+0000] {dag.py:4180} INFO - Setting next_dagrun for tutorial to 2025-11-15 00:00:00+00:00, run_after=2025-11-16 00:00:00+00:00
[2025-11-16T23:10:37.087+0000] {processor.py:208} INFO - Processing /home/airflow/.local/lib/python3.12/site-packages/airflow/example_dags/tutorial.py took 0.056 seconds
[2025-11-16T23:11:07.472+0000] {processor.py:186} INFO - Started process (PID=5421) to work on /home/airflow/.local/lib/python3.12/site-packages/airflow/example_dags/tutorial.py
[2025-11-16T23:11:07.474+0000] {processor.py:914} INFO - Processing file /home/airflow/.local/lib/python3.12/site-packages/airflow/example_dags/tutorial.py for tasks to queue
[2025-11-16T23:11:07.475+0000] {logging_mixin.py:190} INFO - [2025-11-16T23:11:07.475+0000] {dagbag.py:588} INFO - Filling up the DagBag from /home/airflow/.local/lib/python3.12/site-packages/airflow/example_dags/tutorial.py
[2025-11-16T23:11:07.482+0000] {processor.py:925} INFO - DAG(s) 'tutorial' retrieved from /home/airflow/.local/lib/python3.12/site-packages/airflow/example_dags/tutorial.py
[2025-11-16T23:11:07.495+0000] {logging_mixin.py:190} INFO - [2025-11-16T23:11:07.495+0000] {dag.py:3239} INFO - Sync 1 DAGs
[2025-11-16T23:11:07.510+0000] {logging_mixin.py:190} INFO - [2025-11-16T23:11:07.510+0000] {dag.py:4180} INFO - Setting next_dagrun for tutorial to 2025-11-15 00:00:00+00:00, run_after=2025-11-16 00:00:00+00:00
[2025-11-16T23:11:07.535+0000] {processor.py:208} INFO - Processing /home/airflow/.local/lib/python3.12/site-packages/airflow/example_dags/tutorial.py took 0.067 seconds
[2025-11-16T23:11:37.585+0000] {processor.py:186} INFO - Started process (PID=5486) to work on /home/airflow/.local/lib/python3.12/site-packages/airflow/example_dags/tutorial.py
[2025-11-16T23:11:37.587+0000] {processor.py:914} INFO - Processing file /home/airflow/.local/lib/python3.12/site-packages/airflow/example_dags/tutorial.py for tasks to queue
[2025-11-16T23:11:37.589+0000] {logging_mixin.py:190} INFO - [2025-11-16T23:11:37.588+0000] {dagbag.py:588} INFO - Filling up the DagBag from /home/airflow/.local/lib/python3.12/site-packages/airflow/example_dags/tutorial.py
[2025-11-16T23:11:37.595+0000] {processor.py:925} INFO - DAG(s) 'tutorial' retrieved from /home/airflow/.local/lib/python3.12/site-packages/airflow/example_dags/tutorial.py
[2025-11-16T23:11:37.611+0000] {logging_mixin.py:190} INFO - [2025-11-16T23:11:37.610+0000] {dag.py:3239} INFO - Sync 1 DAGs
[2025-11-16T23:11:37.627+0000] {logging_mixin.py:190} INFO - [2025-11-16T23:11:37.627+0000] {dag.py:4180} INFO - Setting next_dagrun for tutorial to 2025-11-15 00:00:00+00:00, run_after=2025-11-16 00:00:00+00:00
[2025-11-16T23:11:37.640+0000] {processor.py:208} INFO - Processing /home/airflow/.local/lib/python3.12/site-packages/airflow/example_dags/tutorial.py took 0.059 seconds
[2025-11-16T23:22:27.683+0000] {processor.py:186} INFO - Started process (PID=72) to work on /home/airflow/.local/lib/python3.12/site-packages/airflow/example_dags/tutorial.py
[2025-11-16T23:22:27.684+0000] {processor.py:914} INFO - Processing file /home/airflow/.local/lib/python3.12/site-packages/airflow/example_dags/tutorial.py for tasks to queue
[2025-11-16T23:22:27.686+0000] {logging_mixin.py:190} INFO - [2025-11-16T23:22:27.686+0000] {dagbag.py:588} INFO - Filling up the DagBag from /home/airflow/.local/lib/python3.12/site-packages/airflow/example_dags/tutorial.py
[2025-11-16T23:22:27.692+0000] {processor.py:925} INFO - DAG(s) 'tutorial' retrieved from /home/airflow/.local/lib/python3.12/site-packages/airflow/example_dags/tutorial.py
[2025-11-16T23:22:27.711+0000] {logging_mixin.py:190} INFO - [2025-11-16T23:22:27.711+0000] {dag.py:3239} INFO - Sync 1 DAGs
[2025-11-16T23:22:27.728+0000] {logging_mixin.py:190} INFO - [2025-11-16T23:22:27.728+0000] {dag.py:4180} INFO - Setting next_dagrun for tutorial to 2025-11-15 00:00:00+00:00, run_after=2025-11-16 00:00:00+00:00
[2025-11-16T23:22:27.742+0000] {processor.py:208} INFO - Processing /home/airflow/.local/lib/python3.12/site-packages/airflow/example_dags/tutorial.py took 0.063 seconds
[2025-11-16T23:22:58.315+0000] {processor.py:186} INFO - Started process (PID=137) to work on /home/airflow/.local/lib/python3.12/site-packages/airflow/example_dags/tutorial.py
[2025-11-16T23:22:58.316+0000] {processor.py:914} INFO - Processing file /home/airflow/.local/lib/python3.12/site-packages/airflow/example_dags/tutorial.py for tasks to queue
[2025-11-16T23:22:58.319+0000] {logging_mixin.py:190} INFO - [2025-11-16T23:22:58.319+0000] {dagbag.py:588} INFO - Filling up the DagBag from /home/airflow/.local/lib/python3.12/site-packages/airflow/example_dags/tutorial.py
[2025-11-16T23:22:58.325+0000] {processor.py:925} INFO - DAG(s) 'tutorial' retrieved from /home/airflow/.local/lib/python3.12/site-packages/airflow/example_dags/tutorial.py
[2025-11-16T23:22:58.339+0000] {logging_mixin.py:190} INFO - [2025-11-16T23:22:58.339+0000] {dag.py:3239} INFO - Sync 1 DAGs
[2025-11-16T23:22:58.353+0000] {logging_mixin.py:190} INFO - [2025-11-16T23:22:58.353+0000] {dag.py:4180} INFO - Setting next_dagrun for tutorial to 2025-11-15 00:00:00+00:00, run_after=2025-11-16 00:00:00+00:00
[2025-11-16T23:22:58.365+0000] {processor.py:208} INFO - Processing /home/airflow/.local/lib/python3.12/site-packages/airflow/example_dags/tutorial.py took 0.054 seconds
[2025-11-16T23:23:28.653+0000] {processor.py:186} INFO - Started process (PID=203) to work on /home/airflow/.local/lib/python3.12/site-packages/airflow/example_dags/tutorial.py
[2025-11-16T23:23:28.654+0000] {processor.py:914} INFO - Processing file /home/airflow/.local/lib/python3.12/site-packages/airflow/example_dags/tutorial.py for tasks to queue
[2025-11-16T23:23:28.656+0000] {logging_mixin.py:190} INFO - [2025-11-16T23:23:28.656+0000] {dagbag.py:588} INFO - Filling up the DagBag from /home/airflow/.local/lib/python3.12/site-packages/airflow/example_dags/tutorial.py
[2025-11-16T23:23:28.662+0000] {processor.py:925} INFO - DAG(s) 'tutorial' retrieved from /home/airflow/.local/lib/python3.12/site-packages/airflow/example_dags/tutorial.py
[2025-11-16T23:23:28.676+0000] {logging_mixin.py:190} INFO - [2025-11-16T23:23:28.676+0000] {dag.py:3239} INFO - Sync 1 DAGs
[2025-11-16T23:23:28.692+0000] {logging_mixin.py:190} INFO - [2025-11-16T23:23:28.692+0000] {dag.py:4180} INFO - Setting next_dagrun for tutorial to 2025-11-15 00:00:00+00:00, run_after=2025-11-16 00:00:00+00:00
[2025-11-16T23:23:28.707+0000] {processor.py:208} INFO - Processing /home/airflow/.local/lib/python3.12/site-packages/airflow/example_dags/tutorial.py took 0.057 seconds
[2025-11-16T23:23:59.151+0000] {processor.py:186} INFO - Started process (PID=268) to work on /home/airflow/.local/lib/python3.12/site-packages/airflow/example_dags/tutorial.py
[2025-11-16T23:23:59.152+0000] {processor.py:914} INFO - Processing file /home/airflow/.local/lib/python3.12/site-packages/airflow/example_dags/tutorial.py for tasks to queue
[2025-11-16T23:23:59.154+0000] {logging_mixin.py:190} INFO - [2025-11-16T23:23:59.154+0000] {dagbag.py:588} INFO - Filling up the DagBag from /home/airflow/.local/lib/python3.12/site-packages/airflow/example_dags/tutorial.py
[2025-11-16T23:23:59.160+0000] {processor.py:925} INFO - DAG(s) 'tutorial' retrieved from /home/airflow/.local/lib/python3.12/site-packages/airflow/example_dags/tutorial.py
[2025-11-16T23:23:59.174+0000] {logging_mixin.py:190} INFO - [2025-11-16T23:23:59.174+0000] {dag.py:3239} INFO - Sync 1 DAGs
[2025-11-16T23:23:59.189+0000] {logging_mixin.py:190} INFO - [2025-11-16T23:23:59.188+0000] {dag.py:4180} INFO - Setting next_dagrun for tutorial to 2025-11-15 00:00:00+00:00, run_after=2025-11-16 00:00:00+00:00
[2025-11-16T23:23:59.203+0000] {processor.py:208} INFO - Processing /home/airflow/.local/lib/python3.12/site-packages/airflow/example_dags/tutorial.py took 0.056 seconds
[2025-11-16T23:24:30.266+0000] {processor.py:186} INFO - Started process (PID=355) to work on /home/airflow/.local/lib/python3.12/site-packages/airflow/example_dags/tutorial.py
[2025-11-16T23:24:30.267+0000] {processor.py:914} INFO - Processing file /home/airflow/.local/lib/python3.12/site-packages/airflow/example_dags/tutorial.py for tasks to queue
[2025-11-16T23:24:30.269+0000] {logging_mixin.py:190} INFO - [2025-11-16T23:24:30.269+0000] {dagbag.py:588} INFO - Filling up the DagBag from /home/airflow/.local/lib/python3.12/site-packages/airflow/example_dags/tutorial.py
[2025-11-16T23:24:30.275+0000] {processor.py:925} INFO - DAG(s) 'tutorial' retrieved from /home/airflow/.local/lib/python3.12/site-packages/airflow/example_dags/tutorial.py
[2025-11-16T23:24:30.288+0000] {logging_mixin.py:190} INFO - [2025-11-16T23:24:30.288+0000] {dag.py:3239} INFO - Sync 1 DAGs
[2025-11-16T23:24:30.302+0000] {logging_mixin.py:190} INFO - [2025-11-16T23:24:30.302+0000] {dag.py:4180} INFO - Setting next_dagrun for tutorial to 2025-11-15 00:00:00+00:00, run_after=2025-11-16 00:00:00+00:00
[2025-11-16T23:24:30.315+0000] {processor.py:208} INFO - Processing /home/airflow/.local/lib/python3.12/site-packages/airflow/example_dags/tutorial.py took 0.053 seconds
[2025-11-16T23:25:00.870+0000] {processor.py:186} INFO - Started process (PID=420) to work on /home/airflow/.local/lib/python3.12/site-packages/airflow/example_dags/tutorial.py
[2025-11-16T23:25:00.871+0000] {processor.py:914} INFO - Processing file /home/airflow/.local/lib/python3.12/site-packages/airflow/example_dags/tutorial.py for tasks to queue
[2025-11-16T23:25:00.874+0000] {logging_mixin.py:190} INFO - [2025-11-16T23:25:00.873+0000] {dagbag.py:588} INFO - Filling up the DagBag from /home/airflow/.local/lib/python3.12/site-packages/airflow/example_dags/tutorial.py
[2025-11-16T23:25:00.882+0000] {processor.py:925} INFO - DAG(s) 'tutorial' retrieved from /home/airflow/.local/lib/python3.12/site-packages/airflow/example_dags/tutorial.py
[2025-11-16T23:25:00.901+0000] {logging_mixin.py:190} INFO - [2025-11-16T23:25:00.901+0000] {dag.py:3239} INFO - Sync 1 DAGs
[2025-11-16T23:25:00.922+0000] {logging_mixin.py:190} INFO - [2025-11-16T23:25:00.922+0000] {dag.py:4180} INFO - Setting next_dagrun for tutorial to 2025-11-15 00:00:00+00:00, run_after=2025-11-16 00:00:00+00:00
[2025-11-16T23:25:00.938+0000] {processor.py:208} INFO - Processing /home/airflow/.local/lib/python3.12/site-packages/airflow/example_dags/tutorial.py took 0.073 seconds
[2025-11-16T23:25:32.145+0000] {processor.py:186} INFO - Started process (PID=485) to work on /home/airflow/.local/lib/python3.12/site-packages/airflow/example_dags/tutorial.py
[2025-11-16T23:25:32.146+0000] {processor.py:914} INFO - Processing file /home/airflow/.local/lib/python3.12/site-packages/airflow/example_dags/tutorial.py for tasks to queue
[2025-11-16T23:25:32.148+0000] {logging_mixin.py:190} INFO - [2025-11-16T23:25:32.148+0000] {dagbag.py:588} INFO - Filling up the DagBag from /home/airflow/.local/lib/python3.12/site-packages/airflow/example_dags/tutorial.py
[2025-11-16T23:25:32.154+0000] {processor.py:925} INFO - DAG(s) 'tutorial' retrieved from /home/airflow/.local/lib/python3.12/site-packages/airflow/example_dags/tutorial.py
[2025-11-16T23:25:32.167+0000] {logging_mixin.py:190} INFO - [2025-11-16T23:25:32.167+0000] {dag.py:3239} INFO - Sync 1 DAGs
[2025-11-16T23:25:32.182+0000] {logging_mixin.py:190} INFO - [2025-11-16T23:25:32.182+0000] {dag.py:4180} INFO - Setting next_dagrun for tutorial to 2025-11-15 00:00:00+00:00, run_after=2025-11-16 00:00:00+00:00
[2025-11-16T23:25:32.196+0000] {processor.py:208} INFO - Processing /home/airflow/.local/lib/python3.12/site-packages/airflow/example_dags/tutorial.py took 0.054 seconds
[2025-11-16T23:26:03.420+0000] {processor.py:186} INFO - Started process (PID=550) to work on /home/airflow/.local/lib/python3.12/site-packages/airflow/example_dags/tutorial.py
[2025-11-16T23:26:03.421+0000] {processor.py:914} INFO - Processing file /home/airflow/.local/lib/python3.12/site-packages/airflow/example_dags/tutorial.py for tasks to queue
[2025-11-16T23:26:03.422+0000] {logging_mixin.py:190} INFO - [2025-11-16T23:26:03.422+0000] {dagbag.py:588} INFO - Filling up the DagBag from /home/airflow/.local/lib/python3.12/site-packages/airflow/example_dags/tutorial.py
[2025-11-16T23:26:03.428+0000] {processor.py:925} INFO - DAG(s) 'tutorial' retrieved from /home/airflow/.local/lib/python3.12/site-packages/airflow/example_dags/tutorial.py
[2025-11-16T23:26:03.441+0000] {logging_mixin.py:190} INFO - [2025-11-16T23:26:03.441+0000] {dag.py:3239} INFO - Sync 1 DAGs
[2025-11-16T23:26:03.455+0000] {logging_mixin.py:190} INFO - [2025-11-16T23:26:03.455+0000] {dag.py:4180} INFO - Setting next_dagrun for tutorial to 2025-11-15 00:00:00+00:00, run_after=2025-11-16 00:00:00+00:00
[2025-11-16T23:26:03.467+0000] {processor.py:208} INFO - Processing /home/airflow/.local/lib/python3.12/site-packages/airflow/example_dags/tutorial.py took 0.052 seconds
[2025-11-16T23:26:34.792+0000] {processor.py:186} INFO - Started process (PID=615) to work on /home/airflow/.local/lib/python3.12/site-packages/airflow/example_dags/tutorial.py
[2025-11-16T23:26:34.793+0000] {processor.py:914} INFO - Processing file /home/airflow/.local/lib/python3.12/site-packages/airflow/example_dags/tutorial.py for tasks to queue
[2025-11-16T23:26:34.795+0000] {logging_mixin.py:190} INFO - [2025-11-16T23:26:34.795+0000] {dagbag.py:588} INFO - Filling up the DagBag from /home/airflow/.local/lib/python3.12/site-packages/airflow/example_dags/tutorial.py
[2025-11-16T23:26:34.802+0000] {processor.py:925} INFO - DAG(s) 'tutorial' retrieved from /home/airflow/.local/lib/python3.12/site-packages/airflow/example_dags/tutorial.py
[2025-11-16T23:26:34.818+0000] {logging_mixin.py:190} INFO - [2025-11-16T23:26:34.818+0000] {dag.py:3239} INFO - Sync 1 DAGs
[2025-11-16T23:26:34.836+0000] {logging_mixin.py:190} INFO - [2025-11-16T23:26:34.836+0000] {dag.py:4180} INFO - Setting next_dagrun for tutorial to 2025-11-15 00:00:00+00:00, run_after=2025-11-16 00:00:00+00:00
[2025-11-16T23:26:34.850+0000] {processor.py:208} INFO - Processing /home/airflow/.local/lib/python3.12/site-packages/airflow/example_dags/tutorial.py took 0.063 seconds
[2025-11-16T23:27:06.223+0000] {processor.py:186} INFO - Started process (PID=679) to work on /home/airflow/.local/lib/python3.12/site-packages/airflow/example_dags/tutorial.py
[2025-11-16T23:27:06.224+0000] {processor.py:914} INFO - Processing file /home/airflow/.local/lib/python3.12/site-packages/airflow/example_dags/tutorial.py for tasks to queue
[2025-11-16T23:27:06.226+0000] {logging_mixin.py:190} INFO - [2025-11-16T23:27:06.226+0000] {dagbag.py:588} INFO - Filling up the DagBag from /home/airflow/.local/lib/python3.12/site-packages/airflow/example_dags/tutorial.py
[2025-11-16T23:27:06.233+0000] {processor.py:925} INFO - DAG(s) 'tutorial' retrieved from /home/airflow/.local/lib/python3.12/site-packages/airflow/example_dags/tutorial.py
[2025-11-16T23:27:06.249+0000] {logging_mixin.py:190} INFO - [2025-11-16T23:27:06.248+0000] {dag.py:3239} INFO - Sync 1 DAGs
[2025-11-16T23:27:06.265+0000] {logging_mixin.py:190} INFO - [2025-11-16T23:27:06.265+0000] {dag.py:4180} INFO - Setting next_dagrun for tutorial to 2025-11-15 00:00:00+00:00, run_after=2025-11-16 00:00:00+00:00
[2025-11-16T23:27:06.280+0000] {processor.py:208} INFO - Processing /home/airflow/.local/lib/python3.12/site-packages/airflow/example_dags/tutorial.py took 0.061 seconds
[2025-11-16T23:27:37.159+0000] {processor.py:186} INFO - Started process (PID=744) to work on /home/airflow/.local/lib/python3.12/site-packages/airflow/example_dags/tutorial.py
[2025-11-16T23:27:37.161+0000] {processor.py:914} INFO - Processing file /home/airflow/.local/lib/python3.12/site-packages/airflow/example_dags/tutorial.py for tasks to queue
[2025-11-16T23:27:37.164+0000] {logging_mixin.py:190} INFO - [2025-11-16T23:27:37.164+0000] {dagbag.py:588} INFO - Filling up the DagBag from /home/airflow/.local/lib/python3.12/site-packages/airflow/example_dags/tutorial.py
[2025-11-16T23:27:37.173+0000] {processor.py:925} INFO - DAG(s) 'tutorial' retrieved from /home/airflow/.local/lib/python3.12/site-packages/airflow/example_dags/tutorial.py
[2025-11-16T23:27:37.190+0000] {logging_mixin.py:190} INFO - [2025-11-16T23:27:37.190+0000] {dag.py:3239} INFO - Sync 1 DAGs
[2025-11-16T23:27:37.207+0000] {logging_mixin.py:190} INFO - [2025-11-16T23:27:37.207+0000] {dag.py:4180} INFO - Setting next_dagrun for tutorial to 2025-11-15 00:00:00+00:00, run_after=2025-11-16 00:00:00+00:00
[2025-11-16T23:27:37.223+0000] {processor.py:208} INFO - Processing /home/airflow/.local/lib/python3.12/site-packages/airflow/example_dags/tutorial.py took 0.069 seconds
[2025-11-16T23:28:08.225+0000] {processor.py:186} INFO - Started process (PID=809) to work on /home/airflow/.local/lib/python3.12/site-packages/airflow/example_dags/tutorial.py
[2025-11-16T23:28:08.227+0000] {processor.py:914} INFO - Processing file /home/airflow/.local/lib/python3.12/site-packages/airflow/example_dags/tutorial.py for tasks to queue
[2025-11-16T23:28:08.229+0000] {logging_mixin.py:190} INFO - [2025-11-16T23:28:08.229+0000] {dagbag.py:588} INFO - Filling up the DagBag from /home/airflow/.local/lib/python3.12/site-packages/airflow/example_dags/tutorial.py
[2025-11-16T23:28:08.236+0000] {processor.py:925} INFO - DAG(s) 'tutorial' retrieved from /home/airflow/.local/lib/python3.12/site-packages/airflow/example_dags/tutorial.py
[2025-11-16T23:28:08.252+0000] {logging_mixin.py:190} INFO - [2025-11-16T23:28:08.252+0000] {dag.py:3239} INFO - Sync 1 DAGs
[2025-11-16T23:28:08.268+0000] {logging_mixin.py:190} INFO - [2025-11-16T23:28:08.268+0000] {dag.py:4180} INFO - Setting next_dagrun for tutorial to 2025-11-15 00:00:00+00:00, run_after=2025-11-16 00:00:00+00:00
[2025-11-16T23:28:08.286+0000] {processor.py:208} INFO - Processing /home/airflow/.local/lib/python3.12/site-packages/airflow/example_dags/tutorial.py took 0.065 seconds
[2025-11-16T23:28:39.494+0000] {processor.py:186} INFO - Started process (PID=874) to work on /home/airflow/.local/lib/python3.12/site-packages/airflow/example_dags/tutorial.py
[2025-11-16T23:28:39.496+0000] {processor.py:914} INFO - Processing file /home/airflow/.local/lib/python3.12/site-packages/airflow/example_dags/tutorial.py for tasks to queue
[2025-11-16T23:28:39.500+0000] {logging_mixin.py:190} INFO - [2025-11-16T23:28:39.500+0000] {dagbag.py:588} INFO - Filling up the DagBag from /home/airflow/.local/lib/python3.12/site-packages/airflow/example_dags/tutorial.py
[2025-11-16T23:28:39.507+0000] {processor.py:925} INFO - DAG(s) 'tutorial' retrieved from /home/airflow/.local/lib/python3.12/site-packages/airflow/example_dags/tutorial.py
[2025-11-16T23:28:39.524+0000] {logging_mixin.py:190} INFO - [2025-11-16T23:28:39.524+0000] {dag.py:3239} INFO - Sync 1 DAGs
[2025-11-16T23:28:39.542+0000] {logging_mixin.py:190} INFO - [2025-11-16T23:28:39.541+0000] {dag.py:4180} INFO - Setting next_dagrun for tutorial to 2025-11-15 00:00:00+00:00, run_after=2025-11-16 00:00:00+00:00
[2025-11-16T23:28:39.556+0000] {processor.py:208} INFO - Processing /home/airflow/.local/lib/python3.12/site-packages/airflow/example_dags/tutorial.py took 0.067 seconds
[2025-11-16T23:29:11.497+0000] {processor.py:186} INFO - Started process (PID=943) to work on /home/airflow/.local/lib/python3.12/site-packages/airflow/example_dags/tutorial.py
[2025-11-16T23:29:11.498+0000] {processor.py:914} INFO - Processing file /home/airflow/.local/lib/python3.12/site-packages/airflow/example_dags/tutorial.py for tasks to queue
[2025-11-16T23:29:11.500+0000] {logging_mixin.py:190} INFO - [2025-11-16T23:29:11.500+0000] {dagbag.py:588} INFO - Filling up the DagBag from /home/airflow/.local/lib/python3.12/site-packages/airflow/example_dags/tutorial.py
[2025-11-16T23:29:11.506+0000] {processor.py:925} INFO - DAG(s) 'tutorial' retrieved from /home/airflow/.local/lib/python3.12/site-packages/airflow/example_dags/tutorial.py
[2025-11-16T23:29:11.522+0000] {logging_mixin.py:190} INFO - [2025-11-16T23:29:11.521+0000] {dag.py:3239} INFO - Sync 1 DAGs
[2025-11-16T23:29:11.539+0000] {logging_mixin.py:190} INFO - [2025-11-16T23:29:11.539+0000] {dag.py:4180} INFO - Setting next_dagrun for tutorial to 2025-11-15 00:00:00+00:00, run_after=2025-11-16 00:00:00+00:00
[2025-11-16T23:29:11.552+0000] {processor.py:208} INFO - Processing /home/airflow/.local/lib/python3.12/site-packages/airflow/example_dags/tutorial.py took 0.060 seconds
[2025-11-16T23:29:42.416+0000] {processor.py:186} INFO - Started process (PID=1008) to work on /home/airflow/.local/lib/python3.12/site-packages/airflow/example_dags/tutorial.py
[2025-11-16T23:29:42.417+0000] {processor.py:914} INFO - Processing file /home/airflow/.local/lib/python3.12/site-packages/airflow/example_dags/tutorial.py for tasks to queue
[2025-11-16T23:29:42.419+0000] {logging_mixin.py:190} INFO - [2025-11-16T23:29:42.419+0000] {dagbag.py:588} INFO - Filling up the DagBag from /home/airflow/.local/lib/python3.12/site-packages/airflow/example_dags/tutorial.py
[2025-11-16T23:29:42.426+0000] {processor.py:925} INFO - DAG(s) 'tutorial' retrieved from /home/airflow/.local/lib/python3.12/site-packages/airflow/example_dags/tutorial.py
[2025-11-16T23:29:42.442+0000] {logging_mixin.py:190} INFO - [2025-11-16T23:29:42.441+0000] {dag.py:3239} INFO - Sync 1 DAGs
[2025-11-16T23:29:42.459+0000] {logging_mixin.py:190} INFO - [2025-11-16T23:29:42.459+0000] {dag.py:4180} INFO - Setting next_dagrun for tutorial to 2025-11-15 00:00:00+00:00, run_after=2025-11-16 00:00:00+00:00
[2025-11-16T23:29:42.473+0000] {processor.py:208} INFO - Processing /home/airflow/.local/lib/python3.12/site-packages/airflow/example_dags/tutorial.py took 0.061 seconds
[2025-11-16T23:30:13.552+0000] {processor.py:186} INFO - Started process (PID=1073) to work on /home/airflow/.local/lib/python3.12/site-packages/airflow/example_dags/tutorial.py
[2025-11-16T23:30:13.553+0000] {processor.py:914} INFO - Processing file /home/airflow/.local/lib/python3.12/site-packages/airflow/example_dags/tutorial.py for tasks to queue
[2025-11-16T23:30:13.555+0000] {logging_mixin.py:190} INFO - [2025-11-16T23:30:13.555+0000] {dagbag.py:588} INFO - Filling up the DagBag from /home/airflow/.local/lib/python3.12/site-packages/airflow/example_dags/tutorial.py
[2025-11-16T23:30:13.563+0000] {processor.py:925} INFO - DAG(s) 'tutorial' retrieved from /home/airflow/.local/lib/python3.12/site-packages/airflow/example_dags/tutorial.py
[2025-11-16T23:30:13.580+0000] {logging_mixin.py:190} INFO - [2025-11-16T23:30:13.580+0000] {dag.py:3239} INFO - Sync 1 DAGs
[2025-11-16T23:30:13.598+0000] {logging_mixin.py:190} INFO - [2025-11-16T23:30:13.598+0000] {dag.py:4180} INFO - Setting next_dagrun for tutorial to 2025-11-15 00:00:00+00:00, run_after=2025-11-16 00:00:00+00:00
[2025-11-16T23:30:13.612+0000] {processor.py:208} INFO - Processing /home/airflow/.local/lib/python3.12/site-packages/airflow/example_dags/tutorial.py took 0.064 seconds
[2025-11-16T23:30:44.574+0000] {processor.py:186} INFO - Started process (PID=1138) to work on /home/airflow/.local/lib/python3.12/site-packages/airflow/example_dags/tutorial.py
[2025-11-16T23:30:44.575+0000] {processor.py:914} INFO - Processing file /home/airflow/.local/lib/python3.12/site-packages/airflow/example_dags/tutorial.py for tasks to queue
[2025-11-16T23:30:44.577+0000] {logging_mixin.py:190} INFO - [2025-11-16T23:30:44.577+0000] {dagbag.py:588} INFO - Filling up the DagBag from /home/airflow/.local/lib/python3.12/site-packages/airflow/example_dags/tutorial.py
[2025-11-16T23:30:44.584+0000] {processor.py:925} INFO - DAG(s) 'tutorial' retrieved from /home/airflow/.local/lib/python3.12/site-packages/airflow/example_dags/tutorial.py
[2025-11-16T23:30:44.599+0000] {logging_mixin.py:190} INFO - [2025-11-16T23:30:44.599+0000] {dag.py:3239} INFO - Sync 1 DAGs
[2025-11-16T23:30:44.617+0000] {logging_mixin.py:190} INFO - [2025-11-16T23:30:44.616+0000] {dag.py:4180} INFO - Setting next_dagrun for tutorial to 2025-11-15 00:00:00+00:00, run_after=2025-11-16 00:00:00+00:00
[2025-11-16T23:30:44.632+0000] {processor.py:208} INFO - Processing /home/airflow/.local/lib/python3.12/site-packages/airflow/example_dags/tutorial.py took 0.062 seconds
[2025-11-16T23:31:15.330+0000] {processor.py:186} INFO - Started process (PID=1203) to work on /home/airflow/.local/lib/python3.12/site-packages/airflow/example_dags/tutorial.py
[2025-11-16T23:31:15.332+0000] {processor.py:914} INFO - Processing file /home/airflow/.local/lib/python3.12/site-packages/airflow/example_dags/tutorial.py for tasks to queue
[2025-11-16T23:31:15.334+0000] {logging_mixin.py:190} INFO - [2025-11-16T23:31:15.334+0000] {dagbag.py:588} INFO - Filling up the DagBag from /home/airflow/.local/lib/python3.12/site-packages/airflow/example_dags/tutorial.py
[2025-11-16T23:31:15.341+0000] {processor.py:925} INFO - DAG(s) 'tutorial' retrieved from /home/airflow/.local/lib/python3.12/site-packages/airflow/example_dags/tutorial.py
[2025-11-16T23:31:15.357+0000] {logging_mixin.py:190} INFO - [2025-11-16T23:31:15.357+0000] {dag.py:3239} INFO - Sync 1 DAGs
[2025-11-16T23:31:15.373+0000] {logging_mixin.py:190} INFO - [2025-11-16T23:31:15.373+0000] {dag.py:4180} INFO - Setting next_dagrun for tutorial to 2025-11-15 00:00:00+00:00, run_after=2025-11-16 00:00:00+00:00
[2025-11-16T23:31:15.388+0000] {processor.py:208} INFO - Processing /home/airflow/.local/lib/python3.12/site-packages/airflow/example_dags/tutorial.py took 0.061 seconds
[2025-11-16T23:31:46.918+0000] {processor.py:186} INFO - Started process (PID=1268) to work on /home/airflow/.local/lib/python3.12/site-packages/airflow/example_dags/tutorial.py
[2025-11-16T23:31:46.919+0000] {processor.py:914} INFO - Processing file /home/airflow/.local/lib/python3.12/site-packages/airflow/example_dags/tutorial.py for tasks to queue
[2025-11-16T23:31:46.921+0000] {logging_mixin.py:190} INFO - [2025-11-16T23:31:46.920+0000] {dagbag.py:588} INFO - Filling up the DagBag from /home/airflow/.local/lib/python3.12/site-packages/airflow/example_dags/tutorial.py
[2025-11-16T23:31:46.927+0000] {processor.py:925} INFO - DAG(s) 'tutorial' retrieved from /home/airflow/.local/lib/python3.12/site-packages/airflow/example_dags/tutorial.py
[2025-11-16T23:31:46.941+0000] {logging_mixin.py:190} INFO - [2025-11-16T23:31:46.941+0000] {dag.py:3239} INFO - Sync 1 DAGs
[2025-11-16T23:31:46.958+0000] {logging_mixin.py:190} INFO - [2025-11-16T23:31:46.958+0000] {dag.py:4180} INFO - Setting next_dagrun for tutorial to 2025-11-15 00:00:00+00:00, run_after=2025-11-16 00:00:00+00:00
[2025-11-16T23:31:46.970+0000] {processor.py:208} INFO - Processing /home/airflow/.local/lib/python3.12/site-packages/airflow/example_dags/tutorial.py took 0.057 seconds
[2025-11-16T23:32:17.901+0000] {processor.py:186} INFO - Started process (PID=1333) to work on /home/airflow/.local/lib/python3.12/site-packages/airflow/example_dags/tutorial.py
[2025-11-16T23:32:17.901+0000] {processor.py:914} INFO - Processing file /home/airflow/.local/lib/python3.12/site-packages/airflow/example_dags/tutorial.py for tasks to queue
[2025-11-16T23:32:17.903+0000] {logging_mixin.py:190} INFO - [2025-11-16T23:32:17.903+0000] {dagbag.py:588} INFO - Filling up the DagBag from /home/airflow/.local/lib/python3.12/site-packages/airflow/example_dags/tutorial.py
[2025-11-16T23:32:17.910+0000] {processor.py:925} INFO - DAG(s) 'tutorial' retrieved from /home/airflow/.local/lib/python3.12/site-packages/airflow/example_dags/tutorial.py
[2025-11-16T23:32:17.924+0000] {logging_mixin.py:190} INFO - [2025-11-16T23:32:17.924+0000] {dag.py:3239} INFO - Sync 1 DAGs
[2025-11-16T23:32:17.940+0000] {logging_mixin.py:190} INFO - [2025-11-16T23:32:17.939+0000] {dag.py:4180} INFO - Setting next_dagrun for tutorial to 2025-11-15 00:00:00+00:00, run_after=2025-11-16 00:00:00+00:00
[2025-11-16T23:32:17.952+0000] {processor.py:208} INFO - Processing /home/airflow/.local/lib/python3.12/site-packages/airflow/example_dags/tutorial.py took 0.056 seconds
[2025-11-16T23:32:49.362+0000] {processor.py:186} INFO - Started process (PID=1398) to work on /home/airflow/.local/lib/python3.12/site-packages/airflow/example_dags/tutorial.py
[2025-11-16T23:32:49.363+0000] {processor.py:914} INFO - Processing file /home/airflow/.local/lib/python3.12/site-packages/airflow/example_dags/tutorial.py for tasks to queue
[2025-11-16T23:32:49.365+0000] {logging_mixin.py:190} INFO - [2025-11-16T23:32:49.365+0000] {dagbag.py:588} INFO - Filling up the DagBag from /home/airflow/.local/lib/python3.12/site-packages/airflow/example_dags/tutorial.py
[2025-11-16T23:32:49.372+0000] {processor.py:925} INFO - DAG(s) 'tutorial' retrieved from /home/airflow/.local/lib/python3.12/site-packages/airflow/example_dags/tutorial.py
[2025-11-16T23:32:49.386+0000] {logging_mixin.py:190} INFO - [2025-11-16T23:32:49.386+0000] {dag.py:3239} INFO - Sync 1 DAGs
[2025-11-16T23:32:49.403+0000] {logging_mixin.py:190} INFO - [2025-11-16T23:32:49.403+0000] {dag.py:4180} INFO - Setting next_dagrun for tutorial to 2025-11-15 00:00:00+00:00, run_after=2025-11-16 00:00:00+00:00
[2025-11-16T23:32:49.415+0000] {processor.py:208} INFO - Processing /home/airflow/.local/lib/python3.12/site-packages/airflow/example_dags/tutorial.py took 0.057 seconds
[2025-11-16T23:33:20.255+0000] {processor.py:186} INFO - Started process (PID=1463) to work on /home/airflow/.local/lib/python3.12/site-packages/airflow/example_dags/tutorial.py
[2025-11-16T23:33:20.256+0000] {processor.py:914} INFO - Processing file /home/airflow/.local/lib/python3.12/site-packages/airflow/example_dags/tutorial.py for tasks to queue
[2025-11-16T23:33:20.258+0000] {logging_mixin.py:190} INFO - [2025-11-16T23:33:20.258+0000] {dagbag.py:588} INFO - Filling up the DagBag from /home/airflow/.local/lib/python3.12/site-packages/airflow/example_dags/tutorial.py
[2025-11-16T23:33:20.266+0000] {processor.py:925} INFO - DAG(s) 'tutorial' retrieved from /home/airflow/.local/lib/python3.12/site-packages/airflow/example_dags/tutorial.py
[2025-11-16T23:33:20.281+0000] {logging_mixin.py:190} INFO - [2025-11-16T23:33:20.281+0000] {dag.py:3239} INFO - Sync 1 DAGs
[2025-11-16T23:33:20.298+0000] {logging_mixin.py:190} INFO - [2025-11-16T23:33:20.298+0000] {dag.py:4180} INFO - Setting next_dagrun for tutorial to 2025-11-15 00:00:00+00:00, run_after=2025-11-16 00:00:00+00:00
[2025-11-16T23:33:20.313+0000] {processor.py:208} INFO - Processing /home/airflow/.local/lib/python3.12/site-packages/airflow/example_dags/tutorial.py took 0.063 seconds
[2025-11-16T23:33:51.442+0000] {processor.py:186} INFO - Started process (PID=1528) to work on /home/airflow/.local/lib/python3.12/site-packages/airflow/example_dags/tutorial.py
[2025-11-16T23:33:51.443+0000] {processor.py:914} INFO - Processing file /home/airflow/.local/lib/python3.12/site-packages/airflow/example_dags/tutorial.py for tasks to queue
[2025-11-16T23:33:51.446+0000] {logging_mixin.py:190} INFO - [2025-11-16T23:33:51.445+0000] {dagbag.py:588} INFO - Filling up the DagBag from /home/airflow/.local/lib/python3.12/site-packages/airflow/example_dags/tutorial.py
[2025-11-16T23:33:51.454+0000] {processor.py:925} INFO - DAG(s) 'tutorial' retrieved from /home/airflow/.local/lib/python3.12/site-packages/airflow/example_dags/tutorial.py
[2025-11-16T23:33:51.473+0000] {logging_mixin.py:190} INFO - [2025-11-16T23:33:51.472+0000] {dag.py:3239} INFO - Sync 1 DAGs
[2025-11-16T23:33:51.489+0000] {logging_mixin.py:190} INFO - [2025-11-16T23:33:51.489+0000] {dag.py:4180} INFO - Setting next_dagrun for tutorial to 2025-11-15 00:00:00+00:00, run_after=2025-11-16 00:00:00+00:00
[2025-11-16T23:33:51.501+0000] {processor.py:208} INFO - Processing /home/airflow/.local/lib/python3.12/site-packages/airflow/example_dags/tutorial.py took 0.065 seconds
[2025-11-16T23:34:22.452+0000] {processor.py:186} INFO - Started process (PID=1593) to work on /home/airflow/.local/lib/python3.12/site-packages/airflow/example_dags/tutorial.py
[2025-11-16T23:34:22.453+0000] {processor.py:914} INFO - Processing file /home/airflow/.local/lib/python3.12/site-packages/airflow/example_dags/tutorial.py for tasks to queue
[2025-11-16T23:34:22.455+0000] {logging_mixin.py:190} INFO - [2025-11-16T23:34:22.454+0000] {dagbag.py:588} INFO - Filling up the DagBag from /home/airflow/.local/lib/python3.12/site-packages/airflow/example_dags/tutorial.py
[2025-11-16T23:34:22.462+0000] {processor.py:925} INFO - DAG(s) 'tutorial' retrieved from /home/airflow/.local/lib/python3.12/site-packages/airflow/example_dags/tutorial.py
[2025-11-16T23:34:22.476+0000] {logging_mixin.py:190} INFO - [2025-11-16T23:34:22.476+0000] {dag.py:3239} INFO - Sync 1 DAGs
[2025-11-16T23:34:22.492+0000] {logging_mixin.py:190} INFO - [2025-11-16T23:34:22.492+0000] {dag.py:4180} INFO - Setting next_dagrun for tutorial to 2025-11-15 00:00:00+00:00, run_after=2025-11-16 00:00:00+00:00
[2025-11-16T23:34:22.505+0000] {processor.py:208} INFO - Processing /home/airflow/.local/lib/python3.12/site-packages/airflow/example_dags/tutorial.py took 0.058 seconds
[2025-11-16T23:34:53.308+0000] {processor.py:186} INFO - Started process (PID=1658) to work on /home/airflow/.local/lib/python3.12/site-packages/airflow/example_dags/tutorial.py
[2025-11-16T23:34:53.309+0000] {processor.py:914} INFO - Processing file /home/airflow/.local/lib/python3.12/site-packages/airflow/example_dags/tutorial.py for tasks to queue
[2025-11-16T23:34:53.311+0000] {logging_mixin.py:190} INFO - [2025-11-16T23:34:53.311+0000] {dagbag.py:588} INFO - Filling up the DagBag from /home/airflow/.local/lib/python3.12/site-packages/airflow/example_dags/tutorial.py
[2025-11-16T23:34:53.319+0000] {processor.py:925} INFO - DAG(s) 'tutorial' retrieved from /home/airflow/.local/lib/python3.12/site-packages/airflow/example_dags/tutorial.py
[2025-11-16T23:34:53.336+0000] {logging_mixin.py:190} INFO - [2025-11-16T23:34:53.336+0000] {dag.py:3239} INFO - Sync 1 DAGs
[2025-11-16T23:34:53.352+0000] {logging_mixin.py:190} INFO - [2025-11-16T23:34:53.352+0000] {dag.py:4180} INFO - Setting next_dagrun for tutorial to 2025-11-15 00:00:00+00:00, run_after=2025-11-16 00:00:00+00:00
[2025-11-16T23:34:53.366+0000] {processor.py:208} INFO - Processing /home/airflow/.local/lib/python3.12/site-packages/airflow/example_dags/tutorial.py took 0.063 seconds
[2025-11-16T23:35:24.668+0000] {processor.py:186} INFO - Started process (PID=1723) to work on /home/airflow/.local/lib/python3.12/site-packages/airflow/example_dags/tutorial.py
[2025-11-16T23:35:24.669+0000] {processor.py:914} INFO - Processing file /home/airflow/.local/lib/python3.12/site-packages/airflow/example_dags/tutorial.py for tasks to queue
[2025-11-16T23:35:24.672+0000] {logging_mixin.py:190} INFO - [2025-11-16T23:35:24.672+0000] {dagbag.py:588} INFO - Filling up the DagBag from /home/airflow/.local/lib/python3.12/site-packages/airflow/example_dags/tutorial.py
[2025-11-16T23:35:24.679+0000] {processor.py:925} INFO - DAG(s) 'tutorial' retrieved from /home/airflow/.local/lib/python3.12/site-packages/airflow/example_dags/tutorial.py
[2025-11-16T23:35:24.693+0000] {logging_mixin.py:190} INFO - [2025-11-16T23:35:24.692+0000] {dag.py:3239} INFO - Sync 1 DAGs
[2025-11-16T23:35:24.711+0000] {logging_mixin.py:190} INFO - [2025-11-16T23:35:24.711+0000] {dag.py:4180} INFO - Setting next_dagrun for tutorial to 2025-11-15 00:00:00+00:00, run_after=2025-11-16 00:00:00+00:00
[2025-11-16T23:35:24.724+0000] {processor.py:208} INFO - Processing /home/airflow/.local/lib/python3.12/site-packages/airflow/example_dags/tutorial.py took 0.060 seconds
[2025-11-16T23:35:55.634+0000] {processor.py:186} INFO - Started process (PID=1788) to work on /home/airflow/.local/lib/python3.12/site-packages/airflow/example_dags/tutorial.py
[2025-11-16T23:35:55.635+0000] {processor.py:914} INFO - Processing file /home/airflow/.local/lib/python3.12/site-packages/airflow/example_dags/tutorial.py for tasks to queue
[2025-11-16T23:35:55.637+0000] {logging_mixin.py:190} INFO - [2025-11-16T23:35:55.637+0000] {dagbag.py:588} INFO - Filling up the DagBag from /home/airflow/.local/lib/python3.12/site-packages/airflow/example_dags/tutorial.py
[2025-11-16T23:35:55.644+0000] {processor.py:925} INFO - DAG(s) 'tutorial' retrieved from /home/airflow/.local/lib/python3.12/site-packages/airflow/example_dags/tutorial.py
[2025-11-16T23:35:55.660+0000] {logging_mixin.py:190} INFO - [2025-11-16T23:35:55.660+0000] {dag.py:3239} INFO - Sync 1 DAGs
[2025-11-16T23:35:55.676+0000] {logging_mixin.py:190} INFO - [2025-11-16T23:35:55.676+0000] {dag.py:4180} INFO - Setting next_dagrun for tutorial to 2025-11-15 00:00:00+00:00, run_after=2025-11-16 00:00:00+00:00
[2025-11-16T23:35:55.689+0000] {processor.py:208} INFO - Processing /home/airflow/.local/lib/python3.12/site-packages/airflow/example_dags/tutorial.py took 0.060 seconds
[2025-11-16T23:36:26.282+0000] {processor.py:186} INFO - Started process (PID=1853) to work on /home/airflow/.local/lib/python3.12/site-packages/airflow/example_dags/tutorial.py
[2025-11-16T23:36:26.283+0000] {processor.py:914} INFO - Processing file /home/airflow/.local/lib/python3.12/site-packages/airflow/example_dags/tutorial.py for tasks to queue
[2025-11-16T23:36:26.286+0000] {logging_mixin.py:190} INFO - [2025-11-16T23:36:26.285+0000] {dagbag.py:588} INFO - Filling up the DagBag from /home/airflow/.local/lib/python3.12/site-packages/airflow/example_dags/tutorial.py
[2025-11-16T23:36:26.293+0000] {processor.py:925} INFO - DAG(s) 'tutorial' retrieved from /home/airflow/.local/lib/python3.12/site-packages/airflow/example_dags/tutorial.py
[2025-11-16T23:36:26.308+0000] {logging_mixin.py:190} INFO - [2025-11-16T23:36:26.308+0000] {dag.py:3239} INFO - Sync 1 DAGs
[2025-11-16T23:36:26.324+0000] {logging_mixin.py:190} INFO - [2025-11-16T23:36:26.324+0000] {dag.py:4180} INFO - Setting next_dagrun for tutorial to 2025-11-15 00:00:00+00:00, run_after=2025-11-16 00:00:00+00:00
[2025-11-16T23:36:26.337+0000] {processor.py:208} INFO - Processing /home/airflow/.local/lib/python3.12/site-packages/airflow/example_dags/tutorial.py took 0.059 seconds
[2025-11-16T23:36:57.360+0000] {processor.py:186} INFO - Started process (PID=1918) to work on /home/airflow/.local/lib/python3.12/site-packages/airflow/example_dags/tutorial.py
[2025-11-16T23:36:57.361+0000] {processor.py:914} INFO - Processing file /home/airflow/.local/lib/python3.12/site-packages/airflow/example_dags/tutorial.py for tasks to queue
[2025-11-16T23:36:57.363+0000] {logging_mixin.py:190} INFO - [2025-11-16T23:36:57.363+0000] {dagbag.py:588} INFO - Filling up the DagBag from /home/airflow/.local/lib/python3.12/site-packages/airflow/example_dags/tutorial.py
[2025-11-16T23:36:57.370+0000] {processor.py:925} INFO - DAG(s) 'tutorial' retrieved from /home/airflow/.local/lib/python3.12/site-packages/airflow/example_dags/tutorial.py
[2025-11-16T23:36:57.384+0000] {logging_mixin.py:190} INFO - [2025-11-16T23:36:57.384+0000] {dag.py:3239} INFO - Sync 1 DAGs
[2025-11-16T23:36:57.400+0000] {logging_mixin.py:190} INFO - [2025-11-16T23:36:57.400+0000] {dag.py:4180} INFO - Setting next_dagrun for tutorial to 2025-11-15 00:00:00+00:00, run_after=2025-11-16 00:00:00+00:00
[2025-11-16T23:36:57.412+0000] {processor.py:208} INFO - Processing /home/airflow/.local/lib/python3.12/site-packages/airflow/example_dags/tutorial.py took 0.056 seconds
[2025-11-16T23:37:28.871+0000] {processor.py:186} INFO - Started process (PID=1983) to work on /home/airflow/.local/lib/python3.12/site-packages/airflow/example_dags/tutorial.py
[2025-11-16T23:37:28.871+0000] {processor.py:914} INFO - Processing file /home/airflow/.local/lib/python3.12/site-packages/airflow/example_dags/tutorial.py for tasks to queue
[2025-11-16T23:37:28.873+0000] {logging_mixin.py:190} INFO - [2025-11-16T23:37:28.873+0000] {dagbag.py:588} INFO - Filling up the DagBag from /home/airflow/.local/lib/python3.12/site-packages/airflow/example_dags/tutorial.py
[2025-11-16T23:37:28.880+0000] {processor.py:925} INFO - DAG(s) 'tutorial' retrieved from /home/airflow/.local/lib/python3.12/site-packages/airflow/example_dags/tutorial.py
[2025-11-16T23:37:28.894+0000] {logging_mixin.py:190} INFO - [2025-11-16T23:37:28.894+0000] {dag.py:3239} INFO - Sync 1 DAGs
[2025-11-16T23:37:28.910+0000] {logging_mixin.py:190} INFO - [2025-11-16T23:37:28.909+0000] {dag.py:4180} INFO - Setting next_dagrun for tutorial to 2025-11-15 00:00:00+00:00, run_after=2025-11-16 00:00:00+00:00
[2025-11-16T23:37:28.923+0000] {processor.py:208} INFO - Processing /home/airflow/.local/lib/python3.12/site-packages/airflow/example_dags/tutorial.py took 0.057 seconds
[2025-11-16T23:38:00.202+0000] {processor.py:186} INFO - Started process (PID=2048) to work on /home/airflow/.local/lib/python3.12/site-packages/airflow/example_dags/tutorial.py
[2025-11-16T23:38:00.204+0000] {processor.py:914} INFO - Processing file /home/airflow/.local/lib/python3.12/site-packages/airflow/example_dags/tutorial.py for tasks to queue
[2025-11-16T23:38:00.206+0000] {logging_mixin.py:190} INFO - [2025-11-16T23:38:00.206+0000] {dagbag.py:588} INFO - Filling up the DagBag from /home/airflow/.local/lib/python3.12/site-packages/airflow/example_dags/tutorial.py
[2025-11-16T23:38:00.214+0000] {processor.py:925} INFO - DAG(s) 'tutorial' retrieved from /home/airflow/.local/lib/python3.12/site-packages/airflow/example_dags/tutorial.py
[2025-11-16T23:38:00.231+0000] {logging_mixin.py:190} INFO - [2025-11-16T23:38:00.231+0000] {dag.py:3239} INFO - Sync 1 DAGs
[2025-11-16T23:38:00.249+0000] {logging_mixin.py:190} INFO - [2025-11-16T23:38:00.249+0000] {dag.py:4180} INFO - Setting next_dagrun for tutorial to 2025-11-15 00:00:00+00:00, run_after=2025-11-16 00:00:00+00:00
[2025-11-16T23:38:00.265+0000] {processor.py:208} INFO - Processing /home/airflow/.local/lib/python3.12/site-packages/airflow/example_dags/tutorial.py took 0.068 seconds
[2025-11-16T23:38:31.621+0000] {processor.py:186} INFO - Started process (PID=2113) to work on /home/airflow/.local/lib/python3.12/site-packages/airflow/example_dags/tutorial.py
[2025-11-16T23:38:31.623+0000] {processor.py:914} INFO - Processing file /home/airflow/.local/lib/python3.12/site-packages/airflow/example_dags/tutorial.py for tasks to queue
[2025-11-16T23:38:31.625+0000] {logging_mixin.py:190} INFO - [2025-11-16T23:38:31.625+0000] {dagbag.py:588} INFO - Filling up the DagBag from /home/airflow/.local/lib/python3.12/site-packages/airflow/example_dags/tutorial.py
[2025-11-16T23:38:31.633+0000] {processor.py:925} INFO - DAG(s) 'tutorial' retrieved from /home/airflow/.local/lib/python3.12/site-packages/airflow/example_dags/tutorial.py
[2025-11-16T23:38:31.649+0000] {logging_mixin.py:190} INFO - [2025-11-16T23:38:31.649+0000] {dag.py:3239} INFO - Sync 1 DAGs
[2025-11-16T23:38:31.666+0000] {logging_mixin.py:190} INFO - [2025-11-16T23:38:31.666+0000] {dag.py:4180} INFO - Setting next_dagrun for tutorial to 2025-11-15 00:00:00+00:00, run_after=2025-11-16 00:00:00+00:00
[2025-11-16T23:38:31.680+0000] {processor.py:208} INFO - Processing /home/airflow/.local/lib/python3.12/site-packages/airflow/example_dags/tutorial.py took 0.064 seconds
[2025-11-16T23:39:02.598+0000] {processor.py:186} INFO - Started process (PID=2178) to work on /home/airflow/.local/lib/python3.12/site-packages/airflow/example_dags/tutorial.py
[2025-11-16T23:39:02.599+0000] {processor.py:914} INFO - Processing file /home/airflow/.local/lib/python3.12/site-packages/airflow/example_dags/tutorial.py for tasks to queue
[2025-11-16T23:39:02.602+0000] {logging_mixin.py:190} INFO - [2025-11-16T23:39:02.601+0000] {dagbag.py:588} INFO - Filling up the DagBag from /home/airflow/.local/lib/python3.12/site-packages/airflow/example_dags/tutorial.py
[2025-11-16T23:39:02.610+0000] {processor.py:925} INFO - DAG(s) 'tutorial' retrieved from /home/airflow/.local/lib/python3.12/site-packages/airflow/example_dags/tutorial.py
[2025-11-16T23:39:02.628+0000] {logging_mixin.py:190} INFO - [2025-11-16T23:39:02.628+0000] {dag.py:3239} INFO - Sync 1 DAGs
[2025-11-16T23:39:02.644+0000] {logging_mixin.py:190} INFO - [2025-11-16T23:39:02.644+0000] {dag.py:4180} INFO - Setting next_dagrun for tutorial to 2025-11-15 00:00:00+00:00, run_after=2025-11-16 00:00:00+00:00
[2025-11-16T23:39:02.658+0000] {processor.py:208} INFO - Processing /home/airflow/.local/lib/python3.12/site-packages/airflow/example_dags/tutorial.py took 0.066 seconds
[2025-11-16T23:39:34.069+0000] {processor.py:186} INFO - Started process (PID=2249) to work on /home/airflow/.local/lib/python3.12/site-packages/airflow/example_dags/tutorial.py
[2025-11-16T23:39:34.071+0000] {processor.py:914} INFO - Processing file /home/airflow/.local/lib/python3.12/site-packages/airflow/example_dags/tutorial.py for tasks to queue
[2025-11-16T23:39:34.073+0000] {logging_mixin.py:190} INFO - [2025-11-16T23:39:34.073+0000] {dagbag.py:588} INFO - Filling up the DagBag from /home/airflow/.local/lib/python3.12/site-packages/airflow/example_dags/tutorial.py
[2025-11-16T23:39:34.081+0000] {processor.py:925} INFO - DAG(s) 'tutorial' retrieved from /home/airflow/.local/lib/python3.12/site-packages/airflow/example_dags/tutorial.py
[2025-11-16T23:39:34.099+0000] {logging_mixin.py:190} INFO - [2025-11-16T23:39:34.099+0000] {dag.py:3239} INFO - Sync 1 DAGs
[2025-11-16T23:39:34.118+0000] {logging_mixin.py:190} INFO - [2025-11-16T23:39:34.118+0000] {dag.py:4180} INFO - Setting next_dagrun for tutorial to 2025-11-15 00:00:00+00:00, run_after=2025-11-16 00:00:00+00:00
[2025-11-16T23:39:34.134+0000] {processor.py:208} INFO - Processing /home/airflow/.local/lib/python3.12/site-packages/airflow/example_dags/tutorial.py took 0.070 seconds
[2025-11-16T23:40:05.946+0000] {processor.py:186} INFO - Started process (PID=2314) to work on /home/airflow/.local/lib/python3.12/site-packages/airflow/example_dags/tutorial.py
[2025-11-16T23:40:05.947+0000] {processor.py:914} INFO - Processing file /home/airflow/.local/lib/python3.12/site-packages/airflow/example_dags/tutorial.py for tasks to queue
[2025-11-16T23:40:05.949+0000] {logging_mixin.py:190} INFO - [2025-11-16T23:40:05.949+0000] {dagbag.py:588} INFO - Filling up the DagBag from /home/airflow/.local/lib/python3.12/site-packages/airflow/example_dags/tutorial.py
[2025-11-16T23:40:05.958+0000] {processor.py:925} INFO - DAG(s) 'tutorial' retrieved from /home/airflow/.local/lib/python3.12/site-packages/airflow/example_dags/tutorial.py
[2025-11-16T23:40:05.973+0000] {logging_mixin.py:190} INFO - [2025-11-16T23:40:05.973+0000] {dag.py:3239} INFO - Sync 1 DAGs
[2025-11-16T23:40:05.996+0000] {logging_mixin.py:190} INFO - [2025-11-16T23:40:05.996+0000] {dag.py:4180} INFO - Setting next_dagrun for tutorial to 2025-11-15 00:00:00+00:00, run_after=2025-11-16 00:00:00+00:00
[2025-11-16T23:40:06.014+0000] {processor.py:208} INFO - Processing /home/airflow/.local/lib/python3.12/site-packages/airflow/example_dags/tutorial.py took 0.073 seconds
[2025-11-16T23:40:37.403+0000] {processor.py:186} INFO - Started process (PID=2379) to work on /home/airflow/.local/lib/python3.12/site-packages/airflow/example_dags/tutorial.py
[2025-11-16T23:40:37.404+0000] {processor.py:914} INFO - Processing file /home/airflow/.local/lib/python3.12/site-packages/airflow/example_dags/tutorial.py for tasks to queue
[2025-11-16T23:40:37.406+0000] {logging_mixin.py:190} INFO - [2025-11-16T23:40:37.406+0000] {dagbag.py:588} INFO - Filling up the DagBag from /home/airflow/.local/lib/python3.12/site-packages/airflow/example_dags/tutorial.py
[2025-11-16T23:40:37.415+0000] {processor.py:925} INFO - DAG(s) 'tutorial' retrieved from /home/airflow/.local/lib/python3.12/site-packages/airflow/example_dags/tutorial.py
[2025-11-16T23:40:37.431+0000] {logging_mixin.py:190} INFO - [2025-11-16T23:40:37.431+0000] {dag.py:3239} INFO - Sync 1 DAGs
[2025-11-16T23:40:37.452+0000] {logging_mixin.py:190} INFO - [2025-11-16T23:40:37.452+0000] {dag.py:4180} INFO - Setting next_dagrun for tutorial to 2025-11-15 00:00:00+00:00, run_after=2025-11-16 00:00:00+00:00
[2025-11-16T23:40:37.470+0000] {processor.py:208} INFO - Processing /home/airflow/.local/lib/python3.12/site-packages/airflow/example_dags/tutorial.py took 0.072 seconds
[2025-11-16T23:41:08.291+0000] {processor.py:186} INFO - Started process (PID=2444) to work on /home/airflow/.local/lib/python3.12/site-packages/airflow/example_dags/tutorial.py
[2025-11-16T23:41:08.292+0000] {processor.py:914} INFO - Processing file /home/airflow/.local/lib/python3.12/site-packages/airflow/example_dags/tutorial.py for tasks to queue
[2025-11-16T23:41:08.294+0000] {logging_mixin.py:190} INFO - [2025-11-16T23:41:08.294+0000] {dagbag.py:588} INFO - Filling up the DagBag from /home/airflow/.local/lib/python3.12/site-packages/airflow/example_dags/tutorial.py
[2025-11-16T23:41:08.301+0000] {processor.py:925} INFO - DAG(s) 'tutorial' retrieved from /home/airflow/.local/lib/python3.12/site-packages/airflow/example_dags/tutorial.py
[2025-11-16T23:41:08.316+0000] {logging_mixin.py:190} INFO - [2025-11-16T23:41:08.316+0000] {dag.py:3239} INFO - Sync 1 DAGs
[2025-11-16T23:41:08.332+0000] {logging_mixin.py:190} INFO - [2025-11-16T23:41:08.331+0000] {dag.py:4180} INFO - Setting next_dagrun for tutorial to 2025-11-15 00:00:00+00:00, run_after=2025-11-16 00:00:00+00:00
[2025-11-16T23:41:08.345+0000] {processor.py:208} INFO - Processing /home/airflow/.local/lib/python3.12/site-packages/airflow/example_dags/tutorial.py took 0.059 seconds
[2025-11-16T23:41:39.720+0000] {processor.py:186} INFO - Started process (PID=2509) to work on /home/airflow/.local/lib/python3.12/site-packages/airflow/example_dags/tutorial.py
[2025-11-16T23:41:39.721+0000] {processor.py:914} INFO - Processing file /home/airflow/.local/lib/python3.12/site-packages/airflow/example_dags/tutorial.py for tasks to queue
[2025-11-16T23:41:39.723+0000] {logging_mixin.py:190} INFO - [2025-11-16T23:41:39.723+0000] {dagbag.py:588} INFO - Filling up the DagBag from /home/airflow/.local/lib/python3.12/site-packages/airflow/example_dags/tutorial.py
[2025-11-16T23:41:39.730+0000] {processor.py:925} INFO - DAG(s) 'tutorial' retrieved from /home/airflow/.local/lib/python3.12/site-packages/airflow/example_dags/tutorial.py
[2025-11-16T23:41:39.745+0000] {logging_mixin.py:190} INFO - [2025-11-16T23:41:39.745+0000] {dag.py:3239} INFO - Sync 1 DAGs
[2025-11-16T23:41:39.761+0000] {logging_mixin.py:190} INFO - [2025-11-16T23:41:39.761+0000] {dag.py:4180} INFO - Setting next_dagrun for tutorial to 2025-11-15 00:00:00+00:00, run_after=2025-11-16 00:00:00+00:00
[2025-11-16T23:41:39.773+0000] {processor.py:208} INFO - Processing /home/airflow/.local/lib/python3.12/site-packages/airflow/example_dags/tutorial.py took 0.059 seconds
[2025-11-16T23:42:10.907+0000] {processor.py:186} INFO - Started process (PID=2574) to work on /home/airflow/.local/lib/python3.12/site-packages/airflow/example_dags/tutorial.py
[2025-11-16T23:42:10.908+0000] {processor.py:914} INFO - Processing file /home/airflow/.local/lib/python3.12/site-packages/airflow/example_dags/tutorial.py for tasks to queue
[2025-11-16T23:42:10.911+0000] {logging_mixin.py:190} INFO - [2025-11-16T23:42:10.910+0000] {dagbag.py:588} INFO - Filling up the DagBag from /home/airflow/.local/lib/python3.12/site-packages/airflow/example_dags/tutorial.py
[2025-11-16T23:42:10.919+0000] {processor.py:925} INFO - DAG(s) 'tutorial' retrieved from /home/airflow/.local/lib/python3.12/site-packages/airflow/example_dags/tutorial.py
[2025-11-16T23:42:10.936+0000] {logging_mixin.py:190} INFO - [2025-11-16T23:42:10.936+0000] {dag.py:3239} INFO - Sync 1 DAGs
[2025-11-16T23:42:10.953+0000] {logging_mixin.py:190} INFO - [2025-11-16T23:42:10.953+0000] {dag.py:4180} INFO - Setting next_dagrun for tutorial to 2025-11-15 00:00:00+00:00, run_after=2025-11-16 00:00:00+00:00
[2025-11-16T23:42:10.968+0000] {processor.py:208} INFO - Processing /home/airflow/.local/lib/python3.12/site-packages/airflow/example_dags/tutorial.py took 0.066 seconds
[2025-11-16T23:42:41.993+0000] {processor.py:186} INFO - Started process (PID=2640) to work on /home/airflow/.local/lib/python3.12/site-packages/airflow/example_dags/tutorial.py
[2025-11-16T23:42:41.994+0000] {processor.py:914} INFO - Processing file /home/airflow/.local/lib/python3.12/site-packages/airflow/example_dags/tutorial.py for tasks to queue
[2025-11-16T23:42:41.997+0000] {logging_mixin.py:190} INFO - [2025-11-16T23:42:41.997+0000] {dagbag.py:588} INFO - Filling up the DagBag from /home/airflow/.local/lib/python3.12/site-packages/airflow/example_dags/tutorial.py
[2025-11-16T23:42:42.004+0000] {processor.py:925} INFO - DAG(s) 'tutorial' retrieved from /home/airflow/.local/lib/python3.12/site-packages/airflow/example_dags/tutorial.py
[2025-11-16T23:42:42.020+0000] {logging_mixin.py:190} INFO - [2025-11-16T23:42:42.020+0000] {dag.py:3239} INFO - Sync 1 DAGs
[2025-11-16T23:42:42.036+0000] {logging_mixin.py:190} INFO - [2025-11-16T23:42:42.036+0000] {dag.py:4180} INFO - Setting next_dagrun for tutorial to 2025-11-15 00:00:00+00:00, run_after=2025-11-16 00:00:00+00:00
[2025-11-16T23:42:42.055+0000] {processor.py:208} INFO - Processing /home/airflow/.local/lib/python3.12/site-packages/airflow/example_dags/tutorial.py took 0.067 seconds
[2025-11-16T23:43:12.933+0000] {processor.py:186} INFO - Started process (PID=2705) to work on /home/airflow/.local/lib/python3.12/site-packages/airflow/example_dags/tutorial.py
[2025-11-16T23:43:12.934+0000] {processor.py:914} INFO - Processing file /home/airflow/.local/lib/python3.12/site-packages/airflow/example_dags/tutorial.py for tasks to queue
[2025-11-16T23:43:12.936+0000] {logging_mixin.py:190} INFO - [2025-11-16T23:43:12.936+0000] {dagbag.py:588} INFO - Filling up the DagBag from /home/airflow/.local/lib/python3.12/site-packages/airflow/example_dags/tutorial.py
[2025-11-16T23:43:12.944+0000] {processor.py:925} INFO - DAG(s) 'tutorial' retrieved from /home/airflow/.local/lib/python3.12/site-packages/airflow/example_dags/tutorial.py
[2025-11-16T23:43:12.962+0000] {logging_mixin.py:190} INFO - [2025-11-16T23:43:12.961+0000] {dag.py:3239} INFO - Sync 1 DAGs
[2025-11-16T23:43:12.980+0000] {logging_mixin.py:190} INFO - [2025-11-16T23:43:12.980+0000] {dag.py:4180} INFO - Setting next_dagrun for tutorial to 2025-11-15 00:00:00+00:00, run_after=2025-11-16 00:00:00+00:00
[2025-11-16T23:43:12.994+0000] {processor.py:208} INFO - Processing /home/airflow/.local/lib/python3.12/site-packages/airflow/example_dags/tutorial.py took 0.066 seconds
[2025-11-16T23:43:43.531+0000] {processor.py:186} INFO - Started process (PID=2770) to work on /home/airflow/.local/lib/python3.12/site-packages/airflow/example_dags/tutorial.py
[2025-11-16T23:43:43.532+0000] {processor.py:914} INFO - Processing file /home/airflow/.local/lib/python3.12/site-packages/airflow/example_dags/tutorial.py for tasks to queue
[2025-11-16T23:43:43.534+0000] {logging_mixin.py:190} INFO - [2025-11-16T23:43:43.534+0000] {dagbag.py:588} INFO - Filling up the DagBag from /home/airflow/.local/lib/python3.12/site-packages/airflow/example_dags/tutorial.py
[2025-11-16T23:43:43.542+0000] {processor.py:925} INFO - DAG(s) 'tutorial' retrieved from /home/airflow/.local/lib/python3.12/site-packages/airflow/example_dags/tutorial.py
[2025-11-16T23:43:43.558+0000] {logging_mixin.py:190} INFO - [2025-11-16T23:43:43.558+0000] {dag.py:3239} INFO - Sync 1 DAGs
[2025-11-16T23:43:43.575+0000] {logging_mixin.py:190} INFO - [2025-11-16T23:43:43.575+0000] {dag.py:4180} INFO - Setting next_dagrun for tutorial to 2025-11-15 00:00:00+00:00, run_after=2025-11-16 00:00:00+00:00
[2025-11-16T23:43:43.590+0000] {processor.py:208} INFO - Processing /home/airflow/.local/lib/python3.12/site-packages/airflow/example_dags/tutorial.py took 0.064 seconds
[2025-11-16T23:44:14.775+0000] {processor.py:186} INFO - Started process (PID=2835) to work on /home/airflow/.local/lib/python3.12/site-packages/airflow/example_dags/tutorial.py
[2025-11-16T23:44:14.777+0000] {processor.py:914} INFO - Processing file /home/airflow/.local/lib/python3.12/site-packages/airflow/example_dags/tutorial.py for tasks to queue
[2025-11-16T23:44:14.779+0000] {logging_mixin.py:190} INFO - [2025-11-16T23:44:14.779+0000] {dagbag.py:588} INFO - Filling up the DagBag from /home/airflow/.local/lib/python3.12/site-packages/airflow/example_dags/tutorial.py
[2025-11-16T23:44:14.786+0000] {processor.py:925} INFO - DAG(s) 'tutorial' retrieved from /home/airflow/.local/lib/python3.12/site-packages/airflow/example_dags/tutorial.py
[2025-11-16T23:44:14.801+0000] {logging_mixin.py:190} INFO - [2025-11-16T23:44:14.801+0000] {dag.py:3239} INFO - Sync 1 DAGs
[2025-11-16T23:44:14.817+0000] {logging_mixin.py:190} INFO - [2025-11-16T23:44:14.817+0000] {dag.py:4180} INFO - Setting next_dagrun for tutorial to 2025-11-15 00:00:00+00:00, run_after=2025-11-16 00:00:00+00:00
[2025-11-16T23:44:14.831+0000] {processor.py:208} INFO - Processing /home/airflow/.local/lib/python3.12/site-packages/airflow/example_dags/tutorial.py took 0.060 seconds
[2025-11-16T23:44:45.560+0000] {processor.py:186} INFO - Started process (PID=2900) to work on /home/airflow/.local/lib/python3.12/site-packages/airflow/example_dags/tutorial.py
[2025-11-16T23:44:45.561+0000] {processor.py:914} INFO - Processing file /home/airflow/.local/lib/python3.12/site-packages/airflow/example_dags/tutorial.py for tasks to queue
[2025-11-16T23:44:45.564+0000] {logging_mixin.py:190} INFO - [2025-11-16T23:44:45.563+0000] {dagbag.py:588} INFO - Filling up the DagBag from /home/airflow/.local/lib/python3.12/site-packages/airflow/example_dags/tutorial.py
[2025-11-16T23:44:45.572+0000] {processor.py:925} INFO - DAG(s) 'tutorial' retrieved from /home/airflow/.local/lib/python3.12/site-packages/airflow/example_dags/tutorial.py
[2025-11-16T23:44:45.588+0000] {logging_mixin.py:190} INFO - [2025-11-16T23:44:45.587+0000] {dag.py:3239} INFO - Sync 1 DAGs
[2025-11-16T23:44:45.604+0000] {logging_mixin.py:190} INFO - [2025-11-16T23:44:45.604+0000] {dag.py:4180} INFO - Setting next_dagrun for tutorial to 2025-11-15 00:00:00+00:00, run_after=2025-11-16 00:00:00+00:00
[2025-11-16T23:44:45.618+0000] {processor.py:208} INFO - Processing /home/airflow/.local/lib/python3.12/site-packages/airflow/example_dags/tutorial.py took 0.063 seconds
[2025-11-16T23:45:16.416+0000] {processor.py:186} INFO - Started process (PID=2965) to work on /home/airflow/.local/lib/python3.12/site-packages/airflow/example_dags/tutorial.py
[2025-11-16T23:45:16.417+0000] {processor.py:914} INFO - Processing file /home/airflow/.local/lib/python3.12/site-packages/airflow/example_dags/tutorial.py for tasks to queue
[2025-11-16T23:45:16.420+0000] {logging_mixin.py:190} INFO - [2025-11-16T23:45:16.419+0000] {dagbag.py:588} INFO - Filling up the DagBag from /home/airflow/.local/lib/python3.12/site-packages/airflow/example_dags/tutorial.py
[2025-11-16T23:45:16.428+0000] {processor.py:925} INFO - DAG(s) 'tutorial' retrieved from /home/airflow/.local/lib/python3.12/site-packages/airflow/example_dags/tutorial.py
[2025-11-16T23:45:16.442+0000] {logging_mixin.py:190} INFO - [2025-11-16T23:45:16.442+0000] {dag.py:3239} INFO - Sync 1 DAGs
[2025-11-16T23:45:16.459+0000] {logging_mixin.py:190} INFO - [2025-11-16T23:45:16.459+0000] {dag.py:4180} INFO - Setting next_dagrun for tutorial to 2025-11-15 00:00:00+00:00, run_after=2025-11-16 00:00:00+00:00
[2025-11-16T23:45:16.473+0000] {processor.py:208} INFO - Processing /home/airflow/.local/lib/python3.12/site-packages/airflow/example_dags/tutorial.py took 0.063 seconds
[2025-11-16T23:45:47.091+0000] {processor.py:186} INFO - Started process (PID=3030) to work on /home/airflow/.local/lib/python3.12/site-packages/airflow/example_dags/tutorial.py
[2025-11-16T23:45:47.092+0000] {processor.py:914} INFO - Processing file /home/airflow/.local/lib/python3.12/site-packages/airflow/example_dags/tutorial.py for tasks to queue
[2025-11-16T23:45:47.094+0000] {logging_mixin.py:190} INFO - [2025-11-16T23:45:47.094+0000] {dagbag.py:588} INFO - Filling up the DagBag from /home/airflow/.local/lib/python3.12/site-packages/airflow/example_dags/tutorial.py
[2025-11-16T23:45:47.101+0000] {processor.py:925} INFO - DAG(s) 'tutorial' retrieved from /home/airflow/.local/lib/python3.12/site-packages/airflow/example_dags/tutorial.py
[2025-11-16T23:45:47.117+0000] {logging_mixin.py:190} INFO - [2025-11-16T23:45:47.117+0000] {dag.py:3239} INFO - Sync 1 DAGs
[2025-11-16T23:45:47.134+0000] {logging_mixin.py:190} INFO - [2025-11-16T23:45:47.134+0000] {dag.py:4180} INFO - Setting next_dagrun for tutorial to 2025-11-15 00:00:00+00:00, run_after=2025-11-16 00:00:00+00:00
[2025-11-16T23:45:47.148+0000] {processor.py:208} INFO - Processing /home/airflow/.local/lib/python3.12/site-packages/airflow/example_dags/tutorial.py took 0.062 seconds
[2025-11-16T23:46:17.975+0000] {processor.py:186} INFO - Started process (PID=3097) to work on /home/airflow/.local/lib/python3.12/site-packages/airflow/example_dags/tutorial.py
[2025-11-16T23:46:17.977+0000] {processor.py:914} INFO - Processing file /home/airflow/.local/lib/python3.12/site-packages/airflow/example_dags/tutorial.py for tasks to queue
[2025-11-16T23:46:17.979+0000] {logging_mixin.py:190} INFO - [2025-11-16T23:46:17.979+0000] {dagbag.py:588} INFO - Filling up the DagBag from /home/airflow/.local/lib/python3.12/site-packages/airflow/example_dags/tutorial.py
[2025-11-16T23:46:17.986+0000] {processor.py:925} INFO - DAG(s) 'tutorial' retrieved from /home/airflow/.local/lib/python3.12/site-packages/airflow/example_dags/tutorial.py
[2025-11-16T23:46:18.001+0000] {logging_mixin.py:190} INFO - [2025-11-16T23:46:18.001+0000] {dag.py:3239} INFO - Sync 1 DAGs
[2025-11-16T23:46:18.017+0000] {logging_mixin.py:190} INFO - [2025-11-16T23:46:18.016+0000] {dag.py:4180} INFO - Setting next_dagrun for tutorial to 2025-11-15 00:00:00+00:00, run_after=2025-11-16 00:00:00+00:00
[2025-11-16T23:46:18.030+0000] {processor.py:208} INFO - Processing /home/airflow/.local/lib/python3.12/site-packages/airflow/example_dags/tutorial.py took 0.059 seconds
[2025-11-16T23:46:48.702+0000] {processor.py:186} INFO - Started process (PID=3162) to work on /home/airflow/.local/lib/python3.12/site-packages/airflow/example_dags/tutorial.py
[2025-11-16T23:46:48.703+0000] {processor.py:914} INFO - Processing file /home/airflow/.local/lib/python3.12/site-packages/airflow/example_dags/tutorial.py for tasks to queue
[2025-11-16T23:46:48.705+0000] {logging_mixin.py:190} INFO - [2025-11-16T23:46:48.705+0000] {dagbag.py:588} INFO - Filling up the DagBag from /home/airflow/.local/lib/python3.12/site-packages/airflow/example_dags/tutorial.py
[2025-11-16T23:46:48.712+0000] {processor.py:925} INFO - DAG(s) 'tutorial' retrieved from /home/airflow/.local/lib/python3.12/site-packages/airflow/example_dags/tutorial.py
[2025-11-16T23:46:48.727+0000] {logging_mixin.py:190} INFO - [2025-11-16T23:46:48.727+0000] {dag.py:3239} INFO - Sync 1 DAGs
[2025-11-16T23:46:48.744+0000] {logging_mixin.py:190} INFO - [2025-11-16T23:46:48.743+0000] {dag.py:4180} INFO - Setting next_dagrun for tutorial to 2025-11-15 00:00:00+00:00, run_after=2025-11-16 00:00:00+00:00
[2025-11-16T23:46:48.756+0000] {processor.py:208} INFO - Processing /home/airflow/.local/lib/python3.12/site-packages/airflow/example_dags/tutorial.py took 0.059 seconds
