[2025-11-15T09:18:05.036+0000] {processor.py:186} INFO - Started process (PID=59) to work on /opt/airflow/dags/first_dag.py
[2025-11-15T09:18:05.038+0000] {processor.py:914} INFO - Processing file /opt/airflow/dags/first_dag.py for tasks to queue
[2025-11-15T09:18:05.041+0000] {logging_mixin.py:190} INFO - [2025-11-15T09:18:05.040+0000] {dagbag.py:588} INFO - Filling up the DagBag from /opt/airflow/dags/first_dag.py
[2025-11-15T09:18:05.067+0000] {processor.py:925} INFO - DAG(s) 'my_first_dag' retrieved from /opt/airflow/dags/first_dag.py
[2025-11-15T09:18:05.099+0000] {logging_mixin.py:190} INFO - [2025-11-15T09:18:05.099+0000] {dag.py:3239} INFO - Sync 1 DAGs
[2025-11-15T09:18:05.125+0000] {logging_mixin.py:190} INFO - [2025-11-15T09:18:05.125+0000] {dag.py:4180} INFO - Setting next_dagrun for my_first_dag to 2025-11-14 00:00:00+00:00, run_after=2025-11-15 00:00:00+00:00
[2025-11-15T09:18:05.145+0000] {processor.py:208} INFO - Processing /opt/airflow/dags/first_dag.py took 0.115 seconds
[2025-11-15T09:18:35.719+0000] {processor.py:186} INFO - Started process (PID=124) to work on /opt/airflow/dags/first_dag.py
[2025-11-15T09:18:35.721+0000] {processor.py:914} INFO - Processing file /opt/airflow/dags/first_dag.py for tasks to queue
[2025-11-15T09:18:35.724+0000] {logging_mixin.py:190} INFO - [2025-11-15T09:18:35.724+0000] {dagbag.py:588} INFO - Filling up the DagBag from /opt/airflow/dags/first_dag.py
[2025-11-15T09:18:35.765+0000] {processor.py:925} INFO - DAG(s) 'my_first_dag' retrieved from /opt/airflow/dags/first_dag.py
[2025-11-15T09:18:35.784+0000] {logging_mixin.py:190} INFO - [2025-11-15T09:18:35.784+0000] {dag.py:3239} INFO - Sync 1 DAGs
[2025-11-15T09:18:35.805+0000] {logging_mixin.py:190} INFO - [2025-11-15T09:18:35.804+0000] {dag.py:4180} INFO - Setting next_dagrun for my_first_dag to 2025-11-14 00:00:00+00:00, run_after=2025-11-15 00:00:00+00:00
[2025-11-15T09:18:35.823+0000] {processor.py:208} INFO - Processing /opt/airflow/dags/first_dag.py took 0.109 seconds
[2025-11-15T09:19:06.599+0000] {processor.py:186} INFO - Started process (PID=195) to work on /opt/airflow/dags/first_dag.py
[2025-11-15T09:19:06.600+0000] {processor.py:914} INFO - Processing file /opt/airflow/dags/first_dag.py for tasks to queue
[2025-11-15T09:19:06.602+0000] {logging_mixin.py:190} INFO - [2025-11-15T09:19:06.601+0000] {dagbag.py:588} INFO - Filling up the DagBag from /opt/airflow/dags/first_dag.py
[2025-11-15T09:19:06.620+0000] {processor.py:925} INFO - DAG(s) 'my_first_dag' retrieved from /opt/airflow/dags/first_dag.py
[2025-11-15T09:19:06.638+0000] {logging_mixin.py:190} INFO - [2025-11-15T09:19:06.638+0000] {dag.py:3239} INFO - Sync 1 DAGs
[2025-11-15T09:19:06.659+0000] {logging_mixin.py:190} INFO - [2025-11-15T09:19:06.659+0000] {dag.py:4180} INFO - Setting next_dagrun for my_first_dag to 2025-11-14 00:00:00+00:00, run_after=2025-11-15 00:00:00+00:00
[2025-11-15T09:19:06.681+0000] {processor.py:208} INFO - Processing /opt/airflow/dags/first_dag.py took 0.087 seconds
[2025-11-15T09:19:36.962+0000] {processor.py:186} INFO - Started process (PID=260) to work on /opt/airflow/dags/first_dag.py
[2025-11-15T09:19:36.964+0000] {processor.py:914} INFO - Processing file /opt/airflow/dags/first_dag.py for tasks to queue
[2025-11-15T09:19:36.966+0000] {logging_mixin.py:190} INFO - [2025-11-15T09:19:36.966+0000] {dagbag.py:588} INFO - Filling up the DagBag from /opt/airflow/dags/first_dag.py
[2025-11-15T09:19:36.994+0000] {processor.py:925} INFO - DAG(s) 'my_first_dag' retrieved from /opt/airflow/dags/first_dag.py
[2025-11-15T09:19:37.012+0000] {logging_mixin.py:190} INFO - [2025-11-15T09:19:37.012+0000] {dag.py:3239} INFO - Sync 1 DAGs
[2025-11-15T09:19:37.031+0000] {logging_mixin.py:190} INFO - [2025-11-15T09:19:37.030+0000] {dag.py:4180} INFO - Setting next_dagrun for my_first_dag to 2025-11-14 00:00:00+00:00, run_after=2025-11-15 00:00:00+00:00
[2025-11-15T09:19:37.070+0000] {processor.py:208} INFO - Processing /opt/airflow/dags/first_dag.py took 0.113 seconds
[2025-11-15T09:20:07.179+0000] {processor.py:186} INFO - Started process (PID=324) to work on /opt/airflow/dags/first_dag.py
[2025-11-15T09:20:07.193+0000] {processor.py:914} INFO - Processing file /opt/airflow/dags/first_dag.py for tasks to queue
[2025-11-15T09:20:07.197+0000] {logging_mixin.py:190} INFO - [2025-11-15T09:20:07.196+0000] {dagbag.py:588} INFO - Filling up the DagBag from /opt/airflow/dags/first_dag.py
[2025-11-15T09:20:07.229+0000] {processor.py:925} INFO - DAG(s) 'my_first_dag' retrieved from /opt/airflow/dags/first_dag.py
[2025-11-15T09:20:07.250+0000] {logging_mixin.py:190} INFO - [2025-11-15T09:20:07.250+0000] {dag.py:3239} INFO - Sync 1 DAGs
[2025-11-15T09:20:07.274+0000] {logging_mixin.py:190} INFO - [2025-11-15T09:20:07.274+0000] {dag.py:4180} INFO - Setting next_dagrun for my_first_dag to 2025-11-14 00:00:00+00:00, run_after=2025-11-15 00:00:00+00:00
[2025-11-15T09:20:07.299+0000] {processor.py:208} INFO - Processing /opt/airflow/dags/first_dag.py took 0.127 seconds
[2025-11-15T09:20:37.376+0000] {processor.py:186} INFO - Started process (PID=389) to work on /opt/airflow/dags/first_dag.py
[2025-11-15T09:20:37.377+0000] {processor.py:914} INFO - Processing file /opt/airflow/dags/first_dag.py for tasks to queue
[2025-11-15T09:20:37.380+0000] {logging_mixin.py:190} INFO - [2025-11-15T09:20:37.380+0000] {dagbag.py:588} INFO - Filling up the DagBag from /opt/airflow/dags/first_dag.py
[2025-11-15T09:20:37.422+0000] {processor.py:925} INFO - DAG(s) 'my_first_dag' retrieved from /opt/airflow/dags/first_dag.py
[2025-11-15T09:20:37.443+0000] {logging_mixin.py:190} INFO - [2025-11-15T09:20:37.443+0000] {dag.py:3239} INFO - Sync 1 DAGs
[2025-11-15T09:20:37.467+0000] {logging_mixin.py:190} INFO - [2025-11-15T09:20:37.467+0000] {dag.py:4180} INFO - Setting next_dagrun for my_first_dag to 2025-11-14 00:00:00+00:00, run_after=2025-11-15 00:00:00+00:00
[2025-11-15T09:20:37.490+0000] {processor.py:208} INFO - Processing /opt/airflow/dags/first_dag.py took 0.119 seconds
[2025-11-15T09:21:08.074+0000] {processor.py:186} INFO - Started process (PID=454) to work on /opt/airflow/dags/first_dag.py
[2025-11-15T09:21:08.076+0000] {processor.py:914} INFO - Processing file /opt/airflow/dags/first_dag.py for tasks to queue
[2025-11-15T09:21:08.080+0000] {logging_mixin.py:190} INFO - [2025-11-15T09:21:08.080+0000] {dagbag.py:588} INFO - Filling up the DagBag from /opt/airflow/dags/first_dag.py
[2025-11-15T09:21:08.122+0000] {processor.py:925} INFO - DAG(s) 'my_first_dag' retrieved from /opt/airflow/dags/first_dag.py
[2025-11-15T09:21:08.145+0000] {logging_mixin.py:190} INFO - [2025-11-15T09:21:08.145+0000] {dag.py:3239} INFO - Sync 1 DAGs
[2025-11-15T09:21:08.169+0000] {logging_mixin.py:190} INFO - [2025-11-15T09:21:08.169+0000] {dag.py:4180} INFO - Setting next_dagrun for my_first_dag to 2025-11-14 00:00:00+00:00, run_after=2025-11-15 00:00:00+00:00
[2025-11-15T09:21:08.194+0000] {processor.py:208} INFO - Processing /opt/airflow/dags/first_dag.py took 0.131 seconds
[2025-11-15T09:21:38.961+0000] {processor.py:186} INFO - Started process (PID=519) to work on /opt/airflow/dags/first_dag.py
[2025-11-15T09:21:38.962+0000] {processor.py:914} INFO - Processing file /opt/airflow/dags/first_dag.py for tasks to queue
[2025-11-15T09:21:38.965+0000] {logging_mixin.py:190} INFO - [2025-11-15T09:21:38.965+0000] {dagbag.py:588} INFO - Filling up the DagBag from /opt/airflow/dags/first_dag.py
[2025-11-15T09:21:39.005+0000] {processor.py:925} INFO - DAG(s) 'my_first_dag' retrieved from /opt/airflow/dags/first_dag.py
[2025-11-15T09:21:39.024+0000] {logging_mixin.py:190} INFO - [2025-11-15T09:21:39.024+0000] {dag.py:3239} INFO - Sync 1 DAGs
[2025-11-15T09:21:39.042+0000] {logging_mixin.py:190} INFO - [2025-11-15T09:21:39.042+0000] {dag.py:4180} INFO - Setting next_dagrun for my_first_dag to 2025-11-14 00:00:00+00:00, run_after=2025-11-15 00:00:00+00:00
[2025-11-15T09:21:39.062+0000] {processor.py:208} INFO - Processing /opt/airflow/dags/first_dag.py took 0.108 seconds
[2025-11-15T09:22:09.163+0000] {processor.py:186} INFO - Started process (PID=584) to work on /opt/airflow/dags/first_dag.py
[2025-11-15T09:22:09.164+0000] {processor.py:914} INFO - Processing file /opt/airflow/dags/first_dag.py for tasks to queue
[2025-11-15T09:22:09.168+0000] {logging_mixin.py:190} INFO - [2025-11-15T09:22:09.167+0000] {dagbag.py:588} INFO - Filling up the DagBag from /opt/airflow/dags/first_dag.py
[2025-11-15T09:22:09.199+0000] {processor.py:925} INFO - DAG(s) 'my_first_dag' retrieved from /opt/airflow/dags/first_dag.py
[2025-11-15T09:22:09.222+0000] {logging_mixin.py:190} INFO - [2025-11-15T09:22:09.221+0000] {dag.py:3239} INFO - Sync 1 DAGs
[2025-11-15T09:22:09.249+0000] {logging_mixin.py:190} INFO - [2025-11-15T09:22:09.249+0000] {dag.py:4180} INFO - Setting next_dagrun for my_first_dag to 2025-11-14 00:00:00+00:00, run_after=2025-11-15 00:00:00+00:00
[2025-11-15T09:22:09.273+0000] {processor.py:208} INFO - Processing /opt/airflow/dags/first_dag.py took 0.117 seconds
[2025-11-15T09:22:40.053+0000] {processor.py:186} INFO - Started process (PID=649) to work on /opt/airflow/dags/first_dag.py
[2025-11-15T09:22:40.057+0000] {processor.py:914} INFO - Processing file /opt/airflow/dags/first_dag.py for tasks to queue
[2025-11-15T09:22:40.063+0000] {logging_mixin.py:190} INFO - [2025-11-15T09:22:40.062+0000] {dagbag.py:588} INFO - Filling up the DagBag from /opt/airflow/dags/first_dag.py
[2025-11-15T09:22:40.221+0000] {processor.py:925} INFO - DAG(s) 'my_first_dag' retrieved from /opt/airflow/dags/first_dag.py
[2025-11-15T09:22:40.245+0000] {logging_mixin.py:190} INFO - [2025-11-15T09:22:40.245+0000] {dag.py:3239} INFO - Sync 1 DAGs
[2025-11-15T09:22:40.263+0000] {logging_mixin.py:190} INFO - [2025-11-15T09:22:40.263+0000] {dag.py:4180} INFO - Setting next_dagrun for my_first_dag to 2025-11-14 00:00:00+00:00, run_after=2025-11-15 00:00:00+00:00
[2025-11-15T09:22:40.303+0000] {processor.py:208} INFO - Processing /opt/airflow/dags/first_dag.py took 0.258 seconds
[2025-11-15T09:23:11.433+0000] {processor.py:186} INFO - Started process (PID=715) to work on /opt/airflow/dags/first_dag.py
[2025-11-15T09:23:11.435+0000] {processor.py:914} INFO - Processing file /opt/airflow/dags/first_dag.py for tasks to queue
[2025-11-15T09:23:11.437+0000] {logging_mixin.py:190} INFO - [2025-11-15T09:23:11.437+0000] {dagbag.py:588} INFO - Filling up the DagBag from /opt/airflow/dags/first_dag.py
[2025-11-15T09:23:11.474+0000] {processor.py:925} INFO - DAG(s) 'my_first_dag' retrieved from /opt/airflow/dags/first_dag.py
[2025-11-15T09:23:11.512+0000] {logging_mixin.py:190} INFO - [2025-11-15T09:23:11.511+0000] {dag.py:3239} INFO - Sync 1 DAGs
[2025-11-15T09:23:11.540+0000] {logging_mixin.py:190} INFO - [2025-11-15T09:23:11.540+0000] {dag.py:4180} INFO - Setting next_dagrun for my_first_dag to 2025-11-14 00:00:00+00:00, run_after=2025-11-15 00:00:00+00:00
[2025-11-15T09:23:11.567+0000] {processor.py:208} INFO - Processing /opt/airflow/dags/first_dag.py took 0.139 seconds
[2025-11-15T09:23:41.801+0000] {processor.py:186} INFO - Started process (PID=780) to work on /opt/airflow/dags/first_dag.py
[2025-11-15T09:23:41.803+0000] {processor.py:914} INFO - Processing file /opt/airflow/dags/first_dag.py for tasks to queue
[2025-11-15T09:23:41.806+0000] {logging_mixin.py:190} INFO - [2025-11-15T09:23:41.806+0000] {dagbag.py:588} INFO - Filling up the DagBag from /opt/airflow/dags/first_dag.py
[2025-11-15T09:23:41.848+0000] {processor.py:925} INFO - DAG(s) 'my_first_dag' retrieved from /opt/airflow/dags/first_dag.py
[2025-11-15T09:23:41.884+0000] {logging_mixin.py:190} INFO - [2025-11-15T09:23:41.884+0000] {dag.py:3239} INFO - Sync 1 DAGs
[2025-11-15T09:23:41.914+0000] {logging_mixin.py:190} INFO - [2025-11-15T09:23:41.914+0000] {dag.py:4180} INFO - Setting next_dagrun for my_first_dag to 2025-11-14 00:00:00+00:00, run_after=2025-11-15 00:00:00+00:00
[2025-11-15T09:23:41.941+0000] {processor.py:208} INFO - Processing /opt/airflow/dags/first_dag.py took 0.146 seconds
[2025-11-15T09:24:12.371+0000] {processor.py:186} INFO - Started process (PID=845) to work on /opt/airflow/dags/first_dag.py
[2025-11-15T09:24:12.372+0000] {processor.py:914} INFO - Processing file /opt/airflow/dags/first_dag.py for tasks to queue
[2025-11-15T09:24:12.374+0000] {logging_mixin.py:190} INFO - [2025-11-15T09:24:12.374+0000] {dagbag.py:588} INFO - Filling up the DagBag from /opt/airflow/dags/first_dag.py
[2025-11-15T09:24:12.404+0000] {processor.py:925} INFO - DAG(s) 'my_first_dag' retrieved from /opt/airflow/dags/first_dag.py
[2025-11-15T09:24:12.425+0000] {logging_mixin.py:190} INFO - [2025-11-15T09:24:12.425+0000] {dag.py:3239} INFO - Sync 1 DAGs
[2025-11-15T09:24:12.449+0000] {logging_mixin.py:190} INFO - [2025-11-15T09:24:12.449+0000] {dag.py:4180} INFO - Setting next_dagrun for my_first_dag to 2025-11-14 00:00:00+00:00, run_after=2025-11-15 00:00:00+00:00
[2025-11-15T09:24:12.468+0000] {processor.py:208} INFO - Processing /opt/airflow/dags/first_dag.py took 0.102 seconds
[2025-11-15T09:24:42.548+0000] {processor.py:186} INFO - Started process (PID=909) to work on /opt/airflow/dags/first_dag.py
[2025-11-15T09:24:42.550+0000] {processor.py:914} INFO - Processing file /opt/airflow/dags/first_dag.py for tasks to queue
[2025-11-15T09:24:42.553+0000] {logging_mixin.py:190} INFO - [2025-11-15T09:24:42.553+0000] {dagbag.py:588} INFO - Filling up the DagBag from /opt/airflow/dags/first_dag.py
[2025-11-15T09:24:42.591+0000] {processor.py:925} INFO - DAG(s) 'my_first_dag' retrieved from /opt/airflow/dags/first_dag.py
[2025-11-15T09:24:42.611+0000] {logging_mixin.py:190} INFO - [2025-11-15T09:24:42.611+0000] {dag.py:3239} INFO - Sync 1 DAGs
[2025-11-15T09:24:42.632+0000] {logging_mixin.py:190} INFO - [2025-11-15T09:24:42.632+0000] {dag.py:4180} INFO - Setting next_dagrun for my_first_dag to 2025-11-14 00:00:00+00:00, run_after=2025-11-15 00:00:00+00:00
[2025-11-15T09:24:42.653+0000] {processor.py:208} INFO - Processing /opt/airflow/dags/first_dag.py took 0.116 seconds
[2025-11-15T09:25:13.490+0000] {processor.py:186} INFO - Started process (PID=975) to work on /opt/airflow/dags/first_dag.py
[2025-11-15T09:25:13.496+0000] {processor.py:914} INFO - Processing file /opt/airflow/dags/first_dag.py for tasks to queue
[2025-11-15T09:25:13.501+0000] {logging_mixin.py:190} INFO - [2025-11-15T09:25:13.501+0000] {dagbag.py:588} INFO - Filling up the DagBag from /opt/airflow/dags/first_dag.py
[2025-11-15T09:25:13.568+0000] {processor.py:925} INFO - DAG(s) 'my_first_dag' retrieved from /opt/airflow/dags/first_dag.py
[2025-11-15T09:25:13.593+0000] {logging_mixin.py:190} INFO - [2025-11-15T09:25:13.593+0000] {dag.py:3239} INFO - Sync 1 DAGs
[2025-11-15T09:25:13.617+0000] {logging_mixin.py:190} INFO - [2025-11-15T09:25:13.617+0000] {dag.py:4180} INFO - Setting next_dagrun for my_first_dag to 2025-11-14 00:00:00+00:00, run_after=2025-11-15 00:00:00+00:00
[2025-11-15T09:25:13.639+0000] {processor.py:208} INFO - Processing /opt/airflow/dags/first_dag.py took 0.155 seconds
[2025-11-15T09:25:44.073+0000] {processor.py:186} INFO - Started process (PID=1040) to work on /opt/airflow/dags/first_dag.py
[2025-11-15T09:25:44.075+0000] {processor.py:914} INFO - Processing file /opt/airflow/dags/first_dag.py for tasks to queue
[2025-11-15T09:25:44.078+0000] {logging_mixin.py:190} INFO - [2025-11-15T09:25:44.078+0000] {dagbag.py:588} INFO - Filling up the DagBag from /opt/airflow/dags/first_dag.py
[2025-11-15T09:25:44.113+0000] {processor.py:925} INFO - DAG(s) 'my_first_dag' retrieved from /opt/airflow/dags/first_dag.py
[2025-11-15T09:25:44.137+0000] {logging_mixin.py:190} INFO - [2025-11-15T09:25:44.137+0000] {dag.py:3239} INFO - Sync 1 DAGs
[2025-11-15T09:25:44.159+0000] {logging_mixin.py:190} INFO - [2025-11-15T09:25:44.159+0000] {dag.py:4180} INFO - Setting next_dagrun for my_first_dag to 2025-11-14 00:00:00+00:00, run_after=2025-11-15 00:00:00+00:00
[2025-11-15T09:25:44.179+0000] {processor.py:208} INFO - Processing /opt/airflow/dags/first_dag.py took 0.113 seconds
[2025-11-15T09:26:14.298+0000] {processor.py:186} INFO - Started process (PID=1104) to work on /opt/airflow/dags/first_dag.py
[2025-11-15T09:26:14.299+0000] {processor.py:914} INFO - Processing file /opt/airflow/dags/first_dag.py for tasks to queue
[2025-11-15T09:26:14.302+0000] {logging_mixin.py:190} INFO - [2025-11-15T09:26:14.302+0000] {dagbag.py:588} INFO - Filling up the DagBag from /opt/airflow/dags/first_dag.py
[2025-11-15T09:26:14.350+0000] {processor.py:925} INFO - DAG(s) 'my_first_dag' retrieved from /opt/airflow/dags/first_dag.py
[2025-11-15T09:26:14.368+0000] {logging_mixin.py:190} INFO - [2025-11-15T09:26:14.368+0000] {dag.py:3239} INFO - Sync 1 DAGs
[2025-11-15T09:26:14.391+0000] {logging_mixin.py:190} INFO - [2025-11-15T09:26:14.391+0000] {dag.py:4180} INFO - Setting next_dagrun for my_first_dag to 2025-11-14 00:00:00+00:00, run_after=2025-11-15 00:00:00+00:00
[2025-11-15T09:26:14.429+0000] {processor.py:208} INFO - Processing /opt/airflow/dags/first_dag.py took 0.137 seconds
[2025-11-15T09:26:44.683+0000] {processor.py:186} INFO - Started process (PID=1170) to work on /opt/airflow/dags/first_dag.py
[2025-11-15T09:26:44.685+0000] {processor.py:914} INFO - Processing file /opt/airflow/dags/first_dag.py for tasks to queue
[2025-11-15T09:26:44.687+0000] {logging_mixin.py:190} INFO - [2025-11-15T09:26:44.687+0000] {dagbag.py:588} INFO - Filling up the DagBag from /opt/airflow/dags/first_dag.py
[2025-11-15T09:26:44.715+0000] {processor.py:925} INFO - DAG(s) 'my_first_dag' retrieved from /opt/airflow/dags/first_dag.py
[2025-11-15T09:26:44.733+0000] {logging_mixin.py:190} INFO - [2025-11-15T09:26:44.733+0000] {dag.py:3239} INFO - Sync 1 DAGs
[2025-11-15T09:26:44.753+0000] {logging_mixin.py:190} INFO - [2025-11-15T09:26:44.753+0000] {dag.py:4180} INFO - Setting next_dagrun for my_first_dag to 2025-11-14 00:00:00+00:00, run_after=2025-11-15 00:00:00+00:00
[2025-11-15T09:26:44.773+0000] {processor.py:208} INFO - Processing /opt/airflow/dags/first_dag.py took 0.095 seconds
[2025-11-15T09:27:14.997+0000] {processor.py:186} INFO - Started process (PID=1235) to work on /opt/airflow/dags/first_dag.py
[2025-11-15T09:27:14.999+0000] {processor.py:914} INFO - Processing file /opt/airflow/dags/first_dag.py for tasks to queue
[2025-11-15T09:27:15.001+0000] {logging_mixin.py:190} INFO - [2025-11-15T09:27:15.001+0000] {dagbag.py:588} INFO - Filling up the DagBag from /opt/airflow/dags/first_dag.py
[2025-11-15T09:27:15.031+0000] {processor.py:925} INFO - DAG(s) 'my_first_dag' retrieved from /opt/airflow/dags/first_dag.py
[2025-11-15T09:27:15.049+0000] {logging_mixin.py:190} INFO - [2025-11-15T09:27:15.048+0000] {dag.py:3239} INFO - Sync 1 DAGs
[2025-11-15T09:27:15.070+0000] {logging_mixin.py:190} INFO - [2025-11-15T09:27:15.069+0000] {dag.py:4180} INFO - Setting next_dagrun for my_first_dag to 2025-11-14 00:00:00+00:00, run_after=2025-11-15 00:00:00+00:00
[2025-11-15T09:27:15.092+0000] {processor.py:208} INFO - Processing /opt/airflow/dags/first_dag.py took 0.101 seconds
[2025-11-15T09:27:45.733+0000] {processor.py:186} INFO - Started process (PID=1300) to work on /opt/airflow/dags/first_dag.py
[2025-11-15T09:27:45.735+0000] {processor.py:914} INFO - Processing file /opt/airflow/dags/first_dag.py for tasks to queue
[2025-11-15T09:27:45.738+0000] {logging_mixin.py:190} INFO - [2025-11-15T09:27:45.738+0000] {dagbag.py:588} INFO - Filling up the DagBag from /opt/airflow/dags/first_dag.py
[2025-11-15T09:27:45.779+0000] {processor.py:925} INFO - DAG(s) 'my_first_dag' retrieved from /opt/airflow/dags/first_dag.py
[2025-11-15T09:27:45.799+0000] {logging_mixin.py:190} INFO - [2025-11-15T09:27:45.799+0000] {dag.py:3239} INFO - Sync 1 DAGs
[2025-11-15T09:27:45.818+0000] {logging_mixin.py:190} INFO - [2025-11-15T09:27:45.818+0000] {dag.py:4180} INFO - Setting next_dagrun for my_first_dag to 2025-11-14 00:00:00+00:00, run_after=2025-11-15 00:00:00+00:00
[2025-11-15T09:27:45.838+0000] {processor.py:208} INFO - Processing /opt/airflow/dags/first_dag.py took 0.112 seconds
[2025-11-15T09:28:16.420+0000] {processor.py:186} INFO - Started process (PID=1365) to work on /opt/airflow/dags/first_dag.py
[2025-11-15T09:28:16.422+0000] {processor.py:914} INFO - Processing file /opt/airflow/dags/first_dag.py for tasks to queue
[2025-11-15T09:28:16.425+0000] {logging_mixin.py:190} INFO - [2025-11-15T09:28:16.424+0000] {dagbag.py:588} INFO - Filling up the DagBag from /opt/airflow/dags/first_dag.py
[2025-11-15T09:28:16.514+0000] {processor.py:925} INFO - DAG(s) 'my_first_dag' retrieved from /opt/airflow/dags/first_dag.py
[2025-11-15T09:28:16.535+0000] {logging_mixin.py:190} INFO - [2025-11-15T09:28:16.535+0000] {dag.py:3239} INFO - Sync 1 DAGs
[2025-11-15T09:28:16.561+0000] {logging_mixin.py:190} INFO - [2025-11-15T09:28:16.561+0000] {dag.py:4180} INFO - Setting next_dagrun for my_first_dag to 2025-11-14 00:00:00+00:00, run_after=2025-11-15 00:00:00+00:00
[2025-11-15T09:28:16.586+0000] {processor.py:208} INFO - Processing /opt/airflow/dags/first_dag.py took 0.172 seconds
[2025-11-15T09:28:46.850+0000] {processor.py:186} INFO - Started process (PID=1430) to work on /opt/airflow/dags/first_dag.py
[2025-11-15T09:28:46.852+0000] {processor.py:914} INFO - Processing file /opt/airflow/dags/first_dag.py for tasks to queue
[2025-11-15T09:28:46.856+0000] {logging_mixin.py:190} INFO - [2025-11-15T09:28:46.855+0000] {dagbag.py:588} INFO - Filling up the DagBag from /opt/airflow/dags/first_dag.py
[2025-11-15T09:28:46.893+0000] {processor.py:925} INFO - DAG(s) 'my_first_dag' retrieved from /opt/airflow/dags/first_dag.py
[2025-11-15T09:28:46.914+0000] {logging_mixin.py:190} INFO - [2025-11-15T09:28:46.913+0000] {dag.py:3239} INFO - Sync 1 DAGs
[2025-11-15T09:28:46.935+0000] {logging_mixin.py:190} INFO - [2025-11-15T09:28:46.934+0000] {dag.py:4180} INFO - Setting next_dagrun for my_first_dag to 2025-11-14 00:00:00+00:00, run_after=2025-11-15 00:00:00+00:00
[2025-11-15T09:28:46.988+0000] {processor.py:208} INFO - Processing /opt/airflow/dags/first_dag.py took 0.143 seconds
[2025-11-15T09:29:17.312+0000] {processor.py:186} INFO - Started process (PID=1495) to work on /opt/airflow/dags/first_dag.py
[2025-11-15T09:29:17.313+0000] {processor.py:914} INFO - Processing file /opt/airflow/dags/first_dag.py for tasks to queue
[2025-11-15T09:29:17.315+0000] {logging_mixin.py:190} INFO - [2025-11-15T09:29:17.315+0000] {dagbag.py:588} INFO - Filling up the DagBag from /opt/airflow/dags/first_dag.py
[2025-11-15T09:29:17.341+0000] {processor.py:925} INFO - DAG(s) 'my_first_dag' retrieved from /opt/airflow/dags/first_dag.py
[2025-11-15T09:29:17.358+0000] {logging_mixin.py:190} INFO - [2025-11-15T09:29:17.357+0000] {dag.py:3239} INFO - Sync 1 DAGs
[2025-11-15T09:29:17.376+0000] {logging_mixin.py:190} INFO - [2025-11-15T09:29:17.376+0000] {dag.py:4180} INFO - Setting next_dagrun for my_first_dag to 2025-11-14 00:00:00+00:00, run_after=2025-11-15 00:00:00+00:00
[2025-11-15T09:29:17.423+0000] {processor.py:208} INFO - Processing /opt/airflow/dags/first_dag.py took 0.116 seconds
[2025-11-15T09:29:47.820+0000] {processor.py:186} INFO - Started process (PID=1560) to work on /opt/airflow/dags/first_dag.py
[2025-11-15T09:29:47.821+0000] {processor.py:914} INFO - Processing file /opt/airflow/dags/first_dag.py for tasks to queue
[2025-11-15T09:29:47.823+0000] {logging_mixin.py:190} INFO - [2025-11-15T09:29:47.823+0000] {dagbag.py:588} INFO - Filling up the DagBag from /opt/airflow/dags/first_dag.py
[2025-11-15T09:29:47.846+0000] {processor.py:925} INFO - DAG(s) 'my_first_dag' retrieved from /opt/airflow/dags/first_dag.py
[2025-11-15T09:29:47.864+0000] {logging_mixin.py:190} INFO - [2025-11-15T09:29:47.863+0000] {dag.py:3239} INFO - Sync 1 DAGs
[2025-11-15T09:29:47.881+0000] {logging_mixin.py:190} INFO - [2025-11-15T09:29:47.881+0000] {dag.py:4180} INFO - Setting next_dagrun for my_first_dag to 2025-11-14 00:00:00+00:00, run_after=2025-11-15 00:00:00+00:00
[2025-11-15T09:29:47.899+0000] {processor.py:208} INFO - Processing /opt/airflow/dags/first_dag.py took 0.084 seconds
[2025-11-15T09:30:18.145+0000] {processor.py:186} INFO - Started process (PID=1624) to work on /opt/airflow/dags/first_dag.py
[2025-11-15T09:30:18.147+0000] {processor.py:914} INFO - Processing file /opt/airflow/dags/first_dag.py for tasks to queue
[2025-11-15T09:30:18.150+0000] {logging_mixin.py:190} INFO - [2025-11-15T09:30:18.150+0000] {dagbag.py:588} INFO - Filling up the DagBag from /opt/airflow/dags/first_dag.py
[2025-11-15T09:30:18.182+0000] {processor.py:925} INFO - DAG(s) 'my_first_dag' retrieved from /opt/airflow/dags/first_dag.py
[2025-11-15T09:30:18.235+0000] {logging_mixin.py:190} INFO - [2025-11-15T09:30:18.235+0000] {dag.py:3239} INFO - Sync 1 DAGs
[2025-11-15T09:30:18.263+0000] {logging_mixin.py:190} INFO - [2025-11-15T09:30:18.263+0000] {dag.py:4180} INFO - Setting next_dagrun for my_first_dag to 2025-11-14 00:00:00+00:00, run_after=2025-11-15 00:00:00+00:00
[2025-11-15T09:30:18.287+0000] {processor.py:208} INFO - Processing /opt/airflow/dags/first_dag.py took 0.146 seconds
[2025-11-15T09:30:48.814+0000] {processor.py:186} INFO - Started process (PID=1689) to work on /opt/airflow/dags/first_dag.py
[2025-11-15T09:30:48.816+0000] {processor.py:914} INFO - Processing file /opt/airflow/dags/first_dag.py for tasks to queue
[2025-11-15T09:30:48.819+0000] {logging_mixin.py:190} INFO - [2025-11-15T09:30:48.818+0000] {dagbag.py:588} INFO - Filling up the DagBag from /opt/airflow/dags/first_dag.py
[2025-11-15T09:30:48.857+0000] {processor.py:925} INFO - DAG(s) 'my_first_dag' retrieved from /opt/airflow/dags/first_dag.py
[2025-11-15T09:30:48.876+0000] {logging_mixin.py:190} INFO - [2025-11-15T09:30:48.876+0000] {dag.py:3239} INFO - Sync 1 DAGs
[2025-11-15T09:30:48.896+0000] {logging_mixin.py:190} INFO - [2025-11-15T09:30:48.896+0000] {dag.py:4180} INFO - Setting next_dagrun for my_first_dag to 2025-11-14 00:00:00+00:00, run_after=2025-11-15 00:00:00+00:00
[2025-11-15T09:30:48.916+0000] {processor.py:208} INFO - Processing /opt/airflow/dags/first_dag.py took 0.109 seconds
[2025-11-15T09:31:19.611+0000] {processor.py:186} INFO - Started process (PID=1754) to work on /opt/airflow/dags/first_dag.py
[2025-11-15T09:31:19.612+0000] {processor.py:914} INFO - Processing file /opt/airflow/dags/first_dag.py for tasks to queue
[2025-11-15T09:31:19.615+0000] {logging_mixin.py:190} INFO - [2025-11-15T09:31:19.615+0000] {dagbag.py:588} INFO - Filling up the DagBag from /opt/airflow/dags/first_dag.py
[2025-11-15T09:31:19.640+0000] {processor.py:925} INFO - DAG(s) 'my_first_dag' retrieved from /opt/airflow/dags/first_dag.py
[2025-11-15T09:31:19.661+0000] {logging_mixin.py:190} INFO - [2025-11-15T09:31:19.660+0000] {dag.py:3239} INFO - Sync 1 DAGs
[2025-11-15T09:31:19.681+0000] {logging_mixin.py:190} INFO - [2025-11-15T09:31:19.681+0000] {dag.py:4180} INFO - Setting next_dagrun for my_first_dag to 2025-11-14 00:00:00+00:00, run_after=2025-11-15 00:00:00+00:00
[2025-11-15T09:31:19.702+0000] {processor.py:208} INFO - Processing /opt/airflow/dags/first_dag.py took 0.097 seconds
[2025-11-15T09:31:49.919+0000] {processor.py:186} INFO - Started process (PID=1819) to work on /opt/airflow/dags/first_dag.py
[2025-11-15T09:31:49.921+0000] {processor.py:914} INFO - Processing file /opt/airflow/dags/first_dag.py for tasks to queue
[2025-11-15T09:31:49.923+0000] {logging_mixin.py:190} INFO - [2025-11-15T09:31:49.923+0000] {dagbag.py:588} INFO - Filling up the DagBag from /opt/airflow/dags/first_dag.py
[2025-11-15T09:31:49.977+0000] {processor.py:925} INFO - DAG(s) 'my_first_dag' retrieved from /opt/airflow/dags/first_dag.py
[2025-11-15T09:31:49.997+0000] {logging_mixin.py:190} INFO - [2025-11-15T09:31:49.997+0000] {dag.py:3239} INFO - Sync 1 DAGs
[2025-11-15T09:31:50.016+0000] {logging_mixin.py:190} INFO - [2025-11-15T09:31:50.016+0000] {dag.py:4180} INFO - Setting next_dagrun for my_first_dag to 2025-11-14 00:00:00+00:00, run_after=2025-11-15 00:00:00+00:00
[2025-11-15T09:31:50.035+0000] {processor.py:208} INFO - Processing /opt/airflow/dags/first_dag.py took 0.121 seconds
[2025-11-15T09:32:20.331+0000] {processor.py:186} INFO - Started process (PID=1884) to work on /opt/airflow/dags/first_dag.py
[2025-11-15T09:32:20.333+0000] {processor.py:914} INFO - Processing file /opt/airflow/dags/first_dag.py for tasks to queue
[2025-11-15T09:32:20.335+0000] {logging_mixin.py:190} INFO - [2025-11-15T09:32:20.335+0000] {dagbag.py:588} INFO - Filling up the DagBag from /opt/airflow/dags/first_dag.py
[2025-11-15T09:32:20.378+0000] {processor.py:925} INFO - DAG(s) 'my_first_dag' retrieved from /opt/airflow/dags/first_dag.py
[2025-11-15T09:32:20.397+0000] {logging_mixin.py:190} INFO - [2025-11-15T09:32:20.397+0000] {dag.py:3239} INFO - Sync 1 DAGs
[2025-11-15T09:32:20.418+0000] {logging_mixin.py:190} INFO - [2025-11-15T09:32:20.417+0000] {dag.py:4180} INFO - Setting next_dagrun for my_first_dag to 2025-11-14 00:00:00+00:00, run_after=2025-11-15 00:00:00+00:00
[2025-11-15T09:32:20.438+0000] {processor.py:208} INFO - Processing /opt/airflow/dags/first_dag.py took 0.112 seconds
[2025-11-15T09:32:50.689+0000] {processor.py:186} INFO - Started process (PID=1955) to work on /opt/airflow/dags/first_dag.py
[2025-11-15T09:32:50.691+0000] {processor.py:914} INFO - Processing file /opt/airflow/dags/first_dag.py for tasks to queue
[2025-11-15T09:32:50.693+0000] {logging_mixin.py:190} INFO - [2025-11-15T09:32:50.693+0000] {dagbag.py:588} INFO - Filling up the DagBag from /opt/airflow/dags/first_dag.py
[2025-11-15T09:32:50.736+0000] {processor.py:925} INFO - DAG(s) 'my_first_dag' retrieved from /opt/airflow/dags/first_dag.py
[2025-11-15T09:32:50.755+0000] {logging_mixin.py:190} INFO - [2025-11-15T09:32:50.755+0000] {dag.py:3239} INFO - Sync 1 DAGs
[2025-11-15T09:32:50.775+0000] {logging_mixin.py:190} INFO - [2025-11-15T09:32:50.775+0000] {dag.py:4180} INFO - Setting next_dagrun for my_first_dag to 2025-11-14 00:00:00+00:00, run_after=2025-11-15 00:00:00+00:00
[2025-11-15T09:32:50.826+0000] {processor.py:208} INFO - Processing /opt/airflow/dags/first_dag.py took 0.142 seconds
[2025-11-15T09:33:21.206+0000] {processor.py:186} INFO - Started process (PID=2020) to work on /opt/airflow/dags/first_dag.py
[2025-11-15T09:33:21.208+0000] {processor.py:914} INFO - Processing file /opt/airflow/dags/first_dag.py for tasks to queue
[2025-11-15T09:33:21.210+0000] {logging_mixin.py:190} INFO - [2025-11-15T09:33:21.210+0000] {dagbag.py:588} INFO - Filling up the DagBag from /opt/airflow/dags/first_dag.py
[2025-11-15T09:33:21.256+0000] {processor.py:925} INFO - DAG(s) 'my_first_dag' retrieved from /opt/airflow/dags/first_dag.py
[2025-11-15T09:33:21.276+0000] {logging_mixin.py:190} INFO - [2025-11-15T09:33:21.276+0000] {dag.py:3239} INFO - Sync 1 DAGs
[2025-11-15T09:33:21.294+0000] {logging_mixin.py:190} INFO - [2025-11-15T09:33:21.294+0000] {dag.py:4180} INFO - Setting next_dagrun for my_first_dag to 2025-11-14 00:00:00+00:00, run_after=2025-11-15 00:00:00+00:00
[2025-11-15T09:33:21.341+0000] {processor.py:208} INFO - Processing /opt/airflow/dags/first_dag.py took 0.140 seconds
[2025-11-15T09:33:51.647+0000] {processor.py:186} INFO - Started process (PID=2085) to work on /opt/airflow/dags/first_dag.py
[2025-11-15T09:33:51.649+0000] {processor.py:914} INFO - Processing file /opt/airflow/dags/first_dag.py for tasks to queue
[2025-11-15T09:33:51.652+0000] {logging_mixin.py:190} INFO - [2025-11-15T09:33:51.651+0000] {dagbag.py:588} INFO - Filling up the DagBag from /opt/airflow/dags/first_dag.py
[2025-11-15T09:33:51.682+0000] {processor.py:925} INFO - DAG(s) 'my_first_dag' retrieved from /opt/airflow/dags/first_dag.py
[2025-11-15T09:33:51.706+0000] {logging_mixin.py:190} INFO - [2025-11-15T09:33:51.706+0000] {dag.py:3239} INFO - Sync 1 DAGs
[2025-11-15T09:33:51.728+0000] {logging_mixin.py:190} INFO - [2025-11-15T09:33:51.728+0000] {dag.py:4180} INFO - Setting next_dagrun for my_first_dag to 2025-11-14 00:00:00+00:00, run_after=2025-11-15 00:00:00+00:00
[2025-11-15T09:33:51.777+0000] {processor.py:208} INFO - Processing /opt/airflow/dags/first_dag.py took 0.136 seconds
[2025-11-15T09:34:22.262+0000] {processor.py:186} INFO - Started process (PID=2150) to work on /opt/airflow/dags/first_dag.py
[2025-11-15T09:34:22.264+0000] {processor.py:914} INFO - Processing file /opt/airflow/dags/first_dag.py for tasks to queue
[2025-11-15T09:34:22.266+0000] {logging_mixin.py:190} INFO - [2025-11-15T09:34:22.266+0000] {dagbag.py:588} INFO - Filling up the DagBag from /opt/airflow/dags/first_dag.py
[2025-11-15T09:34:22.296+0000] {processor.py:925} INFO - DAG(s) 'my_first_dag' retrieved from /opt/airflow/dags/first_dag.py
[2025-11-15T09:34:22.327+0000] {logging_mixin.py:190} INFO - [2025-11-15T09:34:22.327+0000] {dag.py:3239} INFO - Sync 1 DAGs
[2025-11-15T09:34:22.347+0000] {logging_mixin.py:190} INFO - [2025-11-15T09:34:22.346+0000] {dag.py:4180} INFO - Setting next_dagrun for my_first_dag to 2025-11-14 00:00:00+00:00, run_after=2025-11-15 00:00:00+00:00
[2025-11-15T09:34:22.398+0000] {processor.py:208} INFO - Processing /opt/airflow/dags/first_dag.py took 0.140 seconds
[2025-11-15T09:34:52.758+0000] {processor.py:186} INFO - Started process (PID=2214) to work on /opt/airflow/dags/first_dag.py
[2025-11-15T09:34:52.759+0000] {processor.py:914} INFO - Processing file /opt/airflow/dags/first_dag.py for tasks to queue
[2025-11-15T09:34:52.760+0000] {logging_mixin.py:190} INFO - [2025-11-15T09:34:52.760+0000] {dagbag.py:588} INFO - Filling up the DagBag from /opt/airflow/dags/first_dag.py
[2025-11-15T09:34:52.780+0000] {processor.py:925} INFO - DAG(s) 'my_first_dag' retrieved from /opt/airflow/dags/first_dag.py
[2025-11-15T09:34:52.803+0000] {logging_mixin.py:190} INFO - [2025-11-15T09:34:52.803+0000] {dag.py:3239} INFO - Sync 1 DAGs
[2025-11-15T09:34:52.825+0000] {logging_mixin.py:190} INFO - [2025-11-15T09:34:52.825+0000] {dag.py:4180} INFO - Setting next_dagrun for my_first_dag to 2025-11-14 00:00:00+00:00, run_after=2025-11-15 00:00:00+00:00
[2025-11-15T09:34:52.847+0000] {processor.py:208} INFO - Processing /opt/airflow/dags/first_dag.py took 0.094 seconds
[2025-11-15T09:35:23.244+0000] {processor.py:186} INFO - Started process (PID=2279) to work on /opt/airflow/dags/first_dag.py
[2025-11-15T09:35:23.245+0000] {processor.py:914} INFO - Processing file /opt/airflow/dags/first_dag.py for tasks to queue
[2025-11-15T09:35:23.248+0000] {logging_mixin.py:190} INFO - [2025-11-15T09:35:23.248+0000] {dagbag.py:588} INFO - Filling up the DagBag from /opt/airflow/dags/first_dag.py
[2025-11-15T09:35:23.284+0000] {processor.py:925} INFO - DAG(s) 'my_first_dag' retrieved from /opt/airflow/dags/first_dag.py
[2025-11-15T09:35:23.303+0000] {logging_mixin.py:190} INFO - [2025-11-15T09:35:23.302+0000] {dag.py:3239} INFO - Sync 1 DAGs
[2025-11-15T09:35:23.323+0000] {logging_mixin.py:190} INFO - [2025-11-15T09:35:23.323+0000] {dag.py:4180} INFO - Setting next_dagrun for my_first_dag to 2025-11-14 00:00:00+00:00, run_after=2025-11-15 00:00:00+00:00
[2025-11-15T09:35:23.346+0000] {processor.py:208} INFO - Processing /opt/airflow/dags/first_dag.py took 0.110 seconds
[2025-11-15T09:35:53.684+0000] {processor.py:186} INFO - Started process (PID=2344) to work on /opt/airflow/dags/first_dag.py
[2025-11-15T09:35:53.686+0000] {processor.py:914} INFO - Processing file /opt/airflow/dags/first_dag.py for tasks to queue
[2025-11-15T09:35:53.688+0000] {logging_mixin.py:190} INFO - [2025-11-15T09:35:53.688+0000] {dagbag.py:588} INFO - Filling up the DagBag from /opt/airflow/dags/first_dag.py
[2025-11-15T09:35:53.706+0000] {processor.py:925} INFO - DAG(s) 'my_first_dag' retrieved from /opt/airflow/dags/first_dag.py
[2025-11-15T09:35:53.728+0000] {logging_mixin.py:190} INFO - [2025-11-15T09:35:53.728+0000] {dag.py:3239} INFO - Sync 1 DAGs
[2025-11-15T09:35:53.748+0000] {logging_mixin.py:190} INFO - [2025-11-15T09:35:53.748+0000] {dag.py:4180} INFO - Setting next_dagrun for my_first_dag to 2025-11-14 00:00:00+00:00, run_after=2025-11-15 00:00:00+00:00
[2025-11-15T09:35:53.796+0000] {processor.py:208} INFO - Processing /opt/airflow/dags/first_dag.py took 0.117 seconds
[2025-11-15T09:36:23.918+0000] {processor.py:186} INFO - Started process (PID=2409) to work on /opt/airflow/dags/first_dag.py
[2025-11-15T09:36:23.919+0000] {processor.py:914} INFO - Processing file /opt/airflow/dags/first_dag.py for tasks to queue
[2025-11-15T09:36:23.922+0000] {logging_mixin.py:190} INFO - [2025-11-15T09:36:23.921+0000] {dagbag.py:588} INFO - Filling up the DagBag from /opt/airflow/dags/first_dag.py
[2025-11-15T09:36:23.945+0000] {processor.py:925} INFO - DAG(s) 'my_first_dag' retrieved from /opt/airflow/dags/first_dag.py
[2025-11-15T09:36:23.962+0000] {logging_mixin.py:190} INFO - [2025-11-15T09:36:23.962+0000] {dag.py:3239} INFO - Sync 1 DAGs
[2025-11-15T09:36:23.981+0000] {logging_mixin.py:190} INFO - [2025-11-15T09:36:23.981+0000] {dag.py:4180} INFO - Setting next_dagrun for my_first_dag to 2025-11-14 00:00:00+00:00, run_after=2025-11-15 00:00:00+00:00
[2025-11-15T09:36:24.029+0000] {processor.py:208} INFO - Processing /opt/airflow/dags/first_dag.py took 0.116 seconds
[2025-11-15T09:36:54.291+0000] {processor.py:186} INFO - Started process (PID=2474) to work on /opt/airflow/dags/first_dag.py
[2025-11-15T09:36:54.293+0000] {processor.py:914} INFO - Processing file /opt/airflow/dags/first_dag.py for tasks to queue
[2025-11-15T09:36:54.296+0000] {logging_mixin.py:190} INFO - [2025-11-15T09:36:54.296+0000] {dagbag.py:588} INFO - Filling up the DagBag from /opt/airflow/dags/first_dag.py
[2025-11-15T09:36:54.357+0000] {processor.py:925} INFO - DAG(s) 'my_first_dag' retrieved from /opt/airflow/dags/first_dag.py
[2025-11-15T09:36:54.377+0000] {logging_mixin.py:190} INFO - [2025-11-15T09:36:54.376+0000] {dag.py:3239} INFO - Sync 1 DAGs
[2025-11-15T09:36:54.399+0000] {logging_mixin.py:190} INFO - [2025-11-15T09:36:54.399+0000] {dag.py:4180} INFO - Setting next_dagrun for my_first_dag to 2025-11-14 00:00:00+00:00, run_after=2025-11-15 00:00:00+00:00
[2025-11-15T09:36:54.451+0000] {processor.py:208} INFO - Processing /opt/airflow/dags/first_dag.py took 0.165 seconds
[2025-11-15T09:37:24.870+0000] {processor.py:186} INFO - Started process (PID=2540) to work on /opt/airflow/dags/first_dag.py
[2025-11-15T09:37:24.872+0000] {processor.py:914} INFO - Processing file /opt/airflow/dags/first_dag.py for tasks to queue
[2025-11-15T09:37:24.875+0000] {logging_mixin.py:190} INFO - [2025-11-15T09:37:24.875+0000] {dagbag.py:588} INFO - Filling up the DagBag from /opt/airflow/dags/first_dag.py
[2025-11-15T09:37:24.913+0000] {processor.py:925} INFO - DAG(s) 'my_first_dag' retrieved from /opt/airflow/dags/first_dag.py
[2025-11-15T09:37:24.932+0000] {logging_mixin.py:190} INFO - [2025-11-15T09:37:24.932+0000] {dag.py:3239} INFO - Sync 1 DAGs
[2025-11-15T09:37:24.952+0000] {logging_mixin.py:190} INFO - [2025-11-15T09:37:24.952+0000] {dag.py:4180} INFO - Setting next_dagrun for my_first_dag to 2025-11-14 00:00:00+00:00, run_after=2025-11-15 00:00:00+00:00
[2025-11-15T09:37:25.003+0000] {processor.py:208} INFO - Processing /opt/airflow/dags/first_dag.py took 0.139 seconds
[2025-11-15T09:37:55.699+0000] {processor.py:186} INFO - Started process (PID=2605) to work on /opt/airflow/dags/first_dag.py
[2025-11-15T09:37:55.700+0000] {processor.py:914} INFO - Processing file /opt/airflow/dags/first_dag.py for tasks to queue
[2025-11-15T09:37:55.702+0000] {logging_mixin.py:190} INFO - [2025-11-15T09:37:55.702+0000] {dagbag.py:588} INFO - Filling up the DagBag from /opt/airflow/dags/first_dag.py
[2025-11-15T09:37:55.748+0000] {processor.py:925} INFO - DAG(s) 'my_first_dag' retrieved from /opt/airflow/dags/first_dag.py
[2025-11-15T09:37:55.768+0000] {logging_mixin.py:190} INFO - [2025-11-15T09:37:55.768+0000] {dag.py:3239} INFO - Sync 1 DAGs
[2025-11-15T09:37:55.789+0000] {logging_mixin.py:190} INFO - [2025-11-15T09:37:55.789+0000] {dag.py:4180} INFO - Setting next_dagrun for my_first_dag to 2025-11-14 00:00:00+00:00, run_after=2025-11-15 00:00:00+00:00
[2025-11-15T09:37:55.842+0000] {processor.py:208} INFO - Processing /opt/airflow/dags/first_dag.py took 0.148 seconds
[2025-11-15T09:38:26.173+0000] {processor.py:186} INFO - Started process (PID=2670) to work on /opt/airflow/dags/first_dag.py
[2025-11-15T09:38:26.175+0000] {processor.py:914} INFO - Processing file /opt/airflow/dags/first_dag.py for tasks to queue
[2025-11-15T09:38:26.177+0000] {logging_mixin.py:190} INFO - [2025-11-15T09:38:26.177+0000] {dagbag.py:588} INFO - Filling up the DagBag from /opt/airflow/dags/first_dag.py
[2025-11-15T09:38:26.215+0000] {processor.py:925} INFO - DAG(s) 'my_first_dag' retrieved from /opt/airflow/dags/first_dag.py
[2025-11-15T09:38:26.233+0000] {logging_mixin.py:190} INFO - [2025-11-15T09:38:26.233+0000] {dag.py:3239} INFO - Sync 1 DAGs
[2025-11-15T09:38:26.252+0000] {logging_mixin.py:190} INFO - [2025-11-15T09:38:26.252+0000] {dag.py:4180} INFO - Setting next_dagrun for my_first_dag to 2025-11-14 00:00:00+00:00, run_after=2025-11-15 00:00:00+00:00
[2025-11-15T09:38:26.274+0000] {processor.py:208} INFO - Processing /opt/airflow/dags/first_dag.py took 0.107 seconds
[2025-11-15T09:38:56.641+0000] {processor.py:186} INFO - Started process (PID=2734) to work on /opt/airflow/dags/first_dag.py
[2025-11-15T09:38:56.643+0000] {processor.py:914} INFO - Processing file /opt/airflow/dags/first_dag.py for tasks to queue
[2025-11-15T09:38:56.645+0000] {logging_mixin.py:190} INFO - [2025-11-15T09:38:56.645+0000] {dagbag.py:588} INFO - Filling up the DagBag from /opt/airflow/dags/first_dag.py
[2025-11-15T09:38:56.680+0000] {processor.py:925} INFO - DAG(s) 'my_first_dag' retrieved from /opt/airflow/dags/first_dag.py
[2025-11-15T09:38:56.698+0000] {logging_mixin.py:190} INFO - [2025-11-15T09:38:56.698+0000] {dag.py:3239} INFO - Sync 1 DAGs
[2025-11-15T09:38:56.716+0000] {logging_mixin.py:190} INFO - [2025-11-15T09:38:56.716+0000] {dag.py:4180} INFO - Setting next_dagrun for my_first_dag to 2025-11-14 00:00:00+00:00, run_after=2025-11-15 00:00:00+00:00
[2025-11-15T09:38:56.971+0000] {processor.py:208} INFO - Processing /opt/airflow/dags/first_dag.py took 0.334 seconds
[2025-11-15T09:39:27.173+0000] {processor.py:186} INFO - Started process (PID=2799) to work on /opt/airflow/dags/first_dag.py
[2025-11-15T09:39:27.176+0000] {processor.py:914} INFO - Processing file /opt/airflow/dags/first_dag.py for tasks to queue
[2025-11-15T09:39:27.179+0000] {logging_mixin.py:190} INFO - [2025-11-15T09:39:27.179+0000] {dagbag.py:588} INFO - Filling up the DagBag from /opt/airflow/dags/first_dag.py
[2025-11-15T09:39:27.219+0000] {processor.py:925} INFO - DAG(s) 'my_first_dag' retrieved from /opt/airflow/dags/first_dag.py
[2025-11-15T09:39:27.238+0000] {logging_mixin.py:190} INFO - [2025-11-15T09:39:27.238+0000] {dag.py:3239} INFO - Sync 1 DAGs
[2025-11-15T09:39:27.256+0000] {logging_mixin.py:190} INFO - [2025-11-15T09:39:27.256+0000] {dag.py:4180} INFO - Setting next_dagrun for my_first_dag to 2025-11-14 00:00:00+00:00, run_after=2025-11-15 00:00:00+00:00
[2025-11-15T09:39:27.307+0000] {processor.py:208} INFO - Processing /opt/airflow/dags/first_dag.py took 0.141 seconds
[2025-11-15T09:39:57.425+0000] {processor.py:186} INFO - Started process (PID=2863) to work on /opt/airflow/dags/first_dag.py
[2025-11-15T09:39:57.426+0000] {processor.py:914} INFO - Processing file /opt/airflow/dags/first_dag.py for tasks to queue
[2025-11-15T09:39:57.428+0000] {logging_mixin.py:190} INFO - [2025-11-15T09:39:57.428+0000] {dagbag.py:588} INFO - Filling up the DagBag from /opt/airflow/dags/first_dag.py
[2025-11-15T09:39:57.447+0000] {processor.py:925} INFO - DAG(s) 'my_first_dag' retrieved from /opt/airflow/dags/first_dag.py
[2025-11-15T09:39:57.468+0000] {logging_mixin.py:190} INFO - [2025-11-15T09:39:57.468+0000] {dag.py:3239} INFO - Sync 1 DAGs
[2025-11-15T09:39:57.486+0000] {logging_mixin.py:190} INFO - [2025-11-15T09:39:57.486+0000] {dag.py:4180} INFO - Setting next_dagrun for my_first_dag to 2025-11-14 00:00:00+00:00, run_after=2025-11-15 00:00:00+00:00
[2025-11-15T09:39:57.503+0000] {processor.py:208} INFO - Processing /opt/airflow/dags/first_dag.py took 0.084 seconds
[2025-11-15T09:40:27.705+0000] {processor.py:186} INFO - Started process (PID=2914) to work on /opt/airflow/dags/first_dag.py
[2025-11-15T09:40:27.707+0000] {processor.py:914} INFO - Processing file /opt/airflow/dags/first_dag.py for tasks to queue
[2025-11-15T09:40:27.709+0000] {logging_mixin.py:190} INFO - [2025-11-15T09:40:27.709+0000] {dagbag.py:588} INFO - Filling up the DagBag from /opt/airflow/dags/first_dag.py
[2025-11-15T09:40:27.749+0000] {processor.py:925} INFO - DAG(s) 'my_first_dag' retrieved from /opt/airflow/dags/first_dag.py
[2025-11-15T09:40:27.767+0000] {logging_mixin.py:190} INFO - [2025-11-15T09:40:27.767+0000] {dag.py:3239} INFO - Sync 1 DAGs
[2025-11-15T09:40:27.786+0000] {logging_mixin.py:190} INFO - [2025-11-15T09:40:27.786+0000] {dag.py:4180} INFO - Setting next_dagrun for my_first_dag to 2025-11-14 00:00:00+00:00, run_after=2025-11-15 00:00:00+00:00
[2025-11-15T09:40:27.804+0000] {processor.py:208} INFO - Processing /opt/airflow/dags/first_dag.py took 0.104 seconds
[2025-11-15T09:40:58.911+0000] {processor.py:186} INFO - Started process (PID=2977) to work on /opt/airflow/dags/first_dag.py
[2025-11-15T09:40:58.912+0000] {processor.py:914} INFO - Processing file /opt/airflow/dags/first_dag.py for tasks to queue
[2025-11-15T09:40:58.914+0000] {logging_mixin.py:190} INFO - [2025-11-15T09:40:58.914+0000] {dagbag.py:588} INFO - Filling up the DagBag from /opt/airflow/dags/first_dag.py
[2025-11-15T09:40:58.940+0000] {processor.py:925} INFO - DAG(s) 'my_first_dag' retrieved from /opt/airflow/dags/first_dag.py
[2025-11-15T09:40:58.957+0000] {logging_mixin.py:190} INFO - [2025-11-15T09:40:58.957+0000] {dag.py:3239} INFO - Sync 1 DAGs
[2025-11-15T09:40:58.975+0000] {logging_mixin.py:190} INFO - [2025-11-15T09:40:58.975+0000] {dag.py:4180} INFO - Setting next_dagrun for my_first_dag to 2025-11-14 00:00:00+00:00, run_after=2025-11-15 00:00:00+00:00
[2025-11-15T09:40:58.999+0000] {processor.py:208} INFO - Processing /opt/airflow/dags/first_dag.py took 0.093 seconds
[2025-11-15T09:41:29.299+0000] {processor.py:186} INFO - Started process (PID=3034) to work on /opt/airflow/dags/first_dag.py
[2025-11-15T09:41:29.300+0000] {processor.py:914} INFO - Processing file /opt/airflow/dags/first_dag.py for tasks to queue
[2025-11-15T09:41:29.302+0000] {logging_mixin.py:190} INFO - [2025-11-15T09:41:29.302+0000] {dagbag.py:588} INFO - Filling up the DagBag from /opt/airflow/dags/first_dag.py
[2025-11-15T09:41:29.324+0000] {processor.py:925} INFO - DAG(s) 'my_first_dag' retrieved from /opt/airflow/dags/first_dag.py
[2025-11-15T09:41:29.339+0000] {logging_mixin.py:190} INFO - [2025-11-15T09:41:29.339+0000] {dag.py:3239} INFO - Sync 1 DAGs
[2025-11-15T09:41:29.358+0000] {logging_mixin.py:190} INFO - [2025-11-15T09:41:29.357+0000] {dag.py:4180} INFO - Setting next_dagrun for my_first_dag to 2025-11-14 00:00:00+00:00, run_after=2025-11-15 00:00:00+00:00
[2025-11-15T09:41:29.375+0000] {processor.py:208} INFO - Processing /opt/airflow/dags/first_dag.py took 0.080 seconds
[2025-11-15T09:41:59.824+0000] {processor.py:186} INFO - Started process (PID=3098) to work on /opt/airflow/dags/first_dag.py
[2025-11-15T09:41:59.825+0000] {processor.py:914} INFO - Processing file /opt/airflow/dags/first_dag.py for tasks to queue
[2025-11-15T09:41:59.827+0000] {logging_mixin.py:190} INFO - [2025-11-15T09:41:59.827+0000] {dagbag.py:588} INFO - Filling up the DagBag from /opt/airflow/dags/first_dag.py
[2025-11-15T09:41:59.878+0000] {processor.py:925} INFO - DAG(s) 'my_first_dag' retrieved from /opt/airflow/dags/first_dag.py
[2025-11-15T09:41:59.893+0000] {logging_mixin.py:190} INFO - [2025-11-15T09:41:59.893+0000] {dag.py:3239} INFO - Sync 1 DAGs
[2025-11-15T09:41:59.911+0000] {logging_mixin.py:190} INFO - [2025-11-15T09:41:59.911+0000] {dag.py:4180} INFO - Setting next_dagrun for my_first_dag to 2025-11-14 00:00:00+00:00, run_after=2025-11-15 00:00:00+00:00
[2025-11-15T09:41:59.929+0000] {processor.py:208} INFO - Processing /opt/airflow/dags/first_dag.py took 0.110 seconds
[2025-11-15T09:42:30.055+0000] {processor.py:186} INFO - Started process (PID=3151) to work on /opt/airflow/dags/first_dag.py
[2025-11-15T09:42:30.057+0000] {processor.py:914} INFO - Processing file /opt/airflow/dags/first_dag.py for tasks to queue
[2025-11-15T09:42:30.059+0000] {logging_mixin.py:190} INFO - [2025-11-15T09:42:30.059+0000] {dagbag.py:588} INFO - Filling up the DagBag from /opt/airflow/dags/first_dag.py
[2025-11-15T09:42:30.092+0000] {processor.py:925} INFO - DAG(s) 'my_first_dag' retrieved from /opt/airflow/dags/first_dag.py
[2025-11-15T09:42:30.109+0000] {logging_mixin.py:190} INFO - [2025-11-15T09:42:30.109+0000] {dag.py:3239} INFO - Sync 1 DAGs
[2025-11-15T09:42:30.128+0000] {logging_mixin.py:190} INFO - [2025-11-15T09:42:30.127+0000] {dag.py:4180} INFO - Setting next_dagrun for my_first_dag to 2025-11-14 00:00:00+00:00, run_after=2025-11-15 00:00:00+00:00
[2025-11-15T09:42:30.162+0000] {processor.py:208} INFO - Processing /opt/airflow/dags/first_dag.py took 0.111 seconds
[2025-11-15T09:43:01.011+0000] {processor.py:186} INFO - Started process (PID=3215) to work on /opt/airflow/dags/first_dag.py
[2025-11-15T09:43:01.012+0000] {processor.py:914} INFO - Processing file /opt/airflow/dags/first_dag.py for tasks to queue
[2025-11-15T09:43:01.014+0000] {logging_mixin.py:190} INFO - [2025-11-15T09:43:01.014+0000] {dagbag.py:588} INFO - Filling up the DagBag from /opt/airflow/dags/first_dag.py
[2025-11-15T09:43:01.039+0000] {processor.py:925} INFO - DAG(s) 'my_first_dag' retrieved from /opt/airflow/dags/first_dag.py
[2025-11-15T09:43:01.055+0000] {logging_mixin.py:190} INFO - [2025-11-15T09:43:01.055+0000] {dag.py:3239} INFO - Sync 1 DAGs
[2025-11-15T09:43:01.072+0000] {logging_mixin.py:190} INFO - [2025-11-15T09:43:01.072+0000] {dag.py:4180} INFO - Setting next_dagrun for my_first_dag to 2025-11-14 00:00:00+00:00, run_after=2025-11-15 00:00:00+00:00
[2025-11-15T09:43:01.090+0000] {processor.py:208} INFO - Processing /opt/airflow/dags/first_dag.py took 0.085 seconds
[2025-11-15T09:43:31.853+0000] {processor.py:186} INFO - Started process (PID=3280) to work on /opt/airflow/dags/first_dag.py
[2025-11-15T09:43:31.855+0000] {processor.py:914} INFO - Processing file /opt/airflow/dags/first_dag.py for tasks to queue
[2025-11-15T09:43:31.857+0000] {logging_mixin.py:190} INFO - [2025-11-15T09:43:31.857+0000] {dagbag.py:588} INFO - Filling up the DagBag from /opt/airflow/dags/first_dag.py
[2025-11-15T09:43:31.895+0000] {processor.py:925} INFO - DAG(s) 'my_first_dag' retrieved from /opt/airflow/dags/first_dag.py
[2025-11-15T09:43:31.911+0000] {logging_mixin.py:190} INFO - [2025-11-15T09:43:31.911+0000] {dag.py:3239} INFO - Sync 1 DAGs
[2025-11-15T09:43:31.928+0000] {logging_mixin.py:190} INFO - [2025-11-15T09:43:31.928+0000] {dag.py:4180} INFO - Setting next_dagrun for my_first_dag to 2025-11-14 00:00:00+00:00, run_after=2025-11-15 00:00:00+00:00
[2025-11-15T09:43:31.945+0000] {processor.py:208} INFO - Processing /opt/airflow/dags/first_dag.py took 0.097 seconds
[2025-11-15T09:44:02.084+0000] {processor.py:186} INFO - Started process (PID=3342) to work on /opt/airflow/dags/first_dag.py
[2025-11-15T09:44:02.086+0000] {processor.py:914} INFO - Processing file /opt/airflow/dags/first_dag.py for tasks to queue
[2025-11-15T09:44:02.089+0000] {logging_mixin.py:190} INFO - [2025-11-15T09:44:02.089+0000] {dagbag.py:588} INFO - Filling up the DagBag from /opt/airflow/dags/first_dag.py
[2025-11-15T09:44:02.114+0000] {processor.py:925} INFO - DAG(s) 'my_first_dag' retrieved from /opt/airflow/dags/first_dag.py
[2025-11-15T09:44:02.132+0000] {logging_mixin.py:190} INFO - [2025-11-15T09:44:02.132+0000] {dag.py:3239} INFO - Sync 1 DAGs
[2025-11-15T09:44:02.151+0000] {logging_mixin.py:190} INFO - [2025-11-15T09:44:02.150+0000] {dag.py:4180} INFO - Setting next_dagrun for my_first_dag to 2025-11-14 00:00:00+00:00, run_after=2025-11-15 00:00:00+00:00
[2025-11-15T09:44:02.200+0000] {processor.py:208} INFO - Processing /opt/airflow/dags/first_dag.py took 0.122 seconds
[2025-11-15T09:44:32.461+0000] {processor.py:186} INFO - Started process (PID=3405) to work on /opt/airflow/dags/first_dag.py
[2025-11-15T09:44:32.462+0000] {processor.py:914} INFO - Processing file /opt/airflow/dags/first_dag.py for tasks to queue
[2025-11-15T09:44:32.465+0000] {logging_mixin.py:190} INFO - [2025-11-15T09:44:32.464+0000] {dagbag.py:588} INFO - Filling up the DagBag from /opt/airflow/dags/first_dag.py
[2025-11-15T09:44:32.491+0000] {processor.py:925} INFO - DAG(s) 'my_first_dag' retrieved from /opt/airflow/dags/first_dag.py
[2025-11-15T09:44:32.513+0000] {logging_mixin.py:190} INFO - [2025-11-15T09:44:32.513+0000] {dag.py:3239} INFO - Sync 1 DAGs
[2025-11-15T09:44:32.534+0000] {logging_mixin.py:190} INFO - [2025-11-15T09:44:32.534+0000] {dag.py:4180} INFO - Setting next_dagrun for my_first_dag to 2025-11-14 00:00:00+00:00, run_after=2025-11-15 00:00:00+00:00
[2025-11-15T09:44:32.554+0000] {processor.py:208} INFO - Processing /opt/airflow/dags/first_dag.py took 0.100 seconds
[2025-11-15T09:45:02.974+0000] {processor.py:186} INFO - Started process (PID=3470) to work on /opt/airflow/dags/first_dag.py
[2025-11-15T09:45:02.975+0000] {processor.py:914} INFO - Processing file /opt/airflow/dags/first_dag.py for tasks to queue
[2025-11-15T09:45:02.978+0000] {logging_mixin.py:190} INFO - [2025-11-15T09:45:02.978+0000] {dagbag.py:588} INFO - Filling up the DagBag from /opt/airflow/dags/first_dag.py
[2025-11-15T09:45:02.998+0000] {processor.py:925} INFO - DAG(s) 'my_first_dag' retrieved from /opt/airflow/dags/first_dag.py
[2025-11-15T09:45:03.018+0000] {logging_mixin.py:190} INFO - [2025-11-15T09:45:03.018+0000] {dag.py:3239} INFO - Sync 1 DAGs
[2025-11-15T09:45:03.039+0000] {logging_mixin.py:190} INFO - [2025-11-15T09:45:03.039+0000] {dag.py:4180} INFO - Setting next_dagrun for my_first_dag to 2025-11-14 00:00:00+00:00, run_after=2025-11-15 00:00:00+00:00
[2025-11-15T09:45:03.073+0000] {processor.py:208} INFO - Processing /opt/airflow/dags/first_dag.py took 0.104 seconds
[2025-11-15T09:45:33.310+0000] {processor.py:186} INFO - Started process (PID=3541) to work on /opt/airflow/dags/first_dag.py
[2025-11-15T09:45:33.313+0000] {processor.py:914} INFO - Processing file /opt/airflow/dags/first_dag.py for tasks to queue
[2025-11-15T09:45:33.316+0000] {logging_mixin.py:190} INFO - [2025-11-15T09:45:33.315+0000] {dagbag.py:588} INFO - Filling up the DagBag from /opt/airflow/dags/first_dag.py
[2025-11-15T09:45:33.375+0000] {processor.py:925} INFO - DAG(s) 'my_first_dag' retrieved from /opt/airflow/dags/first_dag.py
[2025-11-15T09:45:33.396+0000] {logging_mixin.py:190} INFO - [2025-11-15T09:45:33.396+0000] {dag.py:3239} INFO - Sync 1 DAGs
[2025-11-15T09:45:33.415+0000] {logging_mixin.py:190} INFO - [2025-11-15T09:45:33.415+0000] {dag.py:4180} INFO - Setting next_dagrun for my_first_dag to 2025-11-14 00:00:00+00:00, run_after=2025-11-15 00:00:00+00:00
[2025-11-15T09:45:33.433+0000] {processor.py:208} INFO - Processing /opt/airflow/dags/first_dag.py took 0.128 seconds
[2025-11-15T09:46:03.832+0000] {processor.py:186} INFO - Started process (PID=3606) to work on /opt/airflow/dags/first_dag.py
[2025-11-15T09:46:03.836+0000] {processor.py:914} INFO - Processing file /opt/airflow/dags/first_dag.py for tasks to queue
[2025-11-15T09:46:03.839+0000] {logging_mixin.py:190} INFO - [2025-11-15T09:46:03.839+0000] {dagbag.py:588} INFO - Filling up the DagBag from /opt/airflow/dags/first_dag.py
[2025-11-15T09:46:03.930+0000] {processor.py:925} INFO - DAG(s) 'my_first_dag' retrieved from /opt/airflow/dags/first_dag.py
[2025-11-15T09:46:03.949+0000] {logging_mixin.py:190} INFO - [2025-11-15T09:46:03.949+0000] {dag.py:3239} INFO - Sync 1 DAGs
[2025-11-15T09:46:03.967+0000] {logging_mixin.py:190} INFO - [2025-11-15T09:46:03.967+0000] {dag.py:4180} INFO - Setting next_dagrun for my_first_dag to 2025-11-14 00:00:00+00:00, run_after=2025-11-15 00:00:00+00:00
[2025-11-15T09:46:03.987+0000] {processor.py:208} INFO - Processing /opt/airflow/dags/first_dag.py took 0.160 seconds
[2025-11-15T09:46:34.322+0000] {processor.py:186} INFO - Started process (PID=3670) to work on /opt/airflow/dags/first_dag.py
[2025-11-15T09:46:34.324+0000] {processor.py:914} INFO - Processing file /opt/airflow/dags/first_dag.py for tasks to queue
[2025-11-15T09:46:34.327+0000] {logging_mixin.py:190} INFO - [2025-11-15T09:46:34.327+0000] {dagbag.py:588} INFO - Filling up the DagBag from /opt/airflow/dags/first_dag.py
[2025-11-15T09:46:34.459+0000] {processor.py:925} INFO - DAG(s) 'my_first_dag' retrieved from /opt/airflow/dags/first_dag.py
[2025-11-15T09:46:34.479+0000] {logging_mixin.py:190} INFO - [2025-11-15T09:46:34.479+0000] {dag.py:3239} INFO - Sync 1 DAGs
[2025-11-15T09:46:34.498+0000] {logging_mixin.py:190} INFO - [2025-11-15T09:46:34.498+0000] {dag.py:4180} INFO - Setting next_dagrun for my_first_dag to 2025-11-14 00:00:00+00:00, run_after=2025-11-15 00:00:00+00:00
[2025-11-15T09:46:34.558+0000] {processor.py:208} INFO - Processing /opt/airflow/dags/first_dag.py took 0.242 seconds
[2025-11-15T09:47:04.742+0000] {processor.py:186} INFO - Started process (PID=3734) to work on /opt/airflow/dags/first_dag.py
[2025-11-15T09:47:04.746+0000] {processor.py:914} INFO - Processing file /opt/airflow/dags/first_dag.py for tasks to queue
[2025-11-15T09:47:04.748+0000] {logging_mixin.py:190} INFO - [2025-11-15T09:47:04.748+0000] {dagbag.py:588} INFO - Filling up the DagBag from /opt/airflow/dags/first_dag.py
[2025-11-15T09:47:04.775+0000] {processor.py:925} INFO - DAG(s) 'my_first_dag' retrieved from /opt/airflow/dags/first_dag.py
[2025-11-15T09:47:04.792+0000] {logging_mixin.py:190} INFO - [2025-11-15T09:47:04.792+0000] {dag.py:3239} INFO - Sync 1 DAGs
[2025-11-15T09:47:04.817+0000] {logging_mixin.py:190} INFO - [2025-11-15T09:47:04.816+0000] {dag.py:4180} INFO - Setting next_dagrun for my_first_dag to 2025-11-14 00:00:00+00:00, run_after=2025-11-15 00:00:00+00:00
[2025-11-15T09:47:04.865+0000] {processor.py:208} INFO - Processing /opt/airflow/dags/first_dag.py took 0.128 seconds
[2025-11-15T09:47:35.285+0000] {processor.py:186} INFO - Started process (PID=3799) to work on /opt/airflow/dags/first_dag.py
[2025-11-15T09:47:35.288+0000] {processor.py:914} INFO - Processing file /opt/airflow/dags/first_dag.py for tasks to queue
[2025-11-15T09:47:35.291+0000] {logging_mixin.py:190} INFO - [2025-11-15T09:47:35.291+0000] {dagbag.py:588} INFO - Filling up the DagBag from /opt/airflow/dags/first_dag.py
[2025-11-15T09:47:35.324+0000] {processor.py:925} INFO - DAG(s) 'my_first_dag' retrieved from /opt/airflow/dags/first_dag.py
[2025-11-15T09:47:35.346+0000] {logging_mixin.py:190} INFO - [2025-11-15T09:47:35.346+0000] {dag.py:3239} INFO - Sync 1 DAGs
[2025-11-15T09:47:35.367+0000] {logging_mixin.py:190} INFO - [2025-11-15T09:47:35.367+0000] {dag.py:4180} INFO - Setting next_dagrun for my_first_dag to 2025-11-14 00:00:00+00:00, run_after=2025-11-15 00:00:00+00:00
[2025-11-15T09:47:35.418+0000] {processor.py:208} INFO - Processing /opt/airflow/dags/first_dag.py took 0.139 seconds
[2025-11-15T09:48:05.671+0000] {processor.py:186} INFO - Started process (PID=3864) to work on /opt/airflow/dags/first_dag.py
[2025-11-15T09:48:05.673+0000] {processor.py:914} INFO - Processing file /opt/airflow/dags/first_dag.py for tasks to queue
[2025-11-15T09:48:05.675+0000] {logging_mixin.py:190} INFO - [2025-11-15T09:48:05.675+0000] {dagbag.py:588} INFO - Filling up the DagBag from /opt/airflow/dags/first_dag.py
[2025-11-15T09:48:05.715+0000] {processor.py:925} INFO - DAG(s) 'my_first_dag' retrieved from /opt/airflow/dags/first_dag.py
[2025-11-15T09:48:05.733+0000] {logging_mixin.py:190} INFO - [2025-11-15T09:48:05.733+0000] {dag.py:3239} INFO - Sync 1 DAGs
[2025-11-15T09:48:05.753+0000] {logging_mixin.py:190} INFO - [2025-11-15T09:48:05.753+0000] {dag.py:4180} INFO - Setting next_dagrun for my_first_dag to 2025-11-14 00:00:00+00:00, run_after=2025-11-15 00:00:00+00:00
[2025-11-15T09:48:05.804+0000] {processor.py:208} INFO - Processing /opt/airflow/dags/first_dag.py took 0.138 seconds
[2025-11-15T09:48:35.899+0000] {processor.py:186} INFO - Started process (PID=3928) to work on /opt/airflow/dags/first_dag.py
[2025-11-15T09:48:35.901+0000] {processor.py:914} INFO - Processing file /opt/airflow/dags/first_dag.py for tasks to queue
[2025-11-15T09:48:35.903+0000] {logging_mixin.py:190} INFO - [2025-11-15T09:48:35.903+0000] {dagbag.py:588} INFO - Filling up the DagBag from /opt/airflow/dags/first_dag.py
[2025-11-15T09:48:35.931+0000] {processor.py:925} INFO - DAG(s) 'my_first_dag' retrieved from /opt/airflow/dags/first_dag.py
[2025-11-15T09:48:35.951+0000] {logging_mixin.py:190} INFO - [2025-11-15T09:48:35.951+0000] {dag.py:3239} INFO - Sync 1 DAGs
[2025-11-15T09:48:35.973+0000] {logging_mixin.py:190} INFO - [2025-11-15T09:48:35.972+0000] {dag.py:4180} INFO - Setting next_dagrun for my_first_dag to 2025-11-14 00:00:00+00:00, run_after=2025-11-15 00:00:00+00:00
[2025-11-15T09:48:35.992+0000] {processor.py:208} INFO - Processing /opt/airflow/dags/first_dag.py took 0.097 seconds
[2025-11-15T09:49:06.291+0000] {processor.py:186} INFO - Started process (PID=3993) to work on /opt/airflow/dags/first_dag.py
[2025-11-15T09:49:06.292+0000] {processor.py:914} INFO - Processing file /opt/airflow/dags/first_dag.py for tasks to queue
[2025-11-15T09:49:06.295+0000] {logging_mixin.py:190} INFO - [2025-11-15T09:49:06.295+0000] {dagbag.py:588} INFO - Filling up the DagBag from /opt/airflow/dags/first_dag.py
[2025-11-15T09:49:06.337+0000] {processor.py:925} INFO - DAG(s) 'my_first_dag' retrieved from /opt/airflow/dags/first_dag.py
[2025-11-15T09:49:06.355+0000] {logging_mixin.py:190} INFO - [2025-11-15T09:49:06.354+0000] {dag.py:3239} INFO - Sync 1 DAGs
[2025-11-15T09:49:06.373+0000] {logging_mixin.py:190} INFO - [2025-11-15T09:49:06.373+0000] {dag.py:4180} INFO - Setting next_dagrun for my_first_dag to 2025-11-14 00:00:00+00:00, run_after=2025-11-15 00:00:00+00:00
[2025-11-15T09:49:06.395+0000] {processor.py:208} INFO - Processing /opt/airflow/dags/first_dag.py took 0.111 seconds
[2025-11-15T09:49:36.789+0000] {processor.py:186} INFO - Started process (PID=4058) to work on /opt/airflow/dags/first_dag.py
[2025-11-15T09:49:36.790+0000] {processor.py:914} INFO - Processing file /opt/airflow/dags/first_dag.py for tasks to queue
[2025-11-15T09:49:36.792+0000] {logging_mixin.py:190} INFO - [2025-11-15T09:49:36.792+0000] {dagbag.py:588} INFO - Filling up the DagBag from /opt/airflow/dags/first_dag.py
[2025-11-15T09:49:36.828+0000] {processor.py:925} INFO - DAG(s) 'my_first_dag' retrieved from /opt/airflow/dags/first_dag.py
[2025-11-15T09:49:36.845+0000] {logging_mixin.py:190} INFO - [2025-11-15T09:49:36.845+0000] {dag.py:3239} INFO - Sync 1 DAGs
[2025-11-15T09:49:36.862+0000] {logging_mixin.py:190} INFO - [2025-11-15T09:49:36.862+0000] {dag.py:4180} INFO - Setting next_dagrun for my_first_dag to 2025-11-14 00:00:00+00:00, run_after=2025-11-15 00:00:00+00:00
[2025-11-15T09:49:37.023+0000] {processor.py:208} INFO - Processing /opt/airflow/dags/first_dag.py took 0.239 seconds
[2025-11-15T09:50:07.474+0000] {processor.py:186} INFO - Started process (PID=4124) to work on /opt/airflow/dags/first_dag.py
[2025-11-15T09:50:07.476+0000] {processor.py:914} INFO - Processing file /opt/airflow/dags/first_dag.py for tasks to queue
[2025-11-15T09:50:07.479+0000] {logging_mixin.py:190} INFO - [2025-11-15T09:50:07.478+0000] {dagbag.py:588} INFO - Filling up the DagBag from /opt/airflow/dags/first_dag.py
[2025-11-15T09:50:07.500+0000] {processor.py:925} INFO - DAG(s) 'my_first_dag' retrieved from /opt/airflow/dags/first_dag.py
[2025-11-15T09:50:07.517+0000] {logging_mixin.py:190} INFO - [2025-11-15T09:50:07.517+0000] {dag.py:3239} INFO - Sync 1 DAGs
[2025-11-15T09:50:07.537+0000] {logging_mixin.py:190} INFO - [2025-11-15T09:50:07.537+0000] {dag.py:4180} INFO - Setting next_dagrun for my_first_dag to 2025-11-14 00:00:00+00:00, run_after=2025-11-15 00:00:00+00:00
[2025-11-15T09:50:07.588+0000] {processor.py:208} INFO - Processing /opt/airflow/dags/first_dag.py took 0.118 seconds
[2025-11-15T09:50:38.081+0000] {processor.py:186} INFO - Started process (PID=4189) to work on /opt/airflow/dags/first_dag.py
[2025-11-15T09:50:38.082+0000] {processor.py:914} INFO - Processing file /opt/airflow/dags/first_dag.py for tasks to queue
[2025-11-15T09:50:38.085+0000] {logging_mixin.py:190} INFO - [2025-11-15T09:50:38.084+0000] {dagbag.py:588} INFO - Filling up the DagBag from /opt/airflow/dags/first_dag.py
[2025-11-15T09:50:38.112+0000] {processor.py:925} INFO - DAG(s) 'my_first_dag' retrieved from /opt/airflow/dags/first_dag.py
[2025-11-15T09:50:38.128+0000] {logging_mixin.py:190} INFO - [2025-11-15T09:50:38.128+0000] {dag.py:3239} INFO - Sync 1 DAGs
[2025-11-15T09:50:38.148+0000] {logging_mixin.py:190} INFO - [2025-11-15T09:50:38.147+0000] {dag.py:4180} INFO - Setting next_dagrun for my_first_dag to 2025-11-14 00:00:00+00:00, run_after=2025-11-15 00:00:00+00:00
[2025-11-15T09:50:38.394+0000] {processor.py:208} INFO - Processing /opt/airflow/dags/first_dag.py took 0.318 seconds
[2025-11-15T09:51:08.808+0000] {processor.py:186} INFO - Started process (PID=4254) to work on /opt/airflow/dags/first_dag.py
[2025-11-15T09:51:08.809+0000] {processor.py:914} INFO - Processing file /opt/airflow/dags/first_dag.py for tasks to queue
[2025-11-15T09:51:08.811+0000] {logging_mixin.py:190} INFO - [2025-11-15T09:51:08.811+0000] {dagbag.py:588} INFO - Filling up the DagBag from /opt/airflow/dags/first_dag.py
[2025-11-15T09:51:08.834+0000] {processor.py:925} INFO - DAG(s) 'my_first_dag' retrieved from /opt/airflow/dags/first_dag.py
[2025-11-15T09:51:08.854+0000] {logging_mixin.py:190} INFO - [2025-11-15T09:51:08.853+0000] {dag.py:3239} INFO - Sync 1 DAGs
[2025-11-15T09:51:08.875+0000] {logging_mixin.py:190} INFO - [2025-11-15T09:51:08.875+0000] {dag.py:4180} INFO - Setting next_dagrun for my_first_dag to 2025-11-14 00:00:00+00:00, run_after=2025-11-15 00:00:00+00:00
[2025-11-15T09:51:08.927+0000] {processor.py:208} INFO - Processing /opt/airflow/dags/first_dag.py took 0.124 seconds
[2025-11-15T09:51:39.145+0000] {processor.py:186} INFO - Started process (PID=4318) to work on /opt/airflow/dags/first_dag.py
[2025-11-15T09:51:39.146+0000] {processor.py:914} INFO - Processing file /opt/airflow/dags/first_dag.py for tasks to queue
[2025-11-15T09:51:39.148+0000] {logging_mixin.py:190} INFO - [2025-11-15T09:51:39.148+0000] {dagbag.py:588} INFO - Filling up the DagBag from /opt/airflow/dags/first_dag.py
[2025-11-15T09:51:39.167+0000] {processor.py:925} INFO - DAG(s) 'my_first_dag' retrieved from /opt/airflow/dags/first_dag.py
[2025-11-15T09:51:39.184+0000] {logging_mixin.py:190} INFO - [2025-11-15T09:51:39.184+0000] {dag.py:3239} INFO - Sync 1 DAGs
[2025-11-15T09:51:39.359+0000] {logging_mixin.py:190} INFO - [2025-11-15T09:51:39.359+0000] {dag.py:4180} INFO - Setting next_dagrun for my_first_dag to 2025-11-14 00:00:00+00:00, run_after=2025-11-15 00:00:00+00:00
[2025-11-15T09:51:39.373+0000] {processor.py:208} INFO - Processing /opt/airflow/dags/first_dag.py took 0.233 seconds
[2025-11-15T09:52:09.490+0000] {processor.py:186} INFO - Started process (PID=4383) to work on /opt/airflow/dags/first_dag.py
[2025-11-15T09:52:09.491+0000] {processor.py:914} INFO - Processing file /opt/airflow/dags/first_dag.py for tasks to queue
[2025-11-15T09:52:09.493+0000] {logging_mixin.py:190} INFO - [2025-11-15T09:52:09.492+0000] {dagbag.py:588} INFO - Filling up the DagBag from /opt/airflow/dags/first_dag.py
[2025-11-15T09:52:09.509+0000] {processor.py:925} INFO - DAG(s) 'my_first_dag' retrieved from /opt/airflow/dags/first_dag.py
[2025-11-15T09:52:09.527+0000] {logging_mixin.py:190} INFO - [2025-11-15T09:52:09.527+0000] {dag.py:3239} INFO - Sync 1 DAGs
[2025-11-15T09:52:09.544+0000] {logging_mixin.py:190} INFO - [2025-11-15T09:52:09.544+0000] {dag.py:4180} INFO - Setting next_dagrun for my_first_dag to 2025-11-14 00:00:00+00:00, run_after=2025-11-15 00:00:00+00:00
[2025-11-15T09:52:09.563+0000] {processor.py:208} INFO - Processing /opt/airflow/dags/first_dag.py took 0.077 seconds
[2025-11-15T09:52:39.762+0000] {processor.py:186} INFO - Started process (PID=4448) to work on /opt/airflow/dags/first_dag.py
[2025-11-15T09:52:39.763+0000] {processor.py:914} INFO - Processing file /opt/airflow/dags/first_dag.py for tasks to queue
[2025-11-15T09:52:39.765+0000] {logging_mixin.py:190} INFO - [2025-11-15T09:52:39.765+0000] {dagbag.py:588} INFO - Filling up the DagBag from /opt/airflow/dags/first_dag.py
[2025-11-15T09:52:39.791+0000] {processor.py:925} INFO - DAG(s) 'my_first_dag' retrieved from /opt/airflow/dags/first_dag.py
[2025-11-15T09:52:39.804+0000] {logging_mixin.py:190} INFO - [2025-11-15T09:52:39.804+0000] {dag.py:3239} INFO - Sync 1 DAGs
[2025-11-15T09:52:39.820+0000] {logging_mixin.py:190} INFO - [2025-11-15T09:52:39.819+0000] {dag.py:4180} INFO - Setting next_dagrun for my_first_dag to 2025-11-14 00:00:00+00:00, run_after=2025-11-15 00:00:00+00:00
[2025-11-15T09:52:39.833+0000] {processor.py:208} INFO - Processing /opt/airflow/dags/first_dag.py took 0.076 seconds
[2025-11-15T09:53:10.520+0000] {processor.py:186} INFO - Started process (PID=4513) to work on /opt/airflow/dags/first_dag.py
[2025-11-15T09:53:10.521+0000] {processor.py:914} INFO - Processing file /opt/airflow/dags/first_dag.py for tasks to queue
[2025-11-15T09:53:10.523+0000] {logging_mixin.py:190} INFO - [2025-11-15T09:53:10.523+0000] {dagbag.py:588} INFO - Filling up the DagBag from /opt/airflow/dags/first_dag.py
[2025-11-15T09:53:10.540+0000] {processor.py:925} INFO - DAG(s) 'my_first_dag' retrieved from /opt/airflow/dags/first_dag.py
[2025-11-15T09:53:10.558+0000] {logging_mixin.py:190} INFO - [2025-11-15T09:53:10.557+0000] {dag.py:3239} INFO - Sync 1 DAGs
[2025-11-15T09:53:10.577+0000] {logging_mixin.py:190} INFO - [2025-11-15T09:53:10.577+0000] {dag.py:4180} INFO - Setting next_dagrun for my_first_dag to 2025-11-14 00:00:00+00:00, run_after=2025-11-15 00:00:00+00:00
[2025-11-15T09:53:10.594+0000] {processor.py:208} INFO - Processing /opt/airflow/dags/first_dag.py took 0.078 seconds
[2025-11-15T09:53:41.012+0000] {processor.py:186} INFO - Started process (PID=4578) to work on /opt/airflow/dags/first_dag.py
[2025-11-15T09:53:41.013+0000] {processor.py:914} INFO - Processing file /opt/airflow/dags/first_dag.py for tasks to queue
[2025-11-15T09:53:41.016+0000] {logging_mixin.py:190} INFO - [2025-11-15T09:53:41.015+0000] {dagbag.py:588} INFO - Filling up the DagBag from /opt/airflow/dags/first_dag.py
[2025-11-15T09:53:41.044+0000] {processor.py:925} INFO - DAG(s) 'my_first_dag' retrieved from /opt/airflow/dags/first_dag.py
[2025-11-15T09:53:41.208+0000] {logging_mixin.py:190} INFO - [2025-11-15T09:53:41.208+0000] {dag.py:3239} INFO - Sync 1 DAGs
[2025-11-15T09:53:41.223+0000] {logging_mixin.py:190} INFO - [2025-11-15T09:53:41.223+0000] {dag.py:4180} INFO - Setting next_dagrun for my_first_dag to 2025-11-14 00:00:00+00:00, run_after=2025-11-15 00:00:00+00:00
[2025-11-15T09:53:41.235+0000] {processor.py:208} INFO - Processing /opt/airflow/dags/first_dag.py took 0.229 seconds
[2025-11-15T09:54:11.448+0000] {processor.py:186} INFO - Started process (PID=4643) to work on /opt/airflow/dags/first_dag.py
[2025-11-15T09:54:11.449+0000] {processor.py:914} INFO - Processing file /opt/airflow/dags/first_dag.py for tasks to queue
[2025-11-15T09:54:11.451+0000] {logging_mixin.py:190} INFO - [2025-11-15T09:54:11.451+0000] {dagbag.py:588} INFO - Filling up the DagBag from /opt/airflow/dags/first_dag.py
[2025-11-15T09:54:11.473+0000] {processor.py:925} INFO - DAG(s) 'my_first_dag' retrieved from /opt/airflow/dags/first_dag.py
[2025-11-15T09:54:11.487+0000] {logging_mixin.py:190} INFO - [2025-11-15T09:54:11.487+0000] {dag.py:3239} INFO - Sync 1 DAGs
[2025-11-15T09:54:11.650+0000] {logging_mixin.py:190} INFO - [2025-11-15T09:54:11.650+0000] {dag.py:4180} INFO - Setting next_dagrun for my_first_dag to 2025-11-14 00:00:00+00:00, run_after=2025-11-15 00:00:00+00:00
[2025-11-15T09:54:11.666+0000] {processor.py:208} INFO - Processing /opt/airflow/dags/first_dag.py took 0.224 seconds
[2025-11-15T09:54:41.885+0000] {processor.py:186} INFO - Started process (PID=4708) to work on /opt/airflow/dags/first_dag.py
[2025-11-15T09:54:41.887+0000] {processor.py:914} INFO - Processing file /opt/airflow/dags/first_dag.py for tasks to queue
[2025-11-15T09:54:41.889+0000] {logging_mixin.py:190} INFO - [2025-11-15T09:54:41.889+0000] {dagbag.py:588} INFO - Filling up the DagBag from /opt/airflow/dags/first_dag.py
[2025-11-15T09:54:41.911+0000] {processor.py:925} INFO - DAG(s) 'my_first_dag' retrieved from /opt/airflow/dags/first_dag.py
[2025-11-15T09:54:41.923+0000] {logging_mixin.py:190} INFO - [2025-11-15T09:54:41.923+0000] {dag.py:3239} INFO - Sync 1 DAGs
[2025-11-15T09:54:41.940+0000] {logging_mixin.py:190} INFO - [2025-11-15T09:54:41.939+0000] {dag.py:4180} INFO - Setting next_dagrun for my_first_dag to 2025-11-14 00:00:00+00:00, run_after=2025-11-15 00:00:00+00:00
[2025-11-15T09:54:41.956+0000] {processor.py:208} INFO - Processing /opt/airflow/dags/first_dag.py took 0.076 seconds
[2025-11-15T09:55:12.223+0000] {processor.py:186} INFO - Started process (PID=4773) to work on /opt/airflow/dags/first_dag.py
[2025-11-15T09:55:12.224+0000] {processor.py:914} INFO - Processing file /opt/airflow/dags/first_dag.py for tasks to queue
[2025-11-15T09:55:12.227+0000] {logging_mixin.py:190} INFO - [2025-11-15T09:55:12.226+0000] {dagbag.py:588} INFO - Filling up the DagBag from /opt/airflow/dags/first_dag.py
[2025-11-15T09:55:12.241+0000] {processor.py:925} INFO - DAG(s) 'my_first_dag' retrieved from /opt/airflow/dags/first_dag.py
[2025-11-15T09:55:12.256+0000] {logging_mixin.py:190} INFO - [2025-11-15T09:55:12.255+0000] {dag.py:3239} INFO - Sync 1 DAGs
[2025-11-15T09:55:12.274+0000] {logging_mixin.py:190} INFO - [2025-11-15T09:55:12.274+0000] {dag.py:4180} INFO - Setting next_dagrun for my_first_dag to 2025-11-14 00:00:00+00:00, run_after=2025-11-15 00:00:00+00:00
[2025-11-15T09:55:12.303+0000] {processor.py:208} INFO - Processing /opt/airflow/dags/first_dag.py took 0.088 seconds
[2025-11-15T09:55:42.570+0000] {processor.py:186} INFO - Started process (PID=4838) to work on /opt/airflow/dags/first_dag.py
[2025-11-15T09:55:42.574+0000] {processor.py:914} INFO - Processing file /opt/airflow/dags/first_dag.py for tasks to queue
[2025-11-15T09:55:42.575+0000] {logging_mixin.py:190} INFO - [2025-11-15T09:55:42.575+0000] {dagbag.py:588} INFO - Filling up the DagBag from /opt/airflow/dags/first_dag.py
[2025-11-15T09:55:42.588+0000] {processor.py:925} INFO - DAG(s) 'my_first_dag' retrieved from /opt/airflow/dags/first_dag.py
[2025-11-15T09:55:42.603+0000] {logging_mixin.py:190} INFO - [2025-11-15T09:55:42.602+0000] {dag.py:3239} INFO - Sync 1 DAGs
[2025-11-15T09:55:42.620+0000] {logging_mixin.py:190} INFO - [2025-11-15T09:55:42.619+0000] {dag.py:4180} INFO - Setting next_dagrun for my_first_dag to 2025-11-14 00:00:00+00:00, run_after=2025-11-15 00:00:00+00:00
[2025-11-15T09:55:42.639+0000] {processor.py:208} INFO - Processing /opt/airflow/dags/first_dag.py took 0.073 seconds
[2025-11-15T09:56:13.040+0000] {processor.py:186} INFO - Started process (PID=4903) to work on /opt/airflow/dags/first_dag.py
[2025-11-15T09:56:13.047+0000] {processor.py:914} INFO - Processing file /opt/airflow/dags/first_dag.py for tasks to queue
[2025-11-15T09:56:13.051+0000] {logging_mixin.py:190} INFO - [2025-11-15T09:56:13.051+0000] {dagbag.py:588} INFO - Filling up the DagBag from /opt/airflow/dags/first_dag.py
[2025-11-15T09:56:13.158+0000] {processor.py:925} INFO - DAG(s) 'my_first_dag' retrieved from /opt/airflow/dags/first_dag.py
[2025-11-15T09:56:13.173+0000] {logging_mixin.py:190} INFO - [2025-11-15T09:56:13.173+0000] {dag.py:3239} INFO - Sync 1 DAGs
[2025-11-15T09:56:13.191+0000] {logging_mixin.py:190} INFO - [2025-11-15T09:56:13.191+0000] {dag.py:4180} INFO - Setting next_dagrun for my_first_dag to 2025-11-14 00:00:00+00:00, run_after=2025-11-15 00:00:00+00:00
[2025-11-15T09:56:13.206+0000] {processor.py:208} INFO - Processing /opt/airflow/dags/first_dag.py took 0.172 seconds
[2025-11-15T09:56:43.876+0000] {processor.py:186} INFO - Started process (PID=4968) to work on /opt/airflow/dags/first_dag.py
[2025-11-15T09:56:43.877+0000] {processor.py:914} INFO - Processing file /opt/airflow/dags/first_dag.py for tasks to queue
[2025-11-15T09:56:43.879+0000] {logging_mixin.py:190} INFO - [2025-11-15T09:56:43.879+0000] {dagbag.py:588} INFO - Filling up the DagBag from /opt/airflow/dags/first_dag.py
[2025-11-15T09:56:43.897+0000] {processor.py:925} INFO - DAG(s) 'my_first_dag' retrieved from /opt/airflow/dags/first_dag.py
[2025-11-15T09:56:43.913+0000] {logging_mixin.py:190} INFO - [2025-11-15T09:56:43.912+0000] {dag.py:3239} INFO - Sync 1 DAGs
[2025-11-15T09:56:43.930+0000] {logging_mixin.py:190} INFO - [2025-11-15T09:56:43.930+0000] {dag.py:4180} INFO - Setting next_dagrun for my_first_dag to 2025-11-14 00:00:00+00:00, run_after=2025-11-15 00:00:00+00:00
[2025-11-15T09:56:43.946+0000] {processor.py:208} INFO - Processing /opt/airflow/dags/first_dag.py took 0.074 seconds
[2025-11-15T09:57:14.064+0000] {processor.py:186} INFO - Started process (PID=5034) to work on /opt/airflow/dags/first_dag.py
[2025-11-15T09:57:14.065+0000] {processor.py:914} INFO - Processing file /opt/airflow/dags/first_dag.py for tasks to queue
[2025-11-15T09:57:14.067+0000] {logging_mixin.py:190} INFO - [2025-11-15T09:57:14.066+0000] {dagbag.py:588} INFO - Filling up the DagBag from /opt/airflow/dags/first_dag.py
[2025-11-15T09:57:14.079+0000] {processor.py:925} INFO - DAG(s) 'my_first_dag' retrieved from /opt/airflow/dags/first_dag.py
[2025-11-15T09:57:14.092+0000] {logging_mixin.py:190} INFO - [2025-11-15T09:57:14.092+0000] {dag.py:3239} INFO - Sync 1 DAGs
[2025-11-15T09:57:14.107+0000] {logging_mixin.py:190} INFO - [2025-11-15T09:57:14.107+0000] {dag.py:4180} INFO - Setting next_dagrun for my_first_dag to 2025-11-14 00:00:00+00:00, run_after=2025-11-15 00:00:00+00:00
[2025-11-15T09:57:14.128+0000] {processor.py:208} INFO - Processing /opt/airflow/dags/first_dag.py took 0.068 seconds
[2025-11-15T09:57:44.219+0000] {processor.py:186} INFO - Started process (PID=5098) to work on /opt/airflow/dags/first_dag.py
[2025-11-15T09:57:44.220+0000] {processor.py:914} INFO - Processing file /opt/airflow/dags/first_dag.py for tasks to queue
[2025-11-15T09:57:44.222+0000] {logging_mixin.py:190} INFO - [2025-11-15T09:57:44.222+0000] {dagbag.py:588} INFO - Filling up the DagBag from /opt/airflow/dags/first_dag.py
[2025-11-15T09:57:44.233+0000] {processor.py:925} INFO - DAG(s) 'my_first_dag' retrieved from /opt/airflow/dags/first_dag.py
[2025-11-15T09:57:44.247+0000] {logging_mixin.py:190} INFO - [2025-11-15T09:57:44.247+0000] {dag.py:3239} INFO - Sync 1 DAGs
[2025-11-15T09:57:44.262+0000] {logging_mixin.py:190} INFO - [2025-11-15T09:57:44.262+0000] {dag.py:4180} INFO - Setting next_dagrun for my_first_dag to 2025-11-14 00:00:00+00:00, run_after=2025-11-15 00:00:00+00:00
[2025-11-15T09:57:44.277+0000] {processor.py:208} INFO - Processing /opt/airflow/dags/first_dag.py took 0.062 seconds
[2025-11-15T09:58:14.481+0000] {processor.py:186} INFO - Started process (PID=5169) to work on /opt/airflow/dags/first_dag.py
[2025-11-15T09:58:14.482+0000] {processor.py:914} INFO - Processing file /opt/airflow/dags/first_dag.py for tasks to queue
[2025-11-15T09:58:14.484+0000] {logging_mixin.py:190} INFO - [2025-11-15T09:58:14.484+0000] {dagbag.py:588} INFO - Filling up the DagBag from /opt/airflow/dags/first_dag.py
[2025-11-15T09:58:14.506+0000] {processor.py:925} INFO - DAG(s) 'my_first_dag' retrieved from /opt/airflow/dags/first_dag.py
[2025-11-15T09:58:14.520+0000] {logging_mixin.py:190} INFO - [2025-11-15T09:58:14.520+0000] {dag.py:3239} INFO - Sync 1 DAGs
[2025-11-15T09:58:14.536+0000] {logging_mixin.py:190} INFO - [2025-11-15T09:58:14.536+0000] {dag.py:4180} INFO - Setting next_dagrun for my_first_dag to 2025-11-14 00:00:00+00:00, run_after=2025-11-15 00:00:00+00:00
[2025-11-15T09:58:14.553+0000] {processor.py:208} INFO - Processing /opt/airflow/dags/first_dag.py took 0.076 seconds
[2025-11-15T09:58:44.685+0000] {processor.py:186} INFO - Started process (PID=5235) to work on /opt/airflow/dags/first_dag.py
[2025-11-15T09:58:44.686+0000] {processor.py:914} INFO - Processing file /opt/airflow/dags/first_dag.py for tasks to queue
[2025-11-15T09:58:44.688+0000] {logging_mixin.py:190} INFO - [2025-11-15T09:58:44.688+0000] {dagbag.py:588} INFO - Filling up the DagBag from /opt/airflow/dags/first_dag.py
[2025-11-15T09:58:44.703+0000] {processor.py:925} INFO - DAG(s) 'my_first_dag' retrieved from /opt/airflow/dags/first_dag.py
[2025-11-15T09:58:44.716+0000] {logging_mixin.py:190} INFO - [2025-11-15T09:58:44.716+0000] {dag.py:3239} INFO - Sync 1 DAGs
[2025-11-15T09:58:44.732+0000] {logging_mixin.py:190} INFO - [2025-11-15T09:58:44.732+0000] {dag.py:4180} INFO - Setting next_dagrun for my_first_dag to 2025-11-14 00:00:00+00:00, run_after=2025-11-15 00:00:00+00:00
[2025-11-15T09:58:44.749+0000] {processor.py:208} INFO - Processing /opt/airflow/dags/first_dag.py took 0.069 seconds
[2025-11-15T09:59:14.939+0000] {processor.py:186} INFO - Started process (PID=5299) to work on /opt/airflow/dags/first_dag.py
[2025-11-15T09:59:14.940+0000] {processor.py:914} INFO - Processing file /opt/airflow/dags/first_dag.py for tasks to queue
[2025-11-15T09:59:14.947+0000] {logging_mixin.py:190} INFO - [2025-11-15T09:59:14.947+0000] {dagbag.py:588} INFO - Filling up the DagBag from /opt/airflow/dags/first_dag.py
[2025-11-15T09:59:14.970+0000] {processor.py:925} INFO - DAG(s) 'my_first_dag' retrieved from /opt/airflow/dags/first_dag.py
[2025-11-15T09:59:14.984+0000] {logging_mixin.py:190} INFO - [2025-11-15T09:59:14.984+0000] {dag.py:3239} INFO - Sync 1 DAGs
[2025-11-15T09:59:15.004+0000] {logging_mixin.py:190} INFO - [2025-11-15T09:59:15.004+0000] {dag.py:4180} INFO - Setting next_dagrun for my_first_dag to 2025-11-14 00:00:00+00:00, run_after=2025-11-15 00:00:00+00:00
[2025-11-15T09:59:15.020+0000] {processor.py:208} INFO - Processing /opt/airflow/dags/first_dag.py took 0.085 seconds
[2025-11-15T09:59:45.237+0000] {processor.py:186} INFO - Started process (PID=5364) to work on /opt/airflow/dags/first_dag.py
[2025-11-15T09:59:45.242+0000] {processor.py:914} INFO - Processing file /opt/airflow/dags/first_dag.py for tasks to queue
[2025-11-15T09:59:45.244+0000] {logging_mixin.py:190} INFO - [2025-11-15T09:59:45.244+0000] {dagbag.py:588} INFO - Filling up the DagBag from /opt/airflow/dags/first_dag.py
[2025-11-15T09:59:45.281+0000] {processor.py:925} INFO - DAG(s) 'my_first_dag' retrieved from /opt/airflow/dags/first_dag.py
[2025-11-15T09:59:45.296+0000] {logging_mixin.py:190} INFO - [2025-11-15T09:59:45.296+0000] {dag.py:3239} INFO - Sync 1 DAGs
[2025-11-15T09:59:45.312+0000] {logging_mixin.py:190} INFO - [2025-11-15T09:59:45.312+0000] {dag.py:4180} INFO - Setting next_dagrun for my_first_dag to 2025-11-14 00:00:00+00:00, run_after=2025-11-15 00:00:00+00:00
[2025-11-15T09:59:45.326+0000] {processor.py:208} INFO - Processing /opt/airflow/dags/first_dag.py took 0.093 seconds
[2025-11-15T10:00:15.474+0000] {processor.py:186} INFO - Started process (PID=5430) to work on /opt/airflow/dags/first_dag.py
[2025-11-15T10:00:15.475+0000] {processor.py:914} INFO - Processing file /opt/airflow/dags/first_dag.py for tasks to queue
[2025-11-15T10:00:15.478+0000] {logging_mixin.py:190} INFO - [2025-11-15T10:00:15.478+0000] {dagbag.py:588} INFO - Filling up the DagBag from /opt/airflow/dags/first_dag.py
[2025-11-15T10:00:15.507+0000] {processor.py:925} INFO - DAG(s) 'my_first_dag' retrieved from /opt/airflow/dags/first_dag.py
[2025-11-15T10:00:15.524+0000] {logging_mixin.py:190} INFO - [2025-11-15T10:00:15.523+0000] {dag.py:3239} INFO - Sync 1 DAGs
[2025-11-15T10:00:15.539+0000] {logging_mixin.py:190} INFO - [2025-11-15T10:00:15.539+0000] {dag.py:4180} INFO - Setting next_dagrun for my_first_dag to 2025-11-14 00:00:00+00:00, run_after=2025-11-15 00:00:00+00:00
[2025-11-15T10:00:15.555+0000] {processor.py:208} INFO - Processing /opt/airflow/dags/first_dag.py took 0.087 seconds
[2025-11-15T10:00:45.747+0000] {processor.py:186} INFO - Started process (PID=5495) to work on /opt/airflow/dags/first_dag.py
[2025-11-15T10:00:45.748+0000] {processor.py:914} INFO - Processing file /opt/airflow/dags/first_dag.py for tasks to queue
[2025-11-15T10:00:45.751+0000] {logging_mixin.py:190} INFO - [2025-11-15T10:00:45.750+0000] {dagbag.py:588} INFO - Filling up the DagBag from /opt/airflow/dags/first_dag.py
[2025-11-15T10:00:45.766+0000] {processor.py:925} INFO - DAG(s) 'my_first_dag' retrieved from /opt/airflow/dags/first_dag.py
[2025-11-15T10:00:45.779+0000] {logging_mixin.py:190} INFO - [2025-11-15T10:00:45.779+0000] {dag.py:3239} INFO - Sync 1 DAGs
[2025-11-15T10:00:45.793+0000] {logging_mixin.py:190} INFO - [2025-11-15T10:00:45.793+0000] {dag.py:4180} INFO - Setting next_dagrun for my_first_dag to 2025-11-14 00:00:00+00:00, run_after=2025-11-15 00:00:00+00:00
[2025-11-15T10:00:45.809+0000] {processor.py:208} INFO - Processing /opt/airflow/dags/first_dag.py took 0.066 seconds
[2025-11-15T10:01:16.200+0000] {processor.py:186} INFO - Started process (PID=5559) to work on /opt/airflow/dags/first_dag.py
[2025-11-15T10:01:16.202+0000] {processor.py:914} INFO - Processing file /opt/airflow/dags/first_dag.py for tasks to queue
[2025-11-15T10:01:16.206+0000] {logging_mixin.py:190} INFO - [2025-11-15T10:01:16.205+0000] {dagbag.py:588} INFO - Filling up the DagBag from /opt/airflow/dags/first_dag.py
[2025-11-15T10:01:16.236+0000] {processor.py:925} INFO - DAG(s) 'my_first_dag' retrieved from /opt/airflow/dags/first_dag.py
[2025-11-15T10:01:16.250+0000] {logging_mixin.py:190} INFO - [2025-11-15T10:01:16.250+0000] {dag.py:3239} INFO - Sync 1 DAGs
[2025-11-15T10:01:16.265+0000] {logging_mixin.py:190} INFO - [2025-11-15T10:01:16.265+0000] {dag.py:4180} INFO - Setting next_dagrun for my_first_dag to 2025-11-14 00:00:00+00:00, run_after=2025-11-15 00:00:00+00:00
[2025-11-15T10:01:16.281+0000] {processor.py:208} INFO - Processing /opt/airflow/dags/first_dag.py took 0.090 seconds
[2025-11-15T10:01:46.370+0000] {processor.py:186} INFO - Started process (PID=5624) to work on /opt/airflow/dags/first_dag.py
[2025-11-15T10:01:46.371+0000] {processor.py:914} INFO - Processing file /opt/airflow/dags/first_dag.py for tasks to queue
[2025-11-15T10:01:46.373+0000] {logging_mixin.py:190} INFO - [2025-11-15T10:01:46.373+0000] {dagbag.py:588} INFO - Filling up the DagBag from /opt/airflow/dags/first_dag.py
[2025-11-15T10:01:46.386+0000] {processor.py:925} INFO - DAG(s) 'my_first_dag' retrieved from /opt/airflow/dags/first_dag.py
[2025-11-15T10:01:46.400+0000] {logging_mixin.py:190} INFO - [2025-11-15T10:01:46.400+0000] {dag.py:3239} INFO - Sync 1 DAGs
[2025-11-15T10:01:46.415+0000] {logging_mixin.py:190} INFO - [2025-11-15T10:01:46.415+0000] {dag.py:4180} INFO - Setting next_dagrun for my_first_dag to 2025-11-14 00:00:00+00:00, run_after=2025-11-15 00:00:00+00:00
[2025-11-15T10:01:46.430+0000] {processor.py:208} INFO - Processing /opt/airflow/dags/first_dag.py took 0.064 seconds
[2025-11-15T10:02:16.641+0000] {processor.py:186} INFO - Started process (PID=5689) to work on /opt/airflow/dags/first_dag.py
[2025-11-15T10:02:16.642+0000] {processor.py:914} INFO - Processing file /opt/airflow/dags/first_dag.py for tasks to queue
[2025-11-15T10:02:16.644+0000] {logging_mixin.py:190} INFO - [2025-11-15T10:02:16.644+0000] {dagbag.py:588} INFO - Filling up the DagBag from /opt/airflow/dags/first_dag.py
[2025-11-15T10:02:16.659+0000] {processor.py:925} INFO - DAG(s) 'my_first_dag' retrieved from /opt/airflow/dags/first_dag.py
[2025-11-15T10:02:16.674+0000] {logging_mixin.py:190} INFO - [2025-11-15T10:02:16.673+0000] {dag.py:3239} INFO - Sync 1 DAGs
[2025-11-15T10:02:16.690+0000] {logging_mixin.py:190} INFO - [2025-11-15T10:02:16.689+0000] {dag.py:4180} INFO - Setting next_dagrun for my_first_dag to 2025-11-14 00:00:00+00:00, run_after=2025-11-15 00:00:00+00:00
[2025-11-15T10:02:16.703+0000] {processor.py:208} INFO - Processing /opt/airflow/dags/first_dag.py took 0.066 seconds
[2025-11-15T10:02:47.346+0000] {processor.py:186} INFO - Started process (PID=5754) to work on /opt/airflow/dags/first_dag.py
[2025-11-15T10:02:47.349+0000] {processor.py:914} INFO - Processing file /opt/airflow/dags/first_dag.py for tasks to queue
[2025-11-15T10:02:47.351+0000] {logging_mixin.py:190} INFO - [2025-11-15T10:02:47.350+0000] {dagbag.py:588} INFO - Filling up the DagBag from /opt/airflow/dags/first_dag.py
[2025-11-15T10:02:47.380+0000] {processor.py:925} INFO - DAG(s) 'my_first_dag' retrieved from /opt/airflow/dags/first_dag.py
[2025-11-15T10:02:47.394+0000] {logging_mixin.py:190} INFO - [2025-11-15T10:02:47.394+0000] {dag.py:3239} INFO - Sync 1 DAGs
[2025-11-15T10:02:47.409+0000] {logging_mixin.py:190} INFO - [2025-11-15T10:02:47.408+0000] {dag.py:4180} INFO - Setting next_dagrun for my_first_dag to 2025-11-14 00:00:00+00:00, run_after=2025-11-15 00:00:00+00:00
[2025-11-15T10:02:47.422+0000] {processor.py:208} INFO - Processing /opt/airflow/dags/first_dag.py took 0.080 seconds
[2025-11-15T10:03:17.565+0000] {processor.py:186} INFO - Started process (PID=5818) to work on /opt/airflow/dags/first_dag.py
[2025-11-15T10:03:17.570+0000] {processor.py:914} INFO - Processing file /opt/airflow/dags/first_dag.py for tasks to queue
[2025-11-15T10:03:17.573+0000] {logging_mixin.py:190} INFO - [2025-11-15T10:03:17.573+0000] {dagbag.py:588} INFO - Filling up the DagBag from /opt/airflow/dags/first_dag.py
[2025-11-15T10:03:17.679+0000] {processor.py:925} INFO - DAG(s) 'my_first_dag' retrieved from /opt/airflow/dags/first_dag.py
[2025-11-15T10:03:17.696+0000] {logging_mixin.py:190} INFO - [2025-11-15T10:03:17.696+0000] {dag.py:3239} INFO - Sync 1 DAGs
[2025-11-15T10:03:17.713+0000] {logging_mixin.py:190} INFO - [2025-11-15T10:03:17.712+0000] {dag.py:4180} INFO - Setting next_dagrun for my_first_dag to 2025-11-14 00:00:00+00:00, run_after=2025-11-15 00:00:00+00:00
[2025-11-15T10:03:17.737+0000] {processor.py:208} INFO - Processing /opt/airflow/dags/first_dag.py took 0.176 seconds
[2025-11-15T10:03:48.331+0000] {processor.py:186} INFO - Started process (PID=5883) to work on /opt/airflow/dags/first_dag.py
[2025-11-15T10:03:48.332+0000] {processor.py:914} INFO - Processing file /opt/airflow/dags/first_dag.py for tasks to queue
[2025-11-15T10:03:48.335+0000] {logging_mixin.py:190} INFO - [2025-11-15T10:03:48.334+0000] {dagbag.py:588} INFO - Filling up the DagBag from /opt/airflow/dags/first_dag.py
[2025-11-15T10:03:48.366+0000] {processor.py:925} INFO - DAG(s) 'my_first_dag' retrieved from /opt/airflow/dags/first_dag.py
[2025-11-15T10:03:48.380+0000] {logging_mixin.py:190} INFO - [2025-11-15T10:03:48.380+0000] {dag.py:3239} INFO - Sync 1 DAGs
[2025-11-15T10:03:48.395+0000] {logging_mixin.py:190} INFO - [2025-11-15T10:03:48.395+0000] {dag.py:4180} INFO - Setting next_dagrun for my_first_dag to 2025-11-14 00:00:00+00:00, run_after=2025-11-15 00:00:00+00:00
[2025-11-15T10:03:48.413+0000] {processor.py:208} INFO - Processing /opt/airflow/dags/first_dag.py took 0.086 seconds
[2025-11-15T10:04:18.604+0000] {processor.py:186} INFO - Started process (PID=5938) to work on /opt/airflow/dags/first_dag.py
[2025-11-15T10:04:18.605+0000] {processor.py:914} INFO - Processing file /opt/airflow/dags/first_dag.py for tasks to queue
[2025-11-15T10:04:18.610+0000] {logging_mixin.py:190} INFO - [2025-11-15T10:04:18.609+0000] {dagbag.py:588} INFO - Filling up the DagBag from /opt/airflow/dags/first_dag.py
[2025-11-15T10:04:18.706+0000] {processor.py:925} INFO - DAG(s) 'my_first_dag' retrieved from /opt/airflow/dags/first_dag.py
[2025-11-15T10:04:18.719+0000] {logging_mixin.py:190} INFO - [2025-11-15T10:04:18.719+0000] {dag.py:3239} INFO - Sync 1 DAGs
[2025-11-15T10:04:18.735+0000] {logging_mixin.py:190} INFO - [2025-11-15T10:04:18.734+0000] {dag.py:4180} INFO - Setting next_dagrun for my_first_dag to 2025-11-14 00:00:00+00:00, run_after=2025-11-15 00:00:00+00:00
[2025-11-15T10:04:18.748+0000] {processor.py:208} INFO - Processing /opt/airflow/dags/first_dag.py took 0.149 seconds
[2025-11-15T10:04:49.661+0000] {processor.py:186} INFO - Started process (PID=6003) to work on /opt/airflow/dags/first_dag.py
[2025-11-15T10:04:49.663+0000] {processor.py:914} INFO - Processing file /opt/airflow/dags/first_dag.py for tasks to queue
[2025-11-15T10:04:49.665+0000] {logging_mixin.py:190} INFO - [2025-11-15T10:04:49.665+0000] {dagbag.py:588} INFO - Filling up the DagBag from /opt/airflow/dags/first_dag.py
[2025-11-15T10:04:49.713+0000] {processor.py:925} INFO - DAG(s) 'my_first_dag' retrieved from /opt/airflow/dags/first_dag.py
[2025-11-15T10:04:49.726+0000] {logging_mixin.py:190} INFO - [2025-11-15T10:04:49.726+0000] {dag.py:3239} INFO - Sync 1 DAGs
[2025-11-15T10:04:49.741+0000] {logging_mixin.py:190} INFO - [2025-11-15T10:04:49.741+0000] {dag.py:4180} INFO - Setting next_dagrun for my_first_dag to 2025-11-14 00:00:00+00:00, run_after=2025-11-15 00:00:00+00:00
[2025-11-15T10:04:49.760+0000] {processor.py:208} INFO - Processing /opt/airflow/dags/first_dag.py took 0.105 seconds
[2025-11-15T10:05:20.425+0000] {processor.py:186} INFO - Started process (PID=6068) to work on /opt/airflow/dags/first_dag.py
[2025-11-15T10:05:20.437+0000] {processor.py:914} INFO - Processing file /opt/airflow/dags/first_dag.py for tasks to queue
[2025-11-15T10:05:20.446+0000] {logging_mixin.py:190} INFO - [2025-11-15T10:05:20.446+0000] {dagbag.py:588} INFO - Filling up the DagBag from /opt/airflow/dags/first_dag.py
[2025-11-15T10:05:20.602+0000] {processor.py:925} INFO - DAG(s) 'my_first_dag' retrieved from /opt/airflow/dags/first_dag.py
[2025-11-15T10:05:20.617+0000] {logging_mixin.py:190} INFO - [2025-11-15T10:05:20.617+0000] {dag.py:3239} INFO - Sync 1 DAGs
[2025-11-15T10:05:20.633+0000] {logging_mixin.py:190} INFO - [2025-11-15T10:05:20.633+0000] {dag.py:4180} INFO - Setting next_dagrun for my_first_dag to 2025-11-14 00:00:00+00:00, run_after=2025-11-15 00:00:00+00:00
[2025-11-15T10:05:20.670+0000] {processor.py:208} INFO - Processing /opt/airflow/dags/first_dag.py took 0.253 seconds
[2025-11-15T10:05:50.913+0000] {processor.py:186} INFO - Started process (PID=6133) to work on /opt/airflow/dags/first_dag.py
[2025-11-15T10:05:50.914+0000] {processor.py:914} INFO - Processing file /opt/airflow/dags/first_dag.py for tasks to queue
[2025-11-15T10:05:50.916+0000] {logging_mixin.py:190} INFO - [2025-11-15T10:05:50.916+0000] {dagbag.py:588} INFO - Filling up the DagBag from /opt/airflow/dags/first_dag.py
[2025-11-15T10:05:50.942+0000] {processor.py:925} INFO - DAG(s) 'my_first_dag' retrieved from /opt/airflow/dags/first_dag.py
[2025-11-15T10:05:50.955+0000] {logging_mixin.py:190} INFO - [2025-11-15T10:05:50.955+0000] {dag.py:3239} INFO - Sync 1 DAGs
[2025-11-15T10:05:50.971+0000] {logging_mixin.py:190} INFO - [2025-11-15T10:05:50.971+0000] {dag.py:4180} INFO - Setting next_dagrun for my_first_dag to 2025-11-14 00:00:00+00:00, run_after=2025-11-15 00:00:00+00:00
[2025-11-15T10:05:50.989+0000] {processor.py:208} INFO - Processing /opt/airflow/dags/first_dag.py took 0.082 seconds
[2025-11-15T10:06:21.050+0000] {processor.py:186} INFO - Started process (PID=6197) to work on /opt/airflow/dags/first_dag.py
[2025-11-15T10:06:21.052+0000] {processor.py:914} INFO - Processing file /opt/airflow/dags/first_dag.py for tasks to queue
[2025-11-15T10:06:21.055+0000] {logging_mixin.py:190} INFO - [2025-11-15T10:06:21.055+0000] {dagbag.py:588} INFO - Filling up the DagBag from /opt/airflow/dags/first_dag.py
[2025-11-15T10:06:21.089+0000] {processor.py:925} INFO - DAG(s) 'my_first_dag' retrieved from /opt/airflow/dags/first_dag.py
[2025-11-15T10:06:21.108+0000] {logging_mixin.py:190} INFO - [2025-11-15T10:06:21.108+0000] {dag.py:3239} INFO - Sync 1 DAGs
[2025-11-15T10:06:21.129+0000] {logging_mixin.py:190} INFO - [2025-11-15T10:06:21.129+0000] {dag.py:4180} INFO - Setting next_dagrun for my_first_dag to 2025-11-14 00:00:00+00:00, run_after=2025-11-15 00:00:00+00:00
[2025-11-15T10:06:21.151+0000] {processor.py:208} INFO - Processing /opt/airflow/dags/first_dag.py took 0.107 seconds
[2025-11-15T10:06:51.268+0000] {processor.py:186} INFO - Started process (PID=6263) to work on /opt/airflow/dags/first_dag.py
[2025-11-15T10:06:51.269+0000] {processor.py:914} INFO - Processing file /opt/airflow/dags/first_dag.py for tasks to queue
[2025-11-15T10:06:51.272+0000] {logging_mixin.py:190} INFO - [2025-11-15T10:06:51.272+0000] {dagbag.py:588} INFO - Filling up the DagBag from /opt/airflow/dags/first_dag.py
[2025-11-15T10:06:51.307+0000] {processor.py:925} INFO - DAG(s) 'my_first_dag' retrieved from /opt/airflow/dags/first_dag.py
[2025-11-15T10:06:51.326+0000] {logging_mixin.py:190} INFO - [2025-11-15T10:06:51.326+0000] {dag.py:3239} INFO - Sync 1 DAGs
[2025-11-15T10:06:51.344+0000] {logging_mixin.py:190} INFO - [2025-11-15T10:06:51.344+0000] {dag.py:4180} INFO - Setting next_dagrun for my_first_dag to 2025-11-14 00:00:00+00:00, run_after=2025-11-15 00:00:00+00:00
[2025-11-15T10:06:51.365+0000] {processor.py:208} INFO - Processing /opt/airflow/dags/first_dag.py took 0.102 seconds
[2025-11-15T10:07:21.529+0000] {processor.py:186} INFO - Started process (PID=6326) to work on /opt/airflow/dags/first_dag.py
[2025-11-15T10:07:21.530+0000] {processor.py:914} INFO - Processing file /opt/airflow/dags/first_dag.py for tasks to queue
[2025-11-15T10:07:21.532+0000] {logging_mixin.py:190} INFO - [2025-11-15T10:07:21.532+0000] {dagbag.py:588} INFO - Filling up the DagBag from /opt/airflow/dags/first_dag.py
[2025-11-15T10:07:21.553+0000] {processor.py:925} INFO - DAG(s) 'my_first_dag' retrieved from /opt/airflow/dags/first_dag.py
[2025-11-15T10:07:21.569+0000] {logging_mixin.py:190} INFO - [2025-11-15T10:07:21.569+0000] {dag.py:3239} INFO - Sync 1 DAGs
[2025-11-15T10:07:21.585+0000] {logging_mixin.py:190} INFO - [2025-11-15T10:07:21.585+0000] {dag.py:4180} INFO - Setting next_dagrun for my_first_dag to 2025-11-14 00:00:00+00:00, run_after=2025-11-15 00:00:00+00:00
[2025-11-15T10:07:21.599+0000] {processor.py:208} INFO - Processing /opt/airflow/dags/first_dag.py took 0.074 seconds
[2025-11-15T10:07:52.380+0000] {processor.py:186} INFO - Started process (PID=6388) to work on /opt/airflow/dags/first_dag.py
[2025-11-15T10:07:52.381+0000] {processor.py:914} INFO - Processing file /opt/airflow/dags/first_dag.py for tasks to queue
[2025-11-15T10:07:52.386+0000] {logging_mixin.py:190} INFO - [2025-11-15T10:07:52.385+0000] {dagbag.py:588} INFO - Filling up the DagBag from /opt/airflow/dags/first_dag.py
[2025-11-15T10:07:52.425+0000] {processor.py:925} INFO - DAG(s) 'my_first_dag' retrieved from /opt/airflow/dags/first_dag.py
[2025-11-15T10:07:52.449+0000] {logging_mixin.py:190} INFO - [2025-11-15T10:07:52.448+0000] {dag.py:3239} INFO - Sync 1 DAGs
[2025-11-15T10:07:52.469+0000] {logging_mixin.py:190} INFO - [2025-11-15T10:07:52.468+0000] {dag.py:4180} INFO - Setting next_dagrun for my_first_dag to 2025-11-14 00:00:00+00:00, run_after=2025-11-15 00:00:00+00:00
[2025-11-15T10:07:52.488+0000] {processor.py:208} INFO - Processing /opt/airflow/dags/first_dag.py took 0.114 seconds
[2025-11-15T10:08:22.810+0000] {processor.py:186} INFO - Started process (PID=6452) to work on /opt/airflow/dags/first_dag.py
[2025-11-15T10:08:22.812+0000] {processor.py:914} INFO - Processing file /opt/airflow/dags/first_dag.py for tasks to queue
[2025-11-15T10:08:22.815+0000] {logging_mixin.py:190} INFO - [2025-11-15T10:08:22.814+0000] {dagbag.py:588} INFO - Filling up the DagBag from /opt/airflow/dags/first_dag.py
[2025-11-15T10:08:22.842+0000] {processor.py:925} INFO - DAG(s) 'my_first_dag' retrieved from /opt/airflow/dags/first_dag.py
[2025-11-15T10:08:22.860+0000] {logging_mixin.py:190} INFO - [2025-11-15T10:08:22.859+0000] {dag.py:3239} INFO - Sync 1 DAGs
[2025-11-15T10:08:22.878+0000] {logging_mixin.py:190} INFO - [2025-11-15T10:08:22.878+0000] {dag.py:4180} INFO - Setting next_dagrun for my_first_dag to 2025-11-14 00:00:00+00:00, run_after=2025-11-15 00:00:00+00:00
[2025-11-15T10:08:22.897+0000] {processor.py:208} INFO - Processing /opt/airflow/dags/first_dag.py took 0.093 seconds
[2025-11-15T10:08:53.510+0000] {processor.py:186} INFO - Started process (PID=6518) to work on /opt/airflow/dags/first_dag.py
[2025-11-15T10:08:53.511+0000] {processor.py:914} INFO - Processing file /opt/airflow/dags/first_dag.py for tasks to queue
[2025-11-15T10:08:53.513+0000] {logging_mixin.py:190} INFO - [2025-11-15T10:08:53.513+0000] {dagbag.py:588} INFO - Filling up the DagBag from /opt/airflow/dags/first_dag.py
[2025-11-15T10:08:53.532+0000] {processor.py:925} INFO - DAG(s) 'my_first_dag' retrieved from /opt/airflow/dags/first_dag.py
[2025-11-15T10:08:53.545+0000] {logging_mixin.py:190} INFO - [2025-11-15T10:08:53.545+0000] {dag.py:3239} INFO - Sync 1 DAGs
[2025-11-15T10:08:53.561+0000] {logging_mixin.py:190} INFO - [2025-11-15T10:08:53.561+0000] {dag.py:4180} INFO - Setting next_dagrun for my_first_dag to 2025-11-14 00:00:00+00:00, run_after=2025-11-15 00:00:00+00:00
[2025-11-15T10:08:53.595+0000] {processor.py:208} INFO - Processing /opt/airflow/dags/first_dag.py took 0.090 seconds
[2025-11-15T10:09:23.965+0000] {processor.py:186} INFO - Started process (PID=6582) to work on /opt/airflow/dags/first_dag.py
[2025-11-15T10:09:23.966+0000] {processor.py:914} INFO - Processing file /opt/airflow/dags/first_dag.py for tasks to queue
[2025-11-15T10:09:23.968+0000] {logging_mixin.py:190} INFO - [2025-11-15T10:09:23.968+0000] {dagbag.py:588} INFO - Filling up the DagBag from /opt/airflow/dags/first_dag.py
[2025-11-15T10:09:23.986+0000] {processor.py:925} INFO - DAG(s) 'my_first_dag' retrieved from /opt/airflow/dags/first_dag.py
[2025-11-15T10:09:24.001+0000] {logging_mixin.py:190} INFO - [2025-11-15T10:09:24.000+0000] {dag.py:3239} INFO - Sync 1 DAGs
[2025-11-15T10:09:24.020+0000] {logging_mixin.py:190} INFO - [2025-11-15T10:09:24.020+0000] {dag.py:4180} INFO - Setting next_dagrun for my_first_dag to 2025-11-14 00:00:00+00:00, run_after=2025-11-15 00:00:00+00:00
[2025-11-15T10:09:24.039+0000] {processor.py:208} INFO - Processing /opt/airflow/dags/first_dag.py took 0.078 seconds
[2025-11-15T10:09:54.744+0000] {processor.py:186} INFO - Started process (PID=6644) to work on /opt/airflow/dags/first_dag.py
[2025-11-15T10:09:54.745+0000] {processor.py:914} INFO - Processing file /opt/airflow/dags/first_dag.py for tasks to queue
[2025-11-15T10:09:54.747+0000] {logging_mixin.py:190} INFO - [2025-11-15T10:09:54.747+0000] {dagbag.py:588} INFO - Filling up the DagBag from /opt/airflow/dags/first_dag.py
[2025-11-15T10:09:54.771+0000] {processor.py:925} INFO - DAG(s) 'my_first_dag' retrieved from /opt/airflow/dags/first_dag.py
[2025-11-15T10:09:54.787+0000] {logging_mixin.py:190} INFO - [2025-11-15T10:09:54.786+0000] {dag.py:3239} INFO - Sync 1 DAGs
[2025-11-15T10:09:54.807+0000] {logging_mixin.py:190} INFO - [2025-11-15T10:09:54.807+0000] {dag.py:4180} INFO - Setting next_dagrun for my_first_dag to 2025-11-14 00:00:00+00:00, run_after=2025-11-15 00:00:00+00:00
[2025-11-15T10:09:54.824+0000] {processor.py:208} INFO - Processing /opt/airflow/dags/first_dag.py took 0.085 seconds
[2025-11-15T10:10:25.471+0000] {processor.py:186} INFO - Started process (PID=6715) to work on /opt/airflow/dags/first_dag.py
[2025-11-15T10:10:25.472+0000] {processor.py:914} INFO - Processing file /opt/airflow/dags/first_dag.py for tasks to queue
[2025-11-15T10:10:25.474+0000] {logging_mixin.py:190} INFO - [2025-11-15T10:10:25.474+0000] {dagbag.py:588} INFO - Filling up the DagBag from /opt/airflow/dags/first_dag.py
[2025-11-15T10:10:25.491+0000] {processor.py:925} INFO - DAG(s) 'my_first_dag' retrieved from /opt/airflow/dags/first_dag.py
[2025-11-15T10:10:25.506+0000] {logging_mixin.py:190} INFO - [2025-11-15T10:10:25.505+0000] {dag.py:3239} INFO - Sync 1 DAGs
[2025-11-15T10:10:25.522+0000] {logging_mixin.py:190} INFO - [2025-11-15T10:10:25.522+0000] {dag.py:4180} INFO - Setting next_dagrun for my_first_dag to 2025-11-14 00:00:00+00:00, run_after=2025-11-15 00:00:00+00:00
[2025-11-15T10:10:25.540+0000] {processor.py:208} INFO - Processing /opt/airflow/dags/first_dag.py took 0.073 seconds
[2025-11-15T10:10:55.839+0000] {processor.py:186} INFO - Started process (PID=6780) to work on /opt/airflow/dags/first_dag.py
[2025-11-15T10:10:55.840+0000] {processor.py:914} INFO - Processing file /opt/airflow/dags/first_dag.py for tasks to queue
[2025-11-15T10:10:55.842+0000] {logging_mixin.py:190} INFO - [2025-11-15T10:10:55.841+0000] {dagbag.py:588} INFO - Filling up the DagBag from /opt/airflow/dags/first_dag.py
[2025-11-15T10:10:55.855+0000] {processor.py:925} INFO - DAG(s) 'my_first_dag' retrieved from /opt/airflow/dags/first_dag.py
[2025-11-15T10:10:55.867+0000] {logging_mixin.py:190} INFO - [2025-11-15T10:10:55.867+0000] {dag.py:3239} INFO - Sync 1 DAGs
[2025-11-15T10:10:55.882+0000] {logging_mixin.py:190} INFO - [2025-11-15T10:10:55.881+0000] {dag.py:4180} INFO - Setting next_dagrun for my_first_dag to 2025-11-14 00:00:00+00:00, run_after=2025-11-15 00:00:00+00:00
[2025-11-15T10:10:55.898+0000] {processor.py:208} INFO - Processing /opt/airflow/dags/first_dag.py took 0.064 seconds
[2025-11-15T10:11:26.537+0000] {processor.py:186} INFO - Started process (PID=6845) to work on /opt/airflow/dags/first_dag.py
[2025-11-15T10:11:26.539+0000] {processor.py:914} INFO - Processing file /opt/airflow/dags/first_dag.py for tasks to queue
[2025-11-15T10:11:26.542+0000] {logging_mixin.py:190} INFO - [2025-11-15T10:11:26.541+0000] {dagbag.py:588} INFO - Filling up the DagBag from /opt/airflow/dags/first_dag.py
[2025-11-15T10:11:26.571+0000] {processor.py:925} INFO - DAG(s) 'my_first_dag' retrieved from /opt/airflow/dags/first_dag.py
[2025-11-15T10:11:26.586+0000] {logging_mixin.py:190} INFO - [2025-11-15T10:11:26.586+0000] {dag.py:3239} INFO - Sync 1 DAGs
[2025-11-15T10:11:26.603+0000] {logging_mixin.py:190} INFO - [2025-11-15T10:11:26.603+0000] {dag.py:4180} INFO - Setting next_dagrun for my_first_dag to 2025-11-14 00:00:00+00:00, run_after=2025-11-15 00:00:00+00:00
[2025-11-15T10:11:26.620+0000] {processor.py:208} INFO - Processing /opt/airflow/dags/first_dag.py took 0.089 seconds
[2025-11-15T10:11:57.172+0000] {processor.py:186} INFO - Started process (PID=6910) to work on /opt/airflow/dags/first_dag.py
[2025-11-15T10:11:57.180+0000] {processor.py:914} INFO - Processing file /opt/airflow/dags/first_dag.py for tasks to queue
[2025-11-15T10:11:57.183+0000] {logging_mixin.py:190} INFO - [2025-11-15T10:11:57.183+0000] {dagbag.py:588} INFO - Filling up the DagBag from /opt/airflow/dags/first_dag.py
[2025-11-15T10:11:57.214+0000] {processor.py:925} INFO - DAG(s) 'my_first_dag' retrieved from /opt/airflow/dags/first_dag.py
[2025-11-15T10:11:57.229+0000] {logging_mixin.py:190} INFO - [2025-11-15T10:11:57.228+0000] {dag.py:3239} INFO - Sync 1 DAGs
[2025-11-15T10:11:57.247+0000] {logging_mixin.py:190} INFO - [2025-11-15T10:11:57.247+0000] {dag.py:4180} INFO - Setting next_dagrun for my_first_dag to 2025-11-14 00:00:00+00:00, run_after=2025-11-15 00:00:00+00:00
[2025-11-15T10:11:57.262+0000] {processor.py:208} INFO - Processing /opt/airflow/dags/first_dag.py took 0.095 seconds
[2025-11-15T10:12:27.351+0000] {processor.py:186} INFO - Started process (PID=6975) to work on /opt/airflow/dags/first_dag.py
[2025-11-15T10:12:27.352+0000] {processor.py:914} INFO - Processing file /opt/airflow/dags/first_dag.py for tasks to queue
[2025-11-15T10:12:27.354+0000] {logging_mixin.py:190} INFO - [2025-11-15T10:12:27.354+0000] {dagbag.py:588} INFO - Filling up the DagBag from /opt/airflow/dags/first_dag.py
[2025-11-15T10:12:27.368+0000] {processor.py:925} INFO - DAG(s) 'my_first_dag' retrieved from /opt/airflow/dags/first_dag.py
[2025-11-15T10:12:27.381+0000] {logging_mixin.py:190} INFO - [2025-11-15T10:12:27.381+0000] {dag.py:3239} INFO - Sync 1 DAGs
[2025-11-15T10:12:27.396+0000] {logging_mixin.py:190} INFO - [2025-11-15T10:12:27.396+0000] {dag.py:4180} INFO - Setting next_dagrun for my_first_dag to 2025-11-14 00:00:00+00:00, run_after=2025-11-15 00:00:00+00:00
[2025-11-15T10:12:27.415+0000] {processor.py:208} INFO - Processing /opt/airflow/dags/first_dag.py took 0.068 seconds
[2025-11-15T10:12:57.532+0000] {processor.py:186} INFO - Started process (PID=7040) to work on /opt/airflow/dags/first_dag.py
[2025-11-15T10:12:57.533+0000] {processor.py:914} INFO - Processing file /opt/airflow/dags/first_dag.py for tasks to queue
[2025-11-15T10:12:57.535+0000] {logging_mixin.py:190} INFO - [2025-11-15T10:12:57.535+0000] {dagbag.py:588} INFO - Filling up the DagBag from /opt/airflow/dags/first_dag.py
[2025-11-15T10:12:57.550+0000] {processor.py:925} INFO - DAG(s) 'my_first_dag' retrieved from /opt/airflow/dags/first_dag.py
[2025-11-15T10:12:57.564+0000] {logging_mixin.py:190} INFO - [2025-11-15T10:12:57.564+0000] {dag.py:3239} INFO - Sync 1 DAGs
[2025-11-15T10:12:57.581+0000] {logging_mixin.py:190} INFO - [2025-11-15T10:12:57.581+0000] {dag.py:4180} INFO - Setting next_dagrun for my_first_dag to 2025-11-14 00:00:00+00:00, run_after=2025-11-15 00:00:00+00:00
[2025-11-15T10:12:57.596+0000] {processor.py:208} INFO - Processing /opt/airflow/dags/first_dag.py took 0.069 seconds
[2025-11-15T10:13:27.794+0000] {processor.py:186} INFO - Started process (PID=7104) to work on /opt/airflow/dags/first_dag.py
[2025-11-15T10:13:27.795+0000] {processor.py:914} INFO - Processing file /opt/airflow/dags/first_dag.py for tasks to queue
[2025-11-15T10:13:27.797+0000] {logging_mixin.py:190} INFO - [2025-11-15T10:13:27.797+0000] {dagbag.py:588} INFO - Filling up the DagBag from /opt/airflow/dags/first_dag.py
[2025-11-15T10:13:27.829+0000] {processor.py:925} INFO - DAG(s) 'my_first_dag' retrieved from /opt/airflow/dags/first_dag.py
[2025-11-15T10:13:27.844+0000] {logging_mixin.py:190} INFO - [2025-11-15T10:13:27.843+0000] {dag.py:3239} INFO - Sync 1 DAGs
[2025-11-15T10:13:27.860+0000] {logging_mixin.py:190} INFO - [2025-11-15T10:13:27.860+0000] {dag.py:4180} INFO - Setting next_dagrun for my_first_dag to 2025-11-14 00:00:00+00:00, run_after=2025-11-15 00:00:00+00:00
[2025-11-15T10:13:27.875+0000] {processor.py:208} INFO - Processing /opt/airflow/dags/first_dag.py took 0.086 seconds
[2025-11-15T10:13:58.040+0000] {processor.py:186} INFO - Started process (PID=7162) to work on /opt/airflow/dags/first_dag.py
[2025-11-15T10:13:58.041+0000] {processor.py:914} INFO - Processing file /opt/airflow/dags/first_dag.py for tasks to queue
[2025-11-15T10:13:58.043+0000] {logging_mixin.py:190} INFO - [2025-11-15T10:13:58.043+0000] {dagbag.py:588} INFO - Filling up the DagBag from /opt/airflow/dags/first_dag.py
[2025-11-15T10:13:58.075+0000] {processor.py:925} INFO - DAG(s) 'my_first_dag' retrieved from /opt/airflow/dags/first_dag.py
[2025-11-15T10:13:58.099+0000] {logging_mixin.py:190} INFO - [2025-11-15T10:13:58.099+0000] {dag.py:3239} INFO - Sync 1 DAGs
[2025-11-15T10:13:58.120+0000] {logging_mixin.py:190} INFO - [2025-11-15T10:13:58.120+0000] {dag.py:4180} INFO - Setting next_dagrun for my_first_dag to 2025-11-14 00:00:00+00:00, run_after=2025-11-15 00:00:00+00:00
[2025-11-15T10:13:58.137+0000] {processor.py:208} INFO - Processing /opt/airflow/dags/first_dag.py took 0.102 seconds
[2025-11-15T10:14:28.482+0000] {processor.py:186} INFO - Started process (PID=7228) to work on /opt/airflow/dags/first_dag.py
[2025-11-15T10:14:28.483+0000] {processor.py:914} INFO - Processing file /opt/airflow/dags/first_dag.py for tasks to queue
[2025-11-15T10:14:28.486+0000] {logging_mixin.py:190} INFO - [2025-11-15T10:14:28.485+0000] {dagbag.py:588} INFO - Filling up the DagBag from /opt/airflow/dags/first_dag.py
[2025-11-15T10:14:28.502+0000] {processor.py:925} INFO - DAG(s) 'my_first_dag' retrieved from /opt/airflow/dags/first_dag.py
[2025-11-15T10:14:28.517+0000] {logging_mixin.py:190} INFO - [2025-11-15T10:14:28.516+0000] {dag.py:3239} INFO - Sync 1 DAGs
[2025-11-15T10:14:28.533+0000] {logging_mixin.py:190} INFO - [2025-11-15T10:14:28.533+0000] {dag.py:4180} INFO - Setting next_dagrun for my_first_dag to 2025-11-14 00:00:00+00:00, run_after=2025-11-15 00:00:00+00:00
[2025-11-15T10:14:28.549+0000] {processor.py:208} INFO - Processing /opt/airflow/dags/first_dag.py took 0.072 seconds
[2025-11-15T10:14:59.054+0000] {processor.py:186} INFO - Started process (PID=7294) to work on /opt/airflow/dags/first_dag.py
[2025-11-15T10:14:59.055+0000] {processor.py:914} INFO - Processing file /opt/airflow/dags/first_dag.py for tasks to queue
[2025-11-15T10:14:59.058+0000] {logging_mixin.py:190} INFO - [2025-11-15T10:14:59.058+0000] {dagbag.py:588} INFO - Filling up the DagBag from /opt/airflow/dags/first_dag.py
[2025-11-15T10:14:59.084+0000] {processor.py:925} INFO - DAG(s) 'my_first_dag' retrieved from /opt/airflow/dags/first_dag.py
[2025-11-15T10:14:59.102+0000] {logging_mixin.py:190} INFO - [2025-11-15T10:14:59.102+0000] {dag.py:3239} INFO - Sync 1 DAGs
[2025-11-15T10:14:59.121+0000] {logging_mixin.py:190} INFO - [2025-11-15T10:14:59.121+0000] {dag.py:4180} INFO - Setting next_dagrun for my_first_dag to 2025-11-14 00:00:00+00:00, run_after=2025-11-15 00:00:00+00:00
[2025-11-15T10:14:59.139+0000] {processor.py:208} INFO - Processing /opt/airflow/dags/first_dag.py took 0.091 seconds
[2025-11-15T10:15:29.820+0000] {processor.py:186} INFO - Started process (PID=7360) to work on /opt/airflow/dags/first_dag.py
[2025-11-15T10:15:29.822+0000] {processor.py:914} INFO - Processing file /opt/airflow/dags/first_dag.py for tasks to queue
[2025-11-15T10:15:29.824+0000] {logging_mixin.py:190} INFO - [2025-11-15T10:15:29.824+0000] {dagbag.py:588} INFO - Filling up the DagBag from /opt/airflow/dags/first_dag.py
[2025-11-15T10:15:29.844+0000] {processor.py:925} INFO - DAG(s) 'my_first_dag' retrieved from /opt/airflow/dags/first_dag.py
[2025-11-15T10:15:29.858+0000] {logging_mixin.py:190} INFO - [2025-11-15T10:15:29.857+0000] {dag.py:3239} INFO - Sync 1 DAGs
[2025-11-15T10:15:29.876+0000] {logging_mixin.py:190} INFO - [2025-11-15T10:15:29.876+0000] {dag.py:4180} INFO - Setting next_dagrun for my_first_dag to 2025-11-14 00:00:00+00:00, run_after=2025-11-15 00:00:00+00:00
[2025-11-15T10:15:29.892+0000] {processor.py:208} INFO - Processing /opt/airflow/dags/first_dag.py took 0.077 seconds
[2025-11-15T10:16:00.386+0000] {processor.py:186} INFO - Started process (PID=7426) to work on /opt/airflow/dags/first_dag.py
[2025-11-15T10:16:00.387+0000] {processor.py:914} INFO - Processing file /opt/airflow/dags/first_dag.py for tasks to queue
[2025-11-15T10:16:00.389+0000] {logging_mixin.py:190} INFO - [2025-11-15T10:16:00.389+0000] {dagbag.py:588} INFO - Filling up the DagBag from /opt/airflow/dags/first_dag.py
[2025-11-15T10:16:00.413+0000] {processor.py:925} INFO - DAG(s) 'my_first_dag' retrieved from /opt/airflow/dags/first_dag.py
[2025-11-15T10:16:00.428+0000] {logging_mixin.py:190} INFO - [2025-11-15T10:16:00.428+0000] {dag.py:3239} INFO - Sync 1 DAGs
[2025-11-15T10:16:00.444+0000] {logging_mixin.py:190} INFO - [2025-11-15T10:16:00.444+0000] {dag.py:4180} INFO - Setting next_dagrun for my_first_dag to 2025-11-14 00:00:00+00:00, run_after=2025-11-15 00:00:00+00:00
[2025-11-15T10:16:00.458+0000] {processor.py:208} INFO - Processing /opt/airflow/dags/first_dag.py took 0.077 seconds
[2025-11-15T10:16:31.319+0000] {processor.py:186} INFO - Started process (PID=7492) to work on /opt/airflow/dags/first_dag.py
[2025-11-15T10:16:31.319+0000] {processor.py:914} INFO - Processing file /opt/airflow/dags/first_dag.py for tasks to queue
[2025-11-15T10:16:31.321+0000] {logging_mixin.py:190} INFO - [2025-11-15T10:16:31.321+0000] {dagbag.py:588} INFO - Filling up the DagBag from /opt/airflow/dags/first_dag.py
[2025-11-15T10:16:31.339+0000] {processor.py:925} INFO - DAG(s) 'my_first_dag' retrieved from /opt/airflow/dags/first_dag.py
[2025-11-15T10:16:31.352+0000] {logging_mixin.py:190} INFO - [2025-11-15T10:16:31.352+0000] {dag.py:3239} INFO - Sync 1 DAGs
[2025-11-15T10:16:31.368+0000] {logging_mixin.py:190} INFO - [2025-11-15T10:16:31.368+0000] {dag.py:4180} INFO - Setting next_dagrun for my_first_dag to 2025-11-14 00:00:00+00:00, run_after=2025-11-15 00:00:00+00:00
[2025-11-15T10:16:31.383+0000] {processor.py:208} INFO - Processing /opt/airflow/dags/first_dag.py took 0.069 seconds
[2025-11-15T10:17:01.983+0000] {processor.py:186} INFO - Started process (PID=7558) to work on /opt/airflow/dags/first_dag.py
[2025-11-15T10:17:01.986+0000] {processor.py:914} INFO - Processing file /opt/airflow/dags/first_dag.py for tasks to queue
[2025-11-15T10:17:01.988+0000] {logging_mixin.py:190} INFO - [2025-11-15T10:17:01.988+0000] {dagbag.py:588} INFO - Filling up the DagBag from /opt/airflow/dags/first_dag.py
[2025-11-15T10:17:02.001+0000] {processor.py:925} INFO - DAG(s) 'my_first_dag' retrieved from /opt/airflow/dags/first_dag.py
[2025-11-15T10:17:02.015+0000] {logging_mixin.py:190} INFO - [2025-11-15T10:17:02.015+0000] {dag.py:3239} INFO - Sync 1 DAGs
[2025-11-15T10:17:02.032+0000] {logging_mixin.py:190} INFO - [2025-11-15T10:17:02.032+0000] {dag.py:4180} INFO - Setting next_dagrun for my_first_dag to 2025-11-14 00:00:00+00:00, run_after=2025-11-15 00:00:00+00:00
[2025-11-15T10:17:02.048+0000] {processor.py:208} INFO - Processing /opt/airflow/dags/first_dag.py took 0.070 seconds
[2025-11-15T10:17:32.406+0000] {processor.py:186} INFO - Started process (PID=7624) to work on /opt/airflow/dags/first_dag.py
[2025-11-15T10:17:32.407+0000] {processor.py:914} INFO - Processing file /opt/airflow/dags/first_dag.py for tasks to queue
[2025-11-15T10:17:32.409+0000] {logging_mixin.py:190} INFO - [2025-11-15T10:17:32.409+0000] {dagbag.py:588} INFO - Filling up the DagBag from /opt/airflow/dags/first_dag.py
[2025-11-15T10:17:32.428+0000] {processor.py:925} INFO - DAG(s) 'my_first_dag' retrieved from /opt/airflow/dags/first_dag.py
[2025-11-15T10:17:32.440+0000] {logging_mixin.py:190} INFO - [2025-11-15T10:17:32.440+0000] {dag.py:3239} INFO - Sync 1 DAGs
[2025-11-15T10:17:32.459+0000] {logging_mixin.py:190} INFO - [2025-11-15T10:17:32.458+0000] {dag.py:4180} INFO - Setting next_dagrun for my_first_dag to 2025-11-14 00:00:00+00:00, run_after=2025-11-15 00:00:00+00:00
[2025-11-15T10:17:32.474+0000] {processor.py:208} INFO - Processing /opt/airflow/dags/first_dag.py took 0.073 seconds
[2025-11-15T10:18:02.601+0000] {processor.py:186} INFO - Started process (PID=7686) to work on /opt/airflow/dags/first_dag.py
[2025-11-15T10:18:02.606+0000] {processor.py:914} INFO - Processing file /opt/airflow/dags/first_dag.py for tasks to queue
[2025-11-15T10:18:02.611+0000] {logging_mixin.py:190} INFO - [2025-11-15T10:18:02.611+0000] {dagbag.py:588} INFO - Filling up the DagBag from /opt/airflow/dags/first_dag.py
[2025-11-15T10:18:02.713+0000] {processor.py:925} INFO - DAG(s) 'my_first_dag' retrieved from /opt/airflow/dags/first_dag.py
[2025-11-15T10:18:02.727+0000] {logging_mixin.py:190} INFO - [2025-11-15T10:18:02.726+0000] {dag.py:3239} INFO - Sync 1 DAGs
[2025-11-15T10:18:02.748+0000] {logging_mixin.py:190} INFO - [2025-11-15T10:18:02.748+0000] {dag.py:4180} INFO - Setting next_dagrun for my_first_dag to 2025-11-14 00:00:00+00:00, run_after=2025-11-15 00:00:00+00:00
[2025-11-15T10:18:02.768+0000] {processor.py:208} INFO - Processing /opt/airflow/dags/first_dag.py took 0.173 seconds
[2025-11-15T10:18:33.441+0000] {processor.py:186} INFO - Started process (PID=7751) to work on /opt/airflow/dags/first_dag.py
[2025-11-15T10:18:33.442+0000] {processor.py:914} INFO - Processing file /opt/airflow/dags/first_dag.py for tasks to queue
[2025-11-15T10:18:33.444+0000] {logging_mixin.py:190} INFO - [2025-11-15T10:18:33.444+0000] {dagbag.py:588} INFO - Filling up the DagBag from /opt/airflow/dags/first_dag.py
[2025-11-15T10:18:33.458+0000] {processor.py:925} INFO - DAG(s) 'my_first_dag' retrieved from /opt/airflow/dags/first_dag.py
[2025-11-15T10:18:33.474+0000] {logging_mixin.py:190} INFO - [2025-11-15T10:18:33.473+0000] {dag.py:3239} INFO - Sync 1 DAGs
[2025-11-15T10:18:33.492+0000] {logging_mixin.py:190} INFO - [2025-11-15T10:18:33.492+0000] {dag.py:4180} INFO - Setting next_dagrun for my_first_dag to 2025-11-14 00:00:00+00:00, run_after=2025-11-15 00:00:00+00:00
[2025-11-15T10:18:33.507+0000] {processor.py:208} INFO - Processing /opt/airflow/dags/first_dag.py took 0.072 seconds
[2025-11-15T10:19:04.444+0000] {processor.py:186} INFO - Started process (PID=7817) to work on /opt/airflow/dags/first_dag.py
[2025-11-15T10:19:04.445+0000] {processor.py:914} INFO - Processing file /opt/airflow/dags/first_dag.py for tasks to queue
[2025-11-15T10:19:04.448+0000] {logging_mixin.py:190} INFO - [2025-11-15T10:19:04.448+0000] {dagbag.py:588} INFO - Filling up the DagBag from /opt/airflow/dags/first_dag.py
[2025-11-15T10:19:04.506+0000] {processor.py:925} INFO - DAG(s) 'my_first_dag' retrieved from /opt/airflow/dags/first_dag.py
[2025-11-15T10:19:04.521+0000] {logging_mixin.py:190} INFO - [2025-11-15T10:19:04.521+0000] {dag.py:3239} INFO - Sync 1 DAGs
[2025-11-15T10:19:04.537+0000] {logging_mixin.py:190} INFO - [2025-11-15T10:19:04.537+0000] {dag.py:4180} INFO - Setting next_dagrun for my_first_dag to 2025-11-14 00:00:00+00:00, run_after=2025-11-15 00:00:00+00:00
[2025-11-15T10:19:04.559+0000] {processor.py:208} INFO - Processing /opt/airflow/dags/first_dag.py took 0.121 seconds
[2025-11-15T10:19:34.791+0000] {processor.py:186} INFO - Started process (PID=7883) to work on /opt/airflow/dags/first_dag.py
[2025-11-15T10:19:34.794+0000] {processor.py:914} INFO - Processing file /opt/airflow/dags/first_dag.py for tasks to queue
[2025-11-15T10:19:34.796+0000] {logging_mixin.py:190} INFO - [2025-11-15T10:19:34.796+0000] {dagbag.py:588} INFO - Filling up the DagBag from /opt/airflow/dags/first_dag.py
[2025-11-15T10:19:34.809+0000] {processor.py:925} INFO - DAG(s) 'my_first_dag' retrieved from /opt/airflow/dags/first_dag.py
[2025-11-15T10:19:34.823+0000] {logging_mixin.py:190} INFO - [2025-11-15T10:19:34.822+0000] {dag.py:3239} INFO - Sync 1 DAGs
[2025-11-15T10:19:34.837+0000] {logging_mixin.py:190} INFO - [2025-11-15T10:19:34.837+0000] {dag.py:4180} INFO - Setting next_dagrun for my_first_dag to 2025-11-14 00:00:00+00:00, run_after=2025-11-15 00:00:00+00:00
[2025-11-15T10:19:34.854+0000] {processor.py:208} INFO - Processing /opt/airflow/dags/first_dag.py took 0.068 seconds
[2025-11-15T10:20:05.750+0000] {processor.py:186} INFO - Started process (PID=7949) to work on /opt/airflow/dags/first_dag.py
[2025-11-15T10:20:05.751+0000] {processor.py:914} INFO - Processing file /opt/airflow/dags/first_dag.py for tasks to queue
[2025-11-15T10:20:05.753+0000] {logging_mixin.py:190} INFO - [2025-11-15T10:20:05.752+0000] {dagbag.py:588} INFO - Filling up the DagBag from /opt/airflow/dags/first_dag.py
[2025-11-15T10:20:05.765+0000] {processor.py:925} INFO - DAG(s) 'my_first_dag' retrieved from /opt/airflow/dags/first_dag.py
[2025-11-15T10:20:05.778+0000] {logging_mixin.py:190} INFO - [2025-11-15T10:20:05.778+0000] {dag.py:3239} INFO - Sync 1 DAGs
[2025-11-15T10:20:05.797+0000] {logging_mixin.py:190} INFO - [2025-11-15T10:20:05.797+0000] {dag.py:4180} INFO - Setting next_dagrun for my_first_dag to 2025-11-14 00:00:00+00:00, run_after=2025-11-15 00:00:00+00:00
[2025-11-15T10:20:05.814+0000] {processor.py:208} INFO - Processing /opt/airflow/dags/first_dag.py took 0.068 seconds
[2025-11-15T10:20:36.813+0000] {processor.py:186} INFO - Started process (PID=8015) to work on /opt/airflow/dags/first_dag.py
[2025-11-15T10:20:36.815+0000] {processor.py:914} INFO - Processing file /opt/airflow/dags/first_dag.py for tasks to queue
[2025-11-15T10:20:36.820+0000] {logging_mixin.py:190} INFO - [2025-11-15T10:20:36.819+0000] {dagbag.py:588} INFO - Filling up the DagBag from /opt/airflow/dags/first_dag.py
[2025-11-15T10:20:36.851+0000] {processor.py:925} INFO - DAG(s) 'my_first_dag' retrieved from /opt/airflow/dags/first_dag.py
[2025-11-15T10:20:36.867+0000] {logging_mixin.py:190} INFO - [2025-11-15T10:20:36.867+0000] {dag.py:3239} INFO - Sync 1 DAGs
[2025-11-15T10:20:36.885+0000] {logging_mixin.py:190} INFO - [2025-11-15T10:20:36.885+0000] {dag.py:4180} INFO - Setting next_dagrun for my_first_dag to 2025-11-14 00:00:00+00:00, run_after=2025-11-15 00:00:00+00:00
[2025-11-15T10:20:36.902+0000] {processor.py:208} INFO - Processing /opt/airflow/dags/first_dag.py took 0.094 seconds
[2025-11-15T10:21:07.439+0000] {processor.py:186} INFO - Started process (PID=8087) to work on /opt/airflow/dags/first_dag.py
[2025-11-15T10:21:07.441+0000] {processor.py:914} INFO - Processing file /opt/airflow/dags/first_dag.py for tasks to queue
[2025-11-15T10:21:07.446+0000] {logging_mixin.py:190} INFO - [2025-11-15T10:21:07.446+0000] {dagbag.py:588} INFO - Filling up the DagBag from /opt/airflow/dags/first_dag.py
[2025-11-15T10:21:07.492+0000] {processor.py:925} INFO - DAG(s) 'my_first_dag' retrieved from /opt/airflow/dags/first_dag.py
[2025-11-15T10:21:07.509+0000] {logging_mixin.py:190} INFO - [2025-11-15T10:21:07.509+0000] {dag.py:3239} INFO - Sync 1 DAGs
[2025-11-15T10:21:07.529+0000] {logging_mixin.py:190} INFO - [2025-11-15T10:21:07.529+0000] {dag.py:4180} INFO - Setting next_dagrun for my_first_dag to 2025-11-14 00:00:00+00:00, run_after=2025-11-15 00:00:00+00:00
[2025-11-15T10:21:07.549+0000] {processor.py:208} INFO - Processing /opt/airflow/dags/first_dag.py took 0.115 seconds
[2025-11-15T10:21:38.151+0000] {processor.py:186} INFO - Started process (PID=8153) to work on /opt/airflow/dags/first_dag.py
[2025-11-15T10:21:38.152+0000] {processor.py:914} INFO - Processing file /opt/airflow/dags/first_dag.py for tasks to queue
[2025-11-15T10:21:38.155+0000] {logging_mixin.py:190} INFO - [2025-11-15T10:21:38.154+0000] {dagbag.py:588} INFO - Filling up the DagBag from /opt/airflow/dags/first_dag.py
[2025-11-15T10:21:38.177+0000] {processor.py:925} INFO - DAG(s) 'my_first_dag' retrieved from /opt/airflow/dags/first_dag.py
[2025-11-15T10:21:38.189+0000] {logging_mixin.py:190} INFO - [2025-11-15T10:21:38.189+0000] {dag.py:3239} INFO - Sync 1 DAGs
[2025-11-15T10:21:38.205+0000] {logging_mixin.py:190} INFO - [2025-11-15T10:21:38.204+0000] {dag.py:4180} INFO - Setting next_dagrun for my_first_dag to 2025-11-14 00:00:00+00:00, run_after=2025-11-15 00:00:00+00:00
[2025-11-15T10:21:38.219+0000] {processor.py:208} INFO - Processing /opt/airflow/dags/first_dag.py took 0.073 seconds
[2025-11-15T10:22:08.267+0000] {processor.py:186} INFO - Started process (PID=8219) to work on /opt/airflow/dags/first_dag.py
[2025-11-15T10:22:08.268+0000] {processor.py:914} INFO - Processing file /opt/airflow/dags/first_dag.py for tasks to queue
[2025-11-15T10:22:08.270+0000] {logging_mixin.py:190} INFO - [2025-11-15T10:22:08.270+0000] {dagbag.py:588} INFO - Filling up the DagBag from /opt/airflow/dags/first_dag.py
[2025-11-15T10:22:08.285+0000] {processor.py:925} INFO - DAG(s) 'my_first_dag' retrieved from /opt/airflow/dags/first_dag.py
[2025-11-15T10:22:08.299+0000] {logging_mixin.py:190} INFO - [2025-11-15T10:22:08.299+0000] {dag.py:3239} INFO - Sync 1 DAGs
[2025-11-15T10:22:08.315+0000] {logging_mixin.py:190} INFO - [2025-11-15T10:22:08.315+0000] {dag.py:4180} INFO - Setting next_dagrun for my_first_dag to 2025-11-14 00:00:00+00:00, run_after=2025-11-15 00:00:00+00:00
[2025-11-15T10:22:08.329+0000] {processor.py:208} INFO - Processing /opt/airflow/dags/first_dag.py took 0.067 seconds
[2025-11-15T10:22:38.444+0000] {processor.py:186} INFO - Started process (PID=8283) to work on /opt/airflow/dags/first_dag.py
[2025-11-15T10:22:38.445+0000] {processor.py:914} INFO - Processing file /opt/airflow/dags/first_dag.py for tasks to queue
[2025-11-15T10:22:38.447+0000] {logging_mixin.py:190} INFO - [2025-11-15T10:22:38.447+0000] {dagbag.py:588} INFO - Filling up the DagBag from /opt/airflow/dags/first_dag.py
[2025-11-15T10:22:38.463+0000] {processor.py:925} INFO - DAG(s) 'my_first_dag' retrieved from /opt/airflow/dags/first_dag.py
[2025-11-15T10:22:38.477+0000] {logging_mixin.py:190} INFO - [2025-11-15T10:22:38.477+0000] {dag.py:3239} INFO - Sync 1 DAGs
[2025-11-15T10:22:38.493+0000] {logging_mixin.py:190} INFO - [2025-11-15T10:22:38.492+0000] {dag.py:4180} INFO - Setting next_dagrun for my_first_dag to 2025-11-14 00:00:00+00:00, run_after=2025-11-15 00:00:00+00:00
[2025-11-15T10:22:38.508+0000] {processor.py:208} INFO - Processing /opt/airflow/dags/first_dag.py took 0.069 seconds
[2025-11-15T10:23:08.930+0000] {processor.py:186} INFO - Started process (PID=8347) to work on /opt/airflow/dags/first_dag.py
[2025-11-15T10:23:08.931+0000] {processor.py:914} INFO - Processing file /opt/airflow/dags/first_dag.py for tasks to queue
[2025-11-15T10:23:08.933+0000] {logging_mixin.py:190} INFO - [2025-11-15T10:23:08.933+0000] {dagbag.py:588} INFO - Filling up the DagBag from /opt/airflow/dags/first_dag.py
[2025-11-15T10:23:08.958+0000] {processor.py:925} INFO - DAG(s) 'my_first_dag' retrieved from /opt/airflow/dags/first_dag.py
[2025-11-15T10:23:08.974+0000] {logging_mixin.py:190} INFO - [2025-11-15T10:23:08.974+0000] {dag.py:3239} INFO - Sync 1 DAGs
[2025-11-15T10:23:08.992+0000] {logging_mixin.py:190} INFO - [2025-11-15T10:23:08.992+0000] {dag.py:4180} INFO - Setting next_dagrun for my_first_dag to 2025-11-14 00:00:00+00:00, run_after=2025-11-15 00:00:00+00:00
[2025-11-15T10:23:09.012+0000] {processor.py:208} INFO - Processing /opt/airflow/dags/first_dag.py took 0.087 seconds
[2025-11-15T10:23:39.220+0000] {processor.py:186} INFO - Started process (PID=8411) to work on /opt/airflow/dags/first_dag.py
[2025-11-15T10:23:39.221+0000] {processor.py:914} INFO - Processing file /opt/airflow/dags/first_dag.py for tasks to queue
[2025-11-15T10:23:39.223+0000] {logging_mixin.py:190} INFO - [2025-11-15T10:23:39.223+0000] {dagbag.py:588} INFO - Filling up the DagBag from /opt/airflow/dags/first_dag.py
[2025-11-15T10:23:39.241+0000] {processor.py:925} INFO - DAG(s) 'my_first_dag' retrieved from /opt/airflow/dags/first_dag.py
[2025-11-15T10:23:39.258+0000] {logging_mixin.py:190} INFO - [2025-11-15T10:23:39.257+0000] {dag.py:3239} INFO - Sync 1 DAGs
[2025-11-15T10:23:39.277+0000] {logging_mixin.py:190} INFO - [2025-11-15T10:23:39.277+0000] {dag.py:4180} INFO - Setting next_dagrun for my_first_dag to 2025-11-14 00:00:00+00:00, run_after=2025-11-15 00:00:00+00:00
[2025-11-15T10:23:39.297+0000] {processor.py:208} INFO - Processing /opt/airflow/dags/first_dag.py took 0.082 seconds
[2025-11-15T10:24:10.148+0000] {processor.py:186} INFO - Started process (PID=8476) to work on /opt/airflow/dags/first_dag.py
[2025-11-15T10:24:10.152+0000] {processor.py:914} INFO - Processing file /opt/airflow/dags/first_dag.py for tasks to queue
[2025-11-15T10:24:10.154+0000] {logging_mixin.py:190} INFO - [2025-11-15T10:24:10.154+0000] {dagbag.py:588} INFO - Filling up the DagBag from /opt/airflow/dags/first_dag.py
[2025-11-15T10:24:10.169+0000] {processor.py:925} INFO - DAG(s) 'my_first_dag' retrieved from /opt/airflow/dags/first_dag.py
[2025-11-15T10:24:10.187+0000] {logging_mixin.py:190} INFO - [2025-11-15T10:24:10.186+0000] {dag.py:3239} INFO - Sync 1 DAGs
[2025-11-15T10:24:10.203+0000] {logging_mixin.py:190} INFO - [2025-11-15T10:24:10.203+0000] {dag.py:4180} INFO - Setting next_dagrun for my_first_dag to 2025-11-14 00:00:00+00:00, run_after=2025-11-15 00:00:00+00:00
[2025-11-15T10:24:10.219+0000] {processor.py:208} INFO - Processing /opt/airflow/dags/first_dag.py took 0.076 seconds
[2025-11-15T10:24:40.395+0000] {processor.py:186} INFO - Started process (PID=8542) to work on /opt/airflow/dags/first_dag.py
[2025-11-15T10:24:40.396+0000] {processor.py:914} INFO - Processing file /opt/airflow/dags/first_dag.py for tasks to queue
[2025-11-15T10:24:40.398+0000] {logging_mixin.py:190} INFO - [2025-11-15T10:24:40.398+0000] {dagbag.py:588} INFO - Filling up the DagBag from /opt/airflow/dags/first_dag.py
[2025-11-15T10:24:40.414+0000] {processor.py:925} INFO - DAG(s) 'my_first_dag' retrieved from /opt/airflow/dags/first_dag.py
[2025-11-15T10:24:40.430+0000] {logging_mixin.py:190} INFO - [2025-11-15T10:24:40.430+0000] {dag.py:3239} INFO - Sync 1 DAGs
[2025-11-15T10:24:40.449+0000] {logging_mixin.py:190} INFO - [2025-11-15T10:24:40.448+0000] {dag.py:4180} INFO - Setting next_dagrun for my_first_dag to 2025-11-14 00:00:00+00:00, run_after=2025-11-15 00:00:00+00:00
[2025-11-15T10:24:40.466+0000] {processor.py:208} INFO - Processing /opt/airflow/dags/first_dag.py took 0.076 seconds
[2025-11-15T10:25:10.852+0000] {processor.py:186} INFO - Started process (PID=8608) to work on /opt/airflow/dags/first_dag.py
[2025-11-15T10:25:10.853+0000] {processor.py:914} INFO - Processing file /opt/airflow/dags/first_dag.py for tasks to queue
[2025-11-15T10:25:10.855+0000] {logging_mixin.py:190} INFO - [2025-11-15T10:25:10.855+0000] {dagbag.py:588} INFO - Filling up the DagBag from /opt/airflow/dags/first_dag.py
[2025-11-15T10:25:10.872+0000] {processor.py:925} INFO - DAG(s) 'my_first_dag' retrieved from /opt/airflow/dags/first_dag.py
[2025-11-15T10:25:10.887+0000] {logging_mixin.py:190} INFO - [2025-11-15T10:25:10.887+0000] {dag.py:3239} INFO - Sync 1 DAGs
[2025-11-15T10:25:10.904+0000] {logging_mixin.py:190} INFO - [2025-11-15T10:25:10.904+0000] {dag.py:4180} INFO - Setting next_dagrun for my_first_dag to 2025-11-14 00:00:00+00:00, run_after=2025-11-15 00:00:00+00:00
[2025-11-15T10:25:10.920+0000] {processor.py:208} INFO - Processing /opt/airflow/dags/first_dag.py took 0.073 seconds
[2025-11-15T10:25:41.383+0000] {processor.py:186} INFO - Started process (PID=8674) to work on /opt/airflow/dags/first_dag.py
[2025-11-15T10:25:41.385+0000] {processor.py:914} INFO - Processing file /opt/airflow/dags/first_dag.py for tasks to queue
[2025-11-15T10:25:41.387+0000] {logging_mixin.py:190} INFO - [2025-11-15T10:25:41.387+0000] {dagbag.py:588} INFO - Filling up the DagBag from /opt/airflow/dags/first_dag.py
[2025-11-15T10:25:41.417+0000] {processor.py:925} INFO - DAG(s) 'my_first_dag' retrieved from /opt/airflow/dags/first_dag.py
[2025-11-15T10:25:41.431+0000] {logging_mixin.py:190} INFO - [2025-11-15T10:25:41.430+0000] {dag.py:3239} INFO - Sync 1 DAGs
[2025-11-15T10:25:41.448+0000] {logging_mixin.py:190} INFO - [2025-11-15T10:25:41.448+0000] {dag.py:4180} INFO - Setting next_dagrun for my_first_dag to 2025-11-14 00:00:00+00:00, run_after=2025-11-15 00:00:00+00:00
[2025-11-15T10:25:41.465+0000] {processor.py:208} INFO - Processing /opt/airflow/dags/first_dag.py took 0.086 seconds
[2025-11-15T10:26:11.577+0000] {processor.py:186} INFO - Started process (PID=8740) to work on /opt/airflow/dags/first_dag.py
[2025-11-15T10:26:11.578+0000] {processor.py:914} INFO - Processing file /opt/airflow/dags/first_dag.py for tasks to queue
[2025-11-15T10:26:11.581+0000] {logging_mixin.py:190} INFO - [2025-11-15T10:26:11.580+0000] {dagbag.py:588} INFO - Filling up the DagBag from /opt/airflow/dags/first_dag.py
[2025-11-15T10:26:11.600+0000] {processor.py:925} INFO - DAG(s) 'my_first_dag' retrieved from /opt/airflow/dags/first_dag.py
[2025-11-15T10:26:11.618+0000] {logging_mixin.py:190} INFO - [2025-11-15T10:26:11.618+0000] {dag.py:3239} INFO - Sync 1 DAGs
[2025-11-15T10:26:11.638+0000] {logging_mixin.py:190} INFO - [2025-11-15T10:26:11.637+0000] {dag.py:4180} INFO - Setting next_dagrun for my_first_dag to 2025-11-14 00:00:00+00:00, run_after=2025-11-15 00:00:00+00:00
[2025-11-15T10:26:11.654+0000] {processor.py:208} INFO - Processing /opt/airflow/dags/first_dag.py took 0.083 seconds
[2025-11-15T10:26:41.968+0000] {processor.py:186} INFO - Started process (PID=8806) to work on /opt/airflow/dags/first_dag.py
[2025-11-15T10:26:41.969+0000] {processor.py:914} INFO - Processing file /opt/airflow/dags/first_dag.py for tasks to queue
[2025-11-15T10:26:41.975+0000] {logging_mixin.py:190} INFO - [2025-11-15T10:26:41.975+0000] {dagbag.py:588} INFO - Filling up the DagBag from /opt/airflow/dags/first_dag.py
[2025-11-15T10:26:41.996+0000] {processor.py:925} INFO - DAG(s) 'my_first_dag' retrieved from /opt/airflow/dags/first_dag.py
[2025-11-15T10:26:42.010+0000] {logging_mixin.py:190} INFO - [2025-11-15T10:26:42.009+0000] {dag.py:3239} INFO - Sync 1 DAGs
[2025-11-15T10:26:42.026+0000] {logging_mixin.py:190} INFO - [2025-11-15T10:26:42.026+0000] {dag.py:4180} INFO - Setting next_dagrun for my_first_dag to 2025-11-14 00:00:00+00:00, run_after=2025-11-15 00:00:00+00:00
[2025-11-15T10:26:42.040+0000] {processor.py:208} INFO - Processing /opt/airflow/dags/first_dag.py took 0.076 seconds
[2025-11-15T10:27:12.592+0000] {processor.py:186} INFO - Started process (PID=8872) to work on /opt/airflow/dags/first_dag.py
[2025-11-15T10:27:12.593+0000] {processor.py:914} INFO - Processing file /opt/airflow/dags/first_dag.py for tasks to queue
[2025-11-15T10:27:12.596+0000] {logging_mixin.py:190} INFO - [2025-11-15T10:27:12.596+0000] {dagbag.py:588} INFO - Filling up the DagBag from /opt/airflow/dags/first_dag.py
[2025-11-15T10:27:12.609+0000] {processor.py:925} INFO - DAG(s) 'my_first_dag' retrieved from /opt/airflow/dags/first_dag.py
[2025-11-15T10:27:12.621+0000] {logging_mixin.py:190} INFO - [2025-11-15T10:27:12.621+0000] {dag.py:3239} INFO - Sync 1 DAGs
[2025-11-15T10:27:12.638+0000] {logging_mixin.py:190} INFO - [2025-11-15T10:27:12.638+0000] {dag.py:4180} INFO - Setting next_dagrun for my_first_dag to 2025-11-14 00:00:00+00:00, run_after=2025-11-15 00:00:00+00:00
[2025-11-15T10:27:12.654+0000] {processor.py:208} INFO - Processing /opt/airflow/dags/first_dag.py took 0.066 seconds
[2025-11-15T10:27:42.781+0000] {processor.py:186} INFO - Started process (PID=8938) to work on /opt/airflow/dags/first_dag.py
[2025-11-15T10:27:42.785+0000] {processor.py:914} INFO - Processing file /opt/airflow/dags/first_dag.py for tasks to queue
[2025-11-15T10:27:42.787+0000] {logging_mixin.py:190} INFO - [2025-11-15T10:27:42.787+0000] {dagbag.py:588} INFO - Filling up the DagBag from /opt/airflow/dags/first_dag.py
[2025-11-15T10:27:42.805+0000] {processor.py:925} INFO - DAG(s) 'my_first_dag' retrieved from /opt/airflow/dags/first_dag.py
[2025-11-15T10:27:42.823+0000] {logging_mixin.py:190} INFO - [2025-11-15T10:27:42.822+0000] {dag.py:3239} INFO - Sync 1 DAGs
[2025-11-15T10:27:42.839+0000] {logging_mixin.py:190} INFO - [2025-11-15T10:27:42.838+0000] {dag.py:4180} INFO - Setting next_dagrun for my_first_dag to 2025-11-14 00:00:00+00:00, run_after=2025-11-15 00:00:00+00:00
[2025-11-15T10:27:42.859+0000] {processor.py:208} INFO - Processing /opt/airflow/dags/first_dag.py took 0.082 seconds
[2025-11-15T10:28:12.994+0000] {processor.py:186} INFO - Started process (PID=9004) to work on /opt/airflow/dags/first_dag.py
[2025-11-15T10:28:12.995+0000] {processor.py:914} INFO - Processing file /opt/airflow/dags/first_dag.py for tasks to queue
[2025-11-15T10:28:12.997+0000] {logging_mixin.py:190} INFO - [2025-11-15T10:28:12.997+0000] {dagbag.py:588} INFO - Filling up the DagBag from /opt/airflow/dags/first_dag.py
[2025-11-15T10:28:13.011+0000] {processor.py:925} INFO - DAG(s) 'my_first_dag' retrieved from /opt/airflow/dags/first_dag.py
[2025-11-15T10:28:13.025+0000] {logging_mixin.py:190} INFO - [2025-11-15T10:28:13.025+0000] {dag.py:3239} INFO - Sync 1 DAGs
[2025-11-15T10:28:13.041+0000] {logging_mixin.py:190} INFO - [2025-11-15T10:28:13.041+0000] {dag.py:4180} INFO - Setting next_dagrun for my_first_dag to 2025-11-14 00:00:00+00:00, run_after=2025-11-15 00:00:00+00:00
[2025-11-15T10:28:13.055+0000] {processor.py:208} INFO - Processing /opt/airflow/dags/first_dag.py took 0.066 seconds
[2025-11-15T10:28:43.092+0000] {processor.py:186} INFO - Started process (PID=9070) to work on /opt/airflow/dags/first_dag.py
[2025-11-15T10:28:43.093+0000] {processor.py:914} INFO - Processing file /opt/airflow/dags/first_dag.py for tasks to queue
[2025-11-15T10:28:43.095+0000] {logging_mixin.py:190} INFO - [2025-11-15T10:28:43.095+0000] {dagbag.py:588} INFO - Filling up the DagBag from /opt/airflow/dags/first_dag.py
[2025-11-15T10:28:43.108+0000] {processor.py:925} INFO - DAG(s) 'my_first_dag' retrieved from /opt/airflow/dags/first_dag.py
[2025-11-15T10:28:43.123+0000] {logging_mixin.py:190} INFO - [2025-11-15T10:28:43.123+0000] {dag.py:3239} INFO - Sync 1 DAGs
[2025-11-15T10:28:43.139+0000] {logging_mixin.py:190} INFO - [2025-11-15T10:28:43.139+0000] {dag.py:4180} INFO - Setting next_dagrun for my_first_dag to 2025-11-14 00:00:00+00:00, run_after=2025-11-15 00:00:00+00:00
[2025-11-15T10:28:43.157+0000] {processor.py:208} INFO - Processing /opt/airflow/dags/first_dag.py took 0.069 seconds
[2025-11-15T10:29:13.820+0000] {processor.py:186} INFO - Started process (PID=9136) to work on /opt/airflow/dags/first_dag.py
[2025-11-15T10:29:13.821+0000] {processor.py:914} INFO - Processing file /opt/airflow/dags/first_dag.py for tasks to queue
[2025-11-15T10:29:13.823+0000] {logging_mixin.py:190} INFO - [2025-11-15T10:29:13.823+0000] {dagbag.py:588} INFO - Filling up the DagBag from /opt/airflow/dags/first_dag.py
[2025-11-15T10:29:13.837+0000] {processor.py:925} INFO - DAG(s) 'my_first_dag' retrieved from /opt/airflow/dags/first_dag.py
[2025-11-15T10:29:13.850+0000] {logging_mixin.py:190} INFO - [2025-11-15T10:29:13.850+0000] {dag.py:3239} INFO - Sync 1 DAGs
[2025-11-15T10:29:13.866+0000] {logging_mixin.py:190} INFO - [2025-11-15T10:29:13.866+0000] {dag.py:4180} INFO - Setting next_dagrun for my_first_dag to 2025-11-14 00:00:00+00:00, run_after=2025-11-15 00:00:00+00:00
[2025-11-15T10:29:13.882+0000] {processor.py:208} INFO - Processing /opt/airflow/dags/first_dag.py took 0.067 seconds
[2025-11-15T10:29:44.520+0000] {processor.py:186} INFO - Started process (PID=9202) to work on /opt/airflow/dags/first_dag.py
[2025-11-15T10:29:44.521+0000] {processor.py:914} INFO - Processing file /opt/airflow/dags/first_dag.py for tasks to queue
[2025-11-15T10:29:44.523+0000] {logging_mixin.py:190} INFO - [2025-11-15T10:29:44.523+0000] {dagbag.py:588} INFO - Filling up the DagBag from /opt/airflow/dags/first_dag.py
[2025-11-15T10:29:44.537+0000] {processor.py:925} INFO - DAG(s) 'my_first_dag' retrieved from /opt/airflow/dags/first_dag.py
[2025-11-15T10:29:44.549+0000] {logging_mixin.py:190} INFO - [2025-11-15T10:29:44.548+0000] {dag.py:3239} INFO - Sync 1 DAGs
[2025-11-15T10:29:44.564+0000] {logging_mixin.py:190} INFO - [2025-11-15T10:29:44.564+0000] {dag.py:4180} INFO - Setting next_dagrun for my_first_dag to 2025-11-14 00:00:00+00:00, run_after=2025-11-15 00:00:00+00:00
[2025-11-15T10:29:44.580+0000] {processor.py:208} INFO - Processing /opt/airflow/dags/first_dag.py took 0.064 seconds
[2025-11-15T10:30:15.212+0000] {processor.py:186} INFO - Started process (PID=9268) to work on /opt/airflow/dags/first_dag.py
[2025-11-15T10:30:15.215+0000] {processor.py:914} INFO - Processing file /opt/airflow/dags/first_dag.py for tasks to queue
[2025-11-15T10:30:15.217+0000] {logging_mixin.py:190} INFO - [2025-11-15T10:30:15.217+0000] {dagbag.py:588} INFO - Filling up the DagBag from /opt/airflow/dags/first_dag.py
[2025-11-15T10:30:15.235+0000] {processor.py:925} INFO - DAG(s) 'my_first_dag' retrieved from /opt/airflow/dags/first_dag.py
[2025-11-15T10:30:15.251+0000] {logging_mixin.py:190} INFO - [2025-11-15T10:30:15.251+0000] {dag.py:3239} INFO - Sync 1 DAGs
[2025-11-15T10:30:15.270+0000] {logging_mixin.py:190} INFO - [2025-11-15T10:30:15.269+0000] {dag.py:4180} INFO - Setting next_dagrun for my_first_dag to 2025-11-14 00:00:00+00:00, run_after=2025-11-15 00:00:00+00:00
[2025-11-15T10:30:15.286+0000] {processor.py:208} INFO - Processing /opt/airflow/dags/first_dag.py took 0.079 seconds
[2025-11-15T10:30:45.726+0000] {processor.py:186} INFO - Started process (PID=9333) to work on /opt/airflow/dags/first_dag.py
[2025-11-15T10:30:45.728+0000] {processor.py:914} INFO - Processing file /opt/airflow/dags/first_dag.py for tasks to queue
[2025-11-15T10:30:45.730+0000] {logging_mixin.py:190} INFO - [2025-11-15T10:30:45.730+0000] {dagbag.py:588} INFO - Filling up the DagBag from /opt/airflow/dags/first_dag.py
[2025-11-15T10:30:45.745+0000] {processor.py:925} INFO - DAG(s) 'my_first_dag' retrieved from /opt/airflow/dags/first_dag.py
[2025-11-15T10:30:45.759+0000] {logging_mixin.py:190} INFO - [2025-11-15T10:30:45.758+0000] {dag.py:3239} INFO - Sync 1 DAGs
[2025-11-15T10:30:45.775+0000] {logging_mixin.py:190} INFO - [2025-11-15T10:30:45.775+0000] {dag.py:4180} INFO - Setting next_dagrun for my_first_dag to 2025-11-14 00:00:00+00:00, run_after=2025-11-15 00:00:00+00:00
[2025-11-15T10:30:45.791+0000] {processor.py:208} INFO - Processing /opt/airflow/dags/first_dag.py took 0.069 seconds
[2025-11-15T10:31:16.067+0000] {processor.py:186} INFO - Started process (PID=9399) to work on /opt/airflow/dags/first_dag.py
[2025-11-15T10:31:16.069+0000] {processor.py:914} INFO - Processing file /opt/airflow/dags/first_dag.py for tasks to queue
[2025-11-15T10:31:16.071+0000] {logging_mixin.py:190} INFO - [2025-11-15T10:31:16.071+0000] {dagbag.py:588} INFO - Filling up the DagBag from /opt/airflow/dags/first_dag.py
[2025-11-15T10:31:16.136+0000] {processor.py:925} INFO - DAG(s) 'my_first_dag' retrieved from /opt/airflow/dags/first_dag.py
[2025-11-15T10:31:16.151+0000] {logging_mixin.py:190} INFO - [2025-11-15T10:31:16.151+0000] {dag.py:3239} INFO - Sync 1 DAGs
[2025-11-15T10:31:16.167+0000] {logging_mixin.py:190} INFO - [2025-11-15T10:31:16.167+0000] {dag.py:4180} INFO - Setting next_dagrun for my_first_dag to 2025-11-14 00:00:00+00:00, run_after=2025-11-15 00:00:00+00:00
[2025-11-15T10:31:16.182+0000] {processor.py:208} INFO - Processing /opt/airflow/dags/first_dag.py took 0.121 seconds
[2025-11-15T10:31:46.270+0000] {processor.py:186} INFO - Started process (PID=9465) to work on /opt/airflow/dags/first_dag.py
[2025-11-15T10:31:46.271+0000] {processor.py:914} INFO - Processing file /opt/airflow/dags/first_dag.py for tasks to queue
[2025-11-15T10:31:46.274+0000] {logging_mixin.py:190} INFO - [2025-11-15T10:31:46.273+0000] {dagbag.py:588} INFO - Filling up the DagBag from /opt/airflow/dags/first_dag.py
[2025-11-15T10:31:46.286+0000] {processor.py:925} INFO - DAG(s) 'my_first_dag' retrieved from /opt/airflow/dags/first_dag.py
[2025-11-15T10:31:46.298+0000] {logging_mixin.py:190} INFO - [2025-11-15T10:31:46.298+0000] {dag.py:3239} INFO - Sync 1 DAGs
[2025-11-15T10:31:46.315+0000] {logging_mixin.py:190} INFO - [2025-11-15T10:31:46.315+0000] {dag.py:4180} INFO - Setting next_dagrun for my_first_dag to 2025-11-14 00:00:00+00:00, run_after=2025-11-15 00:00:00+00:00
[2025-11-15T10:31:46.331+0000] {processor.py:208} INFO - Processing /opt/airflow/dags/first_dag.py took 0.064 seconds
[2025-11-15T10:32:16.477+0000] {processor.py:186} INFO - Started process (PID=9532) to work on /opt/airflow/dags/first_dag.py
[2025-11-15T10:32:16.478+0000] {processor.py:914} INFO - Processing file /opt/airflow/dags/first_dag.py for tasks to queue
[2025-11-15T10:32:16.481+0000] {logging_mixin.py:190} INFO - [2025-11-15T10:32:16.480+0000] {dagbag.py:588} INFO - Filling up the DagBag from /opt/airflow/dags/first_dag.py
[2025-11-15T10:32:16.504+0000] {processor.py:925} INFO - DAG(s) 'my_first_dag' retrieved from /opt/airflow/dags/first_dag.py
[2025-11-15T10:32:16.519+0000] {logging_mixin.py:190} INFO - [2025-11-15T10:32:16.519+0000] {dag.py:3239} INFO - Sync 1 DAGs
[2025-11-15T10:32:16.537+0000] {logging_mixin.py:190} INFO - [2025-11-15T10:32:16.537+0000] {dag.py:4180} INFO - Setting next_dagrun for my_first_dag to 2025-11-14 00:00:00+00:00, run_after=2025-11-15 00:00:00+00:00
[2025-11-15T10:32:16.553+0000] {processor.py:208} INFO - Processing /opt/airflow/dags/first_dag.py took 0.081 seconds
[2025-11-15T10:32:46.803+0000] {processor.py:186} INFO - Started process (PID=9597) to work on /opt/airflow/dags/first_dag.py
[2025-11-15T10:32:46.804+0000] {processor.py:914} INFO - Processing file /opt/airflow/dags/first_dag.py for tasks to queue
[2025-11-15T10:32:46.806+0000] {logging_mixin.py:190} INFO - [2025-11-15T10:32:46.805+0000] {dagbag.py:588} INFO - Filling up the DagBag from /opt/airflow/dags/first_dag.py
[2025-11-15T10:32:46.820+0000] {processor.py:925} INFO - DAG(s) 'my_first_dag' retrieved from /opt/airflow/dags/first_dag.py
[2025-11-15T10:32:46.833+0000] {logging_mixin.py:190} INFO - [2025-11-15T10:32:46.833+0000] {dag.py:3239} INFO - Sync 1 DAGs
[2025-11-15T10:32:46.850+0000] {logging_mixin.py:190} INFO - [2025-11-15T10:32:46.849+0000] {dag.py:4180} INFO - Setting next_dagrun for my_first_dag to 2025-11-14 00:00:00+00:00, run_after=2025-11-15 00:00:00+00:00
[2025-11-15T10:32:46.863+0000] {processor.py:208} INFO - Processing /opt/airflow/dags/first_dag.py took 0.065 seconds
[2025-11-15T10:33:17.104+0000] {processor.py:186} INFO - Started process (PID=9654) to work on /opt/airflow/dags/first_dag.py
[2025-11-15T10:33:17.105+0000] {processor.py:914} INFO - Processing file /opt/airflow/dags/first_dag.py for tasks to queue
[2025-11-15T10:33:17.107+0000] {logging_mixin.py:190} INFO - [2025-11-15T10:33:17.107+0000] {dagbag.py:588} INFO - Filling up the DagBag from /opt/airflow/dags/first_dag.py
[2025-11-15T10:33:17.119+0000] {processor.py:925} INFO - DAG(s) 'my_first_dag' retrieved from /opt/airflow/dags/first_dag.py
[2025-11-15T10:33:17.133+0000] {logging_mixin.py:190} INFO - [2025-11-15T10:33:17.133+0000] {dag.py:3239} INFO - Sync 1 DAGs
[2025-11-15T10:33:17.149+0000] {logging_mixin.py:190} INFO - [2025-11-15T10:33:17.149+0000] {dag.py:4180} INFO - Setting next_dagrun for my_first_dag to 2025-11-14 00:00:00+00:00, run_after=2025-11-15 00:00:00+00:00
[2025-11-15T10:33:17.325+0000] {processor.py:208} INFO - Processing /opt/airflow/dags/first_dag.py took 0.225 seconds
[2025-11-15T10:33:47.662+0000] {processor.py:186} INFO - Started process (PID=9726) to work on /opt/airflow/dags/first_dag.py
[2025-11-15T10:33:47.663+0000] {processor.py:914} INFO - Processing file /opt/airflow/dags/first_dag.py for tasks to queue
[2025-11-15T10:33:47.666+0000] {logging_mixin.py:190} INFO - [2025-11-15T10:33:47.665+0000] {dagbag.py:588} INFO - Filling up the DagBag from /opt/airflow/dags/first_dag.py
[2025-11-15T10:33:47.687+0000] {processor.py:925} INFO - DAG(s) 'my_first_dag' retrieved from /opt/airflow/dags/first_dag.py
[2025-11-15T10:33:47.704+0000] {logging_mixin.py:190} INFO - [2025-11-15T10:33:47.704+0000] {dag.py:3239} INFO - Sync 1 DAGs
[2025-11-15T10:33:47.722+0000] {logging_mixin.py:190} INFO - [2025-11-15T10:33:47.722+0000] {dag.py:4180} INFO - Setting next_dagrun for my_first_dag to 2025-11-14 00:00:00+00:00, run_after=2025-11-15 00:00:00+00:00
[2025-11-15T10:33:47.739+0000] {processor.py:208} INFO - Processing /opt/airflow/dags/first_dag.py took 0.084 seconds
[2025-11-15T10:34:18.692+0000] {processor.py:186} INFO - Started process (PID=9792) to work on /opt/airflow/dags/first_dag.py
[2025-11-15T10:34:18.693+0000] {processor.py:914} INFO - Processing file /opt/airflow/dags/first_dag.py for tasks to queue
[2025-11-15T10:34:18.695+0000] {logging_mixin.py:190} INFO - [2025-11-15T10:34:18.695+0000] {dagbag.py:588} INFO - Filling up the DagBag from /opt/airflow/dags/first_dag.py
[2025-11-15T10:34:18.709+0000] {processor.py:925} INFO - DAG(s) 'my_first_dag' retrieved from /opt/airflow/dags/first_dag.py
[2025-11-15T10:34:18.726+0000] {logging_mixin.py:190} INFO - [2025-11-15T10:34:18.726+0000] {dag.py:3239} INFO - Sync 1 DAGs
[2025-11-15T10:34:18.747+0000] {logging_mixin.py:190} INFO - [2025-11-15T10:34:18.747+0000] {dag.py:4180} INFO - Setting next_dagrun for my_first_dag to 2025-11-14 00:00:00+00:00, run_after=2025-11-15 00:00:00+00:00
[2025-11-15T10:34:18.765+0000] {processor.py:208} INFO - Processing /opt/airflow/dags/first_dag.py took 0.077 seconds
[2025-11-15T10:34:49.235+0000] {processor.py:186} INFO - Started process (PID=9858) to work on /opt/airflow/dags/first_dag.py
[2025-11-15T10:34:49.236+0000] {processor.py:914} INFO - Processing file /opt/airflow/dags/first_dag.py for tasks to queue
[2025-11-15T10:34:49.238+0000] {logging_mixin.py:190} INFO - [2025-11-15T10:34:49.237+0000] {dagbag.py:588} INFO - Filling up the DagBag from /opt/airflow/dags/first_dag.py
[2025-11-15T10:34:49.253+0000] {processor.py:925} INFO - DAG(s) 'my_first_dag' retrieved from /opt/airflow/dags/first_dag.py
[2025-11-15T10:34:49.269+0000] {logging_mixin.py:190} INFO - [2025-11-15T10:34:49.269+0000] {dag.py:3239} INFO - Sync 1 DAGs
[2025-11-15T10:34:49.287+0000] {logging_mixin.py:190} INFO - [2025-11-15T10:34:49.287+0000] {dag.py:4180} INFO - Setting next_dagrun for my_first_dag to 2025-11-14 00:00:00+00:00, run_after=2025-11-15 00:00:00+00:00
[2025-11-15T10:34:49.303+0000] {processor.py:208} INFO - Processing /opt/airflow/dags/first_dag.py took 0.073 seconds
[2025-11-15T10:35:19.423+0000] {processor.py:186} INFO - Started process (PID=9925) to work on /opt/airflow/dags/first_dag.py
[2025-11-15T10:35:19.424+0000] {processor.py:914} INFO - Processing file /opt/airflow/dags/first_dag.py for tasks to queue
[2025-11-15T10:35:19.426+0000] {logging_mixin.py:190} INFO - [2025-11-15T10:35:19.426+0000] {dagbag.py:588} INFO - Filling up the DagBag from /opt/airflow/dags/first_dag.py
[2025-11-15T10:35:19.440+0000] {processor.py:925} INFO - DAG(s) 'my_first_dag' retrieved from /opt/airflow/dags/first_dag.py
[2025-11-15T10:35:19.453+0000] {logging_mixin.py:190} INFO - [2025-11-15T10:35:19.453+0000] {dag.py:3239} INFO - Sync 1 DAGs
[2025-11-15T10:35:19.469+0000] {logging_mixin.py:190} INFO - [2025-11-15T10:35:19.469+0000] {dag.py:4180} INFO - Setting next_dagrun for my_first_dag to 2025-11-14 00:00:00+00:00, run_after=2025-11-15 00:00:00+00:00
[2025-11-15T10:35:19.485+0000] {processor.py:208} INFO - Processing /opt/airflow/dags/first_dag.py took 0.066 seconds
[2025-11-15T10:35:49.763+0000] {processor.py:186} INFO - Started process (PID=9990) to work on /opt/airflow/dags/first_dag.py
[2025-11-15T10:35:49.764+0000] {processor.py:914} INFO - Processing file /opt/airflow/dags/first_dag.py for tasks to queue
[2025-11-15T10:35:49.767+0000] {logging_mixin.py:190} INFO - [2025-11-15T10:35:49.767+0000] {dagbag.py:588} INFO - Filling up the DagBag from /opt/airflow/dags/first_dag.py
[2025-11-15T10:35:49.784+0000] {processor.py:925} INFO - DAG(s) 'my_first_dag' retrieved from /opt/airflow/dags/first_dag.py
[2025-11-15T10:35:49.799+0000] {logging_mixin.py:190} INFO - [2025-11-15T10:35:49.798+0000] {dag.py:3239} INFO - Sync 1 DAGs
[2025-11-15T10:35:49.814+0000] {logging_mixin.py:190} INFO - [2025-11-15T10:35:49.814+0000] {dag.py:4180} INFO - Setting next_dagrun for my_first_dag to 2025-11-14 00:00:00+00:00, run_after=2025-11-15 00:00:00+00:00
[2025-11-15T10:35:49.833+0000] {processor.py:208} INFO - Processing /opt/airflow/dags/first_dag.py took 0.074 seconds
[2025-11-15T10:36:20.855+0000] {processor.py:186} INFO - Started process (PID=10056) to work on /opt/airflow/dags/first_dag.py
[2025-11-15T10:36:20.857+0000] {processor.py:914} INFO - Processing file /opt/airflow/dags/first_dag.py for tasks to queue
[2025-11-15T10:36:20.859+0000] {logging_mixin.py:190} INFO - [2025-11-15T10:36:20.859+0000] {dagbag.py:588} INFO - Filling up the DagBag from /opt/airflow/dags/first_dag.py
[2025-11-15T10:36:20.873+0000] {processor.py:925} INFO - DAG(s) 'my_first_dag' retrieved from /opt/airflow/dags/first_dag.py
[2025-11-15T10:36:20.890+0000] {logging_mixin.py:190} INFO - [2025-11-15T10:36:20.889+0000] {dag.py:3239} INFO - Sync 1 DAGs
[2025-11-15T10:36:20.907+0000] {logging_mixin.py:190} INFO - [2025-11-15T10:36:20.907+0000] {dag.py:4180} INFO - Setting next_dagrun for my_first_dag to 2025-11-14 00:00:00+00:00, run_after=2025-11-15 00:00:00+00:00
[2025-11-15T10:36:20.925+0000] {processor.py:208} INFO - Processing /opt/airflow/dags/first_dag.py took 0.075 seconds
[2025-11-15T10:36:51.438+0000] {processor.py:186} INFO - Started process (PID=10122) to work on /opt/airflow/dags/first_dag.py
[2025-11-15T10:36:51.439+0000] {processor.py:914} INFO - Processing file /opt/airflow/dags/first_dag.py for tasks to queue
[2025-11-15T10:36:51.441+0000] {logging_mixin.py:190} INFO - [2025-11-15T10:36:51.441+0000] {dagbag.py:588} INFO - Filling up the DagBag from /opt/airflow/dags/first_dag.py
[2025-11-15T10:36:51.454+0000] {processor.py:925} INFO - DAG(s) 'my_first_dag' retrieved from /opt/airflow/dags/first_dag.py
[2025-11-15T10:36:51.469+0000] {logging_mixin.py:190} INFO - [2025-11-15T10:36:51.469+0000] {dag.py:3239} INFO - Sync 1 DAGs
[2025-11-15T10:36:51.486+0000] {logging_mixin.py:190} INFO - [2025-11-15T10:36:51.486+0000] {dag.py:4180} INFO - Setting next_dagrun for my_first_dag to 2025-11-14 00:00:00+00:00, run_after=2025-11-15 00:00:00+00:00
[2025-11-15T10:36:51.502+0000] {processor.py:208} INFO - Processing /opt/airflow/dags/first_dag.py took 0.068 seconds
[2025-11-15T10:37:22.458+0000] {processor.py:186} INFO - Started process (PID=10187) to work on /opt/airflow/dags/first_dag.py
[2025-11-15T10:37:22.460+0000] {processor.py:914} INFO - Processing file /opt/airflow/dags/first_dag.py for tasks to queue
[2025-11-15T10:37:22.462+0000] {logging_mixin.py:190} INFO - [2025-11-15T10:37:22.462+0000] {dagbag.py:588} INFO - Filling up the DagBag from /opt/airflow/dags/first_dag.py
[2025-11-15T10:37:22.477+0000] {processor.py:925} INFO - DAG(s) 'my_first_dag' retrieved from /opt/airflow/dags/first_dag.py
[2025-11-15T10:37:22.492+0000] {logging_mixin.py:190} INFO - [2025-11-15T10:37:22.492+0000] {dag.py:3239} INFO - Sync 1 DAGs
[2025-11-15T10:37:22.509+0000] {logging_mixin.py:190} INFO - [2025-11-15T10:37:22.509+0000] {dag.py:4180} INFO - Setting next_dagrun for my_first_dag to 2025-11-14 00:00:00+00:00, run_after=2025-11-15 00:00:00+00:00
[2025-11-15T10:37:22.526+0000] {processor.py:208} INFO - Processing /opt/airflow/dags/first_dag.py took 0.073 seconds
[2025-11-15T10:37:52.767+0000] {processor.py:186} INFO - Started process (PID=10254) to work on /opt/airflow/dags/first_dag.py
[2025-11-15T10:37:52.769+0000] {processor.py:914} INFO - Processing file /opt/airflow/dags/first_dag.py for tasks to queue
[2025-11-15T10:37:52.774+0000] {logging_mixin.py:190} INFO - [2025-11-15T10:37:52.774+0000] {dagbag.py:588} INFO - Filling up the DagBag from /opt/airflow/dags/first_dag.py
[2025-11-15T10:37:52.841+0000] {processor.py:925} INFO - DAG(s) 'my_first_dag' retrieved from /opt/airflow/dags/first_dag.py
[2025-11-15T10:37:52.857+0000] {logging_mixin.py:190} INFO - [2025-11-15T10:37:52.857+0000] {dag.py:3239} INFO - Sync 1 DAGs
[2025-11-15T10:37:52.879+0000] {logging_mixin.py:190} INFO - [2025-11-15T10:37:52.878+0000] {dag.py:4180} INFO - Setting next_dagrun for my_first_dag to 2025-11-14 00:00:00+00:00, run_after=2025-11-15 00:00:00+00:00
[2025-11-15T10:37:52.899+0000] {processor.py:208} INFO - Processing /opt/airflow/dags/first_dag.py took 0.137 seconds
[2025-11-15T10:38:23.840+0000] {processor.py:186} INFO - Started process (PID=10320) to work on /opt/airflow/dags/first_dag.py
[2025-11-15T10:38:23.841+0000] {processor.py:914} INFO - Processing file /opt/airflow/dags/first_dag.py for tasks to queue
[2025-11-15T10:38:23.844+0000] {logging_mixin.py:190} INFO - [2025-11-15T10:38:23.844+0000] {dagbag.py:588} INFO - Filling up the DagBag from /opt/airflow/dags/first_dag.py
[2025-11-15T10:38:23.871+0000] {processor.py:925} INFO - DAG(s) 'my_first_dag' retrieved from /opt/airflow/dags/first_dag.py
[2025-11-15T10:38:23.888+0000] {logging_mixin.py:190} INFO - [2025-11-15T10:38:23.887+0000] {dag.py:3239} INFO - Sync 1 DAGs
[2025-11-15T10:38:23.907+0000] {logging_mixin.py:190} INFO - [2025-11-15T10:38:23.907+0000] {dag.py:4180} INFO - Setting next_dagrun for my_first_dag to 2025-11-14 00:00:00+00:00, run_after=2025-11-15 00:00:00+00:00
[2025-11-15T10:38:23.927+0000] {processor.py:208} INFO - Processing /opt/airflow/dags/first_dag.py took 0.093 seconds
[2025-11-15T10:38:54.423+0000] {processor.py:186} INFO - Started process (PID=10386) to work on /opt/airflow/dags/first_dag.py
[2025-11-15T10:38:54.424+0000] {processor.py:914} INFO - Processing file /opt/airflow/dags/first_dag.py for tasks to queue
[2025-11-15T10:38:54.427+0000] {logging_mixin.py:190} INFO - [2025-11-15T10:38:54.427+0000] {dagbag.py:588} INFO - Filling up the DagBag from /opt/airflow/dags/first_dag.py
[2025-11-15T10:38:54.449+0000] {processor.py:925} INFO - DAG(s) 'my_first_dag' retrieved from /opt/airflow/dags/first_dag.py
[2025-11-15T10:38:54.466+0000] {logging_mixin.py:190} INFO - [2025-11-15T10:38:54.465+0000] {dag.py:3239} INFO - Sync 1 DAGs
[2025-11-15T10:38:54.484+0000] {logging_mixin.py:190} INFO - [2025-11-15T10:38:54.484+0000] {dag.py:4180} INFO - Setting next_dagrun for my_first_dag to 2025-11-14 00:00:00+00:00, run_after=2025-11-15 00:00:00+00:00
[2025-11-15T10:38:54.504+0000] {processor.py:208} INFO - Processing /opt/airflow/dags/first_dag.py took 0.086 seconds
[2025-11-15T10:39:25.272+0000] {processor.py:186} INFO - Started process (PID=10452) to work on /opt/airflow/dags/first_dag.py
[2025-11-15T10:39:25.273+0000] {processor.py:914} INFO - Processing file /opt/airflow/dags/first_dag.py for tasks to queue
[2025-11-15T10:39:25.275+0000] {logging_mixin.py:190} INFO - [2025-11-15T10:39:25.275+0000] {dagbag.py:588} INFO - Filling up the DagBag from /opt/airflow/dags/first_dag.py
[2025-11-15T10:39:25.306+0000] {processor.py:925} INFO - DAG(s) 'my_first_dag' retrieved from /opt/airflow/dags/first_dag.py
[2025-11-15T10:39:25.322+0000] {logging_mixin.py:190} INFO - [2025-11-15T10:39:25.322+0000] {dag.py:3239} INFO - Sync 1 DAGs
[2025-11-15T10:39:25.341+0000] {logging_mixin.py:190} INFO - [2025-11-15T10:39:25.341+0000] {dag.py:4180} INFO - Setting next_dagrun for my_first_dag to 2025-11-14 00:00:00+00:00, run_after=2025-11-15 00:00:00+00:00
[2025-11-15T10:39:25.355+0000] {processor.py:208} INFO - Processing /opt/airflow/dags/first_dag.py took 0.088 seconds
[2025-11-15T10:39:56.327+0000] {processor.py:186} INFO - Started process (PID=10518) to work on /opt/airflow/dags/first_dag.py
[2025-11-15T10:39:56.329+0000] {processor.py:914} INFO - Processing file /opt/airflow/dags/first_dag.py for tasks to queue
[2025-11-15T10:39:56.331+0000] {logging_mixin.py:190} INFO - [2025-11-15T10:39:56.331+0000] {dagbag.py:588} INFO - Filling up the DagBag from /opt/airflow/dags/first_dag.py
[2025-11-15T10:39:56.360+0000] {processor.py:925} INFO - DAG(s) 'my_first_dag' retrieved from /opt/airflow/dags/first_dag.py
[2025-11-15T10:39:56.376+0000] {logging_mixin.py:190} INFO - [2025-11-15T10:39:56.376+0000] {dag.py:3239} INFO - Sync 1 DAGs
[2025-11-15T10:39:56.393+0000] {logging_mixin.py:190} INFO - [2025-11-15T10:39:56.393+0000] {dag.py:4180} INFO - Setting next_dagrun for my_first_dag to 2025-11-14 00:00:00+00:00, run_after=2025-11-15 00:00:00+00:00
[2025-11-15T10:39:56.412+0000] {processor.py:208} INFO - Processing /opt/airflow/dags/first_dag.py took 0.090 seconds
[2025-11-15T10:40:26.893+0000] {processor.py:186} INFO - Started process (PID=10584) to work on /opt/airflow/dags/first_dag.py
[2025-11-15T10:40:26.894+0000] {processor.py:914} INFO - Processing file /opt/airflow/dags/first_dag.py for tasks to queue
[2025-11-15T10:40:26.896+0000] {logging_mixin.py:190} INFO - [2025-11-15T10:40:26.896+0000] {dagbag.py:588} INFO - Filling up the DagBag from /opt/airflow/dags/first_dag.py
[2025-11-15T10:40:26.914+0000] {processor.py:925} INFO - DAG(s) 'my_first_dag' retrieved from /opt/airflow/dags/first_dag.py
[2025-11-15T10:40:26.930+0000] {logging_mixin.py:190} INFO - [2025-11-15T10:40:26.929+0000] {dag.py:3239} INFO - Sync 1 DAGs
[2025-11-15T10:40:26.947+0000] {logging_mixin.py:190} INFO - [2025-11-15T10:40:26.947+0000] {dag.py:4180} INFO - Setting next_dagrun for my_first_dag to 2025-11-14 00:00:00+00:00, run_after=2025-11-15 00:00:00+00:00
[2025-11-15T10:40:26.963+0000] {processor.py:208} INFO - Processing /opt/airflow/dags/first_dag.py took 0.076 seconds
[2025-11-15T10:40:57.736+0000] {processor.py:186} INFO - Started process (PID=10650) to work on /opt/airflow/dags/first_dag.py
[2025-11-15T10:40:57.737+0000] {processor.py:914} INFO - Processing file /opt/airflow/dags/first_dag.py for tasks to queue
[2025-11-15T10:40:57.741+0000] {logging_mixin.py:190} INFO - [2025-11-15T10:40:57.740+0000] {dagbag.py:588} INFO - Filling up the DagBag from /opt/airflow/dags/first_dag.py
[2025-11-15T10:40:57.764+0000] {processor.py:925} INFO - DAG(s) 'my_first_dag' retrieved from /opt/airflow/dags/first_dag.py
[2025-11-15T10:40:57.778+0000] {logging_mixin.py:190} INFO - [2025-11-15T10:40:57.778+0000] {dag.py:3239} INFO - Sync 1 DAGs
[2025-11-15T10:40:57.798+0000] {logging_mixin.py:190} INFO - [2025-11-15T10:40:57.798+0000] {dag.py:4180} INFO - Setting next_dagrun for my_first_dag to 2025-11-14 00:00:00+00:00, run_after=2025-11-15 00:00:00+00:00
[2025-11-15T10:40:57.815+0000] {processor.py:208} INFO - Processing /opt/airflow/dags/first_dag.py took 0.084 seconds
[2025-11-15T10:41:28.244+0000] {processor.py:186} INFO - Started process (PID=10716) to work on /opt/airflow/dags/first_dag.py
[2025-11-15T10:41:28.246+0000] {processor.py:914} INFO - Processing file /opt/airflow/dags/first_dag.py for tasks to queue
[2025-11-15T10:41:28.248+0000] {logging_mixin.py:190} INFO - [2025-11-15T10:41:28.248+0000] {dagbag.py:588} INFO - Filling up the DagBag from /opt/airflow/dags/first_dag.py
[2025-11-15T10:41:28.261+0000] {processor.py:925} INFO - DAG(s) 'my_first_dag' retrieved from /opt/airflow/dags/first_dag.py
[2025-11-15T10:41:28.276+0000] {logging_mixin.py:190} INFO - [2025-11-15T10:41:28.276+0000] {dag.py:3239} INFO - Sync 1 DAGs
[2025-11-15T10:41:28.297+0000] {logging_mixin.py:190} INFO - [2025-11-15T10:41:28.297+0000] {dag.py:4180} INFO - Setting next_dagrun for my_first_dag to 2025-11-14 00:00:00+00:00, run_after=2025-11-15 00:00:00+00:00
[2025-11-15T10:41:28.323+0000] {processor.py:208} INFO - Processing /opt/airflow/dags/first_dag.py took 0.085 seconds
[2025-11-15T10:41:58.366+0000] {processor.py:186} INFO - Started process (PID=10782) to work on /opt/airflow/dags/first_dag.py
[2025-11-15T10:41:58.368+0000] {processor.py:914} INFO - Processing file /opt/airflow/dags/first_dag.py for tasks to queue
[2025-11-15T10:41:58.370+0000] {logging_mixin.py:190} INFO - [2025-11-15T10:41:58.370+0000] {dagbag.py:588} INFO - Filling up the DagBag from /opt/airflow/dags/first_dag.py
[2025-11-15T10:41:58.385+0000] {processor.py:925} INFO - DAG(s) 'my_first_dag' retrieved from /opt/airflow/dags/first_dag.py
[2025-11-15T10:41:58.400+0000] {logging_mixin.py:190} INFO - [2025-11-15T10:41:58.400+0000] {dag.py:3239} INFO - Sync 1 DAGs
[2025-11-15T10:41:58.418+0000] {logging_mixin.py:190} INFO - [2025-11-15T10:41:58.418+0000] {dag.py:4180} INFO - Setting next_dagrun for my_first_dag to 2025-11-14 00:00:00+00:00, run_after=2025-11-15 00:00:00+00:00
[2025-11-15T10:41:58.434+0000] {processor.py:208} INFO - Processing /opt/airflow/dags/first_dag.py took 0.073 seconds
[2025-11-15T10:42:28.982+0000] {processor.py:186} INFO - Started process (PID=10847) to work on /opt/airflow/dags/first_dag.py
[2025-11-15T10:42:28.984+0000] {processor.py:914} INFO - Processing file /opt/airflow/dags/first_dag.py for tasks to queue
[2025-11-15T10:42:28.986+0000] {logging_mixin.py:190} INFO - [2025-11-15T10:42:28.986+0000] {dagbag.py:588} INFO - Filling up the DagBag from /opt/airflow/dags/first_dag.py
[2025-11-15T10:42:29.011+0000] {processor.py:925} INFO - DAG(s) 'my_first_dag' retrieved from /opt/airflow/dags/first_dag.py
[2025-11-15T10:42:29.030+0000] {logging_mixin.py:190} INFO - [2025-11-15T10:42:29.030+0000] {dag.py:3239} INFO - Sync 1 DAGs
[2025-11-15T10:42:29.048+0000] {logging_mixin.py:190} INFO - [2025-11-15T10:42:29.048+0000] {dag.py:4180} INFO - Setting next_dagrun for my_first_dag to 2025-11-14 00:00:00+00:00, run_after=2025-11-15 00:00:00+00:00
[2025-11-15T10:42:29.064+0000] {processor.py:208} INFO - Processing /opt/airflow/dags/first_dag.py took 0.086 seconds
[2025-11-15T10:42:59.482+0000] {processor.py:186} INFO - Started process (PID=10913) to work on /opt/airflow/dags/first_dag.py
[2025-11-15T10:42:59.484+0000] {processor.py:914} INFO - Processing file /opt/airflow/dags/first_dag.py for tasks to queue
[2025-11-15T10:42:59.486+0000] {logging_mixin.py:190} INFO - [2025-11-15T10:42:59.486+0000] {dagbag.py:588} INFO - Filling up the DagBag from /opt/airflow/dags/first_dag.py
[2025-11-15T10:42:59.505+0000] {processor.py:925} INFO - DAG(s) 'my_first_dag' retrieved from /opt/airflow/dags/first_dag.py
[2025-11-15T10:42:59.519+0000] {logging_mixin.py:190} INFO - [2025-11-15T10:42:59.518+0000] {dag.py:3239} INFO - Sync 1 DAGs
[2025-11-15T10:42:59.534+0000] {logging_mixin.py:190} INFO - [2025-11-15T10:42:59.534+0000] {dag.py:4180} INFO - Setting next_dagrun for my_first_dag to 2025-11-14 00:00:00+00:00, run_after=2025-11-15 00:00:00+00:00
[2025-11-15T10:42:59.551+0000] {processor.py:208} INFO - Processing /opt/airflow/dags/first_dag.py took 0.075 seconds
[2025-11-15T10:43:29.672+0000] {processor.py:186} INFO - Started process (PID=10979) to work on /opt/airflow/dags/first_dag.py
[2025-11-15T10:43:29.674+0000] {processor.py:914} INFO - Processing file /opt/airflow/dags/first_dag.py for tasks to queue
[2025-11-15T10:43:29.677+0000] {logging_mixin.py:190} INFO - [2025-11-15T10:43:29.676+0000] {dagbag.py:588} INFO - Filling up the DagBag from /opt/airflow/dags/first_dag.py
[2025-11-15T10:43:29.689+0000] {processor.py:925} INFO - DAG(s) 'my_first_dag' retrieved from /opt/airflow/dags/first_dag.py
[2025-11-15T10:43:29.703+0000] {logging_mixin.py:190} INFO - [2025-11-15T10:43:29.703+0000] {dag.py:3239} INFO - Sync 1 DAGs
[2025-11-15T10:43:29.722+0000] {logging_mixin.py:190} INFO - [2025-11-15T10:43:29.722+0000] {dag.py:4180} INFO - Setting next_dagrun for my_first_dag to 2025-11-14 00:00:00+00:00, run_after=2025-11-15 00:00:00+00:00
[2025-11-15T10:43:29.739+0000] {processor.py:208} INFO - Processing /opt/airflow/dags/first_dag.py took 0.072 seconds
[2025-11-15T10:44:00.107+0000] {processor.py:186} INFO - Started process (PID=11045) to work on /opt/airflow/dags/first_dag.py
[2025-11-15T10:44:00.108+0000] {processor.py:914} INFO - Processing file /opt/airflow/dags/first_dag.py for tasks to queue
[2025-11-15T10:44:00.110+0000] {logging_mixin.py:190} INFO - [2025-11-15T10:44:00.110+0000] {dagbag.py:588} INFO - Filling up the DagBag from /opt/airflow/dags/first_dag.py
[2025-11-15T10:44:00.126+0000] {processor.py:925} INFO - DAG(s) 'my_first_dag' retrieved from /opt/airflow/dags/first_dag.py
[2025-11-15T10:44:00.142+0000] {logging_mixin.py:190} INFO - [2025-11-15T10:44:00.142+0000] {dag.py:3239} INFO - Sync 1 DAGs
[2025-11-15T10:44:00.167+0000] {logging_mixin.py:190} INFO - [2025-11-15T10:44:00.167+0000] {dag.py:4180} INFO - Setting next_dagrun for my_first_dag to 2025-11-14 00:00:00+00:00, run_after=2025-11-15 00:00:00+00:00
[2025-11-15T10:44:00.190+0000] {processor.py:208} INFO - Processing /opt/airflow/dags/first_dag.py took 0.088 seconds
[2025-11-15T10:44:30.985+0000] {processor.py:186} INFO - Started process (PID=11120) to work on /opt/airflow/dags/first_dag.py
[2025-11-15T10:44:30.986+0000] {processor.py:914} INFO - Processing file /opt/airflow/dags/first_dag.py for tasks to queue
[2025-11-15T10:44:30.989+0000] {logging_mixin.py:190} INFO - [2025-11-15T10:44:30.989+0000] {dagbag.py:588} INFO - Filling up the DagBag from /opt/airflow/dags/first_dag.py
[2025-11-15T10:44:31.010+0000] {processor.py:925} INFO - DAG(s) 'my_first_dag' retrieved from /opt/airflow/dags/first_dag.py
[2025-11-15T10:44:31.025+0000] {logging_mixin.py:190} INFO - [2025-11-15T10:44:31.024+0000] {dag.py:3239} INFO - Sync 1 DAGs
[2025-11-15T10:44:31.041+0000] {logging_mixin.py:190} INFO - [2025-11-15T10:44:31.041+0000] {dag.py:4180} INFO - Setting next_dagrun for my_first_dag to 2025-11-14 00:00:00+00:00, run_after=2025-11-15 00:00:00+00:00
[2025-11-15T10:44:31.057+0000] {processor.py:208} INFO - Processing /opt/airflow/dags/first_dag.py took 0.076 seconds
[2025-11-15T10:45:01.162+0000] {processor.py:186} INFO - Started process (PID=11186) to work on /opt/airflow/dags/first_dag.py
[2025-11-15T10:45:01.165+0000] {processor.py:914} INFO - Processing file /opt/airflow/dags/first_dag.py for tasks to queue
[2025-11-15T10:45:01.168+0000] {logging_mixin.py:190} INFO - [2025-11-15T10:45:01.168+0000] {dagbag.py:588} INFO - Filling up the DagBag from /opt/airflow/dags/first_dag.py
[2025-11-15T10:45:01.201+0000] {processor.py:925} INFO - DAG(s) 'my_first_dag' retrieved from /opt/airflow/dags/first_dag.py
[2025-11-15T10:45:01.222+0000] {logging_mixin.py:190} INFO - [2025-11-15T10:45:01.222+0000] {dag.py:3239} INFO - Sync 1 DAGs
[2025-11-15T10:45:01.245+0000] {logging_mixin.py:190} INFO - [2025-11-15T10:45:01.245+0000] {dag.py:4180} INFO - Setting next_dagrun for my_first_dag to 2025-11-14 00:00:00+00:00, run_after=2025-11-15 00:00:00+00:00
[2025-11-15T10:45:01.260+0000] {processor.py:208} INFO - Processing /opt/airflow/dags/first_dag.py took 0.104 seconds
[2025-11-15T10:45:31.405+0000] {processor.py:186} INFO - Started process (PID=11253) to work on /opt/airflow/dags/first_dag.py
[2025-11-15T10:45:31.407+0000] {processor.py:914} INFO - Processing file /opt/airflow/dags/first_dag.py for tasks to queue
[2025-11-15T10:45:31.409+0000] {logging_mixin.py:190} INFO - [2025-11-15T10:45:31.408+0000] {dagbag.py:588} INFO - Filling up the DagBag from /opt/airflow/dags/first_dag.py
[2025-11-15T10:45:31.430+0000] {processor.py:925} INFO - DAG(s) 'my_first_dag' retrieved from /opt/airflow/dags/first_dag.py
[2025-11-15T10:45:31.448+0000] {logging_mixin.py:190} INFO - [2025-11-15T10:45:31.448+0000] {dag.py:3239} INFO - Sync 1 DAGs
[2025-11-15T10:45:31.466+0000] {logging_mixin.py:190} INFO - [2025-11-15T10:45:31.466+0000] {dag.py:4180} INFO - Setting next_dagrun for my_first_dag to 2025-11-14 00:00:00+00:00, run_after=2025-11-15 00:00:00+00:00
[2025-11-15T10:45:31.483+0000] {processor.py:208} INFO - Processing /opt/airflow/dags/first_dag.py took 0.082 seconds
[2025-11-15T10:46:01.916+0000] {processor.py:186} INFO - Started process (PID=11318) to work on /opt/airflow/dags/first_dag.py
[2025-11-15T10:46:01.917+0000] {processor.py:914} INFO - Processing file /opt/airflow/dags/first_dag.py for tasks to queue
[2025-11-15T10:46:01.920+0000] {logging_mixin.py:190} INFO - [2025-11-15T10:46:01.919+0000] {dagbag.py:588} INFO - Filling up the DagBag from /opt/airflow/dags/first_dag.py
[2025-11-15T10:46:01.945+0000] {processor.py:925} INFO - DAG(s) 'my_first_dag' retrieved from /opt/airflow/dags/first_dag.py
[2025-11-15T10:46:01.962+0000] {logging_mixin.py:190} INFO - [2025-11-15T10:46:01.962+0000] {dag.py:3239} INFO - Sync 1 DAGs
[2025-11-15T10:46:02.149+0000] {logging_mixin.py:190} INFO - [2025-11-15T10:46:02.148+0000] {dag.py:4180} INFO - Setting next_dagrun for my_first_dag to 2025-11-14 00:00:00+00:00, run_after=2025-11-15 00:00:00+00:00
[2025-11-15T10:46:02.167+0000] {processor.py:208} INFO - Processing /opt/airflow/dags/first_dag.py took 0.256 seconds
[2025-11-15T10:46:32.318+0000] {processor.py:186} INFO - Started process (PID=11384) to work on /opt/airflow/dags/first_dag.py
[2025-11-15T10:46:32.319+0000] {processor.py:914} INFO - Processing file /opt/airflow/dags/first_dag.py for tasks to queue
[2025-11-15T10:46:32.322+0000] {logging_mixin.py:190} INFO - [2025-11-15T10:46:32.321+0000] {dagbag.py:588} INFO - Filling up the DagBag from /opt/airflow/dags/first_dag.py
[2025-11-15T10:46:32.340+0000] {processor.py:925} INFO - DAG(s) 'my_first_dag' retrieved from /opt/airflow/dags/first_dag.py
[2025-11-15T10:46:32.355+0000] {logging_mixin.py:190} INFO - [2025-11-15T10:46:32.355+0000] {dag.py:3239} INFO - Sync 1 DAGs
[2025-11-15T10:46:32.513+0000] {logging_mixin.py:190} INFO - [2025-11-15T10:46:32.513+0000] {dag.py:4180} INFO - Setting next_dagrun for my_first_dag to 2025-11-14 00:00:00+00:00, run_after=2025-11-15 00:00:00+00:00
[2025-11-15T10:46:32.528+0000] {processor.py:208} INFO - Processing /opt/airflow/dags/first_dag.py took 0.215 seconds
[2025-11-15T10:47:03.022+0000] {processor.py:186} INFO - Started process (PID=11450) to work on /opt/airflow/dags/first_dag.py
[2025-11-15T10:47:03.024+0000] {processor.py:914} INFO - Processing file /opt/airflow/dags/first_dag.py for tasks to queue
[2025-11-15T10:47:03.027+0000] {logging_mixin.py:190} INFO - [2025-11-15T10:47:03.026+0000] {dagbag.py:588} INFO - Filling up the DagBag from /opt/airflow/dags/first_dag.py
[2025-11-15T10:47:03.057+0000] {processor.py:925} INFO - DAG(s) 'my_first_dag' retrieved from /opt/airflow/dags/first_dag.py
[2025-11-15T10:47:03.072+0000] {logging_mixin.py:190} INFO - [2025-11-15T10:47:03.072+0000] {dag.py:3239} INFO - Sync 1 DAGs
[2025-11-15T10:47:03.211+0000] {logging_mixin.py:190} INFO - [2025-11-15T10:47:03.211+0000] {dag.py:4180} INFO - Setting next_dagrun for my_first_dag to 2025-11-14 00:00:00+00:00, run_after=2025-11-15 00:00:00+00:00
[2025-11-15T10:47:03.224+0000] {processor.py:208} INFO - Processing /opt/airflow/dags/first_dag.py took 0.207 seconds
[2025-11-15T10:47:33.763+0000] {processor.py:186} INFO - Started process (PID=11512) to work on /opt/airflow/dags/first_dag.py
[2025-11-15T10:47:33.764+0000] {processor.py:914} INFO - Processing file /opt/airflow/dags/first_dag.py for tasks to queue
[2025-11-15T10:47:33.766+0000] {logging_mixin.py:190} INFO - [2025-11-15T10:47:33.766+0000] {dagbag.py:588} INFO - Filling up the DagBag from /opt/airflow/dags/first_dag.py
[2025-11-15T10:47:33.792+0000] {processor.py:925} INFO - DAG(s) 'my_first_dag' retrieved from /opt/airflow/dags/first_dag.py
[2025-11-15T10:47:33.806+0000] {logging_mixin.py:190} INFO - [2025-11-15T10:47:33.806+0000] {dag.py:3239} INFO - Sync 1 DAGs
[2025-11-15T10:47:33.822+0000] {logging_mixin.py:190} INFO - [2025-11-15T10:47:33.822+0000] {dag.py:4180} INFO - Setting next_dagrun for my_first_dag to 2025-11-14 00:00:00+00:00, run_after=2025-11-15 00:00:00+00:00
[2025-11-15T10:47:33.839+0000] {processor.py:208} INFO - Processing /opt/airflow/dags/first_dag.py took 0.081 seconds
[2025-11-15T10:48:04.303+0000] {processor.py:186} INFO - Started process (PID=11578) to work on /opt/airflow/dags/first_dag.py
[2025-11-15T10:48:04.304+0000] {processor.py:914} INFO - Processing file /opt/airflow/dags/first_dag.py for tasks to queue
[2025-11-15T10:48:04.306+0000] {logging_mixin.py:190} INFO - [2025-11-15T10:48:04.306+0000] {dagbag.py:588} INFO - Filling up the DagBag from /opt/airflow/dags/first_dag.py
[2025-11-15T10:48:04.449+0000] {processor.py:925} INFO - DAG(s) 'my_first_dag' retrieved from /opt/airflow/dags/first_dag.py
[2025-11-15T10:48:04.462+0000] {logging_mixin.py:190} INFO - [2025-11-15T10:48:04.462+0000] {dag.py:3239} INFO - Sync 1 DAGs
[2025-11-15T10:48:04.475+0000] {logging_mixin.py:190} INFO - [2025-11-15T10:48:04.475+0000] {dag.py:4180} INFO - Setting next_dagrun for my_first_dag to 2025-11-14 00:00:00+00:00, run_after=2025-11-15 00:00:00+00:00
[2025-11-15T10:48:04.487+0000] {processor.py:208} INFO - Processing /opt/airflow/dags/first_dag.py took 0.189 seconds
[2025-11-15T10:48:34.906+0000] {processor.py:186} INFO - Started process (PID=11644) to work on /opt/airflow/dags/first_dag.py
[2025-11-15T10:48:34.908+0000] {processor.py:914} INFO - Processing file /opt/airflow/dags/first_dag.py for tasks to queue
[2025-11-15T10:48:34.911+0000] {logging_mixin.py:190} INFO - [2025-11-15T10:48:34.910+0000] {dagbag.py:588} INFO - Filling up the DagBag from /opt/airflow/dags/first_dag.py
[2025-11-15T10:48:34.936+0000] {processor.py:925} INFO - DAG(s) 'my_first_dag' retrieved from /opt/airflow/dags/first_dag.py
[2025-11-15T10:48:34.950+0000] {logging_mixin.py:190} INFO - [2025-11-15T10:48:34.950+0000] {dag.py:3239} INFO - Sync 1 DAGs
[2025-11-15T10:48:34.967+0000] {logging_mixin.py:190} INFO - [2025-11-15T10:48:34.967+0000] {dag.py:4180} INFO - Setting next_dagrun for my_first_dag to 2025-11-14 00:00:00+00:00, run_after=2025-11-15 00:00:00+00:00
[2025-11-15T10:48:34.982+0000] {processor.py:208} INFO - Processing /opt/airflow/dags/first_dag.py took 0.080 seconds
[2025-11-15T10:49:05.299+0000] {processor.py:186} INFO - Started process (PID=11706) to work on /opt/airflow/dags/first_dag.py
[2025-11-15T10:49:05.300+0000] {processor.py:914} INFO - Processing file /opt/airflow/dags/first_dag.py for tasks to queue
[2025-11-15T10:49:05.302+0000] {logging_mixin.py:190} INFO - [2025-11-15T10:49:05.302+0000] {dagbag.py:588} INFO - Filling up the DagBag from /opt/airflow/dags/first_dag.py
[2025-11-15T10:49:05.328+0000] {processor.py:925} INFO - DAG(s) 'my_first_dag' retrieved from /opt/airflow/dags/first_dag.py
[2025-11-15T10:49:05.341+0000] {logging_mixin.py:190} INFO - [2025-11-15T10:49:05.341+0000] {dag.py:3239} INFO - Sync 1 DAGs
[2025-11-15T10:49:05.357+0000] {logging_mixin.py:190} INFO - [2025-11-15T10:49:05.357+0000] {dag.py:4180} INFO - Setting next_dagrun for my_first_dag to 2025-11-14 00:00:00+00:00, run_after=2025-11-15 00:00:00+00:00
[2025-11-15T10:49:05.371+0000] {processor.py:208} INFO - Processing /opt/airflow/dags/first_dag.py took 0.077 seconds
[2025-11-15T10:49:35.640+0000] {processor.py:186} INFO - Started process (PID=11772) to work on /opt/airflow/dags/first_dag.py
[2025-11-15T10:49:35.641+0000] {processor.py:914} INFO - Processing file /opt/airflow/dags/first_dag.py for tasks to queue
[2025-11-15T10:49:35.643+0000] {logging_mixin.py:190} INFO - [2025-11-15T10:49:35.643+0000] {dagbag.py:588} INFO - Filling up the DagBag from /opt/airflow/dags/first_dag.py
[2025-11-15T10:49:35.664+0000] {processor.py:925} INFO - DAG(s) 'my_first_dag' retrieved from /opt/airflow/dags/first_dag.py
[2025-11-15T10:49:35.677+0000] {logging_mixin.py:190} INFO - [2025-11-15T10:49:35.677+0000] {dag.py:3239} INFO - Sync 1 DAGs
[2025-11-15T10:49:35.693+0000] {logging_mixin.py:190} INFO - [2025-11-15T10:49:35.693+0000] {dag.py:4180} INFO - Setting next_dagrun for my_first_dag to 2025-11-14 00:00:00+00:00, run_after=2025-11-15 00:00:00+00:00
[2025-11-15T10:49:35.708+0000] {processor.py:208} INFO - Processing /opt/airflow/dags/first_dag.py took 0.073 seconds
[2025-11-15T10:50:05.859+0000] {processor.py:186} INFO - Started process (PID=11838) to work on /opt/airflow/dags/first_dag.py
[2025-11-15T10:50:05.860+0000] {processor.py:914} INFO - Processing file /opt/airflow/dags/first_dag.py for tasks to queue
[2025-11-15T10:50:05.863+0000] {logging_mixin.py:190} INFO - [2025-11-15T10:50:05.862+0000] {dagbag.py:588} INFO - Filling up the DagBag from /opt/airflow/dags/first_dag.py
[2025-11-15T10:50:05.887+0000] {processor.py:925} INFO - DAG(s) 'my_first_dag' retrieved from /opt/airflow/dags/first_dag.py
[2025-11-15T10:50:05.900+0000] {logging_mixin.py:190} INFO - [2025-11-15T10:50:05.900+0000] {dag.py:3239} INFO - Sync 1 DAGs
[2025-11-15T10:50:05.919+0000] {logging_mixin.py:190} INFO - [2025-11-15T10:50:05.919+0000] {dag.py:4180} INFO - Setting next_dagrun for my_first_dag to 2025-11-14 00:00:00+00:00, run_after=2025-11-15 00:00:00+00:00
[2025-11-15T10:50:05.934+0000] {processor.py:208} INFO - Processing /opt/airflow/dags/first_dag.py took 0.082 seconds
[2025-11-15T10:50:36.272+0000] {processor.py:186} INFO - Started process (PID=11904) to work on /opt/airflow/dags/first_dag.py
[2025-11-15T10:50:36.273+0000] {processor.py:914} INFO - Processing file /opt/airflow/dags/first_dag.py for tasks to queue
[2025-11-15T10:50:36.275+0000] {logging_mixin.py:190} INFO - [2025-11-15T10:50:36.274+0000] {dagbag.py:588} INFO - Filling up the DagBag from /opt/airflow/dags/first_dag.py
[2025-11-15T10:50:36.291+0000] {processor.py:925} INFO - DAG(s) 'my_first_dag' retrieved from /opt/airflow/dags/first_dag.py
[2025-11-15T10:50:36.305+0000] {logging_mixin.py:190} INFO - [2025-11-15T10:50:36.305+0000] {dag.py:3239} INFO - Sync 1 DAGs
[2025-11-15T10:50:36.325+0000] {logging_mixin.py:190} INFO - [2025-11-15T10:50:36.324+0000] {dag.py:4180} INFO - Setting next_dagrun for my_first_dag to 2025-11-14 00:00:00+00:00, run_after=2025-11-15 00:00:00+00:00
[2025-11-15T10:50:36.340+0000] {processor.py:208} INFO - Processing /opt/airflow/dags/first_dag.py took 0.074 seconds
[2025-11-15T10:51:06.729+0000] {processor.py:186} INFO - Started process (PID=11970) to work on /opt/airflow/dags/first_dag.py
[2025-11-15T10:51:06.730+0000] {processor.py:914} INFO - Processing file /opt/airflow/dags/first_dag.py for tasks to queue
[2025-11-15T10:51:06.732+0000] {logging_mixin.py:190} INFO - [2025-11-15T10:51:06.732+0000] {dagbag.py:588} INFO - Filling up the DagBag from /opt/airflow/dags/first_dag.py
[2025-11-15T10:51:06.747+0000] {processor.py:925} INFO - DAG(s) 'my_first_dag' retrieved from /opt/airflow/dags/first_dag.py
[2025-11-15T10:51:06.760+0000] {logging_mixin.py:190} INFO - [2025-11-15T10:51:06.760+0000] {dag.py:3239} INFO - Sync 1 DAGs
[2025-11-15T10:51:06.777+0000] {logging_mixin.py:190} INFO - [2025-11-15T10:51:06.776+0000] {dag.py:4180} INFO - Setting next_dagrun for my_first_dag to 2025-11-14 00:00:00+00:00, run_after=2025-11-15 00:00:00+00:00
[2025-11-15T10:51:06.793+0000] {processor.py:208} INFO - Processing /opt/airflow/dags/first_dag.py took 0.069 seconds
[2025-11-15T10:51:37.170+0000] {processor.py:186} INFO - Started process (PID=12036) to work on /opt/airflow/dags/first_dag.py
[2025-11-15T10:51:37.171+0000] {processor.py:914} INFO - Processing file /opt/airflow/dags/first_dag.py for tasks to queue
[2025-11-15T10:51:37.173+0000] {logging_mixin.py:190} INFO - [2025-11-15T10:51:37.173+0000] {dagbag.py:588} INFO - Filling up the DagBag from /opt/airflow/dags/first_dag.py
[2025-11-15T10:51:37.201+0000] {processor.py:925} INFO - DAG(s) 'my_first_dag' retrieved from /opt/airflow/dags/first_dag.py
[2025-11-15T10:51:37.230+0000] {logging_mixin.py:190} INFO - [2025-11-15T10:51:37.229+0000] {dag.py:3239} INFO - Sync 1 DAGs
[2025-11-15T10:51:37.250+0000] {logging_mixin.py:190} INFO - [2025-11-15T10:51:37.250+0000] {dag.py:4180} INFO - Setting next_dagrun for my_first_dag to 2025-11-14 00:00:00+00:00, run_after=2025-11-15 00:00:00+00:00
[2025-11-15T10:51:37.271+0000] {processor.py:208} INFO - Processing /opt/airflow/dags/first_dag.py took 0.129 seconds
[2025-11-15T10:52:08.042+0000] {processor.py:186} INFO - Started process (PID=12102) to work on /opt/airflow/dags/first_dag.py
[2025-11-15T10:52:08.044+0000] {processor.py:914} INFO - Processing file /opt/airflow/dags/first_dag.py for tasks to queue
[2025-11-15T10:52:08.046+0000] {logging_mixin.py:190} INFO - [2025-11-15T10:52:08.045+0000] {dagbag.py:588} INFO - Filling up the DagBag from /opt/airflow/dags/first_dag.py
[2025-11-15T10:52:08.058+0000] {processor.py:925} INFO - DAG(s) 'my_first_dag' retrieved from /opt/airflow/dags/first_dag.py
[2025-11-15T10:52:08.072+0000] {logging_mixin.py:190} INFO - [2025-11-15T10:52:08.072+0000] {dag.py:3239} INFO - Sync 1 DAGs
[2025-11-15T10:52:08.088+0000] {logging_mixin.py:190} INFO - [2025-11-15T10:52:08.087+0000] {dag.py:4180} INFO - Setting next_dagrun for my_first_dag to 2025-11-14 00:00:00+00:00, run_after=2025-11-15 00:00:00+00:00
[2025-11-15T10:52:08.114+0000] {processor.py:208} INFO - Processing /opt/airflow/dags/first_dag.py took 0.076 seconds
[2025-11-15T10:52:38.341+0000] {processor.py:186} INFO - Started process (PID=12168) to work on /opt/airflow/dags/first_dag.py
[2025-11-15T10:52:38.342+0000] {processor.py:914} INFO - Processing file /opt/airflow/dags/first_dag.py for tasks to queue
[2025-11-15T10:52:38.344+0000] {logging_mixin.py:190} INFO - [2025-11-15T10:52:38.344+0000] {dagbag.py:588} INFO - Filling up the DagBag from /opt/airflow/dags/first_dag.py
[2025-11-15T10:52:38.360+0000] {processor.py:925} INFO - DAG(s) 'my_first_dag' retrieved from /opt/airflow/dags/first_dag.py
[2025-11-15T10:52:38.377+0000] {logging_mixin.py:190} INFO - [2025-11-15T10:52:38.376+0000] {dag.py:3239} INFO - Sync 1 DAGs
[2025-11-15T10:52:38.399+0000] {logging_mixin.py:190} INFO - [2025-11-15T10:52:38.399+0000] {dag.py:4180} INFO - Setting next_dagrun for my_first_dag to 2025-11-14 00:00:00+00:00, run_after=2025-11-15 00:00:00+00:00
[2025-11-15T10:52:38.414+0000] {processor.py:208} INFO - Processing /opt/airflow/dags/first_dag.py took 0.078 seconds
[2025-11-15T10:53:08.774+0000] {processor.py:186} INFO - Started process (PID=12234) to work on /opt/airflow/dags/first_dag.py
[2025-11-15T10:53:08.775+0000] {processor.py:914} INFO - Processing file /opt/airflow/dags/first_dag.py for tasks to queue
[2025-11-15T10:53:08.778+0000] {logging_mixin.py:190} INFO - [2025-11-15T10:53:08.778+0000] {dagbag.py:588} INFO - Filling up the DagBag from /opt/airflow/dags/first_dag.py
[2025-11-15T10:53:08.805+0000] {processor.py:925} INFO - DAG(s) 'my_first_dag' retrieved from /opt/airflow/dags/first_dag.py
[2025-11-15T10:53:08.818+0000] {logging_mixin.py:190} INFO - [2025-11-15T10:53:08.818+0000] {dag.py:3239} INFO - Sync 1 DAGs
[2025-11-15T10:53:08.838+0000] {logging_mixin.py:190} INFO - [2025-11-15T10:53:08.838+0000] {dag.py:4180} INFO - Setting next_dagrun for my_first_dag to 2025-11-14 00:00:00+00:00, run_after=2025-11-15 00:00:00+00:00
[2025-11-15T10:53:08.859+0000] {processor.py:208} INFO - Processing /opt/airflow/dags/first_dag.py took 0.090 seconds
[2025-11-15T10:53:39.398+0000] {processor.py:186} INFO - Started process (PID=12300) to work on /opt/airflow/dags/first_dag.py
[2025-11-15T10:53:39.399+0000] {processor.py:914} INFO - Processing file /opt/airflow/dags/first_dag.py for tasks to queue
[2025-11-15T10:53:39.401+0000] {logging_mixin.py:190} INFO - [2025-11-15T10:53:39.401+0000] {dagbag.py:588} INFO - Filling up the DagBag from /opt/airflow/dags/first_dag.py
[2025-11-15T10:53:39.417+0000] {processor.py:925} INFO - DAG(s) 'my_first_dag' retrieved from /opt/airflow/dags/first_dag.py
[2025-11-15T10:53:39.431+0000] {logging_mixin.py:190} INFO - [2025-11-15T10:53:39.431+0000] {dag.py:3239} INFO - Sync 1 DAGs
[2025-11-15T10:53:39.448+0000] {logging_mixin.py:190} INFO - [2025-11-15T10:53:39.448+0000] {dag.py:4180} INFO - Setting next_dagrun for my_first_dag to 2025-11-14 00:00:00+00:00, run_after=2025-11-15 00:00:00+00:00
[2025-11-15T10:53:39.466+0000] {processor.py:208} INFO - Processing /opt/airflow/dags/first_dag.py took 0.073 seconds
[2025-11-15T10:54:09.574+0000] {processor.py:186} INFO - Started process (PID=12365) to work on /opt/airflow/dags/first_dag.py
[2025-11-15T10:54:09.575+0000] {processor.py:914} INFO - Processing file /opt/airflow/dags/first_dag.py for tasks to queue
[2025-11-15T10:54:09.578+0000] {logging_mixin.py:190} INFO - [2025-11-15T10:54:09.578+0000] {dagbag.py:588} INFO - Filling up the DagBag from /opt/airflow/dags/first_dag.py
[2025-11-15T10:54:09.606+0000] {processor.py:925} INFO - DAG(s) 'my_first_dag' retrieved from /opt/airflow/dags/first_dag.py
[2025-11-15T10:54:09.621+0000] {logging_mixin.py:190} INFO - [2025-11-15T10:54:09.621+0000] {dag.py:3239} INFO - Sync 1 DAGs
[2025-11-15T10:54:09.639+0000] {logging_mixin.py:190} INFO - [2025-11-15T10:54:09.639+0000] {dag.py:4180} INFO - Setting next_dagrun for my_first_dag to 2025-11-14 00:00:00+00:00, run_after=2025-11-15 00:00:00+00:00
[2025-11-15T10:54:09.655+0000] {processor.py:208} INFO - Processing /opt/airflow/dags/first_dag.py took 0.086 seconds
[2025-11-15T10:54:40.668+0000] {processor.py:186} INFO - Started process (PID=12431) to work on /opt/airflow/dags/first_dag.py
[2025-11-15T10:54:40.670+0000] {processor.py:914} INFO - Processing file /opt/airflow/dags/first_dag.py for tasks to queue
[2025-11-15T10:54:40.672+0000] {logging_mixin.py:190} INFO - [2025-11-15T10:54:40.672+0000] {dagbag.py:588} INFO - Filling up the DagBag from /opt/airflow/dags/first_dag.py
[2025-11-15T10:54:40.710+0000] {processor.py:925} INFO - DAG(s) 'my_first_dag' retrieved from /opt/airflow/dags/first_dag.py
[2025-11-15T10:54:40.724+0000] {logging_mixin.py:190} INFO - [2025-11-15T10:54:40.724+0000] {dag.py:3239} INFO - Sync 1 DAGs
[2025-11-15T10:54:40.741+0000] {logging_mixin.py:190} INFO - [2025-11-15T10:54:40.741+0000] {dag.py:4180} INFO - Setting next_dagrun for my_first_dag to 2025-11-14 00:00:00+00:00, run_after=2025-11-15 00:00:00+00:00
[2025-11-15T10:54:40.756+0000] {processor.py:208} INFO - Processing /opt/airflow/dags/first_dag.py took 0.093 seconds
[2025-11-15T10:55:11.551+0000] {processor.py:186} INFO - Started process (PID=12503) to work on /opt/airflow/dags/first_dag.py
[2025-11-15T10:55:11.552+0000] {processor.py:914} INFO - Processing file /opt/airflow/dags/first_dag.py for tasks to queue
[2025-11-15T10:55:11.558+0000] {logging_mixin.py:190} INFO - [2025-11-15T10:55:11.557+0000] {dagbag.py:588} INFO - Filling up the DagBag from /opt/airflow/dags/first_dag.py
[2025-11-15T10:55:11.591+0000] {processor.py:925} INFO - DAG(s) 'my_first_dag' retrieved from /opt/airflow/dags/first_dag.py
[2025-11-15T10:55:11.608+0000] {logging_mixin.py:190} INFO - [2025-11-15T10:55:11.608+0000] {dag.py:3239} INFO - Sync 1 DAGs
[2025-11-15T10:55:11.630+0000] {logging_mixin.py:190} INFO - [2025-11-15T10:55:11.630+0000] {dag.py:4180} INFO - Setting next_dagrun for my_first_dag to 2025-11-14 00:00:00+00:00, run_after=2025-11-15 00:00:00+00:00
[2025-11-15T10:55:11.650+0000] {processor.py:208} INFO - Processing /opt/airflow/dags/first_dag.py took 0.106 seconds
[2025-11-15T10:55:41.943+0000] {processor.py:186} INFO - Started process (PID=12569) to work on /opt/airflow/dags/first_dag.py
[2025-11-15T10:55:41.945+0000] {processor.py:914} INFO - Processing file /opt/airflow/dags/first_dag.py for tasks to queue
[2025-11-15T10:55:41.947+0000] {logging_mixin.py:190} INFO - [2025-11-15T10:55:41.946+0000] {dagbag.py:588} INFO - Filling up the DagBag from /opt/airflow/dags/first_dag.py
[2025-11-15T10:55:41.973+0000] {processor.py:925} INFO - DAG(s) 'my_first_dag' retrieved from /opt/airflow/dags/first_dag.py
[2025-11-15T10:55:41.988+0000] {logging_mixin.py:190} INFO - [2025-11-15T10:55:41.987+0000] {dag.py:3239} INFO - Sync 1 DAGs
[2025-11-15T10:55:42.005+0000] {logging_mixin.py:190} INFO - [2025-11-15T10:55:42.005+0000] {dag.py:4180} INFO - Setting next_dagrun for my_first_dag to 2025-11-14 00:00:00+00:00, run_after=2025-11-15 00:00:00+00:00
[2025-11-15T10:55:42.022+0000] {processor.py:208} INFO - Processing /opt/airflow/dags/first_dag.py took 0.084 seconds
[2025-11-15T10:56:13.085+0000] {processor.py:186} INFO - Started process (PID=12635) to work on /opt/airflow/dags/first_dag.py
[2025-11-15T10:56:13.088+0000] {processor.py:914} INFO - Processing file /opt/airflow/dags/first_dag.py for tasks to queue
[2025-11-15T10:56:13.090+0000] {logging_mixin.py:190} INFO - [2025-11-15T10:56:13.090+0000] {dagbag.py:588} INFO - Filling up the DagBag from /opt/airflow/dags/first_dag.py
[2025-11-15T10:56:13.141+0000] {processor.py:925} INFO - DAG(s) 'my_first_dag' retrieved from /opt/airflow/dags/first_dag.py
[2025-11-15T10:56:13.160+0000] {logging_mixin.py:190} INFO - [2025-11-15T10:56:13.160+0000] {dag.py:3239} INFO - Sync 1 DAGs
[2025-11-15T10:56:13.179+0000] {logging_mixin.py:190} INFO - [2025-11-15T10:56:13.179+0000] {dag.py:4180} INFO - Setting next_dagrun for my_first_dag to 2025-11-14 00:00:00+00:00, run_after=2025-11-15 00:00:00+00:00
[2025-11-15T10:56:13.196+0000] {processor.py:208} INFO - Processing /opt/airflow/dags/first_dag.py took 0.115 seconds
[2025-11-15T10:56:44.081+0000] {processor.py:186} INFO - Started process (PID=12701) to work on /opt/airflow/dags/first_dag.py
[2025-11-15T10:56:44.082+0000] {processor.py:914} INFO - Processing file /opt/airflow/dags/first_dag.py for tasks to queue
[2025-11-15T10:56:44.083+0000] {logging_mixin.py:190} INFO - [2025-11-15T10:56:44.083+0000] {dagbag.py:588} INFO - Filling up the DagBag from /opt/airflow/dags/first_dag.py
[2025-11-15T10:56:44.103+0000] {processor.py:925} INFO - DAG(s) 'my_first_dag' retrieved from /opt/airflow/dags/first_dag.py
[2025-11-15T10:56:44.117+0000] {logging_mixin.py:190} INFO - [2025-11-15T10:56:44.117+0000] {dag.py:3239} INFO - Sync 1 DAGs
[2025-11-15T10:56:44.135+0000] {logging_mixin.py:190} INFO - [2025-11-15T10:56:44.134+0000] {dag.py:4180} INFO - Setting next_dagrun for my_first_dag to 2025-11-14 00:00:00+00:00, run_after=2025-11-15 00:00:00+00:00
[2025-11-15T10:56:44.152+0000] {processor.py:208} INFO - Processing /opt/airflow/dags/first_dag.py took 0.076 seconds
[2025-11-15T10:57:14.659+0000] {processor.py:186} INFO - Started process (PID=12768) to work on /opt/airflow/dags/first_dag.py
[2025-11-15T10:57:14.660+0000] {processor.py:914} INFO - Processing file /opt/airflow/dags/first_dag.py for tasks to queue
[2025-11-15T10:57:14.662+0000] {logging_mixin.py:190} INFO - [2025-11-15T10:57:14.661+0000] {dagbag.py:588} INFO - Filling up the DagBag from /opt/airflow/dags/first_dag.py
[2025-11-15T10:57:14.676+0000] {processor.py:925} INFO - DAG(s) 'my_first_dag' retrieved from /opt/airflow/dags/first_dag.py
[2025-11-15T10:57:14.691+0000] {logging_mixin.py:190} INFO - [2025-11-15T10:57:14.690+0000] {dag.py:3239} INFO - Sync 1 DAGs
[2025-11-15T10:57:14.709+0000] {logging_mixin.py:190} INFO - [2025-11-15T10:57:14.709+0000] {dag.py:4180} INFO - Setting next_dagrun for my_first_dag to 2025-11-14 00:00:00+00:00, run_after=2025-11-15 00:00:00+00:00
[2025-11-15T10:57:14.726+0000] {processor.py:208} INFO - Processing /opt/airflow/dags/first_dag.py took 0.074 seconds
[2025-11-15T10:57:45.574+0000] {processor.py:186} INFO - Started process (PID=12834) to work on /opt/airflow/dags/first_dag.py
[2025-11-15T10:57:45.575+0000] {processor.py:914} INFO - Processing file /opt/airflow/dags/first_dag.py for tasks to queue
[2025-11-15T10:57:45.577+0000] {logging_mixin.py:190} INFO - [2025-11-15T10:57:45.577+0000] {dagbag.py:588} INFO - Filling up the DagBag from /opt/airflow/dags/first_dag.py
[2025-11-15T10:57:45.593+0000] {processor.py:925} INFO - DAG(s) 'my_first_dag' retrieved from /opt/airflow/dags/first_dag.py
[2025-11-15T10:57:45.610+0000] {logging_mixin.py:190} INFO - [2025-11-15T10:57:45.610+0000] {dag.py:3239} INFO - Sync 1 DAGs
[2025-11-15T10:57:45.628+0000] {logging_mixin.py:190} INFO - [2025-11-15T10:57:45.628+0000] {dag.py:4180} INFO - Setting next_dagrun for my_first_dag to 2025-11-14 00:00:00+00:00, run_after=2025-11-15 00:00:00+00:00
[2025-11-15T10:57:45.644+0000] {processor.py:208} INFO - Processing /opt/airflow/dags/first_dag.py took 0.076 seconds
[2025-11-15T10:58:15.948+0000] {processor.py:186} INFO - Started process (PID=12900) to work on /opt/airflow/dags/first_dag.py
[2025-11-15T10:58:15.949+0000] {processor.py:914} INFO - Processing file /opt/airflow/dags/first_dag.py for tasks to queue
[2025-11-15T10:58:15.952+0000] {logging_mixin.py:190} INFO - [2025-11-15T10:58:15.951+0000] {dagbag.py:588} INFO - Filling up the DagBag from /opt/airflow/dags/first_dag.py
[2025-11-15T10:58:15.967+0000] {processor.py:925} INFO - DAG(s) 'my_first_dag' retrieved from /opt/airflow/dags/first_dag.py
[2025-11-15T10:58:15.982+0000] {logging_mixin.py:190} INFO - [2025-11-15T10:58:15.982+0000] {dag.py:3239} INFO - Sync 1 DAGs
[2025-11-15T10:58:16.001+0000] {logging_mixin.py:190} INFO - [2025-11-15T10:58:16.000+0000] {dag.py:4180} INFO - Setting next_dagrun for my_first_dag to 2025-11-14 00:00:00+00:00, run_after=2025-11-15 00:00:00+00:00
[2025-11-15T10:58:16.016+0000] {processor.py:208} INFO - Processing /opt/airflow/dags/first_dag.py took 0.073 seconds
[2025-11-15T10:58:46.093+0000] {processor.py:186} INFO - Started process (PID=12966) to work on /opt/airflow/dags/first_dag.py
[2025-11-15T10:58:46.094+0000] {processor.py:914} INFO - Processing file /opt/airflow/dags/first_dag.py for tasks to queue
[2025-11-15T10:58:46.096+0000] {logging_mixin.py:190} INFO - [2025-11-15T10:58:46.096+0000] {dagbag.py:588} INFO - Filling up the DagBag from /opt/airflow/dags/first_dag.py
[2025-11-15T10:58:46.115+0000] {processor.py:925} INFO - DAG(s) 'my_first_dag' retrieved from /opt/airflow/dags/first_dag.py
[2025-11-15T10:58:46.133+0000] {logging_mixin.py:190} INFO - [2025-11-15T10:58:46.133+0000] {dag.py:3239} INFO - Sync 1 DAGs
[2025-11-15T10:58:46.153+0000] {logging_mixin.py:190} INFO - [2025-11-15T10:58:46.153+0000] {dag.py:4180} INFO - Setting next_dagrun for my_first_dag to 2025-11-14 00:00:00+00:00, run_after=2025-11-15 00:00:00+00:00
[2025-11-15T10:58:46.172+0000] {processor.py:208} INFO - Processing /opt/airflow/dags/first_dag.py took 0.084 seconds
[2025-11-15T10:59:16.760+0000] {processor.py:186} INFO - Started process (PID=13032) to work on /opt/airflow/dags/first_dag.py
[2025-11-15T10:59:16.762+0000] {processor.py:914} INFO - Processing file /opt/airflow/dags/first_dag.py for tasks to queue
[2025-11-15T10:59:16.764+0000] {logging_mixin.py:190} INFO - [2025-11-15T10:59:16.764+0000] {dagbag.py:588} INFO - Filling up the DagBag from /opt/airflow/dags/first_dag.py
[2025-11-15T10:59:16.790+0000] {processor.py:925} INFO - DAG(s) 'my_first_dag' retrieved from /opt/airflow/dags/first_dag.py
[2025-11-15T10:59:16.809+0000] {logging_mixin.py:190} INFO - [2025-11-15T10:59:16.809+0000] {dag.py:3239} INFO - Sync 1 DAGs
[2025-11-15T10:59:16.829+0000] {logging_mixin.py:190} INFO - [2025-11-15T10:59:16.828+0000] {dag.py:4180} INFO - Setting next_dagrun for my_first_dag to 2025-11-14 00:00:00+00:00, run_after=2025-11-15 00:00:00+00:00
[2025-11-15T10:59:16.850+0000] {processor.py:208} INFO - Processing /opt/airflow/dags/first_dag.py took 0.095 seconds
[2025-11-15T10:59:47.249+0000] {processor.py:186} INFO - Started process (PID=13098) to work on /opt/airflow/dags/first_dag.py
[2025-11-15T10:59:47.250+0000] {processor.py:914} INFO - Processing file /opt/airflow/dags/first_dag.py for tasks to queue
[2025-11-15T10:59:47.253+0000] {logging_mixin.py:190} INFO - [2025-11-15T10:59:47.252+0000] {dagbag.py:588} INFO - Filling up the DagBag from /opt/airflow/dags/first_dag.py
[2025-11-15T10:59:47.282+0000] {processor.py:925} INFO - DAG(s) 'my_first_dag' retrieved from /opt/airflow/dags/first_dag.py
[2025-11-15T10:59:47.300+0000] {logging_mixin.py:190} INFO - [2025-11-15T10:59:47.300+0000] {dag.py:3239} INFO - Sync 1 DAGs
[2025-11-15T10:59:47.320+0000] {logging_mixin.py:190} INFO - [2025-11-15T10:59:47.320+0000] {dag.py:4180} INFO - Setting next_dagrun for my_first_dag to 2025-11-14 00:00:00+00:00, run_after=2025-11-15 00:00:00+00:00
[2025-11-15T10:59:47.337+0000] {processor.py:208} INFO - Processing /opt/airflow/dags/first_dag.py took 0.094 seconds
[2025-11-15T11:00:17.562+0000] {processor.py:186} INFO - Started process (PID=13164) to work on /opt/airflow/dags/first_dag.py
[2025-11-15T11:00:17.563+0000] {processor.py:914} INFO - Processing file /opt/airflow/dags/first_dag.py for tasks to queue
[2025-11-15T11:00:17.566+0000] {logging_mixin.py:190} INFO - [2025-11-15T11:00:17.565+0000] {dagbag.py:588} INFO - Filling up the DagBag from /opt/airflow/dags/first_dag.py
[2025-11-15T11:00:17.591+0000] {processor.py:925} INFO - DAG(s) 'my_first_dag' retrieved from /opt/airflow/dags/first_dag.py
[2025-11-15T11:00:17.611+0000] {logging_mixin.py:190} INFO - [2025-11-15T11:00:17.611+0000] {dag.py:3239} INFO - Sync 1 DAGs
[2025-11-15T11:00:17.631+0000] {logging_mixin.py:190} INFO - [2025-11-15T11:00:17.631+0000] {dag.py:4180} INFO - Setting next_dagrun for my_first_dag to 2025-11-14 00:00:00+00:00, run_after=2025-11-15 00:00:00+00:00
[2025-11-15T11:00:17.648+0000] {processor.py:208} INFO - Processing /opt/airflow/dags/first_dag.py took 0.092 seconds
[2025-11-15T11:00:48.219+0000] {processor.py:186} INFO - Started process (PID=13230) to work on /opt/airflow/dags/first_dag.py
[2025-11-15T11:00:48.221+0000] {processor.py:914} INFO - Processing file /opt/airflow/dags/first_dag.py for tasks to queue
[2025-11-15T11:00:48.223+0000] {logging_mixin.py:190} INFO - [2025-11-15T11:00:48.222+0000] {dagbag.py:588} INFO - Filling up the DagBag from /opt/airflow/dags/first_dag.py
[2025-11-15T11:00:48.236+0000] {processor.py:925} INFO - DAG(s) 'my_first_dag' retrieved from /opt/airflow/dags/first_dag.py
[2025-11-15T11:00:48.250+0000] {logging_mixin.py:190} INFO - [2025-11-15T11:00:48.250+0000] {dag.py:3239} INFO - Sync 1 DAGs
[2025-11-15T11:00:48.266+0000] {logging_mixin.py:190} INFO - [2025-11-15T11:00:48.266+0000] {dag.py:4180} INFO - Setting next_dagrun for my_first_dag to 2025-11-14 00:00:00+00:00, run_after=2025-11-15 00:00:00+00:00
[2025-11-15T11:00:48.282+0000] {processor.py:208} INFO - Processing /opt/airflow/dags/first_dag.py took 0.067 seconds
[2025-11-15T11:01:18.762+0000] {processor.py:186} INFO - Started process (PID=13296) to work on /opt/airflow/dags/first_dag.py
[2025-11-15T11:01:18.763+0000] {processor.py:914} INFO - Processing file /opt/airflow/dags/first_dag.py for tasks to queue
[2025-11-15T11:01:18.766+0000] {logging_mixin.py:190} INFO - [2025-11-15T11:01:18.765+0000] {dagbag.py:588} INFO - Filling up the DagBag from /opt/airflow/dags/first_dag.py
[2025-11-15T11:01:18.788+0000] {processor.py:925} INFO - DAG(s) 'my_first_dag' retrieved from /opt/airflow/dags/first_dag.py
[2025-11-15T11:01:18.802+0000] {logging_mixin.py:190} INFO - [2025-11-15T11:01:18.802+0000] {dag.py:3239} INFO - Sync 1 DAGs
[2025-11-15T11:01:18.818+0000] {logging_mixin.py:190} INFO - [2025-11-15T11:01:18.817+0000] {dag.py:4180} INFO - Setting next_dagrun for my_first_dag to 2025-11-14 00:00:00+00:00, run_after=2025-11-15 00:00:00+00:00
[2025-11-15T11:01:18.832+0000] {processor.py:208} INFO - Processing /opt/airflow/dags/first_dag.py took 0.075 seconds
[2025-11-15T11:01:49.050+0000] {processor.py:186} INFO - Started process (PID=13362) to work on /opt/airflow/dags/first_dag.py
[2025-11-15T11:01:49.052+0000] {processor.py:914} INFO - Processing file /opt/airflow/dags/first_dag.py for tasks to queue
[2025-11-15T11:01:49.054+0000] {logging_mixin.py:190} INFO - [2025-11-15T11:01:49.054+0000] {dagbag.py:588} INFO - Filling up the DagBag from /opt/airflow/dags/first_dag.py
[2025-11-15T11:01:49.069+0000] {processor.py:925} INFO - DAG(s) 'my_first_dag' retrieved from /opt/airflow/dags/first_dag.py
[2025-11-15T11:01:49.084+0000] {logging_mixin.py:190} INFO - [2025-11-15T11:01:49.084+0000] {dag.py:3239} INFO - Sync 1 DAGs
[2025-11-15T11:01:49.100+0000] {logging_mixin.py:190} INFO - [2025-11-15T11:01:49.100+0000] {dag.py:4180} INFO - Setting next_dagrun for my_first_dag to 2025-11-14 00:00:00+00:00, run_after=2025-11-15 00:00:00+00:00
[2025-11-15T11:01:49.113+0000] {processor.py:208} INFO - Processing /opt/airflow/dags/first_dag.py took 0.068 seconds
[2025-11-15T11:02:19.626+0000] {processor.py:186} INFO - Started process (PID=13428) to work on /opt/airflow/dags/first_dag.py
[2025-11-15T11:02:19.627+0000] {processor.py:914} INFO - Processing file /opt/airflow/dags/first_dag.py for tasks to queue
[2025-11-15T11:02:19.629+0000] {logging_mixin.py:190} INFO - [2025-11-15T11:02:19.629+0000] {dagbag.py:588} INFO - Filling up the DagBag from /opt/airflow/dags/first_dag.py
[2025-11-15T11:02:19.647+0000] {processor.py:925} INFO - DAG(s) 'my_first_dag' retrieved from /opt/airflow/dags/first_dag.py
[2025-11-15T11:02:19.664+0000] {logging_mixin.py:190} INFO - [2025-11-15T11:02:19.664+0000] {dag.py:3239} INFO - Sync 1 DAGs
[2025-11-15T11:02:19.683+0000] {logging_mixin.py:190} INFO - [2025-11-15T11:02:19.683+0000] {dag.py:4180} INFO - Setting next_dagrun for my_first_dag to 2025-11-14 00:00:00+00:00, run_after=2025-11-15 00:00:00+00:00
[2025-11-15T11:02:19.699+0000] {processor.py:208} INFO - Processing /opt/airflow/dags/first_dag.py took 0.078 seconds
[2025-11-15T11:02:50.201+0000] {processor.py:186} INFO - Started process (PID=13494) to work on /opt/airflow/dags/first_dag.py
[2025-11-15T11:02:50.205+0000] {processor.py:914} INFO - Processing file /opt/airflow/dags/first_dag.py for tasks to queue
[2025-11-15T11:02:50.210+0000] {logging_mixin.py:190} INFO - [2025-11-15T11:02:50.210+0000] {dagbag.py:588} INFO - Filling up the DagBag from /opt/airflow/dags/first_dag.py
[2025-11-15T11:02:50.258+0000] {processor.py:925} INFO - DAG(s) 'my_first_dag' retrieved from /opt/airflow/dags/first_dag.py
[2025-11-15T11:02:50.276+0000] {logging_mixin.py:190} INFO - [2025-11-15T11:02:50.276+0000] {dag.py:3239} INFO - Sync 1 DAGs
[2025-11-15T11:02:50.295+0000] {logging_mixin.py:190} INFO - [2025-11-15T11:02:50.295+0000] {dag.py:4180} INFO - Setting next_dagrun for my_first_dag to 2025-11-14 00:00:00+00:00, run_after=2025-11-15 00:00:00+00:00
[2025-11-15T11:02:50.315+0000] {processor.py:208} INFO - Processing /opt/airflow/dags/first_dag.py took 0.120 seconds
[2025-11-15T11:03:20.712+0000] {processor.py:186} INFO - Started process (PID=13560) to work on /opt/airflow/dags/first_dag.py
[2025-11-15T11:03:20.713+0000] {processor.py:914} INFO - Processing file /opt/airflow/dags/first_dag.py for tasks to queue
[2025-11-15T11:03:20.716+0000] {logging_mixin.py:190} INFO - [2025-11-15T11:03:20.715+0000] {dagbag.py:588} INFO - Filling up the DagBag from /opt/airflow/dags/first_dag.py
[2025-11-15T11:03:20.738+0000] {processor.py:925} INFO - DAG(s) 'my_first_dag' retrieved from /opt/airflow/dags/first_dag.py
[2025-11-15T11:03:20.756+0000] {logging_mixin.py:190} INFO - [2025-11-15T11:03:20.756+0000] {dag.py:3239} INFO - Sync 1 DAGs
[2025-11-15T11:03:20.774+0000] {logging_mixin.py:190} INFO - [2025-11-15T11:03:20.774+0000] {dag.py:4180} INFO - Setting next_dagrun for my_first_dag to 2025-11-14 00:00:00+00:00, run_after=2025-11-15 00:00:00+00:00
[2025-11-15T11:03:20.788+0000] {processor.py:208} INFO - Processing /opt/airflow/dags/first_dag.py took 0.081 seconds
[2025-11-15T11:03:51.297+0000] {processor.py:186} INFO - Started process (PID=13626) to work on /opt/airflow/dags/first_dag.py
[2025-11-15T11:03:51.298+0000] {processor.py:914} INFO - Processing file /opt/airflow/dags/first_dag.py for tasks to queue
[2025-11-15T11:03:51.301+0000] {logging_mixin.py:190} INFO - [2025-11-15T11:03:51.300+0000] {dagbag.py:588} INFO - Filling up the DagBag from /opt/airflow/dags/first_dag.py
[2025-11-15T11:03:51.315+0000] {processor.py:925} INFO - DAG(s) 'my_first_dag' retrieved from /opt/airflow/dags/first_dag.py
[2025-11-15T11:03:51.330+0000] {logging_mixin.py:190} INFO - [2025-11-15T11:03:51.330+0000] {dag.py:3239} INFO - Sync 1 DAGs
[2025-11-15T11:03:51.347+0000] {logging_mixin.py:190} INFO - [2025-11-15T11:03:51.347+0000] {dag.py:4180} INFO - Setting next_dagrun for my_first_dag to 2025-11-14 00:00:00+00:00, run_after=2025-11-15 00:00:00+00:00
[2025-11-15T11:03:51.362+0000] {processor.py:208} INFO - Processing /opt/airflow/dags/first_dag.py took 0.071 seconds
[2025-11-15T11:04:21.481+0000] {processor.py:186} INFO - Started process (PID=13692) to work on /opt/airflow/dags/first_dag.py
[2025-11-15T11:04:21.484+0000] {processor.py:914} INFO - Processing file /opt/airflow/dags/first_dag.py for tasks to queue
[2025-11-15T11:04:21.486+0000] {logging_mixin.py:190} INFO - [2025-11-15T11:04:21.486+0000] {dagbag.py:588} INFO - Filling up the DagBag from /opt/airflow/dags/first_dag.py
[2025-11-15T11:04:21.511+0000] {processor.py:925} INFO - DAG(s) 'my_first_dag' retrieved from /opt/airflow/dags/first_dag.py
[2025-11-15T11:04:21.527+0000] {logging_mixin.py:190} INFO - [2025-11-15T11:04:21.527+0000] {dag.py:3239} INFO - Sync 1 DAGs
[2025-11-15T11:04:21.543+0000] {logging_mixin.py:190} INFO - [2025-11-15T11:04:21.543+0000] {dag.py:4180} INFO - Setting next_dagrun for my_first_dag to 2025-11-14 00:00:00+00:00, run_after=2025-11-15 00:00:00+00:00
[2025-11-15T11:04:21.560+0000] {processor.py:208} INFO - Processing /opt/airflow/dags/first_dag.py took 0.083 seconds
[2025-11-15T11:04:51.883+0000] {processor.py:186} INFO - Started process (PID=13758) to work on /opt/airflow/dags/first_dag.py
[2025-11-15T11:04:51.887+0000] {processor.py:914} INFO - Processing file /opt/airflow/dags/first_dag.py for tasks to queue
[2025-11-15T11:04:51.889+0000] {logging_mixin.py:190} INFO - [2025-11-15T11:04:51.889+0000] {dagbag.py:588} INFO - Filling up the DagBag from /opt/airflow/dags/first_dag.py
[2025-11-15T11:04:51.927+0000] {processor.py:925} INFO - DAG(s) 'my_first_dag' retrieved from /opt/airflow/dags/first_dag.py
[2025-11-15T11:04:51.944+0000] {logging_mixin.py:190} INFO - [2025-11-15T11:04:51.944+0000] {dag.py:3239} INFO - Sync 1 DAGs
[2025-11-15T11:04:51.961+0000] {logging_mixin.py:190} INFO - [2025-11-15T11:04:51.961+0000] {dag.py:4180} INFO - Setting next_dagrun for my_first_dag to 2025-11-14 00:00:00+00:00, run_after=2025-11-15 00:00:00+00:00
[2025-11-15T11:04:51.974+0000] {processor.py:208} INFO - Processing /opt/airflow/dags/first_dag.py took 0.095 seconds
[2025-11-15T11:05:22.391+0000] {processor.py:186} INFO - Started process (PID=13824) to work on /opt/airflow/dags/first_dag.py
[2025-11-15T11:05:22.392+0000] {processor.py:914} INFO - Processing file /opt/airflow/dags/first_dag.py for tasks to queue
[2025-11-15T11:05:22.395+0000] {logging_mixin.py:190} INFO - [2025-11-15T11:05:22.394+0000] {dagbag.py:588} INFO - Filling up the DagBag from /opt/airflow/dags/first_dag.py
[2025-11-15T11:05:22.428+0000] {processor.py:925} INFO - DAG(s) 'my_first_dag' retrieved from /opt/airflow/dags/first_dag.py
[2025-11-15T11:05:22.447+0000] {logging_mixin.py:190} INFO - [2025-11-15T11:05:22.447+0000] {dag.py:3239} INFO - Sync 1 DAGs
[2025-11-15T11:05:22.469+0000] {logging_mixin.py:190} INFO - [2025-11-15T11:05:22.469+0000] {dag.py:4180} INFO - Setting next_dagrun for my_first_dag to 2025-11-14 00:00:00+00:00, run_after=2025-11-15 00:00:00+00:00
[2025-11-15T11:05:22.081+0000] {processor.py:208} INFO - Processing /opt/airflow/dags/first_dag.py took 0.103 seconds
[2025-11-15T11:05:52.411+0000] {processor.py:186} INFO - Started process (PID=13890) to work on /opt/airflow/dags/first_dag.py
[2025-11-15T11:05:52.412+0000] {processor.py:914} INFO - Processing file /opt/airflow/dags/first_dag.py for tasks to queue
[2025-11-15T11:05:52.415+0000] {logging_mixin.py:190} INFO - [2025-11-15T11:05:52.415+0000] {dagbag.py:588} INFO - Filling up the DagBag from /opt/airflow/dags/first_dag.py
[2025-11-15T11:05:52.433+0000] {processor.py:925} INFO - DAG(s) 'my_first_dag' retrieved from /opt/airflow/dags/first_dag.py
[2025-11-15T11:05:52.449+0000] {logging_mixin.py:190} INFO - [2025-11-15T11:05:52.449+0000] {dag.py:3239} INFO - Sync 1 DAGs
[2025-11-15T11:05:52.465+0000] {logging_mixin.py:190} INFO - [2025-11-15T11:05:52.465+0000] {dag.py:4180} INFO - Setting next_dagrun for my_first_dag to 2025-11-14 00:00:00+00:00, run_after=2025-11-15 00:00:00+00:00
[2025-11-15T11:05:52.487+0000] {processor.py:208} INFO - Processing /opt/airflow/dags/first_dag.py took 0.081 seconds
[2025-11-15T11:06:22.877+0000] {processor.py:186} INFO - Started process (PID=13956) to work on /opt/airflow/dags/first_dag.py
[2025-11-15T11:06:22.878+0000] {processor.py:914} INFO - Processing file /opt/airflow/dags/first_dag.py for tasks to queue
[2025-11-15T11:06:22.881+0000] {logging_mixin.py:190} INFO - [2025-11-15T11:06:22.881+0000] {dagbag.py:588} INFO - Filling up the DagBag from /opt/airflow/dags/first_dag.py
[2025-11-15T11:06:22.901+0000] {processor.py:925} INFO - DAG(s) 'my_first_dag' retrieved from /opt/airflow/dags/first_dag.py
[2025-11-15T11:06:22.919+0000] {logging_mixin.py:190} INFO - [2025-11-15T11:06:22.918+0000] {dag.py:3239} INFO - Sync 1 DAGs
[2025-11-15T11:06:22.941+0000] {logging_mixin.py:190} INFO - [2025-11-15T11:06:22.941+0000] {dag.py:4180} INFO - Setting next_dagrun for my_first_dag to 2025-11-14 00:00:00+00:00, run_after=2025-11-15 00:00:00+00:00
[2025-11-15T11:06:22.959+0000] {processor.py:208} INFO - Processing /opt/airflow/dags/first_dag.py took 0.088 seconds
[2025-11-15T11:06:53.485+0000] {processor.py:186} INFO - Started process (PID=14028) to work on /opt/airflow/dags/first_dag.py
[2025-11-15T11:06:53.486+0000] {processor.py:914} INFO - Processing file /opt/airflow/dags/first_dag.py for tasks to queue
[2025-11-15T11:06:53.489+0000] {logging_mixin.py:190} INFO - [2025-11-15T11:06:53.488+0000] {dagbag.py:588} INFO - Filling up the DagBag from /opt/airflow/dags/first_dag.py
[2025-11-15T11:06:53.505+0000] {processor.py:925} INFO - DAG(s) 'my_first_dag' retrieved from /opt/airflow/dags/first_dag.py
[2025-11-15T11:06:53.520+0000] {logging_mixin.py:190} INFO - [2025-11-15T11:06:53.520+0000] {dag.py:3239} INFO - Sync 1 DAGs
[2025-11-15T11:06:53.537+0000] {logging_mixin.py:190} INFO - [2025-11-15T11:06:53.537+0000] {dag.py:4180} INFO - Setting next_dagrun for my_first_dag to 2025-11-14 00:00:00+00:00, run_after=2025-11-15 00:00:00+00:00
[2025-11-15T11:06:53.555+0000] {processor.py:208} INFO - Processing /opt/airflow/dags/first_dag.py took 0.075 seconds
[2025-11-15T11:07:23.745+0000] {processor.py:186} INFO - Started process (PID=14094) to work on /opt/airflow/dags/first_dag.py
[2025-11-15T11:07:23.748+0000] {processor.py:914} INFO - Processing file /opt/airflow/dags/first_dag.py for tasks to queue
[2025-11-15T11:07:23.751+0000] {logging_mixin.py:190} INFO - [2025-11-15T11:07:23.750+0000] {dagbag.py:588} INFO - Filling up the DagBag from /opt/airflow/dags/first_dag.py
[2025-11-15T11:07:23.765+0000] {processor.py:925} INFO - DAG(s) 'my_first_dag' retrieved from /opt/airflow/dags/first_dag.py
[2025-11-15T11:07:23.780+0000] {logging_mixin.py:190} INFO - [2025-11-15T11:07:23.780+0000] {dag.py:3239} INFO - Sync 1 DAGs
[2025-11-15T11:07:23.795+0000] {logging_mixin.py:190} INFO - [2025-11-15T11:07:23.795+0000] {dag.py:4180} INFO - Setting next_dagrun for my_first_dag to 2025-11-14 00:00:00+00:00, run_after=2025-11-15 00:00:00+00:00
[2025-11-15T11:07:23.812+0000] {processor.py:208} INFO - Processing /opt/airflow/dags/first_dag.py took 0.072 seconds
[2025-11-15T11:07:54.265+0000] {processor.py:186} INFO - Started process (PID=14160) to work on /opt/airflow/dags/first_dag.py
[2025-11-15T11:07:54.266+0000] {processor.py:914} INFO - Processing file /opt/airflow/dags/first_dag.py for tasks to queue
[2025-11-15T11:07:54.269+0000] {logging_mixin.py:190} INFO - [2025-11-15T11:07:54.269+0000] {dagbag.py:588} INFO - Filling up the DagBag from /opt/airflow/dags/first_dag.py
[2025-11-15T11:07:54.292+0000] {processor.py:925} INFO - DAG(s) 'my_first_dag' retrieved from /opt/airflow/dags/first_dag.py
[2025-11-15T11:07:54.307+0000] {logging_mixin.py:190} INFO - [2025-11-15T11:07:54.307+0000] {dag.py:3239} INFO - Sync 1 DAGs
[2025-11-15T11:07:54.326+0000] {logging_mixin.py:190} INFO - [2025-11-15T11:07:54.326+0000] {dag.py:4180} INFO - Setting next_dagrun for my_first_dag to 2025-11-14 00:00:00+00:00, run_after=2025-11-15 00:00:00+00:00
[2025-11-15T11:07:54.343+0000] {processor.py:208} INFO - Processing /opt/airflow/dags/first_dag.py took 0.083 seconds
[2025-11-15T11:08:24.962+0000] {processor.py:186} INFO - Started process (PID=14226) to work on /opt/airflow/dags/first_dag.py
[2025-11-15T11:08:24.963+0000] {processor.py:914} INFO - Processing file /opt/airflow/dags/first_dag.py for tasks to queue
[2025-11-15T11:08:24.965+0000] {logging_mixin.py:190} INFO - [2025-11-15T11:08:24.965+0000] {dagbag.py:588} INFO - Filling up the DagBag from /opt/airflow/dags/first_dag.py
[2025-11-15T11:08:24.978+0000] {processor.py:925} INFO - DAG(s) 'my_first_dag' retrieved from /opt/airflow/dags/first_dag.py
[2025-11-15T11:08:24.994+0000] {logging_mixin.py:190} INFO - [2025-11-15T11:08:24.994+0000] {dag.py:3239} INFO - Sync 1 DAGs
[2025-11-15T11:08:25.011+0000] {logging_mixin.py:190} INFO - [2025-11-15T11:08:25.011+0000] {dag.py:4180} INFO - Setting next_dagrun for my_first_dag to 2025-11-14 00:00:00+00:00, run_after=2025-11-15 00:00:00+00:00
[2025-11-15T11:08:25.028+0000] {processor.py:208} INFO - Processing /opt/airflow/dags/first_dag.py took 0.071 seconds
[2025-11-15T11:08:55.520+0000] {processor.py:186} INFO - Started process (PID=14292) to work on /opt/airflow/dags/first_dag.py
[2025-11-15T11:08:55.521+0000] {processor.py:914} INFO - Processing file /opt/airflow/dags/first_dag.py for tasks to queue
[2025-11-15T11:08:55.524+0000] {logging_mixin.py:190} INFO - [2025-11-15T11:08:55.523+0000] {dagbag.py:588} INFO - Filling up the DagBag from /opt/airflow/dags/first_dag.py
[2025-11-15T11:08:55.541+0000] {processor.py:925} INFO - DAG(s) 'my_first_dag' retrieved from /opt/airflow/dags/first_dag.py
[2025-11-15T11:08:55.557+0000] {logging_mixin.py:190} INFO - [2025-11-15T11:08:55.557+0000] {dag.py:3239} INFO - Sync 1 DAGs
[2025-11-15T11:08:55.574+0000] {logging_mixin.py:190} INFO - [2025-11-15T11:08:55.574+0000] {dag.py:4180} INFO - Setting next_dagrun for my_first_dag to 2025-11-14 00:00:00+00:00, run_after=2025-11-15 00:00:00+00:00
[2025-11-15T11:08:55.589+0000] {processor.py:208} INFO - Processing /opt/airflow/dags/first_dag.py took 0.073 seconds
[2025-11-15T11:09:25.690+0000] {processor.py:186} INFO - Started process (PID=14358) to work on /opt/airflow/dags/first_dag.py
[2025-11-15T11:09:25.691+0000] {processor.py:914} INFO - Processing file /opt/airflow/dags/first_dag.py for tasks to queue
[2025-11-15T11:09:25.695+0000] {logging_mixin.py:190} INFO - [2025-11-15T11:09:25.694+0000] {dagbag.py:588} INFO - Filling up the DagBag from /opt/airflow/dags/first_dag.py
[2025-11-15T11:09:25.735+0000] {processor.py:925} INFO - DAG(s) 'my_first_dag' retrieved from /opt/airflow/dags/first_dag.py
[2025-11-15T11:09:25.752+0000] {logging_mixin.py:190} INFO - [2025-11-15T11:09:25.752+0000] {dag.py:3239} INFO - Sync 1 DAGs
[2025-11-15T11:09:25.768+0000] {logging_mixin.py:190} INFO - [2025-11-15T11:09:25.768+0000] {dag.py:4180} INFO - Setting next_dagrun for my_first_dag to 2025-11-14 00:00:00+00:00, run_after=2025-11-15 00:00:00+00:00
[2025-11-15T11:09:25.785+0000] {processor.py:208} INFO - Processing /opt/airflow/dags/first_dag.py took 0.102 seconds
[2025-11-15T11:09:56.000+0000] {processor.py:186} INFO - Started process (PID=14424) to work on /opt/airflow/dags/first_dag.py
[2025-11-15T11:09:56.002+0000] {processor.py:914} INFO - Processing file /opt/airflow/dags/first_dag.py for tasks to queue
[2025-11-15T11:09:56.005+0000] {logging_mixin.py:190} INFO - [2025-11-15T11:09:56.004+0000] {dagbag.py:588} INFO - Filling up the DagBag from /opt/airflow/dags/first_dag.py
[2025-11-15T11:09:56.026+0000] {processor.py:925} INFO - DAG(s) 'my_first_dag' retrieved from /opt/airflow/dags/first_dag.py
[2025-11-15T11:09:56.042+0000] {logging_mixin.py:190} INFO - [2025-11-15T11:09:56.042+0000] {dag.py:3239} INFO - Sync 1 DAGs
[2025-11-15T11:09:56.061+0000] {logging_mixin.py:190} INFO - [2025-11-15T11:09:56.061+0000] {dag.py:4180} INFO - Setting next_dagrun for my_first_dag to 2025-11-14 00:00:00+00:00, run_after=2025-11-15 00:00:00+00:00
[2025-11-15T11:09:56.078+0000] {processor.py:208} INFO - Processing /opt/airflow/dags/first_dag.py took 0.083 seconds
[2025-11-15T11:10:26.500+0000] {processor.py:186} INFO - Started process (PID=14490) to work on /opt/airflow/dags/first_dag.py
[2025-11-15T11:10:26.505+0000] {processor.py:914} INFO - Processing file /opt/airflow/dags/first_dag.py for tasks to queue
[2025-11-15T11:10:26.509+0000] {logging_mixin.py:190} INFO - [2025-11-15T11:10:26.509+0000] {dagbag.py:588} INFO - Filling up the DagBag from /opt/airflow/dags/first_dag.py
[2025-11-15T11:10:26.586+0000] {processor.py:925} INFO - DAG(s) 'my_first_dag' retrieved from /opt/airflow/dags/first_dag.py
[2025-11-15T11:10:26.603+0000] {logging_mixin.py:190} INFO - [2025-11-15T11:10:26.603+0000] {dag.py:3239} INFO - Sync 1 DAGs
[2025-11-15T11:10:26.620+0000] {logging_mixin.py:190} INFO - [2025-11-15T11:10:26.620+0000] {dag.py:4180} INFO - Setting next_dagrun for my_first_dag to 2025-11-14 00:00:00+00:00, run_after=2025-11-15 00:00:00+00:00
[2025-11-15T11:10:26.646+0000] {processor.py:208} INFO - Processing /opt/airflow/dags/first_dag.py took 0.151 seconds
[2025-11-15T11:10:57.124+0000] {processor.py:186} INFO - Started process (PID=14556) to work on /opt/airflow/dags/first_dag.py
[2025-11-15T11:10:57.125+0000] {processor.py:914} INFO - Processing file /opt/airflow/dags/first_dag.py for tasks to queue
[2025-11-15T11:10:57.127+0000] {logging_mixin.py:190} INFO - [2025-11-15T11:10:57.127+0000] {dagbag.py:588} INFO - Filling up the DagBag from /opt/airflow/dags/first_dag.py
[2025-11-15T11:10:57.142+0000] {processor.py:925} INFO - DAG(s) 'my_first_dag' retrieved from /opt/airflow/dags/first_dag.py
[2025-11-15T11:10:57.157+0000] {logging_mixin.py:190} INFO - [2025-11-15T11:10:57.157+0000] {dag.py:3239} INFO - Sync 1 DAGs
[2025-11-15T11:10:57.173+0000] {logging_mixin.py:190} INFO - [2025-11-15T11:10:57.173+0000] {dag.py:4180} INFO - Setting next_dagrun for my_first_dag to 2025-11-14 00:00:00+00:00, run_after=2025-11-15 00:00:00+00:00
[2025-11-15T11:10:57.191+0000] {processor.py:208} INFO - Processing /opt/airflow/dags/first_dag.py took 0.071 seconds
[2025-11-15T11:11:27.569+0000] {processor.py:186} INFO - Started process (PID=14622) to work on /opt/airflow/dags/first_dag.py
[2025-11-15T11:11:27.570+0000] {processor.py:914} INFO - Processing file /opt/airflow/dags/first_dag.py for tasks to queue
[2025-11-15T11:11:27.572+0000] {logging_mixin.py:190} INFO - [2025-11-15T11:11:27.571+0000] {dagbag.py:588} INFO - Filling up the DagBag from /opt/airflow/dags/first_dag.py
[2025-11-15T11:11:27.585+0000] {processor.py:925} INFO - DAG(s) 'my_first_dag' retrieved from /opt/airflow/dags/first_dag.py
[2025-11-15T11:11:27.598+0000] {logging_mixin.py:190} INFO - [2025-11-15T11:11:27.598+0000] {dag.py:3239} INFO - Sync 1 DAGs
[2025-11-15T11:11:27.614+0000] {logging_mixin.py:190} INFO - [2025-11-15T11:11:27.614+0000] {dag.py:4180} INFO - Setting next_dagrun for my_first_dag to 2025-11-14 00:00:00+00:00, run_after=2025-11-15 00:00:00+00:00
[2025-11-15T11:11:27.628+0000] {processor.py:208} INFO - Processing /opt/airflow/dags/first_dag.py took 0.064 seconds
[2025-11-15T11:11:57.723+0000] {processor.py:186} INFO - Started process (PID=14688) to work on /opt/airflow/dags/first_dag.py
[2025-11-15T11:11:57.728+0000] {processor.py:914} INFO - Processing file /opt/airflow/dags/first_dag.py for tasks to queue
[2025-11-15T11:11:57.730+0000] {logging_mixin.py:190} INFO - [2025-11-15T11:11:57.729+0000] {dagbag.py:588} INFO - Filling up the DagBag from /opt/airflow/dags/first_dag.py
[2025-11-15T11:11:57.744+0000] {processor.py:925} INFO - DAG(s) 'my_first_dag' retrieved from /opt/airflow/dags/first_dag.py
[2025-11-15T11:11:57.760+0000] {logging_mixin.py:190} INFO - [2025-11-15T11:11:57.760+0000] {dag.py:3239} INFO - Sync 1 DAGs
[2025-11-15T11:11:57.776+0000] {logging_mixin.py:190} INFO - [2025-11-15T11:11:57.776+0000] {dag.py:4180} INFO - Setting next_dagrun for my_first_dag to 2025-11-14 00:00:00+00:00, run_after=2025-11-15 00:00:00+00:00
[2025-11-15T11:11:57.793+0000] {processor.py:208} INFO - Processing /opt/airflow/dags/first_dag.py took 0.074 seconds
[2025-11-15T11:12:28.364+0000] {processor.py:186} INFO - Started process (PID=14754) to work on /opt/airflow/dags/first_dag.py
[2025-11-15T11:12:28.365+0000] {processor.py:914} INFO - Processing file /opt/airflow/dags/first_dag.py for tasks to queue
[2025-11-15T11:12:28.367+0000] {logging_mixin.py:190} INFO - [2025-11-15T11:12:28.366+0000] {dagbag.py:588} INFO - Filling up the DagBag from /opt/airflow/dags/first_dag.py
[2025-11-15T11:12:28.380+0000] {processor.py:925} INFO - DAG(s) 'my_first_dag' retrieved from /opt/airflow/dags/first_dag.py
[2025-11-15T11:12:28.395+0000] {logging_mixin.py:190} INFO - [2025-11-15T11:12:28.395+0000] {dag.py:3239} INFO - Sync 1 DAGs
[2025-11-15T11:12:28.412+0000] {logging_mixin.py:190} INFO - [2025-11-15T11:12:28.412+0000] {dag.py:4180} INFO - Setting next_dagrun for my_first_dag to 2025-11-14 00:00:00+00:00, run_after=2025-11-15 00:00:00+00:00
[2025-11-15T11:12:28.430+0000] {processor.py:208} INFO - Processing /opt/airflow/dags/first_dag.py took 0.071 seconds
[2025-11-15T11:12:58.876+0000] {processor.py:186} INFO - Started process (PID=14820) to work on /opt/airflow/dags/first_dag.py
[2025-11-15T11:12:58.877+0000] {processor.py:914} INFO - Processing file /opt/airflow/dags/first_dag.py for tasks to queue
[2025-11-15T11:12:58.879+0000] {logging_mixin.py:190} INFO - [2025-11-15T11:12:58.879+0000] {dagbag.py:588} INFO - Filling up the DagBag from /opt/airflow/dags/first_dag.py
[2025-11-15T11:12:58.895+0000] {processor.py:925} INFO - DAG(s) 'my_first_dag' retrieved from /opt/airflow/dags/first_dag.py
[2025-11-15T11:12:58.910+0000] {logging_mixin.py:190} INFO - [2025-11-15T11:12:58.910+0000] {dag.py:3239} INFO - Sync 1 DAGs
[2025-11-15T11:12:58.928+0000] {logging_mixin.py:190} INFO - [2025-11-15T11:12:58.927+0000] {dag.py:4180} INFO - Setting next_dagrun for my_first_dag to 2025-11-14 00:00:00+00:00, run_after=2025-11-15 00:00:00+00:00
[2025-11-15T11:12:58.944+0000] {processor.py:208} INFO - Processing /opt/airflow/dags/first_dag.py took 0.073 seconds
[2025-11-15T11:13:29.198+0000] {processor.py:186} INFO - Started process (PID=14886) to work on /opt/airflow/dags/first_dag.py
[2025-11-15T11:13:29.200+0000] {processor.py:914} INFO - Processing file /opt/airflow/dags/first_dag.py for tasks to queue
[2025-11-15T11:13:29.202+0000] {logging_mixin.py:190} INFO - [2025-11-15T11:13:29.202+0000] {dagbag.py:588} INFO - Filling up the DagBag from /opt/airflow/dags/first_dag.py
[2025-11-15T11:13:29.224+0000] {processor.py:925} INFO - DAG(s) 'my_first_dag' retrieved from /opt/airflow/dags/first_dag.py
[2025-11-15T11:13:29.241+0000] {logging_mixin.py:190} INFO - [2025-11-15T11:13:29.241+0000] {dag.py:3239} INFO - Sync 1 DAGs
[2025-11-15T11:13:29.261+0000] {logging_mixin.py:190} INFO - [2025-11-15T11:13:29.261+0000] {dag.py:4180} INFO - Setting next_dagrun for my_first_dag to 2025-11-14 00:00:00+00:00, run_after=2025-11-15 00:00:00+00:00
[2025-11-15T11:13:29.278+0000] {processor.py:208} INFO - Processing /opt/airflow/dags/first_dag.py took 0.084 seconds
[2025-11-15T11:13:59.680+0000] {processor.py:186} INFO - Started process (PID=14952) to work on /opt/airflow/dags/first_dag.py
[2025-11-15T11:13:59.682+0000] {processor.py:914} INFO - Processing file /opt/airflow/dags/first_dag.py for tasks to queue
[2025-11-15T11:13:59.684+0000] {logging_mixin.py:190} INFO - [2025-11-15T11:13:59.683+0000] {dagbag.py:588} INFO - Filling up the DagBag from /opt/airflow/dags/first_dag.py
[2025-11-15T11:13:59.696+0000] {processor.py:925} INFO - DAG(s) 'my_first_dag' retrieved from /opt/airflow/dags/first_dag.py
[2025-11-15T11:13:59.710+0000] {logging_mixin.py:190} INFO - [2025-11-15T11:13:59.710+0000] {dag.py:3239} INFO - Sync 1 DAGs
[2025-11-15T11:13:59.727+0000] {logging_mixin.py:190} INFO - [2025-11-15T11:13:59.727+0000] {dag.py:4180} INFO - Setting next_dagrun for my_first_dag to 2025-11-14 00:00:00+00:00, run_after=2025-11-15 00:00:00+00:00
[2025-11-15T11:13:59.744+0000] {processor.py:208} INFO - Processing /opt/airflow/dags/first_dag.py took 0.068 seconds
[2025-11-15T11:14:30.322+0000] {processor.py:186} INFO - Started process (PID=15018) to work on /opt/airflow/dags/first_dag.py
[2025-11-15T11:14:30.323+0000] {processor.py:914} INFO - Processing file /opt/airflow/dags/first_dag.py for tasks to queue
[2025-11-15T11:14:30.325+0000] {logging_mixin.py:190} INFO - [2025-11-15T11:14:30.325+0000] {dagbag.py:588} INFO - Filling up the DagBag from /opt/airflow/dags/first_dag.py
[2025-11-15T11:14:30.340+0000] {processor.py:925} INFO - DAG(s) 'my_first_dag' retrieved from /opt/airflow/dags/first_dag.py
[2025-11-15T11:14:30.352+0000] {logging_mixin.py:190} INFO - [2025-11-15T11:14:30.352+0000] {dag.py:3239} INFO - Sync 1 DAGs
[2025-11-15T11:14:30.368+0000] {logging_mixin.py:190} INFO - [2025-11-15T11:14:30.368+0000] {dag.py:4180} INFO - Setting next_dagrun for my_first_dag to 2025-11-14 00:00:00+00:00, run_after=2025-11-15 00:00:00+00:00
[2025-11-15T11:14:30.383+0000] {processor.py:208} INFO - Processing /opt/airflow/dags/first_dag.py took 0.066 seconds
[2025-11-15T11:15:00.694+0000] {processor.py:186} INFO - Started process (PID=15084) to work on /opt/airflow/dags/first_dag.py
[2025-11-15T11:15:00.695+0000] {processor.py:914} INFO - Processing file /opt/airflow/dags/first_dag.py for tasks to queue
[2025-11-15T11:15:00.697+0000] {logging_mixin.py:190} INFO - [2025-11-15T11:15:00.697+0000] {dagbag.py:588} INFO - Filling up the DagBag from /opt/airflow/dags/first_dag.py
[2025-11-15T11:15:00.712+0000] {processor.py:925} INFO - DAG(s) 'my_first_dag' retrieved from /opt/airflow/dags/first_dag.py
[2025-11-15T11:15:00.726+0000] {logging_mixin.py:190} INFO - [2025-11-15T11:15:00.725+0000] {dag.py:3239} INFO - Sync 1 DAGs
[2025-11-15T11:15:00.741+0000] {logging_mixin.py:190} INFO - [2025-11-15T11:15:00.741+0000] {dag.py:4180} INFO - Setting next_dagrun for my_first_dag to 2025-11-14 00:00:00+00:00, run_after=2025-11-15 00:00:00+00:00
[2025-11-15T11:15:00.757+0000] {processor.py:208} INFO - Processing /opt/airflow/dags/first_dag.py took 0.068 seconds
[2025-11-15T11:15:31.382+0000] {processor.py:186} INFO - Started process (PID=15150) to work on /opt/airflow/dags/first_dag.py
[2025-11-15T11:15:31.385+0000] {processor.py:914} INFO - Processing file /opt/airflow/dags/first_dag.py for tasks to queue
[2025-11-15T11:15:31.387+0000] {logging_mixin.py:190} INFO - [2025-11-15T11:15:31.387+0000] {dagbag.py:588} INFO - Filling up the DagBag from /opt/airflow/dags/first_dag.py
[2025-11-15T11:15:31.400+0000] {processor.py:925} INFO - DAG(s) 'my_first_dag' retrieved from /opt/airflow/dags/first_dag.py
[2025-11-15T11:15:31.414+0000] {logging_mixin.py:190} INFO - [2025-11-15T11:15:31.414+0000] {dag.py:3239} INFO - Sync 1 DAGs
[2025-11-15T11:15:31.430+0000] {logging_mixin.py:190} INFO - [2025-11-15T11:15:31.430+0000] {dag.py:4180} INFO - Setting next_dagrun for my_first_dag to 2025-11-14 00:00:00+00:00, run_after=2025-11-15 00:00:00+00:00
[2025-11-15T11:15:31.445+0000] {processor.py:208} INFO - Processing /opt/airflow/dags/first_dag.py took 0.068 seconds
[2025-11-15T11:16:01.538+0000] {processor.py:186} INFO - Started process (PID=15216) to work on /opt/airflow/dags/first_dag.py
[2025-11-15T11:16:01.539+0000] {processor.py:914} INFO - Processing file /opt/airflow/dags/first_dag.py for tasks to queue
[2025-11-15T11:16:01.541+0000] {logging_mixin.py:190} INFO - [2025-11-15T11:16:01.541+0000] {dagbag.py:588} INFO - Filling up the DagBag from /opt/airflow/dags/first_dag.py
[2025-11-15T11:16:01.560+0000] {processor.py:925} INFO - DAG(s) 'my_first_dag' retrieved from /opt/airflow/dags/first_dag.py
[2025-11-15T11:16:01.575+0000] {logging_mixin.py:190} INFO - [2025-11-15T11:16:01.575+0000] {dag.py:3239} INFO - Sync 1 DAGs
[2025-11-15T11:16:01.591+0000] {logging_mixin.py:190} INFO - [2025-11-15T11:16:01.591+0000] {dag.py:4180} INFO - Setting next_dagrun for my_first_dag to 2025-11-14 00:00:00+00:00, run_after=2025-11-15 00:00:00+00:00
[2025-11-15T11:16:01.605+0000] {processor.py:208} INFO - Processing /opt/airflow/dags/first_dag.py took 0.072 seconds
[2025-11-15T11:16:32.059+0000] {processor.py:186} INFO - Started process (PID=15282) to work on /opt/airflow/dags/first_dag.py
[2025-11-15T11:16:32.061+0000] {processor.py:914} INFO - Processing file /opt/airflow/dags/first_dag.py for tasks to queue
[2025-11-15T11:16:32.063+0000] {logging_mixin.py:190} INFO - [2025-11-15T11:16:32.063+0000] {dagbag.py:588} INFO - Filling up the DagBag from /opt/airflow/dags/first_dag.py
[2025-11-15T11:16:32.077+0000] {processor.py:925} INFO - DAG(s) 'my_first_dag' retrieved from /opt/airflow/dags/first_dag.py
[2025-11-15T11:16:32.090+0000] {logging_mixin.py:190} INFO - [2025-11-15T11:16:32.090+0000] {dag.py:3239} INFO - Sync 1 DAGs
[2025-11-15T11:16:32.106+0000] {logging_mixin.py:190} INFO - [2025-11-15T11:16:32.106+0000] {dag.py:4180} INFO - Setting next_dagrun for my_first_dag to 2025-11-14 00:00:00+00:00, run_after=2025-11-15 00:00:00+00:00
[2025-11-15T11:16:32.121+0000] {processor.py:208} INFO - Processing /opt/airflow/dags/first_dag.py took 0.067 seconds
[2025-11-15T11:17:02.413+0000] {processor.py:186} INFO - Started process (PID=15348) to work on /opt/airflow/dags/first_dag.py
[2025-11-15T11:17:02.414+0000] {processor.py:914} INFO - Processing file /opt/airflow/dags/first_dag.py for tasks to queue
[2025-11-15T11:17:02.417+0000] {logging_mixin.py:190} INFO - [2025-11-15T11:17:02.417+0000] {dagbag.py:588} INFO - Filling up the DagBag from /opt/airflow/dags/first_dag.py
[2025-11-15T11:17:02.098+0000] {processor.py:925} INFO - DAG(s) 'my_first_dag' retrieved from /opt/airflow/dags/first_dag.py
[2025-11-15T11:17:02.112+0000] {logging_mixin.py:190} INFO - [2025-11-15T11:17:02.112+0000] {dag.py:3239} INFO - Sync 1 DAGs
[2025-11-15T11:17:02.129+0000] {logging_mixin.py:190} INFO - [2025-11-15T11:17:02.129+0000] {dag.py:4180} INFO - Setting next_dagrun for my_first_dag to 2025-11-14 00:00:00+00:00, run_after=2025-11-15 00:00:00+00:00
[2025-11-15T11:17:02.145+0000] {processor.py:208} INFO - Processing /opt/airflow/dags/first_dag.py took 0.142 seconds
[2025-11-15T11:17:32.588+0000] {processor.py:186} INFO - Started process (PID=15414) to work on /opt/airflow/dags/first_dag.py
[2025-11-15T11:17:32.592+0000] {processor.py:914} INFO - Processing file /opt/airflow/dags/first_dag.py for tasks to queue
[2025-11-15T11:17:32.595+0000] {logging_mixin.py:190} INFO - [2025-11-15T11:17:32.594+0000] {dagbag.py:588} INFO - Filling up the DagBag from /opt/airflow/dags/first_dag.py
[2025-11-15T11:17:32.610+0000] {processor.py:925} INFO - DAG(s) 'my_first_dag' retrieved from /opt/airflow/dags/first_dag.py
[2025-11-15T11:17:32.626+0000] {logging_mixin.py:190} INFO - [2025-11-15T11:17:32.625+0000] {dag.py:3239} INFO - Sync 1 DAGs
[2025-11-15T11:17:32.643+0000] {logging_mixin.py:190} INFO - [2025-11-15T11:17:32.642+0000] {dag.py:4180} INFO - Setting next_dagrun for my_first_dag to 2025-11-14 00:00:00+00:00, run_after=2025-11-15 00:00:00+00:00
[2025-11-15T11:17:32.658+0000] {processor.py:208} INFO - Processing /opt/airflow/dags/first_dag.py took 0.075 seconds
[2025-11-15T11:18:02.865+0000] {processor.py:186} INFO - Started process (PID=15480) to work on /opt/airflow/dags/first_dag.py
[2025-11-15T11:18:02.866+0000] {processor.py:914} INFO - Processing file /opt/airflow/dags/first_dag.py for tasks to queue
[2025-11-15T11:18:02.868+0000] {logging_mixin.py:190} INFO - [2025-11-15T11:18:02.868+0000] {dagbag.py:588} INFO - Filling up the DagBag from /opt/airflow/dags/first_dag.py
[2025-11-15T11:18:02.883+0000] {processor.py:925} INFO - DAG(s) 'my_first_dag' retrieved from /opt/airflow/dags/first_dag.py
[2025-11-15T11:18:02.897+0000] {logging_mixin.py:190} INFO - [2025-11-15T11:18:02.897+0000] {dag.py:3239} INFO - Sync 1 DAGs
[2025-11-15T11:18:02.915+0000] {logging_mixin.py:190} INFO - [2025-11-15T11:18:02.915+0000] {dag.py:4180} INFO - Setting next_dagrun for my_first_dag to 2025-11-14 00:00:00+00:00, run_after=2025-11-15 00:00:00+00:00
[2025-11-15T11:18:02.931+0000] {processor.py:208} INFO - Processing /opt/airflow/dags/first_dag.py took 0.071 seconds
[2025-11-15T11:18:33.270+0000] {processor.py:186} INFO - Started process (PID=15546) to work on /opt/airflow/dags/first_dag.py
[2025-11-15T11:18:33.271+0000] {processor.py:914} INFO - Processing file /opt/airflow/dags/first_dag.py for tasks to queue
[2025-11-15T11:18:33.273+0000] {logging_mixin.py:190} INFO - [2025-11-15T11:18:33.273+0000] {dagbag.py:588} INFO - Filling up the DagBag from /opt/airflow/dags/first_dag.py
[2025-11-15T11:18:33.300+0000] {processor.py:925} INFO - DAG(s) 'my_first_dag' retrieved from /opt/airflow/dags/first_dag.py
[2025-11-15T11:18:33.315+0000] {logging_mixin.py:190} INFO - [2025-11-15T11:18:33.315+0000] {dag.py:3239} INFO - Sync 1 DAGs
[2025-11-15T11:18:33.335+0000] {logging_mixin.py:190} INFO - [2025-11-15T11:18:33.335+0000] {dag.py:4180} INFO - Setting next_dagrun for my_first_dag to 2025-11-14 00:00:00+00:00, run_after=2025-11-15 00:00:00+00:00
[2025-11-15T11:18:33.350+0000] {processor.py:208} INFO - Processing /opt/airflow/dags/first_dag.py took 0.085 seconds
[2025-11-15T11:19:03.551+0000] {processor.py:186} INFO - Started process (PID=15618) to work on /opt/airflow/dags/first_dag.py
[2025-11-15T11:19:03.552+0000] {processor.py:914} INFO - Processing file /opt/airflow/dags/first_dag.py for tasks to queue
[2025-11-15T11:19:03.554+0000] {logging_mixin.py:190} INFO - [2025-11-15T11:19:03.554+0000] {dagbag.py:588} INFO - Filling up the DagBag from /opt/airflow/dags/first_dag.py
[2025-11-15T11:19:03.572+0000] {processor.py:925} INFO - DAG(s) 'my_first_dag' retrieved from /opt/airflow/dags/first_dag.py
[2025-11-15T11:19:03.589+0000] {logging_mixin.py:190} INFO - [2025-11-15T11:19:03.589+0000] {dag.py:3239} INFO - Sync 1 DAGs
[2025-11-15T11:19:03.607+0000] {logging_mixin.py:190} INFO - [2025-11-15T11:19:03.607+0000] {dag.py:4180} INFO - Setting next_dagrun for my_first_dag to 2025-11-14 00:00:00+00:00, run_after=2025-11-15 00:00:00+00:00
[2025-11-15T11:19:03.622+0000] {processor.py:208} INFO - Processing /opt/airflow/dags/first_dag.py took 0.075 seconds
[2025-11-15T11:19:33.776+0000] {processor.py:186} INFO - Started process (PID=15684) to work on /opt/airflow/dags/first_dag.py
[2025-11-15T11:19:33.777+0000] {processor.py:914} INFO - Processing file /opt/airflow/dags/first_dag.py for tasks to queue
[2025-11-15T11:19:33.779+0000] {logging_mixin.py:190} INFO - [2025-11-15T11:19:33.778+0000] {dagbag.py:588} INFO - Filling up the DagBag from /opt/airflow/dags/first_dag.py
[2025-11-15T11:19:33.799+0000] {processor.py:925} INFO - DAG(s) 'my_first_dag' retrieved from /opt/airflow/dags/first_dag.py
[2025-11-15T11:19:33.813+0000] {logging_mixin.py:190} INFO - [2025-11-15T11:19:33.812+0000] {dag.py:3239} INFO - Sync 1 DAGs
[2025-11-15T11:19:33.830+0000] {logging_mixin.py:190} INFO - [2025-11-15T11:19:33.830+0000] {dag.py:4180} INFO - Setting next_dagrun for my_first_dag to 2025-11-14 00:00:00+00:00, run_after=2025-11-15 00:00:00+00:00
[2025-11-15T11:19:33.847+0000] {processor.py:208} INFO - Processing /opt/airflow/dags/first_dag.py took 0.076 seconds
[2025-11-15T11:20:03.922+0000] {processor.py:186} INFO - Started process (PID=15750) to work on /opt/airflow/dags/first_dag.py
[2025-11-15T11:20:03.923+0000] {processor.py:914} INFO - Processing file /opt/airflow/dags/first_dag.py for tasks to queue
[2025-11-15T11:20:03.926+0000] {logging_mixin.py:190} INFO - [2025-11-15T11:20:03.925+0000] {dagbag.py:588} INFO - Filling up the DagBag from /opt/airflow/dags/first_dag.py
[2025-11-15T11:20:03.940+0000] {processor.py:925} INFO - DAG(s) 'my_first_dag' retrieved from /opt/airflow/dags/first_dag.py
[2025-11-15T11:20:03.954+0000] {logging_mixin.py:190} INFO - [2025-11-15T11:20:03.953+0000] {dag.py:3239} INFO - Sync 1 DAGs
[2025-11-15T11:20:03.971+0000] {logging_mixin.py:190} INFO - [2025-11-15T11:20:03.971+0000] {dag.py:4180} INFO - Setting next_dagrun for my_first_dag to 2025-11-14 00:00:00+00:00, run_after=2025-11-15 00:00:00+00:00
[2025-11-15T11:20:03.989+0000] {processor.py:208} INFO - Processing /opt/airflow/dags/first_dag.py took 0.072 seconds
[2025-11-15T11:20:34.065+0000] {processor.py:186} INFO - Started process (PID=15816) to work on /opt/airflow/dags/first_dag.py
[2025-11-15T11:20:34.067+0000] {processor.py:914} INFO - Processing file /opt/airflow/dags/first_dag.py for tasks to queue
[2025-11-15T11:20:34.069+0000] {logging_mixin.py:190} INFO - [2025-11-15T11:20:34.069+0000] {dagbag.py:588} INFO - Filling up the DagBag from /opt/airflow/dags/first_dag.py
[2025-11-15T11:20:34.094+0000] {processor.py:925} INFO - DAG(s) 'my_first_dag' retrieved from /opt/airflow/dags/first_dag.py
[2025-11-15T11:20:34.108+0000] {logging_mixin.py:190} INFO - [2025-11-15T11:20:34.108+0000] {dag.py:3239} INFO - Sync 1 DAGs
[2025-11-15T11:20:34.124+0000] {logging_mixin.py:190} INFO - [2025-11-15T11:20:34.123+0000] {dag.py:4180} INFO - Setting next_dagrun for my_first_dag to 2025-11-14 00:00:00+00:00, run_after=2025-11-15 00:00:00+00:00
[2025-11-15T11:20:34.138+0000] {processor.py:208} INFO - Processing /opt/airflow/dags/first_dag.py took 0.077 seconds
[2025-11-15T11:21:04.283+0000] {processor.py:186} INFO - Started process (PID=15882) to work on /opt/airflow/dags/first_dag.py
[2025-11-15T11:21:04.284+0000] {processor.py:914} INFO - Processing file /opt/airflow/dags/first_dag.py for tasks to queue
[2025-11-15T11:21:04.287+0000] {logging_mixin.py:190} INFO - [2025-11-15T11:21:04.286+0000] {dagbag.py:588} INFO - Filling up the DagBag from /opt/airflow/dags/first_dag.py
[2025-11-15T11:21:04.307+0000] {processor.py:925} INFO - DAG(s) 'my_first_dag' retrieved from /opt/airflow/dags/first_dag.py
[2025-11-15T11:21:04.323+0000] {logging_mixin.py:190} INFO - [2025-11-15T11:21:04.323+0000] {dag.py:3239} INFO - Sync 1 DAGs
[2025-11-15T11:21:04.340+0000] {logging_mixin.py:190} INFO - [2025-11-15T11:21:04.340+0000] {dag.py:4180} INFO - Setting next_dagrun for my_first_dag to 2025-11-14 00:00:00+00:00, run_after=2025-11-15 00:00:00+00:00
[2025-11-15T11:21:04.355+0000] {processor.py:208} INFO - Processing /opt/airflow/dags/first_dag.py took 0.078 seconds
[2025-11-15T11:21:34.793+0000] {processor.py:186} INFO - Started process (PID=15948) to work on /opt/airflow/dags/first_dag.py
[2025-11-15T11:21:34.794+0000] {processor.py:914} INFO - Processing file /opt/airflow/dags/first_dag.py for tasks to queue
[2025-11-15T11:21:34.796+0000] {logging_mixin.py:190} INFO - [2025-11-15T11:21:34.796+0000] {dagbag.py:588} INFO - Filling up the DagBag from /opt/airflow/dags/first_dag.py
[2025-11-15T11:21:34.810+0000] {processor.py:925} INFO - DAG(s) 'my_first_dag' retrieved from /opt/airflow/dags/first_dag.py
[2025-11-15T11:21:34.825+0000] {logging_mixin.py:190} INFO - [2025-11-15T11:21:34.825+0000] {dag.py:3239} INFO - Sync 1 DAGs
[2025-11-15T11:21:34.842+0000] {logging_mixin.py:190} INFO - [2025-11-15T11:21:34.842+0000] {dag.py:4180} INFO - Setting next_dagrun for my_first_dag to 2025-11-14 00:00:00+00:00, run_after=2025-11-15 00:00:00+00:00
[2025-11-15T11:21:34.857+0000] {processor.py:208} INFO - Processing /opt/airflow/dags/first_dag.py took 0.069 seconds
[2025-11-15T11:22:04.997+0000] {processor.py:186} INFO - Started process (PID=15993) to work on /opt/airflow/dags/first_dag.py
[2025-11-15T11:22:04.998+0000] {processor.py:914} INFO - Processing file /opt/airflow/dags/first_dag.py for tasks to queue
[2025-11-15T11:22:05.000+0000] {logging_mixin.py:190} INFO - [2025-11-15T11:22:04.999+0000] {dagbag.py:588} INFO - Filling up the DagBag from /opt/airflow/dags/first_dag.py
[2025-11-15T11:22:05.015+0000] {processor.py:925} INFO - DAG(s) 'my_first_dag' retrieved from /opt/airflow/dags/first_dag.py
[2025-11-15T11:22:05.029+0000] {logging_mixin.py:190} INFO - [2025-11-15T11:22:05.029+0000] {dag.py:3239} INFO - Sync 1 DAGs
[2025-11-15T11:22:05.045+0000] {logging_mixin.py:190} INFO - [2025-11-15T11:22:05.045+0000] {dag.py:4180} INFO - Setting next_dagrun for my_first_dag to 2025-11-14 00:00:00+00:00, run_after=2025-11-15 00:00:00+00:00
[2025-11-15T11:22:05.059+0000] {processor.py:208} INFO - Processing /opt/airflow/dags/first_dag.py took 0.067 seconds
[2025-11-15T11:22:35.297+0000] {processor.py:186} INFO - Started process (PID=16049) to work on /opt/airflow/dags/first_dag.py
[2025-11-15T11:22:35.299+0000] {processor.py:914} INFO - Processing file /opt/airflow/dags/first_dag.py for tasks to queue
[2025-11-15T11:22:35.301+0000] {logging_mixin.py:190} INFO - [2025-11-15T11:22:35.301+0000] {dagbag.py:588} INFO - Filling up the DagBag from /opt/airflow/dags/first_dag.py
[2025-11-15T11:22:35.330+0000] {processor.py:925} INFO - DAG(s) 'my_first_dag' retrieved from /opt/airflow/dags/first_dag.py
[2025-11-15T11:22:35.343+0000] {logging_mixin.py:190} INFO - [2025-11-15T11:22:35.342+0000] {dag.py:3239} INFO - Sync 1 DAGs
[2025-11-15T11:22:35.359+0000] {logging_mixin.py:190} INFO - [2025-11-15T11:22:35.359+0000] {dag.py:4180} INFO - Setting next_dagrun for my_first_dag to 2025-11-14 00:00:00+00:00, run_after=2025-11-15 00:00:00+00:00
[2025-11-15T11:22:35.375+0000] {processor.py:208} INFO - Processing /opt/airflow/dags/first_dag.py took 0.083 seconds
[2025-11-15T11:23:06.012+0000] {processor.py:186} INFO - Started process (PID=16115) to work on /opt/airflow/dags/first_dag.py
[2025-11-15T11:23:06.014+0000] {processor.py:914} INFO - Processing file /opt/airflow/dags/first_dag.py for tasks to queue
[2025-11-15T11:23:06.017+0000] {logging_mixin.py:190} INFO - [2025-11-15T11:23:06.016+0000] {dagbag.py:588} INFO - Filling up the DagBag from /opt/airflow/dags/first_dag.py
[2025-11-15T11:23:06.039+0000] {processor.py:925} INFO - DAG(s) 'my_first_dag' retrieved from /opt/airflow/dags/first_dag.py
[2025-11-15T11:23:06.058+0000] {logging_mixin.py:190} INFO - [2025-11-15T11:23:06.058+0000] {dag.py:3239} INFO - Sync 1 DAGs
[2025-11-15T11:23:06.076+0000] {logging_mixin.py:190} INFO - [2025-11-15T11:23:06.076+0000] {dag.py:4180} INFO - Setting next_dagrun for my_first_dag to 2025-11-14 00:00:00+00:00, run_after=2025-11-15 00:00:00+00:00
[2025-11-15T11:23:06.098+0000] {processor.py:208} INFO - Processing /opt/airflow/dags/first_dag.py took 0.092 seconds
[2025-11-15T11:23:36.324+0000] {processor.py:186} INFO - Started process (PID=16181) to work on /opt/airflow/dags/first_dag.py
[2025-11-15T11:23:36.327+0000] {processor.py:914} INFO - Processing file /opt/airflow/dags/first_dag.py for tasks to queue
[2025-11-15T11:23:36.330+0000] {logging_mixin.py:190} INFO - [2025-11-15T11:23:36.329+0000] {dagbag.py:588} INFO - Filling up the DagBag from /opt/airflow/dags/first_dag.py
[2025-11-15T11:23:36.424+0000] {processor.py:925} INFO - DAG(s) 'my_first_dag' retrieved from /opt/airflow/dags/first_dag.py
[2025-11-15T11:23:36.442+0000] {logging_mixin.py:190} INFO - [2025-11-15T11:23:36.442+0000] {dag.py:3239} INFO - Sync 1 DAGs
[2025-11-15T11:23:36.461+0000] {logging_mixin.py:190} INFO - [2025-11-15T11:23:36.461+0000] {dag.py:4180} INFO - Setting next_dagrun for my_first_dag to 2025-11-14 00:00:00+00:00, run_after=2025-11-15 00:00:00+00:00
[2025-11-15T11:23:36.488+0000] {processor.py:208} INFO - Processing /opt/airflow/dags/first_dag.py took 0.170 seconds
[2025-11-15T11:24:06.612+0000] {processor.py:186} INFO - Started process (PID=16247) to work on /opt/airflow/dags/first_dag.py
[2025-11-15T11:24:06.613+0000] {processor.py:914} INFO - Processing file /opt/airflow/dags/first_dag.py for tasks to queue
[2025-11-15T11:24:06.615+0000] {logging_mixin.py:190} INFO - [2025-11-15T11:24:06.615+0000] {dagbag.py:588} INFO - Filling up the DagBag from /opt/airflow/dags/first_dag.py
[2025-11-15T11:24:06.628+0000] {processor.py:925} INFO - DAG(s) 'my_first_dag' retrieved from /opt/airflow/dags/first_dag.py
[2025-11-15T11:24:06.641+0000] {logging_mixin.py:190} INFO - [2025-11-15T11:24:06.641+0000] {dag.py:3239} INFO - Sync 1 DAGs
[2025-11-15T11:24:06.656+0000] {logging_mixin.py:190} INFO - [2025-11-15T11:24:06.656+0000] {dag.py:4180} INFO - Setting next_dagrun for my_first_dag to 2025-11-14 00:00:00+00:00, run_after=2025-11-15 00:00:00+00:00
[2025-11-15T11:24:06.670+0000] {processor.py:208} INFO - Processing /opt/airflow/dags/first_dag.py took 0.063 seconds
[2025-11-15T11:24:37.235+0000] {processor.py:186} INFO - Started process (PID=16313) to work on /opt/airflow/dags/first_dag.py
[2025-11-15T11:24:37.236+0000] {processor.py:914} INFO - Processing file /opt/airflow/dags/first_dag.py for tasks to queue
[2025-11-15T11:24:37.239+0000] {logging_mixin.py:190} INFO - [2025-11-15T11:24:37.239+0000] {dagbag.py:588} INFO - Filling up the DagBag from /opt/airflow/dags/first_dag.py
[2025-11-15T11:24:37.255+0000] {processor.py:925} INFO - DAG(s) 'my_first_dag' retrieved from /opt/airflow/dags/first_dag.py
[2025-11-15T11:24:37.270+0000] {logging_mixin.py:190} INFO - [2025-11-15T11:24:37.269+0000] {dag.py:3239} INFO - Sync 1 DAGs
[2025-11-15T11:24:37.287+0000] {logging_mixin.py:190} INFO - [2025-11-15T11:24:37.287+0000] {dag.py:4180} INFO - Setting next_dagrun for my_first_dag to 2025-11-14 00:00:00+00:00, run_after=2025-11-15 00:00:00+00:00
[2025-11-15T11:24:37.303+0000] {processor.py:208} INFO - Processing /opt/airflow/dags/first_dag.py took 0.073 seconds
[2025-11-15T11:25:07.587+0000] {processor.py:186} INFO - Started process (PID=16379) to work on /opt/airflow/dags/first_dag.py
[2025-11-15T11:25:07.588+0000] {processor.py:914} INFO - Processing file /opt/airflow/dags/first_dag.py for tasks to queue
[2025-11-15T11:25:07.590+0000] {logging_mixin.py:190} INFO - [2025-11-15T11:25:07.590+0000] {dagbag.py:588} INFO - Filling up the DagBag from /opt/airflow/dags/first_dag.py
[2025-11-15T11:25:07.605+0000] {processor.py:925} INFO - DAG(s) 'my_first_dag' retrieved from /opt/airflow/dags/first_dag.py
[2025-11-15T11:25:07.622+0000] {logging_mixin.py:190} INFO - [2025-11-15T11:25:07.622+0000] {dag.py:3239} INFO - Sync 1 DAGs
[2025-11-15T11:25:07.639+0000] {logging_mixin.py:190} INFO - [2025-11-15T11:25:07.639+0000] {dag.py:4180} INFO - Setting next_dagrun for my_first_dag to 2025-11-14 00:00:00+00:00, run_after=2025-11-15 00:00:00+00:00
[2025-11-15T11:25:07.655+0000] {processor.py:208} INFO - Processing /opt/airflow/dags/first_dag.py took 0.073 seconds
[2025-11-15T11:25:38.395+0000] {processor.py:186} INFO - Started process (PID=16445) to work on /opt/airflow/dags/first_dag.py
[2025-11-15T11:25:38.396+0000] {processor.py:914} INFO - Processing file /opt/airflow/dags/first_dag.py for tasks to queue
[2025-11-15T11:25:38.398+0000] {logging_mixin.py:190} INFO - [2025-11-15T11:25:38.398+0000] {dagbag.py:588} INFO - Filling up the DagBag from /opt/airflow/dags/first_dag.py
[2025-11-15T11:25:38.417+0000] {processor.py:925} INFO - DAG(s) 'my_first_dag' retrieved from /opt/airflow/dags/first_dag.py
[2025-11-15T11:25:38.435+0000] {logging_mixin.py:190} INFO - [2025-11-15T11:25:38.435+0000] {dag.py:3239} INFO - Sync 1 DAGs
[2025-11-15T11:25:38.455+0000] {logging_mixin.py:190} INFO - [2025-11-15T11:25:38.455+0000] {dag.py:4180} INFO - Setting next_dagrun for my_first_dag to 2025-11-14 00:00:00+00:00, run_after=2025-11-15 00:00:00+00:00
[2025-11-15T11:25:38.471+0000] {processor.py:208} INFO - Processing /opt/airflow/dags/first_dag.py took 0.083 seconds
[2025-11-15T11:26:08.613+0000] {processor.py:186} INFO - Started process (PID=16511) to work on /opt/airflow/dags/first_dag.py
[2025-11-15T11:26:08.615+0000] {processor.py:914} INFO - Processing file /opt/airflow/dags/first_dag.py for tasks to queue
[2025-11-15T11:26:08.618+0000] {logging_mixin.py:190} INFO - [2025-11-15T11:26:08.617+0000] {dagbag.py:588} INFO - Filling up the DagBag from /opt/airflow/dags/first_dag.py
[2025-11-15T11:26:08.635+0000] {processor.py:925} INFO - DAG(s) 'my_first_dag' retrieved from /opt/airflow/dags/first_dag.py
[2025-11-15T11:26:08.649+0000] {logging_mixin.py:190} INFO - [2025-11-15T11:26:08.649+0000] {dag.py:3239} INFO - Sync 1 DAGs
[2025-11-15T11:26:08.667+0000] {logging_mixin.py:190} INFO - [2025-11-15T11:26:08.666+0000] {dag.py:4180} INFO - Setting next_dagrun for my_first_dag to 2025-11-14 00:00:00+00:00, run_after=2025-11-15 00:00:00+00:00
[2025-11-15T11:26:08.682+0000] {processor.py:208} INFO - Processing /opt/airflow/dags/first_dag.py took 0.074 seconds
[2025-11-15T11:26:38.730+0000] {processor.py:186} INFO - Started process (PID=16577) to work on /opt/airflow/dags/first_dag.py
[2025-11-15T11:26:38.731+0000] {processor.py:914} INFO - Processing file /opt/airflow/dags/first_dag.py for tasks to queue
[2025-11-15T11:26:38.734+0000] {logging_mixin.py:190} INFO - [2025-11-15T11:26:38.734+0000] {dagbag.py:588} INFO - Filling up the DagBag from /opt/airflow/dags/first_dag.py
[2025-11-15T11:26:38.746+0000] {processor.py:925} INFO - DAG(s) 'my_first_dag' retrieved from /opt/airflow/dags/first_dag.py
[2025-11-15T11:26:38.758+0000] {logging_mixin.py:190} INFO - [2025-11-15T11:26:38.758+0000] {dag.py:3239} INFO - Sync 1 DAGs
[2025-11-15T11:26:38.774+0000] {logging_mixin.py:190} INFO - [2025-11-15T11:26:38.774+0000] {dag.py:4180} INFO - Setting next_dagrun for my_first_dag to 2025-11-14 00:00:00+00:00, run_after=2025-11-15 00:00:00+00:00
[2025-11-15T11:26:38.790+0000] {processor.py:208} INFO - Processing /opt/airflow/dags/first_dag.py took 0.064 seconds
[2025-11-15T11:27:09.021+0000] {processor.py:186} INFO - Started process (PID=16643) to work on /opt/airflow/dags/first_dag.py
[2025-11-15T11:27:09.022+0000] {processor.py:914} INFO - Processing file /opt/airflow/dags/first_dag.py for tasks to queue
[2025-11-15T11:27:09.025+0000] {logging_mixin.py:190} INFO - [2025-11-15T11:27:09.025+0000] {dagbag.py:588} INFO - Filling up the DagBag from /opt/airflow/dags/first_dag.py
[2025-11-15T11:27:09.043+0000] {processor.py:925} INFO - DAG(s) 'my_first_dag' retrieved from /opt/airflow/dags/first_dag.py
[2025-11-15T11:27:09.057+0000] {logging_mixin.py:190} INFO - [2025-11-15T11:27:09.056+0000] {dag.py:3239} INFO - Sync 1 DAGs
[2025-11-15T11:27:09.073+0000] {logging_mixin.py:190} INFO - [2025-11-15T11:27:09.073+0000] {dag.py:4180} INFO - Setting next_dagrun for my_first_dag to 2025-11-14 00:00:00+00:00, run_after=2025-11-15 00:00:00+00:00
[2025-11-15T11:27:09.089+0000] {processor.py:208} INFO - Processing /opt/airflow/dags/first_dag.py took 0.074 seconds
[2025-11-15T11:27:39.325+0000] {processor.py:186} INFO - Started process (PID=16709) to work on /opt/airflow/dags/first_dag.py
[2025-11-15T11:27:39.326+0000] {processor.py:914} INFO - Processing file /opt/airflow/dags/first_dag.py for tasks to queue
[2025-11-15T11:27:39.329+0000] {logging_mixin.py:190} INFO - [2025-11-15T11:27:39.328+0000] {dagbag.py:588} INFO - Filling up the DagBag from /opt/airflow/dags/first_dag.py
[2025-11-15T11:27:39.344+0000] {processor.py:925} INFO - DAG(s) 'my_first_dag' retrieved from /opt/airflow/dags/first_dag.py
[2025-11-15T11:27:39.360+0000] {logging_mixin.py:190} INFO - [2025-11-15T11:27:39.360+0000] {dag.py:3239} INFO - Sync 1 DAGs
[2025-11-15T11:27:39.381+0000] {logging_mixin.py:190} INFO - [2025-11-15T11:27:39.381+0000] {dag.py:4180} INFO - Setting next_dagrun for my_first_dag to 2025-11-14 00:00:00+00:00, run_after=2025-11-15 00:00:00+00:00
[2025-11-15T11:27:39.397+0000] {processor.py:208} INFO - Processing /opt/airflow/dags/first_dag.py took 0.078 seconds
[2025-11-15T11:28:09.937+0000] {processor.py:186} INFO - Started process (PID=16776) to work on /opt/airflow/dags/first_dag.py
[2025-11-15T11:28:09.938+0000] {processor.py:914} INFO - Processing file /opt/airflow/dags/first_dag.py for tasks to queue
[2025-11-15T11:28:09.940+0000] {logging_mixin.py:190} INFO - [2025-11-15T11:28:09.940+0000] {dagbag.py:588} INFO - Filling up the DagBag from /opt/airflow/dags/first_dag.py
[2025-11-15T11:28:09.963+0000] {processor.py:925} INFO - DAG(s) 'my_first_dag' retrieved from /opt/airflow/dags/first_dag.py
[2025-11-15T11:28:09.978+0000] {logging_mixin.py:190} INFO - [2025-11-15T11:28:09.977+0000] {dag.py:3239} INFO - Sync 1 DAGs
[2025-11-15T11:28:09.995+0000] {logging_mixin.py:190} INFO - [2025-11-15T11:28:09.995+0000] {dag.py:4180} INFO - Setting next_dagrun for my_first_dag to 2025-11-14 00:00:00+00:00, run_after=2025-11-15 00:00:00+00:00
[2025-11-15T11:28:10.011+0000] {processor.py:208} INFO - Processing /opt/airflow/dags/first_dag.py took 0.078 seconds
[2025-11-15T11:28:40.129+0000] {processor.py:186} INFO - Started process (PID=16842) to work on /opt/airflow/dags/first_dag.py
[2025-11-15T11:28:40.130+0000] {processor.py:914} INFO - Processing file /opt/airflow/dags/first_dag.py for tasks to queue
[2025-11-15T11:28:40.132+0000] {logging_mixin.py:190} INFO - [2025-11-15T11:28:40.132+0000] {dagbag.py:588} INFO - Filling up the DagBag from /opt/airflow/dags/first_dag.py
[2025-11-15T11:28:40.145+0000] {processor.py:925} INFO - DAG(s) 'my_first_dag' retrieved from /opt/airflow/dags/first_dag.py
[2025-11-15T11:28:40.161+0000] {logging_mixin.py:190} INFO - [2025-11-15T11:28:40.160+0000] {dag.py:3239} INFO - Sync 1 DAGs
[2025-11-15T11:28:40.185+0000] {logging_mixin.py:190} INFO - [2025-11-15T11:28:40.184+0000] {dag.py:4180} INFO - Setting next_dagrun for my_first_dag to 2025-11-14 00:00:00+00:00, run_after=2025-11-15 00:00:00+00:00
[2025-11-15T11:28:40.200+0000] {processor.py:208} INFO - Processing /opt/airflow/dags/first_dag.py took 0.075 seconds
[2025-11-15T11:29:10.586+0000] {processor.py:186} INFO - Started process (PID=16908) to work on /opt/airflow/dags/first_dag.py
[2025-11-15T11:29:10.588+0000] {processor.py:914} INFO - Processing file /opt/airflow/dags/first_dag.py for tasks to queue
[2025-11-15T11:29:10.590+0000] {logging_mixin.py:190} INFO - [2025-11-15T11:29:10.590+0000] {dagbag.py:588} INFO - Filling up the DagBag from /opt/airflow/dags/first_dag.py
[2025-11-15T11:29:10.613+0000] {processor.py:925} INFO - DAG(s) 'my_first_dag' retrieved from /opt/airflow/dags/first_dag.py
[2025-11-15T11:29:10.628+0000] {logging_mixin.py:190} INFO - [2025-11-15T11:29:10.628+0000] {dag.py:3239} INFO - Sync 1 DAGs
[2025-11-15T11:29:10.647+0000] {logging_mixin.py:190} INFO - [2025-11-15T11:29:10.647+0000] {dag.py:4180} INFO - Setting next_dagrun for my_first_dag to 2025-11-14 00:00:00+00:00, run_after=2025-11-15 00:00:00+00:00
[2025-11-15T11:29:10.664+0000] {processor.py:208} INFO - Processing /opt/airflow/dags/first_dag.py took 0.082 seconds
[2025-11-15T11:29:41.333+0000] {processor.py:186} INFO - Started process (PID=16974) to work on /opt/airflow/dags/first_dag.py
[2025-11-15T11:29:41.335+0000] {processor.py:914} INFO - Processing file /opt/airflow/dags/first_dag.py for tasks to queue
[2025-11-15T11:29:41.337+0000] {logging_mixin.py:190} INFO - [2025-11-15T11:29:41.337+0000] {dagbag.py:588} INFO - Filling up the DagBag from /opt/airflow/dags/first_dag.py
[2025-11-15T11:29:41.358+0000] {processor.py:925} INFO - DAG(s) 'my_first_dag' retrieved from /opt/airflow/dags/first_dag.py
[2025-11-15T11:29:41.372+0000] {logging_mixin.py:190} INFO - [2025-11-15T11:29:41.372+0000] {dag.py:3239} INFO - Sync 1 DAGs
[2025-11-15T11:29:41.391+0000] {logging_mixin.py:190} INFO - [2025-11-15T11:29:41.391+0000] {dag.py:4180} INFO - Setting next_dagrun for my_first_dag to 2025-11-14 00:00:00+00:00, run_after=2025-11-15 00:00:00+00:00
[2025-11-15T11:29:41.407+0000] {processor.py:208} INFO - Processing /opt/airflow/dags/first_dag.py took 0.078 seconds
[2025-11-15T11:30:11.885+0000] {processor.py:186} INFO - Started process (PID=17040) to work on /opt/airflow/dags/first_dag.py
[2025-11-15T11:30:11.887+0000] {processor.py:914} INFO - Processing file /opt/airflow/dags/first_dag.py for tasks to queue
[2025-11-15T11:30:11.890+0000] {logging_mixin.py:190} INFO - [2025-11-15T11:30:11.890+0000] {dagbag.py:588} INFO - Filling up the DagBag from /opt/airflow/dags/first_dag.py
[2025-11-15T11:30:11.956+0000] {processor.py:925} INFO - DAG(s) 'my_first_dag' retrieved from /opt/airflow/dags/first_dag.py
[2025-11-15T11:30:11.973+0000] {logging_mixin.py:190} INFO - [2025-11-15T11:30:11.973+0000] {dag.py:3239} INFO - Sync 1 DAGs
[2025-11-15T11:30:11.992+0000] {logging_mixin.py:190} INFO - [2025-11-15T11:30:11.992+0000] {dag.py:4180} INFO - Setting next_dagrun for my_first_dag to 2025-11-14 00:00:00+00:00, run_after=2025-11-15 00:00:00+00:00
[2025-11-15T11:30:12.010+0000] {processor.py:208} INFO - Processing /opt/airflow/dags/first_dag.py took 0.129 seconds
[2025-11-15T11:30:42.627+0000] {processor.py:186} INFO - Started process (PID=17106) to work on /opt/airflow/dags/first_dag.py
[2025-11-15T11:30:42.628+0000] {processor.py:914} INFO - Processing file /opt/airflow/dags/first_dag.py for tasks to queue
[2025-11-15T11:30:42.630+0000] {logging_mixin.py:190} INFO - [2025-11-15T11:30:42.630+0000] {dagbag.py:588} INFO - Filling up the DagBag from /opt/airflow/dags/first_dag.py
[2025-11-15T11:30:42.645+0000] {processor.py:925} INFO - DAG(s) 'my_first_dag' retrieved from /opt/airflow/dags/first_dag.py
[2025-11-15T11:30:42.659+0000] {logging_mixin.py:190} INFO - [2025-11-15T11:30:42.658+0000] {dag.py:3239} INFO - Sync 1 DAGs
[2025-11-15T11:30:42.676+0000] {logging_mixin.py:190} INFO - [2025-11-15T11:30:42.675+0000] {dag.py:4180} INFO - Setting next_dagrun for my_first_dag to 2025-11-14 00:00:00+00:00, run_after=2025-11-15 00:00:00+00:00
[2025-11-15T11:30:42.691+0000] {processor.py:208} INFO - Processing /opt/airflow/dags/first_dag.py took 0.068 seconds
[2025-11-15T11:31:13.368+0000] {processor.py:186} INFO - Started process (PID=17178) to work on /opt/airflow/dags/first_dag.py
[2025-11-15T11:31:13.369+0000] {processor.py:914} INFO - Processing file /opt/airflow/dags/first_dag.py for tasks to queue
[2025-11-15T11:31:13.371+0000] {logging_mixin.py:190} INFO - [2025-11-15T11:31:13.371+0000] {dagbag.py:588} INFO - Filling up the DagBag from /opt/airflow/dags/first_dag.py
[2025-11-15T11:31:13.403+0000] {processor.py:925} INFO - DAG(s) 'my_first_dag' retrieved from /opt/airflow/dags/first_dag.py
[2025-11-15T11:31:13.419+0000] {logging_mixin.py:190} INFO - [2025-11-15T11:31:13.419+0000] {dag.py:3239} INFO - Sync 1 DAGs
[2025-11-15T11:31:13.437+0000] {logging_mixin.py:190} INFO - [2025-11-15T11:31:13.437+0000] {dag.py:4180} INFO - Setting next_dagrun for my_first_dag to 2025-11-14 00:00:00+00:00, run_after=2025-11-15 00:00:00+00:00
[2025-11-15T11:31:13.456+0000] {processor.py:208} INFO - Processing /opt/airflow/dags/first_dag.py took 0.094 seconds
[2025-11-15T11:31:43.667+0000] {processor.py:186} INFO - Started process (PID=17244) to work on /opt/airflow/dags/first_dag.py
[2025-11-15T11:31:43.668+0000] {processor.py:914} INFO - Processing file /opt/airflow/dags/first_dag.py for tasks to queue
[2025-11-15T11:31:43.670+0000] {logging_mixin.py:190} INFO - [2025-11-15T11:31:43.670+0000] {dagbag.py:588} INFO - Filling up the DagBag from /opt/airflow/dags/first_dag.py
[2025-11-15T11:31:43.685+0000] {processor.py:925} INFO - DAG(s) 'my_first_dag' retrieved from /opt/airflow/dags/first_dag.py
[2025-11-15T11:31:43.698+0000] {logging_mixin.py:190} INFO - [2025-11-15T11:31:43.698+0000] {dag.py:3239} INFO - Sync 1 DAGs
[2025-11-15T11:31:43.714+0000] {logging_mixin.py:190} INFO - [2025-11-15T11:31:43.713+0000] {dag.py:4180} INFO - Setting next_dagrun for my_first_dag to 2025-11-14 00:00:00+00:00, run_after=2025-11-15 00:00:00+00:00
[2025-11-15T11:31:43.734+0000] {processor.py:208} INFO - Processing /opt/airflow/dags/first_dag.py took 0.071 seconds
[2025-11-15T11:32:14.019+0000] {processor.py:186} INFO - Started process (PID=17310) to work on /opt/airflow/dags/first_dag.py
[2025-11-15T11:32:14.020+0000] {processor.py:914} INFO - Processing file /opt/airflow/dags/first_dag.py for tasks to queue
[2025-11-15T11:32:14.022+0000] {logging_mixin.py:190} INFO - [2025-11-15T11:32:14.022+0000] {dagbag.py:588} INFO - Filling up the DagBag from /opt/airflow/dags/first_dag.py
[2025-11-15T11:32:14.043+0000] {processor.py:925} INFO - DAG(s) 'my_first_dag' retrieved from /opt/airflow/dags/first_dag.py
[2025-11-15T11:32:14.060+0000] {logging_mixin.py:190} INFO - [2025-11-15T11:32:14.059+0000] {dag.py:3239} INFO - Sync 1 DAGs
[2025-11-15T11:32:14.078+0000] {logging_mixin.py:190} INFO - [2025-11-15T11:32:14.078+0000] {dag.py:4180} INFO - Setting next_dagrun for my_first_dag to 2025-11-14 00:00:00+00:00, run_after=2025-11-15 00:00:00+00:00
[2025-11-15T11:32:14.095+0000] {processor.py:208} INFO - Processing /opt/airflow/dags/first_dag.py took 0.082 seconds
[2025-11-15T11:32:44.214+0000] {processor.py:186} INFO - Started process (PID=17376) to work on /opt/airflow/dags/first_dag.py
[2025-11-15T11:32:44.218+0000] {processor.py:914} INFO - Processing file /opt/airflow/dags/first_dag.py for tasks to queue
[2025-11-15T11:32:44.220+0000] {logging_mixin.py:190} INFO - [2025-11-15T11:32:44.219+0000] {dagbag.py:588} INFO - Filling up the DagBag from /opt/airflow/dags/first_dag.py
[2025-11-15T11:32:44.239+0000] {processor.py:925} INFO - DAG(s) 'my_first_dag' retrieved from /opt/airflow/dags/first_dag.py
[2025-11-15T11:32:44.256+0000] {logging_mixin.py:190} INFO - [2025-11-15T11:32:44.256+0000] {dag.py:3239} INFO - Sync 1 DAGs
[2025-11-15T11:32:44.273+0000] {logging_mixin.py:190} INFO - [2025-11-15T11:32:44.273+0000] {dag.py:4180} INFO - Setting next_dagrun for my_first_dag to 2025-11-14 00:00:00+00:00, run_after=2025-11-15 00:00:00+00:00
[2025-11-15T11:32:44.288+0000] {processor.py:208} INFO - Processing /opt/airflow/dags/first_dag.py took 0.078 seconds
[2025-11-15T11:33:14.394+0000] {processor.py:186} INFO - Started process (PID=17443) to work on /opt/airflow/dags/first_dag.py
[2025-11-15T11:33:14.396+0000] {processor.py:914} INFO - Processing file /opt/airflow/dags/first_dag.py for tasks to queue
[2025-11-15T11:33:14.398+0000] {logging_mixin.py:190} INFO - [2025-11-15T11:33:14.398+0000] {dagbag.py:588} INFO - Filling up the DagBag from /opt/airflow/dags/first_dag.py
[2025-11-15T11:33:14.415+0000] {processor.py:925} INFO - DAG(s) 'my_first_dag' retrieved from /opt/airflow/dags/first_dag.py
[2025-11-15T11:33:14.429+0000] {logging_mixin.py:190} INFO - [2025-11-15T11:33:14.429+0000] {dag.py:3239} INFO - Sync 1 DAGs
[2025-11-15T11:33:14.445+0000] {logging_mixin.py:190} INFO - [2025-11-15T11:33:14.445+0000] {dag.py:4180} INFO - Setting next_dagrun for my_first_dag to 2025-11-14 00:00:00+00:00, run_after=2025-11-15 00:00:00+00:00
[2025-11-15T11:33:14.459+0000] {processor.py:208} INFO - Processing /opt/airflow/dags/first_dag.py took 0.069 seconds
[2025-11-15T11:33:44.538+0000] {processor.py:186} INFO - Started process (PID=17509) to work on /opt/airflow/dags/first_dag.py
[2025-11-15T11:33:44.539+0000] {processor.py:914} INFO - Processing file /opt/airflow/dags/first_dag.py for tasks to queue
[2025-11-15T11:33:44.540+0000] {logging_mixin.py:190} INFO - [2025-11-15T11:33:44.540+0000] {dagbag.py:588} INFO - Filling up the DagBag from /opt/airflow/dags/first_dag.py
[2025-11-15T11:33:44.555+0000] {processor.py:925} INFO - DAG(s) 'my_first_dag' retrieved from /opt/airflow/dags/first_dag.py
[2025-11-15T11:33:44.570+0000] {logging_mixin.py:190} INFO - [2025-11-15T11:33:44.570+0000] {dag.py:3239} INFO - Sync 1 DAGs
[2025-11-15T11:33:44.589+0000] {logging_mixin.py:190} INFO - [2025-11-15T11:33:44.589+0000] {dag.py:4180} INFO - Setting next_dagrun for my_first_dag to 2025-11-14 00:00:00+00:00, run_after=2025-11-15 00:00:00+00:00
[2025-11-15T11:33:44.606+0000] {processor.py:208} INFO - Processing /opt/airflow/dags/first_dag.py took 0.073 seconds
[2025-11-15T11:34:14.703+0000] {processor.py:186} INFO - Started process (PID=17575) to work on /opt/airflow/dags/first_dag.py
[2025-11-15T11:34:14.704+0000] {processor.py:914} INFO - Processing file /opt/airflow/dags/first_dag.py for tasks to queue
[2025-11-15T11:34:14.706+0000] {logging_mixin.py:190} INFO - [2025-11-15T11:34:14.706+0000] {dagbag.py:588} INFO - Filling up the DagBag from /opt/airflow/dags/first_dag.py
[2025-11-15T11:34:14.722+0000] {processor.py:925} INFO - DAG(s) 'my_first_dag' retrieved from /opt/airflow/dags/first_dag.py
[2025-11-15T11:34:14.737+0000] {logging_mixin.py:190} INFO - [2025-11-15T11:34:14.737+0000] {dag.py:3239} INFO - Sync 1 DAGs
[2025-11-15T11:34:14.754+0000] {logging_mixin.py:190} INFO - [2025-11-15T11:34:14.754+0000] {dag.py:4180} INFO - Setting next_dagrun for my_first_dag to 2025-11-14 00:00:00+00:00, run_after=2025-11-15 00:00:00+00:00
[2025-11-15T11:34:14.771+0000] {processor.py:208} INFO - Processing /opt/airflow/dags/first_dag.py took 0.073 seconds
[2025-11-15T11:34:45.126+0000] {processor.py:186} INFO - Started process (PID=17640) to work on /opt/airflow/dags/first_dag.py
[2025-11-15T11:34:45.127+0000] {processor.py:914} INFO - Processing file /opt/airflow/dags/first_dag.py for tasks to queue
[2025-11-15T11:34:45.129+0000] {logging_mixin.py:190} INFO - [2025-11-15T11:34:45.129+0000] {dagbag.py:588} INFO - Filling up the DagBag from /opt/airflow/dags/first_dag.py
[2025-11-15T11:34:45.142+0000] {processor.py:925} INFO - DAG(s) 'my_first_dag' retrieved from /opt/airflow/dags/first_dag.py
[2025-11-15T11:34:45.162+0000] {logging_mixin.py:190} INFO - [2025-11-15T11:34:45.161+0000] {dag.py:3239} INFO - Sync 1 DAGs
[2025-11-15T11:34:45.179+0000] {logging_mixin.py:190} INFO - [2025-11-15T11:34:45.179+0000] {dag.py:4180} INFO - Setting next_dagrun for my_first_dag to 2025-11-14 00:00:00+00:00, run_after=2025-11-15 00:00:00+00:00
[2025-11-15T11:34:45.194+0000] {processor.py:208} INFO - Processing /opt/airflow/dags/first_dag.py took 0.073 seconds
[2025-11-15T11:35:15.337+0000] {processor.py:186} INFO - Started process (PID=17706) to work on /opt/airflow/dags/first_dag.py
[2025-11-15T11:35:15.339+0000] {processor.py:914} INFO - Processing file /opt/airflow/dags/first_dag.py for tasks to queue
[2025-11-15T11:35:15.341+0000] {logging_mixin.py:190} INFO - [2025-11-15T11:35:15.341+0000] {dagbag.py:588} INFO - Filling up the DagBag from /opt/airflow/dags/first_dag.py
[2025-11-15T11:35:15.363+0000] {processor.py:925} INFO - DAG(s) 'my_first_dag' retrieved from /opt/airflow/dags/first_dag.py
[2025-11-15T11:35:15.380+0000] {logging_mixin.py:190} INFO - [2025-11-15T11:35:15.380+0000] {dag.py:3239} INFO - Sync 1 DAGs
[2025-11-15T11:35:15.400+0000] {logging_mixin.py:190} INFO - [2025-11-15T11:35:15.400+0000] {dag.py:4180} INFO - Setting next_dagrun for my_first_dag to 2025-11-14 00:00:00+00:00, run_after=2025-11-15 00:00:00+00:00
[2025-11-15T11:35:15.417+0000] {processor.py:208} INFO - Processing /opt/airflow/dags/first_dag.py took 0.087 seconds
[2025-11-15T11:35:46.256+0000] {processor.py:186} INFO - Started process (PID=17772) to work on /opt/airflow/dags/first_dag.py
[2025-11-15T11:35:46.257+0000] {processor.py:914} INFO - Processing file /opt/airflow/dags/first_dag.py for tasks to queue
[2025-11-15T11:35:46.259+0000] {logging_mixin.py:190} INFO - [2025-11-15T11:35:46.258+0000] {dagbag.py:588} INFO - Filling up the DagBag from /opt/airflow/dags/first_dag.py
[2025-11-15T11:35:46.273+0000] {processor.py:925} INFO - DAG(s) 'my_first_dag' retrieved from /opt/airflow/dags/first_dag.py
[2025-11-15T11:35:46.289+0000] {logging_mixin.py:190} INFO - [2025-11-15T11:35:46.289+0000] {dag.py:3239} INFO - Sync 1 DAGs
[2025-11-15T11:35:46.307+0000] {logging_mixin.py:190} INFO - [2025-11-15T11:35:46.307+0000] {dag.py:4180} INFO - Setting next_dagrun for my_first_dag to 2025-11-14 00:00:00+00:00, run_after=2025-11-15 00:00:00+00:00
[2025-11-15T11:35:46.324+0000] {processor.py:208} INFO - Processing /opt/airflow/dags/first_dag.py took 0.073 seconds
[2025-11-15T11:36:16.813+0000] {processor.py:186} INFO - Started process (PID=17838) to work on /opt/airflow/dags/first_dag.py
[2025-11-15T11:36:16.814+0000] {processor.py:914} INFO - Processing file /opt/airflow/dags/first_dag.py for tasks to queue
[2025-11-15T11:36:16.816+0000] {logging_mixin.py:190} INFO - [2025-11-15T11:36:16.815+0000] {dagbag.py:588} INFO - Filling up the DagBag from /opt/airflow/dags/first_dag.py
[2025-11-15T11:36:16.830+0000] {processor.py:925} INFO - DAG(s) 'my_first_dag' retrieved from /opt/airflow/dags/first_dag.py
[2025-11-15T11:36:16.844+0000] {logging_mixin.py:190} INFO - [2025-11-15T11:36:16.844+0000] {dag.py:3239} INFO - Sync 1 DAGs
[2025-11-15T11:36:16.860+0000] {logging_mixin.py:190} INFO - [2025-11-15T11:36:16.860+0000] {dag.py:4180} INFO - Setting next_dagrun for my_first_dag to 2025-11-14 00:00:00+00:00, run_after=2025-11-15 00:00:00+00:00
[2025-11-15T11:36:16.877+0000] {processor.py:208} INFO - Processing /opt/airflow/dags/first_dag.py took 0.069 seconds
[2025-11-15T11:36:47.244+0000] {processor.py:186} INFO - Started process (PID=17905) to work on /opt/airflow/dags/first_dag.py
[2025-11-15T11:36:47.246+0000] {processor.py:914} INFO - Processing file /opt/airflow/dags/first_dag.py for tasks to queue
[2025-11-15T11:36:47.251+0000] {logging_mixin.py:190} INFO - [2025-11-15T11:36:47.251+0000] {dagbag.py:588} INFO - Filling up the DagBag from /opt/airflow/dags/first_dag.py
[2025-11-15T11:36:47.314+0000] {processor.py:925} INFO - DAG(s) 'my_first_dag' retrieved from /opt/airflow/dags/first_dag.py
[2025-11-15T11:36:47.329+0000] {logging_mixin.py:190} INFO - [2025-11-15T11:36:47.329+0000] {dag.py:3239} INFO - Sync 1 DAGs
[2025-11-15T11:36:47.346+0000] {logging_mixin.py:190} INFO - [2025-11-15T11:36:47.346+0000] {dag.py:4180} INFO - Setting next_dagrun for my_first_dag to 2025-11-14 00:00:00+00:00, run_after=2025-11-15 00:00:00+00:00
[2025-11-15T11:36:47.372+0000] {processor.py:208} INFO - Processing /opt/airflow/dags/first_dag.py took 0.136 seconds
[2025-11-15T11:37:17.548+0000] {processor.py:186} INFO - Started process (PID=17970) to work on /opt/airflow/dags/first_dag.py
[2025-11-15T11:37:17.551+0000] {processor.py:914} INFO - Processing file /opt/airflow/dags/first_dag.py for tasks to queue
[2025-11-15T11:37:17.553+0000] {logging_mixin.py:190} INFO - [2025-11-15T11:37:17.553+0000] {dagbag.py:588} INFO - Filling up the DagBag from /opt/airflow/dags/first_dag.py
[2025-11-15T11:37:17.569+0000] {processor.py:925} INFO - DAG(s) 'my_first_dag' retrieved from /opt/airflow/dags/first_dag.py
[2025-11-15T11:37:17.584+0000] {logging_mixin.py:190} INFO - [2025-11-15T11:37:17.584+0000] {dag.py:3239} INFO - Sync 1 DAGs
[2025-11-15T11:37:17.601+0000] {logging_mixin.py:190} INFO - [2025-11-15T11:37:17.601+0000] {dag.py:4180} INFO - Setting next_dagrun for my_first_dag to 2025-11-14 00:00:00+00:00, run_after=2025-11-15 00:00:00+00:00
[2025-11-15T11:37:17.617+0000] {processor.py:208} INFO - Processing /opt/airflow/dags/first_dag.py took 0.074 seconds
[2025-11-15T11:37:48.254+0000] {processor.py:186} INFO - Started process (PID=18036) to work on /opt/airflow/dags/first_dag.py
[2025-11-15T11:37:48.255+0000] {processor.py:914} INFO - Processing file /opt/airflow/dags/first_dag.py for tasks to queue
[2025-11-15T11:37:48.258+0000] {logging_mixin.py:190} INFO - [2025-11-15T11:37:48.257+0000] {dagbag.py:588} INFO - Filling up the DagBag from /opt/airflow/dags/first_dag.py
[2025-11-15T11:37:48.273+0000] {processor.py:925} INFO - DAG(s) 'my_first_dag' retrieved from /opt/airflow/dags/first_dag.py
[2025-11-15T11:37:48.286+0000] {logging_mixin.py:190} INFO - [2025-11-15T11:37:48.286+0000] {dag.py:3239} INFO - Sync 1 DAGs
[2025-11-15T11:37:48.303+0000] {logging_mixin.py:190} INFO - [2025-11-15T11:37:48.303+0000] {dag.py:4180} INFO - Setting next_dagrun for my_first_dag to 2025-11-14 00:00:00+00:00, run_after=2025-11-15 00:00:00+00:00
[2025-11-15T11:37:48.317+0000] {processor.py:208} INFO - Processing /opt/airflow/dags/first_dag.py took 0.068 seconds
[2025-11-15T11:38:19.077+0000] {processor.py:186} INFO - Started process (PID=18102) to work on /opt/airflow/dags/first_dag.py
[2025-11-15T11:38:19.078+0000] {processor.py:914} INFO - Processing file /opt/airflow/dags/first_dag.py for tasks to queue
[2025-11-15T11:38:19.080+0000] {logging_mixin.py:190} INFO - [2025-11-15T11:38:19.080+0000] {dagbag.py:588} INFO - Filling up the DagBag from /opt/airflow/dags/first_dag.py
[2025-11-15T11:38:19.111+0000] {processor.py:925} INFO - DAG(s) 'my_first_dag' retrieved from /opt/airflow/dags/first_dag.py
[2025-11-15T11:38:19.127+0000] {logging_mixin.py:190} INFO - [2025-11-15T11:38:19.126+0000] {dag.py:3239} INFO - Sync 1 DAGs
[2025-11-15T11:38:19.143+0000] {logging_mixin.py:190} INFO - [2025-11-15T11:38:19.143+0000] {dag.py:4180} INFO - Setting next_dagrun for my_first_dag to 2025-11-14 00:00:00+00:00, run_after=2025-11-15 00:00:00+00:00
[2025-11-15T11:38:19.159+0000] {processor.py:208} INFO - Processing /opt/airflow/dags/first_dag.py took 0.086 seconds
[2025-11-15T11:38:50.096+0000] {processor.py:186} INFO - Started process (PID=18168) to work on /opt/airflow/dags/first_dag.py
[2025-11-15T11:38:50.097+0000] {processor.py:914} INFO - Processing file /opt/airflow/dags/first_dag.py for tasks to queue
[2025-11-15T11:38:50.100+0000] {logging_mixin.py:190} INFO - [2025-11-15T11:38:50.100+0000] {dagbag.py:588} INFO - Filling up the DagBag from /opt/airflow/dags/first_dag.py
[2025-11-15T11:38:50.117+0000] {processor.py:925} INFO - DAG(s) 'my_first_dag' retrieved from /opt/airflow/dags/first_dag.py
[2025-11-15T11:38:50.131+0000] {logging_mixin.py:190} INFO - [2025-11-15T11:38:50.131+0000] {dag.py:3239} INFO - Sync 1 DAGs
[2025-11-15T11:38:50.150+0000] {logging_mixin.py:190} INFO - [2025-11-15T11:38:50.150+0000] {dag.py:4180} INFO - Setting next_dagrun for my_first_dag to 2025-11-14 00:00:00+00:00, run_after=2025-11-15 00:00:00+00:00
[2025-11-15T11:38:50.166+0000] {processor.py:208} INFO - Processing /opt/airflow/dags/first_dag.py took 0.074 seconds
[2025-11-15T11:39:21.028+0000] {processor.py:186} INFO - Started process (PID=18234) to work on /opt/airflow/dags/first_dag.py
[2025-11-15T11:39:21.029+0000] {processor.py:914} INFO - Processing file /opt/airflow/dags/first_dag.py for tasks to queue
[2025-11-15T11:39:21.033+0000] {logging_mixin.py:190} INFO - [2025-11-15T11:39:21.032+0000] {dagbag.py:588} INFO - Filling up the DagBag from /opt/airflow/dags/first_dag.py
[2025-11-15T11:39:21.064+0000] {processor.py:925} INFO - DAG(s) 'my_first_dag' retrieved from /opt/airflow/dags/first_dag.py
[2025-11-15T11:39:21.078+0000] {logging_mixin.py:190} INFO - [2025-11-15T11:39:21.078+0000] {dag.py:3239} INFO - Sync 1 DAGs
[2025-11-15T11:39:21.095+0000] {logging_mixin.py:190} INFO - [2025-11-15T11:39:21.095+0000] {dag.py:4180} INFO - Setting next_dagrun for my_first_dag to 2025-11-14 00:00:00+00:00, run_after=2025-11-15 00:00:00+00:00
[2025-11-15T11:39:21.113+0000] {processor.py:208} INFO - Processing /opt/airflow/dags/first_dag.py took 0.091 seconds
[2025-11-15T11:39:51.888+0000] {processor.py:186} INFO - Started process (PID=18300) to work on /opt/airflow/dags/first_dag.py
[2025-11-15T11:39:51.889+0000] {processor.py:914} INFO - Processing file /opt/airflow/dags/first_dag.py for tasks to queue
[2025-11-15T11:39:51.892+0000] {logging_mixin.py:190} INFO - [2025-11-15T11:39:51.892+0000] {dagbag.py:588} INFO - Filling up the DagBag from /opt/airflow/dags/first_dag.py
[2025-11-15T11:39:51.913+0000] {processor.py:925} INFO - DAG(s) 'my_first_dag' retrieved from /opt/airflow/dags/first_dag.py
[2025-11-15T11:39:51.926+0000] {logging_mixin.py:190} INFO - [2025-11-15T11:39:51.926+0000] {dag.py:3239} INFO - Sync 1 DAGs
[2025-11-15T11:39:51.942+0000] {logging_mixin.py:190} INFO - [2025-11-15T11:39:51.942+0000] {dag.py:4180} INFO - Setting next_dagrun for my_first_dag to 2025-11-14 00:00:00+00:00, run_after=2025-11-15 00:00:00+00:00
[2025-11-15T11:39:51.957+0000] {processor.py:208} INFO - Processing /opt/airflow/dags/first_dag.py took 0.074 seconds
[2025-11-15T11:40:22.065+0000] {processor.py:186} INFO - Started process (PID=18366) to work on /opt/airflow/dags/first_dag.py
[2025-11-15T11:40:22.066+0000] {processor.py:914} INFO - Processing file /opt/airflow/dags/first_dag.py for tasks to queue
[2025-11-15T11:40:22.069+0000] {logging_mixin.py:190} INFO - [2025-11-15T11:40:22.068+0000] {dagbag.py:588} INFO - Filling up the DagBag from /opt/airflow/dags/first_dag.py
[2025-11-15T11:40:22.083+0000] {processor.py:925} INFO - DAG(s) 'my_first_dag' retrieved from /opt/airflow/dags/first_dag.py
[2025-11-15T11:40:22.096+0000] {logging_mixin.py:190} INFO - [2025-11-15T11:40:22.096+0000] {dag.py:3239} INFO - Sync 1 DAGs
[2025-11-15T11:40:22.112+0000] {logging_mixin.py:190} INFO - [2025-11-15T11:40:22.112+0000] {dag.py:4180} INFO - Setting next_dagrun for my_first_dag to 2025-11-14 00:00:00+00:00, run_after=2025-11-15 00:00:00+00:00
[2025-11-15T11:40:22.125+0000] {processor.py:208} INFO - Processing /opt/airflow/dags/first_dag.py took 0.065 seconds
[2025-11-15T11:40:52.380+0000] {processor.py:186} INFO - Started process (PID=18432) to work on /opt/airflow/dags/first_dag.py
[2025-11-15T11:40:52.381+0000] {processor.py:914} INFO - Processing file /opt/airflow/dags/first_dag.py for tasks to queue
[2025-11-15T11:40:52.384+0000] {logging_mixin.py:190} INFO - [2025-11-15T11:40:52.383+0000] {dagbag.py:588} INFO - Filling up the DagBag from /opt/airflow/dags/first_dag.py
[2025-11-15T11:40:52.397+0000] {processor.py:925} INFO - DAG(s) 'my_first_dag' retrieved from /opt/airflow/dags/first_dag.py
[2025-11-15T11:40:52.415+0000] {logging_mixin.py:190} INFO - [2025-11-15T11:40:52.415+0000] {dag.py:3239} INFO - Sync 1 DAGs
[2025-11-15T11:40:52.433+0000] {logging_mixin.py:190} INFO - [2025-11-15T11:40:52.433+0000] {dag.py:4180} INFO - Setting next_dagrun for my_first_dag to 2025-11-14 00:00:00+00:00, run_after=2025-11-15 00:00:00+00:00
[2025-11-15T11:40:52.450+0000] {processor.py:208} INFO - Processing /opt/airflow/dags/first_dag.py took 0.076 seconds
[2025-11-15T11:41:23.155+0000] {processor.py:186} INFO - Started process (PID=18498) to work on /opt/airflow/dags/first_dag.py
[2025-11-15T11:41:23.156+0000] {processor.py:914} INFO - Processing file /opt/airflow/dags/first_dag.py for tasks to queue
[2025-11-15T11:41:23.158+0000] {logging_mixin.py:190} INFO - [2025-11-15T11:41:23.158+0000] {dagbag.py:588} INFO - Filling up the DagBag from /opt/airflow/dags/first_dag.py
[2025-11-15T11:41:23.170+0000] {processor.py:925} INFO - DAG(s) 'my_first_dag' retrieved from /opt/airflow/dags/first_dag.py
[2025-11-15T11:41:23.185+0000] {logging_mixin.py:190} INFO - [2025-11-15T11:41:23.185+0000] {dag.py:3239} INFO - Sync 1 DAGs
[2025-11-15T11:41:23.202+0000] {logging_mixin.py:190} INFO - [2025-11-15T11:41:23.202+0000] {dag.py:4180} INFO - Setting next_dagrun for my_first_dag to 2025-11-14 00:00:00+00:00, run_after=2025-11-15 00:00:00+00:00
[2025-11-15T11:41:23.227+0000] {processor.py:208} INFO - Processing /opt/airflow/dags/first_dag.py took 0.077 seconds
[2025-11-15T11:41:54.259+0000] {processor.py:186} INFO - Started process (PID=18564) to work on /opt/airflow/dags/first_dag.py
[2025-11-15T11:41:54.260+0000] {processor.py:914} INFO - Processing file /opt/airflow/dags/first_dag.py for tasks to queue
[2025-11-15T11:41:54.263+0000] {logging_mixin.py:190} INFO - [2025-11-15T11:41:54.263+0000] {dagbag.py:588} INFO - Filling up the DagBag from /opt/airflow/dags/first_dag.py
[2025-11-15T11:41:54.280+0000] {processor.py:925} INFO - DAG(s) 'my_first_dag' retrieved from /opt/airflow/dags/first_dag.py
[2025-11-15T11:41:54.293+0000] {logging_mixin.py:190} INFO - [2025-11-15T11:41:54.293+0000] {dag.py:3239} INFO - Sync 1 DAGs
[2025-11-15T11:41:54.309+0000] {logging_mixin.py:190} INFO - [2025-11-15T11:41:54.309+0000] {dag.py:4180} INFO - Setting next_dagrun for my_first_dag to 2025-11-14 00:00:00+00:00, run_after=2025-11-15 00:00:00+00:00
[2025-11-15T11:41:54.450+0000] {processor.py:208} INFO - Processing /opt/airflow/dags/first_dag.py took 0.197 seconds
[2025-11-15T11:42:25.224+0000] {processor.py:186} INFO - Started process (PID=18630) to work on /opt/airflow/dags/first_dag.py
[2025-11-15T11:42:25.226+0000] {processor.py:914} INFO - Processing file /opt/airflow/dags/first_dag.py for tasks to queue
[2025-11-15T11:42:25.228+0000] {logging_mixin.py:190} INFO - [2025-11-15T11:42:25.228+0000] {dagbag.py:588} INFO - Filling up the DagBag from /opt/airflow/dags/first_dag.py
[2025-11-15T11:42:25.243+0000] {processor.py:925} INFO - DAG(s) 'my_first_dag' retrieved from /opt/airflow/dags/first_dag.py
[2025-11-15T11:42:25.263+0000] {logging_mixin.py:190} INFO - [2025-11-15T11:42:25.263+0000] {dag.py:3239} INFO - Sync 1 DAGs
[2025-11-15T11:42:25.280+0000] {logging_mixin.py:190} INFO - [2025-11-15T11:42:25.279+0000] {dag.py:4180} INFO - Setting next_dagrun for my_first_dag to 2025-11-14 00:00:00+00:00, run_after=2025-11-15 00:00:00+00:00
[2025-11-15T11:42:25.420+0000] {processor.py:208} INFO - Processing /opt/airflow/dags/first_dag.py took 0.201 seconds
[2025-11-15T11:42:55.578+0000] {processor.py:186} INFO - Started process (PID=18702) to work on /opt/airflow/dags/first_dag.py
[2025-11-15T11:42:55.579+0000] {processor.py:914} INFO - Processing file /opt/airflow/dags/first_dag.py for tasks to queue
[2025-11-15T11:42:55.582+0000] {logging_mixin.py:190} INFO - [2025-11-15T11:42:55.581+0000] {dagbag.py:588} INFO - Filling up the DagBag from /opt/airflow/dags/first_dag.py
[2025-11-15T11:42:55.600+0000] {processor.py:925} INFO - DAG(s) 'my_first_dag' retrieved from /opt/airflow/dags/first_dag.py
[2025-11-15T11:42:55.616+0000] {logging_mixin.py:190} INFO - [2025-11-15T11:42:55.616+0000] {dag.py:3239} INFO - Sync 1 DAGs
[2025-11-15T11:42:55.634+0000] {logging_mixin.py:190} INFO - [2025-11-15T11:42:55.634+0000] {dag.py:4180} INFO - Setting next_dagrun for my_first_dag to 2025-11-14 00:00:00+00:00, run_after=2025-11-15 00:00:00+00:00
[2025-11-15T11:42:55.648+0000] {processor.py:208} INFO - Processing /opt/airflow/dags/first_dag.py took 0.076 seconds
[2025-11-15T11:43:26.013+0000] {processor.py:186} INFO - Started process (PID=18768) to work on /opt/airflow/dags/first_dag.py
[2025-11-15T11:43:26.015+0000] {processor.py:914} INFO - Processing file /opt/airflow/dags/first_dag.py for tasks to queue
[2025-11-15T11:43:26.018+0000] {logging_mixin.py:190} INFO - [2025-11-15T11:43:26.018+0000] {dagbag.py:588} INFO - Filling up the DagBag from /opt/airflow/dags/first_dag.py
[2025-11-15T11:43:26.042+0000] {processor.py:925} INFO - DAG(s) 'my_first_dag' retrieved from /opt/airflow/dags/first_dag.py
[2025-11-15T11:43:26.058+0000] {logging_mixin.py:190} INFO - [2025-11-15T11:43:26.058+0000] {dag.py:3239} INFO - Sync 1 DAGs
[2025-11-15T11:43:26.076+0000] {logging_mixin.py:190} INFO - [2025-11-15T11:43:26.076+0000] {dag.py:4180} INFO - Setting next_dagrun for my_first_dag to 2025-11-14 00:00:00+00:00, run_after=2025-11-15 00:00:00+00:00
[2025-11-15T11:43:26.095+0000] {processor.py:208} INFO - Processing /opt/airflow/dags/first_dag.py took 0.088 seconds
[2025-11-15T11:43:56.806+0000] {processor.py:186} INFO - Started process (PID=18834) to work on /opt/airflow/dags/first_dag.py
[2025-11-15T11:43:56.810+0000] {processor.py:914} INFO - Processing file /opt/airflow/dags/first_dag.py for tasks to queue
[2025-11-15T11:43:56.812+0000] {logging_mixin.py:190} INFO - [2025-11-15T11:43:56.812+0000] {dagbag.py:588} INFO - Filling up the DagBag from /opt/airflow/dags/first_dag.py
[2025-11-15T11:43:56.824+0000] {processor.py:925} INFO - DAG(s) 'my_first_dag' retrieved from /opt/airflow/dags/first_dag.py
[2025-11-15T11:43:56.837+0000] {logging_mixin.py:190} INFO - [2025-11-15T11:43:56.837+0000] {dag.py:3239} INFO - Sync 1 DAGs
[2025-11-15T11:43:56.853+0000] {logging_mixin.py:190} INFO - [2025-11-15T11:43:56.852+0000] {dag.py:4180} INFO - Setting next_dagrun for my_first_dag to 2025-11-14 00:00:00+00:00, run_after=2025-11-15 00:00:00+00:00
[2025-11-15T11:43:56.867+0000] {processor.py:208} INFO - Processing /opt/airflow/dags/first_dag.py took 0.065 seconds
[2025-11-15T11:44:27.743+0000] {processor.py:186} INFO - Started process (PID=18900) to work on /opt/airflow/dags/first_dag.py
[2025-11-15T11:44:27.745+0000] {processor.py:914} INFO - Processing file /opt/airflow/dags/first_dag.py for tasks to queue
[2025-11-15T11:44:27.747+0000] {logging_mixin.py:190} INFO - [2025-11-15T11:44:27.747+0000] {dagbag.py:588} INFO - Filling up the DagBag from /opt/airflow/dags/first_dag.py
[2025-11-15T11:44:27.763+0000] {processor.py:925} INFO - DAG(s) 'my_first_dag' retrieved from /opt/airflow/dags/first_dag.py
[2025-11-15T11:44:27.778+0000] {logging_mixin.py:190} INFO - [2025-11-15T11:44:27.777+0000] {dag.py:3239} INFO - Sync 1 DAGs
[2025-11-15T11:44:27.794+0000] {logging_mixin.py:190} INFO - [2025-11-15T11:44:27.793+0000] {dag.py:4180} INFO - Setting next_dagrun for my_first_dag to 2025-11-14 00:00:00+00:00, run_after=2025-11-15 00:00:00+00:00
[2025-11-15T11:44:27.808+0000] {processor.py:208} INFO - Processing /opt/airflow/dags/first_dag.py took 0.070 seconds
[2025-11-15T11:44:58.629+0000] {processor.py:186} INFO - Started process (PID=18966) to work on /opt/airflow/dags/first_dag.py
[2025-11-15T11:44:58.630+0000] {processor.py:914} INFO - Processing file /opt/airflow/dags/first_dag.py for tasks to queue
[2025-11-15T11:44:58.634+0000] {logging_mixin.py:190} INFO - [2025-11-15T11:44:58.633+0000] {dagbag.py:588} INFO - Filling up the DagBag from /opt/airflow/dags/first_dag.py
[2025-11-15T11:44:58.650+0000] {processor.py:925} INFO - DAG(s) 'my_first_dag' retrieved from /opt/airflow/dags/first_dag.py
[2025-11-15T11:44:58.674+0000] {logging_mixin.py:190} INFO - [2025-11-15T11:44:58.674+0000] {dag.py:3239} INFO - Sync 1 DAGs
[2025-11-15T11:44:58.693+0000] {logging_mixin.py:190} INFO - [2025-11-15T11:44:58.693+0000] {dag.py:4180} INFO - Setting next_dagrun for my_first_dag to 2025-11-14 00:00:00+00:00, run_after=2025-11-15 00:00:00+00:00
[2025-11-15T11:44:58.713+0000] {processor.py:208} INFO - Processing /opt/airflow/dags/first_dag.py took 0.091 seconds
[2025-11-15T11:45:29.324+0000] {processor.py:186} INFO - Started process (PID=19032) to work on /opt/airflow/dags/first_dag.py
[2025-11-15T11:45:29.326+0000] {processor.py:914} INFO - Processing file /opt/airflow/dags/first_dag.py for tasks to queue
[2025-11-15T11:45:29.329+0000] {logging_mixin.py:190} INFO - [2025-11-15T11:45:29.328+0000] {dagbag.py:588} INFO - Filling up the DagBag from /opt/airflow/dags/first_dag.py
[2025-11-15T11:45:29.387+0000] {processor.py:925} INFO - DAG(s) 'my_first_dag' retrieved from /opt/airflow/dags/first_dag.py
[2025-11-15T11:45:29.402+0000] {logging_mixin.py:190} INFO - [2025-11-15T11:45:29.402+0000] {dag.py:3239} INFO - Sync 1 DAGs
[2025-11-15T11:45:29.420+0000] {logging_mixin.py:190} INFO - [2025-11-15T11:45:29.420+0000] {dag.py:4180} INFO - Setting next_dagrun for my_first_dag to 2025-11-14 00:00:00+00:00, run_after=2025-11-15 00:00:00+00:00
[2025-11-15T11:45:29.437+0000] {processor.py:208} INFO - Processing /opt/airflow/dags/first_dag.py took 0.118 seconds
[2025-11-15T11:45:59.492+0000] {processor.py:186} INFO - Started process (PID=19098) to work on /opt/airflow/dags/first_dag.py
[2025-11-15T11:45:59.494+0000] {processor.py:914} INFO - Processing file /opt/airflow/dags/first_dag.py for tasks to queue
[2025-11-15T11:45:59.496+0000] {logging_mixin.py:190} INFO - [2025-11-15T11:45:59.496+0000] {dagbag.py:588} INFO - Filling up the DagBag from /opt/airflow/dags/first_dag.py
[2025-11-15T11:45:59.511+0000] {processor.py:925} INFO - DAG(s) 'my_first_dag' retrieved from /opt/airflow/dags/first_dag.py
[2025-11-15T11:45:59.526+0000] {logging_mixin.py:190} INFO - [2025-11-15T11:45:59.526+0000] {dag.py:3239} INFO - Sync 1 DAGs
[2025-11-15T11:45:59.542+0000] {logging_mixin.py:190} INFO - [2025-11-15T11:45:59.542+0000] {dag.py:4180} INFO - Setting next_dagrun for my_first_dag to 2025-11-14 00:00:00+00:00, run_after=2025-11-15 00:00:00+00:00
[2025-11-15T11:45:59.561+0000] {processor.py:208} INFO - Processing /opt/airflow/dags/first_dag.py took 0.074 seconds
[2025-11-15T11:46:30.253+0000] {processor.py:186} INFO - Started process (PID=19164) to work on /opt/airflow/dags/first_dag.py
[2025-11-15T11:46:30.254+0000] {processor.py:914} INFO - Processing file /opt/airflow/dags/first_dag.py for tasks to queue
[2025-11-15T11:46:30.257+0000] {logging_mixin.py:190} INFO - [2025-11-15T11:46:30.257+0000] {dagbag.py:588} INFO - Filling up the DagBag from /opt/airflow/dags/first_dag.py
[2025-11-15T11:46:30.278+0000] {processor.py:925} INFO - DAG(s) 'my_first_dag' retrieved from /opt/airflow/dags/first_dag.py
[2025-11-15T11:46:30.294+0000] {logging_mixin.py:190} INFO - [2025-11-15T11:46:30.294+0000] {dag.py:3239} INFO - Sync 1 DAGs
[2025-11-15T11:46:30.309+0000] {logging_mixin.py:190} INFO - [2025-11-15T11:46:30.309+0000] {dag.py:4180} INFO - Setting next_dagrun for my_first_dag to 2025-11-14 00:00:00+00:00, run_after=2025-11-15 00:00:00+00:00
[2025-11-15T11:46:30.326+0000] {processor.py:208} INFO - Processing /opt/airflow/dags/first_dag.py took 0.078 seconds
[2025-11-15T11:47:00.594+0000] {processor.py:186} INFO - Started process (PID=19229) to work on /opt/airflow/dags/first_dag.py
[2025-11-15T11:47:00.595+0000] {processor.py:914} INFO - Processing file /opt/airflow/dags/first_dag.py for tasks to queue
[2025-11-15T11:47:00.598+0000] {logging_mixin.py:190} INFO - [2025-11-15T11:47:00.597+0000] {dagbag.py:588} INFO - Filling up the DagBag from /opt/airflow/dags/first_dag.py
[2025-11-15T11:47:00.626+0000] {processor.py:925} INFO - DAG(s) 'my_first_dag' retrieved from /opt/airflow/dags/first_dag.py
[2025-11-15T11:47:00.642+0000] {logging_mixin.py:190} INFO - [2025-11-15T11:47:00.642+0000] {dag.py:3239} INFO - Sync 1 DAGs
[2025-11-15T11:47:00.658+0000] {logging_mixin.py:190} INFO - [2025-11-15T11:47:00.658+0000] {dag.py:4180} INFO - Setting next_dagrun for my_first_dag to 2025-11-14 00:00:00+00:00, run_after=2025-11-15 00:00:00+00:00
[2025-11-15T11:47:00.676+0000] {processor.py:208} INFO - Processing /opt/airflow/dags/first_dag.py took 0.087 seconds
[2025-11-15T11:47:30.987+0000] {processor.py:186} INFO - Started process (PID=19295) to work on /opt/airflow/dags/first_dag.py
[2025-11-15T11:47:30.988+0000] {processor.py:914} INFO - Processing file /opt/airflow/dags/first_dag.py for tasks to queue
[2025-11-15T11:47:30.991+0000] {logging_mixin.py:190} INFO - [2025-11-15T11:47:30.990+0000] {dagbag.py:588} INFO - Filling up the DagBag from /opt/airflow/dags/first_dag.py
[2025-11-15T11:47:31.004+0000] {processor.py:925} INFO - DAG(s) 'my_first_dag' retrieved from /opt/airflow/dags/first_dag.py
[2025-11-15T11:47:31.016+0000] {logging_mixin.py:190} INFO - [2025-11-15T11:47:31.016+0000] {dag.py:3239} INFO - Sync 1 DAGs
[2025-11-15T11:47:31.032+0000] {logging_mixin.py:190} INFO - [2025-11-15T11:47:31.032+0000] {dag.py:4180} INFO - Setting next_dagrun for my_first_dag to 2025-11-14 00:00:00+00:00, run_after=2025-11-15 00:00:00+00:00
[2025-11-15T11:47:31.046+0000] {processor.py:208} INFO - Processing /opt/airflow/dags/first_dag.py took 0.063 seconds
[2025-11-15T11:48:01.568+0000] {processor.py:186} INFO - Started process (PID=19361) to work on /opt/airflow/dags/first_dag.py
[2025-11-15T11:48:01.570+0000] {processor.py:914} INFO - Processing file /opt/airflow/dags/first_dag.py for tasks to queue
[2025-11-15T11:48:01.572+0000] {logging_mixin.py:190} INFO - [2025-11-15T11:48:01.572+0000] {dagbag.py:588} INFO - Filling up the DagBag from /opt/airflow/dags/first_dag.py
[2025-11-15T11:48:01.587+0000] {processor.py:925} INFO - DAG(s) 'my_first_dag' retrieved from /opt/airflow/dags/first_dag.py
[2025-11-15T11:48:01.607+0000] {logging_mixin.py:190} INFO - [2025-11-15T11:48:01.607+0000] {dag.py:3239} INFO - Sync 1 DAGs
[2025-11-15T11:48:01.625+0000] {logging_mixin.py:190} INFO - [2025-11-15T11:48:01.624+0000] {dag.py:4180} INFO - Setting next_dagrun for my_first_dag to 2025-11-14 00:00:00+00:00, run_after=2025-11-15 00:00:00+00:00
[2025-11-15T11:48:01.643+0000] {processor.py:208} INFO - Processing /opt/airflow/dags/first_dag.py took 0.079 seconds
[2025-11-15T11:48:31.802+0000] {processor.py:186} INFO - Started process (PID=19427) to work on /opt/airflow/dags/first_dag.py
[2025-11-15T11:48:31.804+0000] {processor.py:914} INFO - Processing file /opt/airflow/dags/first_dag.py for tasks to queue
[2025-11-15T11:48:31.806+0000] {logging_mixin.py:190} INFO - [2025-11-15T11:48:31.806+0000] {dagbag.py:588} INFO - Filling up the DagBag from /opt/airflow/dags/first_dag.py
[2025-11-15T11:48:31.839+0000] {processor.py:925} INFO - DAG(s) 'my_first_dag' retrieved from /opt/airflow/dags/first_dag.py
[2025-11-15T11:48:31.857+0000] {logging_mixin.py:190} INFO - [2025-11-15T11:48:31.857+0000] {dag.py:3239} INFO - Sync 1 DAGs
[2025-11-15T11:48:31.875+0000] {logging_mixin.py:190} INFO - [2025-11-15T11:48:31.875+0000] {dag.py:4180} INFO - Setting next_dagrun for my_first_dag to 2025-11-14 00:00:00+00:00, run_after=2025-11-15 00:00:00+00:00
[2025-11-15T11:48:31.891+0000] {processor.py:208} INFO - Processing /opt/airflow/dags/first_dag.py took 0.095 seconds
[2025-11-15T11:49:02.178+0000] {processor.py:186} INFO - Started process (PID=19492) to work on /opt/airflow/dags/first_dag.py
[2025-11-15T11:49:02.180+0000] {processor.py:914} INFO - Processing file /opt/airflow/dags/first_dag.py for tasks to queue
[2025-11-15T11:49:02.182+0000] {logging_mixin.py:190} INFO - [2025-11-15T11:49:02.182+0000] {dagbag.py:588} INFO - Filling up the DagBag from /opt/airflow/dags/first_dag.py
[2025-11-15T11:49:02.209+0000] {processor.py:925} INFO - DAG(s) 'my_first_dag' retrieved from /opt/airflow/dags/first_dag.py
[2025-11-15T11:49:02.225+0000] {logging_mixin.py:190} INFO - [2025-11-15T11:49:02.225+0000] {dag.py:3239} INFO - Sync 1 DAGs
[2025-11-15T11:49:02.241+0000] {logging_mixin.py:190} INFO - [2025-11-15T11:49:02.241+0000] {dag.py:4180} INFO - Setting next_dagrun for my_first_dag to 2025-11-14 00:00:00+00:00, run_after=2025-11-15 00:00:00+00:00
[2025-11-15T11:49:02.259+0000] {processor.py:208} INFO - Processing /opt/airflow/dags/first_dag.py took 0.086 seconds
[2025-11-15T11:49:32.884+0000] {processor.py:186} INFO - Started process (PID=19558) to work on /opt/airflow/dags/first_dag.py
[2025-11-15T11:49:32.885+0000] {processor.py:914} INFO - Processing file /opt/airflow/dags/first_dag.py for tasks to queue
[2025-11-15T11:49:32.887+0000] {logging_mixin.py:190} INFO - [2025-11-15T11:49:32.887+0000] {dagbag.py:588} INFO - Filling up the DagBag from /opt/airflow/dags/first_dag.py
[2025-11-15T11:49:32.903+0000] {processor.py:925} INFO - DAG(s) 'my_first_dag' retrieved from /opt/airflow/dags/first_dag.py
[2025-11-15T11:49:32.917+0000] {logging_mixin.py:190} INFO - [2025-11-15T11:49:32.917+0000] {dag.py:3239} INFO - Sync 1 DAGs
[2025-11-15T11:49:32.932+0000] {logging_mixin.py:190} INFO - [2025-11-15T11:49:32.932+0000] {dag.py:4180} INFO - Setting next_dagrun for my_first_dag to 2025-11-14 00:00:00+00:00, run_after=2025-11-15 00:00:00+00:00
[2025-11-15T11:49:32.946+0000] {processor.py:208} INFO - Processing /opt/airflow/dags/first_dag.py took 0.066 seconds
[2025-11-15T11:50:03.211+0000] {processor.py:186} INFO - Started process (PID=19623) to work on /opt/airflow/dags/first_dag.py
[2025-11-15T11:50:03.219+0000] {processor.py:914} INFO - Processing file /opt/airflow/dags/first_dag.py for tasks to queue
[2025-11-15T11:50:03.225+0000] {logging_mixin.py:190} INFO - [2025-11-15T11:50:03.225+0000] {dagbag.py:588} INFO - Filling up the DagBag from /opt/airflow/dags/first_dag.py
[2025-11-15T11:50:03.281+0000] {processor.py:925} INFO - DAG(s) 'my_first_dag' retrieved from /opt/airflow/dags/first_dag.py
[2025-11-15T11:50:03.295+0000] {logging_mixin.py:190} INFO - [2025-11-15T11:50:03.295+0000] {dag.py:3239} INFO - Sync 1 DAGs
[2025-11-15T11:50:03.310+0000] {logging_mixin.py:190} INFO - [2025-11-15T11:50:03.310+0000] {dag.py:4180} INFO - Setting next_dagrun for my_first_dag to 2025-11-14 00:00:00+00:00, run_after=2025-11-15 00:00:00+00:00
[2025-11-15T11:50:03.323+0000] {processor.py:208} INFO - Processing /opt/airflow/dags/first_dag.py took 0.119 seconds
[2025-11-15T11:50:33.483+0000] {processor.py:186} INFO - Started process (PID=19690) to work on /opt/airflow/dags/first_dag.py
[2025-11-15T11:50:33.484+0000] {processor.py:914} INFO - Processing file /opt/airflow/dags/first_dag.py for tasks to queue
[2025-11-15T11:50:33.487+0000] {logging_mixin.py:190} INFO - [2025-11-15T11:50:33.486+0000] {dagbag.py:588} INFO - Filling up the DagBag from /opt/airflow/dags/first_dag.py
[2025-11-15T11:50:33.516+0000] {processor.py:925} INFO - DAG(s) 'my_first_dag' retrieved from /opt/airflow/dags/first_dag.py
[2025-11-15T11:50:33.531+0000] {logging_mixin.py:190} INFO - [2025-11-15T11:50:33.531+0000] {dag.py:3239} INFO - Sync 1 DAGs
[2025-11-15T11:50:33.547+0000] {logging_mixin.py:190} INFO - [2025-11-15T11:50:33.547+0000] {dag.py:4180} INFO - Setting next_dagrun for my_first_dag to 2025-11-14 00:00:00+00:00, run_after=2025-11-15 00:00:00+00:00
[2025-11-15T11:50:33.563+0000] {processor.py:208} INFO - Processing /opt/airflow/dags/first_dag.py took 0.085 seconds
[2025-11-15T11:51:03.662+0000] {processor.py:186} INFO - Started process (PID=19756) to work on /opt/airflow/dags/first_dag.py
[2025-11-15T11:51:03.663+0000] {processor.py:914} INFO - Processing file /opt/airflow/dags/first_dag.py for tasks to queue
[2025-11-15T11:51:03.666+0000] {logging_mixin.py:190} INFO - [2025-11-15T11:51:03.665+0000] {dagbag.py:588} INFO - Filling up the DagBag from /opt/airflow/dags/first_dag.py
[2025-11-15T11:51:03.691+0000] {processor.py:925} INFO - DAG(s) 'my_first_dag' retrieved from /opt/airflow/dags/first_dag.py
[2025-11-15T11:51:03.706+0000] {logging_mixin.py:190} INFO - [2025-11-15T11:51:03.706+0000] {dag.py:3239} INFO - Sync 1 DAGs
[2025-11-15T11:51:03.727+0000] {logging_mixin.py:190} INFO - [2025-11-15T11:51:03.727+0000] {dag.py:4180} INFO - Setting next_dagrun for my_first_dag to 2025-11-14 00:00:00+00:00, run_after=2025-11-15 00:00:00+00:00
[2025-11-15T11:51:03.741+0000] {processor.py:208} INFO - Processing /opt/airflow/dags/first_dag.py took 0.085 seconds
[2025-11-15T11:51:33.902+0000] {processor.py:186} INFO - Started process (PID=19815) to work on /opt/airflow/dags/first_dag.py
[2025-11-15T11:51:33.903+0000] {processor.py:914} INFO - Processing file /opt/airflow/dags/first_dag.py for tasks to queue
[2025-11-15T11:51:33.906+0000] {logging_mixin.py:190} INFO - [2025-11-15T11:51:33.905+0000] {dagbag.py:588} INFO - Filling up the DagBag from /opt/airflow/dags/first_dag.py
[2025-11-15T11:51:33.936+0000] {processor.py:925} INFO - DAG(s) 'my_first_dag' retrieved from /opt/airflow/dags/first_dag.py
[2025-11-15T11:51:33.949+0000] {logging_mixin.py:190} INFO - [2025-11-15T11:51:33.949+0000] {dag.py:3239} INFO - Sync 1 DAGs
[2025-11-15T11:51:33.966+0000] {logging_mixin.py:190} INFO - [2025-11-15T11:51:33.966+0000] {dag.py:4180} INFO - Setting next_dagrun for my_first_dag to 2025-11-14 00:00:00+00:00, run_after=2025-11-15 00:00:00+00:00
[2025-11-15T11:51:33.982+0000] {processor.py:208} INFO - Processing /opt/airflow/dags/first_dag.py took 0.085 seconds
[2025-11-15T11:52:04.254+0000] {processor.py:186} INFO - Started process (PID=19873) to work on /opt/airflow/dags/first_dag.py
[2025-11-15T11:52:04.256+0000] {processor.py:914} INFO - Processing file /opt/airflow/dags/first_dag.py for tasks to queue
[2025-11-15T11:52:04.258+0000] {logging_mixin.py:190} INFO - [2025-11-15T11:52:04.258+0000] {dagbag.py:588} INFO - Filling up the DagBag from /opt/airflow/dags/first_dag.py
[2025-11-15T11:52:04.342+0000] {processor.py:925} INFO - DAG(s) 'my_first_dag' retrieved from /opt/airflow/dags/first_dag.py
[2025-11-15T11:52:04.358+0000] {logging_mixin.py:190} INFO - [2025-11-15T11:52:04.357+0000] {dag.py:3239} INFO - Sync 1 DAGs
[2025-11-15T11:52:04.375+0000] {logging_mixin.py:190} INFO - [2025-11-15T11:52:04.375+0000] {dag.py:4180} INFO - Setting next_dagrun for my_first_dag to 2025-11-14 00:00:00+00:00, run_after=2025-11-15 00:00:00+00:00
[2025-11-15T11:52:04.403+0000] {processor.py:208} INFO - Processing /opt/airflow/dags/first_dag.py took 0.153 seconds
[2025-11-15T11:52:34.652+0000] {processor.py:186} INFO - Started process (PID=19938) to work on /opt/airflow/dags/first_dag.py
[2025-11-15T11:52:34.653+0000] {processor.py:914} INFO - Processing file /opt/airflow/dags/first_dag.py for tasks to queue
[2025-11-15T11:52:34.655+0000] {logging_mixin.py:190} INFO - [2025-11-15T11:52:34.655+0000] {dagbag.py:588} INFO - Filling up the DagBag from /opt/airflow/dags/first_dag.py
[2025-11-15T11:52:34.667+0000] {processor.py:925} INFO - DAG(s) 'my_first_dag' retrieved from /opt/airflow/dags/first_dag.py
[2025-11-15T11:52:34.681+0000] {logging_mixin.py:190} INFO - [2025-11-15T11:52:34.680+0000] {dag.py:3239} INFO - Sync 1 DAGs
[2025-11-15T11:52:34.695+0000] {logging_mixin.py:190} INFO - [2025-11-15T11:52:34.695+0000] {dag.py:4180} INFO - Setting next_dagrun for my_first_dag to 2025-11-14 00:00:00+00:00, run_after=2025-11-15 00:00:00+00:00
[2025-11-15T11:52:34.710+0000] {processor.py:208} INFO - Processing /opt/airflow/dags/first_dag.py took 0.062 seconds
[2025-11-15T11:53:05.632+0000] {processor.py:186} INFO - Started process (PID=19991) to work on /opt/airflow/dags/first_dag.py
[2025-11-15T11:53:05.633+0000] {processor.py:914} INFO - Processing file /opt/airflow/dags/first_dag.py for tasks to queue
[2025-11-15T11:53:05.635+0000] {logging_mixin.py:190} INFO - [2025-11-15T11:53:05.635+0000] {dagbag.py:588} INFO - Filling up the DagBag from /opt/airflow/dags/first_dag.py
[2025-11-15T11:53:05.663+0000] {processor.py:925} INFO - DAG(s) 'my_first_dag' retrieved from /opt/airflow/dags/first_dag.py
[2025-11-15T11:53:05.676+0000] {logging_mixin.py:190} INFO - [2025-11-15T11:53:05.676+0000] {dag.py:3239} INFO - Sync 1 DAGs
[2025-11-15T11:53:05.692+0000] {logging_mixin.py:190} INFO - [2025-11-15T11:53:05.692+0000] {dag.py:4180} INFO - Setting next_dagrun for my_first_dag to 2025-11-14 00:00:00+00:00, run_after=2025-11-15 00:00:00+00:00
[2025-11-15T11:53:05.708+0000] {processor.py:208} INFO - Processing /opt/airflow/dags/first_dag.py took 0.081 seconds
[2025-11-15T11:53:36.074+0000] {processor.py:186} INFO - Started process (PID=20052) to work on /opt/airflow/dags/first_dag.py
[2025-11-15T11:53:36.076+0000] {processor.py:914} INFO - Processing file /opt/airflow/dags/first_dag.py for tasks to queue
[2025-11-15T11:53:36.078+0000] {logging_mixin.py:190} INFO - [2025-11-15T11:53:36.077+0000] {dagbag.py:588} INFO - Filling up the DagBag from /opt/airflow/dags/first_dag.py
[2025-11-15T11:53:36.100+0000] {processor.py:925} INFO - DAG(s) 'my_first_dag' retrieved from /opt/airflow/dags/first_dag.py
[2025-11-15T11:53:36.115+0000] {logging_mixin.py:190} INFO - [2025-11-15T11:53:36.114+0000] {dag.py:3239} INFO - Sync 1 DAGs
[2025-11-15T11:53:36.132+0000] {logging_mixin.py:190} INFO - [2025-11-15T11:53:36.132+0000] {dag.py:4180} INFO - Setting next_dagrun for my_first_dag to 2025-11-14 00:00:00+00:00, run_after=2025-11-15 00:00:00+00:00
[2025-11-15T11:53:36.147+0000] {processor.py:208} INFO - Processing /opt/airflow/dags/first_dag.py took 0.077 seconds
[2025-11-15T11:54:06.393+0000] {processor.py:186} INFO - Started process (PID=20108) to work on /opt/airflow/dags/first_dag.py
[2025-11-15T11:54:06.394+0000] {processor.py:914} INFO - Processing file /opt/airflow/dags/first_dag.py for tasks to queue
[2025-11-15T11:54:06.398+0000] {logging_mixin.py:190} INFO - [2025-11-15T11:54:06.398+0000] {dagbag.py:588} INFO - Filling up the DagBag from /opt/airflow/dags/first_dag.py
[2025-11-15T11:54:06.425+0000] {processor.py:925} INFO - DAG(s) 'my_first_dag' retrieved from /opt/airflow/dags/first_dag.py
[2025-11-15T11:54:06.440+0000] {logging_mixin.py:190} INFO - [2025-11-15T11:54:06.440+0000] {dag.py:3239} INFO - Sync 1 DAGs
[2025-11-15T11:54:06.458+0000] {logging_mixin.py:190} INFO - [2025-11-15T11:54:06.458+0000] {dag.py:4180} INFO - Setting next_dagrun for my_first_dag to 2025-11-14 00:00:00+00:00, run_after=2025-11-15 00:00:00+00:00
[2025-11-15T11:54:06.477+0000] {processor.py:208} INFO - Processing /opt/airflow/dags/first_dag.py took 0.090 seconds
[2025-11-15T11:54:36.710+0000] {processor.py:186} INFO - Started process (PID=20174) to work on /opt/airflow/dags/first_dag.py
[2025-11-15T11:54:36.711+0000] {processor.py:914} INFO - Processing file /opt/airflow/dags/first_dag.py for tasks to queue
[2025-11-15T11:54:36.713+0000] {logging_mixin.py:190} INFO - [2025-11-15T11:54:36.713+0000] {dagbag.py:588} INFO - Filling up the DagBag from /opt/airflow/dags/first_dag.py
[2025-11-15T11:54:36.726+0000] {processor.py:925} INFO - DAG(s) 'my_first_dag' retrieved from /opt/airflow/dags/first_dag.py
[2025-11-15T11:54:36.739+0000] {logging_mixin.py:190} INFO - [2025-11-15T11:54:36.738+0000] {dag.py:3239} INFO - Sync 1 DAGs
[2025-11-15T11:54:36.755+0000] {logging_mixin.py:190} INFO - [2025-11-15T11:54:36.755+0000] {dag.py:4180} INFO - Setting next_dagrun for my_first_dag to 2025-11-14 00:00:00+00:00, run_after=2025-11-15 00:00:00+00:00
[2025-11-15T11:54:36.771+0000] {processor.py:208} INFO - Processing /opt/airflow/dags/first_dag.py took 0.065 seconds
[2025-11-15T11:55:07.397+0000] {processor.py:186} INFO - Started process (PID=20246) to work on /opt/airflow/dags/first_dag.py
[2025-11-15T11:55:07.399+0000] {processor.py:914} INFO - Processing file /opt/airflow/dags/first_dag.py for tasks to queue
[2025-11-15T11:55:07.401+0000] {logging_mixin.py:190} INFO - [2025-11-15T11:55:07.400+0000] {dagbag.py:588} INFO - Filling up the DagBag from /opt/airflow/dags/first_dag.py
[2025-11-15T11:55:07.419+0000] {processor.py:925} INFO - DAG(s) 'my_first_dag' retrieved from /opt/airflow/dags/first_dag.py
[2025-11-15T11:55:07.431+0000] {logging_mixin.py:190} INFO - [2025-11-15T11:55:07.431+0000] {dag.py:3239} INFO - Sync 1 DAGs
[2025-11-15T11:55:07.452+0000] {logging_mixin.py:190} INFO - [2025-11-15T11:55:07.451+0000] {dag.py:4180} INFO - Setting next_dagrun for my_first_dag to 2025-11-14 00:00:00+00:00, run_after=2025-11-15 00:00:00+00:00
[2025-11-15T11:55:07.469+0000] {processor.py:208} INFO - Processing /opt/airflow/dags/first_dag.py took 0.076 seconds
[2025-11-15T11:55:37.814+0000] {processor.py:186} INFO - Started process (PID=20316) to work on /opt/airflow/dags/first_dag.py
[2025-11-15T11:55:37.815+0000] {processor.py:914} INFO - Processing file /opt/airflow/dags/first_dag.py for tasks to queue
[2025-11-15T11:55:37.819+0000] {logging_mixin.py:190} INFO - [2025-11-15T11:55:37.819+0000] {dagbag.py:588} INFO - Filling up the DagBag from /opt/airflow/dags/first_dag.py
[2025-11-15T11:55:37.834+0000] {processor.py:925} INFO - DAG(s) 'my_first_dag' retrieved from /opt/airflow/dags/first_dag.py
[2025-11-15T11:55:37.848+0000] {logging_mixin.py:190} INFO - [2025-11-15T11:55:37.848+0000] {dag.py:3239} INFO - Sync 1 DAGs
[2025-11-15T11:55:37.864+0000] {logging_mixin.py:190} INFO - [2025-11-15T11:55:37.864+0000] {dag.py:4180} INFO - Setting next_dagrun for my_first_dag to 2025-11-14 00:00:00+00:00, run_after=2025-11-15 00:00:00+00:00
[2025-11-15T11:55:37.879+0000] {processor.py:208} INFO - Processing /opt/airflow/dags/first_dag.py took 0.069 seconds
[2025-11-15T11:56:08.501+0000] {processor.py:186} INFO - Started process (PID=20382) to work on /opt/airflow/dags/first_dag.py
[2025-11-15T11:56:08.502+0000] {processor.py:914} INFO - Processing file /opt/airflow/dags/first_dag.py for tasks to queue
[2025-11-15T11:56:08.504+0000] {logging_mixin.py:190} INFO - [2025-11-15T11:56:08.504+0000] {dagbag.py:588} INFO - Filling up the DagBag from /opt/airflow/dags/first_dag.py
[2025-11-15T11:56:08.524+0000] {processor.py:925} INFO - DAG(s) 'my_first_dag' retrieved from /opt/airflow/dags/first_dag.py
[2025-11-15T11:56:08.540+0000] {logging_mixin.py:190} INFO - [2025-11-15T11:56:08.540+0000] {dag.py:3239} INFO - Sync 1 DAGs
[2025-11-15T11:56:08.557+0000] {logging_mixin.py:190} INFO - [2025-11-15T11:56:08.557+0000] {dag.py:4180} INFO - Setting next_dagrun for my_first_dag to 2025-11-14 00:00:00+00:00, run_after=2025-11-15 00:00:00+00:00
[2025-11-15T11:56:08.573+0000] {processor.py:208} INFO - Processing /opt/airflow/dags/first_dag.py took 0.078 seconds
[2025-11-15T11:56:38.726+0000] {processor.py:186} INFO - Started process (PID=20448) to work on /opt/airflow/dags/first_dag.py
[2025-11-15T11:56:38.727+0000] {processor.py:914} INFO - Processing file /opt/airflow/dags/first_dag.py for tasks to queue
[2025-11-15T11:56:38.728+0000] {logging_mixin.py:190} INFO - [2025-11-15T11:56:38.728+0000] {dagbag.py:588} INFO - Filling up the DagBag from /opt/airflow/dags/first_dag.py
[2025-11-15T11:56:38.743+0000] {processor.py:925} INFO - DAG(s) 'my_first_dag' retrieved from /opt/airflow/dags/first_dag.py
[2025-11-15T11:56:38.759+0000] {logging_mixin.py:190} INFO - [2025-11-15T11:56:38.759+0000] {dag.py:3239} INFO - Sync 1 DAGs
[2025-11-15T11:56:38.775+0000] {logging_mixin.py:190} INFO - [2025-11-15T11:56:38.775+0000] {dag.py:4180} INFO - Setting next_dagrun for my_first_dag to 2025-11-14 00:00:00+00:00, run_after=2025-11-15 00:00:00+00:00
[2025-11-15T11:56:38.796+0000] {processor.py:208} INFO - Processing /opt/airflow/dags/first_dag.py took 0.074 seconds
[2025-11-15T11:57:08.896+0000] {processor.py:186} INFO - Started process (PID=20513) to work on /opt/airflow/dags/first_dag.py
[2025-11-15T11:57:08.898+0000] {processor.py:914} INFO - Processing file /opt/airflow/dags/first_dag.py for tasks to queue
[2025-11-15T11:57:08.899+0000] {logging_mixin.py:190} INFO - [2025-11-15T11:57:08.899+0000] {dagbag.py:588} INFO - Filling up the DagBag from /opt/airflow/dags/first_dag.py
[2025-11-15T11:57:08.930+0000] {processor.py:925} INFO - DAG(s) 'my_first_dag' retrieved from /opt/airflow/dags/first_dag.py
[2025-11-15T11:57:08.943+0000] {logging_mixin.py:190} INFO - [2025-11-15T11:57:08.943+0000] {dag.py:3239} INFO - Sync 1 DAGs
[2025-11-15T11:57:08.958+0000] {logging_mixin.py:190} INFO - [2025-11-15T11:57:08.958+0000] {dag.py:4180} INFO - Setting next_dagrun for my_first_dag to 2025-11-14 00:00:00+00:00, run_after=2025-11-15 00:00:00+00:00
[2025-11-15T11:57:08.971+0000] {processor.py:208} INFO - Processing /opt/airflow/dags/first_dag.py took 0.080 seconds
[2025-11-15T11:57:39.332+0000] {processor.py:186} INFO - Started process (PID=20578) to work on /opt/airflow/dags/first_dag.py
[2025-11-15T11:57:39.333+0000] {processor.py:914} INFO - Processing file /opt/airflow/dags/first_dag.py for tasks to queue
[2025-11-15T11:57:39.334+0000] {logging_mixin.py:190} INFO - [2025-11-15T11:57:39.334+0000] {dagbag.py:588} INFO - Filling up the DagBag from /opt/airflow/dags/first_dag.py
[2025-11-15T11:57:39.360+0000] {processor.py:925} INFO - DAG(s) 'my_first_dag' retrieved from /opt/airflow/dags/first_dag.py
[2025-11-15T11:57:39.374+0000] {logging_mixin.py:190} INFO - [2025-11-15T11:57:39.374+0000] {dag.py:3239} INFO - Sync 1 DAGs
[2025-11-15T11:57:39.392+0000] {logging_mixin.py:190} INFO - [2025-11-15T11:57:39.392+0000] {dag.py:4180} INFO - Setting next_dagrun for my_first_dag to 2025-11-14 00:00:00+00:00, run_after=2025-11-15 00:00:00+00:00
[2025-11-15T11:57:39.407+0000] {processor.py:208} INFO - Processing /opt/airflow/dags/first_dag.py took 0.081 seconds
[2025-11-15T11:58:09.481+0000] {processor.py:186} INFO - Started process (PID=20643) to work on /opt/airflow/dags/first_dag.py
[2025-11-15T11:58:09.482+0000] {processor.py:914} INFO - Processing file /opt/airflow/dags/first_dag.py for tasks to queue
[2025-11-15T11:58:09.483+0000] {logging_mixin.py:190} INFO - [2025-11-15T11:58:09.483+0000] {dagbag.py:588} INFO - Filling up the DagBag from /opt/airflow/dags/first_dag.py
[2025-11-15T11:58:09.498+0000] {processor.py:925} INFO - DAG(s) 'my_first_dag' retrieved from /opt/airflow/dags/first_dag.py
[2025-11-15T11:58:09.511+0000] {logging_mixin.py:190} INFO - [2025-11-15T11:58:09.511+0000] {dag.py:3239} INFO - Sync 1 DAGs
[2025-11-15T11:58:09.527+0000] {logging_mixin.py:190} INFO - [2025-11-15T11:58:09.527+0000] {dag.py:4180} INFO - Setting next_dagrun for my_first_dag to 2025-11-14 00:00:00+00:00, run_after=2025-11-15 00:00:00+00:00
[2025-11-15T11:58:09.543+0000] {processor.py:208} INFO - Processing /opt/airflow/dags/first_dag.py took 0.066 seconds
[2025-11-15T11:58:39.849+0000] {processor.py:186} INFO - Started process (PID=20708) to work on /opt/airflow/dags/first_dag.py
[2025-11-15T11:58:39.850+0000] {processor.py:914} INFO - Processing file /opt/airflow/dags/first_dag.py for tasks to queue
[2025-11-15T11:58:39.853+0000] {logging_mixin.py:190} INFO - [2025-11-15T11:58:39.853+0000] {dagbag.py:588} INFO - Filling up the DagBag from /opt/airflow/dags/first_dag.py
[2025-11-15T11:58:39.949+0000] {processor.py:925} INFO - DAG(s) 'my_first_dag' retrieved from /opt/airflow/dags/first_dag.py
[2025-11-15T11:58:39.964+0000] {logging_mixin.py:190} INFO - [2025-11-15T11:58:39.964+0000] {dag.py:3239} INFO - Sync 1 DAGs
[2025-11-15T11:58:39.980+0000] {logging_mixin.py:190} INFO - [2025-11-15T11:58:39.980+0000] {dag.py:4180} INFO - Setting next_dagrun for my_first_dag to 2025-11-14 00:00:00+00:00, run_after=2025-11-15 00:00:00+00:00
[2025-11-15T11:58:39.995+0000] {processor.py:208} INFO - Processing /opt/airflow/dags/first_dag.py took 0.152 seconds
[2025-11-15T11:59:10.033+0000] {processor.py:186} INFO - Started process (PID=20774) to work on /opt/airflow/dags/first_dag.py
[2025-11-15T11:59:10.035+0000] {processor.py:914} INFO - Processing file /opt/airflow/dags/first_dag.py for tasks to queue
[2025-11-15T11:59:10.036+0000] {logging_mixin.py:190} INFO - [2025-11-15T11:59:10.036+0000] {dagbag.py:588} INFO - Filling up the DagBag from /opt/airflow/dags/first_dag.py
[2025-11-15T11:59:10.059+0000] {processor.py:925} INFO - DAG(s) 'my_first_dag' retrieved from /opt/airflow/dags/first_dag.py
[2025-11-15T11:59:10.076+0000] {logging_mixin.py:190} INFO - [2025-11-15T11:59:10.076+0000] {dag.py:3239} INFO - Sync 1 DAGs
[2025-11-15T11:59:10.098+0000] {logging_mixin.py:190} INFO - [2025-11-15T11:59:10.098+0000] {dag.py:4180} INFO - Setting next_dagrun for my_first_dag to 2025-11-14 00:00:00+00:00, run_after=2025-11-15 00:00:00+00:00
[2025-11-15T11:59:10.113+0000] {processor.py:208} INFO - Processing /opt/airflow/dags/first_dag.py took 0.085 seconds
[2025-11-15T11:59:57.020+0000] {processor.py:186} INFO - Started process (PID=60) to work on /opt/airflow/dags/first_dag.py
[2025-11-15T11:59:57.022+0000] {processor.py:914} INFO - Processing file /opt/airflow/dags/first_dag.py for tasks to queue
[2025-11-15T11:59:57.024+0000] {logging_mixin.py:190} INFO - [2025-11-15T11:59:57.024+0000] {dagbag.py:588} INFO - Filling up the DagBag from /opt/airflow/dags/first_dag.py
[2025-11-15T11:59:57.056+0000] {processor.py:925} INFO - DAG(s) 'my_first_dag' retrieved from /opt/airflow/dags/first_dag.py
[2025-11-15T11:59:57.087+0000] {logging_mixin.py:190} INFO - [2025-11-15T11:59:57.087+0000] {dag.py:3239} INFO - Sync 1 DAGs
[2025-11-15T11:59:57.114+0000] {logging_mixin.py:190} INFO - [2025-11-15T11:59:57.113+0000] {dag.py:4180} INFO - Setting next_dagrun for my_first_dag to 2025-11-14 00:00:00+00:00, run_after=2025-11-15 00:00:00+00:00
[2025-11-15T11:59:57.133+0000] {processor.py:208} INFO - Processing /opt/airflow/dags/first_dag.py took 0.121 seconds
[2025-11-15T12:00:27.362+0000] {processor.py:186} INFO - Started process (PID=129) to work on /opt/airflow/dags/first_dag.py
[2025-11-15T12:00:27.363+0000] {processor.py:914} INFO - Processing file /opt/airflow/dags/first_dag.py for tasks to queue
[2025-11-15T12:00:27.366+0000] {logging_mixin.py:190} INFO - [2025-11-15T12:00:27.365+0000] {dagbag.py:588} INFO - Filling up the DagBag from /opt/airflow/dags/first_dag.py
[2025-11-15T12:00:27.391+0000] {processor.py:925} INFO - DAG(s) 'my_first_dag' retrieved from /opt/airflow/dags/first_dag.py
[2025-11-15T12:00:27.412+0000] {logging_mixin.py:190} INFO - [2025-11-15T12:00:27.412+0000] {dag.py:3239} INFO - Sync 1 DAGs
[2025-11-15T12:00:27.432+0000] {logging_mixin.py:190} INFO - [2025-11-15T12:00:27.431+0000] {dag.py:4180} INFO - Setting next_dagrun for my_first_dag to 2025-11-14 00:00:00+00:00, run_after=2025-11-15 00:00:00+00:00
[2025-11-15T12:00:27.453+0000] {processor.py:208} INFO - Processing /opt/airflow/dags/first_dag.py took 0.096 seconds
[2025-11-15T12:00:57.515+0000] {processor.py:186} INFO - Started process (PID=193) to work on /opt/airflow/dags/first_dag.py
[2025-11-15T12:00:57.516+0000] {processor.py:914} INFO - Processing file /opt/airflow/dags/first_dag.py for tasks to queue
[2025-11-15T12:00:57.518+0000] {logging_mixin.py:190} INFO - [2025-11-15T12:00:57.517+0000] {dagbag.py:588} INFO - Filling up the DagBag from /opt/airflow/dags/first_dag.py
[2025-11-15T12:00:57.529+0000] {processor.py:925} INFO - DAG(s) 'my_first_dag' retrieved from /opt/airflow/dags/first_dag.py
[2025-11-15T12:00:57.543+0000] {logging_mixin.py:190} INFO - [2025-11-15T12:00:57.543+0000] {dag.py:3239} INFO - Sync 1 DAGs
[2025-11-15T12:00:57.560+0000] {logging_mixin.py:190} INFO - [2025-11-15T12:00:57.560+0000] {dag.py:4180} INFO - Setting next_dagrun for my_first_dag to 2025-11-14 00:00:00+00:00, run_after=2025-11-15 00:00:00+00:00
[2025-11-15T12:00:57.581+0000] {processor.py:208} INFO - Processing /opt/airflow/dags/first_dag.py took 0.070 seconds
[2025-11-15T12:01:27.616+0000] {processor.py:186} INFO - Started process (PID=258) to work on /opt/airflow/dags/first_dag.py
[2025-11-15T12:01:27.617+0000] {processor.py:914} INFO - Processing file /opt/airflow/dags/first_dag.py for tasks to queue
[2025-11-15T12:01:27.619+0000] {logging_mixin.py:190} INFO - [2025-11-15T12:01:27.619+0000] {dagbag.py:588} INFO - Filling up the DagBag from /opt/airflow/dags/first_dag.py
[2025-11-15T12:01:27.634+0000] {processor.py:925} INFO - DAG(s) 'my_first_dag' retrieved from /opt/airflow/dags/first_dag.py
[2025-11-15T12:01:27.650+0000] {logging_mixin.py:190} INFO - [2025-11-15T12:01:27.650+0000] {dag.py:3239} INFO - Sync 1 DAGs
[2025-11-15T12:01:27.667+0000] {logging_mixin.py:190} INFO - [2025-11-15T12:01:27.667+0000] {dag.py:4180} INFO - Setting next_dagrun for my_first_dag to 2025-11-14 00:00:00+00:00, run_after=2025-11-15 00:00:00+00:00
[2025-11-15T12:01:27.682+0000] {processor.py:208} INFO - Processing /opt/airflow/dags/first_dag.py took 0.071 seconds
[2025-11-15T12:01:58.302+0000] {processor.py:186} INFO - Started process (PID=330) to work on /opt/airflow/dags/first_dag.py
[2025-11-15T12:01:58.303+0000] {processor.py:914} INFO - Processing file /opt/airflow/dags/first_dag.py for tasks to queue
[2025-11-15T12:01:58.305+0000] {logging_mixin.py:190} INFO - [2025-11-15T12:01:58.304+0000] {dagbag.py:588} INFO - Filling up the DagBag from /opt/airflow/dags/first_dag.py
[2025-11-15T12:01:58.318+0000] {processor.py:925} INFO - DAG(s) 'my_first_dag' retrieved from /opt/airflow/dags/first_dag.py
[2025-11-15T12:01:58.333+0000] {logging_mixin.py:190} INFO - [2025-11-15T12:01:58.332+0000] {dag.py:3239} INFO - Sync 1 DAGs
[2025-11-15T12:01:58.348+0000] {logging_mixin.py:190} INFO - [2025-11-15T12:01:58.347+0000] {dag.py:4180} INFO - Setting next_dagrun for my_first_dag to 2025-11-14 00:00:00+00:00, run_after=2025-11-15 00:00:00+00:00
[2025-11-15T12:01:58.363+0000] {processor.py:208} INFO - Processing /opt/airflow/dags/first_dag.py took 0.065 seconds
[2025-11-15T12:02:28.908+0000] {processor.py:186} INFO - Started process (PID=395) to work on /opt/airflow/dags/first_dag.py
[2025-11-15T12:02:28.909+0000] {processor.py:914} INFO - Processing file /opt/airflow/dags/first_dag.py for tasks to queue
[2025-11-15T12:02:28.911+0000] {logging_mixin.py:190} INFO - [2025-11-15T12:02:28.911+0000] {dagbag.py:588} INFO - Filling up the DagBag from /opt/airflow/dags/first_dag.py
[2025-11-15T12:02:28.937+0000] {processor.py:925} INFO - DAG(s) 'my_first_dag' retrieved from /opt/airflow/dags/first_dag.py
[2025-11-15T12:02:28.952+0000] {logging_mixin.py:190} INFO - [2025-11-15T12:02:28.952+0000] {dag.py:3239} INFO - Sync 1 DAGs
[2025-11-15T12:02:28.969+0000] {logging_mixin.py:190} INFO - [2025-11-15T12:02:28.969+0000] {dag.py:4180} INFO - Setting next_dagrun for my_first_dag to 2025-11-14 00:00:00+00:00, run_after=2025-11-15 00:00:00+00:00
[2025-11-15T12:02:28.990+0000] {processor.py:208} INFO - Processing /opt/airflow/dags/first_dag.py took 0.086 seconds
[2025-11-15T12:02:59.210+0000] {processor.py:186} INFO - Started process (PID=460) to work on /opt/airflow/dags/first_dag.py
[2025-11-15T12:02:59.212+0000] {processor.py:914} INFO - Processing file /opt/airflow/dags/first_dag.py for tasks to queue
[2025-11-15T12:02:59.214+0000] {logging_mixin.py:190} INFO - [2025-11-15T12:02:59.214+0000] {dagbag.py:588} INFO - Filling up the DagBag from /opt/airflow/dags/first_dag.py
[2025-11-15T12:02:59.245+0000] {processor.py:925} INFO - DAG(s) 'my_first_dag' retrieved from /opt/airflow/dags/first_dag.py
[2025-11-15T12:02:59.263+0000] {logging_mixin.py:190} INFO - [2025-11-15T12:02:59.263+0000] {dag.py:3239} INFO - Sync 1 DAGs
[2025-11-15T12:02:59.281+0000] {logging_mixin.py:190} INFO - [2025-11-15T12:02:59.280+0000] {dag.py:4180} INFO - Setting next_dagrun for my_first_dag to 2025-11-14 00:00:00+00:00, run_after=2025-11-15 00:00:00+00:00
[2025-11-15T12:02:59.311+0000] {processor.py:208} INFO - Processing /opt/airflow/dags/first_dag.py took 0.110 seconds
[2025-11-15T12:03:30.178+0000] {processor.py:186} INFO - Started process (PID=525) to work on /opt/airflow/dags/first_dag.py
[2025-11-15T12:03:30.179+0000] {processor.py:914} INFO - Processing file /opt/airflow/dags/first_dag.py for tasks to queue
[2025-11-15T12:03:30.181+0000] {logging_mixin.py:190} INFO - [2025-11-15T12:03:30.181+0000] {dagbag.py:588} INFO - Filling up the DagBag from /opt/airflow/dags/first_dag.py
[2025-11-15T12:03:30.198+0000] {processor.py:925} INFO - DAG(s) 'my_first_dag' retrieved from /opt/airflow/dags/first_dag.py
[2025-11-15T12:03:30.212+0000] {logging_mixin.py:190} INFO - [2025-11-15T12:03:30.212+0000] {dag.py:3239} INFO - Sync 1 DAGs
[2025-11-15T12:03:30.228+0000] {logging_mixin.py:190} INFO - [2025-11-15T12:03:30.227+0000] {dag.py:4180} INFO - Setting next_dagrun for my_first_dag to 2025-11-14 00:00:00+00:00, run_after=2025-11-15 00:00:00+00:00
[2025-11-15T12:03:30.245+0000] {processor.py:208} INFO - Processing /opt/airflow/dags/first_dag.py took 0.071 seconds
[2025-11-15T12:04:00.420+0000] {processor.py:186} INFO - Started process (PID=590) to work on /opt/airflow/dags/first_dag.py
[2025-11-15T12:04:00.422+0000] {processor.py:914} INFO - Processing file /opt/airflow/dags/first_dag.py for tasks to queue
[2025-11-15T12:04:00.424+0000] {logging_mixin.py:190} INFO - [2025-11-15T12:04:00.424+0000] {dagbag.py:588} INFO - Filling up the DagBag from /opt/airflow/dags/first_dag.py
[2025-11-15T12:04:00.459+0000] {processor.py:925} INFO - DAG(s) 'my_first_dag' retrieved from /opt/airflow/dags/first_dag.py
[2025-11-15T12:04:00.476+0000] {logging_mixin.py:190} INFO - [2025-11-15T12:04:00.476+0000] {dag.py:3239} INFO - Sync 1 DAGs
[2025-11-15T12:04:00.496+0000] {logging_mixin.py:190} INFO - [2025-11-15T12:04:00.495+0000] {dag.py:4180} INFO - Setting next_dagrun for my_first_dag to 2025-11-14 00:00:00+00:00, run_after=2025-11-15 00:00:00+00:00
[2025-11-15T12:04:00.512+0000] {processor.py:208} INFO - Processing /opt/airflow/dags/first_dag.py took 0.097 seconds
[2025-11-15T12:04:30.871+0000] {processor.py:186} INFO - Started process (PID=655) to work on /opt/airflow/dags/first_dag.py
[2025-11-15T12:04:30.872+0000] {processor.py:914} INFO - Processing file /opt/airflow/dags/first_dag.py for tasks to queue
[2025-11-15T12:04:30.874+0000] {logging_mixin.py:190} INFO - [2025-11-15T12:04:30.874+0000] {dagbag.py:588} INFO - Filling up the DagBag from /opt/airflow/dags/first_dag.py
[2025-11-15T12:04:30.904+0000] {processor.py:925} INFO - DAG(s) 'my_first_dag' retrieved from /opt/airflow/dags/first_dag.py
[2025-11-15T12:04:30.920+0000] {logging_mixin.py:190} INFO - [2025-11-15T12:04:30.920+0000] {dag.py:3239} INFO - Sync 1 DAGs
[2025-11-15T12:04:30.937+0000] {logging_mixin.py:190} INFO - [2025-11-15T12:04:30.937+0000] {dag.py:4180} INFO - Setting next_dagrun for my_first_dag to 2025-11-14 00:00:00+00:00, run_after=2025-11-15 00:00:00+00:00
[2025-11-15T12:04:30.952+0000] {processor.py:208} INFO - Processing /opt/airflow/dags/first_dag.py took 0.088 seconds
[2025-11-15T12:05:01.079+0000] {processor.py:186} INFO - Started process (PID=720) to work on /opt/airflow/dags/first_dag.py
[2025-11-15T12:05:01.081+0000] {processor.py:914} INFO - Processing file /opt/airflow/dags/first_dag.py for tasks to queue
[2025-11-15T12:05:01.087+0000] {logging_mixin.py:190} INFO - [2025-11-15T12:05:01.086+0000] {dagbag.py:588} INFO - Filling up the DagBag from /opt/airflow/dags/first_dag.py
[2025-11-15T12:05:01.133+0000] {processor.py:925} INFO - DAG(s) 'my_first_dag' retrieved from /opt/airflow/dags/first_dag.py
[2025-11-15T12:05:01.180+0000] {logging_mixin.py:190} INFO - [2025-11-15T12:05:01.180+0000] {dag.py:3239} INFO - Sync 1 DAGs
[2025-11-15T12:05:01.217+0000] {logging_mixin.py:190} INFO - [2025-11-15T12:05:01.217+0000] {dag.py:4180} INFO - Setting next_dagrun for my_first_dag to 2025-11-14 00:00:00+00:00, run_after=2025-11-15 00:00:00+00:00
[2025-11-15T12:05:01.236+0000] {processor.py:208} INFO - Processing /opt/airflow/dags/first_dag.py took 0.177 seconds
[2025-11-15T12:05:31.498+0000] {processor.py:186} INFO - Started process (PID=786) to work on /opt/airflow/dags/first_dag.py
[2025-11-15T12:05:31.501+0000] {processor.py:914} INFO - Processing file /opt/airflow/dags/first_dag.py for tasks to queue
[2025-11-15T12:05:31.507+0000] {logging_mixin.py:190} INFO - [2025-11-15T12:05:31.506+0000] {dagbag.py:588} INFO - Filling up the DagBag from /opt/airflow/dags/first_dag.py
[2025-11-15T12:05:31.537+0000] {processor.py:925} INFO - DAG(s) 'my_first_dag' retrieved from /opt/airflow/dags/first_dag.py
[2025-11-15T12:05:31.567+0000] {logging_mixin.py:190} INFO - [2025-11-15T12:05:31.567+0000] {dag.py:3239} INFO - Sync 1 DAGs
[2025-11-15T12:05:31.596+0000] {logging_mixin.py:190} INFO - [2025-11-15T12:05:31.596+0000] {dag.py:4180} INFO - Setting next_dagrun for my_first_dag to 2025-11-14 00:00:00+00:00, run_after=2025-11-15 00:00:00+00:00
[2025-11-15T12:05:31.627+0000] {processor.py:208} INFO - Processing /opt/airflow/dags/first_dag.py took 0.137 seconds
[2025-11-15T12:06:01.764+0000] {processor.py:186} INFO - Started process (PID=850) to work on /opt/airflow/dags/first_dag.py
[2025-11-15T12:06:01.767+0000] {processor.py:914} INFO - Processing file /opt/airflow/dags/first_dag.py for tasks to queue
[2025-11-15T12:06:01.771+0000] {logging_mixin.py:190} INFO - [2025-11-15T12:06:01.770+0000] {dagbag.py:588} INFO - Filling up the DagBag from /opt/airflow/dags/first_dag.py
[2025-11-15T12:06:01.811+0000] {processor.py:925} INFO - DAG(s) 'my_first_dag' retrieved from /opt/airflow/dags/first_dag.py
[2025-11-15T12:06:01.850+0000] {logging_mixin.py:190} INFO - [2025-11-15T12:06:01.850+0000] {dag.py:3239} INFO - Sync 1 DAGs
[2025-11-15T12:06:01.890+0000] {logging_mixin.py:190} INFO - [2025-11-15T12:06:01.890+0000] {dag.py:4180} INFO - Setting next_dagrun for my_first_dag to 2025-11-14 00:00:00+00:00, run_after=2025-11-15 00:00:00+00:00
[2025-11-15T12:06:01.912+0000] {processor.py:208} INFO - Processing /opt/airflow/dags/first_dag.py took 0.164 seconds
[2025-11-15T12:06:32.328+0000] {processor.py:186} INFO - Started process (PID=915) to work on /opt/airflow/dags/first_dag.py
[2025-11-15T12:06:32.331+0000] {processor.py:914} INFO - Processing file /opt/airflow/dags/first_dag.py for tasks to queue
[2025-11-15T12:06:32.335+0000] {logging_mixin.py:190} INFO - [2025-11-15T12:06:32.335+0000] {dagbag.py:588} INFO - Filling up the DagBag from /opt/airflow/dags/first_dag.py
[2025-11-15T12:06:32.370+0000] {processor.py:925} INFO - DAG(s) 'my_first_dag' retrieved from /opt/airflow/dags/first_dag.py
[2025-11-15T12:06:32.409+0000] {logging_mixin.py:190} INFO - [2025-11-15T12:06:32.409+0000] {dag.py:3239} INFO - Sync 1 DAGs
[2025-11-15T12:06:32.461+0000] {logging_mixin.py:190} INFO - [2025-11-15T12:06:32.460+0000] {dag.py:4180} INFO - Setting next_dagrun for my_first_dag to 2025-11-14 00:00:00+00:00, run_after=2025-11-15 00:00:00+00:00
[2025-11-15T12:06:32.475+0000] {processor.py:208} INFO - Processing /opt/airflow/dags/first_dag.py took 0.164 seconds
[2025-11-15T12:07:02.847+0000] {processor.py:186} INFO - Started process (PID=980) to work on /opt/airflow/dags/first_dag.py
[2025-11-15T12:07:02.852+0000] {processor.py:914} INFO - Processing file /opt/airflow/dags/first_dag.py for tasks to queue
[2025-11-15T12:07:02.858+0000] {logging_mixin.py:190} INFO - [2025-11-15T12:07:02.858+0000] {dagbag.py:588} INFO - Filling up the DagBag from /opt/airflow/dags/first_dag.py
[2025-11-15T12:07:02.883+0000] {processor.py:925} INFO - DAG(s) 'my_first_dag' retrieved from /opt/airflow/dags/first_dag.py
[2025-11-15T12:07:02.912+0000] {logging_mixin.py:190} INFO - [2025-11-15T12:07:02.911+0000] {dag.py:3239} INFO - Sync 1 DAGs
[2025-11-15T12:07:02.952+0000] {logging_mixin.py:190} INFO - [2025-11-15T12:07:02.952+0000] {dag.py:4180} INFO - Setting next_dagrun for my_first_dag to 2025-11-14 00:00:00+00:00, run_after=2025-11-15 00:00:00+00:00
[2025-11-15T12:07:02.969+0000] {processor.py:208} INFO - Processing /opt/airflow/dags/first_dag.py took 0.127 seconds
[2025-11-15T12:07:33.049+0000] {processor.py:186} INFO - Started process (PID=1045) to work on /opt/airflow/dags/first_dag.py
[2025-11-15T12:07:33.050+0000] {processor.py:914} INFO - Processing file /opt/airflow/dags/first_dag.py for tasks to queue
[2025-11-15T12:07:33.053+0000] {logging_mixin.py:190} INFO - [2025-11-15T12:07:33.052+0000] {dagbag.py:588} INFO - Filling up the DagBag from /opt/airflow/dags/first_dag.py
[2025-11-15T12:07:33.072+0000] {processor.py:925} INFO - DAG(s) 'my_first_dag' retrieved from /opt/airflow/dags/first_dag.py
[2025-11-15T12:07:33.098+0000] {logging_mixin.py:190} INFO - [2025-11-15T12:07:33.098+0000] {dag.py:3239} INFO - Sync 1 DAGs
[2025-11-15T12:07:33.130+0000] {logging_mixin.py:190} INFO - [2025-11-15T12:07:33.129+0000] {dag.py:4180} INFO - Setting next_dagrun for my_first_dag to 2025-11-14 00:00:00+00:00, run_after=2025-11-15 00:00:00+00:00
[2025-11-15T12:07:33.149+0000] {processor.py:208} INFO - Processing /opt/airflow/dags/first_dag.py took 0.105 seconds
[2025-11-15T12:08:03.542+0000] {processor.py:186} INFO - Started process (PID=1110) to work on /opt/airflow/dags/first_dag.py
[2025-11-15T12:08:03.543+0000] {processor.py:914} INFO - Processing file /opt/airflow/dags/first_dag.py for tasks to queue
[2025-11-15T12:08:03.548+0000] {logging_mixin.py:190} INFO - [2025-11-15T12:08:03.547+0000] {dagbag.py:588} INFO - Filling up the DagBag from /opt/airflow/dags/first_dag.py
[2025-11-15T12:08:03.575+0000] {processor.py:925} INFO - DAG(s) 'my_first_dag' retrieved from /opt/airflow/dags/first_dag.py
[2025-11-15T12:08:03.619+0000] {logging_mixin.py:190} INFO - [2025-11-15T12:08:03.619+0000] {dag.py:3239} INFO - Sync 1 DAGs
[2025-11-15T12:08:03.644+0000] {logging_mixin.py:190} INFO - [2025-11-15T12:08:03.644+0000] {dag.py:4180} INFO - Setting next_dagrun for my_first_dag to 2025-11-14 00:00:00+00:00, run_after=2025-11-15 00:00:00+00:00
[2025-11-15T12:08:03.665+0000] {processor.py:208} INFO - Processing /opt/airflow/dags/first_dag.py took 0.128 seconds
[2025-11-15T12:08:33.992+0000] {processor.py:186} INFO - Started process (PID=1175) to work on /opt/airflow/dags/first_dag.py
[2025-11-15T12:08:33.996+0000] {processor.py:914} INFO - Processing file /opt/airflow/dags/first_dag.py for tasks to queue
[2025-11-15T12:08:33.999+0000] {logging_mixin.py:190} INFO - [2025-11-15T12:08:33.999+0000] {dagbag.py:588} INFO - Filling up the DagBag from /opt/airflow/dags/first_dag.py
[2025-11-15T12:08:34.015+0000] {processor.py:925} INFO - DAG(s) 'my_first_dag' retrieved from /opt/airflow/dags/first_dag.py
[2025-11-15T12:08:34.031+0000] {logging_mixin.py:190} INFO - [2025-11-15T12:08:34.030+0000] {dag.py:3239} INFO - Sync 1 DAGs
[2025-11-15T12:08:34.049+0000] {logging_mixin.py:190} INFO - [2025-11-15T12:08:34.048+0000] {dag.py:4180} INFO - Setting next_dagrun for my_first_dag to 2025-11-14 00:00:00+00:00, run_after=2025-11-15 00:00:00+00:00
[2025-11-15T12:08:34.062+0000] {processor.py:208} INFO - Processing /opt/airflow/dags/first_dag.py took 0.076 seconds
[2025-11-15T12:09:04.507+0000] {processor.py:186} INFO - Started process (PID=1240) to work on /opt/airflow/dags/first_dag.py
[2025-11-15T12:09:04.509+0000] {processor.py:914} INFO - Processing file /opt/airflow/dags/first_dag.py for tasks to queue
[2025-11-15T12:09:04.511+0000] {logging_mixin.py:190} INFO - [2025-11-15T12:09:04.511+0000] {dagbag.py:588} INFO - Filling up the DagBag from /opt/airflow/dags/first_dag.py
[2025-11-15T12:09:04.598+0000] {processor.py:925} INFO - DAG(s) 'my_first_dag' retrieved from /opt/airflow/dags/first_dag.py
[2025-11-15T12:09:04.612+0000] {logging_mixin.py:190} INFO - [2025-11-15T12:09:04.612+0000] {dag.py:3239} INFO - Sync 1 DAGs
[2025-11-15T12:09:04.631+0000] {logging_mixin.py:190} INFO - [2025-11-15T12:09:04.631+0000] {dag.py:4180} INFO - Setting next_dagrun for my_first_dag to 2025-11-14 00:00:00+00:00, run_after=2025-11-15 00:00:00+00:00
[2025-11-15T12:09:04.645+0000] {processor.py:208} INFO - Processing /opt/airflow/dags/first_dag.py took 0.143 seconds
[2025-11-15T12:09:34.809+0000] {processor.py:186} INFO - Started process (PID=1306) to work on /opt/airflow/dags/first_dag.py
[2025-11-15T12:09:34.811+0000] {processor.py:914} INFO - Processing file /opt/airflow/dags/first_dag.py for tasks to queue
[2025-11-15T12:09:34.813+0000] {logging_mixin.py:190} INFO - [2025-11-15T12:09:34.813+0000] {dagbag.py:588} INFO - Filling up the DagBag from /opt/airflow/dags/first_dag.py
[2025-11-15T12:09:34.833+0000] {processor.py:925} INFO - DAG(s) 'my_first_dag' retrieved from /opt/airflow/dags/first_dag.py
[2025-11-15T12:09:34.848+0000] {logging_mixin.py:190} INFO - [2025-11-15T12:09:34.848+0000] {dag.py:3239} INFO - Sync 1 DAGs
[2025-11-15T12:09:34.866+0000] {logging_mixin.py:190} INFO - [2025-11-15T12:09:34.866+0000] {dag.py:4180} INFO - Setting next_dagrun for my_first_dag to 2025-11-14 00:00:00+00:00, run_after=2025-11-15 00:00:00+00:00
[2025-11-15T12:09:34.881+0000] {processor.py:208} INFO - Processing /opt/airflow/dags/first_dag.py took 0.076 seconds
[2025-11-15T12:10:05.274+0000] {processor.py:186} INFO - Started process (PID=1370) to work on /opt/airflow/dags/first_dag.py
[2025-11-15T12:10:05.277+0000] {processor.py:914} INFO - Processing file /opt/airflow/dags/first_dag.py for tasks to queue
[2025-11-15T12:10:05.281+0000] {logging_mixin.py:190} INFO - [2025-11-15T12:10:05.279+0000] {dagbag.py:588} INFO - Filling up the DagBag from /opt/airflow/dags/first_dag.py
[2025-11-15T12:10:05.338+0000] {processor.py:925} INFO - DAG(s) 'my_first_dag' retrieved from /opt/airflow/dags/first_dag.py
[2025-11-15T12:10:05.353+0000] {logging_mixin.py:190} INFO - [2025-11-15T12:10:05.353+0000] {dag.py:3239} INFO - Sync 1 DAGs
[2025-11-15T12:10:05.376+0000] {logging_mixin.py:190} INFO - [2025-11-15T12:10:05.376+0000] {dag.py:4180} INFO - Setting next_dagrun for my_first_dag to 2025-11-14 00:00:00+00:00, run_after=2025-11-15 00:00:00+00:00
[2025-11-15T12:10:05.391+0000] {processor.py:208} INFO - Processing /opt/airflow/dags/first_dag.py took 0.127 seconds
[2025-11-15T12:10:36.132+0000] {processor.py:186} INFO - Started process (PID=1435) to work on /opt/airflow/dags/first_dag.py
[2025-11-15T12:10:36.138+0000] {processor.py:914} INFO - Processing file /opt/airflow/dags/first_dag.py for tasks to queue
[2025-11-15T12:10:36.188+0000] {logging_mixin.py:190} INFO - [2025-11-15T12:10:36.168+0000] {dagbag.py:588} INFO - Filling up the DagBag from /opt/airflow/dags/first_dag.py
[2025-11-15T12:10:37.217+0000] {processor.py:925} INFO - DAG(s) 'my_first_dag' retrieved from /opt/airflow/dags/first_dag.py
[2025-11-15T12:10:37.534+0000] {logging_mixin.py:190} INFO - [2025-11-15T12:10:37.523+0000] {dag.py:3239} INFO - Sync 1 DAGs
[2025-11-15T12:10:37.622+0000] {logging_mixin.py:190} INFO - [2025-11-15T12:10:37.622+0000] {dag.py:4180} INFO - Setting next_dagrun for my_first_dag to 2025-11-14 00:00:00+00:00, run_after=2025-11-15 00:00:00+00:00
[2025-11-15T12:10:37.650+0000] {processor.py:208} INFO - Processing /opt/airflow/dags/first_dag.py took 1.551 seconds
[2025-11-15T12:11:08.031+0000] {processor.py:186} INFO - Started process (PID=1501) to work on /opt/airflow/dags/first_dag.py
[2025-11-15T12:11:08.036+0000] {processor.py:914} INFO - Processing file /opt/airflow/dags/first_dag.py for tasks to queue
[2025-11-15T12:11:08.046+0000] {logging_mixin.py:190} INFO - [2025-11-15T12:11:08.041+0000] {dagbag.py:588} INFO - Filling up the DagBag from /opt/airflow/dags/first_dag.py
[2025-11-15T12:11:09.542+0000] {processor.py:925} INFO - DAG(s) 'my_first_dag' retrieved from /opt/airflow/dags/first_dag.py
[2025-11-15T12:11:10.982+0000] {logging_mixin.py:190} INFO - [2025-11-15T12:11:10.967+0000] {dag.py:3239} INFO - Sync 1 DAGs
[2025-11-15T12:11:11.143+0000] {logging_mixin.py:190} INFO - [2025-11-15T12:11:11.133+0000] {dag.py:4180} INFO - Setting next_dagrun for my_first_dag to 2025-11-14 00:00:00+00:00, run_after=2025-11-15 00:00:00+00:00
[2025-11-15T12:11:11.501+0000] {processor.py:208} INFO - Processing /opt/airflow/dags/first_dag.py took 3.484 seconds
[2025-11-15T12:11:43.796+0000] {processor.py:186} INFO - Started process (PID=1567) to work on /opt/airflow/dags/first_dag.py
[2025-11-15T12:11:43.798+0000] {processor.py:914} INFO - Processing file /opt/airflow/dags/first_dag.py for tasks to queue
[2025-11-15T12:11:43.801+0000] {logging_mixin.py:190} INFO - [2025-11-15T12:11:43.800+0000] {dagbag.py:588} INFO - Filling up the DagBag from /opt/airflow/dags/first_dag.py
[2025-11-15T12:11:43.835+0000] {processor.py:925} INFO - DAG(s) 'my_first_dag' retrieved from /opt/airflow/dags/first_dag.py
[2025-11-15T12:11:43.488+0000] {logging_mixin.py:190} INFO - [2025-11-15T12:11:43.488+0000] {dag.py:3239} INFO - Sync 1 DAGs
[2025-11-15T12:11:43.516+0000] {logging_mixin.py:190} INFO - [2025-11-15T12:11:43.516+0000] {dag.py:4180} INFO - Setting next_dagrun for my_first_dag to 2025-11-14 00:00:00+00:00, run_after=2025-11-15 00:00:00+00:00
[2025-11-15T12:11:43.536+0000] {processor.py:208} INFO - Processing /opt/airflow/dags/first_dag.py took 0.188 seconds
[2025-11-15T12:12:14.495+0000] {processor.py:186} INFO - Started process (PID=1639) to work on /opt/airflow/dags/first_dag.py
[2025-11-15T12:12:14.496+0000] {processor.py:914} INFO - Processing file /opt/airflow/dags/first_dag.py for tasks to queue
[2025-11-15T12:12:14.498+0000] {logging_mixin.py:190} INFO - [2025-11-15T12:12:14.497+0000] {dagbag.py:588} INFO - Filling up the DagBag from /opt/airflow/dags/first_dag.py
[2025-11-15T12:12:14.513+0000] {processor.py:925} INFO - DAG(s) 'my_first_dag' retrieved from /opt/airflow/dags/first_dag.py
[2025-11-15T12:12:14.529+0000] {logging_mixin.py:190} INFO - [2025-11-15T12:12:14.529+0000] {dag.py:3239} INFO - Sync 1 DAGs
[2025-11-15T12:12:14.549+0000] {logging_mixin.py:190} INFO - [2025-11-15T12:12:14.548+0000] {dag.py:4180} INFO - Setting next_dagrun for my_first_dag to 2025-11-14 00:00:00+00:00, run_after=2025-11-15 00:00:00+00:00
[2025-11-15T12:12:14.567+0000] {processor.py:208} INFO - Processing /opt/airflow/dags/first_dag.py took 0.078 seconds
[2025-11-15T12:12:49.075+0000] {processor.py:186} INFO - Started process (PID=1674) to work on /opt/airflow/dags/first_dag.py
[2025-11-15T12:12:49.076+0000] {processor.py:914} INFO - Processing file /opt/airflow/dags/first_dag.py for tasks to queue
[2025-11-15T12:12:49.078+0000] {logging_mixin.py:190} INFO - [2025-11-15T12:12:49.078+0000] {dagbag.py:588} INFO - Filling up the DagBag from /opt/airflow/dags/first_dag.py
[2025-11-15T12:12:49.095+0000] {processor.py:925} INFO - DAG(s) 'my_first_dag' retrieved from /opt/airflow/dags/first_dag.py
[2025-11-15T12:12:49.110+0000] {logging_mixin.py:190} INFO - [2025-11-15T12:12:49.109+0000] {dag.py:3239} INFO - Sync 1 DAGs
[2025-11-15T12:12:49.126+0000] {logging_mixin.py:190} INFO - [2025-11-15T12:12:49.126+0000] {dag.py:4180} INFO - Setting next_dagrun for my_first_dag to 2025-11-14 00:00:00+00:00, run_after=2025-11-15 00:00:00+00:00
[2025-11-15T12:12:49.141+0000] {processor.py:208} INFO - Processing /opt/airflow/dags/first_dag.py took 0.070 seconds
[2025-11-15T12:13:19.437+0000] {processor.py:186} INFO - Started process (PID=1732) to work on /opt/airflow/dags/first_dag.py
[2025-11-15T12:13:19.438+0000] {processor.py:914} INFO - Processing file /opt/airflow/dags/first_dag.py for tasks to queue
[2025-11-15T12:13:19.441+0000] {logging_mixin.py:190} INFO - [2025-11-15T12:13:19.440+0000] {dagbag.py:588} INFO - Filling up the DagBag from /opt/airflow/dags/first_dag.py
[2025-11-15T12:13:19.473+0000] {processor.py:925} INFO - DAG(s) 'my_first_dag' retrieved from /opt/airflow/dags/first_dag.py
[2025-11-15T12:13:19.491+0000] {logging_mixin.py:190} INFO - [2025-11-15T12:13:19.490+0000] {dag.py:3239} INFO - Sync 1 DAGs
[2025-11-15T12:13:19.510+0000] {logging_mixin.py:190} INFO - [2025-11-15T12:13:19.510+0000] {dag.py:4180} INFO - Setting next_dagrun for my_first_dag to 2025-11-14 00:00:00+00:00, run_after=2025-11-15 00:00:00+00:00
[2025-11-15T12:13:19.528+0000] {processor.py:208} INFO - Processing /opt/airflow/dags/first_dag.py took 0.098 seconds
[2025-11-15T12:13:52.820+0000] {processor.py:186} INFO - Started process (PID=1796) to work on /opt/airflow/dags/first_dag.py
[2025-11-15T12:13:52.821+0000] {processor.py:914} INFO - Processing file /opt/airflow/dags/first_dag.py for tasks to queue
[2025-11-15T12:13:52.824+0000] {logging_mixin.py:190} INFO - [2025-11-15T12:13:52.823+0000] {dagbag.py:588} INFO - Filling up the DagBag from /opt/airflow/dags/first_dag.py
[2025-11-15T12:13:52.852+0000] {processor.py:925} INFO - DAG(s) 'my_first_dag' retrieved from /opt/airflow/dags/first_dag.py
[2025-11-15T12:13:52.914+0000] {logging_mixin.py:190} INFO - [2025-11-15T12:13:52.914+0000] {dag.py:3239} INFO - Sync 1 DAGs
[2025-11-15T12:13:52.939+0000] {logging_mixin.py:190} INFO - [2025-11-15T12:13:52.938+0000] {dag.py:4180} INFO - Setting next_dagrun for my_first_dag to 2025-11-14 00:00:00+00:00, run_after=2025-11-15 00:00:00+00:00
[2025-11-15T12:13:52.958+0000] {processor.py:208} INFO - Processing /opt/airflow/dags/first_dag.py took 0.143 seconds
[2025-11-15T12:14:35.280+0000] {processor.py:186} INFO - Started process (PID=1823) to work on /opt/airflow/dags/first_dag.py
[2025-11-15T12:14:35.281+0000] {processor.py:914} INFO - Processing file /opt/airflow/dags/first_dag.py for tasks to queue
[2025-11-15T12:14:35.283+0000] {logging_mixin.py:190} INFO - [2025-11-15T12:14:35.283+0000] {dagbag.py:588} INFO - Filling up the DagBag from /opt/airflow/dags/first_dag.py
[2025-11-15T12:14:35.297+0000] {processor.py:925} INFO - DAG(s) 'my_first_dag' retrieved from /opt/airflow/dags/first_dag.py
[2025-11-15T12:14:35.312+0000] {logging_mixin.py:190} INFO - [2025-11-15T12:14:35.311+0000] {dag.py:3239} INFO - Sync 1 DAGs
[2025-11-15T12:14:35.329+0000] {logging_mixin.py:190} INFO - [2025-11-15T12:14:35.329+0000] {dag.py:4180} INFO - Setting next_dagrun for my_first_dag to 2025-11-14 00:00:00+00:00, run_after=2025-11-15 00:00:00+00:00
[2025-11-15T12:14:35.343+0000] {processor.py:208} INFO - Processing /opt/airflow/dags/first_dag.py took 0.068 seconds
[2025-11-15T12:15:05.917+0000] {processor.py:186} INFO - Started process (PID=1879) to work on /opt/airflow/dags/first_dag.py
[2025-11-15T12:15:05.918+0000] {processor.py:914} INFO - Processing file /opt/airflow/dags/first_dag.py for tasks to queue
[2025-11-15T12:15:05.921+0000] {logging_mixin.py:190} INFO - [2025-11-15T12:15:05.921+0000] {dagbag.py:588} INFO - Filling up the DagBag from /opt/airflow/dags/first_dag.py
[2025-11-15T12:15:05.935+0000] {processor.py:925} INFO - DAG(s) 'my_first_dag' retrieved from /opt/airflow/dags/first_dag.py
[2025-11-15T12:15:05.951+0000] {logging_mixin.py:190} INFO - [2025-11-15T12:15:05.951+0000] {dag.py:3239} INFO - Sync 1 DAGs
[2025-11-15T12:15:05.970+0000] {logging_mixin.py:190} INFO - [2025-11-15T12:15:05.970+0000] {dag.py:4180} INFO - Setting next_dagrun for my_first_dag to 2025-11-14 00:00:00+00:00, run_after=2025-11-15 00:00:00+00:00
[2025-11-15T12:15:05.984+0000] {processor.py:208} INFO - Processing /opt/airflow/dags/first_dag.py took 0.071 seconds
[2025-11-15T12:17:06.046+0000] {processor.py:186} INFO - Started process (PID=1949) to work on /opt/airflow/dags/first_dag.py
[2025-11-15T12:17:06.048+0000] {processor.py:914} INFO - Processing file /opt/airflow/dags/first_dag.py for tasks to queue
[2025-11-15T12:17:06.051+0000] {logging_mixin.py:190} INFO - [2025-11-15T12:17:06.050+0000] {dagbag.py:588} INFO - Filling up the DagBag from /opt/airflow/dags/first_dag.py
[2025-11-15T12:17:06.089+0000] {processor.py:925} INFO - DAG(s) 'my_first_dag' retrieved from /opt/airflow/dags/first_dag.py
[2025-11-15T12:17:06.137+0000] {logging_mixin.py:190} INFO - [2025-11-15T12:17:06.137+0000] {dag.py:3239} INFO - Sync 1 DAGs
[2025-11-15T12:17:06.255+0000] {logging_mixin.py:190} INFO - [2025-11-15T12:17:06.255+0000] {dag.py:4180} INFO - Setting next_dagrun for my_first_dag to 2025-11-14 00:00:00+00:00, run_after=2025-11-15 00:00:00+00:00
[2025-11-15T12:17:06.282+0000] {processor.py:208} INFO - Processing /opt/airflow/dags/first_dag.py took 0.246 seconds
[2025-11-15T12:17:36.364+0000] {processor.py:186} INFO - Started process (PID=2013) to work on /opt/airflow/dags/first_dag.py
[2025-11-15T12:17:36.365+0000] {processor.py:914} INFO - Processing file /opt/airflow/dags/first_dag.py for tasks to queue
[2025-11-15T12:17:36.367+0000] {logging_mixin.py:190} INFO - [2025-11-15T12:17:36.366+0000] {dagbag.py:588} INFO - Filling up the DagBag from /opt/airflow/dags/first_dag.py
[2025-11-15T12:17:36.383+0000] {processor.py:925} INFO - DAG(s) 'my_first_dag' retrieved from /opt/airflow/dags/first_dag.py
[2025-11-15T12:17:36.398+0000] {logging_mixin.py:190} INFO - [2025-11-15T12:17:36.398+0000] {dag.py:3239} INFO - Sync 1 DAGs
[2025-11-15T12:17:36.414+0000] {logging_mixin.py:190} INFO - [2025-11-15T12:17:36.414+0000] {dag.py:4180} INFO - Setting next_dagrun for my_first_dag to 2025-11-14 00:00:00+00:00, run_after=2025-11-15 00:00:00+00:00
[2025-11-15T12:17:36.427+0000] {processor.py:208} INFO - Processing /opt/airflow/dags/first_dag.py took 0.067 seconds
[2025-11-15T12:18:06.943+0000] {processor.py:186} INFO - Started process (PID=2072) to work on /opt/airflow/dags/first_dag.py
[2025-11-15T12:18:06.945+0000] {processor.py:914} INFO - Processing file /opt/airflow/dags/first_dag.py for tasks to queue
[2025-11-15T12:18:06.946+0000] {logging_mixin.py:190} INFO - [2025-11-15T12:18:06.946+0000] {dagbag.py:588} INFO - Filling up the DagBag from /opt/airflow/dags/first_dag.py
[2025-11-15T12:18:06.968+0000] {processor.py:925} INFO - DAG(s) 'my_first_dag' retrieved from /opt/airflow/dags/first_dag.py
[2025-11-15T12:18:06.992+0000] {logging_mixin.py:190} INFO - [2025-11-15T12:18:06.992+0000] {dag.py:3239} INFO - Sync 1 DAGs
[2025-11-15T12:18:07.019+0000] {logging_mixin.py:190} INFO - [2025-11-15T12:18:07.019+0000] {dag.py:4180} INFO - Setting next_dagrun for my_first_dag to 2025-11-14 00:00:00+00:00, run_after=2025-11-15 00:00:00+00:00
[2025-11-15T12:18:07.040+0000] {processor.py:208} INFO - Processing /opt/airflow/dags/first_dag.py took 0.107 seconds
[2025-11-15T12:18:37.777+0000] {processor.py:186} INFO - Started process (PID=2137) to work on /opt/airflow/dags/first_dag.py
[2025-11-15T12:18:37.778+0000] {processor.py:914} INFO - Processing file /opt/airflow/dags/first_dag.py for tasks to queue
[2025-11-15T12:18:37.780+0000] {logging_mixin.py:190} INFO - [2025-11-15T12:18:37.779+0000] {dagbag.py:588} INFO - Filling up the DagBag from /opt/airflow/dags/first_dag.py
[2025-11-15T12:18:37.805+0000] {processor.py:925} INFO - DAG(s) 'my_first_dag' retrieved from /opt/airflow/dags/first_dag.py
[2025-11-15T12:18:37.822+0000] {logging_mixin.py:190} INFO - [2025-11-15T12:18:37.821+0000] {dag.py:3239} INFO - Sync 1 DAGs
[2025-11-15T12:18:37.839+0000] {logging_mixin.py:190} INFO - [2025-11-15T12:18:37.839+0000] {dag.py:4180} INFO - Setting next_dagrun for my_first_dag to 2025-11-14 00:00:00+00:00, run_after=2025-11-15 00:00:00+00:00
[2025-11-15T12:18:37.858+0000] {processor.py:208} INFO - Processing /opt/airflow/dags/first_dag.py took 0.085 seconds
[2025-11-15T12:19:08.004+0000] {processor.py:186} INFO - Started process (PID=2202) to work on /opt/airflow/dags/first_dag.py
[2025-11-15T12:19:08.006+0000] {processor.py:914} INFO - Processing file /opt/airflow/dags/first_dag.py for tasks to queue
[2025-11-15T12:19:08.007+0000] {logging_mixin.py:190} INFO - [2025-11-15T12:19:08.007+0000] {dagbag.py:588} INFO - Filling up the DagBag from /opt/airflow/dags/first_dag.py
[2025-11-15T12:19:08.034+0000] {processor.py:925} INFO - DAG(s) 'my_first_dag' retrieved from /opt/airflow/dags/first_dag.py
[2025-11-15T12:19:08.051+0000] {logging_mixin.py:190} INFO - [2025-11-15T12:19:08.051+0000] {dag.py:3239} INFO - Sync 1 DAGs
[2025-11-15T12:19:08.070+0000] {logging_mixin.py:190} INFO - [2025-11-15T12:19:08.070+0000] {dag.py:4180} INFO - Setting next_dagrun for my_first_dag to 2025-11-14 00:00:00+00:00, run_after=2025-11-15 00:00:00+00:00
[2025-11-15T12:19:08.087+0000] {processor.py:208} INFO - Processing /opt/airflow/dags/first_dag.py took 0.090 seconds
[2025-11-15T12:19:38.562+0000] {processor.py:186} INFO - Started process (PID=2267) to work on /opt/airflow/dags/first_dag.py
[2025-11-15T12:19:38.563+0000] {processor.py:914} INFO - Processing file /opt/airflow/dags/first_dag.py for tasks to queue
[2025-11-15T12:19:38.564+0000] {logging_mixin.py:190} INFO - [2025-11-15T12:19:38.564+0000] {dagbag.py:588} INFO - Filling up the DagBag from /opt/airflow/dags/first_dag.py
[2025-11-15T12:19:38.581+0000] {processor.py:925} INFO - DAG(s) 'my_first_dag' retrieved from /opt/airflow/dags/first_dag.py
[2025-11-15T12:19:38.597+0000] {logging_mixin.py:190} INFO - [2025-11-15T12:19:38.596+0000] {dag.py:3239} INFO - Sync 1 DAGs
[2025-11-15T12:19:38.614+0000] {logging_mixin.py:190} INFO - [2025-11-15T12:19:38.613+0000] {dag.py:4180} INFO - Setting next_dagrun for my_first_dag to 2025-11-14 00:00:00+00:00, run_after=2025-11-15 00:00:00+00:00
[2025-11-15T12:19:38.634+0000] {processor.py:208} INFO - Processing /opt/airflow/dags/first_dag.py took 0.078 seconds
[2025-11-15T12:20:08.769+0000] {processor.py:186} INFO - Started process (PID=2333) to work on /opt/airflow/dags/first_dag.py
[2025-11-15T12:20:08.770+0000] {processor.py:914} INFO - Processing file /opt/airflow/dags/first_dag.py for tasks to queue
[2025-11-15T12:20:08.771+0000] {logging_mixin.py:190} INFO - [2025-11-15T12:20:08.771+0000] {dagbag.py:588} INFO - Filling up the DagBag from /opt/airflow/dags/first_dag.py
[2025-11-15T12:20:08.789+0000] {processor.py:925} INFO - DAG(s) 'my_first_dag' retrieved from /opt/airflow/dags/first_dag.py
[2025-11-15T12:20:08.806+0000] {logging_mixin.py:190} INFO - [2025-11-15T12:20:08.805+0000] {dag.py:3239} INFO - Sync 1 DAGs
[2025-11-15T12:20:08.822+0000] {logging_mixin.py:190} INFO - [2025-11-15T12:20:08.822+0000] {dag.py:4180} INFO - Setting next_dagrun for my_first_dag to 2025-11-14 00:00:00+00:00, run_after=2025-11-15 00:00:00+00:00
[2025-11-15T12:20:08.835+0000] {processor.py:208} INFO - Processing /opt/airflow/dags/first_dag.py took 0.072 seconds
[2025-11-15T12:20:39.691+0000] {processor.py:186} INFO - Started process (PID=2399) to work on /opt/airflow/dags/first_dag.py
[2025-11-15T12:20:39.692+0000] {processor.py:914} INFO - Processing file /opt/airflow/dags/first_dag.py for tasks to queue
[2025-11-15T12:20:39.694+0000] {logging_mixin.py:190} INFO - [2025-11-15T12:20:39.694+0000] {dagbag.py:588} INFO - Filling up the DagBag from /opt/airflow/dags/first_dag.py
[2025-11-15T12:20:39.714+0000] {processor.py:925} INFO - DAG(s) 'my_first_dag' retrieved from /opt/airflow/dags/first_dag.py
[2025-11-15T12:20:39.729+0000] {logging_mixin.py:190} INFO - [2025-11-15T12:20:39.728+0000] {dag.py:3239} INFO - Sync 1 DAGs
[2025-11-15T12:20:39.745+0000] {logging_mixin.py:190} INFO - [2025-11-15T12:20:39.745+0000] {dag.py:4180} INFO - Setting next_dagrun for my_first_dag to 2025-11-14 00:00:00+00:00, run_after=2025-11-15 00:00:00+00:00
[2025-11-15T12:20:39.762+0000] {processor.py:208} INFO - Processing /opt/airflow/dags/first_dag.py took 0.077 seconds
[2025-11-15T12:21:09.804+0000] {processor.py:186} INFO - Started process (PID=2464) to work on /opt/airflow/dags/first_dag.py
[2025-11-15T12:21:09.805+0000] {processor.py:914} INFO - Processing file /opt/airflow/dags/first_dag.py for tasks to queue
[2025-11-15T12:21:09.806+0000] {logging_mixin.py:190} INFO - [2025-11-15T12:21:09.806+0000] {dagbag.py:588} INFO - Filling up the DagBag from /opt/airflow/dags/first_dag.py
[2025-11-15T12:21:09.822+0000] {processor.py:925} INFO - DAG(s) 'my_first_dag' retrieved from /opt/airflow/dags/first_dag.py
[2025-11-15T12:21:09.839+0000] {logging_mixin.py:190} INFO - [2025-11-15T12:21:09.839+0000] {dag.py:3239} INFO - Sync 1 DAGs
[2025-11-15T12:21:09.857+0000] {logging_mixin.py:190} INFO - [2025-11-15T12:21:09.857+0000] {dag.py:4180} INFO - Setting next_dagrun for my_first_dag to 2025-11-14 00:00:00+00:00, run_after=2025-11-15 00:00:00+00:00
[2025-11-15T12:21:09.874+0000] {processor.py:208} INFO - Processing /opt/airflow/dags/first_dag.py took 0.076 seconds
[2025-11-15T12:24:10.612+0000] {processor.py:186} INFO - Started process (PID=2529) to work on /opt/airflow/dags/first_dag.py
[2025-11-15T12:24:10.614+0000] {processor.py:914} INFO - Processing file /opt/airflow/dags/first_dag.py for tasks to queue
[2025-11-15T12:24:10.615+0000] {logging_mixin.py:190} INFO - [2025-11-15T12:24:10.615+0000] {dagbag.py:588} INFO - Filling up the DagBag from /opt/airflow/dags/first_dag.py
[2025-11-15T12:24:10.637+0000] {processor.py:925} INFO - DAG(s) 'my_first_dag' retrieved from /opt/airflow/dags/first_dag.py
[2025-11-15T12:24:10.656+0000] {logging_mixin.py:190} INFO - [2025-11-15T12:24:10.656+0000] {dag.py:3239} INFO - Sync 1 DAGs
[2025-11-15T12:24:10.676+0000] {logging_mixin.py:190} INFO - [2025-11-15T12:24:10.676+0000] {dag.py:4180} INFO - Setting next_dagrun for my_first_dag to 2025-11-14 00:00:00+00:00, run_after=2025-11-15 00:00:00+00:00
[2025-11-15T12:24:10.692+0000] {processor.py:208} INFO - Processing /opt/airflow/dags/first_dag.py took 0.084 seconds
[2025-11-15T12:24:40.906+0000] {processor.py:186} INFO - Started process (PID=2590) to work on /opt/airflow/dags/first_dag.py
[2025-11-15T12:24:40.907+0000] {processor.py:914} INFO - Processing file /opt/airflow/dags/first_dag.py for tasks to queue
[2025-11-15T12:24:40.909+0000] {logging_mixin.py:190} INFO - [2025-11-15T12:24:40.908+0000] {dagbag.py:588} INFO - Filling up the DagBag from /opt/airflow/dags/first_dag.py
[2025-11-15T12:24:40.926+0000] {processor.py:925} INFO - DAG(s) 'my_first_dag' retrieved from /opt/airflow/dags/first_dag.py
[2025-11-15T12:24:40.942+0000] {logging_mixin.py:190} INFO - [2025-11-15T12:24:40.942+0000] {dag.py:3239} INFO - Sync 1 DAGs
[2025-11-15T12:24:40.959+0000] {logging_mixin.py:190} INFO - [2025-11-15T12:24:40.959+0000] {dag.py:4180} INFO - Setting next_dagrun for my_first_dag to 2025-11-14 00:00:00+00:00, run_after=2025-11-15 00:00:00+00:00
[2025-11-15T12:24:40.975+0000] {processor.py:208} INFO - Processing /opt/airflow/dags/first_dag.py took 0.073 seconds
[2025-11-15T12:25:11.329+0000] {processor.py:186} INFO - Started process (PID=2650) to work on /opt/airflow/dags/first_dag.py
[2025-11-15T12:25:11.330+0000] {processor.py:914} INFO - Processing file /opt/airflow/dags/first_dag.py for tasks to queue
[2025-11-15T12:25:11.331+0000] {logging_mixin.py:190} INFO - [2025-11-15T12:25:11.330+0000] {dagbag.py:588} INFO - Filling up the DagBag from /opt/airflow/dags/first_dag.py
[2025-11-15T12:25:11.346+0000] {processor.py:925} INFO - DAG(s) 'my_first_dag' retrieved from /opt/airflow/dags/first_dag.py
[2025-11-15T12:25:11.360+0000] {logging_mixin.py:190} INFO - [2025-11-15T12:25:11.360+0000] {dag.py:3239} INFO - Sync 1 DAGs
[2025-11-15T12:25:11.378+0000] {logging_mixin.py:190} INFO - [2025-11-15T12:25:11.378+0000] {dag.py:4180} INFO - Setting next_dagrun for my_first_dag to 2025-11-14 00:00:00+00:00, run_after=2025-11-15 00:00:00+00:00
[2025-11-15T12:25:11.393+0000] {processor.py:208} INFO - Processing /opt/airflow/dags/first_dag.py took 0.069 seconds
[2025-11-15T12:25:42.336+0000] {processor.py:186} INFO - Started process (PID=2715) to work on /opt/airflow/dags/first_dag.py
[2025-11-15T12:25:42.337+0000] {processor.py:914} INFO - Processing file /opt/airflow/dags/first_dag.py for tasks to queue
[2025-11-15T12:25:42.338+0000] {logging_mixin.py:190} INFO - [2025-11-15T12:25:42.337+0000] {dagbag.py:588} INFO - Filling up the DagBag from /opt/airflow/dags/first_dag.py
[2025-11-15T12:25:42.358+0000] {processor.py:925} INFO - DAG(s) 'my_first_dag' retrieved from /opt/airflow/dags/first_dag.py
[2025-11-15T12:25:42.374+0000] {logging_mixin.py:190} INFO - [2025-11-15T12:25:42.374+0000] {dag.py:3239} INFO - Sync 1 DAGs
[2025-11-15T12:25:42.391+0000] {logging_mixin.py:190} INFO - [2025-11-15T12:25:42.391+0000] {dag.py:4180} INFO - Setting next_dagrun for my_first_dag to 2025-11-14 00:00:00+00:00, run_after=2025-11-15 00:00:00+00:00
[2025-11-15T12:25:42.408+0000] {processor.py:208} INFO - Processing /opt/airflow/dags/first_dag.py took 0.077 seconds
[2025-11-15T12:26:12.496+0000] {processor.py:186} INFO - Started process (PID=2780) to work on /opt/airflow/dags/first_dag.py
[2025-11-15T12:26:12.497+0000] {processor.py:914} INFO - Processing file /opt/airflow/dags/first_dag.py for tasks to queue
[2025-11-15T12:26:12.498+0000] {logging_mixin.py:190} INFO - [2025-11-15T12:26:12.498+0000] {dagbag.py:588} INFO - Filling up the DagBag from /opt/airflow/dags/first_dag.py
[2025-11-15T12:26:12.512+0000] {processor.py:925} INFO - DAG(s) 'my_first_dag' retrieved from /opt/airflow/dags/first_dag.py
[2025-11-15T12:26:12.528+0000] {logging_mixin.py:190} INFO - [2025-11-15T12:26:12.527+0000] {dag.py:3239} INFO - Sync 1 DAGs
[2025-11-15T12:26:12.546+0000] {logging_mixin.py:190} INFO - [2025-11-15T12:26:12.546+0000] {dag.py:4180} INFO - Setting next_dagrun for my_first_dag to 2025-11-14 00:00:00+00:00, run_after=2025-11-15 00:00:00+00:00
[2025-11-15T12:26:12.564+0000] {processor.py:208} INFO - Processing /opt/airflow/dags/first_dag.py took 0.072 seconds
[2025-11-15T12:26:42.757+0000] {processor.py:186} INFO - Started process (PID=2845) to work on /opt/airflow/dags/first_dag.py
[2025-11-15T12:26:42.759+0000] {processor.py:914} INFO - Processing file /opt/airflow/dags/first_dag.py for tasks to queue
[2025-11-15T12:26:42.760+0000] {logging_mixin.py:190} INFO - [2025-11-15T12:26:42.760+0000] {dagbag.py:588} INFO - Filling up the DagBag from /opt/airflow/dags/first_dag.py
[2025-11-15T12:26:42.781+0000] {processor.py:925} INFO - DAG(s) 'my_first_dag' retrieved from /opt/airflow/dags/first_dag.py
[2025-11-15T12:26:42.798+0000] {logging_mixin.py:190} INFO - [2025-11-15T12:26:42.798+0000] {dag.py:3239} INFO - Sync 1 DAGs
[2025-11-15T12:26:42.815+0000] {logging_mixin.py:190} INFO - [2025-11-15T12:26:42.815+0000] {dag.py:4180} INFO - Setting next_dagrun for my_first_dag to 2025-11-14 00:00:00+00:00, run_after=2025-11-15 00:00:00+00:00
[2025-11-15T12:26:42.831+0000] {processor.py:208} INFO - Processing /opt/airflow/dags/first_dag.py took 0.079 seconds
[2025-11-15T12:27:12.895+0000] {processor.py:186} INFO - Started process (PID=2909) to work on /opt/airflow/dags/first_dag.py
[2025-11-15T12:27:12.897+0000] {processor.py:914} INFO - Processing file /opt/airflow/dags/first_dag.py for tasks to queue
[2025-11-15T12:27:12.898+0000] {logging_mixin.py:190} INFO - [2025-11-15T12:27:12.898+0000] {dagbag.py:588} INFO - Filling up the DagBag from /opt/airflow/dags/first_dag.py
[2025-11-15T12:27:12.913+0000] {processor.py:925} INFO - DAG(s) 'my_first_dag' retrieved from /opt/airflow/dags/first_dag.py
[2025-11-15T12:27:12.928+0000] {logging_mixin.py:190} INFO - [2025-11-15T12:27:12.928+0000] {dag.py:3239} INFO - Sync 1 DAGs
[2025-11-15T12:27:12.945+0000] {logging_mixin.py:190} INFO - [2025-11-15T12:27:12.945+0000] {dag.py:4180} INFO - Setting next_dagrun for my_first_dag to 2025-11-14 00:00:00+00:00, run_after=2025-11-15 00:00:00+00:00
[2025-11-15T12:27:12.964+0000] {processor.py:208} INFO - Processing /opt/airflow/dags/first_dag.py took 0.075 seconds
[2025-11-15T12:27:44.048+0000] {processor.py:186} INFO - Started process (PID=2975) to work on /opt/airflow/dags/first_dag.py
[2025-11-15T12:27:44.049+0000] {processor.py:914} INFO - Processing file /opt/airflow/dags/first_dag.py for tasks to queue
[2025-11-15T12:27:44.051+0000] {logging_mixin.py:190} INFO - [2025-11-15T12:27:44.050+0000] {dagbag.py:588} INFO - Filling up the DagBag from /opt/airflow/dags/first_dag.py
[2025-11-15T12:27:44.087+0000] {processor.py:925} INFO - DAG(s) 'my_first_dag' retrieved from /opt/airflow/dags/first_dag.py
[2025-11-15T12:27:44.107+0000] {logging_mixin.py:190} INFO - [2025-11-15T12:27:44.107+0000] {dag.py:3239} INFO - Sync 1 DAGs
[2025-11-15T12:27:44.126+0000] {logging_mixin.py:190} INFO - [2025-11-15T12:27:44.126+0000] {dag.py:4180} INFO - Setting next_dagrun for my_first_dag to 2025-11-14 00:00:00+00:00, run_after=2025-11-15 00:00:00+00:00
[2025-11-15T12:27:44.143+0000] {processor.py:208} INFO - Processing /opt/airflow/dags/first_dag.py took 0.099 seconds
[2025-11-15T12:28:14.179+0000] {processor.py:186} INFO - Started process (PID=3039) to work on /opt/airflow/dags/first_dag.py
[2025-11-15T12:28:14.181+0000] {processor.py:914} INFO - Processing file /opt/airflow/dags/first_dag.py for tasks to queue
[2025-11-15T12:28:14.182+0000] {logging_mixin.py:190} INFO - [2025-11-15T12:28:14.181+0000] {dagbag.py:588} INFO - Filling up the DagBag from /opt/airflow/dags/first_dag.py
[2025-11-15T12:28:14.199+0000] {processor.py:925} INFO - DAG(s) 'my_first_dag' retrieved from /opt/airflow/dags/first_dag.py
[2025-11-15T12:28:14.214+0000] {logging_mixin.py:190} INFO - [2025-11-15T12:28:14.213+0000] {dag.py:3239} INFO - Sync 1 DAGs
[2025-11-15T12:28:14.230+0000] {logging_mixin.py:190} INFO - [2025-11-15T12:28:14.230+0000] {dag.py:4180} INFO - Setting next_dagrun for my_first_dag to 2025-11-14 00:00:00+00:00, run_after=2025-11-15 00:00:00+00:00
[2025-11-15T12:28:14.246+0000] {processor.py:208} INFO - Processing /opt/airflow/dags/first_dag.py took 0.071 seconds
[2025-11-15T12:28:44.496+0000] {processor.py:186} INFO - Started process (PID=3105) to work on /opt/airflow/dags/first_dag.py
[2025-11-15T12:28:44.497+0000] {processor.py:914} INFO - Processing file /opt/airflow/dags/first_dag.py for tasks to queue
[2025-11-15T12:28:44.498+0000] {logging_mixin.py:190} INFO - [2025-11-15T12:28:44.497+0000] {dagbag.py:588} INFO - Filling up the DagBag from /opt/airflow/dags/first_dag.py
[2025-11-15T12:28:44.518+0000] {processor.py:925} INFO - DAG(s) 'my_first_dag' retrieved from /opt/airflow/dags/first_dag.py
[2025-11-15T12:28:44.536+0000] {logging_mixin.py:190} INFO - [2025-11-15T12:28:44.536+0000] {dag.py:3239} INFO - Sync 1 DAGs
[2025-11-15T12:28:44.554+0000] {logging_mixin.py:190} INFO - [2025-11-15T12:28:44.554+0000] {dag.py:4180} INFO - Setting next_dagrun for my_first_dag to 2025-11-14 00:00:00+00:00, run_after=2025-11-15 00:00:00+00:00
[2025-11-15T12:28:44.573+0000] {processor.py:208} INFO - Processing /opt/airflow/dags/first_dag.py took 0.082 seconds
[2025-11-15T12:29:15.095+0000] {processor.py:186} INFO - Started process (PID=3170) to work on /opt/airflow/dags/first_dag.py
[2025-11-15T12:29:15.096+0000] {processor.py:914} INFO - Processing file /opt/airflow/dags/first_dag.py for tasks to queue
[2025-11-15T12:29:15.097+0000] {logging_mixin.py:190} INFO - [2025-11-15T12:29:15.097+0000] {dagbag.py:588} INFO - Filling up the DagBag from /opt/airflow/dags/first_dag.py
[2025-11-15T12:29:15.110+0000] {processor.py:925} INFO - DAG(s) 'my_first_dag' retrieved from /opt/airflow/dags/first_dag.py
[2025-11-15T12:29:15.126+0000] {logging_mixin.py:190} INFO - [2025-11-15T12:29:15.126+0000] {dag.py:3239} INFO - Sync 1 DAGs
[2025-11-15T12:29:15.143+0000] {logging_mixin.py:190} INFO - [2025-11-15T12:29:15.143+0000] {dag.py:4180} INFO - Setting next_dagrun for my_first_dag to 2025-11-14 00:00:00+00:00, run_after=2025-11-15 00:00:00+00:00
[2025-11-15T12:29:15.160+0000] {processor.py:208} INFO - Processing /opt/airflow/dags/first_dag.py took 0.069 seconds
[2025-11-15T12:29:45.336+0000] {processor.py:186} INFO - Started process (PID=3235) to work on /opt/airflow/dags/first_dag.py
[2025-11-15T12:29:45.337+0000] {processor.py:914} INFO - Processing file /opt/airflow/dags/first_dag.py for tasks to queue
[2025-11-15T12:29:45.339+0000] {logging_mixin.py:190} INFO - [2025-11-15T12:29:45.338+0000] {dagbag.py:588} INFO - Filling up the DagBag from /opt/airflow/dags/first_dag.py
[2025-11-15T12:29:45.360+0000] {processor.py:925} INFO - DAG(s) 'my_first_dag' retrieved from /opt/airflow/dags/first_dag.py
[2025-11-15T12:29:45.382+0000] {logging_mixin.py:190} INFO - [2025-11-15T12:29:45.381+0000] {dag.py:3239} INFO - Sync 1 DAGs
[2025-11-15T12:29:45.401+0000] {logging_mixin.py:190} INFO - [2025-11-15T12:29:45.401+0000] {dag.py:4180} INFO - Setting next_dagrun for my_first_dag to 2025-11-14 00:00:00+00:00, run_after=2025-11-15 00:00:00+00:00
[2025-11-15T12:29:45.419+0000] {processor.py:208} INFO - Processing /opt/airflow/dags/first_dag.py took 0.090 seconds
[2025-11-15T12:30:20.084+0000] {processor.py:186} INFO - Started process (PID=3300) to work on /opt/airflow/dags/first_dag.py
[2025-11-15T12:30:20.085+0000] {processor.py:914} INFO - Processing file /opt/airflow/dags/first_dag.py for tasks to queue
[2025-11-15T12:30:20.087+0000] {logging_mixin.py:190} INFO - [2025-11-15T12:30:20.086+0000] {dagbag.py:588} INFO - Filling up the DagBag from /opt/airflow/dags/first_dag.py
[2025-11-15T12:30:20.105+0000] {processor.py:925} INFO - DAG(s) 'my_first_dag' retrieved from /opt/airflow/dags/first_dag.py
[2025-11-15T12:30:20.125+0000] {logging_mixin.py:190} INFO - [2025-11-15T12:30:20.124+0000] {dag.py:3239} INFO - Sync 1 DAGs
[2025-11-15T12:30:20.145+0000] {logging_mixin.py:190} INFO - [2025-11-15T12:30:20.145+0000] {dag.py:4180} INFO - Setting next_dagrun for my_first_dag to 2025-11-14 00:00:00+00:00, run_after=2025-11-15 00:00:00+00:00
[2025-11-15T12:30:20.163+0000] {processor.py:208} INFO - Processing /opt/airflow/dags/first_dag.py took 0.083 seconds
[2025-11-15T12:31:20.195+0000] {processor.py:186} INFO - Started process (PID=3343) to work on /opt/airflow/dags/first_dag.py
[2025-11-15T12:31:20.196+0000] {processor.py:914} INFO - Processing file /opt/airflow/dags/first_dag.py for tasks to queue
[2025-11-15T12:31:20.197+0000] {logging_mixin.py:190} INFO - [2025-11-15T12:31:20.196+0000] {dagbag.py:588} INFO - Filling up the DagBag from /opt/airflow/dags/first_dag.py
[2025-11-15T12:31:20.218+0000] {processor.py:925} INFO - DAG(s) 'my_first_dag' retrieved from /opt/airflow/dags/first_dag.py
[2025-11-15T12:31:20.237+0000] {logging_mixin.py:190} INFO - [2025-11-15T12:31:20.236+0000] {dag.py:3239} INFO - Sync 1 DAGs
[2025-11-15T12:31:20.253+0000] {logging_mixin.py:190} INFO - [2025-11-15T12:31:20.253+0000] {dag.py:4180} INFO - Setting next_dagrun for my_first_dag to 2025-11-14 00:00:00+00:00, run_after=2025-11-15 00:00:00+00:00
[2025-11-15T12:31:20.268+0000] {processor.py:208} INFO - Processing /opt/airflow/dags/first_dag.py took 0.079 seconds
[2025-11-15T12:31:50.634+0000] {processor.py:186} INFO - Started process (PID=3404) to work on /opt/airflow/dags/first_dag.py
[2025-11-15T12:31:50.635+0000] {processor.py:914} INFO - Processing file /opt/airflow/dags/first_dag.py for tasks to queue
[2025-11-15T12:31:50.637+0000] {logging_mixin.py:190} INFO - [2025-11-15T12:31:50.636+0000] {dagbag.py:588} INFO - Filling up the DagBag from /opt/airflow/dags/first_dag.py
[2025-11-15T12:31:50.652+0000] {processor.py:925} INFO - DAG(s) 'my_first_dag' retrieved from /opt/airflow/dags/first_dag.py
[2025-11-15T12:31:50.667+0000] {logging_mixin.py:190} INFO - [2025-11-15T12:31:50.667+0000] {dag.py:3239} INFO - Sync 1 DAGs
[2025-11-15T12:31:50.683+0000] {logging_mixin.py:190} INFO - [2025-11-15T12:31:50.683+0000] {dag.py:4180} INFO - Setting next_dagrun for my_first_dag to 2025-11-14 00:00:00+00:00, run_after=2025-11-15 00:00:00+00:00
[2025-11-15T12:31:50.696+0000] {processor.py:208} INFO - Processing /opt/airflow/dags/first_dag.py took 0.066 seconds
[2025-11-15T17:00:47.953+0000] {processor.py:186} INFO - Started process (PID=61) to work on /opt/airflow/dags/first_dag.py
[2025-11-15T17:00:47.955+0000] {processor.py:914} INFO - Processing file /opt/airflow/dags/first_dag.py for tasks to queue
[2025-11-15T17:00:47.960+0000] {logging_mixin.py:190} INFO - [2025-11-15T17:00:47.959+0000] {dagbag.py:588} INFO - Filling up the DagBag from /opt/airflow/dags/first_dag.py
[2025-11-15T17:00:47.980+0000] {processor.py:925} INFO - DAG(s) 'my_first_dag' retrieved from /opt/airflow/dags/first_dag.py
[2025-11-15T17:00:48.012+0000] {logging_mixin.py:190} INFO - [2025-11-15T17:00:48.012+0000] {dag.py:3239} INFO - Sync 1 DAGs
[2025-11-15T17:00:48.038+0000] {logging_mixin.py:190} INFO - [2025-11-15T17:00:48.037+0000] {dag.py:4180} INFO - Setting next_dagrun for my_first_dag to 2025-11-14 00:00:00+00:00, run_after=2025-11-15 00:00:00+00:00
[2025-11-15T17:00:48.058+0000] {processor.py:208} INFO - Processing /opt/airflow/dags/first_dag.py took 0.110 seconds
[2025-11-15T17:01:18.236+0000] {processor.py:186} INFO - Started process (PID=144) to work on /opt/airflow/dags/first_dag.py
[2025-11-15T17:01:18.237+0000] {processor.py:914} INFO - Processing file /opt/airflow/dags/first_dag.py for tasks to queue
[2025-11-15T17:01:18.240+0000] {logging_mixin.py:190} INFO - [2025-11-15T17:01:18.239+0000] {dagbag.py:588} INFO - Filling up the DagBag from /opt/airflow/dags/first_dag.py
[2025-11-15T17:01:18.260+0000] {processor.py:925} INFO - DAG(s) 'my_first_dag' retrieved from /opt/airflow/dags/first_dag.py
[2025-11-15T17:01:18.273+0000] {logging_mixin.py:190} INFO - [2025-11-15T17:01:18.273+0000] {dag.py:3239} INFO - Sync 1 DAGs
[2025-11-15T17:01:18.290+0000] {logging_mixin.py:190} INFO - [2025-11-15T17:01:18.289+0000] {dag.py:4180} INFO - Setting next_dagrun for my_first_dag to 2025-11-14 00:00:00+00:00, run_after=2025-11-15 00:00:00+00:00
[2025-11-15T17:01:18.305+0000] {processor.py:208} INFO - Processing /opt/airflow/dags/first_dag.py took 0.074 seconds
[2025-11-15T17:01:48.855+0000] {processor.py:186} INFO - Started process (PID=210) to work on /opt/airflow/dags/first_dag.py
[2025-11-15T17:01:48.856+0000] {processor.py:914} INFO - Processing file /opt/airflow/dags/first_dag.py for tasks to queue
[2025-11-15T17:01:48.858+0000] {logging_mixin.py:190} INFO - [2025-11-15T17:01:48.858+0000] {dagbag.py:588} INFO - Filling up the DagBag from /opt/airflow/dags/first_dag.py
[2025-11-15T17:01:48.873+0000] {processor.py:925} INFO - DAG(s) 'my_first_dag' retrieved from /opt/airflow/dags/first_dag.py
[2025-11-15T17:01:48.886+0000] {logging_mixin.py:190} INFO - [2025-11-15T17:01:48.886+0000] {dag.py:3239} INFO - Sync 1 DAGs
[2025-11-15T17:01:48.902+0000] {logging_mixin.py:190} INFO - [2025-11-15T17:01:48.902+0000] {dag.py:4180} INFO - Setting next_dagrun for my_first_dag to 2025-11-14 00:00:00+00:00, run_after=2025-11-15 00:00:00+00:00
[2025-11-15T17:01:48.916+0000] {processor.py:208} INFO - Processing /opt/airflow/dags/first_dag.py took 0.067 seconds
[2025-11-15T17:02:19.452+0000] {processor.py:186} INFO - Started process (PID=275) to work on /opt/airflow/dags/first_dag.py
[2025-11-15T17:02:19.453+0000] {processor.py:914} INFO - Processing file /opt/airflow/dags/first_dag.py for tasks to queue
[2025-11-15T17:02:19.456+0000] {logging_mixin.py:190} INFO - [2025-11-15T17:02:19.456+0000] {dagbag.py:588} INFO - Filling up the DagBag from /opt/airflow/dags/first_dag.py
[2025-11-15T17:02:19.478+0000] {processor.py:925} INFO - DAG(s) 'my_first_dag' retrieved from /opt/airflow/dags/first_dag.py
[2025-11-15T17:02:19.496+0000] {logging_mixin.py:190} INFO - [2025-11-15T17:02:19.496+0000] {dag.py:3239} INFO - Sync 1 DAGs
[2025-11-15T17:02:19.517+0000] {logging_mixin.py:190} INFO - [2025-11-15T17:02:19.517+0000] {dag.py:4180} INFO - Setting next_dagrun for my_first_dag to 2025-11-14 00:00:00+00:00, run_after=2025-11-15 00:00:00+00:00
[2025-11-15T17:02:19.533+0000] {processor.py:208} INFO - Processing /opt/airflow/dags/first_dag.py took 0.089 seconds
[2025-11-15T17:02:50.075+0000] {processor.py:186} INFO - Started process (PID=340) to work on /opt/airflow/dags/first_dag.py
[2025-11-15T17:02:50.076+0000] {processor.py:914} INFO - Processing file /opt/airflow/dags/first_dag.py for tasks to queue
[2025-11-15T17:02:50.078+0000] {logging_mixin.py:190} INFO - [2025-11-15T17:02:50.078+0000] {dagbag.py:588} INFO - Filling up the DagBag from /opt/airflow/dags/first_dag.py
[2025-11-15T17:02:50.099+0000] {processor.py:925} INFO - DAG(s) 'my_first_dag' retrieved from /opt/airflow/dags/first_dag.py
[2025-11-15T17:02:50.119+0000] {logging_mixin.py:190} INFO - [2025-11-15T17:02:50.119+0000] {dag.py:3239} INFO - Sync 1 DAGs
[2025-11-15T17:02:50.140+0000] {logging_mixin.py:190} INFO - [2025-11-15T17:02:50.140+0000] {dag.py:4180} INFO - Setting next_dagrun for my_first_dag to 2025-11-14 00:00:00+00:00, run_after=2025-11-15 00:00:00+00:00
[2025-11-15T17:02:50.155+0000] {processor.py:208} INFO - Processing /opt/airflow/dags/first_dag.py took 0.088 seconds
[2025-11-15T17:03:20.470+0000] {processor.py:186} INFO - Started process (PID=405) to work on /opt/airflow/dags/first_dag.py
[2025-11-15T17:03:20.472+0000] {processor.py:914} INFO - Processing file /opt/airflow/dags/first_dag.py for tasks to queue
[2025-11-15T17:03:20.475+0000] {logging_mixin.py:190} INFO - [2025-11-15T17:03:20.475+0000] {dagbag.py:588} INFO - Filling up the DagBag from /opt/airflow/dags/first_dag.py
[2025-11-15T17:03:20.490+0000] {processor.py:925} INFO - DAG(s) 'my_first_dag' retrieved from /opt/airflow/dags/first_dag.py
[2025-11-15T17:03:20.507+0000] {logging_mixin.py:190} INFO - [2025-11-15T17:03:20.507+0000] {dag.py:3239} INFO - Sync 1 DAGs
[2025-11-15T17:03:20.547+0000] {logging_mixin.py:190} INFO - [2025-11-15T17:03:20.547+0000] {dag.py:4180} INFO - Setting next_dagrun for my_first_dag to 2025-11-14 00:00:00+00:00, run_after=2025-11-15 00:00:00+00:00
[2025-11-15T17:03:20.567+0000] {processor.py:208} INFO - Processing /opt/airflow/dags/first_dag.py took 0.101 seconds
[2025-11-15T17:03:51.151+0000] {processor.py:186} INFO - Started process (PID=470) to work on /opt/airflow/dags/first_dag.py
[2025-11-15T17:03:51.152+0000] {processor.py:914} INFO - Processing file /opt/airflow/dags/first_dag.py for tasks to queue
[2025-11-15T17:03:51.158+0000] {logging_mixin.py:190} INFO - [2025-11-15T17:03:51.158+0000] {dagbag.py:588} INFO - Filling up the DagBag from /opt/airflow/dags/first_dag.py
[2025-11-15T17:03:51.182+0000] {processor.py:925} INFO - DAG(s) 'my_first_dag' retrieved from /opt/airflow/dags/first_dag.py
[2025-11-15T17:03:51.208+0000] {logging_mixin.py:190} INFO - [2025-11-15T17:03:51.208+0000] {dag.py:3239} INFO - Sync 1 DAGs
[2025-11-15T17:03:51.235+0000] {logging_mixin.py:190} INFO - [2025-11-15T17:03:51.235+0000] {dag.py:4180} INFO - Setting next_dagrun for my_first_dag to 2025-11-14 00:00:00+00:00, run_after=2025-11-15 00:00:00+00:00
[2025-11-15T17:03:51.250+0000] {processor.py:208} INFO - Processing /opt/airflow/dags/first_dag.py took 0.104 seconds
[2025-11-15T17:04:21.350+0000] {processor.py:186} INFO - Started process (PID=535) to work on /opt/airflow/dags/first_dag.py
[2025-11-15T17:04:21.352+0000] {processor.py:914} INFO - Processing file /opt/airflow/dags/first_dag.py for tasks to queue
[2025-11-15T17:04:21.354+0000] {logging_mixin.py:190} INFO - [2025-11-15T17:04:21.354+0000] {dagbag.py:588} INFO - Filling up the DagBag from /opt/airflow/dags/first_dag.py
[2025-11-15T17:04:21.377+0000] {processor.py:925} INFO - DAG(s) 'my_first_dag' retrieved from /opt/airflow/dags/first_dag.py
[2025-11-15T17:04:21.392+0000] {logging_mixin.py:190} INFO - [2025-11-15T17:04:21.392+0000] {dag.py:3239} INFO - Sync 1 DAGs
[2025-11-15T17:04:21.410+0000] {logging_mixin.py:190} INFO - [2025-11-15T17:04:21.410+0000] {dag.py:4180} INFO - Setting next_dagrun for my_first_dag to 2025-11-14 00:00:00+00:00, run_after=2025-11-15 00:00:00+00:00
[2025-11-15T17:04:21.423+0000] {processor.py:208} INFO - Processing /opt/airflow/dags/first_dag.py took 0.078 seconds
[2025-11-15T17:04:52.017+0000] {processor.py:186} INFO - Started process (PID=600) to work on /opt/airflow/dags/first_dag.py
[2025-11-15T17:04:52.018+0000] {processor.py:914} INFO - Processing file /opt/airflow/dags/first_dag.py for tasks to queue
[2025-11-15T17:04:52.020+0000] {logging_mixin.py:190} INFO - [2025-11-15T17:04:52.020+0000] {dagbag.py:588} INFO - Filling up the DagBag from /opt/airflow/dags/first_dag.py
[2025-11-15T17:04:52.036+0000] {processor.py:925} INFO - DAG(s) 'my_first_dag' retrieved from /opt/airflow/dags/first_dag.py
[2025-11-15T17:04:52.047+0000] {logging_mixin.py:190} INFO - [2025-11-15T17:04:52.047+0000] {dag.py:3239} INFO - Sync 1 DAGs
[2025-11-15T17:04:52.062+0000] {logging_mixin.py:190} INFO - [2025-11-15T17:04:52.062+0000] {dag.py:4180} INFO - Setting next_dagrun for my_first_dag to 2025-11-14 00:00:00+00:00, run_after=2025-11-15 00:00:00+00:00
[2025-11-15T17:04:52.079+0000] {processor.py:208} INFO - Processing /opt/airflow/dags/first_dag.py took 0.067 seconds
[2025-11-15T17:05:22.245+0000] {processor.py:186} INFO - Started process (PID=665) to work on /opt/airflow/dags/first_dag.py
[2025-11-15T17:05:22.246+0000] {processor.py:914} INFO - Processing file /opt/airflow/dags/first_dag.py for tasks to queue
[2025-11-15T17:05:22.248+0000] {logging_mixin.py:190} INFO - [2025-11-15T17:05:22.248+0000] {dagbag.py:588} INFO - Filling up the DagBag from /opt/airflow/dags/first_dag.py
[2025-11-15T17:05:22.266+0000] {processor.py:925} INFO - DAG(s) 'my_first_dag' retrieved from /opt/airflow/dags/first_dag.py
[2025-11-15T17:05:22.280+0000] {logging_mixin.py:190} INFO - [2025-11-15T17:05:22.279+0000] {dag.py:3239} INFO - Sync 1 DAGs
[2025-11-15T17:05:22.296+0000] {logging_mixin.py:190} INFO - [2025-11-15T17:05:22.296+0000] {dag.py:4180} INFO - Setting next_dagrun for my_first_dag to 2025-11-14 00:00:00+00:00, run_after=2025-11-15 00:00:00+00:00
[2025-11-15T17:05:22.312+0000] {processor.py:208} INFO - Processing /opt/airflow/dags/first_dag.py took 0.072 seconds
[2025-11-15T17:05:53.329+0000] {processor.py:186} INFO - Started process (PID=730) to work on /opt/airflow/dags/first_dag.py
[2025-11-15T17:05:53.330+0000] {processor.py:914} INFO - Processing file /opt/airflow/dags/first_dag.py for tasks to queue
[2025-11-15T17:05:53.332+0000] {logging_mixin.py:190} INFO - [2025-11-15T17:05:53.332+0000] {dagbag.py:588} INFO - Filling up the DagBag from /opt/airflow/dags/first_dag.py
[2025-11-15T17:05:53.347+0000] {processor.py:925} INFO - DAG(s) 'my_first_dag' retrieved from /opt/airflow/dags/first_dag.py
[2025-11-15T17:05:53.362+0000] {logging_mixin.py:190} INFO - [2025-11-15T17:05:53.361+0000] {dag.py:3239} INFO - Sync 1 DAGs
[2025-11-15T17:05:53.378+0000] {logging_mixin.py:190} INFO - [2025-11-15T17:05:53.378+0000] {dag.py:4180} INFO - Setting next_dagrun for my_first_dag to 2025-11-14 00:00:00+00:00, run_after=2025-11-15 00:00:00+00:00
[2025-11-15T17:05:53.390+0000] {processor.py:208} INFO - Processing /opt/airflow/dags/first_dag.py took 0.066 seconds
[2025-11-15T17:06:23.878+0000] {processor.py:186} INFO - Started process (PID=795) to work on /opt/airflow/dags/first_dag.py
[2025-11-15T17:06:23.879+0000] {processor.py:914} INFO - Processing file /opt/airflow/dags/first_dag.py for tasks to queue
[2025-11-15T17:06:23.882+0000] {logging_mixin.py:190} INFO - [2025-11-15T17:06:23.882+0000] {dagbag.py:588} INFO - Filling up the DagBag from /opt/airflow/dags/first_dag.py
[2025-11-15T17:06:23.899+0000] {processor.py:925} INFO - DAG(s) 'my_first_dag' retrieved from /opt/airflow/dags/first_dag.py
[2025-11-15T17:06:23.912+0000] {logging_mixin.py:190} INFO - [2025-11-15T17:06:23.912+0000] {dag.py:3239} INFO - Sync 1 DAGs
[2025-11-15T17:06:23.928+0000] {logging_mixin.py:190} INFO - [2025-11-15T17:06:23.927+0000] {dag.py:4180} INFO - Setting next_dagrun for my_first_dag to 2025-11-14 00:00:00+00:00, run_after=2025-11-15 00:00:00+00:00
[2025-11-15T17:06:23.941+0000] {processor.py:208} INFO - Processing /opt/airflow/dags/first_dag.py took 0.069 seconds
[2025-11-15T17:06:54.247+0000] {processor.py:186} INFO - Started process (PID=860) to work on /opt/airflow/dags/first_dag.py
[2025-11-15T17:06:54.248+0000] {processor.py:914} INFO - Processing file /opt/airflow/dags/first_dag.py for tasks to queue
[2025-11-15T17:06:54.252+0000] {logging_mixin.py:190} INFO - [2025-11-15T17:06:54.252+0000] {dagbag.py:588} INFO - Filling up the DagBag from /opt/airflow/dags/first_dag.py
[2025-11-15T17:06:54.273+0000] {processor.py:925} INFO - DAG(s) 'my_first_dag' retrieved from /opt/airflow/dags/first_dag.py
[2025-11-15T17:06:54.290+0000] {logging_mixin.py:190} INFO - [2025-11-15T17:06:54.290+0000] {dag.py:3239} INFO - Sync 1 DAGs
[2025-11-15T17:06:54.308+0000] {logging_mixin.py:190} INFO - [2025-11-15T17:06:54.308+0000] {dag.py:4180} INFO - Setting next_dagrun for my_first_dag to 2025-11-14 00:00:00+00:00, run_after=2025-11-15 00:00:00+00:00
[2025-11-15T17:06:54.324+0000] {processor.py:208} INFO - Processing /opt/airflow/dags/first_dag.py took 0.087 seconds
[2025-11-15T17:07:24.661+0000] {processor.py:186} INFO - Started process (PID=925) to work on /opt/airflow/dags/first_dag.py
[2025-11-15T17:07:24.662+0000] {processor.py:914} INFO - Processing file /opt/airflow/dags/first_dag.py for tasks to queue
[2025-11-15T17:07:24.665+0000] {logging_mixin.py:190} INFO - [2025-11-15T17:07:24.664+0000] {dagbag.py:588} INFO - Filling up the DagBag from /opt/airflow/dags/first_dag.py
[2025-11-15T17:07:24.683+0000] {processor.py:925} INFO - DAG(s) 'my_first_dag' retrieved from /opt/airflow/dags/first_dag.py
[2025-11-15T17:07:24.706+0000] {logging_mixin.py:190} INFO - [2025-11-15T17:07:24.705+0000] {dag.py:3239} INFO - Sync 1 DAGs
[2025-11-15T17:07:24.723+0000] {logging_mixin.py:190} INFO - [2025-11-15T17:07:24.723+0000] {dag.py:4180} INFO - Setting next_dagrun for my_first_dag to 2025-11-14 00:00:00+00:00, run_after=2025-11-15 00:00:00+00:00
[2025-11-15T17:07:24.738+0000] {processor.py:208} INFO - Processing /opt/airflow/dags/first_dag.py took 0.090 seconds
[2025-11-15T17:07:55.175+0000] {processor.py:186} INFO - Started process (PID=990) to work on /opt/airflow/dags/first_dag.py
[2025-11-15T17:07:55.176+0000] {processor.py:914} INFO - Processing file /opt/airflow/dags/first_dag.py for tasks to queue
[2025-11-15T17:07:55.180+0000] {logging_mixin.py:190} INFO - [2025-11-15T17:07:55.179+0000] {dagbag.py:588} INFO - Filling up the DagBag from /opt/airflow/dags/first_dag.py
[2025-11-15T17:07:55.194+0000] {processor.py:925} INFO - DAG(s) 'my_first_dag' retrieved from /opt/airflow/dags/first_dag.py
[2025-11-15T17:07:55.216+0000] {logging_mixin.py:190} INFO - [2025-11-15T17:07:55.216+0000] {dag.py:3239} INFO - Sync 1 DAGs
[2025-11-15T17:07:55.240+0000] {logging_mixin.py:190} INFO - [2025-11-15T17:07:55.240+0000] {dag.py:4180} INFO - Setting next_dagrun for my_first_dag to 2025-11-14 00:00:00+00:00, run_after=2025-11-15 00:00:00+00:00
[2025-11-15T17:07:55.255+0000] {processor.py:208} INFO - Processing /opt/airflow/dags/first_dag.py took 0.084 seconds
[2025-11-15T17:08:26.206+0000] {processor.py:186} INFO - Started process (PID=1059) to work on /opt/airflow/dags/first_dag.py
[2025-11-15T17:08:26.207+0000] {processor.py:914} INFO - Processing file /opt/airflow/dags/first_dag.py for tasks to queue
[2025-11-15T17:08:26.210+0000] {logging_mixin.py:190} INFO - [2025-11-15T17:08:26.209+0000] {dagbag.py:588} INFO - Filling up the DagBag from /opt/airflow/dags/first_dag.py
[2025-11-15T17:08:26.224+0000] {processor.py:925} INFO - DAG(s) 'my_first_dag' retrieved from /opt/airflow/dags/first_dag.py
[2025-11-15T17:08:26.239+0000] {logging_mixin.py:190} INFO - [2025-11-15T17:08:26.239+0000] {dag.py:3239} INFO - Sync 1 DAGs
[2025-11-15T17:08:26.256+0000] {logging_mixin.py:190} INFO - [2025-11-15T17:08:26.255+0000] {dag.py:4180} INFO - Setting next_dagrun for my_first_dag to 2025-11-14 00:00:00+00:00, run_after=2025-11-15 00:00:00+00:00
[2025-11-15T17:08:26.273+0000] {processor.py:208} INFO - Processing /opt/airflow/dags/first_dag.py took 0.071 seconds
[2025-11-15T17:08:56.691+0000] {processor.py:186} INFO - Started process (PID=1124) to work on /opt/airflow/dags/first_dag.py
[2025-11-15T17:08:56.692+0000] {processor.py:914} INFO - Processing file /opt/airflow/dags/first_dag.py for tasks to queue
[2025-11-15T17:08:56.695+0000] {logging_mixin.py:190} INFO - [2025-11-15T17:08:56.695+0000] {dagbag.py:588} INFO - Filling up the DagBag from /opt/airflow/dags/first_dag.py
[2025-11-15T17:08:56.713+0000] {processor.py:925} INFO - DAG(s) 'my_first_dag' retrieved from /opt/airflow/dags/first_dag.py
[2025-11-15T17:08:56.728+0000] {logging_mixin.py:190} INFO - [2025-11-15T17:08:56.728+0000] {dag.py:3239} INFO - Sync 1 DAGs
[2025-11-15T17:08:56.745+0000] {logging_mixin.py:190} INFO - [2025-11-15T17:08:56.744+0000] {dag.py:4180} INFO - Setting next_dagrun for my_first_dag to 2025-11-14 00:00:00+00:00, run_after=2025-11-15 00:00:00+00:00
[2025-11-15T17:08:56.760+0000] {processor.py:208} INFO - Processing /opt/airflow/dags/first_dag.py took 0.074 seconds
[2025-11-15T17:09:26.874+0000] {processor.py:186} INFO - Started process (PID=1189) to work on /opt/airflow/dags/first_dag.py
[2025-11-15T17:09:26.876+0000] {processor.py:914} INFO - Processing file /opt/airflow/dags/first_dag.py for tasks to queue
[2025-11-15T17:09:26.878+0000] {logging_mixin.py:190} INFO - [2025-11-15T17:09:26.877+0000] {dagbag.py:588} INFO - Filling up the DagBag from /opt/airflow/dags/first_dag.py
[2025-11-15T17:09:26.895+0000] {processor.py:925} INFO - DAG(s) 'my_first_dag' retrieved from /opt/airflow/dags/first_dag.py
[2025-11-15T17:09:26.909+0000] {logging_mixin.py:190} INFO - [2025-11-15T17:09:26.909+0000] {dag.py:3239} INFO - Sync 1 DAGs
[2025-11-15T17:09:26.926+0000] {logging_mixin.py:190} INFO - [2025-11-15T17:09:26.925+0000] {dag.py:4180} INFO - Setting next_dagrun for my_first_dag to 2025-11-14 00:00:00+00:00, run_after=2025-11-15 00:00:00+00:00
[2025-11-15T17:09:26.942+0000] {processor.py:208} INFO - Processing /opt/airflow/dags/first_dag.py took 0.072 seconds
[2025-11-15T17:10:04.529+0000] {processor.py:186} INFO - Started process (PID=1255) to work on /opt/airflow/dags/first_dag.py
[2025-11-15T17:10:04.530+0000] {processor.py:914} INFO - Processing file /opt/airflow/dags/first_dag.py for tasks to queue
[2025-11-15T17:10:04.532+0000] {logging_mixin.py:190} INFO - [2025-11-15T17:10:04.532+0000] {dagbag.py:588} INFO - Filling up the DagBag from /opt/airflow/dags/first_dag.py
[2025-11-15T17:10:04.559+0000] {processor.py:925} INFO - DAG(s) 'my_first_dag' retrieved from /opt/airflow/dags/first_dag.py
[2025-11-15T17:10:04.668+0000] {logging_mixin.py:190} INFO - [2025-11-15T17:10:04.668+0000] {dag.py:3239} INFO - Sync 1 DAGs
[2025-11-15T17:10:04.693+0000] {logging_mixin.py:190} INFO - [2025-11-15T17:10:04.693+0000] {dag.py:4180} INFO - Setting next_dagrun for my_first_dag to 2025-11-14 00:00:00+00:00, run_after=2025-11-15 00:00:00+00:00
[2025-11-15T17:10:04.709+0000] {processor.py:208} INFO - Processing /opt/airflow/dags/first_dag.py took 0.184 seconds
[2025-11-15T17:12:30.551+0000] {processor.py:186} INFO - Started process (PID=1318) to work on /opt/airflow/dags/first_dag.py
[2025-11-15T17:12:30.553+0000] {processor.py:914} INFO - Processing file /opt/airflow/dags/first_dag.py for tasks to queue
[2025-11-15T17:12:30.554+0000] {logging_mixin.py:190} INFO - [2025-11-15T17:12:30.554+0000] {dagbag.py:588} INFO - Filling up the DagBag from /opt/airflow/dags/first_dag.py
[2025-11-15T17:12:30.573+0000] {processor.py:925} INFO - DAG(s) 'my_first_dag' retrieved from /opt/airflow/dags/first_dag.py
[2025-11-15T17:12:30.593+0000] {logging_mixin.py:190} INFO - [2025-11-15T17:12:30.593+0000] {dag.py:3239} INFO - Sync 1 DAGs
[2025-11-15T17:12:30.614+0000] {logging_mixin.py:190} INFO - [2025-11-15T17:12:30.613+0000] {dag.py:4180} INFO - Setting next_dagrun for my_first_dag to 2025-11-14 00:00:00+00:00, run_after=2025-11-15 00:00:00+00:00
[2025-11-15T17:12:30.633+0000] {processor.py:208} INFO - Processing /opt/airflow/dags/first_dag.py took 0.089 seconds
[2025-11-15T17:13:00.719+0000] {processor.py:186} INFO - Started process (PID=1372) to work on /opt/airflow/dags/first_dag.py
[2025-11-15T17:13:00.720+0000] {processor.py:914} INFO - Processing file /opt/airflow/dags/first_dag.py for tasks to queue
[2025-11-15T17:13:00.721+0000] {logging_mixin.py:190} INFO - [2025-11-15T17:13:00.721+0000] {dagbag.py:588} INFO - Filling up the DagBag from /opt/airflow/dags/first_dag.py
[2025-11-15T17:13:00.736+0000] {processor.py:925} INFO - DAG(s) 'my_first_dag' retrieved from /opt/airflow/dags/first_dag.py
[2025-11-15T17:13:00.750+0000] {logging_mixin.py:190} INFO - [2025-11-15T17:13:00.750+0000] {dag.py:3239} INFO - Sync 1 DAGs
[2025-11-15T17:13:00.766+0000] {logging_mixin.py:190} INFO - [2025-11-15T17:13:00.766+0000] {dag.py:4180} INFO - Setting next_dagrun for my_first_dag to 2025-11-14 00:00:00+00:00, run_after=2025-11-15 00:00:00+00:00
[2025-11-15T17:13:00.779+0000] {processor.py:208} INFO - Processing /opt/airflow/dags/first_dag.py took 0.064 seconds
[2025-11-15T17:13:31.566+0000] {processor.py:186} INFO - Started process (PID=1432) to work on /opt/airflow/dags/first_dag.py
[2025-11-15T17:13:31.567+0000] {processor.py:914} INFO - Processing file /opt/airflow/dags/first_dag.py for tasks to queue
[2025-11-15T17:13:31.568+0000] {logging_mixin.py:190} INFO - [2025-11-15T17:13:31.568+0000] {dagbag.py:588} INFO - Filling up the DagBag from /opt/airflow/dags/first_dag.py
[2025-11-15T17:13:31.585+0000] {processor.py:925} INFO - DAG(s) 'my_first_dag' retrieved from /opt/airflow/dags/first_dag.py
[2025-11-15T17:13:31.600+0000] {logging_mixin.py:190} INFO - [2025-11-15T17:13:31.600+0000] {dag.py:3239} INFO - Sync 1 DAGs
[2025-11-15T17:13:31.617+0000] {logging_mixin.py:190} INFO - [2025-11-15T17:13:31.617+0000] {dag.py:4180} INFO - Setting next_dagrun for my_first_dag to 2025-11-14 00:00:00+00:00, run_after=2025-11-15 00:00:00+00:00
[2025-11-15T17:13:31.633+0000] {processor.py:208} INFO - Processing /opt/airflow/dags/first_dag.py took 0.072 seconds
[2025-11-15T17:14:02.957+0000] {processor.py:186} INFO - Started process (PID=1497) to work on /opt/airflow/dags/first_dag.py
[2025-11-15T17:14:02.958+0000] {processor.py:914} INFO - Processing file /opt/airflow/dags/first_dag.py for tasks to queue
[2025-11-15T17:14:02.959+0000] {logging_mixin.py:190} INFO - [2025-11-15T17:14:02.958+0000] {dagbag.py:588} INFO - Filling up the DagBag from /opt/airflow/dags/first_dag.py
[2025-11-15T17:14:02.973+0000] {processor.py:925} INFO - DAG(s) 'my_first_dag' retrieved from /opt/airflow/dags/first_dag.py
[2025-11-15T17:14:02.986+0000] {logging_mixin.py:190} INFO - [2025-11-15T17:14:02.986+0000] {dag.py:3239} INFO - Sync 1 DAGs
[2025-11-15T17:14:03.001+0000] {logging_mixin.py:190} INFO - [2025-11-15T17:14:03.001+0000] {dag.py:4180} INFO - Setting next_dagrun for my_first_dag to 2025-11-14 00:00:00+00:00, run_after=2025-11-15 00:00:00+00:00
[2025-11-15T17:14:03.013+0000] {processor.py:208} INFO - Processing /opt/airflow/dags/first_dag.py took 0.061 seconds
[2025-11-15T17:14:33.644+0000] {processor.py:186} INFO - Started process (PID=1548) to work on /opt/airflow/dags/first_dag.py
[2025-11-15T17:14:33.645+0000] {processor.py:914} INFO - Processing file /opt/airflow/dags/first_dag.py for tasks to queue
[2025-11-15T17:14:33.647+0000] {logging_mixin.py:190} INFO - [2025-11-15T17:14:33.646+0000] {dagbag.py:588} INFO - Filling up the DagBag from /opt/airflow/dags/first_dag.py
[2025-11-15T17:14:33.662+0000] {processor.py:925} INFO - DAG(s) 'my_first_dag' retrieved from /opt/airflow/dags/first_dag.py
[2025-11-15T17:14:33.676+0000] {logging_mixin.py:190} INFO - [2025-11-15T17:14:33.675+0000] {dag.py:3239} INFO - Sync 1 DAGs
[2025-11-15T17:14:33.691+0000] {logging_mixin.py:190} INFO - [2025-11-15T17:14:33.691+0000] {dag.py:4180} INFO - Setting next_dagrun for my_first_dag to 2025-11-14 00:00:00+00:00, run_after=2025-11-15 00:00:00+00:00
[2025-11-15T17:14:33.707+0000] {processor.py:208} INFO - Processing /opt/airflow/dags/first_dag.py took 0.067 seconds
[2025-11-15T17:15:04.501+0000] {processor.py:186} INFO - Started process (PID=1612) to work on /opt/airflow/dags/first_dag.py
[2025-11-15T17:15:04.502+0000] {processor.py:914} INFO - Processing file /opt/airflow/dags/first_dag.py for tasks to queue
[2025-11-15T17:15:04.503+0000] {logging_mixin.py:190} INFO - [2025-11-15T17:15:04.503+0000] {dagbag.py:588} INFO - Filling up the DagBag from /opt/airflow/dags/first_dag.py
[2025-11-15T17:15:04.533+0000] {processor.py:925} INFO - DAG(s) 'my_first_dag' retrieved from /opt/airflow/dags/first_dag.py
[2025-11-15T17:15:04.548+0000] {logging_mixin.py:190} INFO - [2025-11-15T17:15:04.548+0000] {dag.py:3239} INFO - Sync 1 DAGs
[2025-11-15T17:15:04.566+0000] {logging_mixin.py:190} INFO - [2025-11-15T17:15:04.566+0000] {dag.py:4180} INFO - Setting next_dagrun for my_first_dag to 2025-11-14 00:00:00+00:00, run_after=2025-11-15 00:00:00+00:00
[2025-11-15T17:15:04.583+0000] {processor.py:208} INFO - Processing /opt/airflow/dags/first_dag.py took 0.087 seconds
[2025-11-15T17:15:35.144+0000] {processor.py:186} INFO - Started process (PID=1669) to work on /opt/airflow/dags/first_dag.py
[2025-11-15T17:15:35.145+0000] {processor.py:914} INFO - Processing file /opt/airflow/dags/first_dag.py for tasks to queue
[2025-11-15T17:15:35.146+0000] {logging_mixin.py:190} INFO - [2025-11-15T17:15:35.146+0000] {dagbag.py:588} INFO - Filling up the DagBag from /opt/airflow/dags/first_dag.py
[2025-11-15T17:15:35.170+0000] {processor.py:925} INFO - DAG(s) 'my_first_dag' retrieved from /opt/airflow/dags/first_dag.py
[2025-11-15T17:15:35.184+0000] {logging_mixin.py:190} INFO - [2025-11-15T17:15:35.184+0000] {dag.py:3239} INFO - Sync 1 DAGs
[2025-11-15T17:15:35.200+0000] {logging_mixin.py:190} INFO - [2025-11-15T17:15:35.200+0000] {dag.py:4180} INFO - Setting next_dagrun for my_first_dag to 2025-11-14 00:00:00+00:00, run_after=2025-11-15 00:00:00+00:00
[2025-11-15T17:15:35.215+0000] {processor.py:208} INFO - Processing /opt/airflow/dags/first_dag.py took 0.075 seconds
[2025-11-15T17:16:06.339+0000] {processor.py:186} INFO - Started process (PID=1727) to work on /opt/airflow/dags/first_dag.py
[2025-11-15T17:16:06.341+0000] {processor.py:914} INFO - Processing file /opt/airflow/dags/first_dag.py for tasks to queue
[2025-11-15T17:16:06.343+0000] {logging_mixin.py:190} INFO - [2025-11-15T17:16:06.342+0000] {dagbag.py:588} INFO - Filling up the DagBag from /opt/airflow/dags/first_dag.py
[2025-11-15T17:16:06.381+0000] {processor.py:925} INFO - DAG(s) 'my_first_dag' retrieved from /opt/airflow/dags/first_dag.py
[2025-11-15T17:16:06.396+0000] {logging_mixin.py:190} INFO - [2025-11-15T17:16:06.396+0000] {dag.py:3239} INFO - Sync 1 DAGs
[2025-11-15T17:16:06.413+0000] {logging_mixin.py:190} INFO - [2025-11-15T17:16:06.412+0000] {dag.py:4180} INFO - Setting next_dagrun for my_first_dag to 2025-11-14 00:00:00+00:00, run_after=2025-11-15 00:00:00+00:00
[2025-11-15T17:16:06.436+0000] {processor.py:208} INFO - Processing /opt/airflow/dags/first_dag.py took 0.101 seconds
[2025-11-15T17:16:37.788+0000] {processor.py:186} INFO - Started process (PID=1792) to work on /opt/airflow/dags/first_dag.py
[2025-11-15T17:16:37.789+0000] {processor.py:914} INFO - Processing file /opt/airflow/dags/first_dag.py for tasks to queue
[2025-11-15T17:16:37.790+0000] {logging_mixin.py:190} INFO - [2025-11-15T17:16:37.790+0000] {dagbag.py:588} INFO - Filling up the DagBag from /opt/airflow/dags/first_dag.py
[2025-11-15T17:16:37.804+0000] {processor.py:925} INFO - DAG(s) 'my_first_dag' retrieved from /opt/airflow/dags/first_dag.py
[2025-11-15T17:16:37.820+0000] {logging_mixin.py:190} INFO - [2025-11-15T17:16:37.819+0000] {dag.py:3239} INFO - Sync 1 DAGs
[2025-11-15T17:16:37.838+0000] {logging_mixin.py:190} INFO - [2025-11-15T17:16:37.838+0000] {dag.py:4180} INFO - Setting next_dagrun for my_first_dag to 2025-11-14 00:00:00+00:00, run_after=2025-11-15 00:00:00+00:00
[2025-11-15T17:16:37.853+0000] {processor.py:208} INFO - Processing /opt/airflow/dags/first_dag.py took 0.068 seconds
[2025-11-15T17:17:09.118+0000] {processor.py:186} INFO - Started process (PID=1858) to work on /opt/airflow/dags/first_dag.py
[2025-11-15T17:17:09.119+0000] {processor.py:914} INFO - Processing file /opt/airflow/dags/first_dag.py for tasks to queue
[2025-11-15T17:17:09.120+0000] {logging_mixin.py:190} INFO - [2025-11-15T17:17:09.120+0000] {dagbag.py:588} INFO - Filling up the DagBag from /opt/airflow/dags/first_dag.py
[2025-11-15T17:17:09.141+0000] {processor.py:925} INFO - DAG(s) 'my_first_dag' retrieved from /opt/airflow/dags/first_dag.py
[2025-11-15T17:17:09.164+0000] {logging_mixin.py:190} INFO - [2025-11-15T17:17:09.164+0000] {dag.py:3239} INFO - Sync 1 DAGs
[2025-11-15T17:17:09.186+0000] {logging_mixin.py:190} INFO - [2025-11-15T17:17:09.186+0000] {dag.py:4180} INFO - Setting next_dagrun for my_first_dag to 2025-11-14 00:00:00+00:00, run_after=2025-11-15 00:00:00+00:00
[2025-11-15T17:17:09.201+0000] {processor.py:208} INFO - Processing /opt/airflow/dags/first_dag.py took 0.088 seconds
[2025-11-15T17:17:40.261+0000] {processor.py:186} INFO - Started process (PID=1923) to work on /opt/airflow/dags/first_dag.py
[2025-11-15T17:17:40.262+0000] {processor.py:914} INFO - Processing file /opt/airflow/dags/first_dag.py for tasks to queue
[2025-11-15T17:17:40.263+0000] {logging_mixin.py:190} INFO - [2025-11-15T17:17:40.262+0000] {dagbag.py:588} INFO - Filling up the DagBag from /opt/airflow/dags/first_dag.py
[2025-11-15T17:17:40.275+0000] {processor.py:925} INFO - DAG(s) 'my_first_dag' retrieved from /opt/airflow/dags/first_dag.py
[2025-11-15T17:17:40.288+0000] {logging_mixin.py:190} INFO - [2025-11-15T17:17:40.288+0000] {dag.py:3239} INFO - Sync 1 DAGs
[2025-11-15T17:17:40.304+0000] {logging_mixin.py:190} INFO - [2025-11-15T17:17:40.304+0000] {dag.py:4180} INFO - Setting next_dagrun for my_first_dag to 2025-11-14 00:00:00+00:00, run_after=2025-11-15 00:00:00+00:00
[2025-11-15T17:17:40.320+0000] {processor.py:208} INFO - Processing /opt/airflow/dags/first_dag.py took 0.063 seconds
[2025-11-15T17:18:10.360+0000] {processor.py:186} INFO - Started process (PID=1987) to work on /opt/airflow/dags/first_dag.py
[2025-11-15T17:18:10.361+0000] {processor.py:914} INFO - Processing file /opt/airflow/dags/first_dag.py for tasks to queue
[2025-11-15T17:18:10.362+0000] {logging_mixin.py:190} INFO - [2025-11-15T17:18:10.362+0000] {dagbag.py:588} INFO - Filling up the DagBag from /opt/airflow/dags/first_dag.py
[2025-11-15T17:18:10.378+0000] {processor.py:925} INFO - DAG(s) 'my_first_dag' retrieved from /opt/airflow/dags/first_dag.py
[2025-11-15T17:18:10.391+0000] {logging_mixin.py:190} INFO - [2025-11-15T17:18:10.391+0000] {dag.py:3239} INFO - Sync 1 DAGs
[2025-11-15T17:18:10.405+0000] {logging_mixin.py:190} INFO - [2025-11-15T17:18:10.405+0000] {dag.py:4180} INFO - Setting next_dagrun for my_first_dag to 2025-11-14 00:00:00+00:00, run_after=2025-11-15 00:00:00+00:00
[2025-11-15T17:18:10.418+0000] {processor.py:208} INFO - Processing /opt/airflow/dags/first_dag.py took 0.062 seconds
[2025-11-15T17:18:41.800+0000] {processor.py:186} INFO - Started process (PID=2053) to work on /opt/airflow/dags/first_dag.py
[2025-11-15T17:18:41.801+0000] {processor.py:914} INFO - Processing file /opt/airflow/dags/first_dag.py for tasks to queue
[2025-11-15T17:18:41.803+0000] {logging_mixin.py:190} INFO - [2025-11-15T17:18:41.803+0000] {dagbag.py:588} INFO - Filling up the DagBag from /opt/airflow/dags/first_dag.py
[2025-11-15T17:18:41.825+0000] {processor.py:925} INFO - DAG(s) 'my_first_dag' retrieved from /opt/airflow/dags/first_dag.py
[2025-11-15T17:18:41.839+0000] {logging_mixin.py:190} INFO - [2025-11-15T17:18:41.839+0000] {dag.py:3239} INFO - Sync 1 DAGs
[2025-11-15T17:18:42.799+0000] {logging_mixin.py:190} INFO - [2025-11-15T17:18:42.799+0000] {dag.py:4180} INFO - Setting next_dagrun for my_first_dag to 2025-11-14 00:00:00+00:00, run_after=2025-11-15 00:00:00+00:00
[2025-11-15T17:18:42.817+0000] {processor.py:208} INFO - Processing /opt/airflow/dags/first_dag.py took 0.079 seconds
[2025-11-15T17:19:14.251+0000] {processor.py:186} INFO - Started process (PID=2118) to work on /opt/airflow/dags/first_dag.py
[2025-11-15T17:19:14.252+0000] {processor.py:914} INFO - Processing file /opt/airflow/dags/first_dag.py for tasks to queue
[2025-11-15T17:19:14.252+0000] {logging_mixin.py:190} INFO - [2025-11-15T17:19:14.252+0000] {dagbag.py:588} INFO - Filling up the DagBag from /opt/airflow/dags/first_dag.py
[2025-11-15T17:19:14.267+0000] {processor.py:925} INFO - DAG(s) 'my_first_dag' retrieved from /opt/airflow/dags/first_dag.py
[2025-11-15T17:19:14.282+0000] {logging_mixin.py:190} INFO - [2025-11-15T17:19:14.282+0000] {dag.py:3239} INFO - Sync 1 DAGs
[2025-11-15T17:19:14.297+0000] {logging_mixin.py:190} INFO - [2025-11-15T17:19:14.297+0000] {dag.py:4180} INFO - Setting next_dagrun for my_first_dag to 2025-11-14 00:00:00+00:00, run_after=2025-11-15 00:00:00+00:00
[2025-11-15T17:19:14.312+0000] {processor.py:208} INFO - Processing /opt/airflow/dags/first_dag.py took 0.065 seconds
[2025-11-15T17:19:44.805+0000] {processor.py:186} INFO - Started process (PID=2184) to work on /opt/airflow/dags/first_dag.py
[2025-11-15T17:19:44.806+0000] {processor.py:914} INFO - Processing file /opt/airflow/dags/first_dag.py for tasks to queue
[2025-11-15T17:19:44.807+0000] {logging_mixin.py:190} INFO - [2025-11-15T17:19:44.807+0000] {dagbag.py:588} INFO - Filling up the DagBag from /opt/airflow/dags/first_dag.py
[2025-11-15T17:19:45.746+0000] {processor.py:925} INFO - DAG(s) 'my_first_dag' retrieved from /opt/airflow/dags/first_dag.py
[2025-11-15T17:19:45.759+0000] {logging_mixin.py:190} INFO - [2025-11-15T17:19:45.759+0000] {dag.py:3239} INFO - Sync 1 DAGs
[2025-11-15T17:19:45.774+0000] {logging_mixin.py:190} INFO - [2025-11-15T17:19:45.774+0000] {dag.py:4180} INFO - Setting next_dagrun for my_first_dag to 2025-11-14 00:00:00+00:00, run_after=2025-11-15 00:00:00+00:00
[2025-11-15T17:19:45.788+0000] {processor.py:208} INFO - Processing /opt/airflow/dags/first_dag.py took 0.063 seconds
[2025-11-15T17:20:16.231+0000] {processor.py:186} INFO - Started process (PID=2249) to work on /opt/airflow/dags/first_dag.py
[2025-11-15T17:20:16.232+0000] {processor.py:914} INFO - Processing file /opt/airflow/dags/first_dag.py for tasks to queue
[2025-11-15T17:20:16.233+0000] {logging_mixin.py:190} INFO - [2025-11-15T17:20:16.233+0000] {dagbag.py:588} INFO - Filling up the DagBag from /opt/airflow/dags/first_dag.py
[2025-11-15T17:20:16.246+0000] {processor.py:925} INFO - DAG(s) 'my_first_dag' retrieved from /opt/airflow/dags/first_dag.py
[2025-11-15T17:20:17.188+0000] {logging_mixin.py:190} INFO - [2025-11-15T17:20:17.188+0000] {dag.py:3239} INFO - Sync 1 DAGs
[2025-11-15T17:20:17.203+0000] {logging_mixin.py:190} INFO - [2025-11-15T17:20:17.203+0000] {dag.py:4180} INFO - Setting next_dagrun for my_first_dag to 2025-11-14 00:00:00+00:00, run_after=2025-11-15 00:00:00+00:00
[2025-11-15T17:20:17.217+0000] {processor.py:208} INFO - Processing /opt/airflow/dags/first_dag.py took 0.061 seconds
[2025-11-15T17:20:49.292+0000] {processor.py:186} INFO - Started process (PID=2314) to work on /opt/airflow/dags/first_dag.py
[2025-11-15T17:20:49.293+0000] {processor.py:914} INFO - Processing file /opt/airflow/dags/first_dag.py for tasks to queue
[2025-11-15T17:20:49.294+0000] {logging_mixin.py:190} INFO - [2025-11-15T17:20:49.294+0000] {dagbag.py:588} INFO - Filling up the DagBag from /opt/airflow/dags/first_dag.py
[2025-11-15T17:20:49.309+0000] {processor.py:925} INFO - DAG(s) 'my_first_dag' retrieved from /opt/airflow/dags/first_dag.py
[2025-11-15T17:20:49.321+0000] {logging_mixin.py:190} INFO - [2025-11-15T17:20:49.321+0000] {dag.py:3239} INFO - Sync 1 DAGs
[2025-11-15T17:20:49.336+0000] {logging_mixin.py:190} INFO - [2025-11-15T17:20:49.336+0000] {dag.py:4180} INFO - Setting next_dagrun for my_first_dag to 2025-11-14 00:00:00+00:00, run_after=2025-11-15 00:00:00+00:00
[2025-11-15T17:20:49.350+0000] {processor.py:208} INFO - Processing /opt/airflow/dags/first_dag.py took 0.062 seconds
[2025-11-15T17:21:20.117+0000] {processor.py:186} INFO - Started process (PID=2380) to work on /opt/airflow/dags/first_dag.py
[2025-11-15T17:21:20.118+0000] {processor.py:914} INFO - Processing file /opt/airflow/dags/first_dag.py for tasks to queue
[2025-11-15T17:21:20.119+0000] {logging_mixin.py:190} INFO - [2025-11-15T17:21:20.119+0000] {dagbag.py:588} INFO - Filling up the DagBag from /opt/airflow/dags/first_dag.py
[2025-11-15T17:21:20.134+0000] {processor.py:925} INFO - DAG(s) 'my_first_dag' retrieved from /opt/airflow/dags/first_dag.py
[2025-11-15T17:21:20.148+0000] {logging_mixin.py:190} INFO - [2025-11-15T17:21:20.148+0000] {dag.py:3239} INFO - Sync 1 DAGs
[2025-11-15T17:21:20.165+0000] {logging_mixin.py:190} INFO - [2025-11-15T17:21:20.165+0000] {dag.py:4180} INFO - Setting next_dagrun for my_first_dag to 2025-11-14 00:00:00+00:00, run_after=2025-11-15 00:00:00+00:00
[2025-11-15T17:21:20.186+0000] {processor.py:208} INFO - Processing /opt/airflow/dags/first_dag.py took 0.073 seconds
[2025-11-15T17:21:52.087+0000] {processor.py:186} INFO - Started process (PID=2445) to work on /opt/airflow/dags/first_dag.py
[2025-11-15T17:21:52.089+0000] {processor.py:914} INFO - Processing file /opt/airflow/dags/first_dag.py for tasks to queue
[2025-11-15T17:21:52.090+0000] {logging_mixin.py:190} INFO - [2025-11-15T17:21:52.090+0000] {dagbag.py:588} INFO - Filling up the DagBag from /opt/airflow/dags/first_dag.py
[2025-11-15T17:21:52.111+0000] {processor.py:925} INFO - DAG(s) 'my_first_dag' retrieved from /opt/airflow/dags/first_dag.py
[2025-11-15T17:21:52.130+0000] {logging_mixin.py:190} INFO - [2025-11-15T17:21:52.130+0000] {dag.py:3239} INFO - Sync 1 DAGs
[2025-11-15T17:21:52.149+0000] {logging_mixin.py:190} INFO - [2025-11-15T17:21:52.148+0000] {dag.py:4180} INFO - Setting next_dagrun for my_first_dag to 2025-11-14 00:00:00+00:00, run_after=2025-11-15 00:00:00+00:00
[2025-11-15T17:21:52.165+0000] {processor.py:208} INFO - Processing /opt/airflow/dags/first_dag.py took 0.084 seconds
[2025-11-15T17:22:23.373+0000] {processor.py:186} INFO - Started process (PID=2510) to work on /opt/airflow/dags/first_dag.py
[2025-11-15T17:22:23.374+0000] {processor.py:914} INFO - Processing file /opt/airflow/dags/first_dag.py for tasks to queue
[2025-11-15T17:22:23.375+0000] {logging_mixin.py:190} INFO - [2025-11-15T17:22:23.375+0000] {dagbag.py:588} INFO - Filling up the DagBag from /opt/airflow/dags/first_dag.py
[2025-11-15T17:22:23.395+0000] {processor.py:925} INFO - DAG(s) 'my_first_dag' retrieved from /opt/airflow/dags/first_dag.py
[2025-11-15T17:22:23.417+0000] {logging_mixin.py:190} INFO - [2025-11-15T17:22:23.416+0000] {dag.py:3239} INFO - Sync 1 DAGs
[2025-11-15T17:22:23.438+0000] {logging_mixin.py:190} INFO - [2025-11-15T17:22:23.438+0000] {dag.py:4180} INFO - Setting next_dagrun for my_first_dag to 2025-11-14 00:00:00+00:00, run_after=2025-11-15 00:00:00+00:00
[2025-11-15T17:22:23.456+0000] {processor.py:208} INFO - Processing /opt/airflow/dags/first_dag.py took 0.089 seconds
[2025-11-15T17:22:54.568+0000] {processor.py:186} INFO - Started process (PID=2575) to work on /opt/airflow/dags/first_dag.py
[2025-11-15T17:22:54.569+0000] {processor.py:914} INFO - Processing file /opt/airflow/dags/first_dag.py for tasks to queue
[2025-11-15T17:22:54.570+0000] {logging_mixin.py:190} INFO - [2025-11-15T17:22:54.570+0000] {dagbag.py:588} INFO - Filling up the DagBag from /opt/airflow/dags/first_dag.py
[2025-11-15T17:22:54.588+0000] {processor.py:925} INFO - DAG(s) 'my_first_dag' retrieved from /opt/airflow/dags/first_dag.py
[2025-11-15T17:22:54.604+0000] {logging_mixin.py:190} INFO - [2025-11-15T17:22:54.604+0000] {dag.py:3239} INFO - Sync 1 DAGs
[2025-11-15T17:22:54.623+0000] {logging_mixin.py:190} INFO - [2025-11-15T17:22:54.622+0000] {dag.py:4180} INFO - Setting next_dagrun for my_first_dag to 2025-11-14 00:00:00+00:00, run_after=2025-11-15 00:00:00+00:00
[2025-11-15T17:22:54.637+0000] {processor.py:208} INFO - Processing /opt/airflow/dags/first_dag.py took 0.075 seconds
[2025-11-15T17:23:25.859+0000] {processor.py:186} INFO - Started process (PID=2640) to work on /opt/airflow/dags/first_dag.py
[2025-11-15T17:23:25.859+0000] {processor.py:914} INFO - Processing file /opt/airflow/dags/first_dag.py for tasks to queue
[2025-11-15T17:23:25.860+0000] {logging_mixin.py:190} INFO - [2025-11-15T17:23:25.860+0000] {dagbag.py:588} INFO - Filling up the DagBag from /opt/airflow/dags/first_dag.py
[2025-11-15T17:23:25.875+0000] {processor.py:925} INFO - DAG(s) 'my_first_dag' retrieved from /opt/airflow/dags/first_dag.py
[2025-11-15T17:23:25.888+0000] {logging_mixin.py:190} INFO - [2025-11-15T17:23:25.888+0000] {dag.py:3239} INFO - Sync 1 DAGs
[2025-11-15T17:23:25.904+0000] {logging_mixin.py:190} INFO - [2025-11-15T17:23:25.904+0000] {dag.py:4180} INFO - Setting next_dagrun for my_first_dag to 2025-11-14 00:00:00+00:00, run_after=2025-11-15 00:00:00+00:00
[2025-11-15T17:23:25.920+0000] {processor.py:208} INFO - Processing /opt/airflow/dags/first_dag.py took 0.066 seconds
[2025-11-15T17:23:57.423+0000] {processor.py:186} INFO - Started process (PID=2706) to work on /opt/airflow/dags/first_dag.py
[2025-11-15T17:23:57.424+0000] {processor.py:914} INFO - Processing file /opt/airflow/dags/first_dag.py for tasks to queue
[2025-11-15T17:23:57.425+0000] {logging_mixin.py:190} INFO - [2025-11-15T17:23:57.425+0000] {dagbag.py:588} INFO - Filling up the DagBag from /opt/airflow/dags/first_dag.py
[2025-11-15T17:23:57.446+0000] {processor.py:925} INFO - DAG(s) 'my_first_dag' retrieved from /opt/airflow/dags/first_dag.py
[2025-11-15T17:23:57.465+0000] {logging_mixin.py:190} INFO - [2025-11-15T17:23:57.465+0000] {dag.py:3239} INFO - Sync 1 DAGs
[2025-11-15T17:23:57.485+0000] {logging_mixin.py:190} INFO - [2025-11-15T17:23:57.485+0000] {dag.py:4180} INFO - Setting next_dagrun for my_first_dag to 2025-11-14 00:00:00+00:00, run_after=2025-11-15 00:00:00+00:00
[2025-11-15T17:23:57.502+0000] {processor.py:208} INFO - Processing /opt/airflow/dags/first_dag.py took 0.083 seconds
[2025-11-15T17:24:29.574+0000] {processor.py:186} INFO - Started process (PID=2771) to work on /opt/airflow/dags/first_dag.py
[2025-11-15T17:24:29.575+0000] {processor.py:914} INFO - Processing file /opt/airflow/dags/first_dag.py for tasks to queue
[2025-11-15T17:24:29.576+0000] {logging_mixin.py:190} INFO - [2025-11-15T17:24:29.576+0000] {dagbag.py:588} INFO - Filling up the DagBag from /opt/airflow/dags/first_dag.py
[2025-11-15T17:24:29.596+0000] {processor.py:925} INFO - DAG(s) 'my_first_dag' retrieved from /opt/airflow/dags/first_dag.py
[2025-11-15T17:24:29.612+0000] {logging_mixin.py:190} INFO - [2025-11-15T17:24:29.612+0000] {dag.py:3239} INFO - Sync 1 DAGs
[2025-11-15T17:24:29.628+0000] {logging_mixin.py:190} INFO - [2025-11-15T17:24:29.628+0000] {dag.py:4180} INFO - Setting next_dagrun for my_first_dag to 2025-11-14 00:00:00+00:00, run_after=2025-11-15 00:00:00+00:00
[2025-11-15T17:24:29.644+0000] {processor.py:208} INFO - Processing /opt/airflow/dags/first_dag.py took 0.074 seconds
[2025-11-15T17:25:00.337+0000] {processor.py:186} INFO - Started process (PID=2836) to work on /opt/airflow/dags/first_dag.py
[2025-11-15T17:25:00.338+0000] {processor.py:914} INFO - Processing file /opt/airflow/dags/first_dag.py for tasks to queue
[2025-11-15T17:25:00.339+0000] {logging_mixin.py:190} INFO - [2025-11-15T17:25:00.338+0000] {dagbag.py:588} INFO - Filling up the DagBag from /opt/airflow/dags/first_dag.py
[2025-11-15T17:25:00.353+0000] {processor.py:925} INFO - DAG(s) 'my_first_dag' retrieved from /opt/airflow/dags/first_dag.py
[2025-11-15T17:25:00.368+0000] {logging_mixin.py:190} INFO - [2025-11-15T17:25:00.368+0000] {dag.py:3239} INFO - Sync 1 DAGs
[2025-11-15T17:25:00.385+0000] {logging_mixin.py:190} INFO - [2025-11-15T17:25:00.384+0000] {dag.py:4180} INFO - Setting next_dagrun for my_first_dag to 2025-11-14 00:00:00+00:00, run_after=2025-11-15 00:00:00+00:00
[2025-11-15T17:25:00.401+0000] {processor.py:208} INFO - Processing /opt/airflow/dags/first_dag.py took 0.068 seconds
[2025-11-15T17:25:30.646+0000] {processor.py:186} INFO - Started process (PID=2901) to work on /opt/airflow/dags/first_dag.py
[2025-11-15T17:25:30.647+0000] {processor.py:914} INFO - Processing file /opt/airflow/dags/first_dag.py for tasks to queue
[2025-11-15T17:25:30.648+0000] {logging_mixin.py:190} INFO - [2025-11-15T17:25:30.648+0000] {dagbag.py:588} INFO - Filling up the DagBag from /opt/airflow/dags/first_dag.py
[2025-11-15T17:25:30.669+0000] {processor.py:925} INFO - DAG(s) 'my_first_dag' retrieved from /opt/airflow/dags/first_dag.py
[2025-11-15T17:25:30.689+0000] {logging_mixin.py:190} INFO - [2025-11-15T17:25:30.688+0000] {dag.py:3239} INFO - Sync 1 DAGs
[2025-11-15T17:25:30.709+0000] {logging_mixin.py:190} INFO - [2025-11-15T17:25:30.709+0000] {dag.py:4180} INFO - Setting next_dagrun for my_first_dag to 2025-11-14 00:00:00+00:00, run_after=2025-11-15 00:00:00+00:00
[2025-11-15T17:25:30.727+0000] {processor.py:208} INFO - Processing /opt/airflow/dags/first_dag.py took 0.087 seconds
[2025-11-15T17:26:03.255+0000] {processor.py:186} INFO - Started process (PID=2966) to work on /opt/airflow/dags/first_dag.py
[2025-11-15T17:26:03.256+0000] {processor.py:914} INFO - Processing file /opt/airflow/dags/first_dag.py for tasks to queue
[2025-11-15T17:26:03.257+0000] {logging_mixin.py:190} INFO - [2025-11-15T17:26:03.257+0000] {dagbag.py:588} INFO - Filling up the DagBag from /opt/airflow/dags/first_dag.py
[2025-11-15T17:26:03.274+0000] {processor.py:925} INFO - DAG(s) 'my_first_dag' retrieved from /opt/airflow/dags/first_dag.py
[2025-11-15T17:26:03.291+0000] {logging_mixin.py:190} INFO - [2025-11-15T17:26:03.291+0000] {dag.py:3239} INFO - Sync 1 DAGs
[2025-11-15T17:26:03.306+0000] {logging_mixin.py:190} INFO - [2025-11-15T17:26:03.306+0000] {dag.py:4180} INFO - Setting next_dagrun for my_first_dag to 2025-11-14 00:00:00+00:00, run_after=2025-11-15 00:00:00+00:00
[2025-11-15T17:26:03.322+0000] {processor.py:208} INFO - Processing /opt/airflow/dags/first_dag.py took 0.071 seconds
[2025-11-15T17:26:34.786+0000] {processor.py:186} INFO - Started process (PID=3031) to work on /opt/airflow/dags/first_dag.py
[2025-11-15T17:26:34.787+0000] {processor.py:914} INFO - Processing file /opt/airflow/dags/first_dag.py for tasks to queue
[2025-11-15T17:26:34.788+0000] {logging_mixin.py:190} INFO - [2025-11-15T17:26:34.788+0000] {dagbag.py:588} INFO - Filling up the DagBag from /opt/airflow/dags/first_dag.py
[2025-11-15T17:26:34.810+0000] {processor.py:925} INFO - DAG(s) 'my_first_dag' retrieved from /opt/airflow/dags/first_dag.py
[2025-11-15T17:26:34.828+0000] {logging_mixin.py:190} INFO - [2025-11-15T17:26:34.828+0000] {dag.py:3239} INFO - Sync 1 DAGs
[2025-11-15T17:26:34.845+0000] {logging_mixin.py:190} INFO - [2025-11-15T17:26:34.845+0000] {dag.py:4180} INFO - Setting next_dagrun for my_first_dag to 2025-11-14 00:00:00+00:00, run_after=2025-11-15 00:00:00+00:00
[2025-11-15T17:26:34.861+0000] {processor.py:208} INFO - Processing /opt/airflow/dags/first_dag.py took 0.081 seconds
[2025-11-15T17:27:06.351+0000] {processor.py:186} INFO - Started process (PID=3096) to work on /opt/airflow/dags/first_dag.py
[2025-11-15T17:27:06.352+0000] {processor.py:914} INFO - Processing file /opt/airflow/dags/first_dag.py for tasks to queue
[2025-11-15T17:27:06.353+0000] {logging_mixin.py:190} INFO - [2025-11-15T17:27:06.353+0000] {dagbag.py:588} INFO - Filling up the DagBag from /opt/airflow/dags/first_dag.py
[2025-11-15T17:27:06.368+0000] {processor.py:925} INFO - DAG(s) 'my_first_dag' retrieved from /opt/airflow/dags/first_dag.py
[2025-11-15T17:27:06.384+0000] {logging_mixin.py:190} INFO - [2025-11-15T17:27:06.384+0000] {dag.py:3239} INFO - Sync 1 DAGs
[2025-11-15T17:27:06.402+0000] {logging_mixin.py:190} INFO - [2025-11-15T17:27:06.402+0000] {dag.py:4180} INFO - Setting next_dagrun for my_first_dag to 2025-11-14 00:00:00+00:00, run_after=2025-11-15 00:00:00+00:00
[2025-11-15T17:27:06.417+0000] {processor.py:208} INFO - Processing /opt/airflow/dags/first_dag.py took 0.071 seconds
[2025-11-15T17:27:37.876+0000] {processor.py:186} INFO - Started process (PID=3161) to work on /opt/airflow/dags/first_dag.py
[2025-11-15T17:27:37.877+0000] {processor.py:914} INFO - Processing file /opt/airflow/dags/first_dag.py for tasks to queue
[2025-11-15T17:27:37.878+0000] {logging_mixin.py:190} INFO - [2025-11-15T17:27:37.878+0000] {dagbag.py:588} INFO - Filling up the DagBag from /opt/airflow/dags/first_dag.py
[2025-11-15T17:27:37.897+0000] {processor.py:925} INFO - DAG(s) 'my_first_dag' retrieved from /opt/airflow/dags/first_dag.py
[2025-11-15T17:27:37.912+0000] {logging_mixin.py:190} INFO - [2025-11-15T17:27:37.912+0000] {dag.py:3239} INFO - Sync 1 DAGs
[2025-11-15T17:27:37.929+0000] {logging_mixin.py:190} INFO - [2025-11-15T17:27:37.929+0000] {dag.py:4180} INFO - Setting next_dagrun for my_first_dag to 2025-11-14 00:00:00+00:00, run_after=2025-11-15 00:00:00+00:00
[2025-11-15T17:27:37.942+0000] {processor.py:208} INFO - Processing /opt/airflow/dags/first_dag.py took 0.072 seconds
[2025-11-15T17:28:07.983+0000] {processor.py:186} INFO - Started process (PID=3226) to work on /opt/airflow/dags/first_dag.py
[2025-11-15T17:28:07.984+0000] {processor.py:914} INFO - Processing file /opt/airflow/dags/first_dag.py for tasks to queue
[2025-11-15T17:28:07.985+0000] {logging_mixin.py:190} INFO - [2025-11-15T17:28:07.985+0000] {dagbag.py:588} INFO - Filling up the DagBag from /opt/airflow/dags/first_dag.py
[2025-11-15T17:28:07.998+0000] {processor.py:925} INFO - DAG(s) 'my_first_dag' retrieved from /opt/airflow/dags/first_dag.py
[2025-11-15T17:28:08.011+0000] {logging_mixin.py:190} INFO - [2025-11-15T17:28:08.011+0000] {dag.py:3239} INFO - Sync 1 DAGs
[2025-11-15T17:28:08.026+0000] {logging_mixin.py:190} INFO - [2025-11-15T17:28:08.026+0000] {dag.py:4180} INFO - Setting next_dagrun for my_first_dag to 2025-11-14 00:00:00+00:00, run_after=2025-11-15 00:00:00+00:00
[2025-11-15T17:28:08.039+0000] {processor.py:208} INFO - Processing /opt/airflow/dags/first_dag.py took 0.060 seconds
[2025-11-15T17:28:38.486+0000] {processor.py:186} INFO - Started process (PID=3291) to work on /opt/airflow/dags/first_dag.py
[2025-11-15T17:28:38.488+0000] {processor.py:914} INFO - Processing file /opt/airflow/dags/first_dag.py for tasks to queue
[2025-11-15T17:28:38.489+0000] {logging_mixin.py:190} INFO - [2025-11-15T17:28:38.489+0000] {dagbag.py:588} INFO - Filling up the DagBag from /opt/airflow/dags/first_dag.py
[2025-11-15T17:28:38.514+0000] {processor.py:925} INFO - DAG(s) 'my_first_dag' retrieved from /opt/airflow/dags/first_dag.py
[2025-11-15T17:28:38.529+0000] {logging_mixin.py:190} INFO - [2025-11-15T17:28:38.529+0000] {dag.py:3239} INFO - Sync 1 DAGs
[2025-11-15T17:28:38.545+0000] {logging_mixin.py:190} INFO - [2025-11-15T17:28:38.545+0000] {dag.py:4180} INFO - Setting next_dagrun for my_first_dag to 2025-11-14 00:00:00+00:00, run_after=2025-11-15 00:00:00+00:00
[2025-11-15T17:28:38.559+0000] {processor.py:208} INFO - Processing /opt/airflow/dags/first_dag.py took 0.079 seconds
[2025-11-15T17:29:09.024+0000] {processor.py:186} INFO - Started process (PID=3356) to work on /opt/airflow/dags/first_dag.py
[2025-11-15T17:29:09.025+0000] {processor.py:914} INFO - Processing file /opt/airflow/dags/first_dag.py for tasks to queue
[2025-11-15T17:29:09.026+0000] {logging_mixin.py:190} INFO - [2025-11-15T17:29:09.025+0000] {dagbag.py:588} INFO - Filling up the DagBag from /opt/airflow/dags/first_dag.py
[2025-11-15T17:29:09.042+0000] {processor.py:925} INFO - DAG(s) 'my_first_dag' retrieved from /opt/airflow/dags/first_dag.py
[2025-11-15T17:29:09.055+0000] {logging_mixin.py:190} INFO - [2025-11-15T17:29:09.055+0000] {dag.py:3239} INFO - Sync 1 DAGs
[2025-11-15T17:29:09.070+0000] {logging_mixin.py:190} INFO - [2025-11-15T17:29:09.070+0000] {dag.py:4180} INFO - Setting next_dagrun for my_first_dag to 2025-11-14 00:00:00+00:00, run_after=2025-11-15 00:00:00+00:00
[2025-11-15T17:29:09.083+0000] {processor.py:208} INFO - Processing /opt/airflow/dags/first_dag.py took 0.063 seconds
[2025-11-15T17:29:39.435+0000] {processor.py:186} INFO - Started process (PID=3421) to work on /opt/airflow/dags/first_dag.py
[2025-11-15T17:29:39.436+0000] {processor.py:914} INFO - Processing file /opt/airflow/dags/first_dag.py for tasks to queue
[2025-11-15T17:29:39.438+0000] {logging_mixin.py:190} INFO - [2025-11-15T17:29:39.437+0000] {dagbag.py:588} INFO - Filling up the DagBag from /opt/airflow/dags/first_dag.py
[2025-11-15T17:29:39.457+0000] {processor.py:925} INFO - DAG(s) 'my_first_dag' retrieved from /opt/airflow/dags/first_dag.py
[2025-11-15T17:29:39.470+0000] {logging_mixin.py:190} INFO - [2025-11-15T17:29:39.470+0000] {dag.py:3239} INFO - Sync 1 DAGs
[2025-11-15T17:29:39.485+0000] {logging_mixin.py:190} INFO - [2025-11-15T17:29:39.485+0000] {dag.py:4180} INFO - Setting next_dagrun for my_first_dag to 2025-11-14 00:00:00+00:00, run_after=2025-11-15 00:00:00+00:00
[2025-11-15T17:29:39.498+0000] {processor.py:208} INFO - Processing /opt/airflow/dags/first_dag.py took 0.067 seconds
[2025-11-15T17:30:09.694+0000] {processor.py:186} INFO - Started process (PID=3486) to work on /opt/airflow/dags/first_dag.py
[2025-11-15T17:30:09.695+0000] {processor.py:914} INFO - Processing file /opt/airflow/dags/first_dag.py for tasks to queue
[2025-11-15T17:30:09.696+0000] {logging_mixin.py:190} INFO - [2025-11-15T17:30:09.695+0000] {dagbag.py:588} INFO - Filling up the DagBag from /opt/airflow/dags/first_dag.py
[2025-11-15T17:30:09.711+0000] {processor.py:925} INFO - DAG(s) 'my_first_dag' retrieved from /opt/airflow/dags/first_dag.py
[2025-11-15T17:30:09.725+0000] {logging_mixin.py:190} INFO - [2025-11-15T17:30:09.725+0000] {dag.py:3239} INFO - Sync 1 DAGs
[2025-11-15T17:30:09.742+0000] {logging_mixin.py:190} INFO - [2025-11-15T17:30:09.742+0000] {dag.py:4180} INFO - Setting next_dagrun for my_first_dag to 2025-11-14 00:00:00+00:00, run_after=2025-11-15 00:00:00+00:00
[2025-11-15T17:30:09.755+0000] {processor.py:208} INFO - Processing /opt/airflow/dags/first_dag.py took 0.066 seconds
[2025-11-15T17:30:40.125+0000] {processor.py:186} INFO - Started process (PID=3551) to work on /opt/airflow/dags/first_dag.py
[2025-11-15T17:30:40.126+0000] {processor.py:914} INFO - Processing file /opt/airflow/dags/first_dag.py for tasks to queue
[2025-11-15T17:30:40.127+0000] {logging_mixin.py:190} INFO - [2025-11-15T17:30:40.127+0000] {dagbag.py:588} INFO - Filling up the DagBag from /opt/airflow/dags/first_dag.py
[2025-11-15T17:30:40.146+0000] {processor.py:925} INFO - DAG(s) 'my_first_dag' retrieved from /opt/airflow/dags/first_dag.py
[2025-11-15T17:30:40.160+0000] {logging_mixin.py:190} INFO - [2025-11-15T17:30:40.160+0000] {dag.py:3239} INFO - Sync 1 DAGs
[2025-11-15T17:30:40.177+0000] {logging_mixin.py:190} INFO - [2025-11-15T17:30:40.177+0000] {dag.py:4180} INFO - Setting next_dagrun for my_first_dag to 2025-11-14 00:00:00+00:00, run_after=2025-11-15 00:00:00+00:00
[2025-11-15T17:30:40.192+0000] {processor.py:208} INFO - Processing /opt/airflow/dags/first_dag.py took 0.072 seconds
[2025-11-15T17:31:10.995+0000] {processor.py:186} INFO - Started process (PID=3616) to work on /opt/airflow/dags/first_dag.py
[2025-11-15T17:31:10.996+0000] {processor.py:914} INFO - Processing file /opt/airflow/dags/first_dag.py for tasks to queue
[2025-11-15T17:31:10.998+0000] {logging_mixin.py:190} INFO - [2025-11-15T17:31:10.998+0000] {dagbag.py:588} INFO - Filling up the DagBag from /opt/airflow/dags/first_dag.py
[2025-11-15T17:31:11.037+0000] {processor.py:925} INFO - DAG(s) 'my_first_dag' retrieved from /opt/airflow/dags/first_dag.py
[2025-11-15T17:31:11.053+0000] {logging_mixin.py:190} INFO - [2025-11-15T17:31:11.053+0000] {dag.py:3239} INFO - Sync 1 DAGs
[2025-11-15T17:31:11.068+0000] {logging_mixin.py:190} INFO - [2025-11-15T17:31:11.068+0000] {dag.py:4180} INFO - Setting next_dagrun for my_first_dag to 2025-11-14 00:00:00+00:00, run_after=2025-11-15 00:00:00+00:00
[2025-11-15T17:31:11.082+0000] {processor.py:208} INFO - Processing /opt/airflow/dags/first_dag.py took 0.092 seconds
[2025-11-15T17:31:41.529+0000] {processor.py:186} INFO - Started process (PID=3681) to work on /opt/airflow/dags/first_dag.py
[2025-11-15T17:31:41.530+0000] {processor.py:914} INFO - Processing file /opt/airflow/dags/first_dag.py for tasks to queue
[2025-11-15T17:31:41.531+0000] {logging_mixin.py:190} INFO - [2025-11-15T17:31:41.531+0000] {dagbag.py:588} INFO - Filling up the DagBag from /opt/airflow/dags/first_dag.py
[2025-11-15T17:31:41.553+0000] {processor.py:925} INFO - DAG(s) 'my_first_dag' retrieved from /opt/airflow/dags/first_dag.py
[2025-11-15T17:31:41.566+0000] {logging_mixin.py:190} INFO - [2025-11-15T17:31:41.566+0000] {dag.py:3239} INFO - Sync 1 DAGs
[2025-11-15T17:31:41.581+0000] {logging_mixin.py:190} INFO - [2025-11-15T17:31:41.580+0000] {dag.py:4180} INFO - Setting next_dagrun for my_first_dag to 2025-11-14 00:00:00+00:00, run_after=2025-11-15 00:00:00+00:00
[2025-11-15T17:31:41.594+0000] {processor.py:208} INFO - Processing /opt/airflow/dags/first_dag.py took 0.070 seconds
[2025-11-15T17:32:11.998+0000] {processor.py:186} INFO - Started process (PID=3746) to work on /opt/airflow/dags/first_dag.py
[2025-11-15T17:32:11.999+0000] {processor.py:914} INFO - Processing file /opt/airflow/dags/first_dag.py for tasks to queue
[2025-11-15T17:32:12.000+0000] {logging_mixin.py:190} INFO - [2025-11-15T17:32:12.000+0000] {dagbag.py:588} INFO - Filling up the DagBag from /opt/airflow/dags/first_dag.py
[2025-11-15T17:32:12.015+0000] {processor.py:925} INFO - DAG(s) 'my_first_dag' retrieved from /opt/airflow/dags/first_dag.py
[2025-11-15T17:32:12.028+0000] {logging_mixin.py:190} INFO - [2025-11-15T17:32:12.028+0000] {dag.py:3239} INFO - Sync 1 DAGs
[2025-11-15T17:32:12.045+0000] {logging_mixin.py:190} INFO - [2025-11-15T17:32:12.045+0000] {dag.py:4180} INFO - Setting next_dagrun for my_first_dag to 2025-11-14 00:00:00+00:00, run_after=2025-11-15 00:00:00+00:00
[2025-11-15T17:32:12.065+0000] {processor.py:208} INFO - Processing /opt/airflow/dags/first_dag.py took 0.071 seconds
[2025-11-15T17:32:42.339+0000] {processor.py:186} INFO - Started process (PID=3811) to work on /opt/airflow/dags/first_dag.py
[2025-11-15T17:32:42.340+0000] {processor.py:914} INFO - Processing file /opt/airflow/dags/first_dag.py for tasks to queue
[2025-11-15T17:32:42.341+0000] {logging_mixin.py:190} INFO - [2025-11-15T17:32:42.341+0000] {dagbag.py:588} INFO - Filling up the DagBag from /opt/airflow/dags/first_dag.py
[2025-11-15T17:32:42.354+0000] {processor.py:925} INFO - DAG(s) 'my_first_dag' retrieved from /opt/airflow/dags/first_dag.py
[2025-11-15T17:32:42.366+0000] {logging_mixin.py:190} INFO - [2025-11-15T17:32:42.366+0000] {dag.py:3239} INFO - Sync 1 DAGs
[2025-11-15T17:32:42.380+0000] {logging_mixin.py:190} INFO - [2025-11-15T17:32:42.380+0000] {dag.py:4180} INFO - Setting next_dagrun for my_first_dag to 2025-11-14 00:00:00+00:00, run_after=2025-11-15 00:00:00+00:00
[2025-11-15T17:32:42.394+0000] {processor.py:208} INFO - Processing /opt/airflow/dags/first_dag.py took 0.059 seconds
[2025-11-15T17:33:12.454+0000] {processor.py:186} INFO - Started process (PID=3876) to work on /opt/airflow/dags/first_dag.py
[2025-11-15T17:33:12.455+0000] {processor.py:914} INFO - Processing file /opt/airflow/dags/first_dag.py for tasks to queue
[2025-11-15T17:33:12.457+0000] {logging_mixin.py:190} INFO - [2025-11-15T17:33:12.457+0000] {dagbag.py:588} INFO - Filling up the DagBag from /opt/airflow/dags/first_dag.py
[2025-11-15T17:33:12.469+0000] {processor.py:925} INFO - DAG(s) 'my_first_dag' retrieved from /opt/airflow/dags/first_dag.py
[2025-11-15T17:33:12.481+0000] {logging_mixin.py:190} INFO - [2025-11-15T17:33:12.481+0000] {dag.py:3239} INFO - Sync 1 DAGs
[2025-11-15T17:33:12.496+0000] {logging_mixin.py:190} INFO - [2025-11-15T17:33:12.496+0000] {dag.py:4180} INFO - Setting next_dagrun for my_first_dag to 2025-11-14 00:00:00+00:00, run_after=2025-11-15 00:00:00+00:00
[2025-11-15T17:33:12.512+0000] {processor.py:208} INFO - Processing /opt/airflow/dags/first_dag.py took 0.062 seconds
[2025-11-15T17:33:43.079+0000] {processor.py:186} INFO - Started process (PID=3941) to work on /opt/airflow/dags/first_dag.py
[2025-11-15T17:33:43.080+0000] {processor.py:914} INFO - Processing file /opt/airflow/dags/first_dag.py for tasks to queue
[2025-11-15T17:33:43.081+0000] {logging_mixin.py:190} INFO - [2025-11-15T17:33:43.081+0000] {dagbag.py:588} INFO - Filling up the DagBag from /opt/airflow/dags/first_dag.py
[2025-11-15T17:33:43.096+0000] {processor.py:925} INFO - DAG(s) 'my_first_dag' retrieved from /opt/airflow/dags/first_dag.py
[2025-11-15T17:33:43.112+0000] {logging_mixin.py:190} INFO - [2025-11-15T17:33:43.112+0000] {dag.py:3239} INFO - Sync 1 DAGs
[2025-11-15T17:33:43.127+0000] {logging_mixin.py:190} INFO - [2025-11-15T17:33:43.127+0000] {dag.py:4180} INFO - Setting next_dagrun for my_first_dag to 2025-11-14 00:00:00+00:00, run_after=2025-11-15 00:00:00+00:00
[2025-11-15T17:33:43.140+0000] {processor.py:208} INFO - Processing /opt/airflow/dags/first_dag.py took 0.066 seconds
[2025-11-15T17:34:13.341+0000] {processor.py:186} INFO - Started process (PID=4006) to work on /opt/airflow/dags/first_dag.py
[2025-11-15T17:34:13.342+0000] {processor.py:914} INFO - Processing file /opt/airflow/dags/first_dag.py for tasks to queue
[2025-11-15T17:34:13.343+0000] {logging_mixin.py:190} INFO - [2025-11-15T17:34:13.342+0000] {dagbag.py:588} INFO - Filling up the DagBag from /opt/airflow/dags/first_dag.py
[2025-11-15T17:34:13.357+0000] {processor.py:925} INFO - DAG(s) 'my_first_dag' retrieved from /opt/airflow/dags/first_dag.py
[2025-11-15T17:34:13.370+0000] {logging_mixin.py:190} INFO - [2025-11-15T17:34:13.370+0000] {dag.py:3239} INFO - Sync 1 DAGs
[2025-11-15T17:34:13.385+0000] {logging_mixin.py:190} INFO - [2025-11-15T17:34:13.385+0000] {dag.py:4180} INFO - Setting next_dagrun for my_first_dag to 2025-11-14 00:00:00+00:00, run_after=2025-11-15 00:00:00+00:00
[2025-11-15T17:34:13.397+0000] {processor.py:208} INFO - Processing /opt/airflow/dags/first_dag.py took 0.061 seconds
[2025-11-15T17:34:43.913+0000] {processor.py:186} INFO - Started process (PID=4071) to work on /opt/airflow/dags/first_dag.py
[2025-11-15T17:34:43.914+0000] {processor.py:914} INFO - Processing file /opt/airflow/dags/first_dag.py for tasks to queue
[2025-11-15T17:34:43.915+0000] {logging_mixin.py:190} INFO - [2025-11-15T17:34:43.915+0000] {dagbag.py:588} INFO - Filling up the DagBag from /opt/airflow/dags/first_dag.py
[2025-11-15T17:34:43.929+0000] {processor.py:925} INFO - DAG(s) 'my_first_dag' retrieved from /opt/airflow/dags/first_dag.py
[2025-11-15T17:34:43.941+0000] {logging_mixin.py:190} INFO - [2025-11-15T17:34:43.941+0000] {dag.py:3239} INFO - Sync 1 DAGs
[2025-11-15T17:34:43.958+0000] {logging_mixin.py:190} INFO - [2025-11-15T17:34:43.958+0000] {dag.py:4180} INFO - Setting next_dagrun for my_first_dag to 2025-11-14 00:00:00+00:00, run_after=2025-11-15 00:00:00+00:00
[2025-11-15T17:34:43.971+0000] {processor.py:208} INFO - Processing /opt/airflow/dags/first_dag.py took 0.063 seconds
[2025-11-15T17:35:14.263+0000] {processor.py:186} INFO - Started process (PID=4136) to work on /opt/airflow/dags/first_dag.py
[2025-11-15T17:35:14.264+0000] {processor.py:914} INFO - Processing file /opt/airflow/dags/first_dag.py for tasks to queue
[2025-11-15T17:35:14.265+0000] {logging_mixin.py:190} INFO - [2025-11-15T17:35:14.265+0000] {dagbag.py:588} INFO - Filling up the DagBag from /opt/airflow/dags/first_dag.py
[2025-11-15T17:35:14.282+0000] {processor.py:925} INFO - DAG(s) 'my_first_dag' retrieved from /opt/airflow/dags/first_dag.py
[2025-11-15T17:35:14.297+0000] {logging_mixin.py:190} INFO - [2025-11-15T17:35:14.297+0000] {dag.py:3239} INFO - Sync 1 DAGs
[2025-11-15T17:35:14.313+0000] {logging_mixin.py:190} INFO - [2025-11-15T17:35:14.313+0000] {dag.py:4180} INFO - Setting next_dagrun for my_first_dag to 2025-11-14 00:00:00+00:00, run_after=2025-11-15 00:00:00+00:00
[2025-11-15T17:35:14.326+0000] {processor.py:208} INFO - Processing /opt/airflow/dags/first_dag.py took 0.068 seconds
[2025-11-15T17:35:44.404+0000] {processor.py:186} INFO - Started process (PID=4201) to work on /opt/airflow/dags/first_dag.py
[2025-11-15T17:35:44.404+0000] {processor.py:914} INFO - Processing file /opt/airflow/dags/first_dag.py for tasks to queue
[2025-11-15T17:35:44.405+0000] {logging_mixin.py:190} INFO - [2025-11-15T17:35:44.405+0000] {dagbag.py:588} INFO - Filling up the DagBag from /opt/airflow/dags/first_dag.py
[2025-11-15T17:35:44.421+0000] {processor.py:925} INFO - DAG(s) 'my_first_dag' retrieved from /opt/airflow/dags/first_dag.py
[2025-11-15T17:35:44.435+0000] {logging_mixin.py:190} INFO - [2025-11-15T17:35:44.435+0000] {dag.py:3239} INFO - Sync 1 DAGs
[2025-11-15T17:35:44.452+0000] {logging_mixin.py:190} INFO - [2025-11-15T17:35:44.452+0000] {dag.py:4180} INFO - Setting next_dagrun for my_first_dag to 2025-11-14 00:00:00+00:00, run_after=2025-11-15 00:00:00+00:00
[2025-11-15T17:35:44.467+0000] {processor.py:208} INFO - Processing /opt/airflow/dags/first_dag.py took 0.069 seconds
[2025-11-15T17:36:14.849+0000] {processor.py:186} INFO - Started process (PID=4266) to work on /opt/airflow/dags/first_dag.py
[2025-11-15T17:36:14.851+0000] {processor.py:914} INFO - Processing file /opt/airflow/dags/first_dag.py for tasks to queue
[2025-11-15T17:36:14.852+0000] {logging_mixin.py:190} INFO - [2025-11-15T17:36:14.852+0000] {dagbag.py:588} INFO - Filling up the DagBag from /opt/airflow/dags/first_dag.py
[2025-11-15T17:36:14.875+0000] {processor.py:925} INFO - DAG(s) 'my_first_dag' retrieved from /opt/airflow/dags/first_dag.py
[2025-11-15T17:36:14.891+0000] {logging_mixin.py:190} INFO - [2025-11-15T17:36:14.891+0000] {dag.py:3239} INFO - Sync 1 DAGs
[2025-11-15T17:36:14.908+0000] {logging_mixin.py:190} INFO - [2025-11-15T17:36:14.907+0000] {dag.py:4180} INFO - Setting next_dagrun for my_first_dag to 2025-11-14 00:00:00+00:00, run_after=2025-11-15 00:00:00+00:00
[2025-11-15T17:36:14.923+0000] {processor.py:208} INFO - Processing /opt/airflow/dags/first_dag.py took 0.079 seconds
[2025-11-15T17:36:45.452+0000] {processor.py:186} INFO - Started process (PID=4331) to work on /opt/airflow/dags/first_dag.py
[2025-11-15T17:36:45.453+0000] {processor.py:914} INFO - Processing file /opt/airflow/dags/first_dag.py for tasks to queue
[2025-11-15T17:36:45.454+0000] {logging_mixin.py:190} INFO - [2025-11-15T17:36:45.454+0000] {dagbag.py:588} INFO - Filling up the DagBag from /opt/airflow/dags/first_dag.py
[2025-11-15T17:36:45.470+0000] {processor.py:925} INFO - DAG(s) 'my_first_dag' retrieved from /opt/airflow/dags/first_dag.py
[2025-11-15T17:36:45.482+0000] {logging_mixin.py:190} INFO - [2025-11-15T17:36:45.482+0000] {dag.py:3239} INFO - Sync 1 DAGs
[2025-11-15T17:36:45.635+0000] {logging_mixin.py:190} INFO - [2025-11-15T17:36:45.634+0000] {dag.py:4180} INFO - Setting next_dagrun for my_first_dag to 2025-11-14 00:00:00+00:00, run_after=2025-11-15 00:00:00+00:00
[2025-11-15T17:36:45.647+0000] {processor.py:208} INFO - Processing /opt/airflow/dags/first_dag.py took 0.199 seconds
[2025-11-15T17:37:16.234+0000] {processor.py:186} INFO - Started process (PID=4396) to work on /opt/airflow/dags/first_dag.py
[2025-11-15T17:37:16.235+0000] {processor.py:914} INFO - Processing file /opt/airflow/dags/first_dag.py for tasks to queue
[2025-11-15T17:37:16.236+0000] {logging_mixin.py:190} INFO - [2025-11-15T17:37:16.236+0000] {dagbag.py:588} INFO - Filling up the DagBag from /opt/airflow/dags/first_dag.py
[2025-11-15T17:37:16.258+0000] {processor.py:925} INFO - DAG(s) 'my_first_dag' retrieved from /opt/airflow/dags/first_dag.py
[2025-11-15T17:37:16.272+0000] {logging_mixin.py:190} INFO - [2025-11-15T17:37:16.272+0000] {dag.py:3239} INFO - Sync 1 DAGs
[2025-11-15T17:37:16.288+0000] {logging_mixin.py:190} INFO - [2025-11-15T17:37:16.287+0000] {dag.py:4180} INFO - Setting next_dagrun for my_first_dag to 2025-11-14 00:00:00+00:00, run_after=2025-11-15 00:00:00+00:00
[2025-11-15T17:37:16.302+0000] {processor.py:208} INFO - Processing /opt/airflow/dags/first_dag.py took 0.073 seconds
[2025-11-15T17:37:47.251+0000] {processor.py:186} INFO - Started process (PID=4468) to work on /opt/airflow/dags/first_dag.py
[2025-11-15T17:37:47.252+0000] {processor.py:914} INFO - Processing file /opt/airflow/dags/first_dag.py for tasks to queue
[2025-11-15T17:37:47.253+0000] {logging_mixin.py:190} INFO - [2025-11-15T17:37:47.253+0000] {dagbag.py:588} INFO - Filling up the DagBag from /opt/airflow/dags/first_dag.py
[2025-11-15T17:37:47.269+0000] {processor.py:925} INFO - DAG(s) 'my_first_dag' retrieved from /opt/airflow/dags/first_dag.py
[2025-11-15T17:37:47.282+0000] {logging_mixin.py:190} INFO - [2025-11-15T17:37:47.282+0000] {dag.py:3239} INFO - Sync 1 DAGs
[2025-11-15T17:37:47.298+0000] {logging_mixin.py:190} INFO - [2025-11-15T17:37:47.297+0000] {dag.py:4180} INFO - Setting next_dagrun for my_first_dag to 2025-11-14 00:00:00+00:00, run_after=2025-11-15 00:00:00+00:00
[2025-11-15T17:37:47.314+0000] {processor.py:208} INFO - Processing /opt/airflow/dags/first_dag.py took 0.068 seconds
[2025-11-15T17:38:17.449+0000] {processor.py:186} INFO - Started process (PID=4533) to work on /opt/airflow/dags/first_dag.py
[2025-11-15T17:38:17.450+0000] {processor.py:914} INFO - Processing file /opt/airflow/dags/first_dag.py for tasks to queue
[2025-11-15T17:38:17.451+0000] {logging_mixin.py:190} INFO - [2025-11-15T17:38:17.451+0000] {dagbag.py:588} INFO - Filling up the DagBag from /opt/airflow/dags/first_dag.py
[2025-11-15T17:38:17.465+0000] {processor.py:925} INFO - DAG(s) 'my_first_dag' retrieved from /opt/airflow/dags/first_dag.py
[2025-11-15T17:38:17.478+0000] {logging_mixin.py:190} INFO - [2025-11-15T17:38:17.478+0000] {dag.py:3239} INFO - Sync 1 DAGs
[2025-11-15T17:38:17.493+0000] {logging_mixin.py:190} INFO - [2025-11-15T17:38:17.493+0000] {dag.py:4180} INFO - Setting next_dagrun for my_first_dag to 2025-11-14 00:00:00+00:00, run_after=2025-11-15 00:00:00+00:00
[2025-11-15T17:38:17.505+0000] {processor.py:208} INFO - Processing /opt/airflow/dags/first_dag.py took 0.060 seconds
[2025-11-15T17:38:47.604+0000] {processor.py:186} INFO - Started process (PID=4592) to work on /opt/airflow/dags/first_dag.py
[2025-11-15T17:38:47.605+0000] {processor.py:914} INFO - Processing file /opt/airflow/dags/first_dag.py for tasks to queue
[2025-11-15T17:38:47.606+0000] {logging_mixin.py:190} INFO - [2025-11-15T17:38:47.606+0000] {dagbag.py:588} INFO - Filling up the DagBag from /opt/airflow/dags/first_dag.py
[2025-11-15T17:38:47.633+0000] {processor.py:925} INFO - DAG(s) 'my_first_dag' retrieved from /opt/airflow/dags/first_dag.py
[2025-11-15T17:38:47.647+0000] {logging_mixin.py:190} INFO - [2025-11-15T17:38:47.646+0000] {dag.py:3239} INFO - Sync 1 DAGs
[2025-11-15T17:38:47.803+0000] {logging_mixin.py:190} INFO - [2025-11-15T17:38:47.803+0000] {dag.py:4180} INFO - Setting next_dagrun for my_first_dag to 2025-11-14 00:00:00+00:00, run_after=2025-11-15 00:00:00+00:00
[2025-11-15T17:38:47.816+0000] {processor.py:208} INFO - Processing /opt/airflow/dags/first_dag.py took 0.218 seconds
[2025-11-15T17:39:17.990+0000] {processor.py:186} INFO - Started process (PID=4651) to work on /opt/airflow/dags/first_dag.py
[2025-11-15T17:39:17.991+0000] {processor.py:914} INFO - Processing file /opt/airflow/dags/first_dag.py for tasks to queue
[2025-11-15T17:39:17.992+0000] {logging_mixin.py:190} INFO - [2025-11-15T17:39:17.992+0000] {dagbag.py:588} INFO - Filling up the DagBag from /opt/airflow/dags/first_dag.py
[2025-11-15T17:39:18.005+0000] {processor.py:925} INFO - DAG(s) 'my_first_dag' retrieved from /opt/airflow/dags/first_dag.py
[2025-11-15T17:39:18.016+0000] {logging_mixin.py:190} INFO - [2025-11-15T17:39:18.016+0000] {dag.py:3239} INFO - Sync 1 DAGs
[2025-11-15T17:39:18.031+0000] {logging_mixin.py:190} INFO - [2025-11-15T17:39:18.031+0000] {dag.py:4180} INFO - Setting next_dagrun for my_first_dag to 2025-11-14 00:00:00+00:00, run_after=2025-11-15 00:00:00+00:00
[2025-11-15T17:39:18.049+0000] {processor.py:208} INFO - Processing /opt/airflow/dags/first_dag.py took 0.062 seconds
[2025-11-15T17:39:48.197+0000] {processor.py:186} INFO - Started process (PID=4717) to work on /opt/airflow/dags/first_dag.py
[2025-11-15T17:39:48.199+0000] {processor.py:914} INFO - Processing file /opt/airflow/dags/first_dag.py for tasks to queue
[2025-11-15T17:39:48.200+0000] {logging_mixin.py:190} INFO - [2025-11-15T17:39:48.200+0000] {dagbag.py:588} INFO - Filling up the DagBag from /opt/airflow/dags/first_dag.py
[2025-11-15T17:39:48.215+0000] {processor.py:925} INFO - DAG(s) 'my_first_dag' retrieved from /opt/airflow/dags/first_dag.py
[2025-11-15T17:39:48.227+0000] {logging_mixin.py:190} INFO - [2025-11-15T17:39:48.227+0000] {dag.py:3239} INFO - Sync 1 DAGs
[2025-11-15T17:39:48.241+0000] {logging_mixin.py:190} INFO - [2025-11-15T17:39:48.241+0000] {dag.py:4180} INFO - Setting next_dagrun for my_first_dag to 2025-11-14 00:00:00+00:00, run_after=2025-11-15 00:00:00+00:00
[2025-11-15T17:39:48.255+0000] {processor.py:208} INFO - Processing /opt/airflow/dags/first_dag.py took 0.061 seconds
[2025-11-15T17:40:19.177+0000] {processor.py:186} INFO - Started process (PID=4783) to work on /opt/airflow/dags/first_dag.py
[2025-11-15T17:40:19.177+0000] {processor.py:914} INFO - Processing file /opt/airflow/dags/first_dag.py for tasks to queue
[2025-11-15T17:40:19.178+0000] {logging_mixin.py:190} INFO - [2025-11-15T17:40:19.178+0000] {dagbag.py:588} INFO - Filling up the DagBag from /opt/airflow/dags/first_dag.py
[2025-11-15T17:40:19.191+0000] {processor.py:925} INFO - DAG(s) 'my_first_dag' retrieved from /opt/airflow/dags/first_dag.py
[2025-11-15T17:40:19.202+0000] {logging_mixin.py:190} INFO - [2025-11-15T17:40:19.202+0000] {dag.py:3239} INFO - Sync 1 DAGs
[2025-11-15T17:40:19.217+0000] {logging_mixin.py:190} INFO - [2025-11-15T17:40:19.217+0000] {dag.py:4180} INFO - Setting next_dagrun for my_first_dag to 2025-11-14 00:00:00+00:00, run_after=2025-11-15 00:00:00+00:00
[2025-11-15T17:40:19.229+0000] {processor.py:208} INFO - Processing /opt/airflow/dags/first_dag.py took 0.057 seconds
[2025-11-15T17:40:49.426+0000] {processor.py:186} INFO - Started process (PID=4843) to work on /opt/airflow/dags/first_dag.py
[2025-11-15T17:40:49.427+0000] {processor.py:914} INFO - Processing file /opt/airflow/dags/first_dag.py for tasks to queue
[2025-11-15T17:40:49.428+0000] {logging_mixin.py:190} INFO - [2025-11-15T17:40:49.428+0000] {dagbag.py:588} INFO - Filling up the DagBag from /opt/airflow/dags/first_dag.py
[2025-11-15T17:40:49.442+0000] {processor.py:925} INFO - DAG(s) 'my_first_dag' retrieved from /opt/airflow/dags/first_dag.py
[2025-11-15T17:40:49.454+0000] {logging_mixin.py:190} INFO - [2025-11-15T17:40:49.454+0000] {dag.py:3239} INFO - Sync 1 DAGs
[2025-11-15T17:40:49.468+0000] {logging_mixin.py:190} INFO - [2025-11-15T17:40:49.468+0000] {dag.py:4180} INFO - Setting next_dagrun for my_first_dag to 2025-11-14 00:00:00+00:00, run_after=2025-11-15 00:00:00+00:00
[2025-11-15T17:40:49.482+0000] {processor.py:208} INFO - Processing /opt/airflow/dags/first_dag.py took 0.060 seconds
[2025-11-15T17:41:19.659+0000] {processor.py:186} INFO - Started process (PID=4908) to work on /opt/airflow/dags/first_dag.py
[2025-11-15T17:41:19.659+0000] {processor.py:914} INFO - Processing file /opt/airflow/dags/first_dag.py for tasks to queue
[2025-11-15T17:41:19.661+0000] {logging_mixin.py:190} INFO - [2025-11-15T17:41:19.660+0000] {dagbag.py:588} INFO - Filling up the DagBag from /opt/airflow/dags/first_dag.py
[2025-11-15T17:41:19.680+0000] {processor.py:925} INFO - DAG(s) 'my_first_dag' retrieved from /opt/airflow/dags/first_dag.py
[2025-11-15T17:41:19.692+0000] {logging_mixin.py:190} INFO - [2025-11-15T17:41:19.692+0000] {dag.py:3239} INFO - Sync 1 DAGs
[2025-11-15T17:41:19.706+0000] {logging_mixin.py:190} INFO - [2025-11-15T17:41:19.706+0000] {dag.py:4180} INFO - Setting next_dagrun for my_first_dag to 2025-11-14 00:00:00+00:00, run_after=2025-11-15 00:00:00+00:00
[2025-11-15T17:41:19.719+0000] {processor.py:208} INFO - Processing /opt/airflow/dags/first_dag.py took 0.065 seconds
[2025-11-15T17:41:51.190+0000] {processor.py:186} INFO - Started process (PID=4964) to work on /opt/airflow/dags/first_dag.py
[2025-11-15T17:41:51.191+0000] {processor.py:914} INFO - Processing file /opt/airflow/dags/first_dag.py for tasks to queue
[2025-11-15T17:41:51.192+0000] {logging_mixin.py:190} INFO - [2025-11-15T17:41:51.192+0000] {dagbag.py:588} INFO - Filling up the DagBag from /opt/airflow/dags/first_dag.py
[2025-11-15T17:41:51.208+0000] {processor.py:925} INFO - DAG(s) 'my_first_dag' retrieved from /opt/airflow/dags/first_dag.py
[2025-11-15T17:41:51.221+0000] {logging_mixin.py:190} INFO - [2025-11-15T17:41:51.221+0000] {dag.py:3239} INFO - Sync 1 DAGs
[2025-11-15T17:41:51.236+0000] {logging_mixin.py:190} INFO - [2025-11-15T17:41:51.236+0000] {dag.py:4180} INFO - Setting next_dagrun for my_first_dag to 2025-11-14 00:00:00+00:00, run_after=2025-11-15 00:00:00+00:00
[2025-11-15T17:41:51.247+0000] {processor.py:208} INFO - Processing /opt/airflow/dags/first_dag.py took 0.062 seconds
[2025-11-15T17:42:23.243+0000] {processor.py:186} INFO - Started process (PID=5030) to work on /opt/airflow/dags/first_dag.py
[2025-11-15T17:42:23.244+0000] {processor.py:914} INFO - Processing file /opt/airflow/dags/first_dag.py for tasks to queue
[2025-11-15T17:42:23.245+0000] {logging_mixin.py:190} INFO - [2025-11-15T17:42:23.245+0000] {dagbag.py:588} INFO - Filling up the DagBag from /opt/airflow/dags/first_dag.py
[2025-11-15T17:42:23.259+0000] {processor.py:925} INFO - DAG(s) 'my_first_dag' retrieved from /opt/airflow/dags/first_dag.py
[2025-11-15T17:42:23.272+0000] {logging_mixin.py:190} INFO - [2025-11-15T17:42:23.272+0000] {dag.py:3239} INFO - Sync 1 DAGs
[2025-11-15T17:42:23.287+0000] {logging_mixin.py:190} INFO - [2025-11-15T17:42:23.286+0000] {dag.py:4180} INFO - Setting next_dagrun for my_first_dag to 2025-11-14 00:00:00+00:00, run_after=2025-11-15 00:00:00+00:00
[2025-11-15T17:42:23.300+0000] {processor.py:208} INFO - Processing /opt/airflow/dags/first_dag.py took 0.061 seconds
[2025-11-15T17:42:53.491+0000] {processor.py:186} INFO - Started process (PID=5082) to work on /opt/airflow/dags/first_dag.py
[2025-11-15T17:42:53.492+0000] {processor.py:914} INFO - Processing file /opt/airflow/dags/first_dag.py for tasks to queue
[2025-11-15T17:42:53.494+0000] {logging_mixin.py:190} INFO - [2025-11-15T17:42:53.493+0000] {dagbag.py:588} INFO - Filling up the DagBag from /opt/airflow/dags/first_dag.py
[2025-11-15T17:42:53.509+0000] {processor.py:925} INFO - DAG(s) 'my_first_dag' retrieved from /opt/airflow/dags/first_dag.py
[2025-11-15T17:42:53.522+0000] {logging_mixin.py:190} INFO - [2025-11-15T17:42:53.522+0000] {dag.py:3239} INFO - Sync 1 DAGs
[2025-11-15T17:42:53.537+0000] {logging_mixin.py:190} INFO - [2025-11-15T17:42:53.537+0000] {dag.py:4180} INFO - Setting next_dagrun for my_first_dag to 2025-11-14 00:00:00+00:00, run_after=2025-11-15 00:00:00+00:00
[2025-11-15T17:42:53.550+0000] {processor.py:208} INFO - Processing /opt/airflow/dags/first_dag.py took 0.064 seconds
[2025-11-15T17:43:23.724+0000] {processor.py:186} INFO - Started process (PID=5129) to work on /opt/airflow/dags/first_dag.py
[2025-11-15T17:43:23.725+0000] {processor.py:914} INFO - Processing file /opt/airflow/dags/first_dag.py for tasks to queue
[2025-11-15T17:43:23.726+0000] {logging_mixin.py:190} INFO - [2025-11-15T17:43:23.726+0000] {dagbag.py:588} INFO - Filling up the DagBag from /opt/airflow/dags/first_dag.py
[2025-11-15T17:43:23.745+0000] {processor.py:925} INFO - DAG(s) 'my_first_dag' retrieved from /opt/airflow/dags/first_dag.py
[2025-11-15T17:43:23.760+0000] {logging_mixin.py:190} INFO - [2025-11-15T17:43:23.759+0000] {dag.py:3239} INFO - Sync 1 DAGs
[2025-11-15T17:43:23.777+0000] {logging_mixin.py:190} INFO - [2025-11-15T17:43:23.776+0000] {dag.py:4180} INFO - Setting next_dagrun for my_first_dag to 2025-11-14 00:00:00+00:00, run_after=2025-11-15 00:00:00+00:00
[2025-11-15T17:43:23.790+0000] {processor.py:208} INFO - Processing /opt/airflow/dags/first_dag.py took 0.070 seconds
[2025-11-15T17:43:55.602+0000] {processor.py:186} INFO - Started process (PID=5194) to work on /opt/airflow/dags/first_dag.py
[2025-11-15T17:43:55.603+0000] {processor.py:914} INFO - Processing file /opt/airflow/dags/first_dag.py for tasks to queue
[2025-11-15T17:43:55.604+0000] {logging_mixin.py:190} INFO - [2025-11-15T17:43:55.604+0000] {dagbag.py:588} INFO - Filling up the DagBag from /opt/airflow/dags/first_dag.py
[2025-11-15T17:43:55.618+0000] {processor.py:925} INFO - DAG(s) 'my_first_dag' retrieved from /opt/airflow/dags/first_dag.py
[2025-11-15T17:43:55.635+0000] {logging_mixin.py:190} INFO - [2025-11-15T17:43:55.635+0000] {dag.py:3239} INFO - Sync 1 DAGs
[2025-11-15T17:43:55.652+0000] {logging_mixin.py:190} INFO - [2025-11-15T17:43:55.652+0000] {dag.py:4180} INFO - Setting next_dagrun for my_first_dag to 2025-11-14 00:00:00+00:00, run_after=2025-11-15 00:00:00+00:00
[2025-11-15T17:43:55.668+0000] {processor.py:208} INFO - Processing /opt/airflow/dags/first_dag.py took 0.071 seconds
[2025-11-15T17:44:27.262+0000] {processor.py:186} INFO - Started process (PID=5259) to work on /opt/airflow/dags/first_dag.py
[2025-11-15T17:44:27.262+0000] {processor.py:914} INFO - Processing file /opt/airflow/dags/first_dag.py for tasks to queue
[2025-11-15T17:44:27.263+0000] {logging_mixin.py:190} INFO - [2025-11-15T17:44:27.263+0000] {dagbag.py:588} INFO - Filling up the DagBag from /opt/airflow/dags/first_dag.py
[2025-11-15T17:44:27.277+0000] {processor.py:925} INFO - DAG(s) 'my_first_dag' retrieved from /opt/airflow/dags/first_dag.py
[2025-11-15T17:44:27.290+0000] {logging_mixin.py:190} INFO - [2025-11-15T17:44:27.290+0000] {dag.py:3239} INFO - Sync 1 DAGs
[2025-11-15T17:44:27.305+0000] {logging_mixin.py:190} INFO - [2025-11-15T17:44:27.305+0000] {dag.py:4180} INFO - Setting next_dagrun for my_first_dag to 2025-11-14 00:00:00+00:00, run_after=2025-11-15 00:00:00+00:00
[2025-11-15T17:44:27.321+0000] {processor.py:208} INFO - Processing /opt/airflow/dags/first_dag.py took 0.064 seconds
[2025-11-15T17:44:58.426+0000] {processor.py:186} INFO - Started process (PID=5324) to work on /opt/airflow/dags/first_dag.py
[2025-11-15T17:44:58.427+0000] {processor.py:914} INFO - Processing file /opt/airflow/dags/first_dag.py for tasks to queue
[2025-11-15T17:44:58.428+0000] {logging_mixin.py:190} INFO - [2025-11-15T17:44:58.427+0000] {dagbag.py:588} INFO - Filling up the DagBag from /opt/airflow/dags/first_dag.py
[2025-11-15T17:44:58.447+0000] {processor.py:925} INFO - DAG(s) 'my_first_dag' retrieved from /opt/airflow/dags/first_dag.py
[2025-11-15T17:44:58.463+0000] {logging_mixin.py:190} INFO - [2025-11-15T17:44:58.463+0000] {dag.py:3239} INFO - Sync 1 DAGs
[2025-11-15T17:44:58.478+0000] {logging_mixin.py:190} INFO - [2025-11-15T17:44:58.478+0000] {dag.py:4180} INFO - Setting next_dagrun for my_first_dag to 2025-11-14 00:00:00+00:00, run_after=2025-11-15 00:00:00+00:00
[2025-11-15T17:44:58.494+0000] {processor.py:208} INFO - Processing /opt/airflow/dags/first_dag.py took 0.072 seconds
[2025-11-15T17:45:28.753+0000] {processor.py:186} INFO - Started process (PID=5389) to work on /opt/airflow/dags/first_dag.py
[2025-11-15T17:45:28.754+0000] {processor.py:914} INFO - Processing file /opt/airflow/dags/first_dag.py for tasks to queue
[2025-11-15T17:45:28.755+0000] {logging_mixin.py:190} INFO - [2025-11-15T17:45:28.755+0000] {dagbag.py:588} INFO - Filling up the DagBag from /opt/airflow/dags/first_dag.py
[2025-11-15T17:45:28.768+0000] {processor.py:925} INFO - DAG(s) 'my_first_dag' retrieved from /opt/airflow/dags/first_dag.py
[2025-11-15T17:45:28.783+0000] {logging_mixin.py:190} INFO - [2025-11-15T17:45:28.783+0000] {dag.py:3239} INFO - Sync 1 DAGs
[2025-11-15T17:45:28.800+0000] {logging_mixin.py:190} INFO - [2025-11-15T17:45:28.800+0000] {dag.py:4180} INFO - Setting next_dagrun for my_first_dag to 2025-11-14 00:00:00+00:00, run_after=2025-11-15 00:00:00+00:00
[2025-11-15T17:45:29.743+0000] {processor.py:208} INFO - Processing /opt/airflow/dags/first_dag.py took 0.068 seconds
[2025-11-15T17:46:01.977+0000] {processor.py:186} INFO - Started process (PID=5454) to work on /opt/airflow/dags/first_dag.py
[2025-11-15T17:46:01.979+0000] {processor.py:914} INFO - Processing file /opt/airflow/dags/first_dag.py for tasks to queue
[2025-11-15T17:46:01.980+0000] {logging_mixin.py:190} INFO - [2025-11-15T17:46:01.979+0000] {dagbag.py:588} INFO - Filling up the DagBag from /opt/airflow/dags/first_dag.py
[2025-11-15T17:46:01.995+0000] {processor.py:925} INFO - DAG(s) 'my_first_dag' retrieved from /opt/airflow/dags/first_dag.py
[2025-11-15T17:46:02.010+0000] {logging_mixin.py:190} INFO - [2025-11-15T17:46:02.010+0000] {dag.py:3239} INFO - Sync 1 DAGs
[2025-11-15T17:46:02.026+0000] {logging_mixin.py:190} INFO - [2025-11-15T17:46:02.026+0000] {dag.py:4180} INFO - Setting next_dagrun for my_first_dag to 2025-11-14 00:00:00+00:00, run_after=2025-11-15 00:00:00+00:00
[2025-11-15T17:46:02.043+0000] {processor.py:208} INFO - Processing /opt/airflow/dags/first_dag.py took 0.070 seconds
[2025-11-15T17:46:32.929+0000] {processor.py:186} INFO - Started process (PID=5519) to work on /opt/airflow/dags/first_dag.py
[2025-11-15T17:46:32.930+0000] {processor.py:914} INFO - Processing file /opt/airflow/dags/first_dag.py for tasks to queue
[2025-11-15T17:46:32.931+0000] {logging_mixin.py:190} INFO - [2025-11-15T17:46:32.931+0000] {dagbag.py:588} INFO - Filling up the DagBag from /opt/airflow/dags/first_dag.py
[2025-11-15T17:46:32.945+0000] {processor.py:925} INFO - DAG(s) 'my_first_dag' retrieved from /opt/airflow/dags/first_dag.py
[2025-11-15T17:46:32.958+0000] {logging_mixin.py:190} INFO - [2025-11-15T17:46:32.958+0000] {dag.py:3239} INFO - Sync 1 DAGs
[2025-11-15T17:46:32.972+0000] {logging_mixin.py:190} INFO - [2025-11-15T17:46:32.972+0000] {dag.py:4180} INFO - Setting next_dagrun for my_first_dag to 2025-11-14 00:00:00+00:00, run_after=2025-11-15 00:00:00+00:00
[2025-11-15T17:46:32.985+0000] {processor.py:208} INFO - Processing /opt/airflow/dags/first_dag.py took 0.060 seconds
[2025-11-15T17:47:05.176+0000] {processor.py:186} INFO - Started process (PID=5584) to work on /opt/airflow/dags/first_dag.py
[2025-11-15T17:47:05.176+0000] {processor.py:914} INFO - Processing file /opt/airflow/dags/first_dag.py for tasks to queue
[2025-11-15T17:47:05.177+0000] {logging_mixin.py:190} INFO - [2025-11-15T17:47:05.177+0000] {dagbag.py:588} INFO - Filling up the DagBag from /opt/airflow/dags/first_dag.py
[2025-11-15T17:47:05.194+0000] {processor.py:925} INFO - DAG(s) 'my_first_dag' retrieved from /opt/airflow/dags/first_dag.py
[2025-11-15T17:47:05.208+0000] {logging_mixin.py:190} INFO - [2025-11-15T17:47:05.208+0000] {dag.py:3239} INFO - Sync 1 DAGs
[2025-11-15T17:47:05.226+0000] {logging_mixin.py:190} INFO - [2025-11-15T17:47:05.226+0000] {dag.py:4180} INFO - Setting next_dagrun for my_first_dag to 2025-11-14 00:00:00+00:00, run_after=2025-11-15 00:00:00+00:00
[2025-11-15T17:47:05.244+0000] {processor.py:208} INFO - Processing /opt/airflow/dags/first_dag.py took 0.072 seconds
[2025-11-15T17:47:36.661+0000] {processor.py:186} INFO - Started process (PID=5649) to work on /opt/airflow/dags/first_dag.py
[2025-11-15T17:47:36.661+0000] {processor.py:914} INFO - Processing file /opt/airflow/dags/first_dag.py for tasks to queue
[2025-11-15T17:47:36.662+0000] {logging_mixin.py:190} INFO - [2025-11-15T17:47:36.662+0000] {dagbag.py:588} INFO - Filling up the DagBag from /opt/airflow/dags/first_dag.py
[2025-11-15T17:47:36.680+0000] {processor.py:925} INFO - DAG(s) 'my_first_dag' retrieved from /opt/airflow/dags/first_dag.py
[2025-11-15T17:47:36.696+0000] {logging_mixin.py:190} INFO - [2025-11-15T17:47:36.696+0000] {dag.py:3239} INFO - Sync 1 DAGs
[2025-11-15T17:47:36.713+0000] {logging_mixin.py:190} INFO - [2025-11-15T17:47:36.713+0000] {dag.py:4180} INFO - Setting next_dagrun for my_first_dag to 2025-11-14 00:00:00+00:00, run_after=2025-11-15 00:00:00+00:00
[2025-11-15T17:47:36.732+0000] {processor.py:208} INFO - Processing /opt/airflow/dags/first_dag.py took 0.075 seconds
[2025-11-15T17:48:08.581+0000] {processor.py:186} INFO - Started process (PID=5714) to work on /opt/airflow/dags/first_dag.py
[2025-11-15T17:48:08.582+0000] {processor.py:914} INFO - Processing file /opt/airflow/dags/first_dag.py for tasks to queue
[2025-11-15T17:48:08.583+0000] {logging_mixin.py:190} INFO - [2025-11-15T17:48:08.583+0000] {dagbag.py:588} INFO - Filling up the DagBag from /opt/airflow/dags/first_dag.py
[2025-11-15T17:48:08.601+0000] {processor.py:925} INFO - DAG(s) 'my_first_dag' retrieved from /opt/airflow/dags/first_dag.py
[2025-11-15T17:48:08.616+0000] {logging_mixin.py:190} INFO - [2025-11-15T17:48:08.616+0000] {dag.py:3239} INFO - Sync 1 DAGs
[2025-11-15T17:48:08.632+0000] {logging_mixin.py:190} INFO - [2025-11-15T17:48:08.632+0000] {dag.py:4180} INFO - Setting next_dagrun for my_first_dag to 2025-11-14 00:00:00+00:00, run_after=2025-11-15 00:00:00+00:00
[2025-11-15T17:48:08.647+0000] {processor.py:208} INFO - Processing /opt/airflow/dags/first_dag.py took 0.069 seconds
[2025-11-15T17:48:39.882+0000] {processor.py:186} INFO - Started process (PID=5779) to work on /opt/airflow/dags/first_dag.py
[2025-11-15T17:48:39.883+0000] {processor.py:914} INFO - Processing file /opt/airflow/dags/first_dag.py for tasks to queue
[2025-11-15T17:48:39.884+0000] {logging_mixin.py:190} INFO - [2025-11-15T17:48:39.884+0000] {dagbag.py:588} INFO - Filling up the DagBag from /opt/airflow/dags/first_dag.py
[2025-11-15T17:48:39.901+0000] {processor.py:925} INFO - DAG(s) 'my_first_dag' retrieved from /opt/airflow/dags/first_dag.py
[2025-11-15T17:48:39.917+0000] {logging_mixin.py:190} INFO - [2025-11-15T17:48:39.916+0000] {dag.py:3239} INFO - Sync 1 DAGs
[2025-11-15T17:48:39.932+0000] {logging_mixin.py:190} INFO - [2025-11-15T17:48:39.932+0000] {dag.py:4180} INFO - Setting next_dagrun for my_first_dag to 2025-11-14 00:00:00+00:00, run_after=2025-11-15 00:00:00+00:00
[2025-11-15T17:48:39.948+0000] {processor.py:208} INFO - Processing /opt/airflow/dags/first_dag.py took 0.070 seconds
[2025-11-15T17:49:11.191+0000] {processor.py:186} INFO - Started process (PID=5845) to work on /opt/airflow/dags/first_dag.py
[2025-11-15T17:49:11.192+0000] {processor.py:914} INFO - Processing file /opt/airflow/dags/first_dag.py for tasks to queue
[2025-11-15T17:49:11.194+0000] {logging_mixin.py:190} INFO - [2025-11-15T17:49:11.193+0000] {dagbag.py:588} INFO - Filling up the DagBag from /opt/airflow/dags/first_dag.py
[2025-11-15T17:49:11.212+0000] {processor.py:925} INFO - DAG(s) 'my_first_dag' retrieved from /opt/airflow/dags/first_dag.py
[2025-11-15T17:49:11.230+0000] {logging_mixin.py:190} INFO - [2025-11-15T17:49:11.229+0000] {dag.py:3239} INFO - Sync 1 DAGs
[2025-11-15T17:49:11.247+0000] {logging_mixin.py:190} INFO - [2025-11-15T17:49:11.247+0000] {dag.py:4180} INFO - Setting next_dagrun for my_first_dag to 2025-11-14 00:00:00+00:00, run_after=2025-11-15 00:00:00+00:00
[2025-11-15T17:49:11.265+0000] {processor.py:208} INFO - Processing /opt/airflow/dags/first_dag.py took 0.078 seconds
[2025-11-15T17:49:42.454+0000] {processor.py:186} INFO - Started process (PID=5910) to work on /opt/airflow/dags/first_dag.py
[2025-11-15T17:49:42.454+0000] {processor.py:914} INFO - Processing file /opt/airflow/dags/first_dag.py for tasks to queue
[2025-11-15T17:49:42.455+0000] {logging_mixin.py:190} INFO - [2025-11-15T17:49:42.455+0000] {dagbag.py:588} INFO - Filling up the DagBag from /opt/airflow/dags/first_dag.py
[2025-11-15T17:49:42.475+0000] {processor.py:925} INFO - DAG(s) 'my_first_dag' retrieved from /opt/airflow/dags/first_dag.py
[2025-11-15T17:49:42.489+0000] {logging_mixin.py:190} INFO - [2025-11-15T17:49:42.488+0000] {dag.py:3239} INFO - Sync 1 DAGs
[2025-11-15T17:49:42.503+0000] {logging_mixin.py:190} INFO - [2025-11-15T17:49:42.503+0000] {dag.py:4180} INFO - Setting next_dagrun for my_first_dag to 2025-11-14 00:00:00+00:00, run_after=2025-11-15 00:00:00+00:00
[2025-11-15T17:49:42.522+0000] {processor.py:208} INFO - Processing /opt/airflow/dags/first_dag.py took 0.073 seconds
[2025-11-15T17:50:14.450+0000] {processor.py:186} INFO - Started process (PID=5975) to work on /opt/airflow/dags/first_dag.py
[2025-11-15T17:50:14.451+0000] {processor.py:914} INFO - Processing file /opt/airflow/dags/first_dag.py for tasks to queue
[2025-11-15T17:50:14.452+0000] {logging_mixin.py:190} INFO - [2025-11-15T17:50:14.452+0000] {dagbag.py:588} INFO - Filling up the DagBag from /opt/airflow/dags/first_dag.py
[2025-11-15T17:50:14.468+0000] {processor.py:925} INFO - DAG(s) 'my_first_dag' retrieved from /opt/airflow/dags/first_dag.py
[2025-11-15T17:50:14.482+0000] {logging_mixin.py:190} INFO - [2025-11-15T17:50:14.482+0000] {dag.py:3239} INFO - Sync 1 DAGs
[2025-11-15T17:50:14.497+0000] {logging_mixin.py:190} INFO - [2025-11-15T17:50:14.497+0000] {dag.py:4180} INFO - Setting next_dagrun for my_first_dag to 2025-11-14 00:00:00+00:00, run_after=2025-11-15 00:00:00+00:00
[2025-11-15T17:50:14.511+0000] {processor.py:208} INFO - Processing /opt/airflow/dags/first_dag.py took 0.066 seconds
[2025-11-15T17:50:44.650+0000] {processor.py:186} INFO - Started process (PID=6040) to work on /opt/airflow/dags/first_dag.py
[2025-11-15T17:50:44.651+0000] {processor.py:914} INFO - Processing file /opt/airflow/dags/first_dag.py for tasks to queue
[2025-11-15T17:50:44.653+0000] {logging_mixin.py:190} INFO - [2025-11-15T17:50:44.653+0000] {dagbag.py:588} INFO - Filling up the DagBag from /opt/airflow/dags/first_dag.py
[2025-11-15T17:50:44.670+0000] {processor.py:925} INFO - DAG(s) 'my_first_dag' retrieved from /opt/airflow/dags/first_dag.py
[2025-11-15T17:50:44.685+0000] {logging_mixin.py:190} INFO - [2025-11-15T17:50:44.684+0000] {dag.py:3239} INFO - Sync 1 DAGs
[2025-11-15T17:50:44.701+0000] {logging_mixin.py:190} INFO - [2025-11-15T17:50:44.700+0000] {dag.py:4180} INFO - Setting next_dagrun for my_first_dag to 2025-11-14 00:00:00+00:00, run_after=2025-11-15 00:00:00+00:00
[2025-11-15T17:50:45.680+0000] {processor.py:208} INFO - Processing /opt/airflow/dags/first_dag.py took 0.069 seconds
[2025-11-15T17:51:17.783+0000] {processor.py:186} INFO - Started process (PID=6105) to work on /opt/airflow/dags/first_dag.py
[2025-11-15T17:51:17.784+0000] {processor.py:914} INFO - Processing file /opt/airflow/dags/first_dag.py for tasks to queue
[2025-11-15T17:51:17.785+0000] {logging_mixin.py:190} INFO - [2025-11-15T17:51:17.785+0000] {dagbag.py:588} INFO - Filling up the DagBag from /opt/airflow/dags/first_dag.py
[2025-11-15T17:51:17.799+0000] {processor.py:925} INFO - DAG(s) 'my_first_dag' retrieved from /opt/airflow/dags/first_dag.py
[2025-11-15T17:51:17.811+0000] {logging_mixin.py:190} INFO - [2025-11-15T17:51:17.811+0000] {dag.py:3239} INFO - Sync 1 DAGs
[2025-11-15T17:51:17.826+0000] {logging_mixin.py:190} INFO - [2025-11-15T17:51:17.826+0000] {dag.py:4180} INFO - Setting next_dagrun for my_first_dag to 2025-11-14 00:00:00+00:00, run_after=2025-11-15 00:00:00+00:00
[2025-11-15T17:51:17.840+0000] {processor.py:208} INFO - Processing /opt/airflow/dags/first_dag.py took 0.060 seconds
[2025-11-15T17:51:49.331+0000] {processor.py:186} INFO - Started process (PID=6171) to work on /opt/airflow/dags/first_dag.py
[2025-11-15T17:51:49.331+0000] {processor.py:914} INFO - Processing file /opt/airflow/dags/first_dag.py for tasks to queue
[2025-11-15T17:51:49.332+0000] {logging_mixin.py:190} INFO - [2025-11-15T17:51:49.332+0000] {dagbag.py:588} INFO - Filling up the DagBag from /opt/airflow/dags/first_dag.py
[2025-11-15T17:51:49.345+0000] {processor.py:925} INFO - DAG(s) 'my_first_dag' retrieved from /opt/airflow/dags/first_dag.py
[2025-11-15T17:51:49.362+0000] {logging_mixin.py:190} INFO - [2025-11-15T17:51:49.362+0000] {dag.py:3239} INFO - Sync 1 DAGs
[2025-11-15T17:51:49.378+0000] {logging_mixin.py:190} INFO - [2025-11-15T17:51:49.378+0000] {dag.py:4180} INFO - Setting next_dagrun for my_first_dag to 2025-11-14 00:00:00+00:00, run_after=2025-11-15 00:00:00+00:00
[2025-11-15T17:51:49.393+0000] {processor.py:208} INFO - Processing /opt/airflow/dags/first_dag.py took 0.067 seconds
[2025-11-15T17:52:21.324+0000] {processor.py:186} INFO - Started process (PID=6236) to work on /opt/airflow/dags/first_dag.py
[2025-11-15T17:52:21.325+0000] {processor.py:914} INFO - Processing file /opt/airflow/dags/first_dag.py for tasks to queue
[2025-11-15T17:52:21.326+0000] {logging_mixin.py:190} INFO - [2025-11-15T17:52:21.326+0000] {dagbag.py:588} INFO - Filling up the DagBag from /opt/airflow/dags/first_dag.py
[2025-11-15T17:52:21.341+0000] {processor.py:925} INFO - DAG(s) 'my_first_dag' retrieved from /opt/airflow/dags/first_dag.py
[2025-11-15T17:52:21.355+0000] {logging_mixin.py:190} INFO - [2025-11-15T17:52:21.355+0000] {dag.py:3239} INFO - Sync 1 DAGs
[2025-11-15T17:52:21.371+0000] {logging_mixin.py:190} INFO - [2025-11-15T17:52:21.371+0000] {dag.py:4180} INFO - Setting next_dagrun for my_first_dag to 2025-11-14 00:00:00+00:00, run_after=2025-11-15 00:00:00+00:00
[2025-11-15T17:52:21.388+0000] {processor.py:208} INFO - Processing /opt/airflow/dags/first_dag.py took 0.067 seconds
[2025-11-15T17:52:52.621+0000] {processor.py:186} INFO - Started process (PID=6301) to work on /opt/airflow/dags/first_dag.py
[2025-11-15T17:52:52.622+0000] {processor.py:914} INFO - Processing file /opt/airflow/dags/first_dag.py for tasks to queue
[2025-11-15T17:52:52.623+0000] {logging_mixin.py:190} INFO - [2025-11-15T17:52:52.622+0000] {dagbag.py:588} INFO - Filling up the DagBag from /opt/airflow/dags/first_dag.py
[2025-11-15T17:52:52.639+0000] {processor.py:925} INFO - DAG(s) 'my_first_dag' retrieved from /opt/airflow/dags/first_dag.py
[2025-11-15T17:52:52.652+0000] {logging_mixin.py:190} INFO - [2025-11-15T17:52:52.652+0000] {dag.py:3239} INFO - Sync 1 DAGs
[2025-11-15T17:52:52.666+0000] {logging_mixin.py:190} INFO - [2025-11-15T17:52:52.666+0000] {dag.py:4180} INFO - Setting next_dagrun for my_first_dag to 2025-11-14 00:00:00+00:00, run_after=2025-11-15 00:00:00+00:00
[2025-11-15T17:52:52.680+0000] {processor.py:208} INFO - Processing /opt/airflow/dags/first_dag.py took 0.063 seconds
[2025-11-15T17:53:22.786+0000] {processor.py:186} INFO - Started process (PID=6366) to work on /opt/airflow/dags/first_dag.py
[2025-11-15T17:53:22.787+0000] {processor.py:914} INFO - Processing file /opt/airflow/dags/first_dag.py for tasks to queue
[2025-11-15T17:53:22.788+0000] {logging_mixin.py:190} INFO - [2025-11-15T17:53:22.788+0000] {dagbag.py:588} INFO - Filling up the DagBag from /opt/airflow/dags/first_dag.py
[2025-11-15T17:53:22.802+0000] {processor.py:925} INFO - DAG(s) 'my_first_dag' retrieved from /opt/airflow/dags/first_dag.py
[2025-11-15T17:53:22.815+0000] {logging_mixin.py:190} INFO - [2025-11-15T17:53:22.814+0000] {dag.py:3239} INFO - Sync 1 DAGs
[2025-11-15T17:53:22.832+0000] {logging_mixin.py:190} INFO - [2025-11-15T17:53:22.832+0000] {dag.py:4180} INFO - Setting next_dagrun for my_first_dag to 2025-11-14 00:00:00+00:00, run_after=2025-11-15 00:00:00+00:00
[2025-11-15T17:53:22.848+0000] {processor.py:208} INFO - Processing /opt/airflow/dags/first_dag.py took 0.066 seconds
[2025-11-15T17:53:53.487+0000] {processor.py:186} INFO - Started process (PID=6431) to work on /opt/airflow/dags/first_dag.py
[2025-11-15T17:53:53.488+0000] {processor.py:914} INFO - Processing file /opt/airflow/dags/first_dag.py for tasks to queue
[2025-11-15T17:53:53.489+0000] {logging_mixin.py:190} INFO - [2025-11-15T17:53:53.488+0000] {dagbag.py:588} INFO - Filling up the DagBag from /opt/airflow/dags/first_dag.py
[2025-11-15T17:53:53.501+0000] {processor.py:925} INFO - DAG(s) 'my_first_dag' retrieved from /opt/airflow/dags/first_dag.py
[2025-11-15T17:53:53.514+0000] {logging_mixin.py:190} INFO - [2025-11-15T17:53:53.513+0000] {dag.py:3239} INFO - Sync 1 DAGs
[2025-11-15T17:53:53.530+0000] {logging_mixin.py:190} INFO - [2025-11-15T17:53:53.530+0000] {dag.py:4180} INFO - Setting next_dagrun for my_first_dag to 2025-11-14 00:00:00+00:00, run_after=2025-11-15 00:00:00+00:00
[2025-11-15T17:53:53.547+0000] {processor.py:208} INFO - Processing /opt/airflow/dags/first_dag.py took 0.064 seconds
[2025-11-15T17:54:24.446+0000] {processor.py:186} INFO - Started process (PID=6496) to work on /opt/airflow/dags/first_dag.py
[2025-11-15T17:54:24.447+0000] {processor.py:914} INFO - Processing file /opt/airflow/dags/first_dag.py for tasks to queue
[2025-11-15T17:54:24.448+0000] {logging_mixin.py:190} INFO - [2025-11-15T17:54:24.447+0000] {dagbag.py:588} INFO - Filling up the DagBag from /opt/airflow/dags/first_dag.py
[2025-11-15T17:54:24.465+0000] {processor.py:925} INFO - DAG(s) 'my_first_dag' retrieved from /opt/airflow/dags/first_dag.py
[2025-11-15T17:54:24.480+0000] {logging_mixin.py:190} INFO - [2025-11-15T17:54:24.480+0000] {dag.py:3239} INFO - Sync 1 DAGs
[2025-11-15T17:54:24.497+0000] {logging_mixin.py:190} INFO - [2025-11-15T17:54:24.497+0000] {dag.py:4180} INFO - Setting next_dagrun for my_first_dag to 2025-11-14 00:00:00+00:00, run_after=2025-11-15 00:00:00+00:00
[2025-11-15T17:54:24.515+0000] {processor.py:208} INFO - Processing /opt/airflow/dags/first_dag.py took 0.073 seconds
[2025-11-15T17:54:54.647+0000] {processor.py:186} INFO - Started process (PID=6561) to work on /opt/airflow/dags/first_dag.py
[2025-11-15T17:54:54.648+0000] {processor.py:914} INFO - Processing file /opt/airflow/dags/first_dag.py for tasks to queue
[2025-11-15T17:54:54.649+0000] {logging_mixin.py:190} INFO - [2025-11-15T17:54:54.649+0000] {dagbag.py:588} INFO - Filling up the DagBag from /opt/airflow/dags/first_dag.py
[2025-11-15T17:54:54.667+0000] {processor.py:925} INFO - DAG(s) 'my_first_dag' retrieved from /opt/airflow/dags/first_dag.py
[2025-11-15T17:54:54.679+0000] {logging_mixin.py:190} INFO - [2025-11-15T17:54:54.679+0000] {dag.py:3239} INFO - Sync 1 DAGs
[2025-11-15T17:54:54.696+0000] {logging_mixin.py:190} INFO - [2025-11-15T17:54:54.696+0000] {dag.py:4180} INFO - Setting next_dagrun for my_first_dag to 2025-11-14 00:00:00+00:00, run_after=2025-11-15 00:00:00+00:00
[2025-11-15T17:54:54.713+0000] {processor.py:208} INFO - Processing /opt/airflow/dags/first_dag.py took 0.070 seconds
[2025-11-15T17:55:25.045+0000] {processor.py:186} INFO - Started process (PID=6626) to work on /opt/airflow/dags/first_dag.py
[2025-11-15T17:55:25.046+0000] {processor.py:914} INFO - Processing file /opt/airflow/dags/first_dag.py for tasks to queue
[2025-11-15T17:55:25.047+0000] {logging_mixin.py:190} INFO - [2025-11-15T17:55:25.047+0000] {dagbag.py:588} INFO - Filling up the DagBag from /opt/airflow/dags/first_dag.py
[2025-11-15T17:55:25.061+0000] {processor.py:925} INFO - DAG(s) 'my_first_dag' retrieved from /opt/airflow/dags/first_dag.py
[2025-11-15T17:55:25.075+0000] {logging_mixin.py:190} INFO - [2025-11-15T17:55:25.075+0000] {dag.py:3239} INFO - Sync 1 DAGs
[2025-11-15T17:55:25.090+0000] {logging_mixin.py:190} INFO - [2025-11-15T17:55:25.090+0000] {dag.py:4180} INFO - Setting next_dagrun for my_first_dag to 2025-11-14 00:00:00+00:00, run_after=2025-11-15 00:00:00+00:00
[2025-11-15T17:55:25.104+0000] {processor.py:208} INFO - Processing /opt/airflow/dags/first_dag.py took 0.063 seconds
[2025-11-15T17:55:55.420+0000] {processor.py:186} INFO - Started process (PID=6691) to work on /opt/airflow/dags/first_dag.py
[2025-11-15T17:55:55.421+0000] {processor.py:914} INFO - Processing file /opt/airflow/dags/first_dag.py for tasks to queue
[2025-11-15T17:55:55.422+0000] {logging_mixin.py:190} INFO - [2025-11-15T17:55:55.422+0000] {dagbag.py:588} INFO - Filling up the DagBag from /opt/airflow/dags/first_dag.py
[2025-11-15T17:55:55.434+0000] {processor.py:925} INFO - DAG(s) 'my_first_dag' retrieved from /opt/airflow/dags/first_dag.py
[2025-11-15T17:55:55.446+0000] {logging_mixin.py:190} INFO - [2025-11-15T17:55:55.446+0000] {dag.py:3239} INFO - Sync 1 DAGs
[2025-11-15T17:55:55.461+0000] {logging_mixin.py:190} INFO - [2025-11-15T17:55:55.461+0000] {dag.py:4180} INFO - Setting next_dagrun for my_first_dag to 2025-11-14 00:00:00+00:00, run_after=2025-11-15 00:00:00+00:00
[2025-11-15T17:55:55.477+0000] {processor.py:208} INFO - Processing /opt/airflow/dags/first_dag.py took 0.060 seconds
[2025-11-15T17:56:25.729+0000] {processor.py:186} INFO - Started process (PID=6756) to work on /opt/airflow/dags/first_dag.py
[2025-11-15T17:56:25.730+0000] {processor.py:914} INFO - Processing file /opt/airflow/dags/first_dag.py for tasks to queue
[2025-11-15T17:56:25.732+0000] {logging_mixin.py:190} INFO - [2025-11-15T17:56:25.732+0000] {dagbag.py:588} INFO - Filling up the DagBag from /opt/airflow/dags/first_dag.py
[2025-11-15T17:56:25.751+0000] {processor.py:925} INFO - DAG(s) 'my_first_dag' retrieved from /opt/airflow/dags/first_dag.py
[2025-11-15T17:56:25.769+0000] {logging_mixin.py:190} INFO - [2025-11-15T17:56:25.769+0000] {dag.py:3239} INFO - Sync 1 DAGs
[2025-11-15T17:56:25.790+0000] {logging_mixin.py:190} INFO - [2025-11-15T17:56:25.790+0000] {dag.py:4180} INFO - Setting next_dagrun for my_first_dag to 2025-11-14 00:00:00+00:00, run_after=2025-11-15 00:00:00+00:00
[2025-11-15T17:56:25.818+0000] {processor.py:208} INFO - Processing /opt/airflow/dags/first_dag.py took 0.094 seconds
[2025-11-15T17:56:56.281+0000] {processor.py:186} INFO - Started process (PID=6820) to work on /opt/airflow/dags/first_dag.py
[2025-11-15T17:56:56.282+0000] {processor.py:914} INFO - Processing file /opt/airflow/dags/first_dag.py for tasks to queue
[2025-11-15T17:56:56.283+0000] {logging_mixin.py:190} INFO - [2025-11-15T17:56:56.283+0000] {dagbag.py:588} INFO - Filling up the DagBag from /opt/airflow/dags/first_dag.py
[2025-11-15T17:56:56.297+0000] {processor.py:925} INFO - DAG(s) 'my_first_dag' retrieved from /opt/airflow/dags/first_dag.py
[2025-11-15T17:56:56.311+0000] {logging_mixin.py:190} INFO - [2025-11-15T17:56:56.311+0000] {dag.py:3239} INFO - Sync 1 DAGs
[2025-11-15T17:56:56.328+0000] {logging_mixin.py:190} INFO - [2025-11-15T17:56:56.328+0000] {dag.py:4180} INFO - Setting next_dagrun for my_first_dag to 2025-11-14 00:00:00+00:00, run_after=2025-11-15 00:00:00+00:00
[2025-11-15T17:56:56.349+0000] {processor.py:208} INFO - Processing /opt/airflow/dags/first_dag.py took 0.072 seconds
[2025-11-15T17:57:26.997+0000] {processor.py:186} INFO - Started process (PID=6885) to work on /opt/airflow/dags/first_dag.py
[2025-11-15T17:57:26.998+0000] {processor.py:914} INFO - Processing file /opt/airflow/dags/first_dag.py for tasks to queue
[2025-11-15T17:57:26.999+0000] {logging_mixin.py:190} INFO - [2025-11-15T17:57:26.999+0000] {dagbag.py:588} INFO - Filling up the DagBag from /opt/airflow/dags/first_dag.py
[2025-11-15T17:57:27.014+0000] {processor.py:925} INFO - DAG(s) 'my_first_dag' retrieved from /opt/airflow/dags/first_dag.py
[2025-11-15T17:57:27.027+0000] {logging_mixin.py:190} INFO - [2025-11-15T17:57:27.026+0000] {dag.py:3239} INFO - Sync 1 DAGs
[2025-11-15T17:57:27.042+0000] {logging_mixin.py:190} INFO - [2025-11-15T17:57:27.041+0000] {dag.py:4180} INFO - Setting next_dagrun for my_first_dag to 2025-11-14 00:00:00+00:00, run_after=2025-11-15 00:00:00+00:00
[2025-11-15T17:57:27.058+0000] {processor.py:208} INFO - Processing /opt/airflow/dags/first_dag.py took 0.065 seconds
[2025-11-15T17:57:57.795+0000] {processor.py:186} INFO - Started process (PID=6950) to work on /opt/airflow/dags/first_dag.py
[2025-11-15T17:57:57.796+0000] {processor.py:914} INFO - Processing file /opt/airflow/dags/first_dag.py for tasks to queue
[2025-11-15T17:57:57.797+0000] {logging_mixin.py:190} INFO - [2025-11-15T17:57:57.797+0000] {dagbag.py:588} INFO - Filling up the DagBag from /opt/airflow/dags/first_dag.py
[2025-11-15T17:57:57.812+0000] {processor.py:925} INFO - DAG(s) 'my_first_dag' retrieved from /opt/airflow/dags/first_dag.py
[2025-11-15T17:57:57.825+0000] {logging_mixin.py:190} INFO - [2025-11-15T17:57:57.825+0000] {dag.py:3239} INFO - Sync 1 DAGs
[2025-11-15T17:57:57.839+0000] {logging_mixin.py:190} INFO - [2025-11-15T17:57:57.839+0000] {dag.py:4180} INFO - Setting next_dagrun for my_first_dag to 2025-11-14 00:00:00+00:00, run_after=2025-11-15 00:00:00+00:00
[2025-11-15T17:57:57.856+0000] {processor.py:208} INFO - Processing /opt/airflow/dags/first_dag.py took 0.064 seconds
[2025-11-15T17:58:28.149+0000] {processor.py:186} INFO - Started process (PID=7015) to work on /opt/airflow/dags/first_dag.py
[2025-11-15T17:58:28.150+0000] {processor.py:914} INFO - Processing file /opt/airflow/dags/first_dag.py for tasks to queue
[2025-11-15T17:58:28.151+0000] {logging_mixin.py:190} INFO - [2025-11-15T17:58:28.151+0000] {dagbag.py:588} INFO - Filling up the DagBag from /opt/airflow/dags/first_dag.py
[2025-11-15T17:58:28.176+0000] {processor.py:925} INFO - DAG(s) 'my_first_dag' retrieved from /opt/airflow/dags/first_dag.py
[2025-11-15T17:58:28.191+0000] {logging_mixin.py:190} INFO - [2025-11-15T17:58:28.191+0000] {dag.py:3239} INFO - Sync 1 DAGs
[2025-11-15T17:58:28.207+0000] {logging_mixin.py:190} INFO - [2025-11-15T17:58:28.207+0000] {dag.py:4180} INFO - Setting next_dagrun for my_first_dag to 2025-11-14 00:00:00+00:00, run_after=2025-11-15 00:00:00+00:00
[2025-11-15T17:58:28.221+0000] {processor.py:208} INFO - Processing /opt/airflow/dags/first_dag.py took 0.076 seconds
[2025-11-15T17:58:58.858+0000] {processor.py:186} INFO - Started process (PID=7080) to work on /opt/airflow/dags/first_dag.py
[2025-11-15T17:58:58.859+0000] {processor.py:914} INFO - Processing file /opt/airflow/dags/first_dag.py for tasks to queue
[2025-11-15T17:58:58.860+0000] {logging_mixin.py:190} INFO - [2025-11-15T17:58:58.860+0000] {dagbag.py:588} INFO - Filling up the DagBag from /opt/airflow/dags/first_dag.py
[2025-11-15T17:58:58.875+0000] {processor.py:925} INFO - DAG(s) 'my_first_dag' retrieved from /opt/airflow/dags/first_dag.py
[2025-11-15T17:58:58.887+0000] {logging_mixin.py:190} INFO - [2025-11-15T17:58:58.887+0000] {dag.py:3239} INFO - Sync 1 DAGs
[2025-11-15T17:58:58.904+0000] {logging_mixin.py:190} INFO - [2025-11-15T17:58:58.904+0000] {dag.py:4180} INFO - Setting next_dagrun for my_first_dag to 2025-11-14 00:00:00+00:00, run_after=2025-11-15 00:00:00+00:00
[2025-11-15T17:58:58.918+0000] {processor.py:208} INFO - Processing /opt/airflow/dags/first_dag.py took 0.064 seconds
[2025-11-15T17:59:29.592+0000] {processor.py:186} INFO - Started process (PID=7145) to work on /opt/airflow/dags/first_dag.py
[2025-11-15T17:59:29.593+0000] {processor.py:914} INFO - Processing file /opt/airflow/dags/first_dag.py for tasks to queue
[2025-11-15T17:59:29.594+0000] {logging_mixin.py:190} INFO - [2025-11-15T17:59:29.594+0000] {dagbag.py:588} INFO - Filling up the DagBag from /opt/airflow/dags/first_dag.py
[2025-11-15T17:59:29.607+0000] {processor.py:925} INFO - DAG(s) 'my_first_dag' retrieved from /opt/airflow/dags/first_dag.py
[2025-11-15T17:59:29.621+0000] {logging_mixin.py:190} INFO - [2025-11-15T17:59:29.621+0000] {dag.py:3239} INFO - Sync 1 DAGs
[2025-11-15T17:59:29.637+0000] {logging_mixin.py:190} INFO - [2025-11-15T17:59:29.636+0000] {dag.py:4180} INFO - Setting next_dagrun for my_first_dag to 2025-11-14 00:00:00+00:00, run_after=2025-11-15 00:00:00+00:00
[2025-11-15T17:59:29.652+0000] {processor.py:208} INFO - Processing /opt/airflow/dags/first_dag.py took 0.063 seconds
[2025-11-15T17:59:59.921+0000] {processor.py:186} INFO - Started process (PID=7209) to work on /opt/airflow/dags/first_dag.py
[2025-11-15T17:59:59.921+0000] {processor.py:914} INFO - Processing file /opt/airflow/dags/first_dag.py for tasks to queue
[2025-11-15T17:59:59.922+0000] {logging_mixin.py:190} INFO - [2025-11-15T17:59:59.922+0000] {dagbag.py:588} INFO - Filling up the DagBag from /opt/airflow/dags/first_dag.py
[2025-11-15T17:59:59.935+0000] {processor.py:925} INFO - DAG(s) 'my_first_dag' retrieved from /opt/airflow/dags/first_dag.py
[2025-11-15T17:59:59.947+0000] {logging_mixin.py:190} INFO - [2025-11-15T17:59:59.947+0000] {dag.py:3239} INFO - Sync 1 DAGs
[2025-11-15T17:59:59.961+0000] {logging_mixin.py:190} INFO - [2025-11-15T17:59:59.961+0000] {dag.py:4180} INFO - Setting next_dagrun for my_first_dag to 2025-11-14 00:00:00+00:00, run_after=2025-11-15 00:00:00+00:00
[2025-11-15T17:59:59.985+0000] {processor.py:208} INFO - Processing /opt/airflow/dags/first_dag.py took 0.068 seconds
[2025-11-15T18:00:30.400+0000] {processor.py:186} INFO - Started process (PID=7274) to work on /opt/airflow/dags/first_dag.py
[2025-11-15T18:00:30.401+0000] {processor.py:914} INFO - Processing file /opt/airflow/dags/first_dag.py for tasks to queue
[2025-11-15T18:00:30.402+0000] {logging_mixin.py:190} INFO - [2025-11-15T18:00:30.401+0000] {dagbag.py:588} INFO - Filling up the DagBag from /opt/airflow/dags/first_dag.py
[2025-11-15T18:00:30.415+0000] {processor.py:925} INFO - DAG(s) 'my_first_dag' retrieved from /opt/airflow/dags/first_dag.py
[2025-11-15T18:00:30.428+0000] {logging_mixin.py:190} INFO - [2025-11-15T18:00:30.428+0000] {dag.py:3239} INFO - Sync 1 DAGs
[2025-11-15T18:00:30.443+0000] {logging_mixin.py:190} INFO - [2025-11-15T18:00:30.443+0000] {dag.py:4180} INFO - Setting next_dagrun for my_first_dag to 2025-11-14 00:00:00+00:00, run_after=2025-11-15 00:00:00+00:00
[2025-11-15T18:00:30.459+0000] {processor.py:208} INFO - Processing /opt/airflow/dags/first_dag.py took 0.064 seconds
[2025-11-15T18:01:00.537+0000] {processor.py:186} INFO - Started process (PID=7339) to work on /opt/airflow/dags/first_dag.py
[2025-11-15T18:01:00.537+0000] {processor.py:914} INFO - Processing file /opt/airflow/dags/first_dag.py for tasks to queue
[2025-11-15T18:01:00.538+0000] {logging_mixin.py:190} INFO - [2025-11-15T18:01:00.538+0000] {dagbag.py:588} INFO - Filling up the DagBag from /opt/airflow/dags/first_dag.py
[2025-11-15T18:01:00.552+0000] {processor.py:925} INFO - DAG(s) 'my_first_dag' retrieved from /opt/airflow/dags/first_dag.py
[2025-11-15T18:01:00.565+0000] {logging_mixin.py:190} INFO - [2025-11-15T18:01:00.565+0000] {dag.py:3239} INFO - Sync 1 DAGs
[2025-11-15T18:01:00.580+0000] {logging_mixin.py:190} INFO - [2025-11-15T18:01:00.580+0000] {dag.py:4180} INFO - Setting next_dagrun for my_first_dag to 2025-11-14 00:00:00+00:00, run_after=2025-11-15 00:00:00+00:00
[2025-11-15T18:01:00.594+0000] {processor.py:208} INFO - Processing /opt/airflow/dags/first_dag.py took 0.061 seconds
[2025-11-15T18:01:30.788+0000] {processor.py:186} INFO - Started process (PID=7404) to work on /opt/airflow/dags/first_dag.py
[2025-11-15T18:01:30.789+0000] {processor.py:914} INFO - Processing file /opt/airflow/dags/first_dag.py for tasks to queue
[2025-11-15T18:01:30.790+0000] {logging_mixin.py:190} INFO - [2025-11-15T18:01:30.790+0000] {dagbag.py:588} INFO - Filling up the DagBag from /opt/airflow/dags/first_dag.py
[2025-11-15T18:01:30.804+0000] {processor.py:925} INFO - DAG(s) 'my_first_dag' retrieved from /opt/airflow/dags/first_dag.py
[2025-11-15T18:01:30.819+0000] {logging_mixin.py:190} INFO - [2025-11-15T18:01:30.819+0000] {dag.py:3239} INFO - Sync 1 DAGs
[2025-11-15T18:01:30.833+0000] {logging_mixin.py:190} INFO - [2025-11-15T18:01:30.833+0000] {dag.py:4180} INFO - Setting next_dagrun for my_first_dag to 2025-11-14 00:00:00+00:00, run_after=2025-11-15 00:00:00+00:00
[2025-11-15T18:01:30.847+0000] {processor.py:208} INFO - Processing /opt/airflow/dags/first_dag.py took 0.062 seconds
[2025-11-15T18:02:01.106+0000] {processor.py:186} INFO - Started process (PID=7469) to work on /opt/airflow/dags/first_dag.py
[2025-11-15T18:02:01.106+0000] {processor.py:914} INFO - Processing file /opt/airflow/dags/first_dag.py for tasks to queue
[2025-11-15T18:02:01.108+0000] {logging_mixin.py:190} INFO - [2025-11-15T18:02:01.108+0000] {dagbag.py:588} INFO - Filling up the DagBag from /opt/airflow/dags/first_dag.py
[2025-11-15T18:02:01.123+0000] {processor.py:925} INFO - DAG(s) 'my_first_dag' retrieved from /opt/airflow/dags/first_dag.py
[2025-11-15T18:02:01.136+0000] {logging_mixin.py:190} INFO - [2025-11-15T18:02:01.136+0000] {dag.py:3239} INFO - Sync 1 DAGs
[2025-11-15T18:02:01.152+0000] {logging_mixin.py:190} INFO - [2025-11-15T18:02:01.152+0000] {dag.py:4180} INFO - Setting next_dagrun for my_first_dag to 2025-11-14 00:00:00+00:00, run_after=2025-11-15 00:00:00+00:00
[2025-11-15T18:02:01.170+0000] {processor.py:208} INFO - Processing /opt/airflow/dags/first_dag.py took 0.069 seconds
[2025-11-15T18:02:31.231+0000] {processor.py:186} INFO - Started process (PID=7533) to work on /opt/airflow/dags/first_dag.py
[2025-11-15T18:02:31.232+0000] {processor.py:914} INFO - Processing file /opt/airflow/dags/first_dag.py for tasks to queue
[2025-11-15T18:02:31.233+0000] {logging_mixin.py:190} INFO - [2025-11-15T18:02:31.233+0000] {dagbag.py:588} INFO - Filling up the DagBag from /opt/airflow/dags/first_dag.py
[2025-11-15T18:02:31.249+0000] {processor.py:925} INFO - DAG(s) 'my_first_dag' retrieved from /opt/airflow/dags/first_dag.py
[2025-11-15T18:02:31.263+0000] {logging_mixin.py:190} INFO - [2025-11-15T18:02:31.263+0000] {dag.py:3239} INFO - Sync 1 DAGs
[2025-11-15T18:02:31.278+0000] {logging_mixin.py:190} INFO - [2025-11-15T18:02:31.278+0000] {dag.py:4180} INFO - Setting next_dagrun for my_first_dag to 2025-11-14 00:00:00+00:00, run_after=2025-11-15 00:00:00+00:00
[2025-11-15T18:02:31.292+0000] {processor.py:208} INFO - Processing /opt/airflow/dags/first_dag.py took 0.066 seconds
[2025-11-15T18:03:01.603+0000] {processor.py:186} INFO - Started process (PID=7599) to work on /opt/airflow/dags/first_dag.py
[2025-11-15T18:03:01.604+0000] {processor.py:914} INFO - Processing file /opt/airflow/dags/first_dag.py for tasks to queue
[2025-11-15T18:03:01.605+0000] {logging_mixin.py:190} INFO - [2025-11-15T18:03:01.605+0000] {dagbag.py:588} INFO - Filling up the DagBag from /opt/airflow/dags/first_dag.py
[2025-11-15T18:03:01.621+0000] {processor.py:925} INFO - DAG(s) 'my_first_dag' retrieved from /opt/airflow/dags/first_dag.py
[2025-11-15T18:03:01.633+0000] {logging_mixin.py:190} INFO - [2025-11-15T18:03:01.633+0000] {dag.py:3239} INFO - Sync 1 DAGs
[2025-11-15T18:03:01.647+0000] {logging_mixin.py:190} INFO - [2025-11-15T18:03:01.647+0000] {dag.py:4180} INFO - Setting next_dagrun for my_first_dag to 2025-11-14 00:00:00+00:00, run_after=2025-11-15 00:00:00+00:00
[2025-11-15T18:03:01.664+0000] {processor.py:208} INFO - Processing /opt/airflow/dags/first_dag.py took 0.064 seconds
[2025-11-15T18:03:31.805+0000] {processor.py:186} INFO - Started process (PID=7664) to work on /opt/airflow/dags/first_dag.py
[2025-11-15T18:03:31.806+0000] {processor.py:914} INFO - Processing file /opt/airflow/dags/first_dag.py for tasks to queue
[2025-11-15T18:03:31.807+0000] {logging_mixin.py:190} INFO - [2025-11-15T18:03:31.807+0000] {dagbag.py:588} INFO - Filling up the DagBag from /opt/airflow/dags/first_dag.py
[2025-11-15T18:03:31.820+0000] {processor.py:925} INFO - DAG(s) 'my_first_dag' retrieved from /opt/airflow/dags/first_dag.py
[2025-11-15T18:03:31.834+0000] {logging_mixin.py:190} INFO - [2025-11-15T18:03:31.834+0000] {dag.py:3239} INFO - Sync 1 DAGs
[2025-11-15T18:03:31.848+0000] {logging_mixin.py:190} INFO - [2025-11-15T18:03:31.848+0000] {dag.py:4180} INFO - Setting next_dagrun for my_first_dag to 2025-11-14 00:00:00+00:00, run_after=2025-11-15 00:00:00+00:00
[2025-11-15T18:03:31.861+0000] {processor.py:208} INFO - Processing /opt/airflow/dags/first_dag.py took 0.060 seconds
[2025-11-15T18:04:02.392+0000] {processor.py:186} INFO - Started process (PID=7723) to work on /opt/airflow/dags/first_dag.py
[2025-11-15T18:04:02.393+0000] {processor.py:914} INFO - Processing file /opt/airflow/dags/first_dag.py for tasks to queue
[2025-11-15T18:04:02.394+0000] {logging_mixin.py:190} INFO - [2025-11-15T18:04:02.394+0000] {dagbag.py:588} INFO - Filling up the DagBag from /opt/airflow/dags/first_dag.py
[2025-11-15T18:04:02.407+0000] {processor.py:925} INFO - DAG(s) 'my_first_dag' retrieved from /opt/airflow/dags/first_dag.py
[2025-11-15T18:04:02.422+0000] {logging_mixin.py:190} INFO - [2025-11-15T18:04:02.422+0000] {dag.py:3239} INFO - Sync 1 DAGs
[2025-11-15T18:04:02.439+0000] {logging_mixin.py:190} INFO - [2025-11-15T18:04:02.438+0000] {dag.py:4180} INFO - Setting next_dagrun for my_first_dag to 2025-11-14 00:00:00+00:00, run_after=2025-11-15 00:00:00+00:00
[2025-11-15T18:04:02.455+0000] {processor.py:208} INFO - Processing /opt/airflow/dags/first_dag.py took 0.067 seconds
[2025-11-15T18:04:32.836+0000] {processor.py:186} INFO - Started process (PID=7788) to work on /opt/airflow/dags/first_dag.py
[2025-11-15T18:04:32.837+0000] {processor.py:914} INFO - Processing file /opt/airflow/dags/first_dag.py for tasks to queue
[2025-11-15T18:04:32.837+0000] {logging_mixin.py:190} INFO - [2025-11-15T18:04:32.837+0000] {dagbag.py:588} INFO - Filling up the DagBag from /opt/airflow/dags/first_dag.py
[2025-11-15T18:04:32.851+0000] {processor.py:925} INFO - DAG(s) 'my_first_dag' retrieved from /opt/airflow/dags/first_dag.py
[2025-11-15T18:04:32.867+0000] {logging_mixin.py:190} INFO - [2025-11-15T18:04:32.867+0000] {dag.py:3239} INFO - Sync 1 DAGs
[2025-11-15T18:04:32.889+0000] {logging_mixin.py:190} INFO - [2025-11-15T18:04:32.889+0000] {dag.py:4180} INFO - Setting next_dagrun for my_first_dag to 2025-11-14 00:00:00+00:00, run_after=2025-11-15 00:00:00+00:00
[2025-11-15T18:04:32.905+0000] {processor.py:208} INFO - Processing /opt/airflow/dags/first_dag.py took 0.073 seconds
[2025-11-15T18:05:03.098+0000] {processor.py:186} INFO - Started process (PID=7853) to work on /opt/airflow/dags/first_dag.py
[2025-11-15T18:05:03.098+0000] {processor.py:914} INFO - Processing file /opt/airflow/dags/first_dag.py for tasks to queue
[2025-11-15T18:05:03.099+0000] {logging_mixin.py:190} INFO - [2025-11-15T18:05:03.099+0000] {dagbag.py:588} INFO - Filling up the DagBag from /opt/airflow/dags/first_dag.py
[2025-11-15T18:05:03.112+0000] {processor.py:925} INFO - DAG(s) 'my_first_dag' retrieved from /opt/airflow/dags/first_dag.py
[2025-11-15T18:05:03.125+0000] {logging_mixin.py:190} INFO - [2025-11-15T18:05:03.124+0000] {dag.py:3239} INFO - Sync 1 DAGs
[2025-11-15T18:05:03.139+0000] {logging_mixin.py:190} INFO - [2025-11-15T18:05:03.139+0000] {dag.py:4180} INFO - Setting next_dagrun for my_first_dag to 2025-11-14 00:00:00+00:00, run_after=2025-11-15 00:00:00+00:00
[2025-11-15T18:05:03.151+0000] {processor.py:208} INFO - Processing /opt/airflow/dags/first_dag.py took 0.057 seconds
[2025-11-15T18:05:34.181+0000] {processor.py:186} INFO - Started process (PID=7900) to work on /opt/airflow/dags/first_dag.py
[2025-11-15T18:05:34.182+0000] {processor.py:914} INFO - Processing file /opt/airflow/dags/first_dag.py for tasks to queue
[2025-11-15T18:05:34.183+0000] {logging_mixin.py:190} INFO - [2025-11-15T18:05:34.183+0000] {dagbag.py:588} INFO - Filling up the DagBag from /opt/airflow/dags/first_dag.py
[2025-11-15T18:05:34.196+0000] {processor.py:925} INFO - DAG(s) 'my_first_dag' retrieved from /opt/airflow/dags/first_dag.py
[2025-11-15T18:05:34.208+0000] {logging_mixin.py:190} INFO - [2025-11-15T18:05:34.207+0000] {dag.py:3239} INFO - Sync 1 DAGs
[2025-11-15T18:05:34.221+0000] {logging_mixin.py:190} INFO - [2025-11-15T18:05:34.221+0000] {dag.py:4180} INFO - Setting next_dagrun for my_first_dag to 2025-11-14 00:00:00+00:00, run_after=2025-11-15 00:00:00+00:00
[2025-11-15T18:05:34.233+0000] {processor.py:208} INFO - Processing /opt/airflow/dags/first_dag.py took 0.056 seconds
[2025-11-15T18:06:04.904+0000] {processor.py:186} INFO - Started process (PID=7949) to work on /opt/airflow/dags/first_dag.py
[2025-11-15T18:06:04.905+0000] {processor.py:914} INFO - Processing file /opt/airflow/dags/first_dag.py for tasks to queue
[2025-11-15T18:06:04.906+0000] {logging_mixin.py:190} INFO - [2025-11-15T18:06:04.906+0000] {dagbag.py:588} INFO - Filling up the DagBag from /opt/airflow/dags/first_dag.py
[2025-11-15T18:06:04.924+0000] {processor.py:925} INFO - DAG(s) 'my_first_dag' retrieved from /opt/airflow/dags/first_dag.py
[2025-11-15T18:06:04.939+0000] {logging_mixin.py:190} INFO - [2025-11-15T18:06:04.938+0000] {dag.py:3239} INFO - Sync 1 DAGs
[2025-11-15T18:06:04.955+0000] {logging_mixin.py:190} INFO - [2025-11-15T18:06:04.955+0000] {dag.py:4180} INFO - Setting next_dagrun for my_first_dag to 2025-11-14 00:00:00+00:00, run_after=2025-11-15 00:00:00+00:00
[2025-11-15T18:06:04.970+0000] {processor.py:208} INFO - Processing /opt/airflow/dags/first_dag.py took 0.071 seconds
[2025-11-15T18:06:35.702+0000] {processor.py:186} INFO - Started process (PID=7993) to work on /opt/airflow/dags/first_dag.py
[2025-11-15T18:06:35.703+0000] {processor.py:914} INFO - Processing file /opt/airflow/dags/first_dag.py for tasks to queue
[2025-11-15T18:06:35.704+0000] {logging_mixin.py:190} INFO - [2025-11-15T18:06:35.704+0000] {dagbag.py:588} INFO - Filling up the DagBag from /opt/airflow/dags/first_dag.py
[2025-11-15T18:06:35.720+0000] {processor.py:925} INFO - DAG(s) 'my_first_dag' retrieved from /opt/airflow/dags/first_dag.py
[2025-11-15T18:06:35.736+0000] {logging_mixin.py:190} INFO - [2025-11-15T18:06:35.736+0000] {dag.py:3239} INFO - Sync 1 DAGs
[2025-11-15T18:06:35.755+0000] {logging_mixin.py:190} INFO - [2025-11-15T18:06:35.755+0000] {dag.py:4180} INFO - Setting next_dagrun for my_first_dag to 2025-11-14 00:00:00+00:00, run_after=2025-11-15 00:00:00+00:00
[2025-11-15T18:06:35.776+0000] {processor.py:208} INFO - Processing /opt/airflow/dags/first_dag.py took 0.079 seconds
[2025-11-15T18:07:07.255+0000] {processor.py:186} INFO - Started process (PID=8058) to work on /opt/airflow/dags/first_dag.py
[2025-11-15T18:07:07.256+0000] {processor.py:914} INFO - Processing file /opt/airflow/dags/first_dag.py for tasks to queue
[2025-11-15T18:07:07.258+0000] {logging_mixin.py:190} INFO - [2025-11-15T18:07:07.257+0000] {dagbag.py:588} INFO - Filling up the DagBag from /opt/airflow/dags/first_dag.py
[2025-11-15T18:07:07.278+0000] {processor.py:925} INFO - DAG(s) 'my_first_dag' retrieved from /opt/airflow/dags/first_dag.py
[2025-11-15T18:07:07.291+0000] {logging_mixin.py:190} INFO - [2025-11-15T18:07:07.290+0000] {dag.py:3239} INFO - Sync 1 DAGs
[2025-11-15T18:07:07.305+0000] {logging_mixin.py:190} INFO - [2025-11-15T18:07:07.305+0000] {dag.py:4180} INFO - Setting next_dagrun for my_first_dag to 2025-11-14 00:00:00+00:00, run_after=2025-11-15 00:00:00+00:00
[2025-11-15T18:07:07.321+0000] {processor.py:208} INFO - Processing /opt/airflow/dags/first_dag.py took 0.070 seconds
[2025-11-15T18:07:38.659+0000] {processor.py:186} INFO - Started process (PID=8123) to work on /opt/airflow/dags/first_dag.py
[2025-11-15T18:07:38.660+0000] {processor.py:914} INFO - Processing file /opt/airflow/dags/first_dag.py for tasks to queue
[2025-11-15T18:07:38.661+0000] {logging_mixin.py:190} INFO - [2025-11-15T18:07:38.661+0000] {dagbag.py:588} INFO - Filling up the DagBag from /opt/airflow/dags/first_dag.py
[2025-11-15T18:07:38.683+0000] {processor.py:925} INFO - DAG(s) 'my_first_dag' retrieved from /opt/airflow/dags/first_dag.py
[2025-11-15T18:07:38.697+0000] {logging_mixin.py:190} INFO - [2025-11-15T18:07:38.697+0000] {dag.py:3239} INFO - Sync 1 DAGs
[2025-11-15T18:07:38.714+0000] {logging_mixin.py:190} INFO - [2025-11-15T18:07:38.714+0000] {dag.py:4180} INFO - Setting next_dagrun for my_first_dag to 2025-11-14 00:00:00+00:00, run_after=2025-11-15 00:00:00+00:00
[2025-11-15T18:07:38.732+0000] {processor.py:208} INFO - Processing /opt/airflow/dags/first_dag.py took 0.078 seconds
[2025-11-15T18:08:10.305+0000] {processor.py:186} INFO - Started process (PID=8188) to work on /opt/airflow/dags/first_dag.py
[2025-11-15T18:08:10.306+0000] {processor.py:914} INFO - Processing file /opt/airflow/dags/first_dag.py for tasks to queue
[2025-11-15T18:08:10.307+0000] {logging_mixin.py:190} INFO - [2025-11-15T18:08:10.307+0000] {dagbag.py:588} INFO - Filling up the DagBag from /opt/airflow/dags/first_dag.py
[2025-11-15T18:08:10.324+0000] {processor.py:925} INFO - DAG(s) 'my_first_dag' retrieved from /opt/airflow/dags/first_dag.py
[2025-11-15T18:08:10.337+0000] {logging_mixin.py:190} INFO - [2025-11-15T18:08:10.337+0000] {dag.py:3239} INFO - Sync 1 DAGs
[2025-11-15T18:08:10.355+0000] {logging_mixin.py:190} INFO - [2025-11-15T18:08:10.354+0000] {dag.py:4180} INFO - Setting next_dagrun for my_first_dag to 2025-11-14 00:00:00+00:00, run_after=2025-11-15 00:00:00+00:00
[2025-11-15T18:08:10.373+0000] {processor.py:208} INFO - Processing /opt/airflow/dags/first_dag.py took 0.072 seconds
[2025-11-15T18:08:41.940+0000] {processor.py:186} INFO - Started process (PID=8253) to work on /opt/airflow/dags/first_dag.py
[2025-11-15T18:08:41.941+0000] {processor.py:914} INFO - Processing file /opt/airflow/dags/first_dag.py for tasks to queue
[2025-11-15T18:08:41.942+0000] {logging_mixin.py:190} INFO - [2025-11-15T18:08:41.942+0000] {dagbag.py:588} INFO - Filling up the DagBag from /opt/airflow/dags/first_dag.py
[2025-11-15T18:08:41.963+0000] {processor.py:925} INFO - DAG(s) 'my_first_dag' retrieved from /opt/airflow/dags/first_dag.py
[2025-11-15T18:08:41.979+0000] {logging_mixin.py:190} INFO - [2025-11-15T18:08:41.979+0000] {dag.py:3239} INFO - Sync 1 DAGs
[2025-11-15T18:08:41.995+0000] {logging_mixin.py:190} INFO - [2025-11-15T18:08:41.995+0000] {dag.py:4180} INFO - Setting next_dagrun for my_first_dag to 2025-11-14 00:00:00+00:00, run_after=2025-11-15 00:00:00+00:00
[2025-11-15T18:08:42.012+0000] {processor.py:208} INFO - Processing /opt/airflow/dags/first_dag.py took 0.076 seconds
[2025-11-15T18:09:13.507+0000] {processor.py:186} INFO - Started process (PID=8318) to work on /opt/airflow/dags/first_dag.py
[2025-11-15T18:09:13.508+0000] {processor.py:914} INFO - Processing file /opt/airflow/dags/first_dag.py for tasks to queue
[2025-11-15T18:09:13.509+0000] {logging_mixin.py:190} INFO - [2025-11-15T18:09:13.509+0000] {dagbag.py:588} INFO - Filling up the DagBag from /opt/airflow/dags/first_dag.py
[2025-11-15T18:09:13.522+0000] {processor.py:925} INFO - DAG(s) 'my_first_dag' retrieved from /opt/airflow/dags/first_dag.py
[2025-11-15T18:09:13.535+0000] {logging_mixin.py:190} INFO - [2025-11-15T18:09:13.535+0000] {dag.py:3239} INFO - Sync 1 DAGs
[2025-11-15T18:09:13.550+0000] {logging_mixin.py:190} INFO - [2025-11-15T18:09:13.550+0000] {dag.py:4180} INFO - Setting next_dagrun for my_first_dag to 2025-11-14 00:00:00+00:00, run_after=2025-11-15 00:00:00+00:00
[2025-11-15T18:09:13.570+0000] {processor.py:208} INFO - Processing /opt/airflow/dags/first_dag.py took 0.067 seconds
[2025-11-15T18:09:44.783+0000] {processor.py:186} INFO - Started process (PID=8383) to work on /opt/airflow/dags/first_dag.py
[2025-11-15T18:09:44.785+0000] {processor.py:914} INFO - Processing file /opt/airflow/dags/first_dag.py for tasks to queue
[2025-11-15T18:09:44.786+0000] {logging_mixin.py:190} INFO - [2025-11-15T18:09:44.786+0000] {dagbag.py:588} INFO - Filling up the DagBag from /opt/airflow/dags/first_dag.py
[2025-11-15T18:09:44.803+0000] {processor.py:925} INFO - DAG(s) 'my_first_dag' retrieved from /opt/airflow/dags/first_dag.py
[2025-11-15T18:09:44.816+0000] {logging_mixin.py:190} INFO - [2025-11-15T18:09:44.816+0000] {dag.py:3239} INFO - Sync 1 DAGs
[2025-11-15T18:09:44.829+0000] {logging_mixin.py:190} INFO - [2025-11-15T18:09:44.829+0000] {dag.py:4180} INFO - Setting next_dagrun for my_first_dag to 2025-11-14 00:00:00+00:00, run_after=2025-11-15 00:00:00+00:00
[2025-11-15T18:09:44.845+0000] {processor.py:208} INFO - Processing /opt/airflow/dags/first_dag.py took 0.066 seconds
[2025-11-15T18:10:17.101+0000] {processor.py:186} INFO - Started process (PID=8448) to work on /opt/airflow/dags/first_dag.py
[2025-11-15T18:10:17.102+0000] {processor.py:914} INFO - Processing file /opt/airflow/dags/first_dag.py for tasks to queue
[2025-11-15T18:10:17.103+0000] {logging_mixin.py:190} INFO - [2025-11-15T18:10:17.102+0000] {dagbag.py:588} INFO - Filling up the DagBag from /opt/airflow/dags/first_dag.py
[2025-11-15T18:10:17.118+0000] {processor.py:925} INFO - DAG(s) 'my_first_dag' retrieved from /opt/airflow/dags/first_dag.py
[2025-11-15T18:10:17.132+0000] {logging_mixin.py:190} INFO - [2025-11-15T18:10:17.132+0000] {dag.py:3239} INFO - Sync 1 DAGs
[2025-11-15T18:10:17.147+0000] {logging_mixin.py:190} INFO - [2025-11-15T18:10:17.146+0000] {dag.py:4180} INFO - Setting next_dagrun for my_first_dag to 2025-11-14 00:00:00+00:00, run_after=2025-11-15 00:00:00+00:00
[2025-11-15T18:10:17.164+0000] {processor.py:208} INFO - Processing /opt/airflow/dags/first_dag.py took 0.068 seconds
[2025-11-15T18:10:48.865+0000] {processor.py:186} INFO - Started process (PID=8513) to work on /opt/airflow/dags/first_dag.py
[2025-11-15T18:10:48.866+0000] {processor.py:914} INFO - Processing file /opt/airflow/dags/first_dag.py for tasks to queue
[2025-11-15T18:10:48.867+0000] {logging_mixin.py:190} INFO - [2025-11-15T18:10:48.866+0000] {dagbag.py:588} INFO - Filling up the DagBag from /opt/airflow/dags/first_dag.py
[2025-11-15T18:10:48.879+0000] {processor.py:925} INFO - DAG(s) 'my_first_dag' retrieved from /opt/airflow/dags/first_dag.py
[2025-11-15T18:10:48.892+0000] {logging_mixin.py:190} INFO - [2025-11-15T18:10:48.891+0000] {dag.py:3239} INFO - Sync 1 DAGs
[2025-11-15T18:10:48.906+0000] {logging_mixin.py:190} INFO - [2025-11-15T18:10:48.905+0000] {dag.py:4180} INFO - Setting next_dagrun for my_first_dag to 2025-11-14 00:00:00+00:00, run_after=2025-11-15 00:00:00+00:00
[2025-11-15T18:10:48.922+0000] {processor.py:208} INFO - Processing /opt/airflow/dags/first_dag.py took 0.061 seconds
[2025-11-15T18:11:20.412+0000] {processor.py:186} INFO - Started process (PID=8578) to work on /opt/airflow/dags/first_dag.py
[2025-11-15T18:11:20.413+0000] {processor.py:914} INFO - Processing file /opt/airflow/dags/first_dag.py for tasks to queue
[2025-11-15T18:11:20.415+0000] {logging_mixin.py:190} INFO - [2025-11-15T18:11:20.414+0000] {dagbag.py:588} INFO - Filling up the DagBag from /opt/airflow/dags/first_dag.py
[2025-11-15T18:11:20.430+0000] {processor.py:925} INFO - DAG(s) 'my_first_dag' retrieved from /opt/airflow/dags/first_dag.py
[2025-11-15T18:11:20.443+0000] {logging_mixin.py:190} INFO - [2025-11-15T18:11:20.443+0000] {dag.py:3239} INFO - Sync 1 DAGs
[2025-11-15T18:11:20.458+0000] {logging_mixin.py:190} INFO - [2025-11-15T18:11:20.458+0000] {dag.py:4180} INFO - Setting next_dagrun for my_first_dag to 2025-11-14 00:00:00+00:00, run_after=2025-11-15 00:00:00+00:00
[2025-11-15T18:11:20.473+0000] {processor.py:208} INFO - Processing /opt/airflow/dags/first_dag.py took 0.065 seconds
[2025-11-15T18:11:52.031+0000] {processor.py:186} INFO - Started process (PID=8644) to work on /opt/airflow/dags/first_dag.py
[2025-11-15T18:11:52.032+0000] {processor.py:914} INFO - Processing file /opt/airflow/dags/first_dag.py for tasks to queue
[2025-11-15T18:11:52.034+0000] {logging_mixin.py:190} INFO - [2025-11-15T18:11:52.034+0000] {dagbag.py:588} INFO - Filling up the DagBag from /opt/airflow/dags/first_dag.py
[2025-11-15T18:11:52.053+0000] {processor.py:925} INFO - DAG(s) 'my_first_dag' retrieved from /opt/airflow/dags/first_dag.py
[2025-11-15T18:11:52.072+0000] {logging_mixin.py:190} INFO - [2025-11-15T18:11:52.072+0000] {dag.py:3239} INFO - Sync 1 DAGs
[2025-11-15T18:11:52.091+0000] {logging_mixin.py:190} INFO - [2025-11-15T18:11:52.091+0000] {dag.py:4180} INFO - Setting next_dagrun for my_first_dag to 2025-11-14 00:00:00+00:00, run_after=2025-11-15 00:00:00+00:00
[2025-11-15T18:11:52.112+0000] {processor.py:208} INFO - Processing /opt/airflow/dags/first_dag.py took 0.086 seconds
[2025-11-15T18:12:23.596+0000] {processor.py:186} INFO - Started process (PID=8709) to work on /opt/airflow/dags/first_dag.py
[2025-11-15T18:12:23.597+0000] {processor.py:914} INFO - Processing file /opt/airflow/dags/first_dag.py for tasks to queue
[2025-11-15T18:12:23.598+0000] {logging_mixin.py:190} INFO - [2025-11-15T18:12:23.598+0000] {dagbag.py:588} INFO - Filling up the DagBag from /opt/airflow/dags/first_dag.py
[2025-11-15T18:12:23.610+0000] {processor.py:925} INFO - DAG(s) 'my_first_dag' retrieved from /opt/airflow/dags/first_dag.py
[2025-11-15T18:12:23.624+0000] {logging_mixin.py:190} INFO - [2025-11-15T18:12:23.624+0000] {dag.py:3239} INFO - Sync 1 DAGs
[2025-11-15T18:12:23.638+0000] {logging_mixin.py:190} INFO - [2025-11-15T18:12:23.638+0000] {dag.py:4180} INFO - Setting next_dagrun for my_first_dag to 2025-11-14 00:00:00+00:00, run_after=2025-11-15 00:00:00+00:00
[2025-11-15T18:12:23.652+0000] {processor.py:208} INFO - Processing /opt/airflow/dags/first_dag.py took 0.060 seconds
[2025-11-15T18:12:55.551+0000] {processor.py:186} INFO - Started process (PID=8774) to work on /opt/airflow/dags/first_dag.py
[2025-11-15T18:12:55.552+0000] {processor.py:914} INFO - Processing file /opt/airflow/dags/first_dag.py for tasks to queue
[2025-11-15T18:12:55.552+0000] {logging_mixin.py:190} INFO - [2025-11-15T18:12:55.552+0000] {dagbag.py:588} INFO - Filling up the DagBag from /opt/airflow/dags/first_dag.py
[2025-11-15T18:12:55.566+0000] {processor.py:925} INFO - DAG(s) 'my_first_dag' retrieved from /opt/airflow/dags/first_dag.py
[2025-11-15T18:12:55.579+0000] {logging_mixin.py:190} INFO - [2025-11-15T18:12:55.579+0000] {dag.py:3239} INFO - Sync 1 DAGs
[2025-11-15T18:12:55.594+0000] {logging_mixin.py:190} INFO - [2025-11-15T18:12:55.594+0000] {dag.py:4180} INFO - Setting next_dagrun for my_first_dag to 2025-11-14 00:00:00+00:00, run_after=2025-11-15 00:00:00+00:00
[2025-11-15T18:12:55.611+0000] {processor.py:208} INFO - Processing /opt/airflow/dags/first_dag.py took 0.064 seconds
[2025-11-15T18:13:26.996+0000] {processor.py:186} INFO - Started process (PID=8839) to work on /opt/airflow/dags/first_dag.py
[2025-11-15T18:13:26.997+0000] {processor.py:914} INFO - Processing file /opt/airflow/dags/first_dag.py for tasks to queue
[2025-11-15T18:13:26.998+0000] {logging_mixin.py:190} INFO - [2025-11-15T18:13:26.998+0000] {dagbag.py:588} INFO - Filling up the DagBag from /opt/airflow/dags/first_dag.py
[2025-11-15T18:13:27.013+0000] {processor.py:925} INFO - DAG(s) 'my_first_dag' retrieved from /opt/airflow/dags/first_dag.py
[2025-11-15T18:13:27.027+0000] {logging_mixin.py:190} INFO - [2025-11-15T18:13:27.027+0000] {dag.py:3239} INFO - Sync 1 DAGs
[2025-11-15T18:13:27.043+0000] {logging_mixin.py:190} INFO - [2025-11-15T18:13:27.043+0000] {dag.py:4180} INFO - Setting next_dagrun for my_first_dag to 2025-11-14 00:00:00+00:00, run_after=2025-11-15 00:00:00+00:00
[2025-11-15T18:13:27.060+0000] {processor.py:208} INFO - Processing /opt/airflow/dags/first_dag.py took 0.067 seconds
[2025-11-15T18:13:58.501+0000] {processor.py:186} INFO - Started process (PID=8904) to work on /opt/airflow/dags/first_dag.py
[2025-11-15T18:13:58.502+0000] {processor.py:914} INFO - Processing file /opt/airflow/dags/first_dag.py for tasks to queue
[2025-11-15T18:13:58.503+0000] {logging_mixin.py:190} INFO - [2025-11-15T18:13:58.503+0000] {dagbag.py:588} INFO - Filling up the DagBag from /opt/airflow/dags/first_dag.py
[2025-11-15T18:13:58.517+0000] {processor.py:925} INFO - DAG(s) 'my_first_dag' retrieved from /opt/airflow/dags/first_dag.py
[2025-11-15T18:13:58.531+0000] {logging_mixin.py:190} INFO - [2025-11-15T18:13:58.530+0000] {dag.py:3239} INFO - Sync 1 DAGs
[2025-11-15T18:13:58.545+0000] {logging_mixin.py:190} INFO - [2025-11-15T18:13:58.544+0000] {dag.py:4180} INFO - Setting next_dagrun for my_first_dag to 2025-11-14 00:00:00+00:00, run_after=2025-11-15 00:00:00+00:00
[2025-11-15T18:13:58.557+0000] {processor.py:208} INFO - Processing /opt/airflow/dags/first_dag.py took 0.060 seconds
[2025-11-15T18:14:30.187+0000] {processor.py:186} INFO - Started process (PID=8969) to work on /opt/airflow/dags/first_dag.py
[2025-11-15T18:14:30.187+0000] {processor.py:914} INFO - Processing file /opt/airflow/dags/first_dag.py for tasks to queue
[2025-11-15T18:14:30.188+0000] {logging_mixin.py:190} INFO - [2025-11-15T18:14:30.188+0000] {dagbag.py:588} INFO - Filling up the DagBag from /opt/airflow/dags/first_dag.py
[2025-11-15T18:14:30.204+0000] {processor.py:925} INFO - DAG(s) 'my_first_dag' retrieved from /opt/airflow/dags/first_dag.py
[2025-11-15T18:14:30.218+0000] {logging_mixin.py:190} INFO - [2025-11-15T18:14:30.217+0000] {dag.py:3239} INFO - Sync 1 DAGs
[2025-11-15T18:14:30.232+0000] {logging_mixin.py:190} INFO - [2025-11-15T18:14:30.232+0000] {dag.py:4180} INFO - Setting next_dagrun for my_first_dag to 2025-11-14 00:00:00+00:00, run_after=2025-11-15 00:00:00+00:00
[2025-11-15T18:14:30.246+0000] {processor.py:208} INFO - Processing /opt/airflow/dags/first_dag.py took 0.063 seconds
[2025-11-15T18:15:01.741+0000] {processor.py:186} INFO - Started process (PID=9034) to work on /opt/airflow/dags/first_dag.py
[2025-11-15T18:15:01.742+0000] {processor.py:914} INFO - Processing file /opt/airflow/dags/first_dag.py for tasks to queue
[2025-11-15T18:15:01.743+0000] {logging_mixin.py:190} INFO - [2025-11-15T18:15:01.743+0000] {dagbag.py:588} INFO - Filling up the DagBag from /opt/airflow/dags/first_dag.py
[2025-11-15T18:15:01.755+0000] {processor.py:925} INFO - DAG(s) 'my_first_dag' retrieved from /opt/airflow/dags/first_dag.py
[2025-11-15T18:15:01.768+0000] {logging_mixin.py:190} INFO - [2025-11-15T18:15:01.768+0000] {dag.py:3239} INFO - Sync 1 DAGs
[2025-11-15T18:15:01.786+0000] {logging_mixin.py:190} INFO - [2025-11-15T18:15:01.786+0000] {dag.py:4180} INFO - Setting next_dagrun for my_first_dag to 2025-11-14 00:00:00+00:00, run_after=2025-11-15 00:00:00+00:00
[2025-11-15T18:15:01.802+0000] {processor.py:208} INFO - Processing /opt/airflow/dags/first_dag.py took 0.065 seconds
[2025-11-15T18:15:33.997+0000] {processor.py:186} INFO - Started process (PID=9099) to work on /opt/airflow/dags/first_dag.py
[2025-11-15T18:15:33.997+0000] {processor.py:914} INFO - Processing file /opt/airflow/dags/first_dag.py for tasks to queue
[2025-11-15T18:15:33.998+0000] {logging_mixin.py:190} INFO - [2025-11-15T18:15:33.998+0000] {dagbag.py:588} INFO - Filling up the DagBag from /opt/airflow/dags/first_dag.py
[2025-11-15T18:15:34.015+0000] {processor.py:925} INFO - DAG(s) 'my_first_dag' retrieved from /opt/airflow/dags/first_dag.py
[2025-11-15T18:15:34.029+0000] {logging_mixin.py:190} INFO - [2025-11-15T18:15:34.029+0000] {dag.py:3239} INFO - Sync 1 DAGs
[2025-11-15T18:15:34.045+0000] {logging_mixin.py:190} INFO - [2025-11-15T18:15:34.045+0000] {dag.py:4180} INFO - Setting next_dagrun for my_first_dag to 2025-11-14 00:00:00+00:00, run_after=2025-11-15 00:00:00+00:00
[2025-11-15T18:15:34.062+0000] {processor.py:208} INFO - Processing /opt/airflow/dags/first_dag.py took 0.069 seconds
[2025-11-15T18:16:05.633+0000] {processor.py:186} INFO - Started process (PID=9164) to work on /opt/airflow/dags/first_dag.py
[2025-11-15T18:16:05.634+0000] {processor.py:914} INFO - Processing file /opt/airflow/dags/first_dag.py for tasks to queue
[2025-11-15T18:16:05.634+0000] {logging_mixin.py:190} INFO - [2025-11-15T18:16:05.634+0000] {dagbag.py:588} INFO - Filling up the DagBag from /opt/airflow/dags/first_dag.py
[2025-11-15T18:16:05.647+0000] {processor.py:925} INFO - DAG(s) 'my_first_dag' retrieved from /opt/airflow/dags/first_dag.py
[2025-11-15T18:16:05.661+0000] {logging_mixin.py:190} INFO - [2025-11-15T18:16:05.661+0000] {dag.py:3239} INFO - Sync 1 DAGs
[2025-11-15T18:16:05.676+0000] {logging_mixin.py:190} INFO - [2025-11-15T18:16:05.675+0000] {dag.py:4180} INFO - Setting next_dagrun for my_first_dag to 2025-11-14 00:00:00+00:00, run_after=2025-11-15 00:00:00+00:00
[2025-11-15T18:16:05.691+0000] {processor.py:208} INFO - Processing /opt/airflow/dags/first_dag.py took 0.062 seconds
[2025-11-15T18:16:36.839+0000] {processor.py:186} INFO - Started process (PID=9230) to work on /opt/airflow/dags/first_dag.py
[2025-11-15T18:16:36.840+0000] {processor.py:914} INFO - Processing file /opt/airflow/dags/first_dag.py for tasks to queue
[2025-11-15T18:16:36.840+0000] {logging_mixin.py:190} INFO - [2025-11-15T18:16:36.840+0000] {dagbag.py:588} INFO - Filling up the DagBag from /opt/airflow/dags/first_dag.py
[2025-11-15T18:16:36.853+0000] {processor.py:925} INFO - DAG(s) 'my_first_dag' retrieved from /opt/airflow/dags/first_dag.py
[2025-11-15T18:16:36.866+0000] {logging_mixin.py:190} INFO - [2025-11-15T18:16:36.866+0000] {dag.py:3239} INFO - Sync 1 DAGs
[2025-11-15T18:16:36.879+0000] {logging_mixin.py:190} INFO - [2025-11-15T18:16:36.879+0000] {dag.py:4180} INFO - Setting next_dagrun for my_first_dag to 2025-11-14 00:00:00+00:00, run_after=2025-11-15 00:00:00+00:00
[2025-11-15T18:16:36.892+0000] {processor.py:208} INFO - Processing /opt/airflow/dags/first_dag.py took 0.057 seconds
[2025-11-15T18:17:08.534+0000] {processor.py:186} INFO - Started process (PID=9295) to work on /opt/airflow/dags/first_dag.py
[2025-11-15T18:17:08.535+0000] {processor.py:914} INFO - Processing file /opt/airflow/dags/first_dag.py for tasks to queue
[2025-11-15T18:17:08.537+0000] {logging_mixin.py:190} INFO - [2025-11-15T18:17:08.537+0000] {dagbag.py:588} INFO - Filling up the DagBag from /opt/airflow/dags/first_dag.py
[2025-11-15T18:17:08.556+0000] {processor.py:925} INFO - DAG(s) 'my_first_dag' retrieved from /opt/airflow/dags/first_dag.py
[2025-11-15T18:17:08.572+0000] {logging_mixin.py:190} INFO - [2025-11-15T18:17:08.572+0000] {dag.py:3239} INFO - Sync 1 DAGs
[2025-11-15T18:17:08.589+0000] {logging_mixin.py:190} INFO - [2025-11-15T18:17:08.589+0000] {dag.py:4180} INFO - Setting next_dagrun for my_first_dag to 2025-11-14 00:00:00+00:00, run_after=2025-11-15 00:00:00+00:00
[2025-11-15T18:17:08.608+0000] {processor.py:208} INFO - Processing /opt/airflow/dags/first_dag.py took 0.078 seconds
[2025-11-15T18:17:40.002+0000] {processor.py:186} INFO - Started process (PID=9360) to work on /opt/airflow/dags/first_dag.py
[2025-11-15T18:17:40.003+0000] {processor.py:914} INFO - Processing file /opt/airflow/dags/first_dag.py for tasks to queue
[2025-11-15T18:17:40.004+0000] {logging_mixin.py:190} INFO - [2025-11-15T18:17:40.003+0000] {dagbag.py:588} INFO - Filling up the DagBag from /opt/airflow/dags/first_dag.py
[2025-11-15T18:17:40.020+0000] {processor.py:925} INFO - DAG(s) 'my_first_dag' retrieved from /opt/airflow/dags/first_dag.py
[2025-11-15T18:17:40.035+0000] {logging_mixin.py:190} INFO - [2025-11-15T18:17:40.035+0000] {dag.py:3239} INFO - Sync 1 DAGs
[2025-11-15T18:17:40.052+0000] {logging_mixin.py:190} INFO - [2025-11-15T18:17:40.051+0000] {dag.py:4180} INFO - Setting next_dagrun for my_first_dag to 2025-11-14 00:00:00+00:00, run_after=2025-11-15 00:00:00+00:00
[2025-11-15T18:17:40.068+0000] {processor.py:208} INFO - Processing /opt/airflow/dags/first_dag.py took 0.070 seconds
[2025-11-15T18:18:10.675+0000] {processor.py:186} INFO - Started process (PID=9425) to work on /opt/airflow/dags/first_dag.py
[2025-11-15T18:18:10.676+0000] {processor.py:914} INFO - Processing file /opt/airflow/dags/first_dag.py for tasks to queue
[2025-11-15T18:18:10.677+0000] {logging_mixin.py:190} INFO - [2025-11-15T18:18:10.677+0000] {dagbag.py:588} INFO - Filling up the DagBag from /opt/airflow/dags/first_dag.py
[2025-11-15T18:18:11.667+0000] {processor.py:925} INFO - DAG(s) 'my_first_dag' retrieved from /opt/airflow/dags/first_dag.py
[2025-11-15T18:18:11.680+0000] {logging_mixin.py:190} INFO - [2025-11-15T18:18:11.680+0000] {dag.py:3239} INFO - Sync 1 DAGs
[2025-11-15T18:18:11.697+0000] {logging_mixin.py:190} INFO - [2025-11-15T18:18:11.696+0000] {dag.py:4180} INFO - Setting next_dagrun for my_first_dag to 2025-11-14 00:00:00+00:00, run_after=2025-11-15 00:00:00+00:00
[2025-11-15T18:18:11.712+0000] {processor.py:208} INFO - Processing /opt/airflow/dags/first_dag.py took 0.070 seconds
[2025-11-15T18:18:43.770+0000] {processor.py:186} INFO - Started process (PID=9490) to work on /opt/airflow/dags/first_dag.py
[2025-11-15T18:18:43.771+0000] {processor.py:914} INFO - Processing file /opt/airflow/dags/first_dag.py for tasks to queue
[2025-11-15T18:18:43.772+0000] {logging_mixin.py:190} INFO - [2025-11-15T18:18:43.772+0000] {dagbag.py:588} INFO - Filling up the DagBag from /opt/airflow/dags/first_dag.py
[2025-11-15T18:18:43.788+0000] {processor.py:925} INFO - DAG(s) 'my_first_dag' retrieved from /opt/airflow/dags/first_dag.py
[2025-11-15T18:18:43.804+0000] {logging_mixin.py:190} INFO - [2025-11-15T18:18:43.804+0000] {dag.py:3239} INFO - Sync 1 DAGs
[2025-11-15T18:18:43.818+0000] {logging_mixin.py:190} INFO - [2025-11-15T18:18:43.818+0000] {dag.py:4180} INFO - Setting next_dagrun for my_first_dag to 2025-11-14 00:00:00+00:00, run_after=2025-11-15 00:00:00+00:00
[2025-11-15T18:18:43.835+0000] {processor.py:208} INFO - Processing /opt/airflow/dags/first_dag.py took 0.072 seconds
[2025-11-15T18:19:14.005+0000] {processor.py:186} INFO - Started process (PID=9555) to work on /opt/airflow/dags/first_dag.py
[2025-11-15T18:19:14.006+0000] {processor.py:914} INFO - Processing file /opt/airflow/dags/first_dag.py for tasks to queue
[2025-11-15T18:19:14.007+0000] {logging_mixin.py:190} INFO - [2025-11-15T18:19:14.006+0000] {dagbag.py:588} INFO - Filling up the DagBag from /opt/airflow/dags/first_dag.py
[2025-11-15T18:19:14.018+0000] {processor.py:925} INFO - DAG(s) 'my_first_dag' retrieved from /opt/airflow/dags/first_dag.py
[2025-11-15T18:19:14.030+0000] {logging_mixin.py:190} INFO - [2025-11-15T18:19:14.030+0000] {dag.py:3239} INFO - Sync 1 DAGs
[2025-11-15T18:19:14.044+0000] {logging_mixin.py:190} INFO - [2025-11-15T18:19:14.044+0000] {dag.py:4180} INFO - Setting next_dagrun for my_first_dag to 2025-11-14 00:00:00+00:00, run_after=2025-11-15 00:00:00+00:00
[2025-11-15T18:19:14.059+0000] {processor.py:208} INFO - Processing /opt/airflow/dags/first_dag.py took 0.058 seconds
[2025-11-15T18:19:44.207+0000] {processor.py:186} INFO - Started process (PID=9620) to work on /opt/airflow/dags/first_dag.py
[2025-11-15T18:19:44.208+0000] {processor.py:914} INFO - Processing file /opt/airflow/dags/first_dag.py for tasks to queue
[2025-11-15T18:19:44.209+0000] {logging_mixin.py:190} INFO - [2025-11-15T18:19:44.208+0000] {dagbag.py:588} INFO - Filling up the DagBag from /opt/airflow/dags/first_dag.py
[2025-11-15T18:19:44.221+0000] {processor.py:925} INFO - DAG(s) 'my_first_dag' retrieved from /opt/airflow/dags/first_dag.py
[2025-11-15T18:19:44.234+0000] {logging_mixin.py:190} INFO - [2025-11-15T18:19:44.234+0000] {dag.py:3239} INFO - Sync 1 DAGs
[2025-11-15T18:19:44.247+0000] {logging_mixin.py:190} INFO - [2025-11-15T18:19:44.247+0000] {dag.py:4180} INFO - Setting next_dagrun for my_first_dag to 2025-11-14 00:00:00+00:00, run_after=2025-11-15 00:00:00+00:00
[2025-11-15T18:19:44.261+0000] {processor.py:208} INFO - Processing /opt/airflow/dags/first_dag.py took 0.058 seconds
[2025-11-15T18:20:14.304+0000] {processor.py:186} INFO - Started process (PID=9684) to work on /opt/airflow/dags/first_dag.py
[2025-11-15T18:20:14.305+0000] {processor.py:914} INFO - Processing file /opt/airflow/dags/first_dag.py for tasks to queue
[2025-11-15T18:20:14.306+0000] {logging_mixin.py:190} INFO - [2025-11-15T18:20:14.306+0000] {dagbag.py:588} INFO - Filling up the DagBag from /opt/airflow/dags/first_dag.py
[2025-11-15T18:20:14.318+0000] {processor.py:925} INFO - DAG(s) 'my_first_dag' retrieved from /opt/airflow/dags/first_dag.py
[2025-11-15T18:20:14.330+0000] {logging_mixin.py:190} INFO - [2025-11-15T18:20:14.330+0000] {dag.py:3239} INFO - Sync 1 DAGs
[2025-11-15T18:20:14.343+0000] {logging_mixin.py:190} INFO - [2025-11-15T18:20:14.343+0000] {dag.py:4180} INFO - Setting next_dagrun for my_first_dag to 2025-11-14 00:00:00+00:00, run_after=2025-11-15 00:00:00+00:00
[2025-11-15T18:20:14.355+0000] {processor.py:208} INFO - Processing /opt/airflow/dags/first_dag.py took 0.056 seconds
[2025-11-15T18:20:44.568+0000] {processor.py:186} INFO - Started process (PID=9750) to work on /opt/airflow/dags/first_dag.py
[2025-11-15T18:20:44.569+0000] {processor.py:914} INFO - Processing file /opt/airflow/dags/first_dag.py for tasks to queue
[2025-11-15T18:20:44.571+0000] {logging_mixin.py:190} INFO - [2025-11-15T18:20:44.570+0000] {dagbag.py:588} INFO - Filling up the DagBag from /opt/airflow/dags/first_dag.py
[2025-11-15T18:20:44.607+0000] {processor.py:925} INFO - DAG(s) 'my_first_dag' retrieved from /opt/airflow/dags/first_dag.py
[2025-11-15T18:20:44.623+0000] {logging_mixin.py:190} INFO - [2025-11-15T18:20:44.623+0000] {dag.py:3239} INFO - Sync 1 DAGs
[2025-11-15T18:20:44.640+0000] {logging_mixin.py:190} INFO - [2025-11-15T18:20:44.640+0000] {dag.py:4180} INFO - Setting next_dagrun for my_first_dag to 2025-11-14 00:00:00+00:00, run_after=2025-11-15 00:00:00+00:00
[2025-11-15T18:20:44.657+0000] {processor.py:208} INFO - Processing /opt/airflow/dags/first_dag.py took 0.093 seconds
[2025-11-15T18:21:14.842+0000] {processor.py:186} INFO - Started process (PID=9815) to work on /opt/airflow/dags/first_dag.py
[2025-11-15T18:21:14.843+0000] {processor.py:914} INFO - Processing file /opt/airflow/dags/first_dag.py for tasks to queue
[2025-11-15T18:21:14.843+0000] {logging_mixin.py:190} INFO - [2025-11-15T18:21:14.843+0000] {dagbag.py:588} INFO - Filling up the DagBag from /opt/airflow/dags/first_dag.py
[2025-11-15T18:21:14.854+0000] {processor.py:925} INFO - DAG(s) 'my_first_dag' retrieved from /opt/airflow/dags/first_dag.py
[2025-11-15T18:21:14.867+0000] {logging_mixin.py:190} INFO - [2025-11-15T18:21:14.866+0000] {dag.py:3239} INFO - Sync 1 DAGs
[2025-11-15T18:21:14.880+0000] {logging_mixin.py:190} INFO - [2025-11-15T18:21:14.880+0000] {dag.py:4180} INFO - Setting next_dagrun for my_first_dag to 2025-11-14 00:00:00+00:00, run_after=2025-11-15 00:00:00+00:00
[2025-11-15T18:21:14.898+0000] {processor.py:208} INFO - Processing /opt/airflow/dags/first_dag.py took 0.060 seconds
[2025-11-15T18:21:45.245+0000] {processor.py:186} INFO - Started process (PID=9880) to work on /opt/airflow/dags/first_dag.py
[2025-11-15T18:21:45.245+0000] {processor.py:914} INFO - Processing file /opt/airflow/dags/first_dag.py for tasks to queue
[2025-11-15T18:21:45.246+0000] {logging_mixin.py:190} INFO - [2025-11-15T18:21:45.246+0000] {dagbag.py:588} INFO - Filling up the DagBag from /opt/airflow/dags/first_dag.py
[2025-11-15T18:21:45.259+0000] {processor.py:925} INFO - DAG(s) 'my_first_dag' retrieved from /opt/airflow/dags/first_dag.py
[2025-11-15T18:21:45.271+0000] {logging_mixin.py:190} INFO - [2025-11-15T18:21:45.271+0000] {dag.py:3239} INFO - Sync 1 DAGs
[2025-11-15T18:21:45.285+0000] {logging_mixin.py:190} INFO - [2025-11-15T18:21:45.285+0000] {dag.py:4180} INFO - Setting next_dagrun for my_first_dag to 2025-11-14 00:00:00+00:00, run_after=2025-11-15 00:00:00+00:00
[2025-11-15T18:21:45.305+0000] {processor.py:208} INFO - Processing /opt/airflow/dags/first_dag.py took 0.065 seconds
[2025-11-15T18:22:15.549+0000] {processor.py:186} INFO - Started process (PID=9945) to work on /opt/airflow/dags/first_dag.py
[2025-11-15T18:22:15.549+0000] {processor.py:914} INFO - Processing file /opt/airflow/dags/first_dag.py for tasks to queue
[2025-11-15T18:22:15.550+0000] {logging_mixin.py:190} INFO - [2025-11-15T18:22:15.550+0000] {dagbag.py:588} INFO - Filling up the DagBag from /opt/airflow/dags/first_dag.py
[2025-11-15T18:22:15.564+0000] {processor.py:925} INFO - DAG(s) 'my_first_dag' retrieved from /opt/airflow/dags/first_dag.py
[2025-11-15T18:22:15.578+0000] {logging_mixin.py:190} INFO - [2025-11-15T18:22:15.578+0000] {dag.py:3239} INFO - Sync 1 DAGs
[2025-11-15T18:22:15.592+0000] {logging_mixin.py:190} INFO - [2025-11-15T18:22:15.592+0000] {dag.py:4180} INFO - Setting next_dagrun for my_first_dag to 2025-11-14 00:00:00+00:00, run_after=2025-11-15 00:00:00+00:00
[2025-11-15T18:22:15.607+0000] {processor.py:208} INFO - Processing /opt/airflow/dags/first_dag.py took 0.062 seconds
[2025-11-15T18:22:45.675+0000] {processor.py:186} INFO - Started process (PID=10009) to work on /opt/airflow/dags/first_dag.py
[2025-11-15T18:22:45.676+0000] {processor.py:914} INFO - Processing file /opt/airflow/dags/first_dag.py for tasks to queue
[2025-11-15T18:22:45.677+0000] {logging_mixin.py:190} INFO - [2025-11-15T18:22:45.677+0000] {dagbag.py:588} INFO - Filling up the DagBag from /opt/airflow/dags/first_dag.py
[2025-11-15T18:22:45.689+0000] {processor.py:925} INFO - DAG(s) 'my_first_dag' retrieved from /opt/airflow/dags/first_dag.py
[2025-11-15T18:22:45.702+0000] {logging_mixin.py:190} INFO - [2025-11-15T18:22:45.702+0000] {dag.py:3239} INFO - Sync 1 DAGs
[2025-11-15T18:22:45.716+0000] {logging_mixin.py:190} INFO - [2025-11-15T18:22:45.716+0000] {dag.py:4180} INFO - Setting next_dagrun for my_first_dag to 2025-11-14 00:00:00+00:00, run_after=2025-11-15 00:00:00+00:00
[2025-11-15T18:22:45.731+0000] {processor.py:208} INFO - Processing /opt/airflow/dags/first_dag.py took 0.060 seconds
[2025-11-15T18:23:15.994+0000] {processor.py:186} INFO - Started process (PID=10074) to work on /opt/airflow/dags/first_dag.py
[2025-11-15T18:23:15.994+0000] {processor.py:914} INFO - Processing file /opt/airflow/dags/first_dag.py for tasks to queue
[2025-11-15T18:23:15.995+0000] {logging_mixin.py:190} INFO - [2025-11-15T18:23:15.995+0000] {dagbag.py:588} INFO - Filling up the DagBag from /opt/airflow/dags/first_dag.py
[2025-11-15T18:23:16.010+0000] {processor.py:925} INFO - DAG(s) 'my_first_dag' retrieved from /opt/airflow/dags/first_dag.py
[2025-11-15T18:23:16.024+0000] {logging_mixin.py:190} INFO - [2025-11-15T18:23:16.024+0000] {dag.py:3239} INFO - Sync 1 DAGs
[2025-11-15T18:23:16.041+0000] {logging_mixin.py:190} INFO - [2025-11-15T18:23:16.041+0000] {dag.py:4180} INFO - Setting next_dagrun for my_first_dag to 2025-11-14 00:00:00+00:00, run_after=2025-11-15 00:00:00+00:00
[2025-11-15T18:23:16.059+0000] {processor.py:208} INFO - Processing /opt/airflow/dags/first_dag.py took 0.070 seconds
[2025-11-15T18:23:46.361+0000] {processor.py:186} INFO - Started process (PID=10139) to work on /opt/airflow/dags/first_dag.py
[2025-11-15T18:23:46.362+0000] {processor.py:914} INFO - Processing file /opt/airflow/dags/first_dag.py for tasks to queue
[2025-11-15T18:23:46.363+0000] {logging_mixin.py:190} INFO - [2025-11-15T18:23:46.362+0000] {dagbag.py:588} INFO - Filling up the DagBag from /opt/airflow/dags/first_dag.py
[2025-11-15T18:23:46.376+0000] {processor.py:925} INFO - DAG(s) 'my_first_dag' retrieved from /opt/airflow/dags/first_dag.py
[2025-11-15T18:23:46.388+0000] {logging_mixin.py:190} INFO - [2025-11-15T18:23:46.388+0000] {dag.py:3239} INFO - Sync 1 DAGs
[2025-11-15T18:23:46.402+0000] {logging_mixin.py:190} INFO - [2025-11-15T18:23:46.402+0000] {dag.py:4180} INFO - Setting next_dagrun for my_first_dag to 2025-11-14 00:00:00+00:00, run_after=2025-11-15 00:00:00+00:00
[2025-11-15T18:23:46.417+0000] {processor.py:208} INFO - Processing /opt/airflow/dags/first_dag.py took 0.060 seconds
[2025-11-15T18:24:16.557+0000] {processor.py:186} INFO - Started process (PID=10204) to work on /opt/airflow/dags/first_dag.py
[2025-11-15T18:24:16.558+0000] {processor.py:914} INFO - Processing file /opt/airflow/dags/first_dag.py for tasks to queue
[2025-11-15T18:24:16.559+0000] {logging_mixin.py:190} INFO - [2025-11-15T18:24:16.558+0000] {dagbag.py:588} INFO - Filling up the DagBag from /opt/airflow/dags/first_dag.py
[2025-11-15T18:24:16.574+0000] {processor.py:925} INFO - DAG(s) 'my_first_dag' retrieved from /opt/airflow/dags/first_dag.py
[2025-11-15T18:24:16.586+0000] {logging_mixin.py:190} INFO - [2025-11-15T18:24:16.586+0000] {dag.py:3239} INFO - Sync 1 DAGs
[2025-11-15T18:24:16.600+0000] {logging_mixin.py:190} INFO - [2025-11-15T18:24:16.600+0000] {dag.py:4180} INFO - Setting next_dagrun for my_first_dag to 2025-11-14 00:00:00+00:00, run_after=2025-11-15 00:00:00+00:00
[2025-11-15T18:24:16.616+0000] {processor.py:208} INFO - Processing /opt/airflow/dags/first_dag.py took 0.063 seconds
[2025-11-15T18:24:46.822+0000] {processor.py:186} INFO - Started process (PID=10269) to work on /opt/airflow/dags/first_dag.py
[2025-11-15T18:24:46.822+0000] {processor.py:914} INFO - Processing file /opt/airflow/dags/first_dag.py for tasks to queue
[2025-11-15T18:24:46.823+0000] {logging_mixin.py:190} INFO - [2025-11-15T18:24:46.823+0000] {dagbag.py:588} INFO - Filling up the DagBag from /opt/airflow/dags/first_dag.py
[2025-11-15T18:24:46.835+0000] {processor.py:925} INFO - DAG(s) 'my_first_dag' retrieved from /opt/airflow/dags/first_dag.py
[2025-11-15T18:24:46.848+0000] {logging_mixin.py:190} INFO - [2025-11-15T18:24:46.848+0000] {dag.py:3239} INFO - Sync 1 DAGs
[2025-11-15T18:24:46.862+0000] {logging_mixin.py:190} INFO - [2025-11-15T18:24:46.862+0000] {dag.py:4180} INFO - Setting next_dagrun for my_first_dag to 2025-11-14 00:00:00+00:00, run_after=2025-11-15 00:00:00+00:00
[2025-11-15T18:24:46.876+0000] {processor.py:208} INFO - Processing /opt/airflow/dags/first_dag.py took 0.059 seconds
[2025-11-15T18:25:17.012+0000] {processor.py:186} INFO - Started process (PID=10334) to work on /opt/airflow/dags/first_dag.py
[2025-11-15T18:25:17.013+0000] {processor.py:914} INFO - Processing file /opt/airflow/dags/first_dag.py for tasks to queue
[2025-11-15T18:25:17.014+0000] {logging_mixin.py:190} INFO - [2025-11-15T18:25:17.014+0000] {dagbag.py:588} INFO - Filling up the DagBag from /opt/airflow/dags/first_dag.py
[2025-11-15T18:25:17.025+0000] {processor.py:925} INFO - DAG(s) 'my_first_dag' retrieved from /opt/airflow/dags/first_dag.py
[2025-11-15T18:25:17.038+0000] {logging_mixin.py:190} INFO - [2025-11-15T18:25:17.037+0000] {dag.py:3239} INFO - Sync 1 DAGs
[2025-11-15T18:25:17.052+0000] {logging_mixin.py:190} INFO - [2025-11-15T18:25:17.051+0000] {dag.py:4180} INFO - Setting next_dagrun for my_first_dag to 2025-11-14 00:00:00+00:00, run_after=2025-11-15 00:00:00+00:00
[2025-11-15T18:25:17.069+0000] {processor.py:208} INFO - Processing /opt/airflow/dags/first_dag.py took 0.061 seconds
[2025-11-15T18:25:47.362+0000] {processor.py:186} INFO - Started process (PID=10399) to work on /opt/airflow/dags/first_dag.py
[2025-11-15T18:25:47.363+0000] {processor.py:914} INFO - Processing file /opt/airflow/dags/first_dag.py for tasks to queue
[2025-11-15T18:25:47.364+0000] {logging_mixin.py:190} INFO - [2025-11-15T18:25:47.364+0000] {dagbag.py:588} INFO - Filling up the DagBag from /opt/airflow/dags/first_dag.py
[2025-11-15T18:25:47.386+0000] {processor.py:925} INFO - DAG(s) 'my_first_dag' retrieved from /opt/airflow/dags/first_dag.py
[2025-11-15T18:25:47.402+0000] {logging_mixin.py:190} INFO - [2025-11-15T18:25:47.402+0000] {dag.py:3239} INFO - Sync 1 DAGs
[2025-11-15T18:25:47.418+0000] {logging_mixin.py:190} INFO - [2025-11-15T18:25:47.418+0000] {dag.py:4180} INFO - Setting next_dagrun for my_first_dag to 2025-11-14 00:00:00+00:00, run_after=2025-11-15 00:00:00+00:00
[2025-11-15T18:25:47.437+0000] {processor.py:208} INFO - Processing /opt/airflow/dags/first_dag.py took 0.079 seconds
[2025-11-15T18:26:17.953+0000] {processor.py:186} INFO - Started process (PID=10464) to work on /opt/airflow/dags/first_dag.py
[2025-11-15T18:26:17.954+0000] {processor.py:914} INFO - Processing file /opt/airflow/dags/first_dag.py for tasks to queue
[2025-11-15T18:26:17.954+0000] {logging_mixin.py:190} INFO - [2025-11-15T18:26:17.954+0000] {dagbag.py:588} INFO - Filling up the DagBag from /opt/airflow/dags/first_dag.py
[2025-11-15T18:26:17.968+0000] {processor.py:925} INFO - DAG(s) 'my_first_dag' retrieved from /opt/airflow/dags/first_dag.py
[2025-11-15T18:26:17.982+0000] {logging_mixin.py:190} INFO - [2025-11-15T18:26:17.982+0000] {dag.py:3239} INFO - Sync 1 DAGs
[2025-11-15T18:26:17.999+0000] {logging_mixin.py:190} INFO - [2025-11-15T18:26:17.999+0000] {dag.py:4180} INFO - Setting next_dagrun for my_first_dag to 2025-11-14 00:00:00+00:00, run_after=2025-11-15 00:00:00+00:00
[2025-11-15T18:26:18.017+0000] {processor.py:208} INFO - Processing /opt/airflow/dags/first_dag.py took 0.068 seconds
[2025-11-15T18:26:48.104+0000] {processor.py:186} INFO - Started process (PID=10523) to work on /opt/airflow/dags/first_dag.py
[2025-11-15T18:26:48.105+0000] {processor.py:914} INFO - Processing file /opt/airflow/dags/first_dag.py for tasks to queue
[2025-11-15T18:26:48.106+0000] {logging_mixin.py:190} INFO - [2025-11-15T18:26:48.106+0000] {dagbag.py:588} INFO - Filling up the DagBag from /opt/airflow/dags/first_dag.py
[2025-11-15T18:26:48.119+0000] {processor.py:925} INFO - DAG(s) 'my_first_dag' retrieved from /opt/airflow/dags/first_dag.py
[2025-11-15T18:26:48.132+0000] {logging_mixin.py:190} INFO - [2025-11-15T18:26:48.132+0000] {dag.py:3239} INFO - Sync 1 DAGs
[2025-11-15T18:26:48.145+0000] {logging_mixin.py:190} INFO - [2025-11-15T18:26:48.145+0000] {dag.py:4180} INFO - Setting next_dagrun for my_first_dag to 2025-11-14 00:00:00+00:00, run_after=2025-11-15 00:00:00+00:00
[2025-11-15T18:26:48.161+0000] {processor.py:208} INFO - Processing /opt/airflow/dags/first_dag.py took 0.061 seconds
[2025-11-15T18:27:18.338+0000] {processor.py:186} INFO - Started process (PID=10588) to work on /opt/airflow/dags/first_dag.py
[2025-11-15T18:27:18.339+0000] {processor.py:914} INFO - Processing file /opt/airflow/dags/first_dag.py for tasks to queue
[2025-11-15T18:27:18.340+0000] {logging_mixin.py:190} INFO - [2025-11-15T18:27:18.340+0000] {dagbag.py:588} INFO - Filling up the DagBag from /opt/airflow/dags/first_dag.py
[2025-11-15T18:27:18.353+0000] {processor.py:925} INFO - DAG(s) 'my_first_dag' retrieved from /opt/airflow/dags/first_dag.py
[2025-11-15T18:27:18.366+0000] {logging_mixin.py:190} INFO - [2025-11-15T18:27:18.366+0000] {dag.py:3239} INFO - Sync 1 DAGs
[2025-11-15T18:27:18.380+0000] {logging_mixin.py:190} INFO - [2025-11-15T18:27:18.380+0000] {dag.py:4180} INFO - Setting next_dagrun for my_first_dag to 2025-11-14 00:00:00+00:00, run_after=2025-11-15 00:00:00+00:00
[2025-11-15T18:27:18.393+0000] {processor.py:208} INFO - Processing /opt/airflow/dags/first_dag.py took 0.059 seconds
[2025-11-15T18:27:48.578+0000] {processor.py:186} INFO - Started process (PID=10653) to work on /opt/airflow/dags/first_dag.py
[2025-11-15T18:27:48.579+0000] {processor.py:914} INFO - Processing file /opt/airflow/dags/first_dag.py for tasks to queue
[2025-11-15T18:27:48.580+0000] {logging_mixin.py:190} INFO - [2025-11-15T18:27:48.580+0000] {dagbag.py:588} INFO - Filling up the DagBag from /opt/airflow/dags/first_dag.py
[2025-11-15T18:27:48.595+0000] {processor.py:925} INFO - DAG(s) 'my_first_dag' retrieved from /opt/airflow/dags/first_dag.py
[2025-11-15T18:27:48.608+0000] {logging_mixin.py:190} INFO - [2025-11-15T18:27:48.608+0000] {dag.py:3239} INFO - Sync 1 DAGs
[2025-11-15T18:27:48.623+0000] {logging_mixin.py:190} INFO - [2025-11-15T18:27:48.623+0000] {dag.py:4180} INFO - Setting next_dagrun for my_first_dag to 2025-11-14 00:00:00+00:00, run_after=2025-11-15 00:00:00+00:00
[2025-11-15T18:27:48.638+0000] {processor.py:208} INFO - Processing /opt/airflow/dags/first_dag.py took 0.064 seconds
[2025-11-15T18:28:19.054+0000] {processor.py:186} INFO - Started process (PID=10718) to work on /opt/airflow/dags/first_dag.py
[2025-11-15T18:28:19.055+0000] {processor.py:914} INFO - Processing file /opt/airflow/dags/first_dag.py for tasks to queue
[2025-11-15T18:28:19.056+0000] {logging_mixin.py:190} INFO - [2025-11-15T18:28:19.056+0000] {dagbag.py:588} INFO - Filling up the DagBag from /opt/airflow/dags/first_dag.py
[2025-11-15T18:28:19.071+0000] {processor.py:925} INFO - DAG(s) 'my_first_dag' retrieved from /opt/airflow/dags/first_dag.py
[2025-11-15T18:28:19.083+0000] {logging_mixin.py:190} INFO - [2025-11-15T18:28:19.083+0000] {dag.py:3239} INFO - Sync 1 DAGs
[2025-11-15T18:28:19.098+0000] {logging_mixin.py:190} INFO - [2025-11-15T18:28:19.098+0000] {dag.py:4180} INFO - Setting next_dagrun for my_first_dag to 2025-11-14 00:00:00+00:00, run_after=2025-11-15 00:00:00+00:00
[2025-11-15T18:28:19.115+0000] {processor.py:208} INFO - Processing /opt/airflow/dags/first_dag.py took 0.065 seconds
[2025-11-15T18:28:49.572+0000] {processor.py:186} INFO - Started process (PID=10783) to work on /opt/airflow/dags/first_dag.py
[2025-11-15T18:28:49.573+0000] {processor.py:914} INFO - Processing file /opt/airflow/dags/first_dag.py for tasks to queue
[2025-11-15T18:28:49.574+0000] {logging_mixin.py:190} INFO - [2025-11-15T18:28:49.573+0000] {dagbag.py:588} INFO - Filling up the DagBag from /opt/airflow/dags/first_dag.py
[2025-11-15T18:28:49.589+0000] {processor.py:925} INFO - DAG(s) 'my_first_dag' retrieved from /opt/airflow/dags/first_dag.py
[2025-11-15T18:28:49.604+0000] {logging_mixin.py:190} INFO - [2025-11-15T18:28:49.604+0000] {dag.py:3239} INFO - Sync 1 DAGs
[2025-11-15T18:28:49.618+0000] {logging_mixin.py:190} INFO - [2025-11-15T18:28:49.618+0000] {dag.py:4180} INFO - Setting next_dagrun for my_first_dag to 2025-11-14 00:00:00+00:00, run_after=2025-11-15 00:00:00+00:00
[2025-11-15T18:28:49.632+0000] {processor.py:208} INFO - Processing /opt/airflow/dags/first_dag.py took 0.064 seconds
[2025-11-15T18:29:21.106+0000] {processor.py:186} INFO - Started process (PID=10833) to work on /opt/airflow/dags/first_dag.py
[2025-11-15T18:29:21.107+0000] {processor.py:914} INFO - Processing file /opt/airflow/dags/first_dag.py for tasks to queue
[2025-11-15T18:29:21.108+0000] {logging_mixin.py:190} INFO - [2025-11-15T18:29:21.107+0000] {dagbag.py:588} INFO - Filling up the DagBag from /opt/airflow/dags/first_dag.py
[2025-11-15T18:29:21.122+0000] {processor.py:925} INFO - DAG(s) 'my_first_dag' retrieved from /opt/airflow/dags/first_dag.py
[2025-11-15T18:29:21.135+0000] {logging_mixin.py:190} INFO - [2025-11-15T18:29:21.134+0000] {dag.py:3239} INFO - Sync 1 DAGs
[2025-11-15T18:29:21.150+0000] {logging_mixin.py:190} INFO - [2025-11-15T18:29:21.150+0000] {dag.py:4180} INFO - Setting next_dagrun for my_first_dag to 2025-11-14 00:00:00+00:00, run_after=2025-11-15 00:00:00+00:00
[2025-11-15T18:29:21.163+0000] {processor.py:208} INFO - Processing /opt/airflow/dags/first_dag.py took 0.061 seconds
[2025-11-15T18:29:52.171+0000] {processor.py:186} INFO - Started process (PID=10896) to work on /opt/airflow/dags/first_dag.py
[2025-11-15T18:29:52.172+0000] {processor.py:914} INFO - Processing file /opt/airflow/dags/first_dag.py for tasks to queue
[2025-11-15T18:29:52.173+0000] {logging_mixin.py:190} INFO - [2025-11-15T18:29:52.173+0000] {dagbag.py:588} INFO - Filling up the DagBag from /opt/airflow/dags/first_dag.py
[2025-11-15T18:29:52.189+0000] {processor.py:925} INFO - DAG(s) 'my_first_dag' retrieved from /opt/airflow/dags/first_dag.py
[2025-11-15T18:29:52.201+0000] {logging_mixin.py:190} INFO - [2025-11-15T18:29:52.201+0000] {dag.py:3239} INFO - Sync 1 DAGs
[2025-11-15T18:29:52.214+0000] {logging_mixin.py:190} INFO - [2025-11-15T18:29:52.214+0000] {dag.py:4180} INFO - Setting next_dagrun for my_first_dag to 2025-11-14 00:00:00+00:00, run_after=2025-11-15 00:00:00+00:00
[2025-11-15T18:29:52.227+0000] {processor.py:208} INFO - Processing /opt/airflow/dags/first_dag.py took 0.061 seconds
[2025-11-15T18:30:24.495+0000] {processor.py:186} INFO - Started process (PID=10961) to work on /opt/airflow/dags/first_dag.py
[2025-11-15T18:30:24.496+0000] {processor.py:914} INFO - Processing file /opt/airflow/dags/first_dag.py for tasks to queue
[2025-11-15T18:30:24.497+0000] {logging_mixin.py:190} INFO - [2025-11-15T18:30:24.497+0000] {dagbag.py:588} INFO - Filling up the DagBag from /opt/airflow/dags/first_dag.py
[2025-11-15T18:30:24.511+0000] {processor.py:925} INFO - DAG(s) 'my_first_dag' retrieved from /opt/airflow/dags/first_dag.py
[2025-11-15T18:30:24.525+0000] {logging_mixin.py:190} INFO - [2025-11-15T18:30:24.525+0000] {dag.py:3239} INFO - Sync 1 DAGs
[2025-11-15T18:30:24.541+0000] {logging_mixin.py:190} INFO - [2025-11-15T18:30:24.541+0000] {dag.py:4180} INFO - Setting next_dagrun for my_first_dag to 2025-11-14 00:00:00+00:00, run_after=2025-11-15 00:00:00+00:00
[2025-11-15T18:30:24.556+0000] {processor.py:208} INFO - Processing /opt/airflow/dags/first_dag.py took 0.065 seconds
[2025-11-15T18:30:55.009+0000] {processor.py:186} INFO - Started process (PID=11010) to work on /opt/airflow/dags/first_dag.py
[2025-11-15T18:30:55.010+0000] {processor.py:914} INFO - Processing file /opt/airflow/dags/first_dag.py for tasks to queue
[2025-11-15T18:30:55.011+0000] {logging_mixin.py:190} INFO - [2025-11-15T18:30:55.011+0000] {dagbag.py:588} INFO - Filling up the DagBag from /opt/airflow/dags/first_dag.py
[2025-11-15T18:30:55.023+0000] {processor.py:925} INFO - DAG(s) 'my_first_dag' retrieved from /opt/airflow/dags/first_dag.py
[2025-11-15T18:30:55.035+0000] {logging_mixin.py:190} INFO - [2025-11-15T18:30:55.035+0000] {dag.py:3239} INFO - Sync 1 DAGs
[2025-11-15T18:30:55.050+0000] {logging_mixin.py:190} INFO - [2025-11-15T18:30:55.050+0000] {dag.py:4180} INFO - Setting next_dagrun for my_first_dag to 2025-11-14 00:00:00+00:00, run_after=2025-11-15 00:00:00+00:00
[2025-11-15T18:30:55.064+0000] {processor.py:208} INFO - Processing /opt/airflow/dags/first_dag.py took 0.058 seconds
[2025-11-15T18:31:26.549+0000] {processor.py:186} INFO - Started process (PID=11075) to work on /opt/airflow/dags/first_dag.py
[2025-11-15T18:31:26.550+0000] {processor.py:914} INFO - Processing file /opt/airflow/dags/first_dag.py for tasks to queue
[2025-11-15T18:31:26.551+0000] {logging_mixin.py:190} INFO - [2025-11-15T18:31:26.551+0000] {dagbag.py:588} INFO - Filling up the DagBag from /opt/airflow/dags/first_dag.py
[2025-11-15T18:31:26.565+0000] {processor.py:925} INFO - DAG(s) 'my_first_dag' retrieved from /opt/airflow/dags/first_dag.py
[2025-11-15T18:31:26.576+0000] {logging_mixin.py:190} INFO - [2025-11-15T18:31:26.576+0000] {dag.py:3239} INFO - Sync 1 DAGs
[2025-11-15T18:31:26.589+0000] {logging_mixin.py:190} INFO - [2025-11-15T18:31:26.589+0000] {dag.py:4180} INFO - Setting next_dagrun for my_first_dag to 2025-11-14 00:00:00+00:00, run_after=2025-11-15 00:00:00+00:00
[2025-11-15T18:31:26.601+0000] {processor.py:208} INFO - Processing /opt/airflow/dags/first_dag.py took 0.056 seconds
[2025-11-15T18:31:58.074+0000] {processor.py:186} INFO - Started process (PID=11140) to work on /opt/airflow/dags/first_dag.py
[2025-11-15T18:31:58.075+0000] {processor.py:914} INFO - Processing file /opt/airflow/dags/first_dag.py for tasks to queue
[2025-11-15T18:31:58.076+0000] {logging_mixin.py:190} INFO - [2025-11-15T18:31:58.075+0000] {dagbag.py:588} INFO - Filling up the DagBag from /opt/airflow/dags/first_dag.py
[2025-11-15T18:31:58.089+0000] {processor.py:925} INFO - DAG(s) 'my_first_dag' retrieved from /opt/airflow/dags/first_dag.py
[2025-11-15T18:31:58.101+0000] {logging_mixin.py:190} INFO - [2025-11-15T18:31:58.100+0000] {dag.py:3239} INFO - Sync 1 DAGs
[2025-11-15T18:31:58.114+0000] {logging_mixin.py:190} INFO - [2025-11-15T18:31:58.114+0000] {dag.py:4180} INFO - Setting next_dagrun for my_first_dag to 2025-11-14 00:00:00+00:00, run_after=2025-11-15 00:00:00+00:00
[2025-11-15T18:31:58.127+0000] {processor.py:208} INFO - Processing /opt/airflow/dags/first_dag.py took 0.058 seconds
[2025-11-15T18:32:29.234+0000] {processor.py:186} INFO - Started process (PID=11190) to work on /opt/airflow/dags/first_dag.py
[2025-11-15T18:32:29.235+0000] {processor.py:914} INFO - Processing file /opt/airflow/dags/first_dag.py for tasks to queue
[2025-11-15T18:32:29.238+0000] {logging_mixin.py:190} INFO - [2025-11-15T18:32:29.237+0000] {dagbag.py:588} INFO - Filling up the DagBag from /opt/airflow/dags/first_dag.py
[2025-11-15T18:32:29.256+0000] {processor.py:925} INFO - DAG(s) 'my_first_dag' retrieved from /opt/airflow/dags/first_dag.py
[2025-11-15T18:32:29.271+0000] {logging_mixin.py:190} INFO - [2025-11-15T18:32:29.271+0000] {dag.py:3239} INFO - Sync 1 DAGs
[2025-11-15T18:32:29.287+0000] {logging_mixin.py:190} INFO - [2025-11-15T18:32:29.287+0000] {dag.py:4180} INFO - Setting next_dagrun for my_first_dag to 2025-11-14 00:00:00+00:00, run_after=2025-11-15 00:00:00+00:00
[2025-11-15T18:32:29.302+0000] {processor.py:208} INFO - Processing /opt/airflow/dags/first_dag.py took 0.073 seconds
[2025-11-15T18:33:00.138+0000] {processor.py:186} INFO - Started process (PID=11248) to work on /opt/airflow/dags/first_dag.py
[2025-11-15T18:33:00.139+0000] {processor.py:914} INFO - Processing file /opt/airflow/dags/first_dag.py for tasks to queue
[2025-11-15T18:33:00.140+0000] {logging_mixin.py:190} INFO - [2025-11-15T18:33:00.140+0000] {dagbag.py:588} INFO - Filling up the DagBag from /opt/airflow/dags/first_dag.py
[2025-11-15T18:33:00.154+0000] {processor.py:925} INFO - DAG(s) 'my_first_dag' retrieved from /opt/airflow/dags/first_dag.py
[2025-11-15T18:33:00.168+0000] {logging_mixin.py:190} INFO - [2025-11-15T18:33:00.168+0000] {dag.py:3239} INFO - Sync 1 DAGs
[2025-11-15T18:33:00.185+0000] {logging_mixin.py:190} INFO - [2025-11-15T18:33:00.185+0000] {dag.py:4180} INFO - Setting next_dagrun for my_first_dag to 2025-11-14 00:00:00+00:00, run_after=2025-11-15 00:00:00+00:00
[2025-11-15T18:33:00.332+0000] {processor.py:208} INFO - Processing /opt/airflow/dags/first_dag.py took 0.198 seconds
[2025-11-15T18:33:32.158+0000] {processor.py:186} INFO - Started process (PID=11313) to work on /opt/airflow/dags/first_dag.py
[2025-11-15T18:33:32.159+0000] {processor.py:914} INFO - Processing file /opt/airflow/dags/first_dag.py for tasks to queue
[2025-11-15T18:33:32.160+0000] {logging_mixin.py:190} INFO - [2025-11-15T18:33:32.160+0000] {dagbag.py:588} INFO - Filling up the DagBag from /opt/airflow/dags/first_dag.py
[2025-11-15T18:33:32.176+0000] {processor.py:925} INFO - DAG(s) 'my_first_dag' retrieved from /opt/airflow/dags/first_dag.py
[2025-11-15T18:33:32.189+0000] {logging_mixin.py:190} INFO - [2025-11-15T18:33:32.189+0000] {dag.py:3239} INFO - Sync 1 DAGs
[2025-11-15T18:33:32.203+0000] {logging_mixin.py:190} INFO - [2025-11-15T18:33:32.203+0000] {dag.py:4180} INFO - Setting next_dagrun for my_first_dag to 2025-11-14 00:00:00+00:00, run_after=2025-11-15 00:00:00+00:00
[2025-11-15T18:33:32.218+0000] {processor.py:208} INFO - Processing /opt/airflow/dags/first_dag.py took 0.064 seconds
[2025-11-15T18:34:04.000+0000] {processor.py:186} INFO - Started process (PID=11378) to work on /opt/airflow/dags/first_dag.py
[2025-11-15T18:34:04.002+0000] {processor.py:914} INFO - Processing file /opt/airflow/dags/first_dag.py for tasks to queue
[2025-11-15T18:34:04.003+0000] {logging_mixin.py:190} INFO - [2025-11-15T18:34:04.003+0000] {dagbag.py:588} INFO - Filling up the DagBag from /opt/airflow/dags/first_dag.py
[2025-11-15T18:34:04.018+0000] {processor.py:925} INFO - DAG(s) 'my_first_dag' retrieved from /opt/airflow/dags/first_dag.py
[2025-11-15T18:34:04.033+0000] {logging_mixin.py:190} INFO - [2025-11-15T18:34:04.033+0000] {dag.py:3239} INFO - Sync 1 DAGs
[2025-11-15T18:34:04.050+0000] {logging_mixin.py:190} INFO - [2025-11-15T18:34:04.050+0000] {dag.py:4180} INFO - Setting next_dagrun for my_first_dag to 2025-11-14 00:00:00+00:00, run_after=2025-11-15 00:00:00+00:00
[2025-11-15T18:34:04.068+0000] {processor.py:208} INFO - Processing /opt/airflow/dags/first_dag.py took 0.072 seconds
[2025-11-15T18:34:35.411+0000] {processor.py:186} INFO - Started process (PID=11443) to work on /opt/airflow/dags/first_dag.py
[2025-11-15T18:34:35.413+0000] {processor.py:914} INFO - Processing file /opt/airflow/dags/first_dag.py for tasks to queue
[2025-11-15T18:34:35.416+0000] {logging_mixin.py:190} INFO - [2025-11-15T18:34:35.415+0000] {dagbag.py:588} INFO - Filling up the DagBag from /opt/airflow/dags/first_dag.py
[2025-11-15T18:34:35.439+0000] {processor.py:925} INFO - DAG(s) 'my_first_dag' retrieved from /opt/airflow/dags/first_dag.py
[2025-11-15T18:34:35.458+0000] {logging_mixin.py:190} INFO - [2025-11-15T18:34:35.457+0000] {dag.py:3239} INFO - Sync 1 DAGs
[2025-11-15T18:34:35.636+0000] {logging_mixin.py:190} INFO - [2025-11-15T18:34:35.636+0000] {dag.py:4180} INFO - Setting next_dagrun for my_first_dag to 2025-11-14 00:00:00+00:00, run_after=2025-11-15 00:00:00+00:00
[2025-11-15T18:34:35.653+0000] {processor.py:208} INFO - Processing /opt/airflow/dags/first_dag.py took 0.246 seconds
[2025-11-15T18:35:07.415+0000] {processor.py:186} INFO - Started process (PID=11508) to work on /opt/airflow/dags/first_dag.py
[2025-11-15T18:35:07.416+0000] {processor.py:914} INFO - Processing file /opt/airflow/dags/first_dag.py for tasks to queue
[2025-11-15T18:35:07.417+0000] {logging_mixin.py:190} INFO - [2025-11-15T18:35:07.417+0000] {dagbag.py:588} INFO - Filling up the DagBag from /opt/airflow/dags/first_dag.py
[2025-11-15T18:35:07.433+0000] {processor.py:925} INFO - DAG(s) 'my_first_dag' retrieved from /opt/airflow/dags/first_dag.py
[2025-11-15T18:35:07.448+0000] {logging_mixin.py:190} INFO - [2025-11-15T18:35:07.447+0000] {dag.py:3239} INFO - Sync 1 DAGs
[2025-11-15T18:35:07.463+0000] {logging_mixin.py:190} INFO - [2025-11-15T18:35:07.463+0000] {dag.py:4180} INFO - Setting next_dagrun for my_first_dag to 2025-11-14 00:00:00+00:00, run_after=2025-11-15 00:00:00+00:00
[2025-11-15T18:35:07.478+0000] {processor.py:208} INFO - Processing /opt/airflow/dags/first_dag.py took 0.067 seconds
[2025-11-15T18:35:38.863+0000] {processor.py:186} INFO - Started process (PID=11573) to work on /opt/airflow/dags/first_dag.py
[2025-11-15T18:35:38.864+0000] {processor.py:914} INFO - Processing file /opt/airflow/dags/first_dag.py for tasks to queue
[2025-11-15T18:35:38.867+0000] {logging_mixin.py:190} INFO - [2025-11-15T18:35:38.867+0000] {dagbag.py:588} INFO - Filling up the DagBag from /opt/airflow/dags/first_dag.py
[2025-11-15T18:35:38.892+0000] {processor.py:925} INFO - DAG(s) 'my_first_dag' retrieved from /opt/airflow/dags/first_dag.py
[2025-11-15T18:35:38.906+0000] {logging_mixin.py:190} INFO - [2025-11-15T18:35:38.906+0000] {dag.py:3239} INFO - Sync 1 DAGs
[2025-11-15T18:35:38.921+0000] {logging_mixin.py:190} INFO - [2025-11-15T18:35:38.921+0000] {dag.py:4180} INFO - Setting next_dagrun for my_first_dag to 2025-11-14 00:00:00+00:00, run_after=2025-11-15 00:00:00+00:00
[2025-11-15T18:35:38.941+0000] {processor.py:208} INFO - Processing /opt/airflow/dags/first_dag.py took 0.082 seconds
[2025-11-15T18:36:11.018+0000] {processor.py:186} INFO - Started process (PID=11637) to work on /opt/airflow/dags/first_dag.py
[2025-11-15T18:36:11.019+0000] {processor.py:914} INFO - Processing file /opt/airflow/dags/first_dag.py for tasks to queue
[2025-11-15T18:36:11.020+0000] {logging_mixin.py:190} INFO - [2025-11-15T18:36:11.020+0000] {dagbag.py:588} INFO - Filling up the DagBag from /opt/airflow/dags/first_dag.py
[2025-11-15T18:36:11.034+0000] {processor.py:925} INFO - DAG(s) 'my_first_dag' retrieved from /opt/airflow/dags/first_dag.py
[2025-11-15T18:36:11.052+0000] {logging_mixin.py:190} INFO - [2025-11-15T18:36:11.052+0000] {dag.py:3239} INFO - Sync 1 DAGs
[2025-11-15T18:36:11.069+0000] {logging_mixin.py:190} INFO - [2025-11-15T18:36:11.068+0000] {dag.py:4180} INFO - Setting next_dagrun for my_first_dag to 2025-11-14 00:00:00+00:00, run_after=2025-11-15 00:00:00+00:00
[2025-11-15T18:36:11.083+0000] {processor.py:208} INFO - Processing /opt/airflow/dags/first_dag.py took 0.070 seconds
[2025-11-15T18:36:41.149+0000] {processor.py:186} INFO - Started process (PID=11701) to work on /opt/airflow/dags/first_dag.py
[2025-11-15T18:36:41.149+0000] {processor.py:914} INFO - Processing file /opt/airflow/dags/first_dag.py for tasks to queue
[2025-11-15T18:36:41.151+0000] {logging_mixin.py:190} INFO - [2025-11-15T18:36:41.150+0000] {dagbag.py:588} INFO - Filling up the DagBag from /opt/airflow/dags/first_dag.py
[2025-11-15T18:36:41.168+0000] {processor.py:925} INFO - DAG(s) 'my_first_dag' retrieved from /opt/airflow/dags/first_dag.py
[2025-11-15T18:36:41.185+0000] {logging_mixin.py:190} INFO - [2025-11-15T18:36:41.185+0000] {dag.py:3239} INFO - Sync 1 DAGs
[2025-11-15T18:36:41.203+0000] {logging_mixin.py:190} INFO - [2025-11-15T18:36:41.203+0000] {dag.py:4180} INFO - Setting next_dagrun for my_first_dag to 2025-11-14 00:00:00+00:00, run_after=2025-11-15 00:00:00+00:00
[2025-11-15T18:36:41.220+0000] {processor.py:208} INFO - Processing /opt/airflow/dags/first_dag.py took 0.076 seconds
[2025-11-15T18:37:14.686+0000] {processor.py:186} INFO - Started process (PID=11767) to work on /opt/airflow/dags/first_dag.py
[2025-11-15T18:37:14.687+0000] {processor.py:914} INFO - Processing file /opt/airflow/dags/first_dag.py for tasks to queue
[2025-11-15T18:37:14.688+0000] {logging_mixin.py:190} INFO - [2025-11-15T18:37:14.687+0000] {dagbag.py:588} INFO - Filling up the DagBag from /opt/airflow/dags/first_dag.py
[2025-11-15T18:37:14.700+0000] {processor.py:925} INFO - DAG(s) 'my_first_dag' retrieved from /opt/airflow/dags/first_dag.py
[2025-11-15T18:37:14.714+0000] {logging_mixin.py:190} INFO - [2025-11-15T18:37:14.714+0000] {dag.py:3239} INFO - Sync 1 DAGs
[2025-11-15T18:37:14.730+0000] {logging_mixin.py:190} INFO - [2025-11-15T18:37:14.730+0000] {dag.py:4180} INFO - Setting next_dagrun for my_first_dag to 2025-11-14 00:00:00+00:00, run_after=2025-11-15 00:00:00+00:00
[2025-11-15T18:37:14.750+0000] {processor.py:208} INFO - Processing /opt/airflow/dags/first_dag.py took 0.068 seconds
[2025-11-15T18:37:45.868+0000] {processor.py:186} INFO - Started process (PID=11832) to work on /opt/airflow/dags/first_dag.py
[2025-11-15T18:37:45.871+0000] {processor.py:914} INFO - Processing file /opt/airflow/dags/first_dag.py for tasks to queue
[2025-11-15T18:37:45.872+0000] {logging_mixin.py:190} INFO - [2025-11-15T18:37:45.872+0000] {dagbag.py:588} INFO - Filling up the DagBag from /opt/airflow/dags/first_dag.py
[2025-11-15T18:37:45.891+0000] {processor.py:925} INFO - DAG(s) 'my_first_dag' retrieved from /opt/airflow/dags/first_dag.py
[2025-11-15T18:37:45.907+0000] {logging_mixin.py:190} INFO - [2025-11-15T18:37:45.907+0000] {dag.py:3239} INFO - Sync 1 DAGs
[2025-11-15T18:37:45.927+0000] {logging_mixin.py:190} INFO - [2025-11-15T18:37:45.927+0000] {dag.py:4180} INFO - Setting next_dagrun for my_first_dag to 2025-11-14 00:00:00+00:00, run_after=2025-11-15 00:00:00+00:00
[2025-11-15T18:37:45.949+0000] {processor.py:208} INFO - Processing /opt/airflow/dags/first_dag.py took 0.086 seconds
[2025-11-15T18:38:18.217+0000] {processor.py:186} INFO - Started process (PID=11897) to work on /opt/airflow/dags/first_dag.py
[2025-11-15T18:38:18.218+0000] {processor.py:914} INFO - Processing file /opt/airflow/dags/first_dag.py for tasks to queue
[2025-11-15T18:38:18.219+0000] {logging_mixin.py:190} INFO - [2025-11-15T18:38:18.219+0000] {dagbag.py:588} INFO - Filling up the DagBag from /opt/airflow/dags/first_dag.py
[2025-11-15T18:38:18.237+0000] {processor.py:925} INFO - DAG(s) 'my_first_dag' retrieved from /opt/airflow/dags/first_dag.py
[2025-11-15T18:38:18.250+0000] {logging_mixin.py:190} INFO - [2025-11-15T18:38:18.250+0000] {dag.py:3239} INFO - Sync 1 DAGs
[2025-11-15T18:38:18.268+0000] {logging_mixin.py:190} INFO - [2025-11-15T18:38:18.268+0000] {dag.py:4180} INFO - Setting next_dagrun for my_first_dag to 2025-11-14 00:00:00+00:00, run_after=2025-11-15 00:00:00+00:00
[2025-11-15T18:38:18.289+0000] {processor.py:208} INFO - Processing /opt/airflow/dags/first_dag.py took 0.076 seconds
[2025-11-15T18:38:49.458+0000] {processor.py:186} INFO - Started process (PID=11962) to work on /opt/airflow/dags/first_dag.py
[2025-11-15T18:38:49.459+0000] {processor.py:914} INFO - Processing file /opt/airflow/dags/first_dag.py for tasks to queue
[2025-11-15T18:38:49.460+0000] {logging_mixin.py:190} INFO - [2025-11-15T18:38:49.460+0000] {dagbag.py:588} INFO - Filling up the DagBag from /opt/airflow/dags/first_dag.py
[2025-11-15T18:38:49.477+0000] {processor.py:925} INFO - DAG(s) 'my_first_dag' retrieved from /opt/airflow/dags/first_dag.py
[2025-11-15T18:38:49.491+0000] {logging_mixin.py:190} INFO - [2025-11-15T18:38:49.491+0000] {dag.py:3239} INFO - Sync 1 DAGs
[2025-11-15T18:38:49.506+0000] {logging_mixin.py:190} INFO - [2025-11-15T18:38:49.506+0000] {dag.py:4180} INFO - Setting next_dagrun for my_first_dag to 2025-11-14 00:00:00+00:00, run_after=2025-11-15 00:00:00+00:00
[2025-11-15T18:38:49.521+0000] {processor.py:208} INFO - Processing /opt/airflow/dags/first_dag.py took 0.067 seconds
[2025-11-15T18:39:19.976+0000] {processor.py:186} INFO - Started process (PID=12027) to work on /opt/airflow/dags/first_dag.py
[2025-11-15T18:39:19.976+0000] {processor.py:914} INFO - Processing file /opt/airflow/dags/first_dag.py for tasks to queue
[2025-11-15T18:39:19.978+0000] {logging_mixin.py:190} INFO - [2025-11-15T18:39:19.977+0000] {dagbag.py:588} INFO - Filling up the DagBag from /opt/airflow/dags/first_dag.py
[2025-11-15T18:39:19.993+0000] {processor.py:925} INFO - DAG(s) 'my_first_dag' retrieved from /opt/airflow/dags/first_dag.py
[2025-11-15T18:39:20.009+0000] {logging_mixin.py:190} INFO - [2025-11-15T18:39:20.009+0000] {dag.py:3239} INFO - Sync 1 DAGs
[2025-11-15T18:39:20.023+0000] {logging_mixin.py:190} INFO - [2025-11-15T18:39:20.023+0000] {dag.py:4180} INFO - Setting next_dagrun for my_first_dag to 2025-11-14 00:00:00+00:00, run_after=2025-11-15 00:00:00+00:00
[2025-11-15T18:39:20.038+0000] {processor.py:208} INFO - Processing /opt/airflow/dags/first_dag.py took 0.066 seconds
[2025-11-15T18:39:52.954+0000] {processor.py:186} INFO - Started process (PID=12092) to work on /opt/airflow/dags/first_dag.py
[2025-11-15T18:39:52.955+0000] {processor.py:914} INFO - Processing file /opt/airflow/dags/first_dag.py for tasks to queue
[2025-11-15T18:39:52.956+0000] {logging_mixin.py:190} INFO - [2025-11-15T18:39:52.956+0000] {dagbag.py:588} INFO - Filling up the DagBag from /opt/airflow/dags/first_dag.py
[2025-11-15T18:39:52.976+0000] {processor.py:925} INFO - DAG(s) 'my_first_dag' retrieved from /opt/airflow/dags/first_dag.py
[2025-11-15T18:39:52.992+0000] {logging_mixin.py:190} INFO - [2025-11-15T18:39:52.992+0000] {dag.py:3239} INFO - Sync 1 DAGs
[2025-11-15T18:39:53.008+0000] {logging_mixin.py:190} INFO - [2025-11-15T18:39:53.008+0000] {dag.py:4180} INFO - Setting next_dagrun for my_first_dag to 2025-11-14 00:00:00+00:00, run_after=2025-11-15 00:00:00+00:00
[2025-11-15T18:39:53.025+0000] {processor.py:208} INFO - Processing /opt/airflow/dags/first_dag.py took 0.074 seconds
[2025-11-15T18:40:24.980+0000] {processor.py:186} INFO - Started process (PID=12157) to work on /opt/airflow/dags/first_dag.py
[2025-11-15T18:40:24.981+0000] {processor.py:914} INFO - Processing file /opt/airflow/dags/first_dag.py for tasks to queue
[2025-11-15T18:40:24.982+0000] {logging_mixin.py:190} INFO - [2025-11-15T18:40:24.982+0000] {dagbag.py:588} INFO - Filling up the DagBag from /opt/airflow/dags/first_dag.py
[2025-11-15T18:40:24.997+0000] {processor.py:925} INFO - DAG(s) 'my_first_dag' retrieved from /opt/airflow/dags/first_dag.py
[2025-11-15T18:40:25.011+0000] {logging_mixin.py:190} INFO - [2025-11-15T18:40:25.011+0000] {dag.py:3239} INFO - Sync 1 DAGs
[2025-11-15T18:40:25.025+0000] {logging_mixin.py:190} INFO - [2025-11-15T18:40:25.025+0000] {dag.py:4180} INFO - Setting next_dagrun for my_first_dag to 2025-11-14 00:00:00+00:00, run_after=2025-11-15 00:00:00+00:00
[2025-11-15T18:40:25.042+0000] {processor.py:208} INFO - Processing /opt/airflow/dags/first_dag.py took 0.066 seconds
[2025-11-15T18:40:55.095+0000] {processor.py:186} INFO - Started process (PID=12221) to work on /opt/airflow/dags/first_dag.py
[2025-11-15T18:40:55.097+0000] {processor.py:914} INFO - Processing file /opt/airflow/dags/first_dag.py for tasks to queue
[2025-11-15T18:40:55.098+0000] {logging_mixin.py:190} INFO - [2025-11-15T18:40:55.098+0000] {dagbag.py:588} INFO - Filling up the DagBag from /opt/airflow/dags/first_dag.py
[2025-11-15T18:40:55.150+0000] {processor.py:925} INFO - DAG(s) 'my_first_dag' retrieved from /opt/airflow/dags/first_dag.py
[2025-11-15T18:40:55.167+0000] {logging_mixin.py:190} INFO - [2025-11-15T18:40:55.166+0000] {dag.py:3239} INFO - Sync 1 DAGs
[2025-11-15T18:40:56.142+0000] {logging_mixin.py:190} INFO - [2025-11-15T18:40:56.142+0000] {dag.py:4180} INFO - Setting next_dagrun for my_first_dag to 2025-11-14 00:00:00+00:00, run_after=2025-11-15 00:00:00+00:00
[2025-11-15T18:40:56.162+0000] {processor.py:208} INFO - Processing /opt/airflow/dags/first_dag.py took 0.111 seconds
[2025-11-15T18:41:28.370+0000] {processor.py:186} INFO - Started process (PID=12287) to work on /opt/airflow/dags/first_dag.py
[2025-11-15T18:41:28.371+0000] {processor.py:914} INFO - Processing file /opt/airflow/dags/first_dag.py for tasks to queue
[2025-11-15T18:41:28.372+0000] {logging_mixin.py:190} INFO - [2025-11-15T18:41:28.372+0000] {dagbag.py:588} INFO - Filling up the DagBag from /opt/airflow/dags/first_dag.py
[2025-11-15T18:41:28.385+0000] {processor.py:925} INFO - DAG(s) 'my_first_dag' retrieved from /opt/airflow/dags/first_dag.py
[2025-11-15T18:41:28.398+0000] {logging_mixin.py:190} INFO - [2025-11-15T18:41:28.398+0000] {dag.py:3239} INFO - Sync 1 DAGs
[2025-11-15T18:41:28.412+0000] {logging_mixin.py:190} INFO - [2025-11-15T18:41:28.412+0000] {dag.py:4180} INFO - Setting next_dagrun for my_first_dag to 2025-11-14 00:00:00+00:00, run_after=2025-11-15 00:00:00+00:00
[2025-11-15T18:41:28.426+0000] {processor.py:208} INFO - Processing /opt/airflow/dags/first_dag.py took 0.059 seconds
[2025-11-15T18:42:00.476+0000] {processor.py:186} INFO - Started process (PID=12352) to work on /opt/airflow/dags/first_dag.py
[2025-11-15T18:42:00.477+0000] {processor.py:914} INFO - Processing file /opt/airflow/dags/first_dag.py for tasks to queue
[2025-11-15T18:42:00.478+0000] {logging_mixin.py:190} INFO - [2025-11-15T18:42:00.478+0000] {dagbag.py:588} INFO - Filling up the DagBag from /opt/airflow/dags/first_dag.py
[2025-11-15T18:42:00.495+0000] {processor.py:925} INFO - DAG(s) 'my_first_dag' retrieved from /opt/airflow/dags/first_dag.py
[2025-11-15T18:42:00.510+0000] {logging_mixin.py:190} INFO - [2025-11-15T18:42:00.509+0000] {dag.py:3239} INFO - Sync 1 DAGs
[2025-11-15T18:42:00.526+0000] {logging_mixin.py:190} INFO - [2025-11-15T18:42:00.525+0000] {dag.py:4180} INFO - Setting next_dagrun for my_first_dag to 2025-11-14 00:00:00+00:00, run_after=2025-11-15 00:00:00+00:00
[2025-11-15T18:42:00.541+0000] {processor.py:208} INFO - Processing /opt/airflow/dags/first_dag.py took 0.069 seconds
[2025-11-15T18:42:31.912+0000] {processor.py:186} INFO - Started process (PID=12417) to work on /opt/airflow/dags/first_dag.py
[2025-11-15T18:42:31.913+0000] {processor.py:914} INFO - Processing file /opt/airflow/dags/first_dag.py for tasks to queue
[2025-11-15T18:42:31.915+0000] {logging_mixin.py:190} INFO - [2025-11-15T18:42:31.914+0000] {dagbag.py:588} INFO - Filling up the DagBag from /opt/airflow/dags/first_dag.py
[2025-11-15T18:42:31.937+0000] {processor.py:925} INFO - DAG(s) 'my_first_dag' retrieved from /opt/airflow/dags/first_dag.py
[2025-11-15T18:42:31.954+0000] {logging_mixin.py:190} INFO - [2025-11-15T18:42:31.953+0000] {dag.py:3239} INFO - Sync 1 DAGs
[2025-11-15T18:42:31.972+0000] {logging_mixin.py:190} INFO - [2025-11-15T18:42:31.972+0000] {dag.py:4180} INFO - Setting next_dagrun for my_first_dag to 2025-11-14 00:00:00+00:00, run_after=2025-11-15 00:00:00+00:00
[2025-11-15T18:42:32.017+0000] {processor.py:208} INFO - Processing /opt/airflow/dags/first_dag.py took 0.108 seconds
[2025-11-15T18:43:03.507+0000] {processor.py:186} INFO - Started process (PID=12482) to work on /opt/airflow/dags/first_dag.py
[2025-11-15T18:43:03.509+0000] {processor.py:914} INFO - Processing file /opt/airflow/dags/first_dag.py for tasks to queue
[2025-11-15T18:43:03.511+0000] {logging_mixin.py:190} INFO - [2025-11-15T18:43:03.511+0000] {dagbag.py:588} INFO - Filling up the DagBag from /opt/airflow/dags/first_dag.py
[2025-11-15T18:43:03.553+0000] {processor.py:925} INFO - DAG(s) 'my_first_dag' retrieved from /opt/airflow/dags/first_dag.py
[2025-11-15T18:43:03.571+0000] {logging_mixin.py:190} INFO - [2025-11-15T18:43:03.571+0000] {dag.py:3239} INFO - Sync 1 DAGs
[2025-11-15T18:43:03.591+0000] {logging_mixin.py:190} INFO - [2025-11-15T18:43:03.591+0000] {dag.py:4180} INFO - Setting next_dagrun for my_first_dag to 2025-11-14 00:00:00+00:00, run_after=2025-11-15 00:00:00+00:00
[2025-11-15T18:43:03.646+0000] {processor.py:208} INFO - Processing /opt/airflow/dags/first_dag.py took 0.143 seconds
[2025-11-15T18:43:34.896+0000] {processor.py:186} INFO - Started process (PID=12547) to work on /opt/airflow/dags/first_dag.py
[2025-11-15T18:43:34.898+0000] {processor.py:914} INFO - Processing file /opt/airflow/dags/first_dag.py for tasks to queue
[2025-11-15T18:43:34.899+0000] {logging_mixin.py:190} INFO - [2025-11-15T18:43:34.899+0000] {dagbag.py:588} INFO - Filling up the DagBag from /opt/airflow/dags/first_dag.py
[2025-11-15T18:43:34.926+0000] {processor.py:925} INFO - DAG(s) 'my_first_dag' retrieved from /opt/airflow/dags/first_dag.py
[2025-11-15T18:43:34.940+0000] {logging_mixin.py:190} INFO - [2025-11-15T18:43:34.940+0000] {dag.py:3239} INFO - Sync 1 DAGs
[2025-11-15T18:43:34.956+0000] {logging_mixin.py:190} INFO - [2025-11-15T18:43:34.956+0000] {dag.py:4180} INFO - Setting next_dagrun for my_first_dag to 2025-11-14 00:00:00+00:00, run_after=2025-11-15 00:00:00+00:00
[2025-11-15T18:43:34.971+0000] {processor.py:208} INFO - Processing /opt/airflow/dags/first_dag.py took 0.079 seconds
[2025-11-15T18:44:07.115+0000] {processor.py:186} INFO - Started process (PID=12612) to work on /opt/airflow/dags/first_dag.py
[2025-11-15T18:44:07.116+0000] {processor.py:914} INFO - Processing file /opt/airflow/dags/first_dag.py for tasks to queue
[2025-11-15T18:44:07.117+0000] {logging_mixin.py:190} INFO - [2025-11-15T18:44:07.116+0000] {dagbag.py:588} INFO - Filling up the DagBag from /opt/airflow/dags/first_dag.py
[2025-11-15T18:44:07.138+0000] {processor.py:925} INFO - DAG(s) 'my_first_dag' retrieved from /opt/airflow/dags/first_dag.py
[2025-11-15T18:44:07.158+0000] {logging_mixin.py:190} INFO - [2025-11-15T18:44:07.158+0000] {dag.py:3239} INFO - Sync 1 DAGs
[2025-11-15T18:44:07.176+0000] {logging_mixin.py:190} INFO - [2025-11-15T18:44:07.176+0000] {dag.py:4180} INFO - Setting next_dagrun for my_first_dag to 2025-11-14 00:00:00+00:00, run_after=2025-11-15 00:00:00+00:00
[2025-11-15T18:44:07.193+0000] {processor.py:208} INFO - Processing /opt/airflow/dags/first_dag.py took 0.082 seconds
[2025-11-15T18:44:38.695+0000] {processor.py:186} INFO - Started process (PID=12677) to work on /opt/airflow/dags/first_dag.py
[2025-11-15T18:44:38.696+0000] {processor.py:914} INFO - Processing file /opt/airflow/dags/first_dag.py for tasks to queue
[2025-11-15T18:44:38.697+0000] {logging_mixin.py:190} INFO - [2025-11-15T18:44:38.697+0000] {dagbag.py:588} INFO - Filling up the DagBag from /opt/airflow/dags/first_dag.py
[2025-11-15T18:44:38.715+0000] {processor.py:925} INFO - DAG(s) 'my_first_dag' retrieved from /opt/airflow/dags/first_dag.py
[2025-11-15T18:44:38.732+0000] {logging_mixin.py:190} INFO - [2025-11-15T18:44:38.731+0000] {dag.py:3239} INFO - Sync 1 DAGs
[2025-11-15T18:44:38.747+0000] {logging_mixin.py:190} INFO - [2025-11-15T18:44:38.747+0000] {dag.py:4180} INFO - Setting next_dagrun for my_first_dag to 2025-11-14 00:00:00+00:00, run_after=2025-11-15 00:00:00+00:00
[2025-11-15T18:44:38.792+0000] {processor.py:208} INFO - Processing /opt/airflow/dags/first_dag.py took 0.101 seconds
[2025-11-15T18:45:08.978+0000] {processor.py:186} INFO - Started process (PID=12742) to work on /opt/airflow/dags/first_dag.py
[2025-11-15T18:45:08.981+0000] {processor.py:914} INFO - Processing file /opt/airflow/dags/first_dag.py for tasks to queue
[2025-11-15T18:45:08.985+0000] {logging_mixin.py:190} INFO - [2025-11-15T18:45:08.985+0000] {dagbag.py:588} INFO - Filling up the DagBag from /opt/airflow/dags/first_dag.py
[2025-11-15T18:45:09.030+0000] {processor.py:925} INFO - DAG(s) 'my_first_dag' retrieved from /opt/airflow/dags/first_dag.py
[2025-11-15T18:45:10.089+0000] {logging_mixin.py:190} INFO - [2025-11-15T18:45:10.089+0000] {dag.py:3239} INFO - Sync 1 DAGs
[2025-11-15T18:45:10.109+0000] {logging_mixin.py:190} INFO - [2025-11-15T18:45:10.108+0000] {dag.py:4180} INFO - Setting next_dagrun for my_first_dag to 2025-11-14 00:00:00+00:00, run_after=2025-11-15 00:00:00+00:00
[2025-11-15T18:45:10.137+0000] {processor.py:208} INFO - Processing /opt/airflow/dags/first_dag.py took 0.125 seconds
[2025-11-15T18:45:42.053+0000] {processor.py:186} INFO - Started process (PID=12807) to work on /opt/airflow/dags/first_dag.py
[2025-11-15T18:45:42.054+0000] {processor.py:914} INFO - Processing file /opt/airflow/dags/first_dag.py for tasks to queue
[2025-11-15T18:45:42.056+0000] {logging_mixin.py:190} INFO - [2025-11-15T18:45:42.055+0000] {dagbag.py:588} INFO - Filling up the DagBag from /opt/airflow/dags/first_dag.py
[2025-11-15T18:45:42.082+0000] {processor.py:925} INFO - DAG(s) 'my_first_dag' retrieved from /opt/airflow/dags/first_dag.py
[2025-11-15T18:45:42.100+0000] {logging_mixin.py:190} INFO - [2025-11-15T18:45:42.099+0000] {dag.py:3239} INFO - Sync 1 DAGs
[2025-11-15T18:45:42.116+0000] {logging_mixin.py:190} INFO - [2025-11-15T18:45:42.116+0000] {dag.py:4180} INFO - Setting next_dagrun for my_first_dag to 2025-11-14 00:00:00+00:00, run_after=2025-11-15 00:00:00+00:00
[2025-11-15T18:45:42.151+0000] {processor.py:208} INFO - Processing /opt/airflow/dags/first_dag.py took 0.103 seconds
[2025-11-15T18:46:12.490+0000] {processor.py:186} INFO - Started process (PID=12872) to work on /opt/airflow/dags/first_dag.py
[2025-11-15T18:46:12.490+0000] {processor.py:914} INFO - Processing file /opt/airflow/dags/first_dag.py for tasks to queue
[2025-11-15T18:46:12.492+0000] {logging_mixin.py:190} INFO - [2025-11-15T18:46:12.491+0000] {dagbag.py:588} INFO - Filling up the DagBag from /opt/airflow/dags/first_dag.py
[2025-11-15T18:46:12.511+0000] {processor.py:925} INFO - DAG(s) 'my_first_dag' retrieved from /opt/airflow/dags/first_dag.py
[2025-11-15T18:46:12.526+0000] {logging_mixin.py:190} INFO - [2025-11-15T18:46:12.526+0000] {dag.py:3239} INFO - Sync 1 DAGs
[2025-11-15T18:46:12.544+0000] {logging_mixin.py:190} INFO - [2025-11-15T18:46:12.544+0000] {dag.py:4180} INFO - Setting next_dagrun for my_first_dag to 2025-11-14 00:00:00+00:00, run_after=2025-11-15 00:00:00+00:00
[2025-11-15T18:46:12.558+0000] {processor.py:208} INFO - Processing /opt/airflow/dags/first_dag.py took 0.074 seconds
[2025-11-15T18:46:44.100+0000] {processor.py:186} INFO - Started process (PID=12937) to work on /opt/airflow/dags/first_dag.py
[2025-11-15T18:46:44.101+0000] {processor.py:914} INFO - Processing file /opt/airflow/dags/first_dag.py for tasks to queue
[2025-11-15T18:46:44.103+0000] {logging_mixin.py:190} INFO - [2025-11-15T18:46:44.103+0000] {dagbag.py:588} INFO - Filling up the DagBag from /opt/airflow/dags/first_dag.py
[2025-11-15T18:46:44.132+0000] {processor.py:925} INFO - DAG(s) 'my_first_dag' retrieved from /opt/airflow/dags/first_dag.py
[2025-11-15T18:46:44.149+0000] {logging_mixin.py:190} INFO - [2025-11-15T18:46:44.148+0000] {dag.py:3239} INFO - Sync 1 DAGs
[2025-11-15T18:46:44.167+0000] {logging_mixin.py:190} INFO - [2025-11-15T18:46:44.167+0000] {dag.py:4180} INFO - Setting next_dagrun for my_first_dag to 2025-11-14 00:00:00+00:00, run_after=2025-11-15 00:00:00+00:00
[2025-11-15T18:46:44.184+0000] {processor.py:208} INFO - Processing /opt/airflow/dags/first_dag.py took 0.089 seconds
[2025-11-15T18:47:14.553+0000] {processor.py:186} INFO - Started process (PID=13002) to work on /opt/airflow/dags/first_dag.py
[2025-11-15T18:47:14.554+0000] {processor.py:914} INFO - Processing file /opt/airflow/dags/first_dag.py for tasks to queue
[2025-11-15T18:47:14.556+0000] {logging_mixin.py:190} INFO - [2025-11-15T18:47:14.555+0000] {dagbag.py:588} INFO - Filling up the DagBag from /opt/airflow/dags/first_dag.py
[2025-11-15T18:47:14.581+0000] {processor.py:925} INFO - DAG(s) 'my_first_dag' retrieved from /opt/airflow/dags/first_dag.py
[2025-11-15T18:47:14.596+0000] {logging_mixin.py:190} INFO - [2025-11-15T18:47:14.596+0000] {dag.py:3239} INFO - Sync 1 DAGs
[2025-11-15T18:47:14.614+0000] {logging_mixin.py:190} INFO - [2025-11-15T18:47:14.614+0000] {dag.py:4180} INFO - Setting next_dagrun for my_first_dag to 2025-11-14 00:00:00+00:00, run_after=2025-11-15 00:00:00+00:00
[2025-11-15T18:47:14.631+0000] {processor.py:208} INFO - Processing /opt/airflow/dags/first_dag.py took 0.083 seconds
[2025-11-15T18:47:45.003+0000] {processor.py:186} INFO - Started process (PID=13067) to work on /opt/airflow/dags/first_dag.py
[2025-11-15T18:47:45.004+0000] {processor.py:914} INFO - Processing file /opt/airflow/dags/first_dag.py for tasks to queue
[2025-11-15T18:47:45.006+0000] {logging_mixin.py:190} INFO - [2025-11-15T18:47:45.006+0000] {dagbag.py:588} INFO - Filling up the DagBag from /opt/airflow/dags/first_dag.py
[2025-11-15T18:47:45.032+0000] {processor.py:925} INFO - DAG(s) 'my_first_dag' retrieved from /opt/airflow/dags/first_dag.py
[2025-11-15T18:47:45.057+0000] {logging_mixin.py:190} INFO - [2025-11-15T18:47:45.056+0000] {dag.py:3239} INFO - Sync 1 DAGs
[2025-11-15T18:47:45.082+0000] {logging_mixin.py:190} INFO - [2025-11-15T18:47:45.082+0000] {dag.py:4180} INFO - Setting next_dagrun for my_first_dag to 2025-11-14 00:00:00+00:00, run_after=2025-11-15 00:00:00+00:00
[2025-11-15T18:47:45.130+0000] {processor.py:208} INFO - Processing /opt/airflow/dags/first_dag.py took 0.132 seconds
[2025-11-15T18:48:31.887+0000] {processor.py:186} INFO - Started process (PID=61) to work on /opt/airflow/dags/first_dag.py
[2025-11-15T18:48:31.888+0000] {processor.py:914} INFO - Processing file /opt/airflow/dags/first_dag.py for tasks to queue
[2025-11-15T18:48:31.890+0000] {logging_mixin.py:190} INFO - [2025-11-15T18:48:31.890+0000] {dagbag.py:588} INFO - Filling up the DagBag from /opt/airflow/dags/first_dag.py
[2025-11-15T18:48:31.914+0000] {processor.py:925} INFO - DAG(s) 'my_first_dag' retrieved from /opt/airflow/dags/first_dag.py
[2025-11-15T18:48:31.944+0000] {logging_mixin.py:190} INFO - [2025-11-15T18:48:31.943+0000] {dag.py:3239} INFO - Sync 1 DAGs
[2025-11-15T18:48:31.967+0000] {logging_mixin.py:190} INFO - [2025-11-15T18:48:31.967+0000] {dag.py:4180} INFO - Setting next_dagrun for my_first_dag to 2025-11-14 00:00:00+00:00, run_after=2025-11-15 00:00:00+00:00
[2025-11-15T18:48:31.986+0000] {processor.py:208} INFO - Processing /opt/airflow/dags/first_dag.py took 0.104 seconds
[2025-11-15T18:48:45.535+0000] {processor.py:186} INFO - Started process (PID=54) to work on /opt/airflow/dags/first_dag.py
[2025-11-15T18:48:45.537+0000] {processor.py:914} INFO - Processing file /opt/airflow/dags/first_dag.py for tasks to queue
[2025-11-15T18:48:45.539+0000] {logging_mixin.py:190} INFO - [2025-11-15T18:48:45.539+0000] {dagbag.py:588} INFO - Filling up the DagBag from /opt/airflow/dags/first_dag.py
[2025-11-15T18:48:45.564+0000] {processor.py:925} INFO - DAG(s) 'my_first_dag' retrieved from /opt/airflow/dags/first_dag.py
[2025-11-15T18:48:45.587+0000] {logging_mixin.py:190} INFO - [2025-11-15T18:48:45.587+0000] {dag.py:3239} INFO - Sync 1 DAGs
[2025-11-15T18:48:45.605+0000] {logging_mixin.py:190} INFO - [2025-11-15T18:48:45.605+0000] {dag.py:4180} INFO - Setting next_dagrun for my_first_dag to 2025-11-14 00:00:00+00:00, run_after=2025-11-15 00:00:00+00:00
[2025-11-15T18:48:45.620+0000] {processor.py:208} INFO - Processing /opt/airflow/dags/first_dag.py took 0.089 seconds
[2025-11-15T18:49:16.226+0000] {processor.py:186} INFO - Started process (PID=118) to work on /opt/airflow/dags/first_dag.py
[2025-11-15T18:49:16.227+0000] {processor.py:914} INFO - Processing file /opt/airflow/dags/first_dag.py for tasks to queue
[2025-11-15T18:49:16.229+0000] {logging_mixin.py:190} INFO - [2025-11-15T18:49:16.229+0000] {dagbag.py:588} INFO - Filling up the DagBag from /opt/airflow/dags/first_dag.py
[2025-11-15T18:49:16.252+0000] {processor.py:925} INFO - DAG(s) 'my_first_dag' retrieved from /opt/airflow/dags/first_dag.py
[2025-11-15T18:49:16.267+0000] {logging_mixin.py:190} INFO - [2025-11-15T18:49:16.267+0000] {dag.py:3239} INFO - Sync 1 DAGs
[2025-11-15T18:49:16.285+0000] {logging_mixin.py:190} INFO - [2025-11-15T18:49:16.284+0000] {dag.py:4180} INFO - Setting next_dagrun for my_first_dag to 2025-11-14 00:00:00+00:00, run_after=2025-11-15 00:00:00+00:00
[2025-11-15T18:49:16.312+0000] {processor.py:208} INFO - Processing /opt/airflow/dags/first_dag.py took 0.089 seconds
[2025-11-15T18:49:46.965+0000] {processor.py:186} INFO - Started process (PID=183) to work on /opt/airflow/dags/first_dag.py
[2025-11-15T18:49:46.966+0000] {processor.py:914} INFO - Processing file /opt/airflow/dags/first_dag.py for tasks to queue
[2025-11-15T18:49:46.970+0000] {logging_mixin.py:190} INFO - [2025-11-15T18:49:46.969+0000] {dagbag.py:588} INFO - Filling up the DagBag from /opt/airflow/dags/first_dag.py
[2025-11-15T18:49:46.996+0000] {processor.py:925} INFO - DAG(s) 'my_first_dag' retrieved from /opt/airflow/dags/first_dag.py
[2025-11-15T18:49:47.012+0000] {logging_mixin.py:190} INFO - [2025-11-15T18:49:47.012+0000] {dag.py:3239} INFO - Sync 1 DAGs
[2025-11-15T18:49:47.030+0000] {logging_mixin.py:190} INFO - [2025-11-15T18:49:47.030+0000] {dag.py:4180} INFO - Setting next_dagrun for my_first_dag to 2025-11-14 00:00:00+00:00, run_after=2025-11-15 00:00:00+00:00
[2025-11-15T18:49:47.062+0000] {processor.py:208} INFO - Processing /opt/airflow/dags/first_dag.py took 0.103 seconds
[2025-11-15T18:50:17.344+0000] {processor.py:186} INFO - Started process (PID=248) to work on /opt/airflow/dags/first_dag.py
[2025-11-15T18:50:17.346+0000] {processor.py:914} INFO - Processing file /opt/airflow/dags/first_dag.py for tasks to queue
[2025-11-15T18:50:17.348+0000] {logging_mixin.py:190} INFO - [2025-11-15T18:50:17.347+0000] {dagbag.py:588} INFO - Filling up the DagBag from /opt/airflow/dags/first_dag.py
[2025-11-15T18:50:17.374+0000] {processor.py:925} INFO - DAG(s) 'my_first_dag' retrieved from /opt/airflow/dags/first_dag.py
[2025-11-15T18:50:17.393+0000] {logging_mixin.py:190} INFO - [2025-11-15T18:50:17.392+0000] {dag.py:3239} INFO - Sync 1 DAGs
[2025-11-15T18:50:17.409+0000] {logging_mixin.py:190} INFO - [2025-11-15T18:50:17.409+0000] {dag.py:4180} INFO - Setting next_dagrun for my_first_dag to 2025-11-14 00:00:00+00:00, run_after=2025-11-15 00:00:00+00:00
[2025-11-15T18:50:17.444+0000] {processor.py:208} INFO - Processing /opt/airflow/dags/first_dag.py took 0.103 seconds
[2025-11-15T18:50:48.403+0000] {processor.py:186} INFO - Started process (PID=313) to work on /opt/airflow/dags/first_dag.py
[2025-11-15T18:50:48.404+0000] {processor.py:914} INFO - Processing file /opt/airflow/dags/first_dag.py for tasks to queue
[2025-11-15T18:50:48.406+0000] {logging_mixin.py:190} INFO - [2025-11-15T18:50:48.406+0000] {dagbag.py:588} INFO - Filling up the DagBag from /opt/airflow/dags/first_dag.py
[2025-11-15T18:50:48.430+0000] {processor.py:925} INFO - DAG(s) 'my_first_dag' retrieved from /opt/airflow/dags/first_dag.py
[2025-11-15T18:50:48.446+0000] {logging_mixin.py:190} INFO - [2025-11-15T18:50:48.446+0000] {dag.py:3239} INFO - Sync 1 DAGs
[2025-11-15T18:50:48.466+0000] {logging_mixin.py:190} INFO - [2025-11-15T18:50:48.465+0000] {dag.py:4180} INFO - Setting next_dagrun for my_first_dag to 2025-11-14 00:00:00+00:00, run_after=2025-11-15 00:00:00+00:00
[2025-11-15T18:50:48.486+0000] {processor.py:208} INFO - Processing /opt/airflow/dags/first_dag.py took 0.088 seconds
[2025-11-15T18:51:19.333+0000] {processor.py:186} INFO - Started process (PID=378) to work on /opt/airflow/dags/first_dag.py
[2025-11-15T18:51:19.334+0000] {processor.py:914} INFO - Processing file /opt/airflow/dags/first_dag.py for tasks to queue
[2025-11-15T18:51:19.336+0000] {logging_mixin.py:190} INFO - [2025-11-15T18:51:19.336+0000] {dagbag.py:588} INFO - Filling up the DagBag from /opt/airflow/dags/first_dag.py
[2025-11-15T18:51:19.354+0000] {processor.py:925} INFO - DAG(s) 'my_first_dag' retrieved from /opt/airflow/dags/first_dag.py
[2025-11-15T18:51:19.367+0000] {logging_mixin.py:190} INFO - [2025-11-15T18:51:19.367+0000] {dag.py:3239} INFO - Sync 1 DAGs
[2025-11-15T18:51:19.382+0000] {logging_mixin.py:190} INFO - [2025-11-15T18:51:19.382+0000] {dag.py:4180} INFO - Setting next_dagrun for my_first_dag to 2025-11-14 00:00:00+00:00, run_after=2025-11-15 00:00:00+00:00
[2025-11-15T18:51:19.406+0000] {processor.py:208} INFO - Processing /opt/airflow/dags/first_dag.py took 0.076 seconds
[2025-11-15T18:51:49.826+0000] {processor.py:186} INFO - Started process (PID=443) to work on /opt/airflow/dags/first_dag.py
[2025-11-15T18:51:49.827+0000] {processor.py:914} INFO - Processing file /opt/airflow/dags/first_dag.py for tasks to queue
[2025-11-15T18:51:49.829+0000] {logging_mixin.py:190} INFO - [2025-11-15T18:51:49.829+0000] {dagbag.py:588} INFO - Filling up the DagBag from /opt/airflow/dags/first_dag.py
[2025-11-15T18:51:49.843+0000] {processor.py:925} INFO - DAG(s) 'my_first_dag' retrieved from /opt/airflow/dags/first_dag.py
[2025-11-15T18:51:49.860+0000] {logging_mixin.py:190} INFO - [2025-11-15T18:51:49.859+0000] {dag.py:3239} INFO - Sync 1 DAGs
[2025-11-15T18:51:49.878+0000] {logging_mixin.py:190} INFO - [2025-11-15T18:51:49.878+0000] {dag.py:4180} INFO - Setting next_dagrun for my_first_dag to 2025-11-14 00:00:00+00:00, run_after=2025-11-15 00:00:00+00:00
[2025-11-15T18:51:49.902+0000] {processor.py:208} INFO - Processing /opt/airflow/dags/first_dag.py took 0.080 seconds
[2025-11-15T18:52:20.088+0000] {processor.py:186} INFO - Started process (PID=508) to work on /opt/airflow/dags/first_dag.py
[2025-11-15T18:52:20.090+0000] {processor.py:914} INFO - Processing file /opt/airflow/dags/first_dag.py for tasks to queue
[2025-11-15T18:52:20.092+0000] {logging_mixin.py:190} INFO - [2025-11-15T18:52:20.091+0000] {dagbag.py:588} INFO - Filling up the DagBag from /opt/airflow/dags/first_dag.py
[2025-11-15T18:52:20.110+0000] {processor.py:925} INFO - DAG(s) 'my_first_dag' retrieved from /opt/airflow/dags/first_dag.py
[2025-11-15T18:52:20.124+0000] {logging_mixin.py:190} INFO - [2025-11-15T18:52:20.124+0000] {dag.py:3239} INFO - Sync 1 DAGs
[2025-11-15T18:52:20.140+0000] {logging_mixin.py:190} INFO - [2025-11-15T18:52:20.140+0000] {dag.py:4180} INFO - Setting next_dagrun for my_first_dag to 2025-11-14 00:00:00+00:00, run_after=2025-11-15 00:00:00+00:00
[2025-11-15T18:52:20.174+0000] {processor.py:208} INFO - Processing /opt/airflow/dags/first_dag.py took 0.090 seconds
[2025-11-15T18:52:50.440+0000] {processor.py:186} INFO - Started process (PID=573) to work on /opt/airflow/dags/first_dag.py
[2025-11-15T18:52:50.441+0000] {processor.py:914} INFO - Processing file /opt/airflow/dags/first_dag.py for tasks to queue
[2025-11-15T18:52:50.444+0000] {logging_mixin.py:190} INFO - [2025-11-15T18:52:50.443+0000] {dagbag.py:588} INFO - Filling up the DagBag from /opt/airflow/dags/first_dag.py
[2025-11-15T18:52:50.470+0000] {processor.py:925} INFO - DAG(s) 'my_first_dag' retrieved from /opt/airflow/dags/first_dag.py
[2025-11-15T18:52:50.486+0000] {logging_mixin.py:190} INFO - [2025-11-15T18:52:50.486+0000] {dag.py:3239} INFO - Sync 1 DAGs
[2025-11-15T18:52:50.503+0000] {logging_mixin.py:190} INFO - [2025-11-15T18:52:50.503+0000] {dag.py:4180} INFO - Setting next_dagrun for my_first_dag to 2025-11-14 00:00:00+00:00, run_after=2025-11-15 00:00:00+00:00
[2025-11-15T18:52:50.550+0000] {processor.py:208} INFO - Processing /opt/airflow/dags/first_dag.py took 0.115 seconds
[2025-11-15T18:53:21.004+0000] {processor.py:186} INFO - Started process (PID=638) to work on /opt/airflow/dags/first_dag.py
[2025-11-15T18:53:21.005+0000] {processor.py:914} INFO - Processing file /opt/airflow/dags/first_dag.py for tasks to queue
[2025-11-15T18:53:21.008+0000] {logging_mixin.py:190} INFO - [2025-11-15T18:53:21.007+0000] {dagbag.py:588} INFO - Filling up the DagBag from /opt/airflow/dags/first_dag.py
[2025-11-15T18:53:21.038+0000] {processor.py:925} INFO - DAG(s) 'my_first_dag' retrieved from /opt/airflow/dags/first_dag.py
[2025-11-15T18:53:21.054+0000] {logging_mixin.py:190} INFO - [2025-11-15T18:53:21.054+0000] {dag.py:3239} INFO - Sync 1 DAGs
[2025-11-15T18:53:21.070+0000] {logging_mixin.py:190} INFO - [2025-11-15T18:53:21.070+0000] {dag.py:4180} INFO - Setting next_dagrun for my_first_dag to 2025-11-14 00:00:00+00:00, run_after=2025-11-15 00:00:00+00:00
[2025-11-15T18:53:21.098+0000] {processor.py:208} INFO - Processing /opt/airflow/dags/first_dag.py took 0.098 seconds
[2025-11-15T18:53:51.818+0000] {processor.py:186} INFO - Started process (PID=704) to work on /opt/airflow/dags/first_dag.py
[2025-11-15T18:53:51.819+0000] {processor.py:914} INFO - Processing file /opt/airflow/dags/first_dag.py for tasks to queue
[2025-11-15T18:53:51.821+0000] {logging_mixin.py:190} INFO - [2025-11-15T18:53:51.821+0000] {dagbag.py:588} INFO - Filling up the DagBag from /opt/airflow/dags/first_dag.py
[2025-11-15T18:53:51.838+0000] {processor.py:925} INFO - DAG(s) 'my_first_dag' retrieved from /opt/airflow/dags/first_dag.py
[2025-11-15T18:53:51.850+0000] {logging_mixin.py:190} INFO - [2025-11-15T18:53:51.850+0000] {dag.py:3239} INFO - Sync 1 DAGs
[2025-11-15T18:53:51.866+0000] {logging_mixin.py:190} INFO - [2025-11-15T18:53:51.866+0000] {dag.py:4180} INFO - Setting next_dagrun for my_first_dag to 2025-11-14 00:00:00+00:00, run_after=2025-11-15 00:00:00+00:00
[2025-11-15T18:53:51.903+0000] {processor.py:208} INFO - Processing /opt/airflow/dags/first_dag.py took 0.089 seconds
[2025-11-15T18:54:22.373+0000] {processor.py:186} INFO - Started process (PID=769) to work on /opt/airflow/dags/first_dag.py
[2025-11-15T18:54:22.374+0000] {processor.py:914} INFO - Processing file /opt/airflow/dags/first_dag.py for tasks to queue
[2025-11-15T18:54:22.376+0000] {logging_mixin.py:190} INFO - [2025-11-15T18:54:22.376+0000] {dagbag.py:588} INFO - Filling up the DagBag from /opt/airflow/dags/first_dag.py
[2025-11-15T18:54:22.408+0000] {processor.py:925} INFO - DAG(s) 'my_first_dag' retrieved from /opt/airflow/dags/first_dag.py
[2025-11-15T18:54:22.422+0000] {logging_mixin.py:190} INFO - [2025-11-15T18:54:22.422+0000] {dag.py:3239} INFO - Sync 1 DAGs
[2025-11-15T18:54:22.437+0000] {logging_mixin.py:190} INFO - [2025-11-15T18:54:22.436+0000] {dag.py:4180} INFO - Setting next_dagrun for my_first_dag to 2025-11-14 00:00:00+00:00, run_after=2025-11-15 00:00:00+00:00
[2025-11-15T18:54:22.464+0000] {processor.py:208} INFO - Processing /opt/airflow/dags/first_dag.py took 0.095 seconds
[2025-11-15T18:54:53.009+0000] {processor.py:186} INFO - Started process (PID=834) to work on /opt/airflow/dags/first_dag.py
[2025-11-15T18:54:53.010+0000] {processor.py:914} INFO - Processing file /opt/airflow/dags/first_dag.py for tasks to queue
[2025-11-15T18:54:53.012+0000] {logging_mixin.py:190} INFO - [2025-11-15T18:54:53.012+0000] {dagbag.py:588} INFO - Filling up the DagBag from /opt/airflow/dags/first_dag.py
[2025-11-15T18:54:53.039+0000] {processor.py:925} INFO - DAG(s) 'my_first_dag' retrieved from /opt/airflow/dags/first_dag.py
[2025-11-15T18:54:53.056+0000] {logging_mixin.py:190} INFO - [2025-11-15T18:54:53.056+0000] {dag.py:3239} INFO - Sync 1 DAGs
[2025-11-15T18:54:53.072+0000] {logging_mixin.py:190} INFO - [2025-11-15T18:54:53.072+0000] {dag.py:4180} INFO - Setting next_dagrun for my_first_dag to 2025-11-14 00:00:00+00:00, run_after=2025-11-15 00:00:00+00:00
[2025-11-15T18:54:53.098+0000] {processor.py:208} INFO - Processing /opt/airflow/dags/first_dag.py took 0.094 seconds
[2025-11-15T18:55:23.519+0000] {processor.py:186} INFO - Started process (PID=899) to work on /opt/airflow/dags/first_dag.py
[2025-11-15T18:55:23.520+0000] {processor.py:914} INFO - Processing file /opt/airflow/dags/first_dag.py for tasks to queue
[2025-11-15T18:55:23.522+0000] {logging_mixin.py:190} INFO - [2025-11-15T18:55:23.521+0000] {dagbag.py:588} INFO - Filling up the DagBag from /opt/airflow/dags/first_dag.py
[2025-11-15T18:55:23.548+0000] {processor.py:925} INFO - DAG(s) 'my_first_dag' retrieved from /opt/airflow/dags/first_dag.py
[2025-11-15T18:55:23.562+0000] {logging_mixin.py:190} INFO - [2025-11-15T18:55:23.562+0000] {dag.py:3239} INFO - Sync 1 DAGs
[2025-11-15T18:55:23.577+0000] {logging_mixin.py:190} INFO - [2025-11-15T18:55:23.576+0000] {dag.py:4180} INFO - Setting next_dagrun for my_first_dag to 2025-11-14 00:00:00+00:00, run_after=2025-11-15 00:00:00+00:00
[2025-11-15T18:55:23.593+0000] {processor.py:208} INFO - Processing /opt/airflow/dags/first_dag.py took 0.079 seconds
[2025-11-15T18:55:54.126+0000] {processor.py:186} INFO - Started process (PID=964) to work on /opt/airflow/dags/first_dag.py
[2025-11-15T18:55:54.127+0000] {processor.py:914} INFO - Processing file /opt/airflow/dags/first_dag.py for tasks to queue
[2025-11-15T18:55:54.130+0000] {logging_mixin.py:190} INFO - [2025-11-15T18:55:54.130+0000] {dagbag.py:588} INFO - Filling up the DagBag from /opt/airflow/dags/first_dag.py
[2025-11-15T18:55:54.161+0000] {processor.py:925} INFO - DAG(s) 'my_first_dag' retrieved from /opt/airflow/dags/first_dag.py
[2025-11-15T18:55:54.176+0000] {logging_mixin.py:190} INFO - [2025-11-15T18:55:54.176+0000] {dag.py:3239} INFO - Sync 1 DAGs
[2025-11-15T18:55:54.192+0000] {logging_mixin.py:190} INFO - [2025-11-15T18:55:54.192+0000] {dag.py:4180} INFO - Setting next_dagrun for my_first_dag to 2025-11-14 00:00:00+00:00, run_after=2025-11-15 00:00:00+00:00
[2025-11-15T18:55:54.206+0000] {processor.py:208} INFO - Processing /opt/airflow/dags/first_dag.py took 0.084 seconds
[2025-11-15T18:56:24.827+0000] {processor.py:186} INFO - Started process (PID=1029) to work on /opt/airflow/dags/first_dag.py
[2025-11-15T18:56:24.828+0000] {processor.py:914} INFO - Processing file /opt/airflow/dags/first_dag.py for tasks to queue
[2025-11-15T18:56:24.830+0000] {logging_mixin.py:190} INFO - [2025-11-15T18:56:24.830+0000] {dagbag.py:588} INFO - Filling up the DagBag from /opt/airflow/dags/first_dag.py
[2025-11-15T18:56:24.850+0000] {processor.py:925} INFO - DAG(s) 'my_first_dag' retrieved from /opt/airflow/dags/first_dag.py
[2025-11-15T18:56:24.863+0000] {logging_mixin.py:190} INFO - [2025-11-15T18:56:24.863+0000] {dag.py:3239} INFO - Sync 1 DAGs
[2025-11-15T18:56:24.877+0000] {logging_mixin.py:190} INFO - [2025-11-15T18:56:24.877+0000] {dag.py:4180} INFO - Setting next_dagrun for my_first_dag to 2025-11-14 00:00:00+00:00, run_after=2025-11-15 00:00:00+00:00
[2025-11-15T18:56:24.917+0000] {processor.py:208} INFO - Processing /opt/airflow/dags/first_dag.py took 0.093 seconds
[2025-11-15T18:56:55.389+0000] {processor.py:186} INFO - Started process (PID=1094) to work on /opt/airflow/dags/first_dag.py
[2025-11-15T18:56:55.390+0000] {processor.py:914} INFO - Processing file /opt/airflow/dags/first_dag.py for tasks to queue
[2025-11-15T18:56:55.393+0000] {logging_mixin.py:190} INFO - [2025-11-15T18:56:55.393+0000] {dagbag.py:588} INFO - Filling up the DagBag from /opt/airflow/dags/first_dag.py
[2025-11-15T18:56:55.423+0000] {processor.py:925} INFO - DAG(s) 'my_first_dag' retrieved from /opt/airflow/dags/first_dag.py
[2025-11-15T18:56:55.439+0000] {logging_mixin.py:190} INFO - [2025-11-15T18:56:55.439+0000] {dag.py:3239} INFO - Sync 1 DAGs
[2025-11-15T18:56:55.456+0000] {logging_mixin.py:190} INFO - [2025-11-15T18:56:55.456+0000] {dag.py:4180} INFO - Setting next_dagrun for my_first_dag to 2025-11-14 00:00:00+00:00, run_after=2025-11-15 00:00:00+00:00
[2025-11-15T18:56:55.484+0000] {processor.py:208} INFO - Processing /opt/airflow/dags/first_dag.py took 0.100 seconds
[2025-11-15T18:57:25.842+0000] {processor.py:186} INFO - Started process (PID=1159) to work on /opt/airflow/dags/first_dag.py
[2025-11-15T18:57:25.843+0000] {processor.py:914} INFO - Processing file /opt/airflow/dags/first_dag.py for tasks to queue
[2025-11-15T18:57:25.845+0000] {logging_mixin.py:190} INFO - [2025-11-15T18:57:25.845+0000] {dagbag.py:588} INFO - Filling up the DagBag from /opt/airflow/dags/first_dag.py
[2025-11-15T18:57:25.862+0000] {processor.py:925} INFO - DAG(s) 'my_first_dag' retrieved from /opt/airflow/dags/first_dag.py
[2025-11-15T18:57:25.875+0000] {logging_mixin.py:190} INFO - [2025-11-15T18:57:25.874+0000] {dag.py:3239} INFO - Sync 1 DAGs
[2025-11-15T18:57:25.889+0000] {logging_mixin.py:190} INFO - [2025-11-15T18:57:25.889+0000] {dag.py:4180} INFO - Setting next_dagrun for my_first_dag to 2025-11-14 00:00:00+00:00, run_after=2025-11-15 00:00:00+00:00
[2025-11-15T18:57:25.930+0000] {processor.py:208} INFO - Processing /opt/airflow/dags/first_dag.py took 0.093 seconds
[2025-11-15T18:57:56.286+0000] {processor.py:186} INFO - Started process (PID=1224) to work on /opt/airflow/dags/first_dag.py
[2025-11-15T18:57:56.287+0000] {processor.py:914} INFO - Processing file /opt/airflow/dags/first_dag.py for tasks to queue
[2025-11-15T18:57:56.289+0000] {logging_mixin.py:190} INFO - [2025-11-15T18:57:56.289+0000] {dagbag.py:588} INFO - Filling up the DagBag from /opt/airflow/dags/first_dag.py
[2025-11-15T18:57:56.322+0000] {processor.py:925} INFO - DAG(s) 'my_first_dag' retrieved from /opt/airflow/dags/first_dag.py
[2025-11-15T18:57:56.336+0000] {logging_mixin.py:190} INFO - [2025-11-15T18:57:56.336+0000] {dag.py:3239} INFO - Sync 1 DAGs
[2025-11-15T18:57:56.352+0000] {logging_mixin.py:190} INFO - [2025-11-15T18:57:56.351+0000] {dag.py:4180} INFO - Setting next_dagrun for my_first_dag to 2025-11-14 00:00:00+00:00, run_after=2025-11-15 00:00:00+00:00
[2025-11-15T18:57:56.366+0000] {processor.py:208} INFO - Processing /opt/airflow/dags/first_dag.py took 0.084 seconds
[2025-11-15T18:58:26.720+0000] {processor.py:186} INFO - Started process (PID=1289) to work on /opt/airflow/dags/first_dag.py
[2025-11-15T18:58:26.721+0000] {processor.py:914} INFO - Processing file /opt/airflow/dags/first_dag.py for tasks to queue
[2025-11-15T18:58:26.723+0000] {logging_mixin.py:190} INFO - [2025-11-15T18:58:26.723+0000] {dagbag.py:588} INFO - Filling up the DagBag from /opt/airflow/dags/first_dag.py
[2025-11-15T18:58:26.751+0000] {processor.py:925} INFO - DAG(s) 'my_first_dag' retrieved from /opt/airflow/dags/first_dag.py
[2025-11-15T18:58:26.765+0000] {logging_mixin.py:190} INFO - [2025-11-15T18:58:26.765+0000] {dag.py:3239} INFO - Sync 1 DAGs
[2025-11-15T18:58:26.781+0000] {logging_mixin.py:190} INFO - [2025-11-15T18:58:26.781+0000] {dag.py:4180} INFO - Setting next_dagrun for my_first_dag to 2025-11-14 00:00:00+00:00, run_after=2025-11-15 00:00:00+00:00
[2025-11-15T18:58:26.808+0000] {processor.py:208} INFO - Processing /opt/airflow/dags/first_dag.py took 0.092 seconds
[2025-11-15T18:58:57.778+0000] {processor.py:186} INFO - Started process (PID=1354) to work on /opt/airflow/dags/first_dag.py
[2025-11-15T18:58:57.779+0000] {processor.py:914} INFO - Processing file /opt/airflow/dags/first_dag.py for tasks to queue
[2025-11-15T18:58:57.781+0000] {logging_mixin.py:190} INFO - [2025-11-15T18:58:57.780+0000] {dagbag.py:588} INFO - Filling up the DagBag from /opt/airflow/dags/first_dag.py
[2025-11-15T18:58:57.798+0000] {processor.py:925} INFO - DAG(s) 'my_first_dag' retrieved from /opt/airflow/dags/first_dag.py
[2025-11-15T18:58:57.813+0000] {logging_mixin.py:190} INFO - [2025-11-15T18:58:57.813+0000] {dag.py:3239} INFO - Sync 1 DAGs
[2025-11-15T18:58:57.828+0000] {logging_mixin.py:190} INFO - [2025-11-15T18:58:57.828+0000] {dag.py:4180} INFO - Setting next_dagrun for my_first_dag to 2025-11-14 00:00:00+00:00, run_after=2025-11-15 00:00:00+00:00
[2025-11-15T18:58:57.851+0000] {processor.py:208} INFO - Processing /opt/airflow/dags/first_dag.py took 0.077 seconds
[2025-11-15T18:59:28.475+0000] {processor.py:186} INFO - Started process (PID=1419) to work on /opt/airflow/dags/first_dag.py
[2025-11-15T18:59:28.476+0000] {processor.py:914} INFO - Processing file /opt/airflow/dags/first_dag.py for tasks to queue
[2025-11-15T18:59:28.478+0000] {logging_mixin.py:190} INFO - [2025-11-15T18:59:28.478+0000] {dagbag.py:588} INFO - Filling up the DagBag from /opt/airflow/dags/first_dag.py
[2025-11-15T18:59:28.515+0000] {processor.py:925} INFO - DAG(s) 'my_first_dag' retrieved from /opt/airflow/dags/first_dag.py
[2025-11-15T18:59:28.535+0000] {logging_mixin.py:190} INFO - [2025-11-15T18:59:28.535+0000] {dag.py:3239} INFO - Sync 1 DAGs
[2025-11-15T18:59:28.558+0000] {logging_mixin.py:190} INFO - [2025-11-15T18:59:28.558+0000] {dag.py:4180} INFO - Setting next_dagrun for my_first_dag to 2025-11-14 00:00:00+00:00, run_after=2025-11-15 00:00:00+00:00
[2025-11-15T18:59:28.576+0000] {processor.py:208} INFO - Processing /opt/airflow/dags/first_dag.py took 0.106 seconds
[2025-11-15T18:59:59.494+0000] {processor.py:186} INFO - Started process (PID=1484) to work on /opt/airflow/dags/first_dag.py
[2025-11-15T18:59:59.496+0000] {processor.py:914} INFO - Processing file /opt/airflow/dags/first_dag.py for tasks to queue
[2025-11-15T18:59:59.498+0000] {logging_mixin.py:190} INFO - [2025-11-15T18:59:59.498+0000] {dagbag.py:588} INFO - Filling up the DagBag from /opt/airflow/dags/first_dag.py
[2025-11-15T18:59:59.524+0000] {processor.py:925} INFO - DAG(s) 'my_first_dag' retrieved from /opt/airflow/dags/first_dag.py
[2025-11-15T18:59:59.541+0000] {logging_mixin.py:190} INFO - [2025-11-15T18:59:59.541+0000] {dag.py:3239} INFO - Sync 1 DAGs
[2025-11-15T18:59:59.558+0000] {logging_mixin.py:190} INFO - [2025-11-15T18:59:59.558+0000] {dag.py:4180} INFO - Setting next_dagrun for my_first_dag to 2025-11-14 00:00:00+00:00, run_after=2025-11-15 00:00:00+00:00
[2025-11-15T18:59:59.575+0000] {processor.py:208} INFO - Processing /opt/airflow/dags/first_dag.py took 0.085 seconds
[2025-11-15T19:00:31.570+0000] {processor.py:186} INFO - Started process (PID=1565) to work on /opt/airflow/dags/first_dag.py
[2025-11-15T19:00:31.572+0000] {processor.py:914} INFO - Processing file /opt/airflow/dags/first_dag.py for tasks to queue
[2025-11-15T19:00:31.575+0000] {logging_mixin.py:190} INFO - [2025-11-15T19:00:31.574+0000] {dagbag.py:588} INFO - Filling up the DagBag from /opt/airflow/dags/first_dag.py
[2025-11-15T19:00:31.616+0000] {processor.py:925} INFO - DAG(s) 'my_first_dag' retrieved from /opt/airflow/dags/first_dag.py
[2025-11-15T19:00:31.633+0000] {logging_mixin.py:190} INFO - [2025-11-15T19:00:31.633+0000] {dag.py:3239} INFO - Sync 1 DAGs
[2025-11-15T19:00:31.654+0000] {logging_mixin.py:190} INFO - [2025-11-15T19:00:31.654+0000] {dag.py:4180} INFO - Setting next_dagrun for my_first_dag to 2025-11-14 00:00:00+00:00, run_after=2025-11-15 00:00:00+00:00
[2025-11-15T19:00:31.672+0000] {processor.py:208} INFO - Processing /opt/airflow/dags/first_dag.py took 0.106 seconds
[2025-11-15T19:01:03.148+0000] {processor.py:186} INFO - Started process (PID=1630) to work on /opt/airflow/dags/first_dag.py
[2025-11-15T19:01:03.149+0000] {processor.py:914} INFO - Processing file /opt/airflow/dags/first_dag.py for tasks to queue
[2025-11-15T19:01:03.152+0000] {logging_mixin.py:190} INFO - [2025-11-15T19:01:03.151+0000] {dagbag.py:588} INFO - Filling up the DagBag from /opt/airflow/dags/first_dag.py
[2025-11-15T19:01:03.172+0000] {processor.py:925} INFO - DAG(s) 'my_first_dag' retrieved from /opt/airflow/dags/first_dag.py
[2025-11-15T19:01:03.193+0000] {logging_mixin.py:190} INFO - [2025-11-15T19:01:03.193+0000] {dag.py:3239} INFO - Sync 1 DAGs
[2025-11-15T19:01:03.214+0000] {logging_mixin.py:190} INFO - [2025-11-15T19:01:03.214+0000] {dag.py:4180} INFO - Setting next_dagrun for my_first_dag to 2025-11-14 00:00:00+00:00, run_after=2025-11-15 00:00:00+00:00
[2025-11-15T19:01:03.234+0000] {processor.py:208} INFO - Processing /opt/airflow/dags/first_dag.py took 0.091 seconds
[2025-11-15T19:01:34.610+0000] {processor.py:186} INFO - Started process (PID=1695) to work on /opt/airflow/dags/first_dag.py
[2025-11-15T19:01:34.611+0000] {processor.py:914} INFO - Processing file /opt/airflow/dags/first_dag.py for tasks to queue
[2025-11-15T19:01:34.614+0000] {logging_mixin.py:190} INFO - [2025-11-15T19:01:34.613+0000] {dagbag.py:588} INFO - Filling up the DagBag from /opt/airflow/dags/first_dag.py
[2025-11-15T19:01:34.637+0000] {processor.py:925} INFO - DAG(s) 'my_first_dag' retrieved from /opt/airflow/dags/first_dag.py
[2025-11-15T19:01:34.653+0000] {logging_mixin.py:190} INFO - [2025-11-15T19:01:34.653+0000] {dag.py:3239} INFO - Sync 1 DAGs
[2025-11-15T19:01:34.671+0000] {logging_mixin.py:190} INFO - [2025-11-15T19:01:34.671+0000] {dag.py:4180} INFO - Setting next_dagrun for my_first_dag to 2025-11-14 00:00:00+00:00, run_after=2025-11-15 00:00:00+00:00
[2025-11-15T19:01:34.689+0000] {processor.py:208} INFO - Processing /opt/airflow/dags/first_dag.py took 0.084 seconds
[2025-11-15T19:02:06.698+0000] {processor.py:186} INFO - Started process (PID=1760) to work on /opt/airflow/dags/first_dag.py
[2025-11-15T19:02:06.699+0000] {processor.py:914} INFO - Processing file /opt/airflow/dags/first_dag.py for tasks to queue
[2025-11-15T19:02:06.701+0000] {logging_mixin.py:190} INFO - [2025-11-15T19:02:06.701+0000] {dagbag.py:588} INFO - Filling up the DagBag from /opt/airflow/dags/first_dag.py
[2025-11-15T19:02:06.715+0000] {processor.py:925} INFO - DAG(s) 'my_first_dag' retrieved from /opt/airflow/dags/first_dag.py
[2025-11-15T19:02:06.729+0000] {logging_mixin.py:190} INFO - [2025-11-15T19:02:06.729+0000] {dag.py:3239} INFO - Sync 1 DAGs
[2025-11-15T19:02:06.746+0000] {logging_mixin.py:190} INFO - [2025-11-15T19:02:06.746+0000] {dag.py:4180} INFO - Setting next_dagrun for my_first_dag to 2025-11-14 00:00:00+00:00, run_after=2025-11-15 00:00:00+00:00
[2025-11-15T19:02:06.762+0000] {processor.py:208} INFO - Processing /opt/airflow/dags/first_dag.py took 0.068 seconds
[2025-11-15T19:02:36.990+0000] {processor.py:186} INFO - Started process (PID=1825) to work on /opt/airflow/dags/first_dag.py
[2025-11-15T19:02:36.993+0000] {processor.py:914} INFO - Processing file /opt/airflow/dags/first_dag.py for tasks to queue
[2025-11-15T19:02:36.995+0000] {logging_mixin.py:190} INFO - [2025-11-15T19:02:36.995+0000] {dagbag.py:588} INFO - Filling up the DagBag from /opt/airflow/dags/first_dag.py
[2025-11-15T19:02:37.066+0000] {processor.py:925} INFO - DAG(s) 'my_first_dag' retrieved from /opt/airflow/dags/first_dag.py
[2025-11-15T19:02:37.084+0000] {logging_mixin.py:190} INFO - [2025-11-15T19:02:37.084+0000] {dag.py:3239} INFO - Sync 1 DAGs
[2025-11-15T19:02:38.088+0000] {logging_mixin.py:190} INFO - [2025-11-15T19:02:38.088+0000] {dag.py:4180} INFO - Setting next_dagrun for my_first_dag to 2025-11-14 00:00:00+00:00, run_after=2025-11-15 00:00:00+00:00
[2025-11-15T19:02:38.107+0000] {processor.py:208} INFO - Processing /opt/airflow/dags/first_dag.py took 0.137 seconds
[2025-11-15T19:03:49.159+0000] {processor.py:186} INFO - Started process (PID=55) to work on /opt/airflow/dags/first_dag.py
[2025-11-15T19:03:49.160+0000] {processor.py:914} INFO - Processing file /opt/airflow/dags/first_dag.py for tasks to queue
[2025-11-15T19:03:49.162+0000] {logging_mixin.py:190} INFO - [2025-11-15T19:03:49.162+0000] {dagbag.py:588} INFO - Filling up the DagBag from /opt/airflow/dags/first_dag.py
[2025-11-15T19:03:49.190+0000] {processor.py:925} INFO - DAG(s) 'my_first_dag' retrieved from /opt/airflow/dags/first_dag.py
[2025-11-15T19:03:49.219+0000] {logging_mixin.py:190} INFO - [2025-11-15T19:03:49.219+0000] {dag.py:3239} INFO - Sync 1 DAGs
[2025-11-15T19:03:49.245+0000] {logging_mixin.py:190} INFO - [2025-11-15T19:03:49.245+0000] {dag.py:4180} INFO - Setting next_dagrun for my_first_dag to 2025-11-14 00:00:00+00:00, run_after=2025-11-15 00:00:00+00:00
[2025-11-15T19:03:49.262+0000] {processor.py:208} INFO - Processing /opt/airflow/dags/first_dag.py took 0.107 seconds
[2025-11-15T19:04:19.712+0000] {processor.py:186} INFO - Started process (PID=120) to work on /opt/airflow/dags/first_dag.py
[2025-11-15T19:04:19.713+0000] {processor.py:914} INFO - Processing file /opt/airflow/dags/first_dag.py for tasks to queue
[2025-11-15T19:04:19.716+0000] {logging_mixin.py:190} INFO - [2025-11-15T19:04:19.716+0000] {dagbag.py:588} INFO - Filling up the DagBag from /opt/airflow/dags/first_dag.py
[2025-11-15T19:04:19.744+0000] {processor.py:925} INFO - DAG(s) 'my_first_dag' retrieved from /opt/airflow/dags/first_dag.py
[2025-11-15T19:04:19.762+0000] {logging_mixin.py:190} INFO - [2025-11-15T19:04:19.762+0000] {dag.py:3239} INFO - Sync 1 DAGs
[2025-11-15T19:04:19.779+0000] {logging_mixin.py:190} INFO - [2025-11-15T19:04:19.779+0000] {dag.py:4180} INFO - Setting next_dagrun for my_first_dag to 2025-11-14 00:00:00+00:00, run_after=2025-11-15 00:00:00+00:00
[2025-11-15T19:04:19.798+0000] {processor.py:208} INFO - Processing /opt/airflow/dags/first_dag.py took 0.092 seconds
[2025-11-15T19:04:50.433+0000] {processor.py:186} INFO - Started process (PID=185) to work on /opt/airflow/dags/first_dag.py
[2025-11-15T19:04:50.435+0000] {processor.py:914} INFO - Processing file /opt/airflow/dags/first_dag.py for tasks to queue
[2025-11-15T19:04:50.437+0000] {logging_mixin.py:190} INFO - [2025-11-15T19:04:50.437+0000] {dagbag.py:588} INFO - Filling up the DagBag from /opt/airflow/dags/first_dag.py
[2025-11-15T19:04:50.471+0000] {processor.py:925} INFO - DAG(s) 'my_first_dag' retrieved from /opt/airflow/dags/first_dag.py
[2025-11-15T19:04:50.489+0000] {logging_mixin.py:190} INFO - [2025-11-15T19:04:50.489+0000] {dag.py:3239} INFO - Sync 1 DAGs
[2025-11-15T19:04:50.505+0000] {logging_mixin.py:190} INFO - [2025-11-15T19:04:50.505+0000] {dag.py:4180} INFO - Setting next_dagrun for my_first_dag to 2025-11-14 00:00:00+00:00, run_after=2025-11-15 00:00:00+00:00
[2025-11-15T19:04:50.524+0000] {processor.py:208} INFO - Processing /opt/airflow/dags/first_dag.py took 0.095 seconds
[2025-11-15T19:05:21.060+0000] {processor.py:186} INFO - Started process (PID=250) to work on /opt/airflow/dags/first_dag.py
[2025-11-15T19:05:21.062+0000] {processor.py:914} INFO - Processing file /opt/airflow/dags/first_dag.py for tasks to queue
[2025-11-15T19:05:21.064+0000] {logging_mixin.py:190} INFO - [2025-11-15T19:05:21.064+0000] {dagbag.py:588} INFO - Filling up the DagBag from /opt/airflow/dags/first_dag.py
[2025-11-15T19:05:21.091+0000] {processor.py:925} INFO - DAG(s) 'my_first_dag' retrieved from /opt/airflow/dags/first_dag.py
[2025-11-15T19:05:21.109+0000] {logging_mixin.py:190} INFO - [2025-11-15T19:05:21.109+0000] {dag.py:3239} INFO - Sync 1 DAGs
[2025-11-15T19:05:21.128+0000] {logging_mixin.py:190} INFO - [2025-11-15T19:05:21.127+0000] {dag.py:4180} INFO - Setting next_dagrun for my_first_dag to 2025-11-14 00:00:00+00:00, run_after=2025-11-15 00:00:00+00:00
[2025-11-15T19:05:21.173+0000] {processor.py:208} INFO - Processing /opt/airflow/dags/first_dag.py took 0.118 seconds
[2025-11-15T19:05:51.734+0000] {processor.py:186} INFO - Started process (PID=315) to work on /opt/airflow/dags/first_dag.py
[2025-11-15T19:05:51.735+0000] {processor.py:914} INFO - Processing file /opt/airflow/dags/first_dag.py for tasks to queue
[2025-11-15T19:05:51.738+0000] {logging_mixin.py:190} INFO - [2025-11-15T19:05:51.737+0000] {dagbag.py:588} INFO - Filling up the DagBag from /opt/airflow/dags/first_dag.py
[2025-11-15T19:05:51.760+0000] {processor.py:925} INFO - DAG(s) 'my_first_dag' retrieved from /opt/airflow/dags/first_dag.py
[2025-11-15T19:05:51.777+0000] {logging_mixin.py:190} INFO - [2025-11-15T19:05:51.776+0000] {dag.py:3239} INFO - Sync 1 DAGs
[2025-11-15T19:05:51.796+0000] {logging_mixin.py:190} INFO - [2025-11-15T19:05:51.796+0000] {dag.py:4180} INFO - Setting next_dagrun for my_first_dag to 2025-11-14 00:00:00+00:00, run_after=2025-11-15 00:00:00+00:00
[2025-11-15T19:05:51.845+0000] {processor.py:208} INFO - Processing /opt/airflow/dags/first_dag.py took 0.116 seconds
[2025-11-15T19:06:22.584+0000] {processor.py:186} INFO - Started process (PID=380) to work on /opt/airflow/dags/first_dag.py
[2025-11-15T19:06:22.586+0000] {processor.py:914} INFO - Processing file /opt/airflow/dags/first_dag.py for tasks to queue
[2025-11-15T19:06:22.589+0000] {logging_mixin.py:190} INFO - [2025-11-15T19:06:22.588+0000] {dagbag.py:588} INFO - Filling up the DagBag from /opt/airflow/dags/first_dag.py
[2025-11-15T19:06:22.618+0000] {processor.py:925} INFO - DAG(s) 'my_first_dag' retrieved from /opt/airflow/dags/first_dag.py
[2025-11-15T19:06:22.643+0000] {logging_mixin.py:190} INFO - [2025-11-15T19:06:22.643+0000] {dag.py:3239} INFO - Sync 1 DAGs
[2025-11-15T19:06:22.664+0000] {logging_mixin.py:190} INFO - [2025-11-15T19:06:22.664+0000] {dag.py:4180} INFO - Setting next_dagrun for my_first_dag to 2025-11-14 00:00:00+00:00, run_after=2025-11-15 00:00:00+00:00
[2025-11-15T19:06:22.682+0000] {processor.py:208} INFO - Processing /opt/airflow/dags/first_dag.py took 0.106 seconds
[2025-11-15T19:06:53.261+0000] {processor.py:186} INFO - Started process (PID=445) to work on /opt/airflow/dags/first_dag.py
[2025-11-15T19:06:53.278+0000] {processor.py:914} INFO - Processing file /opt/airflow/dags/first_dag.py for tasks to queue
[2025-11-15T19:06:53.291+0000] {logging_mixin.py:190} INFO - [2025-11-15T19:06:53.290+0000] {dagbag.py:588} INFO - Filling up the DagBag from /opt/airflow/dags/first_dag.py
[2025-11-15T19:06:53.318+0000] {processor.py:925} INFO - DAG(s) 'my_first_dag' retrieved from /opt/airflow/dags/first_dag.py
[2025-11-15T19:06:53.343+0000] {logging_mixin.py:190} INFO - [2025-11-15T19:06:53.342+0000] {dag.py:3239} INFO - Sync 1 DAGs
[2025-11-15T19:06:53.398+0000] {logging_mixin.py:190} INFO - [2025-11-15T19:06:53.398+0000] {dag.py:4180} INFO - Setting next_dagrun for my_first_dag to 2025-11-14 00:00:00+00:00, run_after=2025-11-15 00:00:00+00:00
[2025-11-15T19:06:53.425+0000] {processor.py:208} INFO - Processing /opt/airflow/dags/first_dag.py took 0.171 seconds
[2025-11-15T19:07:24.712+0000] {processor.py:186} INFO - Started process (PID=510) to work on /opt/airflow/dags/first_dag.py
[2025-11-15T19:07:24.715+0000] {processor.py:914} INFO - Processing file /opt/airflow/dags/first_dag.py for tasks to queue
[2025-11-15T19:07:24.718+0000] {logging_mixin.py:190} INFO - [2025-11-15T19:07:24.717+0000] {dagbag.py:588} INFO - Filling up the DagBag from /opt/airflow/dags/first_dag.py
[2025-11-15T19:07:24.753+0000] {processor.py:925} INFO - DAG(s) 'my_first_dag' retrieved from /opt/airflow/dags/first_dag.py
[2025-11-15T19:07:24.770+0000] {logging_mixin.py:190} INFO - [2025-11-15T19:07:24.770+0000] {dag.py:3239} INFO - Sync 1 DAGs
[2025-11-15T19:07:24.789+0000] {logging_mixin.py:190} INFO - [2025-11-15T19:07:24.788+0000] {dag.py:4180} INFO - Setting next_dagrun for my_first_dag to 2025-11-14 00:00:00+00:00, run_after=2025-11-15 00:00:00+00:00
[2025-11-15T19:07:24.821+0000] {processor.py:208} INFO - Processing /opt/airflow/dags/first_dag.py took 0.113 seconds
[2025-11-15T19:07:56.566+0000] {processor.py:186} INFO - Started process (PID=575) to work on /opt/airflow/dags/first_dag.py
[2025-11-15T19:07:56.568+0000] {processor.py:914} INFO - Processing file /opt/airflow/dags/first_dag.py for tasks to queue
[2025-11-15T19:07:56.570+0000] {logging_mixin.py:190} INFO - [2025-11-15T19:07:56.570+0000] {dagbag.py:588} INFO - Filling up the DagBag from /opt/airflow/dags/first_dag.py
[2025-11-15T19:07:56.590+0000] {processor.py:925} INFO - DAG(s) 'my_first_dag' retrieved from /opt/airflow/dags/first_dag.py
[2025-11-15T19:07:56.606+0000] {logging_mixin.py:190} INFO - [2025-11-15T19:07:56.606+0000] {dag.py:3239} INFO - Sync 1 DAGs
[2025-11-15T19:07:56.624+0000] {logging_mixin.py:190} INFO - [2025-11-15T19:07:56.623+0000] {dag.py:4180} INFO - Setting next_dagrun for my_first_dag to 2025-11-14 00:00:00+00:00, run_after=2025-11-15 00:00:00+00:00
[2025-11-15T19:07:56.641+0000] {processor.py:208} INFO - Processing /opt/airflow/dags/first_dag.py took 0.078 seconds
[2025-11-15T19:08:27.823+0000] {processor.py:186} INFO - Started process (PID=648) to work on /opt/airflow/dags/first_dag.py
[2025-11-15T19:08:27.824+0000] {processor.py:914} INFO - Processing file /opt/airflow/dags/first_dag.py for tasks to queue
[2025-11-15T19:08:27.832+0000] {logging_mixin.py:190} INFO - [2025-11-15T19:08:27.826+0000] {dagbag.py:588} INFO - Filling up the DagBag from /opt/airflow/dags/first_dag.py
[2025-11-15T19:08:27.854+0000] {processor.py:925} INFO - DAG(s) 'my_first_dag' retrieved from /opt/airflow/dags/first_dag.py
[2025-11-15T19:08:27.903+0000] {logging_mixin.py:190} INFO - [2025-11-15T19:08:27.902+0000] {dag.py:3239} INFO - Sync 1 DAGs
[2025-11-15T19:08:27.938+0000] {logging_mixin.py:190} INFO - [2025-11-15T19:08:27.938+0000] {dag.py:4180} INFO - Setting next_dagrun for my_first_dag to 2025-11-14 00:00:00+00:00, run_after=2025-11-15 00:00:00+00:00
[2025-11-15T19:08:27.959+0000] {processor.py:208} INFO - Processing /opt/airflow/dags/first_dag.py took 0.144 seconds
[2025-11-15T19:09:00.058+0000] {processor.py:186} INFO - Started process (PID=712) to work on /opt/airflow/dags/first_dag.py
[2025-11-15T19:09:00.059+0000] {processor.py:914} INFO - Processing file /opt/airflow/dags/first_dag.py for tasks to queue
[2025-11-15T19:09:00.063+0000] {logging_mixin.py:190} INFO - [2025-11-15T19:09:00.063+0000] {dagbag.py:588} INFO - Filling up the DagBag from /opt/airflow/dags/first_dag.py
[2025-11-15T19:09:00.101+0000] {processor.py:925} INFO - DAG(s) 'my_first_dag' retrieved from /opt/airflow/dags/first_dag.py
[2025-11-15T19:09:00.117+0000] {logging_mixin.py:190} INFO - [2025-11-15T19:09:00.117+0000] {dag.py:3239} INFO - Sync 1 DAGs
[2025-11-15T19:09:00.135+0000] {logging_mixin.py:190} INFO - [2025-11-15T19:09:00.135+0000] {dag.py:4180} INFO - Setting next_dagrun for my_first_dag to 2025-11-14 00:00:00+00:00, run_after=2025-11-15 00:00:00+00:00
[2025-11-15T19:09:00.151+0000] {processor.py:208} INFO - Processing /opt/airflow/dags/first_dag.py took 0.117 seconds
[2025-11-15T19:09:30.576+0000] {processor.py:186} INFO - Started process (PID=777) to work on /opt/airflow/dags/first_dag.py
[2025-11-15T19:09:30.578+0000] {processor.py:914} INFO - Processing file /opt/airflow/dags/first_dag.py for tasks to queue
[2025-11-15T19:09:30.587+0000] {logging_mixin.py:190} INFO - [2025-11-15T19:09:30.583+0000] {dagbag.py:588} INFO - Filling up the DagBag from /opt/airflow/dags/first_dag.py
[2025-11-15T19:09:30.649+0000] {processor.py:925} INFO - DAG(s) 'my_first_dag' retrieved from /opt/airflow/dags/first_dag.py
[2025-11-15T19:09:42.278+0000] {logging_mixin.py:190} INFO - [2025-11-15T19:09:42.270+0000] {dag.py:3239} INFO - Sync 1 DAGs
[2025-11-15T19:09:42.607+0000] {logging_mixin.py:190} INFO - [2025-11-15T19:09:42.602+0000] {dag.py:4180} INFO - Setting next_dagrun for my_first_dag to 2025-11-14 00:00:00+00:00, run_after=2025-11-15 00:00:00+00:00
[2025-11-15T19:09:42.683+0000] {processor.py:208} INFO - Processing /opt/airflow/dags/first_dag.py took 10.235 seconds
[2025-11-15T19:10:12.903+0000] {processor.py:186} INFO - Started process (PID=842) to work on /opt/airflow/dags/first_dag.py
[2025-11-15T19:10:12.904+0000] {processor.py:914} INFO - Processing file /opt/airflow/dags/first_dag.py for tasks to queue
[2025-11-15T19:10:12.906+0000] {logging_mixin.py:190} INFO - [2025-11-15T19:10:12.906+0000] {dagbag.py:588} INFO - Filling up the DagBag from /opt/airflow/dags/first_dag.py
[2025-11-15T19:10:12.931+0000] {processor.py:925} INFO - DAG(s) 'my_first_dag' retrieved from /opt/airflow/dags/first_dag.py
[2025-11-15T19:10:12.948+0000] {logging_mixin.py:190} INFO - [2025-11-15T19:10:12.948+0000] {dag.py:3239} INFO - Sync 1 DAGs
[2025-11-15T19:10:12.966+0000] {logging_mixin.py:190} INFO - [2025-11-15T19:10:12.966+0000] {dag.py:4180} INFO - Setting next_dagrun for my_first_dag to 2025-11-14 00:00:00+00:00, run_after=2025-11-15 00:00:00+00:00
[2025-11-15T19:10:12.983+0000] {processor.py:208} INFO - Processing /opt/airflow/dags/first_dag.py took 0.085 seconds
[2025-11-15T19:10:43.441+0000] {processor.py:186} INFO - Started process (PID=907) to work on /opt/airflow/dags/first_dag.py
[2025-11-15T19:10:43.442+0000] {processor.py:914} INFO - Processing file /opt/airflow/dags/first_dag.py for tasks to queue
[2025-11-15T19:10:43.445+0000] {logging_mixin.py:190} INFO - [2025-11-15T19:10:43.444+0000] {dagbag.py:588} INFO - Filling up the DagBag from /opt/airflow/dags/first_dag.py
[2025-11-15T19:10:43.472+0000] {processor.py:925} INFO - DAG(s) 'my_first_dag' retrieved from /opt/airflow/dags/first_dag.py
[2025-11-15T19:10:43.490+0000] {logging_mixin.py:190} INFO - [2025-11-15T19:10:43.490+0000] {dag.py:3239} INFO - Sync 1 DAGs
[2025-11-15T19:10:43.509+0000] {logging_mixin.py:190} INFO - [2025-11-15T19:10:43.509+0000] {dag.py:4180} INFO - Setting next_dagrun for my_first_dag to 2025-11-14 00:00:00+00:00, run_after=2025-11-15 00:00:00+00:00
[2025-11-15T19:10:43.526+0000] {processor.py:208} INFO - Processing /opt/airflow/dags/first_dag.py took 0.092 seconds
[2025-11-15T19:11:13.614+0000] {processor.py:186} INFO - Started process (PID=972) to work on /opt/airflow/dags/first_dag.py
[2025-11-15T19:11:13.615+0000] {processor.py:914} INFO - Processing file /opt/airflow/dags/first_dag.py for tasks to queue
[2025-11-15T19:11:13.618+0000] {logging_mixin.py:190} INFO - [2025-11-15T19:11:13.617+0000] {dagbag.py:588} INFO - Filling up the DagBag from /opt/airflow/dags/first_dag.py
[2025-11-15T19:11:13.645+0000] {processor.py:925} INFO - DAG(s) 'my_first_dag' retrieved from /opt/airflow/dags/first_dag.py
[2025-11-15T19:11:13.667+0000] {logging_mixin.py:190} INFO - [2025-11-15T19:11:13.667+0000] {dag.py:3239} INFO - Sync 1 DAGs
[2025-11-15T19:11:13.686+0000] {logging_mixin.py:190} INFO - [2025-11-15T19:11:13.686+0000] {dag.py:4180} INFO - Setting next_dagrun for my_first_dag to 2025-11-14 00:00:00+00:00, run_after=2025-11-15 00:00:00+00:00
[2025-11-15T19:11:13.703+0000] {processor.py:208} INFO - Processing /opt/airflow/dags/first_dag.py took 0.097 seconds
[2025-11-15T19:15:50.153+0000] {processor.py:186} INFO - Started process (PID=1037) to work on /opt/airflow/dags/first_dag.py
[2025-11-15T19:15:50.154+0000] {processor.py:914} INFO - Processing file /opt/airflow/dags/first_dag.py for tasks to queue
[2025-11-15T19:15:50.195+0000] {logging_mixin.py:190} INFO - [2025-11-15T19:15:50.184+0000] {dagbag.py:588} INFO - Filling up the DagBag from /opt/airflow/dags/first_dag.py
[2025-11-15T19:15:53.259+0000] {processor.py:925} INFO - DAG(s) 'my_first_dag' retrieved from /opt/airflow/dags/first_dag.py
[2025-11-15T19:16:24.807+0000] {processor.py:186} INFO - Started process (PID=1106) to work on /opt/airflow/dags/first_dag.py
[2025-11-15T19:16:24.808+0000] {processor.py:914} INFO - Processing file /opt/airflow/dags/first_dag.py for tasks to queue
[2025-11-15T19:16:24.810+0000] {logging_mixin.py:190} INFO - [2025-11-15T19:16:24.810+0000] {dagbag.py:588} INFO - Filling up the DagBag from /opt/airflow/dags/first_dag.py
[2025-11-15T19:16:24.825+0000] {processor.py:925} INFO - DAG(s) 'my_first_dag' retrieved from /opt/airflow/dags/first_dag.py
[2025-11-15T19:16:24.840+0000] {logging_mixin.py:190} INFO - [2025-11-15T19:16:24.840+0000] {dag.py:3239} INFO - Sync 1 DAGs
[2025-11-15T19:16:24.857+0000] {logging_mixin.py:190} INFO - [2025-11-15T19:16:24.857+0000] {dag.py:4180} INFO - Setting next_dagrun for my_first_dag to 2025-11-14 00:00:00+00:00, run_after=2025-11-15 00:00:00+00:00
[2025-11-15T19:16:24.872+0000] {processor.py:208} INFO - Processing /opt/airflow/dags/first_dag.py took 0.069 seconds
[2025-11-15T19:16:54.919+0000] {processor.py:186} INFO - Started process (PID=1171) to work on /opt/airflow/dags/first_dag.py
[2025-11-15T19:16:54.920+0000] {processor.py:914} INFO - Processing file /opt/airflow/dags/first_dag.py for tasks to queue
[2025-11-15T19:16:54.922+0000] {logging_mixin.py:190} INFO - [2025-11-15T19:16:54.921+0000] {dagbag.py:588} INFO - Filling up the DagBag from /opt/airflow/dags/first_dag.py
[2025-11-15T19:16:54.934+0000] {processor.py:925} INFO - DAG(s) 'my_first_dag' retrieved from /opt/airflow/dags/first_dag.py
[2025-11-15T19:16:54.950+0000] {logging_mixin.py:190} INFO - [2025-11-15T19:16:54.950+0000] {dag.py:3239} INFO - Sync 1 DAGs
[2025-11-15T19:16:54.967+0000] {logging_mixin.py:190} INFO - [2025-11-15T19:16:54.967+0000] {dag.py:4180} INFO - Setting next_dagrun for my_first_dag to 2025-11-14 00:00:00+00:00, run_after=2025-11-15 00:00:00+00:00
[2025-11-15T19:16:54.982+0000] {processor.py:208} INFO - Processing /opt/airflow/dags/first_dag.py took 0.067 seconds
[2025-11-15T19:17:25.770+0000] {processor.py:186} INFO - Started process (PID=1236) to work on /opt/airflow/dags/first_dag.py
[2025-11-15T19:17:25.772+0000] {processor.py:914} INFO - Processing file /opt/airflow/dags/first_dag.py for tasks to queue
[2025-11-15T19:17:25.774+0000] {logging_mixin.py:190} INFO - [2025-11-15T19:17:25.774+0000] {dagbag.py:588} INFO - Filling up the DagBag from /opt/airflow/dags/first_dag.py
[2025-11-15T19:17:25.787+0000] {processor.py:925} INFO - DAG(s) 'my_first_dag' retrieved from /opt/airflow/dags/first_dag.py
[2025-11-15T19:17:25.802+0000] {logging_mixin.py:190} INFO - [2025-11-15T19:17:25.802+0000] {dag.py:3239} INFO - Sync 1 DAGs
[2025-11-15T19:17:25.819+0000] {logging_mixin.py:190} INFO - [2025-11-15T19:17:25.819+0000] {dag.py:4180} INFO - Setting next_dagrun for my_first_dag to 2025-11-14 00:00:00+00:00, run_after=2025-11-15 00:00:00+00:00
[2025-11-15T19:17:25.835+0000] {processor.py:208} INFO - Processing /opt/airflow/dags/first_dag.py took 0.070 seconds
[2025-11-15T19:17:56.399+0000] {processor.py:186} INFO - Started process (PID=1301) to work on /opt/airflow/dags/first_dag.py
[2025-11-15T19:17:56.400+0000] {processor.py:914} INFO - Processing file /opt/airflow/dags/first_dag.py for tasks to queue
[2025-11-15T19:17:56.402+0000] {logging_mixin.py:190} INFO - [2025-11-15T19:17:56.402+0000] {dagbag.py:588} INFO - Filling up the DagBag from /opt/airflow/dags/first_dag.py
[2025-11-15T19:17:56.416+0000] {processor.py:925} INFO - DAG(s) 'my_first_dag' retrieved from /opt/airflow/dags/first_dag.py
[2025-11-15T19:17:56.430+0000] {logging_mixin.py:190} INFO - [2025-11-15T19:17:56.430+0000] {dag.py:3239} INFO - Sync 1 DAGs
[2025-11-15T19:17:56.446+0000] {logging_mixin.py:190} INFO - [2025-11-15T19:17:56.446+0000] {dag.py:4180} INFO - Setting next_dagrun for my_first_dag to 2025-11-14 00:00:00+00:00, run_after=2025-11-15 00:00:00+00:00
[2025-11-15T19:17:56.460+0000] {processor.py:208} INFO - Processing /opt/airflow/dags/first_dag.py took 0.066 seconds
[2025-11-15T19:18:26.691+0000] {processor.py:186} INFO - Started process (PID=1366) to work on /opt/airflow/dags/first_dag.py
[2025-11-15T19:18:26.693+0000] {processor.py:914} INFO - Processing file /opt/airflow/dags/first_dag.py for tasks to queue
[2025-11-15T19:18:26.697+0000] {logging_mixin.py:190} INFO - [2025-11-15T19:18:26.696+0000] {dagbag.py:588} INFO - Filling up the DagBag from /opt/airflow/dags/first_dag.py
[2025-11-15T19:18:26.720+0000] {processor.py:925} INFO - DAG(s) 'my_first_dag' retrieved from /opt/airflow/dags/first_dag.py
[2025-11-15T19:18:26.748+0000] {logging_mixin.py:190} INFO - [2025-11-15T19:18:26.747+0000] {dag.py:3239} INFO - Sync 1 DAGs
[2025-11-15T19:18:26.776+0000] {logging_mixin.py:190} INFO - [2025-11-15T19:18:26.776+0000] {dag.py:4180} INFO - Setting next_dagrun for my_first_dag to 2025-11-14 00:00:00+00:00, run_after=2025-11-15 00:00:00+00:00
[2025-11-15T19:18:26.808+0000] {processor.py:208} INFO - Processing /opt/airflow/dags/first_dag.py took 0.123 seconds
[2025-11-15T19:18:57.561+0000] {processor.py:186} INFO - Started process (PID=1432) to work on /opt/airflow/dags/first_dag.py
[2025-11-15T19:18:57.562+0000] {processor.py:914} INFO - Processing file /opt/airflow/dags/first_dag.py for tasks to queue
[2025-11-15T19:18:57.564+0000] {logging_mixin.py:190} INFO - [2025-11-15T19:18:57.564+0000] {dagbag.py:588} INFO - Filling up the DagBag from /opt/airflow/dags/first_dag.py
[2025-11-15T19:18:57.578+0000] {processor.py:925} INFO - DAG(s) 'my_first_dag' retrieved from /opt/airflow/dags/first_dag.py
[2025-11-15T19:18:57.593+0000] {logging_mixin.py:190} INFO - [2025-11-15T19:18:57.593+0000] {dag.py:3239} INFO - Sync 1 DAGs
[2025-11-15T19:18:57.612+0000] {logging_mixin.py:190} INFO - [2025-11-15T19:18:57.612+0000] {dag.py:4180} INFO - Setting next_dagrun for my_first_dag to 2025-11-14 00:00:00+00:00, run_after=2025-11-15 00:00:00+00:00
[2025-11-15T19:18:57.626+0000] {processor.py:208} INFO - Processing /opt/airflow/dags/first_dag.py took 0.070 seconds
[2025-11-15T19:19:28.308+0000] {processor.py:186} INFO - Started process (PID=1497) to work on /opt/airflow/dags/first_dag.py
[2025-11-15T19:19:28.309+0000] {processor.py:914} INFO - Processing file /opt/airflow/dags/first_dag.py for tasks to queue
[2025-11-15T19:19:28.311+0000] {logging_mixin.py:190} INFO - [2025-11-15T19:19:28.310+0000] {dagbag.py:588} INFO - Filling up the DagBag from /opt/airflow/dags/first_dag.py
[2025-11-15T19:19:28.330+0000] {processor.py:925} INFO - DAG(s) 'my_first_dag' retrieved from /opt/airflow/dags/first_dag.py
[2025-11-15T19:19:28.351+0000] {logging_mixin.py:190} INFO - [2025-11-15T19:19:28.351+0000] {dag.py:3239} INFO - Sync 1 DAGs
[2025-11-15T19:19:28.381+0000] {logging_mixin.py:190} INFO - [2025-11-15T19:19:28.381+0000] {dag.py:4180} INFO - Setting next_dagrun for my_first_dag to 2025-11-14 00:00:00+00:00, run_after=2025-11-15 00:00:00+00:00
[2025-11-15T19:19:28.394+0000] {processor.py:208} INFO - Processing /opt/airflow/dags/first_dag.py took 0.097 seconds
[2025-11-15T19:20:02.851+0000] {processor.py:186} INFO - Started process (PID=1531) to work on /opt/airflow/dags/first_dag.py
[2025-11-15T19:20:02.852+0000] {processor.py:914} INFO - Processing file /opt/airflow/dags/first_dag.py for tasks to queue
[2025-11-15T19:20:02.854+0000] {logging_mixin.py:190} INFO - [2025-11-15T19:20:02.854+0000] {dagbag.py:588} INFO - Filling up the DagBag from /opt/airflow/dags/first_dag.py
[2025-11-15T19:20:02.868+0000] {processor.py:925} INFO - DAG(s) 'my_first_dag' retrieved from /opt/airflow/dags/first_dag.py
[2025-11-15T19:20:02.883+0000] {logging_mixin.py:190} INFO - [2025-11-15T19:20:02.883+0000] {dag.py:3239} INFO - Sync 1 DAGs
[2025-11-15T19:20:02.898+0000] {logging_mixin.py:190} INFO - [2025-11-15T19:20:02.898+0000] {dag.py:4180} INFO - Setting next_dagrun for my_first_dag to 2025-11-14 00:00:00+00:00, run_after=2025-11-15 00:00:00+00:00
[2025-11-15T19:20:02.912+0000] {processor.py:208} INFO - Processing /opt/airflow/dags/first_dag.py took 0.065 seconds
[2025-11-15T19:20:33.529+0000] {processor.py:186} INFO - Started process (PID=1587) to work on /opt/airflow/dags/first_dag.py
[2025-11-15T19:20:33.530+0000] {processor.py:914} INFO - Processing file /opt/airflow/dags/first_dag.py for tasks to queue
[2025-11-15T19:20:33.532+0000] {logging_mixin.py:190} INFO - [2025-11-15T19:20:33.532+0000] {dagbag.py:588} INFO - Filling up the DagBag from /opt/airflow/dags/first_dag.py
[2025-11-15T19:20:33.545+0000] {processor.py:925} INFO - DAG(s) 'my_first_dag' retrieved from /opt/airflow/dags/first_dag.py
[2025-11-15T19:20:33.556+0000] {logging_mixin.py:190} INFO - [2025-11-15T19:20:33.556+0000] {dag.py:3239} INFO - Sync 1 DAGs
[2025-11-15T19:20:33.569+0000] {logging_mixin.py:190} INFO - [2025-11-15T19:20:33.569+0000] {dag.py:4180} INFO - Setting next_dagrun for my_first_dag to 2025-11-14 00:00:00+00:00, run_after=2025-11-15 00:00:00+00:00
[2025-11-15T19:20:33.583+0000] {processor.py:208} INFO - Processing /opt/airflow/dags/first_dag.py took 0.058 seconds
[2025-11-15T19:21:03.646+0000] {processor.py:186} INFO - Started process (PID=1632) to work on /opt/airflow/dags/first_dag.py
[2025-11-15T19:21:03.647+0000] {processor.py:914} INFO - Processing file /opt/airflow/dags/first_dag.py for tasks to queue
[2025-11-15T19:21:03.649+0000] {logging_mixin.py:190} INFO - [2025-11-15T19:21:03.648+0000] {dagbag.py:588} INFO - Filling up the DagBag from /opt/airflow/dags/first_dag.py
[2025-11-15T19:21:03.667+0000] {processor.py:925} INFO - DAG(s) 'my_first_dag' retrieved from /opt/airflow/dags/first_dag.py
[2025-11-15T19:21:03.684+0000] {logging_mixin.py:190} INFO - [2025-11-15T19:21:03.684+0000] {dag.py:3239} INFO - Sync 1 DAGs
[2025-11-15T19:21:03.701+0000] {logging_mixin.py:190} INFO - [2025-11-15T19:21:03.701+0000] {dag.py:4180} INFO - Setting next_dagrun for my_first_dag to 2025-11-14 00:00:00+00:00, run_after=2025-11-15 00:00:00+00:00
[2025-11-15T19:21:03.716+0000] {processor.py:208} INFO - Processing /opt/airflow/dags/first_dag.py took 0.075 seconds
[2025-11-15T19:31:11.709+0000] {processor.py:186} INFO - Started process (PID=1698) to work on /opt/airflow/dags/first_dag.py
[2025-11-15T19:31:13.519+0000] {processor.py:914} INFO - Processing file /opt/airflow/dags/first_dag.py for tasks to queue
[2025-11-15T19:31:27.634+0000] {logging_mixin.py:190} INFO - [2025-11-15T19:31:18.974+0000] {dagbag.py:588} INFO - Filling up the DagBag from /opt/airflow/dags/first_dag.py
[2025-11-15T19:31:32.430+0000] {processor.py:925} INFO - DAG(s) 'my_first_dag' retrieved from /opt/airflow/dags/first_dag.py
[2025-11-15T19:32:03.348+0000] {processor.py:186} INFO - Started process (PID=1781) to work on /opt/airflow/dags/first_dag.py
[2025-11-15T19:32:03.349+0000] {processor.py:914} INFO - Processing file /opt/airflow/dags/first_dag.py for tasks to queue
[2025-11-15T19:32:03.351+0000] {logging_mixin.py:190} INFO - [2025-11-15T19:32:03.350+0000] {dagbag.py:588} INFO - Filling up the DagBag from /opt/airflow/dags/first_dag.py
[2025-11-15T19:32:03.370+0000] {processor.py:925} INFO - DAG(s) 'my_first_dag' retrieved from /opt/airflow/dags/first_dag.py
[2025-11-15T19:32:03.384+0000] {logging_mixin.py:190} INFO - [2025-11-15T19:32:03.384+0000] {dag.py:3239} INFO - Sync 1 DAGs
[2025-11-15T19:32:03.400+0000] {logging_mixin.py:190} INFO - [2025-11-15T19:32:03.400+0000] {dag.py:4180} INFO - Setting next_dagrun for my_first_dag to 2025-11-14 00:00:00+00:00, run_after=2025-11-15 00:00:00+00:00
[2025-11-15T19:32:03.418+0000] {processor.py:208} INFO - Processing /opt/airflow/dags/first_dag.py took 0.074 seconds
[2025-11-15T19:47:51.000+0000] {processor.py:186} INFO - Started process (PID=60) to work on /opt/airflow/dags/first_dag.py
[2025-11-15T19:47:51.002+0000] {processor.py:914} INFO - Processing file /opt/airflow/dags/first_dag.py for tasks to queue
[2025-11-15T19:47:51.004+0000] {logging_mixin.py:190} INFO - [2025-11-15T19:47:51.004+0000] {dagbag.py:588} INFO - Filling up the DagBag from /opt/airflow/dags/first_dag.py
[2025-11-15T19:47:51.022+0000] {processor.py:925} INFO - DAG(s) 'my_first_dag' retrieved from /opt/airflow/dags/first_dag.py
[2025-11-15T19:47:51.050+0000] {logging_mixin.py:190} INFO - [2025-11-15T19:47:51.050+0000] {dag.py:3239} INFO - Sync 1 DAGs
[2025-11-15T19:47:51.075+0000] {logging_mixin.py:190} INFO - [2025-11-15T19:47:51.075+0000] {dag.py:4180} INFO - Setting next_dagrun for my_first_dag to 2025-11-14 00:00:00+00:00, run_after=2025-11-15 00:00:00+00:00
[2025-11-15T19:47:51.094+0000] {processor.py:208} INFO - Processing /opt/airflow/dags/first_dag.py took 0.098 seconds
[2025-11-15T19:48:21.304+0000] {processor.py:186} INFO - Started process (PID=125) to work on /opt/airflow/dags/first_dag.py
[2025-11-15T19:48:21.305+0000] {processor.py:914} INFO - Processing file /opt/airflow/dags/first_dag.py for tasks to queue
[2025-11-15T19:48:21.308+0000] {logging_mixin.py:190} INFO - [2025-11-15T19:48:21.307+0000] {dagbag.py:588} INFO - Filling up the DagBag from /opt/airflow/dags/first_dag.py
[2025-11-15T19:48:21.325+0000] {processor.py:925} INFO - DAG(s) 'my_first_dag' retrieved from /opt/airflow/dags/first_dag.py
[2025-11-15T19:48:21.339+0000] {logging_mixin.py:190} INFO - [2025-11-15T19:48:21.339+0000] {dag.py:3239} INFO - Sync 1 DAGs
[2025-11-15T19:48:21.356+0000] {logging_mixin.py:190} INFO - [2025-11-15T19:48:21.355+0000] {dag.py:4180} INFO - Setting next_dagrun for my_first_dag to 2025-11-14 00:00:00+00:00, run_after=2025-11-15 00:00:00+00:00
[2025-11-15T19:48:21.371+0000] {processor.py:208} INFO - Processing /opt/airflow/dags/first_dag.py took 0.072 seconds
[2025-11-15T19:48:51.560+0000] {processor.py:186} INFO - Started process (PID=190) to work on /opt/airflow/dags/first_dag.py
[2025-11-15T19:48:51.561+0000] {processor.py:914} INFO - Processing file /opt/airflow/dags/first_dag.py for tasks to queue
[2025-11-15T19:48:51.562+0000] {logging_mixin.py:190} INFO - [2025-11-15T19:48:51.562+0000] {dagbag.py:588} INFO - Filling up the DagBag from /opt/airflow/dags/first_dag.py
[2025-11-15T19:48:51.573+0000] {processor.py:925} INFO - DAG(s) 'my_first_dag' retrieved from /opt/airflow/dags/first_dag.py
[2025-11-15T19:48:51.587+0000] {logging_mixin.py:190} INFO - [2025-11-15T19:48:51.587+0000] {dag.py:3239} INFO - Sync 1 DAGs
[2025-11-15T19:48:51.603+0000] {logging_mixin.py:190} INFO - [2025-11-15T19:48:51.602+0000] {dag.py:4180} INFO - Setting next_dagrun for my_first_dag to 2025-11-14 00:00:00+00:00, run_after=2025-11-15 00:00:00+00:00
[2025-11-15T19:48:51.617+0000] {processor.py:208} INFO - Processing /opt/airflow/dags/first_dag.py took 0.061 seconds
[2025-11-15T19:49:22.177+0000] {processor.py:186} INFO - Started process (PID=255) to work on /opt/airflow/dags/first_dag.py
[2025-11-15T19:49:22.178+0000] {processor.py:914} INFO - Processing file /opt/airflow/dags/first_dag.py for tasks to queue
[2025-11-15T19:49:22.180+0000] {logging_mixin.py:190} INFO - [2025-11-15T19:49:22.180+0000] {dagbag.py:588} INFO - Filling up the DagBag from /opt/airflow/dags/first_dag.py
[2025-11-15T19:49:22.193+0000] {processor.py:925} INFO - DAG(s) 'my_first_dag' retrieved from /opt/airflow/dags/first_dag.py
[2025-11-15T19:49:22.208+0000] {logging_mixin.py:190} INFO - [2025-11-15T19:49:22.208+0000] {dag.py:3239} INFO - Sync 1 DAGs
[2025-11-15T19:49:22.224+0000] {logging_mixin.py:190} INFO - [2025-11-15T19:49:22.224+0000] {dag.py:4180} INFO - Setting next_dagrun for my_first_dag to 2025-11-14 00:00:00+00:00, run_after=2025-11-15 00:00:00+00:00
[2025-11-15T19:49:22.247+0000] {processor.py:208} INFO - Processing /opt/airflow/dags/first_dag.py took 0.074 seconds
[2025-11-15T19:49:52.380+0000] {processor.py:186} INFO - Started process (PID=320) to work on /opt/airflow/dags/first_dag.py
[2025-11-15T19:49:52.381+0000] {processor.py:914} INFO - Processing file /opt/airflow/dags/first_dag.py for tasks to queue
[2025-11-15T19:49:52.382+0000] {logging_mixin.py:190} INFO - [2025-11-15T19:49:52.382+0000] {dagbag.py:588} INFO - Filling up the DagBag from /opt/airflow/dags/first_dag.py
[2025-11-15T19:49:52.394+0000] {processor.py:925} INFO - DAG(s) 'my_first_dag' retrieved from /opt/airflow/dags/first_dag.py
[2025-11-15T19:49:52.407+0000] {logging_mixin.py:190} INFO - [2025-11-15T19:49:52.406+0000] {dag.py:3239} INFO - Sync 1 DAGs
[2025-11-15T19:49:52.421+0000] {logging_mixin.py:190} INFO - [2025-11-15T19:49:52.421+0000] {dag.py:4180} INFO - Setting next_dagrun for my_first_dag to 2025-11-14 00:00:00+00:00, run_after=2025-11-15 00:00:00+00:00
[2025-11-15T19:49:52.435+0000] {processor.py:208} INFO - Processing /opt/airflow/dags/first_dag.py took 0.060 seconds
[2025-11-15T19:50:22.996+0000] {processor.py:186} INFO - Started process (PID=385) to work on /opt/airflow/dags/first_dag.py
[2025-11-15T19:50:22.997+0000] {processor.py:914} INFO - Processing file /opt/airflow/dags/first_dag.py for tasks to queue
[2025-11-15T19:50:22.999+0000] {logging_mixin.py:190} INFO - [2025-11-15T19:50:22.999+0000] {dagbag.py:588} INFO - Filling up the DagBag from /opt/airflow/dags/first_dag.py
[2025-11-15T19:50:23.016+0000] {processor.py:925} INFO - DAG(s) 'my_first_dag' retrieved from /opt/airflow/dags/first_dag.py
[2025-11-15T19:50:23.032+0000] {logging_mixin.py:190} INFO - [2025-11-15T19:50:23.031+0000] {dag.py:3239} INFO - Sync 1 DAGs
[2025-11-15T19:50:23.051+0000] {logging_mixin.py:190} INFO - [2025-11-15T19:50:23.050+0000] {dag.py:4180} INFO - Setting next_dagrun for my_first_dag to 2025-11-14 00:00:00+00:00, run_after=2025-11-15 00:00:00+00:00
[2025-11-15T19:50:23.066+0000] {processor.py:208} INFO - Processing /opt/airflow/dags/first_dag.py took 0.074 seconds
[2025-11-15T19:50:53.575+0000] {processor.py:186} INFO - Started process (PID=450) to work on /opt/airflow/dags/first_dag.py
[2025-11-15T19:50:53.577+0000] {processor.py:914} INFO - Processing file /opt/airflow/dags/first_dag.py for tasks to queue
[2025-11-15T19:50:53.578+0000] {logging_mixin.py:190} INFO - [2025-11-15T19:50:53.578+0000] {dagbag.py:588} INFO - Filling up the DagBag from /opt/airflow/dags/first_dag.py
[2025-11-15T19:50:53.598+0000] {processor.py:925} INFO - DAG(s) 'my_first_dag' retrieved from /opt/airflow/dags/first_dag.py
[2025-11-15T19:50:53.612+0000] {logging_mixin.py:190} INFO - [2025-11-15T19:50:53.612+0000] {dag.py:3239} INFO - Sync 1 DAGs
[2025-11-15T19:50:53.626+0000] {logging_mixin.py:190} INFO - [2025-11-15T19:50:53.626+0000] {dag.py:4180} INFO - Setting next_dagrun for my_first_dag to 2025-11-14 00:00:00+00:00, run_after=2025-11-15 00:00:00+00:00
[2025-11-15T19:50:53.639+0000] {processor.py:208} INFO - Processing /opt/airflow/dags/first_dag.py took 0.069 seconds
[2025-11-15T19:51:23.994+0000] {processor.py:186} INFO - Started process (PID=521) to work on /opt/airflow/dags/first_dag.py
[2025-11-15T19:51:23.995+0000] {processor.py:914} INFO - Processing file /opt/airflow/dags/first_dag.py for tasks to queue
[2025-11-15T19:51:23.998+0000] {logging_mixin.py:190} INFO - [2025-11-15T19:51:23.997+0000] {dagbag.py:588} INFO - Filling up the DagBag from /opt/airflow/dags/first_dag.py
[2025-11-15T19:51:24.016+0000] {processor.py:925} INFO - DAG(s) 'my_first_dag' retrieved from /opt/airflow/dags/first_dag.py
[2025-11-15T19:51:24.030+0000] {logging_mixin.py:190} INFO - [2025-11-15T19:51:24.030+0000] {dag.py:3239} INFO - Sync 1 DAGs
[2025-11-15T19:51:24.045+0000] {logging_mixin.py:190} INFO - [2025-11-15T19:51:24.045+0000] {dag.py:4180} INFO - Setting next_dagrun for my_first_dag to 2025-11-14 00:00:00+00:00, run_after=2025-11-15 00:00:00+00:00
[2025-11-15T19:51:24.062+0000] {processor.py:208} INFO - Processing /opt/airflow/dags/first_dag.py took 0.072 seconds
[2025-11-15T19:51:54.830+0000] {processor.py:186} INFO - Started process (PID=587) to work on /opt/airflow/dags/first_dag.py
[2025-11-15T19:51:54.831+0000] {processor.py:914} INFO - Processing file /opt/airflow/dags/first_dag.py for tasks to queue
[2025-11-15T19:51:54.833+0000] {logging_mixin.py:190} INFO - [2025-11-15T19:51:54.832+0000] {dagbag.py:588} INFO - Filling up the DagBag from /opt/airflow/dags/first_dag.py
[2025-11-15T19:51:54.847+0000] {processor.py:925} INFO - DAG(s) 'my_first_dag' retrieved from /opt/airflow/dags/first_dag.py
[2025-11-15T19:51:54.862+0000] {logging_mixin.py:190} INFO - [2025-11-15T19:51:54.862+0000] {dag.py:3239} INFO - Sync 1 DAGs
[2025-11-15T19:51:54.878+0000] {logging_mixin.py:190} INFO - [2025-11-15T19:51:54.877+0000] {dag.py:4180} INFO - Setting next_dagrun for my_first_dag to 2025-11-14 00:00:00+00:00, run_after=2025-11-15 00:00:00+00:00
[2025-11-15T19:51:54.893+0000] {processor.py:208} INFO - Processing /opt/airflow/dags/first_dag.py took 0.069 seconds
[2025-11-15T19:52:25.510+0000] {processor.py:186} INFO - Started process (PID=652) to work on /opt/airflow/dags/first_dag.py
[2025-11-15T19:52:25.511+0000] {processor.py:914} INFO - Processing file /opt/airflow/dags/first_dag.py for tasks to queue
[2025-11-15T19:52:25.512+0000] {logging_mixin.py:190} INFO - [2025-11-15T19:52:25.512+0000] {dagbag.py:588} INFO - Filling up the DagBag from /opt/airflow/dags/first_dag.py
[2025-11-15T19:52:25.525+0000] {processor.py:925} INFO - DAG(s) 'my_first_dag' retrieved from /opt/airflow/dags/first_dag.py
[2025-11-15T19:52:25.537+0000] {logging_mixin.py:190} INFO - [2025-11-15T19:52:25.537+0000] {dag.py:3239} INFO - Sync 1 DAGs
[2025-11-15T19:52:25.551+0000] {logging_mixin.py:190} INFO - [2025-11-15T19:52:25.551+0000] {dag.py:4180} INFO - Setting next_dagrun for my_first_dag to 2025-11-14 00:00:00+00:00, run_after=2025-11-15 00:00:00+00:00
[2025-11-15T19:52:25.565+0000] {processor.py:208} INFO - Processing /opt/airflow/dags/first_dag.py took 0.060 seconds
[2025-11-15T19:52:55.735+0000] {processor.py:186} INFO - Started process (PID=717) to work on /opt/airflow/dags/first_dag.py
[2025-11-15T19:52:55.736+0000] {processor.py:914} INFO - Processing file /opt/airflow/dags/first_dag.py for tasks to queue
[2025-11-15T19:52:55.737+0000] {logging_mixin.py:190} INFO - [2025-11-15T19:52:55.737+0000] {dagbag.py:588} INFO - Filling up the DagBag from /opt/airflow/dags/first_dag.py
[2025-11-15T19:52:55.751+0000] {processor.py:925} INFO - DAG(s) 'my_first_dag' retrieved from /opt/airflow/dags/first_dag.py
[2025-11-15T19:52:55.765+0000] {logging_mixin.py:190} INFO - [2025-11-15T19:52:55.765+0000] {dag.py:3239} INFO - Sync 1 DAGs
[2025-11-15T19:52:55.782+0000] {logging_mixin.py:190} INFO - [2025-11-15T19:52:55.782+0000] {dag.py:4180} INFO - Setting next_dagrun for my_first_dag to 2025-11-14 00:00:00+00:00, run_after=2025-11-15 00:00:00+00:00
[2025-11-15T19:52:55.798+0000] {processor.py:208} INFO - Processing /opt/airflow/dags/first_dag.py took 0.068 seconds
[2025-11-15T19:53:26.378+0000] {processor.py:186} INFO - Started process (PID=782) to work on /opt/airflow/dags/first_dag.py
[2025-11-15T19:53:26.379+0000] {processor.py:914} INFO - Processing file /opt/airflow/dags/first_dag.py for tasks to queue
[2025-11-15T19:53:26.381+0000] {logging_mixin.py:190} INFO - [2025-11-15T19:53:26.381+0000] {dagbag.py:588} INFO - Filling up the DagBag from /opt/airflow/dags/first_dag.py
[2025-11-15T19:53:26.395+0000] {processor.py:925} INFO - DAG(s) 'my_first_dag' retrieved from /opt/airflow/dags/first_dag.py
[2025-11-15T19:53:26.406+0000] {logging_mixin.py:190} INFO - [2025-11-15T19:53:26.406+0000] {dag.py:3239} INFO - Sync 1 DAGs
[2025-11-15T19:53:26.422+0000] {logging_mixin.py:190} INFO - [2025-11-15T19:53:26.422+0000] {dag.py:4180} INFO - Setting next_dagrun for my_first_dag to 2025-11-14 00:00:00+00:00, run_after=2025-11-15 00:00:00+00:00
[2025-11-15T19:53:26.436+0000] {processor.py:208} INFO - Processing /opt/airflow/dags/first_dag.py took 0.062 seconds
[2025-11-15T19:53:57.372+0000] {processor.py:186} INFO - Started process (PID=847) to work on /opt/airflow/dags/first_dag.py
[2025-11-15T19:53:57.373+0000] {processor.py:914} INFO - Processing file /opt/airflow/dags/first_dag.py for tasks to queue
[2025-11-15T19:53:57.375+0000] {logging_mixin.py:190} INFO - [2025-11-15T19:53:57.375+0000] {dagbag.py:588} INFO - Filling up the DagBag from /opt/airflow/dags/first_dag.py
[2025-11-15T19:53:57.390+0000] {processor.py:925} INFO - DAG(s) 'my_first_dag' retrieved from /opt/airflow/dags/first_dag.py
[2025-11-15T19:53:57.402+0000] {logging_mixin.py:190} INFO - [2025-11-15T19:53:57.402+0000] {dag.py:3239} INFO - Sync 1 DAGs
[2025-11-15T19:53:57.418+0000] {logging_mixin.py:190} INFO - [2025-11-15T19:53:57.417+0000] {dag.py:4180} INFO - Setting next_dagrun for my_first_dag to 2025-11-14 00:00:00+00:00, run_after=2025-11-15 00:00:00+00:00
[2025-11-15T19:53:57.431+0000] {processor.py:208} INFO - Processing /opt/airflow/dags/first_dag.py took 0.064 seconds
[2025-11-15T19:54:27.477+0000] {processor.py:186} INFO - Started process (PID=912) to work on /opt/airflow/dags/first_dag.py
[2025-11-15T19:54:27.478+0000] {processor.py:914} INFO - Processing file /opt/airflow/dags/first_dag.py for tasks to queue
[2025-11-15T19:54:27.480+0000] {logging_mixin.py:190} INFO - [2025-11-15T19:54:27.479+0000] {dagbag.py:588} INFO - Filling up the DagBag from /opt/airflow/dags/first_dag.py
[2025-11-15T19:54:27.499+0000] {processor.py:925} INFO - DAG(s) 'my_first_dag' retrieved from /opt/airflow/dags/first_dag.py
[2025-11-15T19:54:27.511+0000] {logging_mixin.py:190} INFO - [2025-11-15T19:54:27.511+0000] {dag.py:3239} INFO - Sync 1 DAGs
[2025-11-15T19:54:27.525+0000] {logging_mixin.py:190} INFO - [2025-11-15T19:54:27.525+0000] {dag.py:4180} INFO - Setting next_dagrun for my_first_dag to 2025-11-14 00:00:00+00:00, run_after=2025-11-15 00:00:00+00:00
[2025-11-15T19:54:27.541+0000] {processor.py:208} INFO - Processing /opt/airflow/dags/first_dag.py took 0.069 seconds
[2025-11-15T19:54:58.192+0000] {processor.py:186} INFO - Started process (PID=977) to work on /opt/airflow/dags/first_dag.py
[2025-11-15T19:54:58.193+0000] {processor.py:914} INFO - Processing file /opt/airflow/dags/first_dag.py for tasks to queue
[2025-11-15T19:54:58.195+0000] {logging_mixin.py:190} INFO - [2025-11-15T19:54:58.194+0000] {dagbag.py:588} INFO - Filling up the DagBag from /opt/airflow/dags/first_dag.py
[2025-11-15T19:54:58.213+0000] {processor.py:925} INFO - DAG(s) 'my_first_dag' retrieved from /opt/airflow/dags/first_dag.py
[2025-11-15T19:54:58.227+0000] {logging_mixin.py:190} INFO - [2025-11-15T19:54:58.226+0000] {dag.py:3239} INFO - Sync 1 DAGs
[2025-11-15T19:54:58.241+0000] {logging_mixin.py:190} INFO - [2025-11-15T19:54:58.241+0000] {dag.py:4180} INFO - Setting next_dagrun for my_first_dag to 2025-11-14 00:00:00+00:00, run_after=2025-11-15 00:00:00+00:00
[2025-11-15T19:54:58.256+0000] {processor.py:208} INFO - Processing /opt/airflow/dags/first_dag.py took 0.069 seconds
[2025-11-15T19:55:39.578+0000] {processor.py:186} INFO - Started process (PID=54) to work on /opt/airflow/dags/first_dag.py
[2025-11-15T19:55:39.579+0000] {processor.py:914} INFO - Processing file /opt/airflow/dags/first_dag.py for tasks to queue
[2025-11-15T19:55:39.582+0000] {logging_mixin.py:190} INFO - [2025-11-15T19:55:39.581+0000] {dagbag.py:588} INFO - Filling up the DagBag from /opt/airflow/dags/first_dag.py
[2025-11-15T19:55:39.602+0000] {processor.py:925} INFO - DAG(s) 'my_first_dag' retrieved from /opt/airflow/dags/first_dag.py
[2025-11-15T19:55:39.625+0000] {logging_mixin.py:190} INFO - [2025-11-15T19:55:39.625+0000] {dag.py:3239} INFO - Sync 1 DAGs
[2025-11-15T19:55:39.643+0000] {logging_mixin.py:190} INFO - [2025-11-15T19:55:39.643+0000] {dag.py:4180} INFO - Setting next_dagrun for my_first_dag to 2025-11-14 00:00:00+00:00, run_after=2025-11-15 00:00:00+00:00
[2025-11-15T19:55:39.659+0000] {processor.py:208} INFO - Processing /opt/airflow/dags/first_dag.py took 0.086 seconds
[2025-11-15T19:56:10.005+0000] {processor.py:186} INFO - Started process (PID=125) to work on /opt/airflow/dags/first_dag.py
[2025-11-15T19:56:10.006+0000] {processor.py:914} INFO - Processing file /opt/airflow/dags/first_dag.py for tasks to queue
[2025-11-15T19:56:10.008+0000] {logging_mixin.py:190} INFO - [2025-11-15T19:56:10.007+0000] {dagbag.py:588} INFO - Filling up the DagBag from /opt/airflow/dags/first_dag.py
[2025-11-15T19:56:10.021+0000] {processor.py:925} INFO - DAG(s) 'my_first_dag' retrieved from /opt/airflow/dags/first_dag.py
[2025-11-15T19:56:10.036+0000] {logging_mixin.py:190} INFO - [2025-11-15T19:56:10.036+0000] {dag.py:3239} INFO - Sync 1 DAGs
[2025-11-15T19:56:10.053+0000] {logging_mixin.py:190} INFO - [2025-11-15T19:56:10.053+0000] {dag.py:4180} INFO - Setting next_dagrun for my_first_dag to 2025-11-14 00:00:00+00:00, run_after=2025-11-15 00:00:00+00:00
[2025-11-15T19:56:10.070+0000] {processor.py:208} INFO - Processing /opt/airflow/dags/first_dag.py took 0.068 seconds
[2025-11-15T19:56:40.562+0000] {processor.py:186} INFO - Started process (PID=190) to work on /opt/airflow/dags/first_dag.py
[2025-11-15T19:56:40.564+0000] {processor.py:914} INFO - Processing file /opt/airflow/dags/first_dag.py for tasks to queue
[2025-11-15T19:56:40.566+0000] {logging_mixin.py:190} INFO - [2025-11-15T19:56:40.565+0000] {dagbag.py:588} INFO - Filling up the DagBag from /opt/airflow/dags/first_dag.py
[2025-11-15T19:56:40.582+0000] {processor.py:925} INFO - DAG(s) 'my_first_dag' retrieved from /opt/airflow/dags/first_dag.py
[2025-11-15T19:56:40.598+0000] {logging_mixin.py:190} INFO - [2025-11-15T19:56:40.598+0000] {dag.py:3239} INFO - Sync 1 DAGs
[2025-11-15T19:56:40.615+0000] {logging_mixin.py:190} INFO - [2025-11-15T19:56:40.615+0000] {dag.py:4180} INFO - Setting next_dagrun for my_first_dag to 2025-11-14 00:00:00+00:00, run_after=2025-11-15 00:00:00+00:00
[2025-11-15T19:56:40.632+0000] {processor.py:208} INFO - Processing /opt/airflow/dags/first_dag.py took 0.075 seconds
[2025-11-15T19:57:11.222+0000] {processor.py:186} INFO - Started process (PID=255) to work on /opt/airflow/dags/first_dag.py
[2025-11-15T19:57:11.223+0000] {processor.py:914} INFO - Processing file /opt/airflow/dags/first_dag.py for tasks to queue
[2025-11-15T19:57:11.225+0000] {logging_mixin.py:190} INFO - [2025-11-15T19:57:11.225+0000] {dagbag.py:588} INFO - Filling up the DagBag from /opt/airflow/dags/first_dag.py
[2025-11-15T19:57:11.241+0000] {processor.py:925} INFO - DAG(s) 'my_first_dag' retrieved from /opt/airflow/dags/first_dag.py
[2025-11-15T19:57:11.257+0000] {logging_mixin.py:190} INFO - [2025-11-15T19:57:11.257+0000] {dag.py:3239} INFO - Sync 1 DAGs
[2025-11-15T19:57:11.274+0000] {logging_mixin.py:190} INFO - [2025-11-15T19:57:11.274+0000] {dag.py:4180} INFO - Setting next_dagrun for my_first_dag to 2025-11-14 00:00:00+00:00, run_after=2025-11-15 00:00:00+00:00
[2025-11-15T19:57:11.290+0000] {processor.py:208} INFO - Processing /opt/airflow/dags/first_dag.py took 0.072 seconds
[2025-11-15T19:57:41.511+0000] {processor.py:186} INFO - Started process (PID=320) to work on /opt/airflow/dags/first_dag.py
[2025-11-15T19:57:41.513+0000] {processor.py:914} INFO - Processing file /opt/airflow/dags/first_dag.py for tasks to queue
[2025-11-15T19:57:41.515+0000] {logging_mixin.py:190} INFO - [2025-11-15T19:57:41.514+0000] {dagbag.py:588} INFO - Filling up the DagBag from /opt/airflow/dags/first_dag.py
[2025-11-15T19:57:41.531+0000] {processor.py:925} INFO - DAG(s) 'my_first_dag' retrieved from /opt/airflow/dags/first_dag.py
[2025-11-15T19:57:41.548+0000] {logging_mixin.py:190} INFO - [2025-11-15T19:57:41.548+0000] {dag.py:3239} INFO - Sync 1 DAGs
[2025-11-15T19:57:41.571+0000] {logging_mixin.py:190} INFO - [2025-11-15T19:57:41.571+0000] {dag.py:4180} INFO - Setting next_dagrun for my_first_dag to 2025-11-14 00:00:00+00:00, run_after=2025-11-15 00:00:00+00:00
[2025-11-15T19:57:41.588+0000] {processor.py:208} INFO - Processing /opt/airflow/dags/first_dag.py took 0.081 seconds
[2025-11-15T19:58:12.057+0000] {processor.py:186} INFO - Started process (PID=385) to work on /opt/airflow/dags/first_dag.py
[2025-11-15T19:58:12.058+0000] {processor.py:914} INFO - Processing file /opt/airflow/dags/first_dag.py for tasks to queue
[2025-11-15T19:58:12.060+0000] {logging_mixin.py:190} INFO - [2025-11-15T19:58:12.060+0000] {dagbag.py:588} INFO - Filling up the DagBag from /opt/airflow/dags/first_dag.py
[2025-11-15T19:58:12.083+0000] {processor.py:925} INFO - DAG(s) 'my_first_dag' retrieved from /opt/airflow/dags/first_dag.py
[2025-11-15T19:58:12.102+0000] {logging_mixin.py:190} INFO - [2025-11-15T19:58:12.102+0000] {dag.py:3239} INFO - Sync 1 DAGs
[2025-11-15T19:58:12.124+0000] {logging_mixin.py:190} INFO - [2025-11-15T19:58:12.124+0000] {dag.py:4180} INFO - Setting next_dagrun for my_first_dag to 2025-11-14 00:00:00+00:00, run_after=2025-11-15 00:00:00+00:00
[2025-11-15T19:58:12.140+0000] {processor.py:208} INFO - Processing /opt/airflow/dags/first_dag.py took 0.088 seconds
[2025-11-15T19:58:42.260+0000] {processor.py:186} INFO - Started process (PID=450) to work on /opt/airflow/dags/first_dag.py
[2025-11-15T19:58:42.261+0000] {processor.py:914} INFO - Processing file /opt/airflow/dags/first_dag.py for tasks to queue
[2025-11-15T19:58:42.263+0000] {logging_mixin.py:190} INFO - [2025-11-15T19:58:42.263+0000] {dagbag.py:588} INFO - Filling up the DagBag from /opt/airflow/dags/first_dag.py
[2025-11-15T19:58:42.284+0000] {processor.py:925} INFO - DAG(s) 'my_first_dag' retrieved from /opt/airflow/dags/first_dag.py
[2025-11-15T19:58:42.300+0000] {logging_mixin.py:190} INFO - [2025-11-15T19:58:42.300+0000] {dag.py:3239} INFO - Sync 1 DAGs
[2025-11-15T19:58:42.317+0000] {logging_mixin.py:190} INFO - [2025-11-15T19:58:42.317+0000] {dag.py:4180} INFO - Setting next_dagrun for my_first_dag to 2025-11-14 00:00:00+00:00, run_after=2025-11-15 00:00:00+00:00
[2025-11-15T19:58:42.332+0000] {processor.py:208} INFO - Processing /opt/airflow/dags/first_dag.py took 0.076 seconds
[2025-11-15T19:59:13.051+0000] {processor.py:186} INFO - Started process (PID=515) to work on /opt/airflow/dags/first_dag.py
[2025-11-15T19:59:13.052+0000] {processor.py:914} INFO - Processing file /opt/airflow/dags/first_dag.py for tasks to queue
[2025-11-15T19:59:13.057+0000] {logging_mixin.py:190} INFO - [2025-11-15T19:59:13.057+0000] {dagbag.py:588} INFO - Filling up the DagBag from /opt/airflow/dags/first_dag.py
[2025-11-15T19:59:13.082+0000] {processor.py:925} INFO - DAG(s) 'my_first_dag' retrieved from /opt/airflow/dags/first_dag.py
[2025-11-15T19:59:13.108+0000] {logging_mixin.py:190} INFO - [2025-11-15T19:59:13.108+0000] {dag.py:3239} INFO - Sync 1 DAGs
[2025-11-15T19:59:13.137+0000] {logging_mixin.py:190} INFO - [2025-11-15T19:59:13.137+0000] {dag.py:4180} INFO - Setting next_dagrun for my_first_dag to 2025-11-14 00:00:00+00:00, run_after=2025-11-15 00:00:00+00:00
[2025-11-15T19:59:13.155+0000] {processor.py:208} INFO - Processing /opt/airflow/dags/first_dag.py took 0.115 seconds
[2025-11-15T19:59:43.273+0000] {processor.py:186} INFO - Started process (PID=580) to work on /opt/airflow/dags/first_dag.py
[2025-11-15T19:59:43.276+0000] {processor.py:914} INFO - Processing file /opt/airflow/dags/first_dag.py for tasks to queue
[2025-11-15T19:59:43.278+0000] {logging_mixin.py:190} INFO - [2025-11-15T19:59:43.278+0000] {dagbag.py:588} INFO - Filling up the DagBag from /opt/airflow/dags/first_dag.py
[2025-11-15T19:59:43.295+0000] {processor.py:925} INFO - DAG(s) 'my_first_dag' retrieved from /opt/airflow/dags/first_dag.py
[2025-11-15T19:59:43.308+0000] {logging_mixin.py:190} INFO - [2025-11-15T19:59:43.308+0000] {dag.py:3239} INFO - Sync 1 DAGs
[2025-11-15T19:59:43.324+0000] {logging_mixin.py:190} INFO - [2025-11-15T19:59:43.324+0000] {dag.py:4180} INFO - Setting next_dagrun for my_first_dag to 2025-11-14 00:00:00+00:00, run_after=2025-11-15 00:00:00+00:00
[2025-11-15T19:59:43.338+0000] {processor.py:208} INFO - Processing /opt/airflow/dags/first_dag.py took 0.069 seconds
[2025-11-15T20:00:13.593+0000] {processor.py:186} INFO - Started process (PID=645) to work on /opt/airflow/dags/first_dag.py
[2025-11-15T20:00:13.594+0000] {processor.py:914} INFO - Processing file /opt/airflow/dags/first_dag.py for tasks to queue
[2025-11-15T20:00:13.596+0000] {logging_mixin.py:190} INFO - [2025-11-15T20:00:13.596+0000] {dagbag.py:588} INFO - Filling up the DagBag from /opt/airflow/dags/first_dag.py
[2025-11-15T20:00:13.634+0000] {processor.py:925} INFO - DAG(s) 'my_first_dag' retrieved from /opt/airflow/dags/first_dag.py
[2025-11-15T20:00:13.649+0000] {logging_mixin.py:190} INFO - [2025-11-15T20:00:13.649+0000] {dag.py:3239} INFO - Sync 1 DAGs
[2025-11-15T20:00:13.664+0000] {logging_mixin.py:190} INFO - [2025-11-15T20:00:13.664+0000] {dag.py:4180} INFO - Setting next_dagrun for my_first_dag to 2025-11-14 00:00:00+00:00, run_after=2025-11-15 00:00:00+00:00
[2025-11-15T20:00:13.678+0000] {processor.py:208} INFO - Processing /opt/airflow/dags/first_dag.py took 0.089 seconds
[2025-11-15T20:00:43.950+0000] {processor.py:186} INFO - Started process (PID=710) to work on /opt/airflow/dags/first_dag.py
[2025-11-15T20:00:43.951+0000] {processor.py:914} INFO - Processing file /opt/airflow/dags/first_dag.py for tasks to queue
[2025-11-15T20:00:43.953+0000] {logging_mixin.py:190} INFO - [2025-11-15T20:00:43.953+0000] {dagbag.py:588} INFO - Filling up the DagBag from /opt/airflow/dags/first_dag.py
[2025-11-15T20:00:43.970+0000] {processor.py:925} INFO - DAG(s) 'my_first_dag' retrieved from /opt/airflow/dags/first_dag.py
[2025-11-15T20:00:43.985+0000] {logging_mixin.py:190} INFO - [2025-11-15T20:00:43.985+0000] {dag.py:3239} INFO - Sync 1 DAGs
[2025-11-15T20:00:44.001+0000] {logging_mixin.py:190} INFO - [2025-11-15T20:00:44.001+0000] {dag.py:4180} INFO - Setting next_dagrun for my_first_dag to 2025-11-14 00:00:00+00:00, run_after=2025-11-15 00:00:00+00:00
[2025-11-15T20:00:44.017+0000] {processor.py:208} INFO - Processing /opt/airflow/dags/first_dag.py took 0.072 seconds
[2025-11-15T20:01:14.461+0000] {processor.py:186} INFO - Started process (PID=775) to work on /opt/airflow/dags/first_dag.py
[2025-11-15T20:01:14.463+0000] {processor.py:914} INFO - Processing file /opt/airflow/dags/first_dag.py for tasks to queue
[2025-11-15T20:01:14.465+0000] {logging_mixin.py:190} INFO - [2025-11-15T20:01:14.464+0000] {dagbag.py:588} INFO - Filling up the DagBag from /opt/airflow/dags/first_dag.py
[2025-11-15T20:01:14.490+0000] {processor.py:925} INFO - DAG(s) 'my_first_dag' retrieved from /opt/airflow/dags/first_dag.py
[2025-11-15T20:01:14.503+0000] {logging_mixin.py:190} INFO - [2025-11-15T20:01:14.503+0000] {dag.py:3239} INFO - Sync 1 DAGs
[2025-11-15T20:01:14.517+0000] {logging_mixin.py:190} INFO - [2025-11-15T20:01:14.517+0000] {dag.py:4180} INFO - Setting next_dagrun for my_first_dag to 2025-11-14 00:00:00+00:00, run_after=2025-11-15 00:00:00+00:00
[2025-11-15T20:01:14.529+0000] {processor.py:208} INFO - Processing /opt/airflow/dags/first_dag.py took 0.072 seconds
[2025-11-15T20:01:45.089+0000] {processor.py:186} INFO - Started process (PID=840) to work on /opt/airflow/dags/first_dag.py
[2025-11-15T20:01:45.091+0000] {processor.py:914} INFO - Processing file /opt/airflow/dags/first_dag.py for tasks to queue
[2025-11-15T20:01:45.097+0000] {logging_mixin.py:190} INFO - [2025-11-15T20:01:45.096+0000] {dagbag.py:588} INFO - Filling up the DagBag from /opt/airflow/dags/first_dag.py
[2025-11-15T20:01:45.116+0000] {processor.py:925} INFO - DAG(s) 'my_first_dag' retrieved from /opt/airflow/dags/first_dag.py
[2025-11-15T20:01:45.134+0000] {logging_mixin.py:190} INFO - [2025-11-15T20:01:45.134+0000] {dag.py:3239} INFO - Sync 1 DAGs
[2025-11-15T20:01:45.155+0000] {logging_mixin.py:190} INFO - [2025-11-15T20:01:45.155+0000] {dag.py:4180} INFO - Setting next_dagrun for my_first_dag to 2025-11-14 00:00:00+00:00, run_after=2025-11-15 00:00:00+00:00
[2025-11-15T20:01:45.173+0000] {processor.py:208} INFO - Processing /opt/airflow/dags/first_dag.py took 0.095 seconds
[2025-11-15T20:02:15.551+0000] {processor.py:186} INFO - Started process (PID=905) to work on /opt/airflow/dags/first_dag.py
[2025-11-15T20:02:15.551+0000] {processor.py:914} INFO - Processing file /opt/airflow/dags/first_dag.py for tasks to queue
[2025-11-15T20:02:15.553+0000] {logging_mixin.py:190} INFO - [2025-11-15T20:02:15.553+0000] {dagbag.py:588} INFO - Filling up the DagBag from /opt/airflow/dags/first_dag.py
[2025-11-15T20:02:15.571+0000] {processor.py:925} INFO - DAG(s) 'my_first_dag' retrieved from /opt/airflow/dags/first_dag.py
[2025-11-15T20:02:15.585+0000] {logging_mixin.py:190} INFO - [2025-11-15T20:02:15.585+0000] {dag.py:3239} INFO - Sync 1 DAGs
[2025-11-15T20:02:15.600+0000] {logging_mixin.py:190} INFO - [2025-11-15T20:02:15.600+0000] {dag.py:4180} INFO - Setting next_dagrun for my_first_dag to 2025-11-14 00:00:00+00:00, run_after=2025-11-15 00:00:00+00:00
[2025-11-15T20:02:15.616+0000] {processor.py:208} INFO - Processing /opt/airflow/dags/first_dag.py took 0.070 seconds
[2025-11-15T20:02:45.801+0000] {processor.py:186} INFO - Started process (PID=970) to work on /opt/airflow/dags/first_dag.py
[2025-11-15T20:02:45.802+0000] {processor.py:914} INFO - Processing file /opt/airflow/dags/first_dag.py for tasks to queue
[2025-11-15T20:02:45.804+0000] {logging_mixin.py:190} INFO - [2025-11-15T20:02:45.804+0000] {dagbag.py:588} INFO - Filling up the DagBag from /opt/airflow/dags/first_dag.py
[2025-11-15T20:02:45.820+0000] {processor.py:925} INFO - DAG(s) 'my_first_dag' retrieved from /opt/airflow/dags/first_dag.py
[2025-11-15T20:02:45.834+0000] {logging_mixin.py:190} INFO - [2025-11-15T20:02:45.834+0000] {dag.py:3239} INFO - Sync 1 DAGs
[2025-11-15T20:02:45.851+0000] {logging_mixin.py:190} INFO - [2025-11-15T20:02:45.851+0000] {dag.py:4180} INFO - Setting next_dagrun for my_first_dag to 2025-11-14 00:00:00+00:00, run_after=2025-11-15 00:00:00+00:00
[2025-11-15T20:02:45.867+0000] {processor.py:208} INFO - Processing /opt/airflow/dags/first_dag.py took 0.070 seconds
[2025-11-15T20:03:16.282+0000] {processor.py:186} INFO - Started process (PID=1035) to work on /opt/airflow/dags/first_dag.py
[2025-11-15T20:03:16.285+0000] {processor.py:914} INFO - Processing file /opt/airflow/dags/first_dag.py for tasks to queue
[2025-11-15T20:03:16.286+0000] {logging_mixin.py:190} INFO - [2025-11-15T20:03:16.286+0000] {dagbag.py:588} INFO - Filling up the DagBag from /opt/airflow/dags/first_dag.py
[2025-11-15T20:03:16.317+0000] {processor.py:925} INFO - DAG(s) 'my_first_dag' retrieved from /opt/airflow/dags/first_dag.py
[2025-11-15T20:03:16.334+0000] {logging_mixin.py:190} INFO - [2025-11-15T20:03:16.333+0000] {dag.py:3239} INFO - Sync 1 DAGs
[2025-11-15T20:03:16.356+0000] {logging_mixin.py:190} INFO - [2025-11-15T20:03:16.356+0000] {dag.py:4180} INFO - Setting next_dagrun for my_first_dag to 2025-11-14 00:00:00+00:00, run_after=2025-11-15 00:00:00+00:00
[2025-11-15T20:03:16.370+0000] {processor.py:208} INFO - Processing /opt/airflow/dags/first_dag.py took 0.092 seconds
[2025-11-15T20:03:46.765+0000] {processor.py:186} INFO - Started process (PID=1100) to work on /opt/airflow/dags/first_dag.py
[2025-11-15T20:03:46.766+0000] {processor.py:914} INFO - Processing file /opt/airflow/dags/first_dag.py for tasks to queue
[2025-11-15T20:03:46.768+0000] {logging_mixin.py:190} INFO - [2025-11-15T20:03:46.768+0000] {dagbag.py:588} INFO - Filling up the DagBag from /opt/airflow/dags/first_dag.py
[2025-11-15T20:03:46.782+0000] {processor.py:925} INFO - DAG(s) 'my_first_dag' retrieved from /opt/airflow/dags/first_dag.py
[2025-11-15T20:03:46.795+0000] {logging_mixin.py:190} INFO - [2025-11-15T20:03:46.795+0000] {dag.py:3239} INFO - Sync 1 DAGs
[2025-11-15T20:03:46.811+0000] {logging_mixin.py:190} INFO - [2025-11-15T20:03:46.811+0000] {dag.py:4180} INFO - Setting next_dagrun for my_first_dag to 2025-11-14 00:00:00+00:00, run_after=2025-11-15 00:00:00+00:00
[2025-11-15T20:03:46.825+0000] {processor.py:208} INFO - Processing /opt/airflow/dags/first_dag.py took 0.065 seconds
[2025-11-15T20:04:17.061+0000] {processor.py:186} INFO - Started process (PID=1165) to work on /opt/airflow/dags/first_dag.py
[2025-11-15T20:04:17.062+0000] {processor.py:914} INFO - Processing file /opt/airflow/dags/first_dag.py for tasks to queue
[2025-11-15T20:04:17.065+0000] {logging_mixin.py:190} INFO - [2025-11-15T20:04:17.065+0000] {dagbag.py:588} INFO - Filling up the DagBag from /opt/airflow/dags/first_dag.py
[2025-11-15T20:04:17.095+0000] {processor.py:925} INFO - DAG(s) 'my_first_dag' retrieved from /opt/airflow/dags/first_dag.py
[2025-11-15T20:04:17.109+0000] {logging_mixin.py:190} INFO - [2025-11-15T20:04:17.109+0000] {dag.py:3239} INFO - Sync 1 DAGs
[2025-11-15T20:04:17.125+0000] {logging_mixin.py:190} INFO - [2025-11-15T20:04:17.125+0000] {dag.py:4180} INFO - Setting next_dagrun for my_first_dag to 2025-11-14 00:00:00+00:00, run_after=2025-11-15 00:00:00+00:00
[2025-11-15T20:04:17.144+0000] {processor.py:208} INFO - Processing /opt/airflow/dags/first_dag.py took 0.087 seconds
[2025-11-15T20:04:47.248+0000] {processor.py:186} INFO - Started process (PID=1231) to work on /opt/airflow/dags/first_dag.py
[2025-11-15T20:04:47.250+0000] {processor.py:914} INFO - Processing file /opt/airflow/dags/first_dag.py for tasks to queue
[2025-11-15T20:04:47.252+0000] {logging_mixin.py:190} INFO - [2025-11-15T20:04:47.252+0000] {dagbag.py:588} INFO - Filling up the DagBag from /opt/airflow/dags/first_dag.py
[2025-11-15T20:04:47.278+0000] {processor.py:925} INFO - DAG(s) 'my_first_dag' retrieved from /opt/airflow/dags/first_dag.py
[2025-11-15T20:04:47.294+0000] {logging_mixin.py:190} INFO - [2025-11-15T20:04:47.294+0000] {dag.py:3239} INFO - Sync 1 DAGs
[2025-11-15T20:04:47.311+0000] {logging_mixin.py:190} INFO - [2025-11-15T20:04:47.311+0000] {dag.py:4180} INFO - Setting next_dagrun for my_first_dag to 2025-11-14 00:00:00+00:00, run_after=2025-11-15 00:00:00+00:00
[2025-11-15T20:04:47.328+0000] {processor.py:208} INFO - Processing /opt/airflow/dags/first_dag.py took 0.084 seconds
[2025-11-15T20:05:17.374+0000] {processor.py:186} INFO - Started process (PID=1295) to work on /opt/airflow/dags/first_dag.py
[2025-11-15T20:05:17.375+0000] {processor.py:914} INFO - Processing file /opt/airflow/dags/first_dag.py for tasks to queue
[2025-11-15T20:05:17.376+0000] {logging_mixin.py:190} INFO - [2025-11-15T20:05:17.376+0000] {dagbag.py:588} INFO - Filling up the DagBag from /opt/airflow/dags/first_dag.py
[2025-11-15T20:05:17.395+0000] {processor.py:925} INFO - DAG(s) 'my_first_dag' retrieved from /opt/airflow/dags/first_dag.py
[2025-11-15T20:05:17.406+0000] {logging_mixin.py:190} INFO - [2025-11-15T20:05:17.406+0000] {dag.py:3239} INFO - Sync 1 DAGs
[2025-11-15T20:05:17.420+0000] {logging_mixin.py:190} INFO - [2025-11-15T20:05:17.420+0000] {dag.py:4180} INFO - Setting next_dagrun for my_first_dag to 2025-11-14 00:00:00+00:00, run_after=2025-11-15 00:00:00+00:00
[2025-11-15T20:05:17.432+0000] {processor.py:208} INFO - Processing /opt/airflow/dags/first_dag.py took 0.063 seconds
[2025-11-15T20:05:47.606+0000] {processor.py:186} INFO - Started process (PID=1360) to work on /opt/airflow/dags/first_dag.py
[2025-11-15T20:05:47.607+0000] {processor.py:914} INFO - Processing file /opt/airflow/dags/first_dag.py for tasks to queue
[2025-11-15T20:05:47.609+0000] {logging_mixin.py:190} INFO - [2025-11-15T20:05:47.609+0000] {dagbag.py:588} INFO - Filling up the DagBag from /opt/airflow/dags/first_dag.py
[2025-11-15T20:05:47.623+0000] {processor.py:925} INFO - DAG(s) 'my_first_dag' retrieved from /opt/airflow/dags/first_dag.py
[2025-11-15T20:05:47.637+0000] {logging_mixin.py:190} INFO - [2025-11-15T20:05:47.636+0000] {dag.py:3239} INFO - Sync 1 DAGs
[2025-11-15T20:05:47.651+0000] {logging_mixin.py:190} INFO - [2025-11-15T20:05:47.651+0000] {dag.py:4180} INFO - Setting next_dagrun for my_first_dag to 2025-11-14 00:00:00+00:00, run_after=2025-11-15 00:00:00+00:00
[2025-11-15T20:05:47.667+0000] {processor.py:208} INFO - Processing /opt/airflow/dags/first_dag.py took 0.066 seconds
[2025-11-15T20:06:17.959+0000] {processor.py:186} INFO - Started process (PID=1425) to work on /opt/airflow/dags/first_dag.py
[2025-11-15T20:06:17.960+0000] {processor.py:914} INFO - Processing file /opt/airflow/dags/first_dag.py for tasks to queue
[2025-11-15T20:06:17.961+0000] {logging_mixin.py:190} INFO - [2025-11-15T20:06:17.961+0000] {dagbag.py:588} INFO - Filling up the DagBag from /opt/airflow/dags/first_dag.py
[2025-11-15T20:06:17.977+0000] {processor.py:925} INFO - DAG(s) 'my_first_dag' retrieved from /opt/airflow/dags/first_dag.py
[2025-11-15T20:06:17.993+0000] {logging_mixin.py:190} INFO - [2025-11-15T20:06:17.993+0000] {dag.py:3239} INFO - Sync 1 DAGs
[2025-11-15T20:06:18.011+0000] {logging_mixin.py:190} INFO - [2025-11-15T20:06:18.011+0000] {dag.py:4180} INFO - Setting next_dagrun for my_first_dag to 2025-11-14 00:00:00+00:00, run_after=2025-11-15 00:00:00+00:00
[2025-11-15T20:06:18.027+0000] {processor.py:208} INFO - Processing /opt/airflow/dags/first_dag.py took 0.073 seconds
[2025-11-15T20:06:48.704+0000] {processor.py:186} INFO - Started process (PID=1490) to work on /opt/airflow/dags/first_dag.py
[2025-11-15T20:06:48.705+0000] {processor.py:914} INFO - Processing file /opt/airflow/dags/first_dag.py for tasks to queue
[2025-11-15T20:06:48.707+0000] {logging_mixin.py:190} INFO - [2025-11-15T20:06:48.706+0000] {dagbag.py:588} INFO - Filling up the DagBag from /opt/airflow/dags/first_dag.py
[2025-11-15T20:06:48.725+0000] {processor.py:925} INFO - DAG(s) 'my_first_dag' retrieved from /opt/airflow/dags/first_dag.py
[2025-11-15T20:06:48.741+0000] {logging_mixin.py:190} INFO - [2025-11-15T20:06:48.741+0000] {dag.py:3239} INFO - Sync 1 DAGs
[2025-11-15T20:06:48.758+0000] {logging_mixin.py:190} INFO - [2025-11-15T20:06:48.758+0000] {dag.py:4180} INFO - Setting next_dagrun for my_first_dag to 2025-11-14 00:00:00+00:00, run_after=2025-11-15 00:00:00+00:00
[2025-11-15T20:06:48.773+0000] {processor.py:208} INFO - Processing /opt/airflow/dags/first_dag.py took 0.075 seconds
[2025-11-15T20:07:19.093+0000] {processor.py:186} INFO - Started process (PID=1555) to work on /opt/airflow/dags/first_dag.py
[2025-11-15T20:07:19.095+0000] {processor.py:914} INFO - Processing file /opt/airflow/dags/first_dag.py for tasks to queue
[2025-11-15T20:07:19.097+0000] {logging_mixin.py:190} INFO - [2025-11-15T20:07:19.097+0000] {dagbag.py:588} INFO - Filling up the DagBag from /opt/airflow/dags/first_dag.py
[2025-11-15T20:07:19.113+0000] {processor.py:925} INFO - DAG(s) 'my_first_dag' retrieved from /opt/airflow/dags/first_dag.py
[2025-11-15T20:07:19.126+0000] {logging_mixin.py:190} INFO - [2025-11-15T20:07:19.126+0000] {dag.py:3239} INFO - Sync 1 DAGs
[2025-11-15T20:07:19.140+0000] {logging_mixin.py:190} INFO - [2025-11-15T20:07:19.140+0000] {dag.py:4180} INFO - Setting next_dagrun for my_first_dag to 2025-11-14 00:00:00+00:00, run_after=2025-11-15 00:00:00+00:00
[2025-11-15T20:07:19.163+0000] {processor.py:208} INFO - Processing /opt/airflow/dags/first_dag.py took 0.074 seconds
[2025-11-15T20:07:50.016+0000] {processor.py:186} INFO - Started process (PID=1620) to work on /opt/airflow/dags/first_dag.py
[2025-11-15T20:07:50.019+0000] {processor.py:914} INFO - Processing file /opt/airflow/dags/first_dag.py for tasks to queue
[2025-11-15T20:07:50.022+0000] {logging_mixin.py:190} INFO - [2025-11-15T20:07:50.022+0000] {dagbag.py:588} INFO - Filling up the DagBag from /opt/airflow/dags/first_dag.py
[2025-11-15T20:07:50.138+0000] {processor.py:925} INFO - DAG(s) 'my_first_dag' retrieved from /opt/airflow/dags/first_dag.py
[2025-11-15T20:07:50.150+0000] {logging_mixin.py:190} INFO - [2025-11-15T20:07:50.150+0000] {dag.py:3239} INFO - Sync 1 DAGs
[2025-11-15T20:07:50.166+0000] {logging_mixin.py:190} INFO - [2025-11-15T20:07:50.166+0000] {dag.py:4180} INFO - Setting next_dagrun for my_first_dag to 2025-11-14 00:00:00+00:00, run_after=2025-11-15 00:00:00+00:00
[2025-11-15T20:07:50.182+0000] {processor.py:208} INFO - Processing /opt/airflow/dags/first_dag.py took 0.169 seconds
[2025-11-15T20:08:20.366+0000] {processor.py:186} INFO - Started process (PID=1685) to work on /opt/airflow/dags/first_dag.py
[2025-11-15T20:08:20.367+0000] {processor.py:914} INFO - Processing file /opt/airflow/dags/first_dag.py for tasks to queue
[2025-11-15T20:08:20.369+0000] {logging_mixin.py:190} INFO - [2025-11-15T20:08:20.369+0000] {dagbag.py:588} INFO - Filling up the DagBag from /opt/airflow/dags/first_dag.py
[2025-11-15T20:08:20.384+0000] {processor.py:925} INFO - DAG(s) 'my_first_dag' retrieved from /opt/airflow/dags/first_dag.py
[2025-11-15T20:08:20.397+0000] {logging_mixin.py:190} INFO - [2025-11-15T20:08:20.397+0000] {dag.py:3239} INFO - Sync 1 DAGs
[2025-11-15T20:08:20.412+0000] {logging_mixin.py:190} INFO - [2025-11-15T20:08:20.412+0000] {dag.py:4180} INFO - Setting next_dagrun for my_first_dag to 2025-11-14 00:00:00+00:00, run_after=2025-11-15 00:00:00+00:00
[2025-11-15T20:08:20.424+0000] {processor.py:208} INFO - Processing /opt/airflow/dags/first_dag.py took 0.063 seconds
[2025-11-15T20:08:50.648+0000] {processor.py:186} INFO - Started process (PID=1751) to work on /opt/airflow/dags/first_dag.py
[2025-11-15T20:08:50.649+0000] {processor.py:914} INFO - Processing file /opt/airflow/dags/first_dag.py for tasks to queue
[2025-11-15T20:08:50.651+0000] {logging_mixin.py:190} INFO - [2025-11-15T20:08:50.651+0000] {dagbag.py:588} INFO - Filling up the DagBag from /opt/airflow/dags/first_dag.py
[2025-11-15T20:08:50.666+0000] {processor.py:925} INFO - DAG(s) 'my_first_dag' retrieved from /opt/airflow/dags/first_dag.py
[2025-11-15T20:08:50.681+0000] {logging_mixin.py:190} INFO - [2025-11-15T20:08:50.681+0000] {dag.py:3239} INFO - Sync 1 DAGs
[2025-11-15T20:08:50.697+0000] {logging_mixin.py:190} INFO - [2025-11-15T20:08:50.696+0000] {dag.py:4180} INFO - Setting next_dagrun for my_first_dag to 2025-11-14 00:00:00+00:00, run_after=2025-11-15 00:00:00+00:00
[2025-11-15T20:08:50.715+0000] {processor.py:208} INFO - Processing /opt/airflow/dags/first_dag.py took 0.072 seconds
[2025-11-15T20:09:21.282+0000] {processor.py:186} INFO - Started process (PID=1816) to work on /opt/airflow/dags/first_dag.py
[2025-11-15T20:09:21.283+0000] {processor.py:914} INFO - Processing file /opt/airflow/dags/first_dag.py for tasks to queue
[2025-11-15T20:09:21.285+0000] {logging_mixin.py:190} INFO - [2025-11-15T20:09:21.285+0000] {dagbag.py:588} INFO - Filling up the DagBag from /opt/airflow/dags/first_dag.py
[2025-11-15T20:09:21.296+0000] {processor.py:925} INFO - DAG(s) 'my_first_dag' retrieved from /opt/airflow/dags/first_dag.py
[2025-11-15T20:09:21.310+0000] {logging_mixin.py:190} INFO - [2025-11-15T20:09:21.309+0000] {dag.py:3239} INFO - Sync 1 DAGs
[2025-11-15T20:09:21.324+0000] {logging_mixin.py:190} INFO - [2025-11-15T20:09:21.324+0000] {dag.py:4180} INFO - Setting next_dagrun for my_first_dag to 2025-11-14 00:00:00+00:00, run_after=2025-11-15 00:00:00+00:00
[2025-11-15T20:09:21.338+0000] {processor.py:208} INFO - Processing /opt/airflow/dags/first_dag.py took 0.060 seconds
[2025-11-15T20:09:51.670+0000] {processor.py:186} INFO - Started process (PID=1881) to work on /opt/airflow/dags/first_dag.py
[2025-11-15T20:09:51.671+0000] {processor.py:914} INFO - Processing file /opt/airflow/dags/first_dag.py for tasks to queue
[2025-11-15T20:09:51.673+0000] {logging_mixin.py:190} INFO - [2025-11-15T20:09:51.673+0000] {dagbag.py:588} INFO - Filling up the DagBag from /opt/airflow/dags/first_dag.py
[2025-11-15T20:09:51.684+0000] {processor.py:925} INFO - DAG(s) 'my_first_dag' retrieved from /opt/airflow/dags/first_dag.py
[2025-11-15T20:09:51.695+0000] {logging_mixin.py:190} INFO - [2025-11-15T20:09:51.695+0000] {dag.py:3239} INFO - Sync 1 DAGs
[2025-11-15T20:09:51.709+0000] {logging_mixin.py:190} INFO - [2025-11-15T20:09:51.709+0000] {dag.py:4180} INFO - Setting next_dagrun for my_first_dag to 2025-11-14 00:00:00+00:00, run_after=2025-11-15 00:00:00+00:00
[2025-11-15T20:09:51.723+0000] {processor.py:208} INFO - Processing /opt/airflow/dags/first_dag.py took 0.057 seconds
[2025-11-15T20:10:22.043+0000] {processor.py:186} INFO - Started process (PID=1946) to work on /opt/airflow/dags/first_dag.py
[2025-11-15T20:10:22.044+0000] {processor.py:914} INFO - Processing file /opt/airflow/dags/first_dag.py for tasks to queue
[2025-11-15T20:10:22.046+0000] {logging_mixin.py:190} INFO - [2025-11-15T20:10:22.045+0000] {dagbag.py:588} INFO - Filling up the DagBag from /opt/airflow/dags/first_dag.py
[2025-11-15T20:10:22.056+0000] {processor.py:925} INFO - DAG(s) 'my_first_dag' retrieved from /opt/airflow/dags/first_dag.py
[2025-11-15T20:10:22.068+0000] {logging_mixin.py:190} INFO - [2025-11-15T20:10:22.068+0000] {dag.py:3239} INFO - Sync 1 DAGs
[2025-11-15T20:10:22.082+0000] {logging_mixin.py:190} INFO - [2025-11-15T20:10:22.082+0000] {dag.py:4180} INFO - Setting next_dagrun for my_first_dag to 2025-11-14 00:00:00+00:00, run_after=2025-11-15 00:00:00+00:00
[2025-11-15T20:10:22.096+0000] {processor.py:208} INFO - Processing /opt/airflow/dags/first_dag.py took 0.057 seconds
[2025-11-15T20:10:52.877+0000] {processor.py:186} INFO - Started process (PID=2011) to work on /opt/airflow/dags/first_dag.py
[2025-11-15T20:10:52.878+0000] {processor.py:914} INFO - Processing file /opt/airflow/dags/first_dag.py for tasks to queue
[2025-11-15T20:10:52.880+0000] {logging_mixin.py:190} INFO - [2025-11-15T20:10:52.879+0000] {dagbag.py:588} INFO - Filling up the DagBag from /opt/airflow/dags/first_dag.py
[2025-11-15T20:10:52.895+0000] {processor.py:925} INFO - DAG(s) 'my_first_dag' retrieved from /opt/airflow/dags/first_dag.py
[2025-11-15T20:10:52.907+0000] {logging_mixin.py:190} INFO - [2025-11-15T20:10:52.907+0000] {dag.py:3239} INFO - Sync 1 DAGs
[2025-11-15T20:10:52.922+0000] {logging_mixin.py:190} INFO - [2025-11-15T20:10:52.922+0000] {dag.py:4180} INFO - Setting next_dagrun for my_first_dag to 2025-11-14 00:00:00+00:00, run_after=2025-11-15 00:00:00+00:00
[2025-11-15T20:10:52.936+0000] {processor.py:208} INFO - Processing /opt/airflow/dags/first_dag.py took 0.063 seconds
[2025-11-15T20:11:23.276+0000] {processor.py:186} INFO - Started process (PID=2076) to work on /opt/airflow/dags/first_dag.py
[2025-11-15T20:11:23.276+0000] {processor.py:914} INFO - Processing file /opt/airflow/dags/first_dag.py for tasks to queue
[2025-11-15T20:11:23.278+0000] {logging_mixin.py:190} INFO - [2025-11-15T20:11:23.278+0000] {dagbag.py:588} INFO - Filling up the DagBag from /opt/airflow/dags/first_dag.py
[2025-11-15T20:11:23.289+0000] {processor.py:925} INFO - DAG(s) 'my_first_dag' retrieved from /opt/airflow/dags/first_dag.py
[2025-11-15T20:11:23.301+0000] {logging_mixin.py:190} INFO - [2025-11-15T20:11:23.301+0000] {dag.py:3239} INFO - Sync 1 DAGs
[2025-11-15T20:11:23.317+0000] {logging_mixin.py:190} INFO - [2025-11-15T20:11:23.317+0000] {dag.py:4180} INFO - Setting next_dagrun for my_first_dag to 2025-11-14 00:00:00+00:00, run_after=2025-11-15 00:00:00+00:00
[2025-11-15T20:11:23.332+0000] {processor.py:208} INFO - Processing /opt/airflow/dags/first_dag.py took 0.060 seconds
[2025-11-15T20:11:53.513+0000] {processor.py:186} INFO - Started process (PID=2141) to work on /opt/airflow/dags/first_dag.py
[2025-11-15T20:11:53.514+0000] {processor.py:914} INFO - Processing file /opt/airflow/dags/first_dag.py for tasks to queue
[2025-11-15T20:11:53.516+0000] {logging_mixin.py:190} INFO - [2025-11-15T20:11:53.516+0000] {dagbag.py:588} INFO - Filling up the DagBag from /opt/airflow/dags/first_dag.py
[2025-11-15T20:11:53.529+0000] {processor.py:925} INFO - DAG(s) 'my_first_dag' retrieved from /opt/airflow/dags/first_dag.py
[2025-11-15T20:11:53.541+0000] {logging_mixin.py:190} INFO - [2025-11-15T20:11:53.540+0000] {dag.py:3239} INFO - Sync 1 DAGs
[2025-11-15T20:11:53.556+0000] {logging_mixin.py:190} INFO - [2025-11-15T20:11:53.556+0000] {dag.py:4180} INFO - Setting next_dagrun for my_first_dag to 2025-11-14 00:00:00+00:00, run_after=2025-11-15 00:00:00+00:00
[2025-11-15T20:11:53.570+0000] {processor.py:208} INFO - Processing /opt/airflow/dags/first_dag.py took 0.061 seconds
[2025-11-15T20:12:23.628+0000] {processor.py:186} INFO - Started process (PID=2206) to work on /opt/airflow/dags/first_dag.py
[2025-11-15T20:12:23.629+0000] {processor.py:914} INFO - Processing file /opt/airflow/dags/first_dag.py for tasks to queue
[2025-11-15T20:12:23.631+0000] {logging_mixin.py:190} INFO - [2025-11-15T20:12:23.630+0000] {dagbag.py:588} INFO - Filling up the DagBag from /opt/airflow/dags/first_dag.py
[2025-11-15T20:12:23.646+0000] {processor.py:925} INFO - DAG(s) 'my_first_dag' retrieved from /opt/airflow/dags/first_dag.py
[2025-11-15T20:12:23.658+0000] {logging_mixin.py:190} INFO - [2025-11-15T20:12:23.657+0000] {dag.py:3239} INFO - Sync 1 DAGs
[2025-11-15T20:12:23.672+0000] {logging_mixin.py:190} INFO - [2025-11-15T20:12:23.672+0000] {dag.py:4180} INFO - Setting next_dagrun for my_first_dag to 2025-11-14 00:00:00+00:00, run_after=2025-11-15 00:00:00+00:00
[2025-11-15T20:12:23.689+0000] {processor.py:208} INFO - Processing /opt/airflow/dags/first_dag.py took 0.065 seconds
[2025-11-15T20:12:53.871+0000] {processor.py:186} INFO - Started process (PID=2271) to work on /opt/airflow/dags/first_dag.py
[2025-11-15T20:12:53.872+0000] {processor.py:914} INFO - Processing file /opt/airflow/dags/first_dag.py for tasks to queue
[2025-11-15T20:12:53.874+0000] {logging_mixin.py:190} INFO - [2025-11-15T20:12:53.874+0000] {dagbag.py:588} INFO - Filling up the DagBag from /opt/airflow/dags/first_dag.py
[2025-11-15T20:12:53.892+0000] {processor.py:925} INFO - DAG(s) 'my_first_dag' retrieved from /opt/airflow/dags/first_dag.py
[2025-11-15T20:12:53.904+0000] {logging_mixin.py:190} INFO - [2025-11-15T20:12:53.904+0000] {dag.py:3239} INFO - Sync 1 DAGs
[2025-11-15T20:12:53.919+0000] {logging_mixin.py:190} INFO - [2025-11-15T20:12:53.918+0000] {dag.py:4180} INFO - Setting next_dagrun for my_first_dag to 2025-11-14 00:00:00+00:00, run_after=2025-11-15 00:00:00+00:00
[2025-11-15T20:12:53.931+0000] {processor.py:208} INFO - Processing /opt/airflow/dags/first_dag.py took 0.064 seconds
[2025-11-15T20:13:24.457+0000] {processor.py:186} INFO - Started process (PID=2336) to work on /opt/airflow/dags/first_dag.py
[2025-11-15T20:13:24.458+0000] {processor.py:914} INFO - Processing file /opt/airflow/dags/first_dag.py for tasks to queue
[2025-11-15T20:13:24.460+0000] {logging_mixin.py:190} INFO - [2025-11-15T20:13:24.460+0000] {dagbag.py:588} INFO - Filling up the DagBag from /opt/airflow/dags/first_dag.py
[2025-11-15T20:13:24.478+0000] {processor.py:925} INFO - DAG(s) 'my_first_dag' retrieved from /opt/airflow/dags/first_dag.py
[2025-11-15T20:13:24.493+0000] {logging_mixin.py:190} INFO - [2025-11-15T20:13:24.492+0000] {dag.py:3239} INFO - Sync 1 DAGs
[2025-11-15T20:13:24.508+0000] {logging_mixin.py:190} INFO - [2025-11-15T20:13:24.507+0000] {dag.py:4180} INFO - Setting next_dagrun for my_first_dag to 2025-11-14 00:00:00+00:00, run_after=2025-11-15 00:00:00+00:00
[2025-11-15T20:13:24.522+0000] {processor.py:208} INFO - Processing /opt/airflow/dags/first_dag.py took 0.068 seconds
[2025-11-15T20:13:54.735+0000] {processor.py:186} INFO - Started process (PID=2401) to work on /opt/airflow/dags/first_dag.py
[2025-11-15T20:13:54.736+0000] {processor.py:914} INFO - Processing file /opt/airflow/dags/first_dag.py for tasks to queue
[2025-11-15T20:13:54.739+0000] {logging_mixin.py:190} INFO - [2025-11-15T20:13:54.738+0000] {dagbag.py:588} INFO - Filling up the DagBag from /opt/airflow/dags/first_dag.py
[2025-11-15T20:13:54.760+0000] {processor.py:925} INFO - DAG(s) 'my_first_dag' retrieved from /opt/airflow/dags/first_dag.py
[2025-11-15T20:13:54.776+0000] {logging_mixin.py:190} INFO - [2025-11-15T20:13:54.776+0000] {dag.py:3239} INFO - Sync 1 DAGs
[2025-11-15T20:13:54.794+0000] {logging_mixin.py:190} INFO - [2025-11-15T20:13:54.794+0000] {dag.py:4180} INFO - Setting next_dagrun for my_first_dag to 2025-11-14 00:00:00+00:00, run_after=2025-11-15 00:00:00+00:00
[2025-11-15T20:13:54.810+0000] {processor.py:208} INFO - Processing /opt/airflow/dags/first_dag.py took 0.080 seconds
[2025-11-15T20:14:25.053+0000] {processor.py:186} INFO - Started process (PID=2466) to work on /opt/airflow/dags/first_dag.py
[2025-11-15T20:14:25.054+0000] {processor.py:914} INFO - Processing file /opt/airflow/dags/first_dag.py for tasks to queue
[2025-11-15T20:14:25.056+0000] {logging_mixin.py:190} INFO - [2025-11-15T20:14:25.056+0000] {dagbag.py:588} INFO - Filling up the DagBag from /opt/airflow/dags/first_dag.py
[2025-11-15T20:14:25.071+0000] {processor.py:925} INFO - DAG(s) 'my_first_dag' retrieved from /opt/airflow/dags/first_dag.py
[2025-11-15T20:14:25.083+0000] {logging_mixin.py:190} INFO - [2025-11-15T20:14:25.082+0000] {dag.py:3239} INFO - Sync 1 DAGs
[2025-11-15T20:14:25.097+0000] {logging_mixin.py:190} INFO - [2025-11-15T20:14:25.096+0000] {dag.py:4180} INFO - Setting next_dagrun for my_first_dag to 2025-11-14 00:00:00+00:00, run_after=2025-11-15 00:00:00+00:00
[2025-11-15T20:14:25.119+0000] {processor.py:208} INFO - Processing /opt/airflow/dags/first_dag.py took 0.069 seconds
[2025-11-15T20:14:55.624+0000] {processor.py:186} INFO - Started process (PID=2531) to work on /opt/airflow/dags/first_dag.py
[2025-11-15T20:14:55.625+0000] {processor.py:914} INFO - Processing file /opt/airflow/dags/first_dag.py for tasks to queue
[2025-11-15T20:14:55.627+0000] {logging_mixin.py:190} INFO - [2025-11-15T20:14:55.627+0000] {dagbag.py:588} INFO - Filling up the DagBag from /opt/airflow/dags/first_dag.py
[2025-11-15T20:14:55.668+0000] {processor.py:925} INFO - DAG(s) 'my_first_dag' retrieved from /opt/airflow/dags/first_dag.py
[2025-11-15T20:14:55.681+0000] {logging_mixin.py:190} INFO - [2025-11-15T20:14:55.681+0000] {dag.py:3239} INFO - Sync 1 DAGs
[2025-11-15T20:14:55.696+0000] {logging_mixin.py:190} INFO - [2025-11-15T20:14:55.696+0000] {dag.py:4180} INFO - Setting next_dagrun for my_first_dag to 2025-11-14 00:00:00+00:00, run_after=2025-11-15 00:00:00+00:00
[2025-11-15T20:14:55.710+0000] {processor.py:208} INFO - Processing /opt/airflow/dags/first_dag.py took 0.090 seconds
[2025-11-15T20:15:26.070+0000] {processor.py:186} INFO - Started process (PID=2596) to work on /opt/airflow/dags/first_dag.py
[2025-11-15T20:15:26.071+0000] {processor.py:914} INFO - Processing file /opt/airflow/dags/first_dag.py for tasks to queue
[2025-11-15T20:15:26.073+0000] {logging_mixin.py:190} INFO - [2025-11-15T20:15:26.073+0000] {dagbag.py:588} INFO - Filling up the DagBag from /opt/airflow/dags/first_dag.py
[2025-11-15T20:15:26.088+0000] {processor.py:925} INFO - DAG(s) 'my_first_dag' retrieved from /opt/airflow/dags/first_dag.py
[2025-11-15T20:15:26.099+0000] {logging_mixin.py:190} INFO - [2025-11-15T20:15:26.099+0000] {dag.py:3239} INFO - Sync 1 DAGs
[2025-11-15T20:15:26.113+0000] {logging_mixin.py:190} INFO - [2025-11-15T20:15:26.113+0000] {dag.py:4180} INFO - Setting next_dagrun for my_first_dag to 2025-11-14 00:00:00+00:00, run_after=2025-11-15 00:00:00+00:00
[2025-11-15T20:15:26.126+0000] {processor.py:208} INFO - Processing /opt/airflow/dags/first_dag.py took 0.060 seconds
[2025-11-15T20:15:56.871+0000] {processor.py:186} INFO - Started process (PID=2661) to work on /opt/airflow/dags/first_dag.py
[2025-11-15T20:15:56.872+0000] {processor.py:914} INFO - Processing file /opt/airflow/dags/first_dag.py for tasks to queue
[2025-11-15T20:15:56.874+0000] {logging_mixin.py:190} INFO - [2025-11-15T20:15:56.873+0000] {dagbag.py:588} INFO - Filling up the DagBag from /opt/airflow/dags/first_dag.py
[2025-11-15T20:15:56.891+0000] {processor.py:925} INFO - DAG(s) 'my_first_dag' retrieved from /opt/airflow/dags/first_dag.py
[2025-11-15T20:15:56.904+0000] {logging_mixin.py:190} INFO - [2025-11-15T20:15:56.903+0000] {dag.py:3239} INFO - Sync 1 DAGs
[2025-11-15T20:15:56.919+0000] {logging_mixin.py:190} INFO - [2025-11-15T20:15:56.919+0000] {dag.py:4180} INFO - Setting next_dagrun for my_first_dag to 2025-11-14 00:00:00+00:00, run_after=2025-11-15 00:00:00+00:00
[2025-11-15T20:15:56.933+0000] {processor.py:208} INFO - Processing /opt/airflow/dags/first_dag.py took 0.066 seconds
[2025-11-15T20:16:27.370+0000] {processor.py:186} INFO - Started process (PID=2719) to work on /opt/airflow/dags/first_dag.py
[2025-11-15T20:16:27.371+0000] {processor.py:914} INFO - Processing file /opt/airflow/dags/first_dag.py for tasks to queue
[2025-11-15T20:16:27.372+0000] {logging_mixin.py:190} INFO - [2025-11-15T20:16:27.372+0000] {dagbag.py:588} INFO - Filling up the DagBag from /opt/airflow/dags/first_dag.py
[2025-11-15T20:16:27.385+0000] {processor.py:925} INFO - DAG(s) 'my_first_dag' retrieved from /opt/airflow/dags/first_dag.py
[2025-11-15T20:16:27.398+0000] {logging_mixin.py:190} INFO - [2025-11-15T20:16:27.397+0000] {dag.py:3239} INFO - Sync 1 DAGs
[2025-11-15T20:16:27.412+0000] {logging_mixin.py:190} INFO - [2025-11-15T20:16:27.412+0000] {dag.py:4180} INFO - Setting next_dagrun for my_first_dag to 2025-11-14 00:00:00+00:00, run_after=2025-11-15 00:00:00+00:00
[2025-11-15T20:16:27.424+0000] {processor.py:208} INFO - Processing /opt/airflow/dags/first_dag.py took 0.058 seconds
[2025-11-15T20:16:58.268+0000] {processor.py:186} INFO - Started process (PID=2777) to work on /opt/airflow/dags/first_dag.py
[2025-11-15T20:16:58.269+0000] {processor.py:914} INFO - Processing file /opt/airflow/dags/first_dag.py for tasks to queue
[2025-11-15T20:16:58.271+0000] {logging_mixin.py:190} INFO - [2025-11-15T20:16:58.271+0000] {dagbag.py:588} INFO - Filling up the DagBag from /opt/airflow/dags/first_dag.py
[2025-11-15T20:16:58.288+0000] {processor.py:925} INFO - DAG(s) 'my_first_dag' retrieved from /opt/airflow/dags/first_dag.py
[2025-11-15T20:16:58.300+0000] {logging_mixin.py:190} INFO - [2025-11-15T20:16:58.300+0000] {dag.py:3239} INFO - Sync 1 DAGs
[2025-11-15T20:16:58.314+0000] {logging_mixin.py:190} INFO - [2025-11-15T20:16:58.314+0000] {dag.py:4180} INFO - Setting next_dagrun for my_first_dag to 2025-11-14 00:00:00+00:00, run_after=2025-11-15 00:00:00+00:00
[2025-11-15T20:16:58.325+0000] {processor.py:208} INFO - Processing /opt/airflow/dags/first_dag.py took 0.061 seconds
[2025-11-15T20:17:29.133+0000] {processor.py:186} INFO - Started process (PID=2839) to work on /opt/airflow/dags/first_dag.py
[2025-11-15T20:17:29.134+0000] {processor.py:914} INFO - Processing file /opt/airflow/dags/first_dag.py for tasks to queue
[2025-11-15T20:17:29.136+0000] {logging_mixin.py:190} INFO - [2025-11-15T20:17:29.136+0000] {dagbag.py:588} INFO - Filling up the DagBag from /opt/airflow/dags/first_dag.py
[2025-11-15T20:17:29.148+0000] {processor.py:925} INFO - DAG(s) 'my_first_dag' retrieved from /opt/airflow/dags/first_dag.py
[2025-11-15T20:17:29.160+0000] {logging_mixin.py:190} INFO - [2025-11-15T20:17:29.160+0000] {dag.py:3239} INFO - Sync 1 DAGs
[2025-11-15T20:17:29.173+0000] {logging_mixin.py:190} INFO - [2025-11-15T20:17:29.173+0000] {dag.py:4180} INFO - Setting next_dagrun for my_first_dag to 2025-11-14 00:00:00+00:00, run_after=2025-11-15 00:00:00+00:00
[2025-11-15T20:17:29.185+0000] {processor.py:208} INFO - Processing /opt/airflow/dags/first_dag.py took 0.056 seconds
[2025-11-15T20:17:59.831+0000] {processor.py:186} INFO - Started process (PID=2898) to work on /opt/airflow/dags/first_dag.py
[2025-11-15T20:17:59.832+0000] {processor.py:914} INFO - Processing file /opt/airflow/dags/first_dag.py for tasks to queue
[2025-11-15T20:17:59.834+0000] {logging_mixin.py:190} INFO - [2025-11-15T20:17:59.834+0000] {dagbag.py:588} INFO - Filling up the DagBag from /opt/airflow/dags/first_dag.py
[2025-11-15T20:17:59.846+0000] {processor.py:925} INFO - DAG(s) 'my_first_dag' retrieved from /opt/airflow/dags/first_dag.py
[2025-11-15T20:17:59.858+0000] {logging_mixin.py:190} INFO - [2025-11-15T20:17:59.858+0000] {dag.py:3239} INFO - Sync 1 DAGs
[2025-11-15T20:17:59.871+0000] {logging_mixin.py:190} INFO - [2025-11-15T20:17:59.871+0000] {dag.py:4180} INFO - Setting next_dagrun for my_first_dag to 2025-11-14 00:00:00+00:00, run_after=2025-11-15 00:00:00+00:00
[2025-11-15T20:17:59.884+0000] {processor.py:208} INFO - Processing /opt/airflow/dags/first_dag.py took 0.056 seconds
[2025-11-15T20:18:29.983+0000] {processor.py:186} INFO - Started process (PID=2960) to work on /opt/airflow/dags/first_dag.py
[2025-11-15T20:18:29.983+0000] {processor.py:914} INFO - Processing file /opt/airflow/dags/first_dag.py for tasks to queue
[2025-11-15T20:18:29.985+0000] {logging_mixin.py:190} INFO - [2025-11-15T20:18:29.985+0000] {dagbag.py:588} INFO - Filling up the DagBag from /opt/airflow/dags/first_dag.py
[2025-11-15T20:18:29.996+0000] {processor.py:925} INFO - DAG(s) 'my_first_dag' retrieved from /opt/airflow/dags/first_dag.py
[2025-11-15T20:18:30.009+0000] {logging_mixin.py:190} INFO - [2025-11-15T20:18:30.009+0000] {dag.py:3239} INFO - Sync 1 DAGs
[2025-11-15T20:18:30.024+0000] {logging_mixin.py:190} INFO - [2025-11-15T20:18:30.024+0000] {dag.py:4180} INFO - Setting next_dagrun for my_first_dag to 2025-11-14 00:00:00+00:00, run_after=2025-11-15 00:00:00+00:00
[2025-11-15T20:18:30.036+0000] {processor.py:208} INFO - Processing /opt/airflow/dags/first_dag.py took 0.057 seconds
[2025-11-15T20:19:00.846+0000] {processor.py:186} INFO - Started process (PID=3018) to work on /opt/airflow/dags/first_dag.py
[2025-11-15T20:19:00.847+0000] {processor.py:914} INFO - Processing file /opt/airflow/dags/first_dag.py for tasks to queue
[2025-11-15T20:19:00.849+0000] {logging_mixin.py:190} INFO - [2025-11-15T20:19:00.848+0000] {dagbag.py:588} INFO - Filling up the DagBag from /opt/airflow/dags/first_dag.py
[2025-11-15T20:19:00.863+0000] {processor.py:925} INFO - DAG(s) 'my_first_dag' retrieved from /opt/airflow/dags/first_dag.py
[2025-11-15T20:19:00.876+0000] {logging_mixin.py:190} INFO - [2025-11-15T20:19:00.876+0000] {dag.py:3239} INFO - Sync 1 DAGs
[2025-11-15T20:19:00.889+0000] {logging_mixin.py:190} INFO - [2025-11-15T20:19:00.889+0000] {dag.py:4180} INFO - Setting next_dagrun for my_first_dag to 2025-11-14 00:00:00+00:00, run_after=2025-11-15 00:00:00+00:00
[2025-11-15T20:19:00.901+0000] {processor.py:208} INFO - Processing /opt/airflow/dags/first_dag.py took 0.059 seconds
[2025-11-15T20:19:31.211+0000] {processor.py:186} INFO - Started process (PID=3078) to work on /opt/airflow/dags/first_dag.py
[2025-11-15T20:19:31.212+0000] {processor.py:914} INFO - Processing file /opt/airflow/dags/first_dag.py for tasks to queue
[2025-11-15T20:19:31.214+0000] {logging_mixin.py:190} INFO - [2025-11-15T20:19:31.214+0000] {dagbag.py:588} INFO - Filling up the DagBag from /opt/airflow/dags/first_dag.py
[2025-11-15T20:19:31.224+0000] {processor.py:925} INFO - DAG(s) 'my_first_dag' retrieved from /opt/airflow/dags/first_dag.py
[2025-11-15T20:19:31.235+0000] {logging_mixin.py:190} INFO - [2025-11-15T20:19:31.235+0000] {dag.py:3239} INFO - Sync 1 DAGs
[2025-11-15T20:19:31.249+0000] {logging_mixin.py:190} INFO - [2025-11-15T20:19:31.249+0000] {dag.py:4180} INFO - Setting next_dagrun for my_first_dag to 2025-11-14 00:00:00+00:00, run_after=2025-11-15 00:00:00+00:00
[2025-11-15T20:19:31.263+0000] {processor.py:208} INFO - Processing /opt/airflow/dags/first_dag.py took 0.055 seconds
[2025-11-15T20:20:01.525+0000] {processor.py:186} INFO - Started process (PID=3140) to work on /opt/airflow/dags/first_dag.py
[2025-11-15T20:20:01.526+0000] {processor.py:914} INFO - Processing file /opt/airflow/dags/first_dag.py for tasks to queue
[2025-11-15T20:20:01.527+0000] {logging_mixin.py:190} INFO - [2025-11-15T20:20:01.527+0000] {dagbag.py:588} INFO - Filling up the DagBag from /opt/airflow/dags/first_dag.py
[2025-11-15T20:20:01.539+0000] {processor.py:925} INFO - DAG(s) 'my_first_dag' retrieved from /opt/airflow/dags/first_dag.py
[2025-11-15T20:20:01.551+0000] {logging_mixin.py:190} INFO - [2025-11-15T20:20:01.550+0000] {dag.py:3239} INFO - Sync 1 DAGs
[2025-11-15T20:20:01.566+0000] {logging_mixin.py:190} INFO - [2025-11-15T20:20:01.565+0000] {dag.py:4180} INFO - Setting next_dagrun for my_first_dag to 2025-11-14 00:00:00+00:00, run_after=2025-11-15 00:00:00+00:00
[2025-11-15T20:20:01.579+0000] {processor.py:208} INFO - Processing /opt/airflow/dags/first_dag.py took 0.058 seconds
[2025-11-15T20:20:31.648+0000] {processor.py:186} INFO - Started process (PID=3191) to work on /opt/airflow/dags/first_dag.py
[2025-11-15T20:20:31.649+0000] {processor.py:914} INFO - Processing file /opt/airflow/dags/first_dag.py for tasks to queue
[2025-11-15T20:20:31.651+0000] {logging_mixin.py:190} INFO - [2025-11-15T20:20:31.651+0000] {dagbag.py:588} INFO - Filling up the DagBag from /opt/airflow/dags/first_dag.py
[2025-11-15T20:20:31.666+0000] {processor.py:925} INFO - DAG(s) 'my_first_dag' retrieved from /opt/airflow/dags/first_dag.py
[2025-11-15T20:20:31.681+0000] {logging_mixin.py:190} INFO - [2025-11-15T20:20:31.681+0000] {dag.py:3239} INFO - Sync 1 DAGs
[2025-11-15T20:20:31.697+0000] {logging_mixin.py:190} INFO - [2025-11-15T20:20:31.697+0000] {dag.py:4180} INFO - Setting next_dagrun for my_first_dag to 2025-11-14 00:00:00+00:00, run_after=2025-11-15 00:00:00+00:00
[2025-11-15T20:20:31.711+0000] {processor.py:208} INFO - Processing /opt/airflow/dags/first_dag.py took 0.068 seconds
[2025-11-15T20:21:01.954+0000] {processor.py:186} INFO - Started process (PID=3250) to work on /opt/airflow/dags/first_dag.py
[2025-11-15T20:21:01.955+0000] {processor.py:914} INFO - Processing file /opt/airflow/dags/first_dag.py for tasks to queue
[2025-11-15T20:21:01.957+0000] {logging_mixin.py:190} INFO - [2025-11-15T20:21:01.957+0000] {dagbag.py:588} INFO - Filling up the DagBag from /opt/airflow/dags/first_dag.py
[2025-11-15T20:21:01.968+0000] {processor.py:925} INFO - DAG(s) 'my_first_dag' retrieved from /opt/airflow/dags/first_dag.py
[2025-11-15T20:21:01.982+0000] {logging_mixin.py:190} INFO - [2025-11-15T20:21:01.982+0000] {dag.py:3239} INFO - Sync 1 DAGs
[2025-11-15T20:21:01.999+0000] {logging_mixin.py:190} INFO - [2025-11-15T20:21:01.999+0000] {dag.py:4180} INFO - Setting next_dagrun for my_first_dag to 2025-11-14 00:00:00+00:00, run_after=2025-11-15 00:00:00+00:00
[2025-11-15T20:21:02.012+0000] {processor.py:208} INFO - Processing /opt/airflow/dags/first_dag.py took 0.061 seconds
[2025-11-15T20:21:32.115+0000] {processor.py:186} INFO - Started process (PID=3315) to work on /opt/airflow/dags/first_dag.py
[2025-11-15T20:21:32.116+0000] {processor.py:914} INFO - Processing file /opt/airflow/dags/first_dag.py for tasks to queue
[2025-11-15T20:21:32.118+0000] {logging_mixin.py:190} INFO - [2025-11-15T20:21:32.118+0000] {dagbag.py:588} INFO - Filling up the DagBag from /opt/airflow/dags/first_dag.py
[2025-11-15T20:21:32.137+0000] {processor.py:925} INFO - DAG(s) 'my_first_dag' retrieved from /opt/airflow/dags/first_dag.py
[2025-11-15T20:21:32.151+0000] {logging_mixin.py:190} INFO - [2025-11-15T20:21:32.151+0000] {dag.py:3239} INFO - Sync 1 DAGs
[2025-11-15T20:21:32.166+0000] {logging_mixin.py:190} INFO - [2025-11-15T20:21:32.166+0000] {dag.py:4180} INFO - Setting next_dagrun for my_first_dag to 2025-11-14 00:00:00+00:00, run_after=2025-11-15 00:00:00+00:00
[2025-11-15T20:21:32.179+0000] {processor.py:208} INFO - Processing /opt/airflow/dags/first_dag.py took 0.068 seconds
[2025-11-15T20:22:02.371+0000] {processor.py:186} INFO - Started process (PID=3380) to work on /opt/airflow/dags/first_dag.py
[2025-11-15T20:22:02.372+0000] {processor.py:914} INFO - Processing file /opt/airflow/dags/first_dag.py for tasks to queue
[2025-11-15T20:22:02.374+0000] {logging_mixin.py:190} INFO - [2025-11-15T20:22:02.374+0000] {dagbag.py:588} INFO - Filling up the DagBag from /opt/airflow/dags/first_dag.py
[2025-11-15T20:22:02.397+0000] {processor.py:925} INFO - DAG(s) 'my_first_dag' retrieved from /opt/airflow/dags/first_dag.py
[2025-11-15T20:22:02.413+0000] {logging_mixin.py:190} INFO - [2025-11-15T20:22:02.412+0000] {dag.py:3239} INFO - Sync 1 DAGs
[2025-11-15T20:22:02.429+0000] {logging_mixin.py:190} INFO - [2025-11-15T20:22:02.429+0000] {dag.py:4180} INFO - Setting next_dagrun for my_first_dag to 2025-11-14 00:00:00+00:00, run_after=2025-11-15 00:00:00+00:00
[2025-11-15T20:22:02.445+0000] {processor.py:208} INFO - Processing /opt/airflow/dags/first_dag.py took 0.077 seconds
[2025-11-15T20:22:32.672+0000] {processor.py:186} INFO - Started process (PID=3445) to work on /opt/airflow/dags/first_dag.py
[2025-11-15T20:22:32.673+0000] {processor.py:914} INFO - Processing file /opt/airflow/dags/first_dag.py for tasks to queue
[2025-11-15T20:22:32.675+0000] {logging_mixin.py:190} INFO - [2025-11-15T20:22:32.674+0000] {dagbag.py:588} INFO - Filling up the DagBag from /opt/airflow/dags/first_dag.py
[2025-11-15T20:22:32.688+0000] {processor.py:925} INFO - DAG(s) 'my_first_dag' retrieved from /opt/airflow/dags/first_dag.py
[2025-11-15T20:22:32.700+0000] {logging_mixin.py:190} INFO - [2025-11-15T20:22:32.700+0000] {dag.py:3239} INFO - Sync 1 DAGs
[2025-11-15T20:22:32.713+0000] {logging_mixin.py:190} INFO - [2025-11-15T20:22:32.713+0000] {dag.py:4180} INFO - Setting next_dagrun for my_first_dag to 2025-11-14 00:00:00+00:00, run_after=2025-11-15 00:00:00+00:00
[2025-11-15T20:22:32.727+0000] {processor.py:208} INFO - Processing /opt/airflow/dags/first_dag.py took 0.060 seconds
[2025-11-15T20:23:03.279+0000] {processor.py:186} INFO - Started process (PID=3510) to work on /opt/airflow/dags/first_dag.py
[2025-11-15T20:23:03.280+0000] {processor.py:914} INFO - Processing file /opt/airflow/dags/first_dag.py for tasks to queue
[2025-11-15T20:23:03.282+0000] {logging_mixin.py:190} INFO - [2025-11-15T20:23:03.282+0000] {dagbag.py:588} INFO - Filling up the DagBag from /opt/airflow/dags/first_dag.py
[2025-11-15T20:23:03.299+0000] {processor.py:925} INFO - DAG(s) 'my_first_dag' retrieved from /opt/airflow/dags/first_dag.py
[2025-11-15T20:23:03.313+0000] {logging_mixin.py:190} INFO - [2025-11-15T20:23:03.313+0000] {dag.py:3239} INFO - Sync 1 DAGs
[2025-11-15T20:23:03.331+0000] {logging_mixin.py:190} INFO - [2025-11-15T20:23:03.331+0000] {dag.py:4180} INFO - Setting next_dagrun for my_first_dag to 2025-11-14 00:00:00+00:00, run_after=2025-11-15 00:00:00+00:00
[2025-11-15T20:23:03.348+0000] {processor.py:208} INFO - Processing /opt/airflow/dags/first_dag.py took 0.074 seconds
[2025-11-15T20:23:33.965+0000] {processor.py:186} INFO - Started process (PID=3575) to work on /opt/airflow/dags/first_dag.py
[2025-11-15T20:23:33.966+0000] {processor.py:914} INFO - Processing file /opt/airflow/dags/first_dag.py for tasks to queue
[2025-11-15T20:23:33.967+0000] {logging_mixin.py:190} INFO - [2025-11-15T20:23:33.967+0000] {dagbag.py:588} INFO - Filling up the DagBag from /opt/airflow/dags/first_dag.py
[2025-11-15T20:23:33.982+0000] {processor.py:925} INFO - DAG(s) 'my_first_dag' retrieved from /opt/airflow/dags/first_dag.py
[2025-11-15T20:23:33.996+0000] {logging_mixin.py:190} INFO - [2025-11-15T20:23:33.996+0000] {dag.py:3239} INFO - Sync 1 DAGs
[2025-11-15T20:23:34.012+0000] {logging_mixin.py:190} INFO - [2025-11-15T20:23:34.012+0000] {dag.py:4180} INFO - Setting next_dagrun for my_first_dag to 2025-11-14 00:00:00+00:00, run_after=2025-11-15 00:00:00+00:00
[2025-11-15T20:23:34.027+0000] {processor.py:208} INFO - Processing /opt/airflow/dags/first_dag.py took 0.066 seconds
[2025-11-15T20:24:04.232+0000] {processor.py:186} INFO - Started process (PID=3640) to work on /opt/airflow/dags/first_dag.py
[2025-11-15T20:24:04.236+0000] {processor.py:914} INFO - Processing file /opt/airflow/dags/first_dag.py for tasks to queue
[2025-11-15T20:24:04.238+0000] {logging_mixin.py:190} INFO - [2025-11-15T20:24:04.237+0000] {dagbag.py:588} INFO - Filling up the DagBag from /opt/airflow/dags/first_dag.py
[2025-11-15T20:24:04.248+0000] {processor.py:925} INFO - DAG(s) 'my_first_dag' retrieved from /opt/airflow/dags/first_dag.py
[2025-11-15T20:24:04.262+0000] {logging_mixin.py:190} INFO - [2025-11-15T20:24:04.262+0000] {dag.py:3239} INFO - Sync 1 DAGs
[2025-11-15T20:24:04.278+0000] {logging_mixin.py:190} INFO - [2025-11-15T20:24:04.278+0000] {dag.py:4180} INFO - Setting next_dagrun for my_first_dag to 2025-11-14 00:00:00+00:00, run_after=2025-11-15 00:00:00+00:00
[2025-11-15T20:24:04.293+0000] {processor.py:208} INFO - Processing /opt/airflow/dags/first_dag.py took 0.064 seconds
[2025-11-15T20:24:34.662+0000] {processor.py:186} INFO - Started process (PID=3705) to work on /opt/airflow/dags/first_dag.py
[2025-11-15T20:24:34.663+0000] {processor.py:914} INFO - Processing file /opt/airflow/dags/first_dag.py for tasks to queue
[2025-11-15T20:24:34.665+0000] {logging_mixin.py:190} INFO - [2025-11-15T20:24:34.664+0000] {dagbag.py:588} INFO - Filling up the DagBag from /opt/airflow/dags/first_dag.py
[2025-11-15T20:24:34.676+0000] {processor.py:925} INFO - DAG(s) 'my_first_dag' retrieved from /opt/airflow/dags/first_dag.py
[2025-11-15T20:24:34.690+0000] {logging_mixin.py:190} INFO - [2025-11-15T20:24:34.690+0000] {dag.py:3239} INFO - Sync 1 DAGs
[2025-11-15T20:24:34.707+0000] {logging_mixin.py:190} INFO - [2025-11-15T20:24:34.707+0000] {dag.py:4180} INFO - Setting next_dagrun for my_first_dag to 2025-11-14 00:00:00+00:00, run_after=2025-11-15 00:00:00+00:00
[2025-11-15T20:24:34.722+0000] {processor.py:208} INFO - Processing /opt/airflow/dags/first_dag.py took 0.063 seconds
[2025-11-15T20:25:04.824+0000] {processor.py:186} INFO - Started process (PID=3770) to work on /opt/airflow/dags/first_dag.py
[2025-11-15T20:25:04.825+0000] {processor.py:914} INFO - Processing file /opt/airflow/dags/first_dag.py for tasks to queue
[2025-11-15T20:25:04.828+0000] {logging_mixin.py:190} INFO - [2025-11-15T20:25:04.828+0000] {dagbag.py:588} INFO - Filling up the DagBag from /opt/airflow/dags/first_dag.py
[2025-11-15T20:25:04.840+0000] {processor.py:925} INFO - DAG(s) 'my_first_dag' retrieved from /opt/airflow/dags/first_dag.py
[2025-11-15T20:25:04.854+0000] {logging_mixin.py:190} INFO - [2025-11-15T20:25:04.854+0000] {dag.py:3239} INFO - Sync 1 DAGs
[2025-11-15T20:25:04.869+0000] {logging_mixin.py:190} INFO - [2025-11-15T20:25:04.869+0000] {dag.py:4180} INFO - Setting next_dagrun for my_first_dag to 2025-11-14 00:00:00+00:00, run_after=2025-11-15 00:00:00+00:00
[2025-11-15T20:25:04.883+0000] {processor.py:208} INFO - Processing /opt/airflow/dags/first_dag.py took 0.063 seconds
[2025-11-15T20:25:35.025+0000] {processor.py:186} INFO - Started process (PID=3836) to work on /opt/airflow/dags/first_dag.py
[2025-11-15T20:25:35.027+0000] {processor.py:914} INFO - Processing file /opt/airflow/dags/first_dag.py for tasks to queue
[2025-11-15T20:25:35.029+0000] {logging_mixin.py:190} INFO - [2025-11-15T20:25:35.029+0000] {dagbag.py:588} INFO - Filling up the DagBag from /opt/airflow/dags/first_dag.py
[2025-11-15T20:25:35.041+0000] {processor.py:925} INFO - DAG(s) 'my_first_dag' retrieved from /opt/airflow/dags/first_dag.py
[2025-11-15T20:25:35.053+0000] {logging_mixin.py:190} INFO - [2025-11-15T20:25:35.052+0000] {dag.py:3239} INFO - Sync 1 DAGs
[2025-11-15T20:25:35.066+0000] {logging_mixin.py:190} INFO - [2025-11-15T20:25:35.066+0000] {dag.py:4180} INFO - Setting next_dagrun for my_first_dag to 2025-11-14 00:00:00+00:00, run_after=2025-11-15 00:00:00+00:00
[2025-11-15T20:25:35.080+0000] {processor.py:208} INFO - Processing /opt/airflow/dags/first_dag.py took 0.058 seconds
[2025-11-15T20:26:05.155+0000] {processor.py:186} INFO - Started process (PID=3901) to work on /opt/airflow/dags/first_dag.py
[2025-11-15T20:26:05.156+0000] {processor.py:914} INFO - Processing file /opt/airflow/dags/first_dag.py for tasks to queue
[2025-11-15T20:26:05.157+0000] {logging_mixin.py:190} INFO - [2025-11-15T20:26:05.157+0000] {dagbag.py:588} INFO - Filling up the DagBag from /opt/airflow/dags/first_dag.py
[2025-11-15T20:26:05.167+0000] {processor.py:925} INFO - DAG(s) 'my_first_dag' retrieved from /opt/airflow/dags/first_dag.py
[2025-11-15T20:26:05.179+0000] {logging_mixin.py:190} INFO - [2025-11-15T20:26:05.178+0000] {dag.py:3239} INFO - Sync 1 DAGs
[2025-11-15T20:26:05.193+0000] {logging_mixin.py:190} INFO - [2025-11-15T20:26:05.192+0000] {dag.py:4180} INFO - Setting next_dagrun for my_first_dag to 2025-11-14 00:00:00+00:00, run_after=2025-11-15 00:00:00+00:00
[2025-11-15T20:26:05.206+0000] {processor.py:208} INFO - Processing /opt/airflow/dags/first_dag.py took 0.055 seconds
[2025-11-15T20:26:35.630+0000] {processor.py:186} INFO - Started process (PID=3966) to work on /opt/airflow/dags/first_dag.py
[2025-11-15T20:26:35.631+0000] {processor.py:914} INFO - Processing file /opt/airflow/dags/first_dag.py for tasks to queue
[2025-11-15T20:26:35.633+0000] {logging_mixin.py:190} INFO - [2025-11-15T20:26:35.633+0000] {dagbag.py:588} INFO - Filling up the DagBag from /opt/airflow/dags/first_dag.py
[2025-11-15T20:26:35.645+0000] {processor.py:925} INFO - DAG(s) 'my_first_dag' retrieved from /opt/airflow/dags/first_dag.py
[2025-11-15T20:26:35.657+0000] {logging_mixin.py:190} INFO - [2025-11-15T20:26:35.657+0000] {dag.py:3239} INFO - Sync 1 DAGs
[2025-11-15T20:26:35.674+0000] {logging_mixin.py:190} INFO - [2025-11-15T20:26:35.674+0000] {dag.py:4180} INFO - Setting next_dagrun for my_first_dag to 2025-11-14 00:00:00+00:00, run_after=2025-11-15 00:00:00+00:00
[2025-11-15T20:26:35.689+0000] {processor.py:208} INFO - Processing /opt/airflow/dags/first_dag.py took 0.063 seconds
[2025-11-15T20:27:05.764+0000] {processor.py:186} INFO - Started process (PID=4031) to work on /opt/airflow/dags/first_dag.py
[2025-11-15T20:27:05.765+0000] {processor.py:914} INFO - Processing file /opt/airflow/dags/first_dag.py for tasks to queue
[2025-11-15T20:27:05.767+0000] {logging_mixin.py:190} INFO - [2025-11-15T20:27:05.766+0000] {dagbag.py:588} INFO - Filling up the DagBag from /opt/airflow/dags/first_dag.py
[2025-11-15T20:27:05.781+0000] {processor.py:925} INFO - DAG(s) 'my_first_dag' retrieved from /opt/airflow/dags/first_dag.py
[2025-11-15T20:27:05.794+0000] {logging_mixin.py:190} INFO - [2025-11-15T20:27:05.794+0000] {dag.py:3239} INFO - Sync 1 DAGs
[2025-11-15T20:27:05.809+0000] {logging_mixin.py:190} INFO - [2025-11-15T20:27:05.808+0000] {dag.py:4180} INFO - Setting next_dagrun for my_first_dag to 2025-11-14 00:00:00+00:00, run_after=2025-11-15 00:00:00+00:00
[2025-11-15T20:27:05.821+0000] {processor.py:208} INFO - Processing /opt/airflow/dags/first_dag.py took 0.061 seconds
[2025-11-15T20:27:36.148+0000] {processor.py:186} INFO - Started process (PID=4096) to work on /opt/airflow/dags/first_dag.py
[2025-11-15T20:27:36.149+0000] {processor.py:914} INFO - Processing file /opt/airflow/dags/first_dag.py for tasks to queue
[2025-11-15T20:27:36.151+0000] {logging_mixin.py:190} INFO - [2025-11-15T20:27:36.151+0000] {dagbag.py:588} INFO - Filling up the DagBag from /opt/airflow/dags/first_dag.py
[2025-11-15T20:27:36.162+0000] {processor.py:925} INFO - DAG(s) 'my_first_dag' retrieved from /opt/airflow/dags/first_dag.py
[2025-11-15T20:27:36.175+0000] {logging_mixin.py:190} INFO - [2025-11-15T20:27:36.175+0000] {dag.py:3239} INFO - Sync 1 DAGs
[2025-11-15T20:27:36.188+0000] {logging_mixin.py:190} INFO - [2025-11-15T20:27:36.188+0000] {dag.py:4180} INFO - Setting next_dagrun for my_first_dag to 2025-11-14 00:00:00+00:00, run_after=2025-11-15 00:00:00+00:00
[2025-11-15T20:27:36.203+0000] {processor.py:208} INFO - Processing /opt/airflow/dags/first_dag.py took 0.059 seconds
[2025-11-15T20:28:06.242+0000] {processor.py:186} INFO - Started process (PID=4162) to work on /opt/airflow/dags/first_dag.py
[2025-11-15T20:28:06.243+0000] {processor.py:914} INFO - Processing file /opt/airflow/dags/first_dag.py for tasks to queue
[2025-11-15T20:28:06.245+0000] {logging_mixin.py:190} INFO - [2025-11-15T20:28:06.244+0000] {dagbag.py:588} INFO - Filling up the DagBag from /opt/airflow/dags/first_dag.py
[2025-11-15T20:28:06.257+0000] {processor.py:925} INFO - DAG(s) 'my_first_dag' retrieved from /opt/airflow/dags/first_dag.py
[2025-11-15T20:28:06.270+0000] {logging_mixin.py:190} INFO - [2025-11-15T20:28:06.270+0000] {dag.py:3239} INFO - Sync 1 DAGs
[2025-11-15T20:28:06.285+0000] {logging_mixin.py:190} INFO - [2025-11-15T20:28:06.285+0000] {dag.py:4180} INFO - Setting next_dagrun for my_first_dag to 2025-11-14 00:00:00+00:00, run_after=2025-11-15 00:00:00+00:00
[2025-11-15T20:28:06.297+0000] {processor.py:208} INFO - Processing /opt/airflow/dags/first_dag.py took 0.058 seconds
[2025-11-15T20:28:36.402+0000] {processor.py:186} INFO - Started process (PID=4226) to work on /opt/airflow/dags/first_dag.py
[2025-11-15T20:28:36.404+0000] {processor.py:914} INFO - Processing file /opt/airflow/dags/first_dag.py for tasks to queue
[2025-11-15T20:28:36.406+0000] {logging_mixin.py:190} INFO - [2025-11-15T20:28:36.406+0000] {dagbag.py:588} INFO - Filling up the DagBag from /opt/airflow/dags/first_dag.py
[2025-11-15T20:28:36.437+0000] {processor.py:925} INFO - DAG(s) 'my_first_dag' retrieved from /opt/airflow/dags/first_dag.py
[2025-11-15T20:28:36.453+0000] {logging_mixin.py:190} INFO - [2025-11-15T20:28:36.453+0000] {dag.py:3239} INFO - Sync 1 DAGs
[2025-11-15T20:28:36.470+0000] {logging_mixin.py:190} INFO - [2025-11-15T20:28:36.470+0000] {dag.py:4180} INFO - Setting next_dagrun for my_first_dag to 2025-11-14 00:00:00+00:00, run_after=2025-11-15 00:00:00+00:00
[2025-11-15T20:28:36.488+0000] {processor.py:208} INFO - Processing /opt/airflow/dags/first_dag.py took 0.091 seconds
[2025-11-15T20:29:06.634+0000] {processor.py:186} INFO - Started process (PID=4291) to work on /opt/airflow/dags/first_dag.py
[2025-11-15T20:29:06.635+0000] {processor.py:914} INFO - Processing file /opt/airflow/dags/first_dag.py for tasks to queue
[2025-11-15T20:29:06.637+0000] {logging_mixin.py:190} INFO - [2025-11-15T20:29:06.637+0000] {dagbag.py:588} INFO - Filling up the DagBag from /opt/airflow/dags/first_dag.py
[2025-11-15T20:29:06.647+0000] {processor.py:925} INFO - DAG(s) 'my_first_dag' retrieved from /opt/airflow/dags/first_dag.py
[2025-11-15T20:29:06.660+0000] {logging_mixin.py:190} INFO - [2025-11-15T20:29:06.660+0000] {dag.py:3239} INFO - Sync 1 DAGs
[2025-11-15T20:29:06.675+0000] {logging_mixin.py:190} INFO - [2025-11-15T20:29:06.675+0000] {dag.py:4180} INFO - Setting next_dagrun for my_first_dag to 2025-11-14 00:00:00+00:00, run_after=2025-11-15 00:00:00+00:00
[2025-11-15T20:29:06.690+0000] {processor.py:208} INFO - Processing /opt/airflow/dags/first_dag.py took 0.060 seconds
[2025-11-15T20:29:37.046+0000] {processor.py:186} INFO - Started process (PID=4356) to work on /opt/airflow/dags/first_dag.py
[2025-11-15T20:29:37.046+0000] {processor.py:914} INFO - Processing file /opt/airflow/dags/first_dag.py for tasks to queue
[2025-11-15T20:29:37.048+0000] {logging_mixin.py:190} INFO - [2025-11-15T20:29:37.048+0000] {dagbag.py:588} INFO - Filling up the DagBag from /opt/airflow/dags/first_dag.py
[2025-11-15T20:29:37.059+0000] {processor.py:925} INFO - DAG(s) 'my_first_dag' retrieved from /opt/airflow/dags/first_dag.py
[2025-11-15T20:29:37.070+0000] {logging_mixin.py:190} INFO - [2025-11-15T20:29:37.070+0000] {dag.py:3239} INFO - Sync 1 DAGs
[2025-11-15T20:29:37.085+0000] {logging_mixin.py:190} INFO - [2025-11-15T20:29:37.084+0000] {dag.py:4180} INFO - Setting next_dagrun for my_first_dag to 2025-11-14 00:00:00+00:00, run_after=2025-11-15 00:00:00+00:00
[2025-11-15T20:29:37.099+0000] {processor.py:208} INFO - Processing /opt/airflow/dags/first_dag.py took 0.058 seconds
[2025-11-15T20:30:07.838+0000] {processor.py:186} INFO - Started process (PID=4421) to work on /opt/airflow/dags/first_dag.py
[2025-11-15T20:30:07.839+0000] {processor.py:914} INFO - Processing file /opt/airflow/dags/first_dag.py for tasks to queue
[2025-11-15T20:30:07.841+0000] {logging_mixin.py:190} INFO - [2025-11-15T20:30:07.841+0000] {dagbag.py:588} INFO - Filling up the DagBag from /opt/airflow/dags/first_dag.py
[2025-11-15T20:30:07.852+0000] {processor.py:925} INFO - DAG(s) 'my_first_dag' retrieved from /opt/airflow/dags/first_dag.py
[2025-11-15T20:30:07.865+0000] {logging_mixin.py:190} INFO - [2025-11-15T20:30:07.864+0000] {dag.py:3239} INFO - Sync 1 DAGs
[2025-11-15T20:30:07.879+0000] {logging_mixin.py:190} INFO - [2025-11-15T20:30:07.878+0000] {dag.py:4180} INFO - Setting next_dagrun for my_first_dag to 2025-11-14 00:00:00+00:00, run_after=2025-11-15 00:00:00+00:00
[2025-11-15T20:30:07.892+0000] {processor.py:208} INFO - Processing /opt/airflow/dags/first_dag.py took 0.058 seconds
[2025-11-15T20:30:38.687+0000] {processor.py:186} INFO - Started process (PID=4486) to work on /opt/airflow/dags/first_dag.py
[2025-11-15T20:30:38.688+0000] {processor.py:914} INFO - Processing file /opt/airflow/dags/first_dag.py for tasks to queue
[2025-11-15T20:30:38.691+0000] {logging_mixin.py:190} INFO - [2025-11-15T20:30:38.690+0000] {dagbag.py:588} INFO - Filling up the DagBag from /opt/airflow/dags/first_dag.py
[2025-11-15T20:30:38.710+0000] {processor.py:925} INFO - DAG(s) 'my_first_dag' retrieved from /opt/airflow/dags/first_dag.py
[2025-11-15T20:30:38.726+0000] {logging_mixin.py:190} INFO - [2025-11-15T20:30:38.725+0000] {dag.py:3239} INFO - Sync 1 DAGs
[2025-11-15T20:30:38.743+0000] {logging_mixin.py:190} INFO - [2025-11-15T20:30:38.743+0000] {dag.py:4180} INFO - Setting next_dagrun for my_first_dag to 2025-11-14 00:00:00+00:00, run_after=2025-11-15 00:00:00+00:00
[2025-11-15T20:30:38.759+0000] {processor.py:208} INFO - Processing /opt/airflow/dags/first_dag.py took 0.077 seconds
[2025-11-15T20:31:08.875+0000] {processor.py:186} INFO - Started process (PID=4551) to work on /opt/airflow/dags/first_dag.py
[2025-11-15T20:31:08.876+0000] {processor.py:914} INFO - Processing file /opt/airflow/dags/first_dag.py for tasks to queue
[2025-11-15T20:31:08.877+0000] {logging_mixin.py:190} INFO - [2025-11-15T20:31:08.877+0000] {dagbag.py:588} INFO - Filling up the DagBag from /opt/airflow/dags/first_dag.py
[2025-11-15T20:31:08.895+0000] {processor.py:925} INFO - DAG(s) 'my_first_dag' retrieved from /opt/airflow/dags/first_dag.py
[2025-11-15T20:31:08.906+0000] {logging_mixin.py:190} INFO - [2025-11-15T20:31:08.906+0000] {dag.py:3239} INFO - Sync 1 DAGs
[2025-11-15T20:31:08.921+0000] {logging_mixin.py:190} INFO - [2025-11-15T20:31:08.921+0000] {dag.py:4180} INFO - Setting next_dagrun for my_first_dag to 2025-11-14 00:00:00+00:00, run_after=2025-11-15 00:00:00+00:00
[2025-11-15T20:31:09.050+0000] {processor.py:208} INFO - Processing /opt/airflow/dags/first_dag.py took 0.180 seconds
[2025-11-15T20:31:39.143+0000] {processor.py:186} INFO - Started process (PID=4617) to work on /opt/airflow/dags/first_dag.py
[2025-11-15T20:31:39.144+0000] {processor.py:914} INFO - Processing file /opt/airflow/dags/first_dag.py for tasks to queue
[2025-11-15T20:31:39.146+0000] {logging_mixin.py:190} INFO - [2025-11-15T20:31:39.146+0000] {dagbag.py:588} INFO - Filling up the DagBag from /opt/airflow/dags/first_dag.py
[2025-11-15T20:31:39.156+0000] {processor.py:925} INFO - DAG(s) 'my_first_dag' retrieved from /opt/airflow/dags/first_dag.py
[2025-11-15T20:31:39.168+0000] {logging_mixin.py:190} INFO - [2025-11-15T20:31:39.168+0000] {dag.py:3239} INFO - Sync 1 DAGs
[2025-11-15T20:31:39.180+0000] {logging_mixin.py:190} INFO - [2025-11-15T20:31:39.180+0000] {dag.py:4180} INFO - Setting next_dagrun for my_first_dag to 2025-11-14 00:00:00+00:00, run_after=2025-11-15 00:00:00+00:00
[2025-11-15T20:31:39.193+0000] {processor.py:208} INFO - Processing /opt/airflow/dags/first_dag.py took 0.054 seconds
[2025-11-15T20:32:10.065+0000] {processor.py:186} INFO - Started process (PID=4681) to work on /opt/airflow/dags/first_dag.py
[2025-11-15T20:32:10.068+0000] {processor.py:914} INFO - Processing file /opt/airflow/dags/first_dag.py for tasks to queue
[2025-11-15T20:32:10.070+0000] {logging_mixin.py:190} INFO - [2025-11-15T20:32:10.070+0000] {dagbag.py:588} INFO - Filling up the DagBag from /opt/airflow/dags/first_dag.py
[2025-11-15T20:32:10.080+0000] {processor.py:925} INFO - DAG(s) 'my_first_dag' retrieved from /opt/airflow/dags/first_dag.py
[2025-11-15T20:32:10.092+0000] {logging_mixin.py:190} INFO - [2025-11-15T20:32:10.092+0000] {dag.py:3239} INFO - Sync 1 DAGs
[2025-11-15T20:32:10.105+0000] {logging_mixin.py:190} INFO - [2025-11-15T20:32:10.105+0000] {dag.py:4180} INFO - Setting next_dagrun for my_first_dag to 2025-11-14 00:00:00+00:00, run_after=2025-11-15 00:00:00+00:00
[2025-11-15T20:32:10.122+0000] {processor.py:208} INFO - Processing /opt/airflow/dags/first_dag.py took 0.061 seconds
[2025-11-15T20:32:40.717+0000] {processor.py:186} INFO - Started process (PID=4746) to work on /opt/airflow/dags/first_dag.py
[2025-11-15T20:32:40.718+0000] {processor.py:914} INFO - Processing file /opt/airflow/dags/first_dag.py for tasks to queue
[2025-11-15T20:32:40.720+0000] {logging_mixin.py:190} INFO - [2025-11-15T20:32:40.720+0000] {dagbag.py:588} INFO - Filling up the DagBag from /opt/airflow/dags/first_dag.py
[2025-11-15T20:32:40.732+0000] {processor.py:925} INFO - DAG(s) 'my_first_dag' retrieved from /opt/airflow/dags/first_dag.py
[2025-11-15T20:32:40.745+0000] {logging_mixin.py:190} INFO - [2025-11-15T20:32:40.745+0000] {dag.py:3239} INFO - Sync 1 DAGs
[2025-11-15T20:32:40.876+0000] {logging_mixin.py:190} INFO - [2025-11-15T20:32:40.876+0000] {dag.py:4180} INFO - Setting next_dagrun for my_first_dag to 2025-11-14 00:00:00+00:00, run_after=2025-11-15 00:00:00+00:00
[2025-11-15T20:32:40.891+0000] {processor.py:208} INFO - Processing /opt/airflow/dags/first_dag.py took 0.178 seconds
[2025-11-15T20:33:11.559+0000] {processor.py:186} INFO - Started process (PID=4811) to work on /opt/airflow/dags/first_dag.py
[2025-11-15T20:33:11.560+0000] {processor.py:914} INFO - Processing file /opt/airflow/dags/first_dag.py for tasks to queue
[2025-11-15T20:33:11.562+0000] {logging_mixin.py:190} INFO - [2025-11-15T20:33:11.562+0000] {dagbag.py:588} INFO - Filling up the DagBag from /opt/airflow/dags/first_dag.py
[2025-11-15T20:33:11.572+0000] {processor.py:925} INFO - DAG(s) 'my_first_dag' retrieved from /opt/airflow/dags/first_dag.py
[2025-11-15T20:33:11.584+0000] {logging_mixin.py:190} INFO - [2025-11-15T20:33:11.583+0000] {dag.py:3239} INFO - Sync 1 DAGs
[2025-11-15T20:33:11.597+0000] {logging_mixin.py:190} INFO - [2025-11-15T20:33:11.597+0000] {dag.py:4180} INFO - Setting next_dagrun for my_first_dag to 2025-11-14 00:00:00+00:00, run_after=2025-11-15 00:00:00+00:00
[2025-11-15T20:33:11.722+0000] {processor.py:208} INFO - Processing /opt/airflow/dags/first_dag.py took 0.167 seconds
[2025-11-15T20:33:42.443+0000] {processor.py:186} INFO - Started process (PID=4876) to work on /opt/airflow/dags/first_dag.py
[2025-11-15T20:33:42.444+0000] {processor.py:914} INFO - Processing file /opt/airflow/dags/first_dag.py for tasks to queue
[2025-11-15T20:33:42.447+0000] {logging_mixin.py:190} INFO - [2025-11-15T20:33:42.446+0000] {dagbag.py:588} INFO - Filling up the DagBag from /opt/airflow/dags/first_dag.py
[2025-11-15T20:33:42.459+0000] {processor.py:925} INFO - DAG(s) 'my_first_dag' retrieved from /opt/airflow/dags/first_dag.py
[2025-11-15T20:33:42.470+0000] {logging_mixin.py:190} INFO - [2025-11-15T20:33:42.470+0000] {dag.py:3239} INFO - Sync 1 DAGs
[2025-11-15T20:33:42.483+0000] {logging_mixin.py:190} INFO - [2025-11-15T20:33:42.483+0000] {dag.py:4180} INFO - Setting next_dagrun for my_first_dag to 2025-11-14 00:00:00+00:00, run_after=2025-11-15 00:00:00+00:00
[2025-11-15T20:33:42.497+0000] {processor.py:208} INFO - Processing /opt/airflow/dags/first_dag.py took 0.057 seconds
[2025-11-15T20:34:12.536+0000] {processor.py:186} INFO - Started process (PID=4941) to work on /opt/airflow/dags/first_dag.py
[2025-11-15T20:34:12.537+0000] {processor.py:914} INFO - Processing file /opt/airflow/dags/first_dag.py for tasks to queue
[2025-11-15T20:34:12.539+0000] {logging_mixin.py:190} INFO - [2025-11-15T20:34:12.539+0000] {dagbag.py:588} INFO - Filling up the DagBag from /opt/airflow/dags/first_dag.py
[2025-11-15T20:34:12.550+0000] {processor.py:925} INFO - DAG(s) 'my_first_dag' retrieved from /opt/airflow/dags/first_dag.py
[2025-11-15T20:34:12.680+0000] {logging_mixin.py:190} INFO - [2025-11-15T20:34:12.680+0000] {dag.py:3239} INFO - Sync 1 DAGs
[2025-11-15T20:34:12.692+0000] {logging_mixin.py:190} INFO - [2025-11-15T20:34:12.692+0000] {dag.py:4180} INFO - Setting next_dagrun for my_first_dag to 2025-11-14 00:00:00+00:00, run_after=2025-11-15 00:00:00+00:00
[2025-11-15T20:34:12.705+0000] {processor.py:208} INFO - Processing /opt/airflow/dags/first_dag.py took 0.172 seconds
[2025-11-15T20:34:43.312+0000] {processor.py:186} INFO - Started process (PID=5006) to work on /opt/airflow/dags/first_dag.py
[2025-11-15T20:34:43.313+0000] {processor.py:914} INFO - Processing file /opt/airflow/dags/first_dag.py for tasks to queue
[2025-11-15T20:34:43.315+0000] {logging_mixin.py:190} INFO - [2025-11-15T20:34:43.314+0000] {dagbag.py:588} INFO - Filling up the DagBag from /opt/airflow/dags/first_dag.py
[2025-11-15T20:34:43.336+0000] {processor.py:925} INFO - DAG(s) 'my_first_dag' retrieved from /opt/airflow/dags/first_dag.py
[2025-11-15T20:34:43.347+0000] {logging_mixin.py:190} INFO - [2025-11-15T20:34:43.347+0000] {dag.py:3239} INFO - Sync 1 DAGs
[2025-11-15T20:34:43.361+0000] {logging_mixin.py:190} INFO - [2025-11-15T20:34:43.361+0000] {dag.py:4180} INFO - Setting next_dagrun for my_first_dag to 2025-11-14 00:00:00+00:00, run_after=2025-11-15 00:00:00+00:00
[2025-11-15T20:34:43.375+0000] {processor.py:208} INFO - Processing /opt/airflow/dags/first_dag.py took 0.067 seconds
[2025-11-15T20:35:14.394+0000] {processor.py:186} INFO - Started process (PID=5071) to work on /opt/airflow/dags/first_dag.py
[2025-11-15T20:35:14.395+0000] {processor.py:914} INFO - Processing file /opt/airflow/dags/first_dag.py for tasks to queue
[2025-11-15T20:35:14.398+0000] {logging_mixin.py:190} INFO - [2025-11-15T20:35:14.398+0000] {dagbag.py:588} INFO - Filling up the DagBag from /opt/airflow/dags/first_dag.py
[2025-11-15T20:35:14.423+0000] {processor.py:925} INFO - DAG(s) 'my_first_dag' retrieved from /opt/airflow/dags/first_dag.py
[2025-11-15T20:35:14.435+0000] {logging_mixin.py:190} INFO - [2025-11-15T20:35:14.435+0000] {dag.py:3239} INFO - Sync 1 DAGs
[2025-11-15T20:35:14.450+0000] {logging_mixin.py:190} INFO - [2025-11-15T20:35:14.449+0000] {dag.py:4180} INFO - Setting next_dagrun for my_first_dag to 2025-11-14 00:00:00+00:00, run_after=2025-11-15 00:00:00+00:00
[2025-11-15T20:35:14.466+0000] {processor.py:208} INFO - Processing /opt/airflow/dags/first_dag.py took 0.076 seconds
[2025-11-15T20:35:45.477+0000] {processor.py:186} INFO - Started process (PID=5136) to work on /opt/airflow/dags/first_dag.py
[2025-11-15T20:35:45.478+0000] {processor.py:914} INFO - Processing file /opt/airflow/dags/first_dag.py for tasks to queue
[2025-11-15T20:35:45.480+0000] {logging_mixin.py:190} INFO - [2025-11-15T20:35:45.479+0000] {dagbag.py:588} INFO - Filling up the DagBag from /opt/airflow/dags/first_dag.py
[2025-11-15T20:35:45.493+0000] {processor.py:925} INFO - DAG(s) 'my_first_dag' retrieved from /opt/airflow/dags/first_dag.py
[2025-11-15T20:35:45.505+0000] {logging_mixin.py:190} INFO - [2025-11-15T20:35:45.505+0000] {dag.py:3239} INFO - Sync 1 DAGs
[2025-11-15T20:35:45.519+0000] {logging_mixin.py:190} INFO - [2025-11-15T20:35:45.519+0000] {dag.py:4180} INFO - Setting next_dagrun for my_first_dag to 2025-11-14 00:00:00+00:00, run_after=2025-11-15 00:00:00+00:00
[2025-11-15T20:35:45.533+0000] {processor.py:208} INFO - Processing /opt/airflow/dags/first_dag.py took 0.061 seconds
[2025-11-15T20:36:16.357+0000] {processor.py:186} INFO - Started process (PID=5201) to work on /opt/airflow/dags/first_dag.py
[2025-11-15T20:36:16.358+0000] {processor.py:914} INFO - Processing file /opt/airflow/dags/first_dag.py for tasks to queue
[2025-11-15T20:36:16.360+0000] {logging_mixin.py:190} INFO - [2025-11-15T20:36:16.359+0000] {dagbag.py:588} INFO - Filling up the DagBag from /opt/airflow/dags/first_dag.py
[2025-11-15T20:36:16.372+0000] {processor.py:925} INFO - DAG(s) 'my_first_dag' retrieved from /opt/airflow/dags/first_dag.py
[2025-11-15T20:36:16.383+0000] {logging_mixin.py:190} INFO - [2025-11-15T20:36:16.382+0000] {dag.py:3239} INFO - Sync 1 DAGs
[2025-11-15T20:36:16.397+0000] {logging_mixin.py:190} INFO - [2025-11-15T20:36:16.396+0000] {dag.py:4180} INFO - Setting next_dagrun for my_first_dag to 2025-11-14 00:00:00+00:00, run_after=2025-11-15 00:00:00+00:00
[2025-11-15T20:36:16.411+0000] {processor.py:208} INFO - Processing /opt/airflow/dags/first_dag.py took 0.058 seconds
[2025-11-15T20:36:46.488+0000] {processor.py:186} INFO - Started process (PID=5266) to work on /opt/airflow/dags/first_dag.py
[2025-11-15T20:36:46.489+0000] {processor.py:914} INFO - Processing file /opt/airflow/dags/first_dag.py for tasks to queue
[2025-11-15T20:36:46.491+0000] {logging_mixin.py:190} INFO - [2025-11-15T20:36:46.491+0000] {dagbag.py:588} INFO - Filling up the DagBag from /opt/airflow/dags/first_dag.py
[2025-11-15T20:36:46.501+0000] {processor.py:925} INFO - DAG(s) 'my_first_dag' retrieved from /opt/airflow/dags/first_dag.py
[2025-11-15T20:36:46.512+0000] {logging_mixin.py:190} INFO - [2025-11-15T20:36:46.511+0000] {dag.py:3239} INFO - Sync 1 DAGs
[2025-11-15T20:36:46.526+0000] {logging_mixin.py:190} INFO - [2025-11-15T20:36:46.526+0000] {dag.py:4180} INFO - Setting next_dagrun for my_first_dag to 2025-11-14 00:00:00+00:00, run_after=2025-11-15 00:00:00+00:00
[2025-11-15T20:36:46.539+0000] {processor.py:208} INFO - Processing /opt/airflow/dags/first_dag.py took 0.055 seconds
[2025-11-15T20:37:17.625+0000] {processor.py:186} INFO - Started process (PID=5331) to work on /opt/airflow/dags/first_dag.py
[2025-11-15T20:37:17.626+0000] {processor.py:914} INFO - Processing file /opt/airflow/dags/first_dag.py for tasks to queue
[2025-11-15T20:37:17.628+0000] {logging_mixin.py:190} INFO - [2025-11-15T20:37:17.628+0000] {dagbag.py:588} INFO - Filling up the DagBag from /opt/airflow/dags/first_dag.py
[2025-11-15T20:37:17.640+0000] {processor.py:925} INFO - DAG(s) 'my_first_dag' retrieved from /opt/airflow/dags/first_dag.py
[2025-11-15T20:37:17.651+0000] {logging_mixin.py:190} INFO - [2025-11-15T20:37:17.651+0000] {dag.py:3239} INFO - Sync 1 DAGs
[2025-11-15T20:37:17.665+0000] {logging_mixin.py:190} INFO - [2025-11-15T20:37:17.665+0000] {dag.py:4180} INFO - Setting next_dagrun for my_first_dag to 2025-11-14 00:00:00+00:00, run_after=2025-11-15 00:00:00+00:00
[2025-11-15T20:37:17.678+0000] {processor.py:208} INFO - Processing /opt/airflow/dags/first_dag.py took 0.056 seconds
[2025-11-15T20:37:47.964+0000] {processor.py:186} INFO - Started process (PID=5396) to work on /opt/airflow/dags/first_dag.py
[2025-11-15T20:37:47.965+0000] {processor.py:914} INFO - Processing file /opt/airflow/dags/first_dag.py for tasks to queue
[2025-11-15T20:37:47.969+0000] {logging_mixin.py:190} INFO - [2025-11-15T20:37:47.969+0000] {dagbag.py:588} INFO - Filling up the DagBag from /opt/airflow/dags/first_dag.py
[2025-11-15T20:37:47.981+0000] {processor.py:925} INFO - DAG(s) 'my_first_dag' retrieved from /opt/airflow/dags/first_dag.py
[2025-11-15T20:37:47.992+0000] {logging_mixin.py:190} INFO - [2025-11-15T20:37:47.992+0000] {dag.py:3239} INFO - Sync 1 DAGs
[2025-11-15T20:37:48.006+0000] {logging_mixin.py:190} INFO - [2025-11-15T20:37:48.005+0000] {dag.py:4180} INFO - Setting next_dagrun for my_first_dag to 2025-11-14 00:00:00+00:00, run_after=2025-11-15 00:00:00+00:00
[2025-11-15T20:37:48.022+0000] {processor.py:208} INFO - Processing /opt/airflow/dags/first_dag.py took 0.062 seconds
[2025-11-15T20:38:19.022+0000] {processor.py:186} INFO - Started process (PID=5461) to work on /opt/airflow/dags/first_dag.py
[2025-11-15T20:38:19.023+0000] {processor.py:914} INFO - Processing file /opt/airflow/dags/first_dag.py for tasks to queue
[2025-11-15T20:38:19.025+0000] {logging_mixin.py:190} INFO - [2025-11-15T20:38:19.025+0000] {dagbag.py:588} INFO - Filling up the DagBag from /opt/airflow/dags/first_dag.py
[2025-11-15T20:38:19.039+0000] {processor.py:925} INFO - DAG(s) 'my_first_dag' retrieved from /opt/airflow/dags/first_dag.py
[2025-11-15T20:38:19.050+0000] {logging_mixin.py:190} INFO - [2025-11-15T20:38:19.050+0000] {dag.py:3239} INFO - Sync 1 DAGs
[2025-11-15T20:38:19.063+0000] {logging_mixin.py:190} INFO - [2025-11-15T20:38:19.063+0000] {dag.py:4180} INFO - Setting next_dagrun for my_first_dag to 2025-11-14 00:00:00+00:00, run_after=2025-11-15 00:00:00+00:00
[2025-11-15T20:38:19.077+0000] {processor.py:208} INFO - Processing /opt/airflow/dags/first_dag.py took 0.060 seconds
[2025-11-15T20:38:50.009+0000] {processor.py:186} INFO - Started process (PID=5526) to work on /opt/airflow/dags/first_dag.py
[2025-11-15T20:38:50.013+0000] {processor.py:914} INFO - Processing file /opt/airflow/dags/first_dag.py for tasks to queue
[2025-11-15T20:38:50.015+0000] {logging_mixin.py:190} INFO - [2025-11-15T20:38:50.015+0000] {dagbag.py:588} INFO - Filling up the DagBag from /opt/airflow/dags/first_dag.py
[2025-11-15T20:38:50.032+0000] {processor.py:925} INFO - DAG(s) 'my_first_dag' retrieved from /opt/airflow/dags/first_dag.py
[2025-11-15T20:38:50.046+0000] {logging_mixin.py:190} INFO - [2025-11-15T20:38:50.046+0000] {dag.py:3239} INFO - Sync 1 DAGs
[2025-11-15T20:38:50.063+0000] {logging_mixin.py:190} INFO - [2025-11-15T20:38:50.063+0000] {dag.py:4180} INFO - Setting next_dagrun for my_first_dag to 2025-11-14 00:00:00+00:00, run_after=2025-11-15 00:00:00+00:00
[2025-11-15T20:38:50.079+0000] {processor.py:208} INFO - Processing /opt/airflow/dags/first_dag.py took 0.073 seconds
[2025-11-15T20:39:20.696+0000] {processor.py:186} INFO - Started process (PID=5591) to work on /opt/airflow/dags/first_dag.py
[2025-11-15T20:39:20.697+0000] {processor.py:914} INFO - Processing file /opt/airflow/dags/first_dag.py for tasks to queue
[2025-11-15T20:39:20.699+0000] {logging_mixin.py:190} INFO - [2025-11-15T20:39:20.699+0000] {dagbag.py:588} INFO - Filling up the DagBag from /opt/airflow/dags/first_dag.py
[2025-11-15T20:39:20.723+0000] {processor.py:925} INFO - DAG(s) 'my_first_dag' retrieved from /opt/airflow/dags/first_dag.py
[2025-11-15T20:39:20.735+0000] {logging_mixin.py:190} INFO - [2025-11-15T20:39:20.735+0000] {dag.py:3239} INFO - Sync 1 DAGs
[2025-11-15T20:39:20.749+0000] {logging_mixin.py:190} INFO - [2025-11-15T20:39:20.749+0000] {dag.py:4180} INFO - Setting next_dagrun for my_first_dag to 2025-11-14 00:00:00+00:00, run_after=2025-11-15 00:00:00+00:00
[2025-11-15T20:39:20.769+0000] {processor.py:208} INFO - Processing /opt/airflow/dags/first_dag.py took 0.077 seconds
[2025-11-15T20:39:51.508+0000] {processor.py:186} INFO - Started process (PID=5656) to work on /opt/airflow/dags/first_dag.py
[2025-11-15T20:39:51.509+0000] {processor.py:914} INFO - Processing file /opt/airflow/dags/first_dag.py for tasks to queue
[2025-11-15T20:39:51.512+0000] {logging_mixin.py:190} INFO - [2025-11-15T20:39:51.512+0000] {dagbag.py:588} INFO - Filling up the DagBag from /opt/airflow/dags/first_dag.py
[2025-11-15T20:39:51.536+0000] {processor.py:925} INFO - DAG(s) 'my_first_dag' retrieved from /opt/airflow/dags/first_dag.py
[2025-11-15T20:39:51.550+0000] {logging_mixin.py:190} INFO - [2025-11-15T20:39:51.550+0000] {dag.py:3239} INFO - Sync 1 DAGs
[2025-11-15T20:39:51.564+0000] {logging_mixin.py:190} INFO - [2025-11-15T20:39:51.564+0000] {dag.py:4180} INFO - Setting next_dagrun for my_first_dag to 2025-11-14 00:00:00+00:00, run_after=2025-11-15 00:00:00+00:00
[2025-11-15T20:39:51.604+0000] {processor.py:208} INFO - Processing /opt/airflow/dags/first_dag.py took 0.100 seconds
[2025-11-15T20:40:22.066+0000] {processor.py:186} INFO - Started process (PID=5721) to work on /opt/airflow/dags/first_dag.py
[2025-11-15T20:40:22.067+0000] {processor.py:914} INFO - Processing file /opt/airflow/dags/first_dag.py for tasks to queue
[2025-11-15T20:40:22.070+0000] {logging_mixin.py:190} INFO - [2025-11-15T20:40:22.070+0000] {dagbag.py:588} INFO - Filling up the DagBag from /opt/airflow/dags/first_dag.py
[2025-11-15T20:40:22.102+0000] {processor.py:925} INFO - DAG(s) 'my_first_dag' retrieved from /opt/airflow/dags/first_dag.py
[2025-11-15T20:40:22.115+0000] {logging_mixin.py:190} INFO - [2025-11-15T20:40:22.115+0000] {dag.py:3239} INFO - Sync 1 DAGs
[2025-11-15T20:40:22.130+0000] {logging_mixin.py:190} INFO - [2025-11-15T20:40:22.130+0000] {dag.py:4180} INFO - Setting next_dagrun for my_first_dag to 2025-11-14 00:00:00+00:00, run_after=2025-11-15 00:00:00+00:00
[2025-11-15T20:40:22.146+0000] {processor.py:208} INFO - Processing /opt/airflow/dags/first_dag.py took 0.084 seconds
[2025-11-15T20:40:52.303+0000] {processor.py:186} INFO - Started process (PID=5786) to work on /opt/airflow/dags/first_dag.py
[2025-11-15T20:40:52.304+0000] {processor.py:914} INFO - Processing file /opt/airflow/dags/first_dag.py for tasks to queue
[2025-11-15T20:40:52.307+0000] {logging_mixin.py:190} INFO - [2025-11-15T20:40:52.306+0000] {dagbag.py:588} INFO - Filling up the DagBag from /opt/airflow/dags/first_dag.py
[2025-11-15T20:40:52.331+0000] {processor.py:925} INFO - DAG(s) 'my_first_dag' retrieved from /opt/airflow/dags/first_dag.py
[2025-11-15T20:40:52.345+0000] {logging_mixin.py:190} INFO - [2025-11-15T20:40:52.345+0000] {dag.py:3239} INFO - Sync 1 DAGs
[2025-11-15T20:40:52.359+0000] {logging_mixin.py:190} INFO - [2025-11-15T20:40:52.358+0000] {dag.py:4180} INFO - Setting next_dagrun for my_first_dag to 2025-11-14 00:00:00+00:00, run_after=2025-11-15 00:00:00+00:00
[2025-11-15T20:40:52.376+0000] {processor.py:208} INFO - Processing /opt/airflow/dags/first_dag.py took 0.076 seconds
[2025-11-15T20:41:22.707+0000] {processor.py:186} INFO - Started process (PID=5851) to work on /opt/airflow/dags/first_dag.py
[2025-11-15T20:41:22.708+0000] {processor.py:914} INFO - Processing file /opt/airflow/dags/first_dag.py for tasks to queue
[2025-11-15T20:41:22.710+0000] {logging_mixin.py:190} INFO - [2025-11-15T20:41:22.710+0000] {dagbag.py:588} INFO - Filling up the DagBag from /opt/airflow/dags/first_dag.py
[2025-11-15T20:41:22.732+0000] {processor.py:925} INFO - DAG(s) 'my_first_dag' retrieved from /opt/airflow/dags/first_dag.py
[2025-11-15T20:41:22.744+0000] {logging_mixin.py:190} INFO - [2025-11-15T20:41:22.744+0000] {dag.py:3239} INFO - Sync 1 DAGs
[2025-11-15T20:41:22.758+0000] {logging_mixin.py:190} INFO - [2025-11-15T20:41:22.758+0000] {dag.py:4180} INFO - Setting next_dagrun for my_first_dag to 2025-11-14 00:00:00+00:00, run_after=2025-11-15 00:00:00+00:00
[2025-11-15T20:41:22.790+0000] {processor.py:208} INFO - Processing /opt/airflow/dags/first_dag.py took 0.088 seconds
[2025-11-15T20:41:53.411+0000] {processor.py:186} INFO - Started process (PID=5916) to work on /opt/airflow/dags/first_dag.py
[2025-11-15T20:41:53.412+0000] {processor.py:914} INFO - Processing file /opt/airflow/dags/first_dag.py for tasks to queue
[2025-11-15T20:41:53.414+0000] {logging_mixin.py:190} INFO - [2025-11-15T20:41:53.414+0000] {dagbag.py:588} INFO - Filling up the DagBag from /opt/airflow/dags/first_dag.py
[2025-11-15T20:41:53.443+0000] {processor.py:925} INFO - DAG(s) 'my_first_dag' retrieved from /opt/airflow/dags/first_dag.py
[2025-11-15T20:41:53.457+0000] {logging_mixin.py:190} INFO - [2025-11-15T20:41:53.457+0000] {dag.py:3239} INFO - Sync 1 DAGs
[2025-11-15T20:41:53.472+0000] {logging_mixin.py:190} INFO - [2025-11-15T20:41:53.472+0000] {dag.py:4180} INFO - Setting next_dagrun for my_first_dag to 2025-11-14 00:00:00+00:00, run_after=2025-11-15 00:00:00+00:00
[2025-11-15T20:41:53.488+0000] {processor.py:208} INFO - Processing /opt/airflow/dags/first_dag.py took 0.081 seconds
[2025-11-15T20:42:24.803+0000] {processor.py:186} INFO - Started process (PID=5981) to work on /opt/airflow/dags/first_dag.py
[2025-11-15T20:42:24.804+0000] {processor.py:914} INFO - Processing file /opt/airflow/dags/first_dag.py for tasks to queue
[2025-11-15T20:42:24.807+0000] {logging_mixin.py:190} INFO - [2025-11-15T20:42:24.806+0000] {dagbag.py:588} INFO - Filling up the DagBag from /opt/airflow/dags/first_dag.py
[2025-11-15T20:42:24.850+0000] {processor.py:925} INFO - DAG(s) 'my_first_dag' retrieved from /opt/airflow/dags/first_dag.py
[2025-11-15T20:42:24.865+0000] {logging_mixin.py:190} INFO - [2025-11-15T20:42:24.865+0000] {dag.py:3239} INFO - Sync 1 DAGs
[2025-11-15T20:42:24.879+0000] {logging_mixin.py:190} INFO - [2025-11-15T20:42:24.879+0000] {dag.py:4180} INFO - Setting next_dagrun for my_first_dag to 2025-11-14 00:00:00+00:00, run_after=2025-11-15 00:00:00+00:00
[2025-11-15T20:42:24.906+0000] {processor.py:208} INFO - Processing /opt/airflow/dags/first_dag.py took 0.107 seconds
[2025-11-15T20:42:55.237+0000] {processor.py:186} INFO - Started process (PID=6046) to work on /opt/airflow/dags/first_dag.py
[2025-11-15T20:42:55.239+0000] {processor.py:914} INFO - Processing file /opt/airflow/dags/first_dag.py for tasks to queue
[2025-11-15T20:42:55.241+0000] {logging_mixin.py:190} INFO - [2025-11-15T20:42:55.240+0000] {dagbag.py:588} INFO - Filling up the DagBag from /opt/airflow/dags/first_dag.py
[2025-11-15T20:42:55.276+0000] {processor.py:925} INFO - DAG(s) 'my_first_dag' retrieved from /opt/airflow/dags/first_dag.py
[2025-11-15T20:42:55.290+0000] {logging_mixin.py:190} INFO - [2025-11-15T20:42:55.290+0000] {dag.py:3239} INFO - Sync 1 DAGs
[2025-11-15T20:42:55.304+0000] {logging_mixin.py:190} INFO - [2025-11-15T20:42:55.304+0000] {dag.py:4180} INFO - Setting next_dagrun for my_first_dag to 2025-11-14 00:00:00+00:00, run_after=2025-11-15 00:00:00+00:00
[2025-11-15T20:42:55.322+0000] {processor.py:208} INFO - Processing /opt/airflow/dags/first_dag.py took 0.089 seconds
[2025-11-15T20:43:26.294+0000] {processor.py:186} INFO - Started process (PID=6111) to work on /opt/airflow/dags/first_dag.py
[2025-11-15T20:43:26.300+0000] {processor.py:914} INFO - Processing file /opt/airflow/dags/first_dag.py for tasks to queue
[2025-11-15T20:43:26.309+0000] {logging_mixin.py:190} INFO - [2025-11-15T20:43:26.308+0000] {dagbag.py:588} INFO - Filling up the DagBag from /opt/airflow/dags/first_dag.py
[2025-11-15T20:43:26.496+0000] {processor.py:925} INFO - DAG(s) 'my_first_dag' retrieved from /opt/airflow/dags/first_dag.py
[2025-11-15T20:43:26.515+0000] {logging_mixin.py:190} INFO - [2025-11-15T20:43:26.515+0000] {dag.py:3239} INFO - Sync 1 DAGs
[2025-11-15T20:43:26.538+0000] {logging_mixin.py:190} INFO - [2025-11-15T20:43:26.538+0000] {dag.py:4180} INFO - Setting next_dagrun for my_first_dag to 2025-11-14 00:00:00+00:00, run_after=2025-11-15 00:00:00+00:00
[2025-11-15T20:43:26.578+0000] {processor.py:208} INFO - Processing /opt/airflow/dags/first_dag.py took 0.288 seconds
[2025-11-15T20:43:56.662+0000] {processor.py:186} INFO - Started process (PID=6176) to work on /opt/airflow/dags/first_dag.py
[2025-11-15T20:43:56.663+0000] {processor.py:914} INFO - Processing file /opt/airflow/dags/first_dag.py for tasks to queue
[2025-11-15T20:43:56.665+0000] {logging_mixin.py:190} INFO - [2025-11-15T20:43:56.665+0000] {dagbag.py:588} INFO - Filling up the DagBag from /opt/airflow/dags/first_dag.py
[2025-11-15T20:43:57.394+0000] {processor.py:925} INFO - DAG(s) 'my_first_dag' retrieved from /opt/airflow/dags/first_dag.py
[2025-11-15T20:43:57.409+0000] {logging_mixin.py:190} INFO - [2025-11-15T20:43:57.409+0000] {dag.py:3239} INFO - Sync 1 DAGs
[2025-11-15T20:43:57.424+0000] {logging_mixin.py:190} INFO - [2025-11-15T20:43:57.423+0000] {dag.py:4180} INFO - Setting next_dagrun for my_first_dag to 2025-11-14 00:00:00+00:00, run_after=2025-11-15 00:00:00+00:00
[2025-11-15T20:43:57.455+0000] {processor.py:208} INFO - Processing /opt/airflow/dags/first_dag.py took 0.099 seconds
[2025-11-15T20:44:27.716+0000] {processor.py:186} INFO - Started process (PID=6241) to work on /opt/airflow/dags/first_dag.py
[2025-11-15T20:44:27.717+0000] {processor.py:914} INFO - Processing file /opt/airflow/dags/first_dag.py for tasks to queue
[2025-11-15T20:44:27.719+0000] {logging_mixin.py:190} INFO - [2025-11-15T20:44:27.719+0000] {dagbag.py:588} INFO - Filling up the DagBag from /opt/airflow/dags/first_dag.py
[2025-11-15T20:44:27.751+0000] {processor.py:925} INFO - DAG(s) 'my_first_dag' retrieved from /opt/airflow/dags/first_dag.py
[2025-11-15T20:44:27.769+0000] {logging_mixin.py:190} INFO - [2025-11-15T20:44:27.769+0000] {dag.py:3239} INFO - Sync 1 DAGs
[2025-11-15T20:44:27.784+0000] {logging_mixin.py:190} INFO - [2025-11-15T20:44:27.784+0000] {dag.py:4180} INFO - Setting next_dagrun for my_first_dag to 2025-11-14 00:00:00+00:00, run_after=2025-11-15 00:00:00+00:00
[2025-11-15T20:44:27.807+0000] {processor.py:208} INFO - Processing /opt/airflow/dags/first_dag.py took 0.096 seconds
[2025-11-15T20:44:58.005+0000] {processor.py:186} INFO - Started process (PID=6306) to work on /opt/airflow/dags/first_dag.py
[2025-11-15T20:44:58.009+0000] {processor.py:914} INFO - Processing file /opt/airflow/dags/first_dag.py for tasks to queue
[2025-11-15T20:44:58.012+0000] {logging_mixin.py:190} INFO - [2025-11-15T20:44:58.012+0000] {dagbag.py:588} INFO - Filling up the DagBag from /opt/airflow/dags/first_dag.py
[2025-11-15T20:44:58.045+0000] {processor.py:925} INFO - DAG(s) 'my_first_dag' retrieved from /opt/airflow/dags/first_dag.py
[2025-11-15T20:44:58.060+0000] {logging_mixin.py:190} INFO - [2025-11-15T20:44:58.059+0000] {dag.py:3239} INFO - Sync 1 DAGs
[2025-11-15T20:44:58.074+0000] {logging_mixin.py:190} INFO - [2025-11-15T20:44:58.074+0000] {dag.py:4180} INFO - Setting next_dagrun for my_first_dag to 2025-11-14 00:00:00+00:00, run_after=2025-11-15 00:00:00+00:00
[2025-11-15T20:44:58.088+0000] {processor.py:208} INFO - Processing /opt/airflow/dags/first_dag.py took 0.087 seconds
[2025-11-15T20:45:29.212+0000] {processor.py:186} INFO - Started process (PID=6370) to work on /opt/airflow/dags/first_dag.py
[2025-11-15T20:45:29.214+0000] {processor.py:914} INFO - Processing file /opt/airflow/dags/first_dag.py for tasks to queue
[2025-11-15T20:45:29.216+0000] {logging_mixin.py:190} INFO - [2025-11-15T20:45:29.216+0000] {dagbag.py:588} INFO - Filling up the DagBag from /opt/airflow/dags/first_dag.py
[2025-11-15T20:45:29.248+0000] {processor.py:925} INFO - DAG(s) 'my_first_dag' retrieved from /opt/airflow/dags/first_dag.py
[2025-11-15T20:45:29.262+0000] {logging_mixin.py:190} INFO - [2025-11-15T20:45:29.262+0000] {dag.py:3239} INFO - Sync 1 DAGs
[2025-11-15T20:45:29.278+0000] {logging_mixin.py:190} INFO - [2025-11-15T20:45:29.277+0000] {dag.py:4180} INFO - Setting next_dagrun for my_first_dag to 2025-11-14 00:00:00+00:00, run_after=2025-11-15 00:00:00+00:00
[2025-11-15T20:45:29.304+0000] {processor.py:208} INFO - Processing /opt/airflow/dags/first_dag.py took 0.097 seconds
[2025-11-15T20:46:00.184+0000] {processor.py:186} INFO - Started process (PID=6435) to work on /opt/airflow/dags/first_dag.py
[2025-11-15T20:46:00.185+0000] {processor.py:914} INFO - Processing file /opt/airflow/dags/first_dag.py for tasks to queue
[2025-11-15T20:46:00.191+0000] {logging_mixin.py:190} INFO - [2025-11-15T20:46:00.191+0000] {dagbag.py:588} INFO - Filling up the DagBag from /opt/airflow/dags/first_dag.py
[2025-11-15T20:46:00.221+0000] {processor.py:925} INFO - DAG(s) 'my_first_dag' retrieved from /opt/airflow/dags/first_dag.py
[2025-11-15T20:46:00.234+0000] {logging_mixin.py:190} INFO - [2025-11-15T20:46:00.234+0000] {dag.py:3239} INFO - Sync 1 DAGs
[2025-11-15T20:46:00.248+0000] {logging_mixin.py:190} INFO - [2025-11-15T20:46:00.248+0000] {dag.py:4180} INFO - Setting next_dagrun for my_first_dag to 2025-11-14 00:00:00+00:00, run_after=2025-11-15 00:00:00+00:00
[2025-11-15T20:46:00.263+0000] {processor.py:208} INFO - Processing /opt/airflow/dags/first_dag.py took 0.083 seconds
[2025-11-15T20:46:30.678+0000] {processor.py:186} INFO - Started process (PID=6500) to work on /opt/airflow/dags/first_dag.py
[2025-11-15T20:46:30.679+0000] {processor.py:914} INFO - Processing file /opt/airflow/dags/first_dag.py for tasks to queue
[2025-11-15T20:46:30.681+0000] {logging_mixin.py:190} INFO - [2025-11-15T20:46:30.681+0000] {dagbag.py:588} INFO - Filling up the DagBag from /opt/airflow/dags/first_dag.py
[2025-11-15T20:46:30.712+0000] {processor.py:925} INFO - DAG(s) 'my_first_dag' retrieved from /opt/airflow/dags/first_dag.py
[2025-11-15T20:46:30.725+0000] {logging_mixin.py:190} INFO - [2025-11-15T20:46:30.725+0000] {dag.py:3239} INFO - Sync 1 DAGs
[2025-11-15T20:46:30.740+0000] {logging_mixin.py:190} INFO - [2025-11-15T20:46:30.739+0000] {dag.py:4180} INFO - Setting next_dagrun for my_first_dag to 2025-11-14 00:00:00+00:00, run_after=2025-11-15 00:00:00+00:00
[2025-11-15T20:46:30.755+0000] {processor.py:208} INFO - Processing /opt/airflow/dags/first_dag.py took 0.080 seconds
[2025-11-15T20:47:01.242+0000] {processor.py:186} INFO - Started process (PID=6565) to work on /opt/airflow/dags/first_dag.py
[2025-11-15T20:47:01.244+0000] {processor.py:914} INFO - Processing file /opt/airflow/dags/first_dag.py for tasks to queue
[2025-11-15T20:47:01.247+0000] {logging_mixin.py:190} INFO - [2025-11-15T20:47:01.246+0000] {dagbag.py:588} INFO - Filling up the DagBag from /opt/airflow/dags/first_dag.py
[2025-11-15T20:47:01.285+0000] {processor.py:925} INFO - DAG(s) 'my_first_dag' retrieved from /opt/airflow/dags/first_dag.py
[2025-11-15T20:47:01.299+0000] {logging_mixin.py:190} INFO - [2025-11-15T20:47:01.299+0000] {dag.py:3239} INFO - Sync 1 DAGs
[2025-11-15T20:47:01.314+0000] {logging_mixin.py:190} INFO - [2025-11-15T20:47:01.314+0000] {dag.py:4180} INFO - Setting next_dagrun for my_first_dag to 2025-11-14 00:00:00+00:00, run_after=2025-11-15 00:00:00+00:00
[2025-11-15T20:47:01.332+0000] {processor.py:208} INFO - Processing /opt/airflow/dags/first_dag.py took 0.095 seconds
[2025-11-15T20:47:32.061+0000] {processor.py:186} INFO - Started process (PID=6630) to work on /opt/airflow/dags/first_dag.py
[2025-11-15T20:47:32.062+0000] {processor.py:914} INFO - Processing file /opt/airflow/dags/first_dag.py for tasks to queue
[2025-11-15T20:47:32.064+0000] {logging_mixin.py:190} INFO - [2025-11-15T20:47:32.064+0000] {dagbag.py:588} INFO - Filling up the DagBag from /opt/airflow/dags/first_dag.py
[2025-11-15T20:47:32.094+0000] {processor.py:925} INFO - DAG(s) 'my_first_dag' retrieved from /opt/airflow/dags/first_dag.py
[2025-11-15T20:47:32.106+0000] {logging_mixin.py:190} INFO - [2025-11-15T20:47:32.105+0000] {dag.py:3239} INFO - Sync 1 DAGs
[2025-11-15T20:47:32.119+0000] {logging_mixin.py:190} INFO - [2025-11-15T20:47:32.119+0000] {dag.py:4180} INFO - Setting next_dagrun for my_first_dag to 2025-11-14 00:00:00+00:00, run_after=2025-11-15 00:00:00+00:00
[2025-11-15T20:47:32.135+0000] {processor.py:208} INFO - Processing /opt/airflow/dags/first_dag.py took 0.078 seconds
[2025-11-15T20:48:02.927+0000] {processor.py:186} INFO - Started process (PID=6695) to work on /opt/airflow/dags/first_dag.py
[2025-11-15T20:48:02.929+0000] {processor.py:914} INFO - Processing file /opt/airflow/dags/first_dag.py for tasks to queue
[2025-11-15T20:48:02.935+0000] {logging_mixin.py:190} INFO - [2025-11-15T20:48:02.934+0000] {dagbag.py:588} INFO - Filling up the DagBag from /opt/airflow/dags/first_dag.py
[2025-11-15T20:48:02.962+0000] {processor.py:925} INFO - DAG(s) 'my_first_dag' retrieved from /opt/airflow/dags/first_dag.py
[2025-11-15T20:48:02.976+0000] {logging_mixin.py:190} INFO - [2025-11-15T20:48:02.976+0000] {dag.py:3239} INFO - Sync 1 DAGs
[2025-11-15T20:48:02.992+0000] {logging_mixin.py:190} INFO - [2025-11-15T20:48:02.991+0000] {dag.py:4180} INFO - Setting next_dagrun for my_first_dag to 2025-11-14 00:00:00+00:00, run_after=2025-11-15 00:00:00+00:00
[2025-11-15T20:48:03.006+0000] {processor.py:208} INFO - Processing /opt/airflow/dags/first_dag.py took 0.083 seconds
[2025-11-15T20:48:33.100+0000] {processor.py:186} INFO - Started process (PID=6760) to work on /opt/airflow/dags/first_dag.py
[2025-11-15T20:48:33.101+0000] {processor.py:914} INFO - Processing file /opt/airflow/dags/first_dag.py for tasks to queue
[2025-11-15T20:48:33.103+0000] {logging_mixin.py:190} INFO - [2025-11-15T20:48:33.103+0000] {dagbag.py:588} INFO - Filling up the DagBag from /opt/airflow/dags/first_dag.py
[2025-11-15T20:48:33.125+0000] {processor.py:925} INFO - DAG(s) 'my_first_dag' retrieved from /opt/airflow/dags/first_dag.py
[2025-11-15T20:48:33.136+0000] {logging_mixin.py:190} INFO - [2025-11-15T20:48:33.136+0000] {dag.py:3239} INFO - Sync 1 DAGs
[2025-11-15T20:48:33.153+0000] {logging_mixin.py:190} INFO - [2025-11-15T20:48:33.152+0000] {dag.py:4180} INFO - Setting next_dagrun for my_first_dag to 2025-11-14 00:00:00+00:00, run_after=2025-11-15 00:00:00+00:00
[2025-11-15T20:48:33.195+0000] {processor.py:208} INFO - Processing /opt/airflow/dags/first_dag.py took 0.099 seconds
[2025-11-15T20:49:04.084+0000] {processor.py:186} INFO - Started process (PID=6825) to work on /opt/airflow/dags/first_dag.py
[2025-11-15T20:49:04.085+0000] {processor.py:914} INFO - Processing file /opt/airflow/dags/first_dag.py for tasks to queue
[2025-11-15T20:49:04.087+0000] {logging_mixin.py:190} INFO - [2025-11-15T20:49:04.087+0000] {dagbag.py:588} INFO - Filling up the DagBag from /opt/airflow/dags/first_dag.py
[2025-11-15T20:49:04.116+0000] {processor.py:925} INFO - DAG(s) 'my_first_dag' retrieved from /opt/airflow/dags/first_dag.py
[2025-11-15T20:49:04.131+0000] {logging_mixin.py:190} INFO - [2025-11-15T20:49:04.130+0000] {dag.py:3239} INFO - Sync 1 DAGs
[2025-11-15T20:49:04.146+0000] {logging_mixin.py:190} INFO - [2025-11-15T20:49:04.146+0000] {dag.py:4180} INFO - Setting next_dagrun for my_first_dag to 2025-11-14 00:00:00+00:00, run_after=2025-11-15 00:00:00+00:00
[2025-11-15T20:49:04.163+0000] {processor.py:208} INFO - Processing /opt/airflow/dags/first_dag.py took 0.083 seconds
[2025-11-15T20:49:34.458+0000] {processor.py:186} INFO - Started process (PID=6890) to work on /opt/airflow/dags/first_dag.py
[2025-11-15T20:49:34.460+0000] {processor.py:914} INFO - Processing file /opt/airflow/dags/first_dag.py for tasks to queue
[2025-11-15T20:49:34.461+0000] {logging_mixin.py:190} INFO - [2025-11-15T20:49:34.461+0000] {dagbag.py:588} INFO - Filling up the DagBag from /opt/airflow/dags/first_dag.py
[2025-11-15T20:49:34.479+0000] {processor.py:925} INFO - DAG(s) 'my_first_dag' retrieved from /opt/airflow/dags/first_dag.py
[2025-11-15T20:49:34.493+0000] {logging_mixin.py:190} INFO - [2025-11-15T20:49:34.493+0000] {dag.py:3239} INFO - Sync 1 DAGs
[2025-11-15T20:49:34.533+0000] {logging_mixin.py:190} INFO - [2025-11-15T20:49:34.533+0000] {dag.py:4180} INFO - Setting next_dagrun for my_first_dag to 2025-11-14 00:00:00+00:00, run_after=2025-11-15 00:00:00+00:00
[2025-11-15T20:49:34.549+0000] {processor.py:208} INFO - Processing /opt/airflow/dags/first_dag.py took 0.094 seconds
[2025-11-15T20:50:04.609+0000] {processor.py:186} INFO - Started process (PID=6955) to work on /opt/airflow/dags/first_dag.py
[2025-11-15T20:50:04.611+0000] {processor.py:914} INFO - Processing file /opt/airflow/dags/first_dag.py for tasks to queue
[2025-11-15T20:50:04.613+0000] {logging_mixin.py:190} INFO - [2025-11-15T20:50:04.612+0000] {dagbag.py:588} INFO - Filling up the DagBag from /opt/airflow/dags/first_dag.py
[2025-11-15T20:50:04.648+0000] {processor.py:925} INFO - DAG(s) 'my_first_dag' retrieved from /opt/airflow/dags/first_dag.py
[2025-11-15T20:50:04.661+0000] {logging_mixin.py:190} INFO - [2025-11-15T20:50:04.661+0000] {dag.py:3239} INFO - Sync 1 DAGs
[2025-11-15T20:50:04.675+0000] {logging_mixin.py:190} INFO - [2025-11-15T20:50:04.675+0000] {dag.py:4180} INFO - Setting next_dagrun for my_first_dag to 2025-11-14 00:00:00+00:00, run_after=2025-11-15 00:00:00+00:00
[2025-11-15T20:50:04.694+0000] {processor.py:208} INFO - Processing /opt/airflow/dags/first_dag.py took 0.088 seconds
[2025-11-15T20:50:35.135+0000] {processor.py:186} INFO - Started process (PID=7020) to work on /opt/airflow/dags/first_dag.py
[2025-11-15T20:50:35.137+0000] {processor.py:914} INFO - Processing file /opt/airflow/dags/first_dag.py for tasks to queue
[2025-11-15T20:50:35.138+0000] {logging_mixin.py:190} INFO - [2025-11-15T20:50:35.138+0000] {dagbag.py:588} INFO - Filling up the DagBag from /opt/airflow/dags/first_dag.py
[2025-11-15T20:50:35.159+0000] {processor.py:925} INFO - DAG(s) 'my_first_dag' retrieved from /opt/airflow/dags/first_dag.py
[2025-11-15T20:50:35.173+0000] {logging_mixin.py:190} INFO - [2025-11-15T20:50:35.173+0000] {dag.py:3239} INFO - Sync 1 DAGs
[2025-11-15T20:50:35.187+0000] {logging_mixin.py:190} INFO - [2025-11-15T20:50:35.187+0000] {dag.py:4180} INFO - Setting next_dagrun for my_first_dag to 2025-11-14 00:00:00+00:00, run_after=2025-11-15 00:00:00+00:00
[2025-11-15T20:50:35.221+0000] {processor.py:208} INFO - Processing /opt/airflow/dags/first_dag.py took 0.090 seconds
[2025-11-15T20:51:06.523+0000] {processor.py:186} INFO - Started process (PID=7085) to work on /opt/airflow/dags/first_dag.py
[2025-11-15T20:51:06.525+0000] {processor.py:914} INFO - Processing file /opt/airflow/dags/first_dag.py for tasks to queue
[2025-11-15T20:51:06.527+0000] {logging_mixin.py:190} INFO - [2025-11-15T20:51:06.526+0000] {dagbag.py:588} INFO - Filling up the DagBag from /opt/airflow/dags/first_dag.py
[2025-11-15T20:51:06.561+0000] {processor.py:925} INFO - DAG(s) 'my_first_dag' retrieved from /opt/airflow/dags/first_dag.py
[2025-11-15T20:51:06.576+0000] {logging_mixin.py:190} INFO - [2025-11-15T20:51:06.576+0000] {dag.py:3239} INFO - Sync 1 DAGs
[2025-11-15T20:51:06.591+0000] {logging_mixin.py:190} INFO - [2025-11-15T20:51:06.590+0000] {dag.py:4180} INFO - Setting next_dagrun for my_first_dag to 2025-11-14 00:00:00+00:00, run_after=2025-11-15 00:00:00+00:00
[2025-11-15T20:51:06.609+0000] {processor.py:208} INFO - Processing /opt/airflow/dags/first_dag.py took 0.090 seconds
[2025-11-15T20:51:37.633+0000] {processor.py:186} INFO - Started process (PID=7150) to work on /opt/airflow/dags/first_dag.py
[2025-11-15T20:51:37.634+0000] {processor.py:914} INFO - Processing file /opt/airflow/dags/first_dag.py for tasks to queue
[2025-11-15T20:51:37.636+0000] {logging_mixin.py:190} INFO - [2025-11-15T20:51:37.636+0000] {dagbag.py:588} INFO - Filling up the DagBag from /opt/airflow/dags/first_dag.py
[2025-11-15T20:51:37.669+0000] {processor.py:925} INFO - DAG(s) 'my_first_dag' retrieved from /opt/airflow/dags/first_dag.py
[2025-11-15T20:51:37.684+0000] {logging_mixin.py:190} INFO - [2025-11-15T20:51:37.684+0000] {dag.py:3239} INFO - Sync 1 DAGs
[2025-11-15T20:51:37.698+0000] {logging_mixin.py:190} INFO - [2025-11-15T20:51:37.698+0000] {dag.py:4180} INFO - Setting next_dagrun for my_first_dag to 2025-11-14 00:00:00+00:00, run_after=2025-11-15 00:00:00+00:00
[2025-11-15T20:51:37.723+0000] {processor.py:208} INFO - Processing /opt/airflow/dags/first_dag.py took 0.094 seconds
[2025-11-15T20:52:08.052+0000] {processor.py:186} INFO - Started process (PID=7214) to work on /opt/airflow/dags/first_dag.py
[2025-11-15T20:52:08.053+0000] {processor.py:914} INFO - Processing file /opt/airflow/dags/first_dag.py for tasks to queue
[2025-11-15T20:52:08.057+0000] {logging_mixin.py:190} INFO - [2025-11-15T20:52:08.057+0000] {dagbag.py:588} INFO - Filling up the DagBag from /opt/airflow/dags/first_dag.py
[2025-11-15T20:52:08.103+0000] {processor.py:925} INFO - DAG(s) 'my_first_dag' retrieved from /opt/airflow/dags/first_dag.py
[2025-11-15T20:52:08.117+0000] {logging_mixin.py:190} INFO - [2025-11-15T20:52:08.117+0000] {dag.py:3239} INFO - Sync 1 DAGs
[2025-11-15T20:52:08.132+0000] {logging_mixin.py:190} INFO - [2025-11-15T20:52:08.132+0000] {dag.py:4180} INFO - Setting next_dagrun for my_first_dag to 2025-11-14 00:00:00+00:00, run_after=2025-11-15 00:00:00+00:00
[2025-11-15T20:52:08.149+0000] {processor.py:208} INFO - Processing /opt/airflow/dags/first_dag.py took 0.101 seconds
[2025-11-15T20:52:38.826+0000] {processor.py:186} INFO - Started process (PID=7279) to work on /opt/airflow/dags/first_dag.py
[2025-11-15T20:52:38.827+0000] {processor.py:914} INFO - Processing file /opt/airflow/dags/first_dag.py for tasks to queue
[2025-11-15T20:52:38.829+0000] {logging_mixin.py:190} INFO - [2025-11-15T20:52:38.829+0000] {dagbag.py:588} INFO - Filling up the DagBag from /opt/airflow/dags/first_dag.py
[2025-11-15T20:52:38.860+0000] {processor.py:925} INFO - DAG(s) 'my_first_dag' retrieved from /opt/airflow/dags/first_dag.py
[2025-11-15T20:52:38.873+0000] {logging_mixin.py:190} INFO - [2025-11-15T20:52:38.873+0000] {dag.py:3239} INFO - Sync 1 DAGs
[2025-11-15T20:52:38.887+0000] {logging_mixin.py:190} INFO - [2025-11-15T20:52:38.887+0000] {dag.py:4180} INFO - Setting next_dagrun for my_first_dag to 2025-11-14 00:00:00+00:00, run_after=2025-11-15 00:00:00+00:00
[2025-11-15T20:52:38.906+0000] {processor.py:208} INFO - Processing /opt/airflow/dags/first_dag.py took 0.084 seconds
[2025-11-15T20:53:09.198+0000] {processor.py:186} INFO - Started process (PID=7343) to work on /opt/airflow/dags/first_dag.py
[2025-11-15T20:53:09.199+0000] {processor.py:914} INFO - Processing file /opt/airflow/dags/first_dag.py for tasks to queue
[2025-11-15T20:53:09.201+0000] {logging_mixin.py:190} INFO - [2025-11-15T20:53:09.201+0000] {dagbag.py:588} INFO - Filling up the DagBag from /opt/airflow/dags/first_dag.py
[2025-11-15T20:53:09.637+0000] {processor.py:925} INFO - DAG(s) 'my_first_dag' retrieved from /opt/airflow/dags/first_dag.py
[2025-11-15T20:53:09.651+0000] {logging_mixin.py:190} INFO - [2025-11-15T20:53:09.651+0000] {dag.py:3239} INFO - Sync 1 DAGs
[2025-11-15T20:53:09.665+0000] {logging_mixin.py:190} INFO - [2025-11-15T20:53:09.665+0000] {dag.py:4180} INFO - Setting next_dagrun for my_first_dag to 2025-11-14 00:00:00+00:00, run_after=2025-11-15 00:00:00+00:00
[2025-11-15T20:53:09.682+0000] {processor.py:208} INFO - Processing /opt/airflow/dags/first_dag.py took 0.087 seconds
[2025-11-15T20:53:40.715+0000] {processor.py:186} INFO - Started process (PID=7400) to work on /opt/airflow/dags/first_dag.py
[2025-11-15T20:53:40.716+0000] {processor.py:914} INFO - Processing file /opt/airflow/dags/first_dag.py for tasks to queue
[2025-11-15T20:53:40.718+0000] {logging_mixin.py:190} INFO - [2025-11-15T20:53:40.718+0000] {dagbag.py:588} INFO - Filling up the DagBag from /opt/airflow/dags/first_dag.py
[2025-11-15T20:53:40.745+0000] {processor.py:925} INFO - DAG(s) 'my_first_dag' retrieved from /opt/airflow/dags/first_dag.py
[2025-11-15T20:53:40.756+0000] {logging_mixin.py:190} INFO - [2025-11-15T20:53:40.756+0000] {dag.py:3239} INFO - Sync 1 DAGs
[2025-11-15T20:53:40.770+0000] {logging_mixin.py:190} INFO - [2025-11-15T20:53:40.770+0000] {dag.py:4180} INFO - Setting next_dagrun for my_first_dag to 2025-11-14 00:00:00+00:00, run_after=2025-11-15 00:00:00+00:00
[2025-11-15T20:53:40.784+0000] {processor.py:208} INFO - Processing /opt/airflow/dags/first_dag.py took 0.073 seconds
[2025-11-15T20:54:11.721+0000] {processor.py:186} INFO - Started process (PID=7465) to work on /opt/airflow/dags/first_dag.py
[2025-11-15T20:54:11.723+0000] {processor.py:914} INFO - Processing file /opt/airflow/dags/first_dag.py for tasks to queue
[2025-11-15T20:54:11.727+0000] {logging_mixin.py:190} INFO - [2025-11-15T20:54:11.726+0000] {dagbag.py:588} INFO - Filling up the DagBag from /opt/airflow/dags/first_dag.py
[2025-11-15T20:54:11.840+0000] {processor.py:925} INFO - DAG(s) 'my_first_dag' retrieved from /opt/airflow/dags/first_dag.py
[2025-11-15T20:54:11.856+0000] {logging_mixin.py:190} INFO - [2025-11-15T20:54:11.856+0000] {dag.py:3239} INFO - Sync 1 DAGs
[2025-11-15T20:54:11.874+0000] {logging_mixin.py:190} INFO - [2025-11-15T20:54:11.874+0000] {dag.py:4180} INFO - Setting next_dagrun for my_first_dag to 2025-11-14 00:00:00+00:00, run_after=2025-11-15 00:00:00+00:00
[2025-11-15T20:54:11.899+0000] {processor.py:208} INFO - Processing /opt/airflow/dags/first_dag.py took 0.183 seconds
[2025-11-15T20:54:42.758+0000] {processor.py:186} INFO - Started process (PID=7530) to work on /opt/airflow/dags/first_dag.py
[2025-11-15T20:54:42.759+0000] {processor.py:914} INFO - Processing file /opt/airflow/dags/first_dag.py for tasks to queue
[2025-11-15T20:54:42.762+0000] {logging_mixin.py:190} INFO - [2025-11-15T20:54:42.761+0000] {dagbag.py:588} INFO - Filling up the DagBag from /opt/airflow/dags/first_dag.py
[2025-11-15T20:54:42.787+0000] {processor.py:925} INFO - DAG(s) 'my_first_dag' retrieved from /opt/airflow/dags/first_dag.py
[2025-11-15T20:54:42.800+0000] {logging_mixin.py:190} INFO - [2025-11-15T20:54:42.800+0000] {dag.py:3239} INFO - Sync 1 DAGs
[2025-11-15T20:54:42.817+0000] {logging_mixin.py:190} INFO - [2025-11-15T20:54:42.816+0000] {dag.py:4180} INFO - Setting next_dagrun for my_first_dag to 2025-11-14 00:00:00+00:00, run_after=2025-11-15 00:00:00+00:00
[2025-11-15T20:54:42.831+0000] {processor.py:208} INFO - Processing /opt/airflow/dags/first_dag.py took 0.077 seconds
[2025-11-15T20:55:13.689+0000] {processor.py:186} INFO - Started process (PID=7595) to work on /opt/airflow/dags/first_dag.py
[2025-11-15T20:55:13.690+0000] {processor.py:914} INFO - Processing file /opt/airflow/dags/first_dag.py for tasks to queue
[2025-11-15T20:55:13.691+0000] {logging_mixin.py:190} INFO - [2025-11-15T20:55:13.691+0000] {dagbag.py:588} INFO - Filling up the DagBag from /opt/airflow/dags/first_dag.py
[2025-11-15T20:55:13.730+0000] {processor.py:925} INFO - DAG(s) 'my_first_dag' retrieved from /opt/airflow/dags/first_dag.py
[2025-11-15T20:55:13.743+0000] {logging_mixin.py:190} INFO - [2025-11-15T20:55:13.742+0000] {dag.py:3239} INFO - Sync 1 DAGs
[2025-11-15T20:55:13.756+0000] {logging_mixin.py:190} INFO - [2025-11-15T20:55:13.756+0000] {dag.py:4180} INFO - Setting next_dagrun for my_first_dag to 2025-11-14 00:00:00+00:00, run_after=2025-11-15 00:00:00+00:00
[2025-11-15T20:55:13.792+0000] {processor.py:208} INFO - Processing /opt/airflow/dags/first_dag.py took 0.107 seconds
[2025-11-15T20:55:44.663+0000] {processor.py:186} INFO - Started process (PID=7660) to work on /opt/airflow/dags/first_dag.py
[2025-11-15T20:55:44.665+0000] {processor.py:914} INFO - Processing file /opt/airflow/dags/first_dag.py for tasks to queue
[2025-11-15T20:55:44.667+0000] {logging_mixin.py:190} INFO - [2025-11-15T20:55:44.667+0000] {dagbag.py:588} INFO - Filling up the DagBag from /opt/airflow/dags/first_dag.py
[2025-11-15T20:55:44.706+0000] {processor.py:925} INFO - DAG(s) 'my_first_dag' retrieved from /opt/airflow/dags/first_dag.py
[2025-11-15T20:55:44.719+0000] {logging_mixin.py:190} INFO - [2025-11-15T20:55:44.719+0000] {dag.py:3239} INFO - Sync 1 DAGs
[2025-11-15T20:55:44.734+0000] {logging_mixin.py:190} INFO - [2025-11-15T20:55:44.734+0000] {dag.py:4180} INFO - Setting next_dagrun for my_first_dag to 2025-11-14 00:00:00+00:00, run_after=2025-11-15 00:00:00+00:00
[2025-11-15T20:55:44.751+0000] {processor.py:208} INFO - Processing /opt/airflow/dags/first_dag.py took 0.091 seconds
[2025-11-15T20:56:15.056+0000] {processor.py:186} INFO - Started process (PID=7722) to work on /opt/airflow/dags/first_dag.py
[2025-11-15T20:56:15.057+0000] {processor.py:914} INFO - Processing file /opt/airflow/dags/first_dag.py for tasks to queue
[2025-11-15T20:56:15.059+0000] {logging_mixin.py:190} INFO - [2025-11-15T20:56:15.059+0000] {dagbag.py:588} INFO - Filling up the DagBag from /opt/airflow/dags/first_dag.py
[2025-11-15T20:56:15.087+0000] {processor.py:925} INFO - DAG(s) 'my_first_dag' retrieved from /opt/airflow/dags/first_dag.py
[2025-11-15T20:56:15.101+0000] {logging_mixin.py:190} INFO - [2025-11-15T20:56:15.100+0000] {dag.py:3239} INFO - Sync 1 DAGs
[2025-11-15T20:56:15.116+0000] {logging_mixin.py:190} INFO - [2025-11-15T20:56:15.115+0000] {dag.py:4180} INFO - Setting next_dagrun for my_first_dag to 2025-11-14 00:00:00+00:00, run_after=2025-11-15 00:00:00+00:00
[2025-11-15T20:56:15.132+0000] {processor.py:208} INFO - Processing /opt/airflow/dags/first_dag.py took 0.080 seconds
[2025-11-15T20:56:46.111+0000] {processor.py:186} INFO - Started process (PID=7787) to work on /opt/airflow/dags/first_dag.py
[2025-11-15T20:56:46.112+0000] {processor.py:914} INFO - Processing file /opt/airflow/dags/first_dag.py for tasks to queue
[2025-11-15T20:56:46.114+0000] {logging_mixin.py:190} INFO - [2025-11-15T20:56:46.114+0000] {dagbag.py:588} INFO - Filling up the DagBag from /opt/airflow/dags/first_dag.py
[2025-11-15T20:56:46.139+0000] {processor.py:925} INFO - DAG(s) 'my_first_dag' retrieved from /opt/airflow/dags/first_dag.py
[2025-11-15T20:56:46.152+0000] {logging_mixin.py:190} INFO - [2025-11-15T20:56:46.152+0000] {dag.py:3239} INFO - Sync 1 DAGs
[2025-11-15T20:56:46.166+0000] {logging_mixin.py:190} INFO - [2025-11-15T20:56:46.166+0000] {dag.py:4180} INFO - Setting next_dagrun for my_first_dag to 2025-11-14 00:00:00+00:00, run_after=2025-11-15 00:00:00+00:00
[2025-11-15T20:56:46.189+0000] {processor.py:208} INFO - Processing /opt/airflow/dags/first_dag.py took 0.082 seconds
[2025-11-15T20:57:16.748+0000] {processor.py:186} INFO - Started process (PID=7852) to work on /opt/airflow/dags/first_dag.py
[2025-11-15T20:57:16.749+0000] {processor.py:914} INFO - Processing file /opt/airflow/dags/first_dag.py for tasks to queue
[2025-11-15T20:57:16.751+0000] {logging_mixin.py:190} INFO - [2025-11-15T20:57:16.751+0000] {dagbag.py:588} INFO - Filling up the DagBag from /opt/airflow/dags/first_dag.py
[2025-11-15T20:57:16.777+0000] {processor.py:925} INFO - DAG(s) 'my_first_dag' retrieved from /opt/airflow/dags/first_dag.py
[2025-11-15T20:57:16.790+0000] {logging_mixin.py:190} INFO - [2025-11-15T20:57:16.790+0000] {dag.py:3239} INFO - Sync 1 DAGs
[2025-11-15T20:57:16.804+0000] {logging_mixin.py:190} INFO - [2025-11-15T20:57:16.804+0000] {dag.py:4180} INFO - Setting next_dagrun for my_first_dag to 2025-11-14 00:00:00+00:00, run_after=2025-11-15 00:00:00+00:00
[2025-11-15T20:57:16.843+0000] {processor.py:208} INFO - Processing /opt/airflow/dags/first_dag.py took 0.100 seconds
[2025-11-15T20:57:47.618+0000] {processor.py:186} INFO - Started process (PID=7917) to work on /opt/airflow/dags/first_dag.py
[2025-11-15T20:57:47.619+0000] {processor.py:914} INFO - Processing file /opt/airflow/dags/first_dag.py for tasks to queue
[2025-11-15T20:57:47.622+0000] {logging_mixin.py:190} INFO - [2025-11-15T20:57:47.621+0000] {dagbag.py:588} INFO - Filling up the DagBag from /opt/airflow/dags/first_dag.py
[2025-11-15T20:57:47.650+0000] {processor.py:925} INFO - DAG(s) 'my_first_dag' retrieved from /opt/airflow/dags/first_dag.py
[2025-11-15T20:57:47.665+0000] {logging_mixin.py:190} INFO - [2025-11-15T20:57:47.664+0000] {dag.py:3239} INFO - Sync 1 DAGs
[2025-11-15T20:57:47.678+0000] {logging_mixin.py:190} INFO - [2025-11-15T20:57:47.678+0000] {dag.py:4180} INFO - Setting next_dagrun for my_first_dag to 2025-11-14 00:00:00+00:00, run_after=2025-11-15 00:00:00+00:00
[2025-11-15T20:57:47.704+0000] {processor.py:208} INFO - Processing /opt/airflow/dags/first_dag.py took 0.090 seconds
[2025-11-15T20:58:17.798+0000] {processor.py:186} INFO - Started process (PID=7982) to work on /opt/airflow/dags/first_dag.py
[2025-11-15T20:58:17.799+0000] {processor.py:914} INFO - Processing file /opt/airflow/dags/first_dag.py for tasks to queue
[2025-11-15T20:58:17.801+0000] {logging_mixin.py:190} INFO - [2025-11-15T20:58:17.801+0000] {dagbag.py:588} INFO - Filling up the DagBag from /opt/airflow/dags/first_dag.py
[2025-11-15T20:58:17.818+0000] {processor.py:925} INFO - DAG(s) 'my_first_dag' retrieved from /opt/airflow/dags/first_dag.py
[2025-11-15T20:58:17.831+0000] {logging_mixin.py:190} INFO - [2025-11-15T20:58:17.830+0000] {dag.py:3239} INFO - Sync 1 DAGs
[2025-11-15T20:58:17.846+0000] {logging_mixin.py:190} INFO - [2025-11-15T20:58:17.846+0000] {dag.py:4180} INFO - Setting next_dagrun for my_first_dag to 2025-11-14 00:00:00+00:00, run_after=2025-11-15 00:00:00+00:00
[2025-11-15T20:58:17.861+0000] {processor.py:208} INFO - Processing /opt/airflow/dags/first_dag.py took 0.067 seconds
[2025-11-15T20:58:48.434+0000] {processor.py:186} INFO - Started process (PID=8043) to work on /opt/airflow/dags/first_dag.py
[2025-11-15T20:58:48.435+0000] {processor.py:914} INFO - Processing file /opt/airflow/dags/first_dag.py for tasks to queue
[2025-11-15T20:58:48.437+0000] {logging_mixin.py:190} INFO - [2025-11-15T20:58:48.437+0000] {dagbag.py:588} INFO - Filling up the DagBag from /opt/airflow/dags/first_dag.py
[2025-11-15T20:58:48.460+0000] {processor.py:925} INFO - DAG(s) 'my_first_dag' retrieved from /opt/airflow/dags/first_dag.py
[2025-11-15T20:58:48.473+0000] {logging_mixin.py:190} INFO - [2025-11-15T20:58:48.473+0000] {dag.py:3239} INFO - Sync 1 DAGs
[2025-11-15T20:58:48.489+0000] {logging_mixin.py:190} INFO - [2025-11-15T20:58:48.489+0000] {dag.py:4180} INFO - Setting next_dagrun for my_first_dag to 2025-11-14 00:00:00+00:00, run_after=2025-11-15 00:00:00+00:00
[2025-11-15T20:58:48.503+0000] {processor.py:208} INFO - Processing /opt/airflow/dags/first_dag.py took 0.073 seconds
[2025-11-15T20:59:19.718+0000] {processor.py:186} INFO - Started process (PID=8108) to work on /opt/airflow/dags/first_dag.py
[2025-11-15T20:59:19.720+0000] {processor.py:914} INFO - Processing file /opt/airflow/dags/first_dag.py for tasks to queue
[2025-11-15T20:59:19.723+0000] {logging_mixin.py:190} INFO - [2025-11-15T20:59:19.722+0000] {dagbag.py:588} INFO - Filling up the DagBag from /opt/airflow/dags/first_dag.py
[2025-11-15T20:59:19.750+0000] {processor.py:925} INFO - DAG(s) 'my_first_dag' retrieved from /opt/airflow/dags/first_dag.py
[2025-11-15T20:59:19.762+0000] {logging_mixin.py:190} INFO - [2025-11-15T20:59:19.761+0000] {dag.py:3239} INFO - Sync 1 DAGs
[2025-11-15T20:59:19.775+0000] {logging_mixin.py:190} INFO - [2025-11-15T20:59:19.775+0000] {dag.py:4180} INFO - Setting next_dagrun for my_first_dag to 2025-11-14 00:00:00+00:00, run_after=2025-11-15 00:00:00+00:00
[2025-11-15T20:59:19.795+0000] {processor.py:208} INFO - Processing /opt/airflow/dags/first_dag.py took 0.081 seconds
[2025-11-15T20:59:50.047+0000] {processor.py:186} INFO - Started process (PID=8171) to work on /opt/airflow/dags/first_dag.py
[2025-11-15T20:59:50.050+0000] {processor.py:914} INFO - Processing file /opt/airflow/dags/first_dag.py for tasks to queue
[2025-11-15T20:59:50.053+0000] {logging_mixin.py:190} INFO - [2025-11-15T20:59:50.053+0000] {dagbag.py:588} INFO - Filling up the DagBag from /opt/airflow/dags/first_dag.py
[2025-11-15T20:59:50.084+0000] {processor.py:925} INFO - DAG(s) 'my_first_dag' retrieved from /opt/airflow/dags/first_dag.py
[2025-11-15T20:59:50.098+0000] {logging_mixin.py:190} INFO - [2025-11-15T20:59:50.098+0000] {dag.py:3239} INFO - Sync 1 DAGs
[2025-11-15T20:59:50.112+0000] {logging_mixin.py:190} INFO - [2025-11-15T20:59:50.112+0000] {dag.py:4180} INFO - Setting next_dagrun for my_first_dag to 2025-11-14 00:00:00+00:00, run_after=2025-11-15 00:00:00+00:00
[2025-11-15T20:59:50.125+0000] {processor.py:208} INFO - Processing /opt/airflow/dags/first_dag.py took 0.083 seconds
[2025-11-15T21:00:20.667+0000] {processor.py:186} INFO - Started process (PID=8229) to work on /opt/airflow/dags/first_dag.py
[2025-11-15T21:00:20.668+0000] {processor.py:914} INFO - Processing file /opt/airflow/dags/first_dag.py for tasks to queue
[2025-11-15T21:00:20.670+0000] {logging_mixin.py:190} INFO - [2025-11-15T21:00:20.670+0000] {dagbag.py:588} INFO - Filling up the DagBag from /opt/airflow/dags/first_dag.py
[2025-11-15T21:00:20.702+0000] {processor.py:925} INFO - DAG(s) 'my_first_dag' retrieved from /opt/airflow/dags/first_dag.py
[2025-11-15T21:00:20.716+0000] {logging_mixin.py:190} INFO - [2025-11-15T21:00:20.716+0000] {dag.py:3239} INFO - Sync 1 DAGs
[2025-11-15T21:00:20.730+0000] {logging_mixin.py:190} INFO - [2025-11-15T21:00:20.730+0000] {dag.py:4180} INFO - Setting next_dagrun for my_first_dag to 2025-11-14 00:00:00+00:00, run_after=2025-11-15 00:00:00+00:00
[2025-11-15T21:00:20.745+0000] {processor.py:208} INFO - Processing /opt/airflow/dags/first_dag.py took 0.083 seconds
[2025-11-15T21:00:51.268+0000] {processor.py:186} INFO - Started process (PID=8290) to work on /opt/airflow/dags/first_dag.py
[2025-11-15T21:00:51.268+0000] {processor.py:914} INFO - Processing file /opt/airflow/dags/first_dag.py for tasks to queue
[2025-11-15T21:00:51.270+0000] {logging_mixin.py:190} INFO - [2025-11-15T21:00:51.270+0000] {dagbag.py:588} INFO - Filling up the DagBag from /opt/airflow/dags/first_dag.py
[2025-11-15T21:00:51.281+0000] {processor.py:925} INFO - DAG(s) 'my_first_dag' retrieved from /opt/airflow/dags/first_dag.py
[2025-11-15T21:00:51.293+0000] {logging_mixin.py:190} INFO - [2025-11-15T21:00:51.293+0000] {dag.py:3239} INFO - Sync 1 DAGs
[2025-11-15T21:00:51.309+0000] {logging_mixin.py:190} INFO - [2025-11-15T21:00:51.309+0000] {dag.py:4180} INFO - Setting next_dagrun for my_first_dag to 2025-11-14 00:00:00+00:00, run_after=2025-11-15 00:00:00+00:00
[2025-11-15T21:00:51.322+0000] {processor.py:208} INFO - Processing /opt/airflow/dags/first_dag.py took 0.058 seconds
[2025-11-15T21:01:22.675+0000] {processor.py:186} INFO - Started process (PID=8353) to work on /opt/airflow/dags/first_dag.py
[2025-11-15T21:01:22.676+0000] {processor.py:914} INFO - Processing file /opt/airflow/dags/first_dag.py for tasks to queue
[2025-11-15T21:01:22.679+0000] {logging_mixin.py:190} INFO - [2025-11-15T21:01:22.678+0000] {dagbag.py:588} INFO - Filling up the DagBag from /opt/airflow/dags/first_dag.py
[2025-11-15T21:01:22.710+0000] {processor.py:925} INFO - DAG(s) 'my_first_dag' retrieved from /opt/airflow/dags/first_dag.py
[2025-11-15T21:01:22.722+0000] {logging_mixin.py:190} INFO - [2025-11-15T21:01:22.722+0000] {dag.py:3239} INFO - Sync 1 DAGs
[2025-11-15T21:01:22.738+0000] {logging_mixin.py:190} INFO - [2025-11-15T21:01:22.737+0000] {dag.py:4180} INFO - Setting next_dagrun for my_first_dag to 2025-11-14 00:00:00+00:00, run_after=2025-11-15 00:00:00+00:00
[2025-11-15T21:01:22.754+0000] {processor.py:208} INFO - Processing /opt/airflow/dags/first_dag.py took 0.082 seconds
[2025-11-15T21:01:53.728+0000] {processor.py:186} INFO - Started process (PID=8418) to work on /opt/airflow/dags/first_dag.py
[2025-11-15T21:01:53.729+0000] {processor.py:914} INFO - Processing file /opt/airflow/dags/first_dag.py for tasks to queue
[2025-11-15T21:01:53.733+0000] {logging_mixin.py:190} INFO - [2025-11-15T21:01:53.733+0000] {dagbag.py:588} INFO - Filling up the DagBag from /opt/airflow/dags/first_dag.py
[2025-11-15T21:01:53.764+0000] {processor.py:925} INFO - DAG(s) 'my_first_dag' retrieved from /opt/airflow/dags/first_dag.py
[2025-11-15T21:01:53.778+0000] {logging_mixin.py:190} INFO - [2025-11-15T21:01:53.777+0000] {dag.py:3239} INFO - Sync 1 DAGs
[2025-11-15T21:01:53.793+0000] {logging_mixin.py:190} INFO - [2025-11-15T21:01:53.793+0000] {dag.py:4180} INFO - Setting next_dagrun for my_first_dag to 2025-11-14 00:00:00+00:00, run_after=2025-11-15 00:00:00+00:00
[2025-11-15T21:01:53.808+0000] {processor.py:208} INFO - Processing /opt/airflow/dags/first_dag.py took 0.083 seconds
[2025-11-15T21:02:23.966+0000] {processor.py:186} INFO - Started process (PID=8483) to work on /opt/airflow/dags/first_dag.py
[2025-11-15T21:02:23.967+0000] {processor.py:914} INFO - Processing file /opt/airflow/dags/first_dag.py for tasks to queue
[2025-11-15T21:02:23.969+0000] {logging_mixin.py:190} INFO - [2025-11-15T21:02:23.969+0000] {dagbag.py:588} INFO - Filling up the DagBag from /opt/airflow/dags/first_dag.py
[2025-11-15T21:02:24.001+0000] {processor.py:925} INFO - DAG(s) 'my_first_dag' retrieved from /opt/airflow/dags/first_dag.py
[2025-11-15T21:02:24.015+0000] {logging_mixin.py:190} INFO - [2025-11-15T21:02:24.015+0000] {dag.py:3239} INFO - Sync 1 DAGs
[2025-11-15T21:02:24.030+0000] {logging_mixin.py:190} INFO - [2025-11-15T21:02:24.029+0000] {dag.py:4180} INFO - Setting next_dagrun for my_first_dag to 2025-11-14 00:00:00+00:00, run_after=2025-11-15 00:00:00+00:00
[2025-11-15T21:02:24.044+0000] {processor.py:208} INFO - Processing /opt/airflow/dags/first_dag.py took 0.082 seconds
[2025-11-15T21:02:54.606+0000] {processor.py:186} INFO - Started process (PID=8540) to work on /opt/airflow/dags/first_dag.py
[2025-11-15T21:02:54.607+0000] {processor.py:914} INFO - Processing file /opt/airflow/dags/first_dag.py for tasks to queue
[2025-11-15T21:02:54.609+0000] {logging_mixin.py:190} INFO - [2025-11-15T21:02:54.609+0000] {dagbag.py:588} INFO - Filling up the DagBag from /opt/airflow/dags/first_dag.py
[2025-11-15T21:02:54.629+0000] {processor.py:925} INFO - DAG(s) 'my_first_dag' retrieved from /opt/airflow/dags/first_dag.py
[2025-11-15T21:02:54.640+0000] {logging_mixin.py:190} INFO - [2025-11-15T21:02:54.640+0000] {dag.py:3239} INFO - Sync 1 DAGs
[2025-11-15T21:02:54.653+0000] {logging_mixin.py:190} INFO - [2025-11-15T21:02:54.653+0000] {dag.py:4180} INFO - Setting next_dagrun for my_first_dag to 2025-11-14 00:00:00+00:00, run_after=2025-11-15 00:00:00+00:00
[2025-11-15T21:02:54.666+0000] {processor.py:208} INFO - Processing /opt/airflow/dags/first_dag.py took 0.064 seconds
[2025-11-15T21:03:25.278+0000] {processor.py:186} INFO - Started process (PID=8598) to work on /opt/airflow/dags/first_dag.py
[2025-11-15T21:03:25.279+0000] {processor.py:914} INFO - Processing file /opt/airflow/dags/first_dag.py for tasks to queue
[2025-11-15T21:03:25.281+0000] {logging_mixin.py:190} INFO - [2025-11-15T21:03:25.281+0000] {dagbag.py:588} INFO - Filling up the DagBag from /opt/airflow/dags/first_dag.py
[2025-11-15T21:03:25.322+0000] {processor.py:925} INFO - DAG(s) 'my_first_dag' retrieved from /opt/airflow/dags/first_dag.py
[2025-11-15T21:03:25.339+0000] {logging_mixin.py:190} INFO - [2025-11-15T21:03:25.339+0000] {dag.py:3239} INFO - Sync 1 DAGs
[2025-11-15T21:03:25.357+0000] {logging_mixin.py:190} INFO - [2025-11-15T21:03:25.357+0000] {dag.py:4180} INFO - Setting next_dagrun for my_first_dag to 2025-11-14 00:00:00+00:00, run_after=2025-11-15 00:00:00+00:00
[2025-11-15T21:03:25.373+0000] {processor.py:208} INFO - Processing /opt/airflow/dags/first_dag.py took 0.100 seconds
[2025-11-15T21:03:56.598+0000] {processor.py:186} INFO - Started process (PID=8663) to work on /opt/airflow/dags/first_dag.py
[2025-11-15T21:03:56.599+0000] {processor.py:914} INFO - Processing file /opt/airflow/dags/first_dag.py for tasks to queue
[2025-11-15T21:03:56.601+0000] {logging_mixin.py:190} INFO - [2025-11-15T21:03:56.601+0000] {dagbag.py:588} INFO - Filling up the DagBag from /opt/airflow/dags/first_dag.py
[2025-11-15T21:03:56.626+0000] {processor.py:925} INFO - DAG(s) 'my_first_dag' retrieved from /opt/airflow/dags/first_dag.py
[2025-11-15T21:03:56.641+0000] {logging_mixin.py:190} INFO - [2025-11-15T21:03:56.641+0000] {dag.py:3239} INFO - Sync 1 DAGs
[2025-11-15T21:03:56.660+0000] {logging_mixin.py:190} INFO - [2025-11-15T21:03:56.660+0000] {dag.py:4180} INFO - Setting next_dagrun for my_first_dag to 2025-11-14 00:00:00+00:00, run_after=2025-11-15 00:00:00+00:00
[2025-11-15T21:03:56.679+0000] {processor.py:208} INFO - Processing /opt/airflow/dags/first_dag.py took 0.084 seconds
[2025-11-15T21:04:27.646+0000] {processor.py:186} INFO - Started process (PID=8728) to work on /opt/airflow/dags/first_dag.py
[2025-11-15T21:04:27.648+0000] {processor.py:914} INFO - Processing file /opt/airflow/dags/first_dag.py for tasks to queue
[2025-11-15T21:04:27.650+0000] {logging_mixin.py:190} INFO - [2025-11-15T21:04:27.650+0000] {dagbag.py:588} INFO - Filling up the DagBag from /opt/airflow/dags/first_dag.py
[2025-11-15T21:04:27.689+0000] {processor.py:925} INFO - DAG(s) 'my_first_dag' retrieved from /opt/airflow/dags/first_dag.py
[2025-11-15T21:04:27.705+0000] {logging_mixin.py:190} INFO - [2025-11-15T21:04:27.705+0000] {dag.py:3239} INFO - Sync 1 DAGs
[2025-11-15T21:04:27.723+0000] {logging_mixin.py:190} INFO - [2025-11-15T21:04:27.723+0000] {dag.py:4180} INFO - Setting next_dagrun for my_first_dag to 2025-11-14 00:00:00+00:00, run_after=2025-11-15 00:00:00+00:00
[2025-11-15T21:04:27.738+0000] {processor.py:208} INFO - Processing /opt/airflow/dags/first_dag.py took 0.096 seconds
[2025-11-15T21:04:58.294+0000] {processor.py:186} INFO - Started process (PID=8793) to work on /opt/airflow/dags/first_dag.py
[2025-11-15T21:04:58.298+0000] {processor.py:914} INFO - Processing file /opt/airflow/dags/first_dag.py for tasks to queue
[2025-11-15T21:04:58.301+0000] {logging_mixin.py:190} INFO - [2025-11-15T21:04:58.301+0000] {dagbag.py:588} INFO - Filling up the DagBag from /opt/airflow/dags/first_dag.py
[2025-11-15T21:04:58.425+0000] {processor.py:925} INFO - DAG(s) 'my_first_dag' retrieved from /opt/airflow/dags/first_dag.py
[2025-11-15T21:04:58.441+0000] {logging_mixin.py:190} INFO - [2025-11-15T21:04:58.440+0000] {dag.py:3239} INFO - Sync 1 DAGs
[2025-11-15T21:04:58.459+0000] {logging_mixin.py:190} INFO - [2025-11-15T21:04:58.459+0000] {dag.py:4180} INFO - Setting next_dagrun for my_first_dag to 2025-11-14 00:00:00+00:00, run_after=2025-11-15 00:00:00+00:00
[2025-11-15T21:04:58.484+0000] {processor.py:208} INFO - Processing /opt/airflow/dags/first_dag.py took 0.195 seconds
[2025-11-15T21:05:28.787+0000] {processor.py:186} INFO - Started process (PID=8858) to work on /opt/airflow/dags/first_dag.py
[2025-11-15T21:05:28.788+0000] {processor.py:914} INFO - Processing file /opt/airflow/dags/first_dag.py for tasks to queue
[2025-11-15T21:05:28.791+0000] {logging_mixin.py:190} INFO - [2025-11-15T21:05:28.790+0000] {dagbag.py:588} INFO - Filling up the DagBag from /opt/airflow/dags/first_dag.py
[2025-11-15T21:05:28.806+0000] {processor.py:925} INFO - DAG(s) 'my_first_dag' retrieved from /opt/airflow/dags/first_dag.py
[2025-11-15T21:05:28.819+0000] {logging_mixin.py:190} INFO - [2025-11-15T21:05:28.819+0000] {dag.py:3239} INFO - Sync 1 DAGs
[2025-11-15T21:05:28.833+0000] {logging_mixin.py:190} INFO - [2025-11-15T21:05:28.833+0000] {dag.py:4180} INFO - Setting next_dagrun for my_first_dag to 2025-11-14 00:00:00+00:00, run_after=2025-11-15 00:00:00+00:00
[2025-11-15T21:05:28.867+0000] {processor.py:208} INFO - Processing /opt/airflow/dags/first_dag.py took 0.084 seconds
[2025-11-15T21:05:58.969+0000] {processor.py:186} INFO - Started process (PID=8923) to work on /opt/airflow/dags/first_dag.py
[2025-11-15T21:05:58.970+0000] {processor.py:914} INFO - Processing file /opt/airflow/dags/first_dag.py for tasks to queue
[2025-11-15T21:05:58.972+0000] {logging_mixin.py:190} INFO - [2025-11-15T21:05:58.972+0000] {dagbag.py:588} INFO - Filling up the DagBag from /opt/airflow/dags/first_dag.py
[2025-11-15T21:05:59.002+0000] {processor.py:925} INFO - DAG(s) 'my_first_dag' retrieved from /opt/airflow/dags/first_dag.py
[2025-11-15T21:05:59.017+0000] {logging_mixin.py:190} INFO - [2025-11-15T21:05:59.017+0000] {dag.py:3239} INFO - Sync 1 DAGs
[2025-11-15T21:05:59.032+0000] {logging_mixin.py:190} INFO - [2025-11-15T21:05:59.031+0000] {dag.py:4180} INFO - Setting next_dagrun for my_first_dag to 2025-11-14 00:00:00+00:00, run_after=2025-11-15 00:00:00+00:00
[2025-11-15T21:05:59.062+0000] {processor.py:208} INFO - Processing /opt/airflow/dags/first_dag.py took 0.097 seconds
[2025-11-15T21:06:30.290+0000] {processor.py:186} INFO - Started process (PID=8988) to work on /opt/airflow/dags/first_dag.py
[2025-11-15T21:06:30.293+0000] {processor.py:914} INFO - Processing file /opt/airflow/dags/first_dag.py for tasks to queue
[2025-11-15T21:06:30.295+0000] {logging_mixin.py:190} INFO - [2025-11-15T21:06:30.295+0000] {dagbag.py:588} INFO - Filling up the DagBag from /opt/airflow/dags/first_dag.py
[2025-11-15T21:06:30.354+0000] {processor.py:925} INFO - DAG(s) 'my_first_dag' retrieved from /opt/airflow/dags/first_dag.py
[2025-11-15T21:06:30.367+0000] {logging_mixin.py:190} INFO - [2025-11-15T21:06:30.367+0000] {dag.py:3239} INFO - Sync 1 DAGs
[2025-11-15T21:06:30.383+0000] {logging_mixin.py:190} INFO - [2025-11-15T21:06:30.383+0000] {dag.py:4180} INFO - Setting next_dagrun for my_first_dag to 2025-11-14 00:00:00+00:00, run_after=2025-11-15 00:00:00+00:00
[2025-11-15T21:06:30.405+0000] {processor.py:208} INFO - Processing /opt/airflow/dags/first_dag.py took 0.120 seconds
[2025-11-15T21:07:00.566+0000] {processor.py:186} INFO - Started process (PID=9054) to work on /opt/airflow/dags/first_dag.py
[2025-11-15T21:07:00.567+0000] {processor.py:914} INFO - Processing file /opt/airflow/dags/first_dag.py for tasks to queue
[2025-11-15T21:07:00.569+0000] {logging_mixin.py:190} INFO - [2025-11-15T21:07:00.569+0000] {dagbag.py:588} INFO - Filling up the DagBag from /opt/airflow/dags/first_dag.py
[2025-11-15T21:07:00.593+0000] {processor.py:925} INFO - DAG(s) 'my_first_dag' retrieved from /opt/airflow/dags/first_dag.py
[2025-11-15T21:07:00.610+0000] {logging_mixin.py:190} INFO - [2025-11-15T21:07:00.609+0000] {dag.py:3239} INFO - Sync 1 DAGs
[2025-11-15T21:07:00.625+0000] {logging_mixin.py:190} INFO - [2025-11-15T21:07:00.625+0000] {dag.py:4180} INFO - Setting next_dagrun for my_first_dag to 2025-11-14 00:00:00+00:00, run_after=2025-11-15 00:00:00+00:00
[2025-11-15T21:07:00.662+0000] {processor.py:208} INFO - Processing /opt/airflow/dags/first_dag.py took 0.100 seconds
[2025-11-15T21:07:31.458+0000] {processor.py:186} INFO - Started process (PID=9118) to work on /opt/airflow/dags/first_dag.py
[2025-11-15T21:07:31.459+0000] {processor.py:914} INFO - Processing file /opt/airflow/dags/first_dag.py for tasks to queue
[2025-11-15T21:07:31.461+0000] {logging_mixin.py:190} INFO - [2025-11-15T21:07:31.461+0000] {dagbag.py:588} INFO - Filling up the DagBag from /opt/airflow/dags/first_dag.py
[2025-11-15T21:07:31.498+0000] {processor.py:925} INFO - DAG(s) 'my_first_dag' retrieved from /opt/airflow/dags/first_dag.py
[2025-11-15T21:07:31.510+0000] {logging_mixin.py:190} INFO - [2025-11-15T21:07:31.510+0000] {dag.py:3239} INFO - Sync 1 DAGs
[2025-11-15T21:07:31.525+0000] {logging_mixin.py:190} INFO - [2025-11-15T21:07:31.525+0000] {dag.py:4180} INFO - Setting next_dagrun for my_first_dag to 2025-11-14 00:00:00+00:00, run_after=2025-11-15 00:00:00+00:00
[2025-11-15T21:07:31.539+0000] {processor.py:208} INFO - Processing /opt/airflow/dags/first_dag.py took 0.084 seconds
[2025-11-15T21:08:02.123+0000] {processor.py:186} INFO - Started process (PID=9182) to work on /opt/airflow/dags/first_dag.py
[2025-11-15T21:08:02.124+0000] {processor.py:914} INFO - Processing file /opt/airflow/dags/first_dag.py for tasks to queue
[2025-11-15T21:08:02.126+0000] {logging_mixin.py:190} INFO - [2025-11-15T21:08:02.126+0000] {dagbag.py:588} INFO - Filling up the DagBag from /opt/airflow/dags/first_dag.py
[2025-11-15T21:08:02.156+0000] {processor.py:925} INFO - DAG(s) 'my_first_dag' retrieved from /opt/airflow/dags/first_dag.py
[2025-11-15T21:08:02.172+0000] {logging_mixin.py:190} INFO - [2025-11-15T21:08:02.172+0000] {dag.py:3239} INFO - Sync 1 DAGs
[2025-11-15T21:08:02.189+0000] {logging_mixin.py:190} INFO - [2025-11-15T21:08:02.189+0000] {dag.py:4180} INFO - Setting next_dagrun for my_first_dag to 2025-11-14 00:00:00+00:00, run_after=2025-11-15 00:00:00+00:00
[2025-11-15T21:08:02.215+0000] {processor.py:208} INFO - Processing /opt/airflow/dags/first_dag.py took 0.097 seconds
[2025-11-15T21:08:33.384+0000] {processor.py:186} INFO - Started process (PID=9247) to work on /opt/airflow/dags/first_dag.py
[2025-11-15T21:08:33.386+0000] {processor.py:914} INFO - Processing file /opt/airflow/dags/first_dag.py for tasks to queue
[2025-11-15T21:08:33.387+0000] {logging_mixin.py:190} INFO - [2025-11-15T21:08:33.387+0000] {dagbag.py:588} INFO - Filling up the DagBag from /opt/airflow/dags/first_dag.py
[2025-11-15T21:08:33.409+0000] {processor.py:925} INFO - DAG(s) 'my_first_dag' retrieved from /opt/airflow/dags/first_dag.py
[2025-11-15T21:08:33.421+0000] {logging_mixin.py:190} INFO - [2025-11-15T21:08:33.421+0000] {dag.py:3239} INFO - Sync 1 DAGs
[2025-11-15T21:08:33.436+0000] {logging_mixin.py:190} INFO - [2025-11-15T21:08:33.436+0000] {dag.py:4180} INFO - Setting next_dagrun for my_first_dag to 2025-11-14 00:00:00+00:00, run_after=2025-11-15 00:00:00+00:00
[2025-11-15T21:08:33.468+0000] {processor.py:208} INFO - Processing /opt/airflow/dags/first_dag.py took 0.087 seconds
[2025-11-15T21:09:03.647+0000] {processor.py:186} INFO - Started process (PID=9312) to work on /opt/airflow/dags/first_dag.py
[2025-11-15T21:09:03.648+0000] {processor.py:914} INFO - Processing file /opt/airflow/dags/first_dag.py for tasks to queue
[2025-11-15T21:09:03.650+0000] {logging_mixin.py:190} INFO - [2025-11-15T21:09:03.650+0000] {dagbag.py:588} INFO - Filling up the DagBag from /opt/airflow/dags/first_dag.py
[2025-11-15T21:09:03.665+0000] {processor.py:925} INFO - DAG(s) 'my_first_dag' retrieved from /opt/airflow/dags/first_dag.py
[2025-11-15T21:09:03.681+0000] {logging_mixin.py:190} INFO - [2025-11-15T21:09:03.681+0000] {dag.py:3239} INFO - Sync 1 DAGs
[2025-11-15T21:09:03.697+0000] {logging_mixin.py:190} INFO - [2025-11-15T21:09:03.697+0000] {dag.py:4180} INFO - Setting next_dagrun for my_first_dag to 2025-11-14 00:00:00+00:00, run_after=2025-11-15 00:00:00+00:00
[2025-11-15T21:09:03.711+0000] {processor.py:208} INFO - Processing /opt/airflow/dags/first_dag.py took 0.067 seconds
[2025-11-15T21:09:34.796+0000] {processor.py:186} INFO - Started process (PID=9377) to work on /opt/airflow/dags/first_dag.py
[2025-11-15T21:09:34.797+0000] {processor.py:914} INFO - Processing file /opt/airflow/dags/first_dag.py for tasks to queue
[2025-11-15T21:09:34.803+0000] {logging_mixin.py:190} INFO - [2025-11-15T21:09:34.803+0000] {dagbag.py:588} INFO - Filling up the DagBag from /opt/airflow/dags/first_dag.py
[2025-11-15T21:09:34.825+0000] {processor.py:925} INFO - DAG(s) 'my_first_dag' retrieved from /opt/airflow/dags/first_dag.py
[2025-11-15T21:09:34.842+0000] {logging_mixin.py:190} INFO - [2025-11-15T21:09:34.842+0000] {dag.py:3239} INFO - Sync 1 DAGs
[2025-11-15T21:09:34.858+0000] {logging_mixin.py:190} INFO - [2025-11-15T21:09:34.857+0000] {dag.py:4180} INFO - Setting next_dagrun for my_first_dag to 2025-11-14 00:00:00+00:00, run_after=2025-11-15 00:00:00+00:00
[2025-11-15T21:09:34.888+0000] {processor.py:208} INFO - Processing /opt/airflow/dags/first_dag.py took 0.096 seconds
[2025-11-15T21:10:05.746+0000] {processor.py:186} INFO - Started process (PID=9442) to work on /opt/airflow/dags/first_dag.py
[2025-11-15T21:10:05.748+0000] {processor.py:914} INFO - Processing file /opt/airflow/dags/first_dag.py for tasks to queue
[2025-11-15T21:10:05.750+0000] {logging_mixin.py:190} INFO - [2025-11-15T21:10:05.750+0000] {dagbag.py:588} INFO - Filling up the DagBag from /opt/airflow/dags/first_dag.py
[2025-11-15T21:10:05.785+0000] {processor.py:925} INFO - DAG(s) 'my_first_dag' retrieved from /opt/airflow/dags/first_dag.py
[2025-11-15T21:10:05.801+0000] {logging_mixin.py:190} INFO - [2025-11-15T21:10:05.800+0000] {dag.py:3239} INFO - Sync 1 DAGs
[2025-11-15T21:10:05.816+0000] {logging_mixin.py:190} INFO - [2025-11-15T21:10:05.816+0000] {dag.py:4180} INFO - Setting next_dagrun for my_first_dag to 2025-11-14 00:00:00+00:00, run_after=2025-11-15 00:00:00+00:00
[2025-11-15T21:10:05.843+0000] {processor.py:208} INFO - Processing /opt/airflow/dags/first_dag.py took 0.102 seconds
[2025-11-15T21:10:36.671+0000] {processor.py:186} INFO - Started process (PID=9507) to work on /opt/airflow/dags/first_dag.py
[2025-11-15T21:10:36.673+0000] {processor.py:914} INFO - Processing file /opt/airflow/dags/first_dag.py for tasks to queue
[2025-11-15T21:10:36.675+0000] {logging_mixin.py:190} INFO - [2025-11-15T21:10:36.675+0000] {dagbag.py:588} INFO - Filling up the DagBag from /opt/airflow/dags/first_dag.py
[2025-11-15T21:10:36.696+0000] {processor.py:925} INFO - DAG(s) 'my_first_dag' retrieved from /opt/airflow/dags/first_dag.py
[2025-11-15T21:10:36.713+0000] {logging_mixin.py:190} INFO - [2025-11-15T21:10:36.713+0000] {dag.py:3239} INFO - Sync 1 DAGs
[2025-11-15T21:10:36.730+0000] {logging_mixin.py:190} INFO - [2025-11-15T21:10:36.729+0000] {dag.py:4180} INFO - Setting next_dagrun for my_first_dag to 2025-11-14 00:00:00+00:00, run_after=2025-11-15 00:00:00+00:00
[2025-11-15T21:10:36.746+0000] {processor.py:208} INFO - Processing /opt/airflow/dags/first_dag.py took 0.079 seconds
[2025-11-15T21:11:06.816+0000] {processor.py:186} INFO - Started process (PID=9573) to work on /opt/airflow/dags/first_dag.py
[2025-11-15T21:11:06.820+0000] {processor.py:914} INFO - Processing file /opt/airflow/dags/first_dag.py for tasks to queue
[2025-11-15T21:11:06.823+0000] {logging_mixin.py:190} INFO - [2025-11-15T21:11:06.823+0000] {dagbag.py:588} INFO - Filling up the DagBag from /opt/airflow/dags/first_dag.py
[2025-11-15T21:11:06.852+0000] {processor.py:925} INFO - DAG(s) 'my_first_dag' retrieved from /opt/airflow/dags/first_dag.py
[2025-11-15T21:11:06.869+0000] {logging_mixin.py:190} INFO - [2025-11-15T21:11:06.869+0000] {dag.py:3239} INFO - Sync 1 DAGs
[2025-11-15T21:11:06.884+0000] {logging_mixin.py:190} INFO - [2025-11-15T21:11:06.883+0000] {dag.py:4180} INFO - Setting next_dagrun for my_first_dag to 2025-11-14 00:00:00+00:00, run_after=2025-11-15 00:00:00+00:00
[2025-11-15T21:11:06.900+0000] {processor.py:208} INFO - Processing /opt/airflow/dags/first_dag.py took 0.088 seconds
[2025-11-15T21:11:37.192+0000] {processor.py:186} INFO - Started process (PID=9637) to work on /opt/airflow/dags/first_dag.py
[2025-11-15T21:11:37.193+0000] {processor.py:914} INFO - Processing file /opt/airflow/dags/first_dag.py for tasks to queue
[2025-11-15T21:11:37.196+0000] {logging_mixin.py:190} INFO - [2025-11-15T21:11:37.196+0000] {dagbag.py:588} INFO - Filling up the DagBag from /opt/airflow/dags/first_dag.py
[2025-11-15T21:11:37.231+0000] {processor.py:925} INFO - DAG(s) 'my_first_dag' retrieved from /opt/airflow/dags/first_dag.py
[2025-11-15T21:11:37.248+0000] {logging_mixin.py:190} INFO - [2025-11-15T21:11:37.248+0000] {dag.py:3239} INFO - Sync 1 DAGs
[2025-11-15T21:11:37.265+0000] {logging_mixin.py:190} INFO - [2025-11-15T21:11:37.265+0000] {dag.py:4180} INFO - Setting next_dagrun for my_first_dag to 2025-11-14 00:00:00+00:00, run_after=2025-11-15 00:00:00+00:00
[2025-11-15T21:11:37.280+0000] {processor.py:208} INFO - Processing /opt/airflow/dags/first_dag.py took 0.093 seconds
[2025-11-15T21:12:08.341+0000] {processor.py:186} INFO - Started process (PID=9702) to work on /opt/airflow/dags/first_dag.py
[2025-11-15T21:12:08.343+0000] {processor.py:914} INFO - Processing file /opt/airflow/dags/first_dag.py for tasks to queue
[2025-11-15T21:12:08.345+0000] {logging_mixin.py:190} INFO - [2025-11-15T21:12:08.345+0000] {dagbag.py:588} INFO - Filling up the DagBag from /opt/airflow/dags/first_dag.py
[2025-11-15T21:12:08.376+0000] {processor.py:925} INFO - DAG(s) 'my_first_dag' retrieved from /opt/airflow/dags/first_dag.py
[2025-11-15T21:12:08.393+0000] {logging_mixin.py:190} INFO - [2025-11-15T21:12:08.393+0000] {dag.py:3239} INFO - Sync 1 DAGs
[2025-11-15T21:12:08.411+0000] {logging_mixin.py:190} INFO - [2025-11-15T21:12:08.411+0000] {dag.py:4180} INFO - Setting next_dagrun for my_first_dag to 2025-11-14 00:00:00+00:00, run_after=2025-11-15 00:00:00+00:00
[2025-11-15T21:12:08.440+0000] {processor.py:208} INFO - Processing /opt/airflow/dags/first_dag.py took 0.104 seconds
[2025-11-15T21:12:39.467+0000] {processor.py:186} INFO - Started process (PID=9767) to work on /opt/airflow/dags/first_dag.py
[2025-11-15T21:12:39.469+0000] {processor.py:914} INFO - Processing file /opt/airflow/dags/first_dag.py for tasks to queue
[2025-11-15T21:12:39.470+0000] {logging_mixin.py:190} INFO - [2025-11-15T21:12:39.470+0000] {dagbag.py:588} INFO - Filling up the DagBag from /opt/airflow/dags/first_dag.py
[2025-11-15T21:12:39.496+0000] {processor.py:925} INFO - DAG(s) 'my_first_dag' retrieved from /opt/airflow/dags/first_dag.py
[2025-11-15T21:12:39.509+0000] {logging_mixin.py:190} INFO - [2025-11-15T21:12:39.509+0000] {dag.py:3239} INFO - Sync 1 DAGs
[2025-11-15T21:12:39.523+0000] {logging_mixin.py:190} INFO - [2025-11-15T21:12:39.523+0000] {dag.py:4180} INFO - Setting next_dagrun for my_first_dag to 2025-11-14 00:00:00+00:00, run_after=2025-11-15 00:00:00+00:00
[2025-11-15T21:12:39.537+0000] {processor.py:208} INFO - Processing /opt/airflow/dags/first_dag.py took 0.074 seconds
[2025-11-15T21:13:09.821+0000] {processor.py:186} INFO - Started process (PID=9832) to work on /opt/airflow/dags/first_dag.py
[2025-11-15T21:13:09.822+0000] {processor.py:914} INFO - Processing file /opt/airflow/dags/first_dag.py for tasks to queue
[2025-11-15T21:13:09.824+0000] {logging_mixin.py:190} INFO - [2025-11-15T21:13:09.824+0000] {dagbag.py:588} INFO - Filling up the DagBag from /opt/airflow/dags/first_dag.py
[2025-11-15T21:13:09.857+0000] {processor.py:925} INFO - DAG(s) 'my_first_dag' retrieved from /opt/airflow/dags/first_dag.py
[2025-11-15T21:13:09.874+0000] {logging_mixin.py:190} INFO - [2025-11-15T21:13:09.873+0000] {dag.py:3239} INFO - Sync 1 DAGs
[2025-11-15T21:13:09.889+0000] {logging_mixin.py:190} INFO - [2025-11-15T21:13:09.889+0000] {dag.py:4180} INFO - Setting next_dagrun for my_first_dag to 2025-11-14 00:00:00+00:00, run_after=2025-11-15 00:00:00+00:00
[2025-11-15T21:13:09.929+0000] {processor.py:208} INFO - Processing /opt/airflow/dags/first_dag.py took 0.112 seconds
[2025-11-15T21:13:40.321+0000] {processor.py:186} INFO - Started process (PID=9897) to work on /opt/airflow/dags/first_dag.py
[2025-11-15T21:13:40.322+0000] {processor.py:914} INFO - Processing file /opt/airflow/dags/first_dag.py for tasks to queue
[2025-11-15T21:13:40.324+0000] {logging_mixin.py:190} INFO - [2025-11-15T21:13:40.323+0000] {dagbag.py:588} INFO - Filling up the DagBag from /opt/airflow/dags/first_dag.py
[2025-11-15T21:13:40.335+0000] {processor.py:925} INFO - DAG(s) 'my_first_dag' retrieved from /opt/airflow/dags/first_dag.py
[2025-11-15T21:13:40.349+0000] {logging_mixin.py:190} INFO - [2025-11-15T21:13:40.349+0000] {dag.py:3239} INFO - Sync 1 DAGs
[2025-11-15T21:13:40.365+0000] {logging_mixin.py:190} INFO - [2025-11-15T21:13:40.365+0000] {dag.py:4180} INFO - Setting next_dagrun for my_first_dag to 2025-11-14 00:00:00+00:00, run_after=2025-11-15 00:00:00+00:00
[2025-11-15T21:13:40.381+0000] {processor.py:208} INFO - Processing /opt/airflow/dags/first_dag.py took 0.064 seconds
[2025-11-15T21:14:11.561+0000] {processor.py:186} INFO - Started process (PID=9962) to work on /opt/airflow/dags/first_dag.py
[2025-11-15T21:14:11.562+0000] {processor.py:914} INFO - Processing file /opt/airflow/dags/first_dag.py for tasks to queue
[2025-11-15T21:14:11.564+0000] {logging_mixin.py:190} INFO - [2025-11-15T21:14:11.564+0000] {dagbag.py:588} INFO - Filling up the DagBag from /opt/airflow/dags/first_dag.py
[2025-11-15T21:14:11.581+0000] {processor.py:925} INFO - DAG(s) 'my_first_dag' retrieved from /opt/airflow/dags/first_dag.py
[2025-11-15T21:14:11.597+0000] {logging_mixin.py:190} INFO - [2025-11-15T21:14:11.596+0000] {dag.py:3239} INFO - Sync 1 DAGs
[2025-11-15T21:14:11.614+0000] {logging_mixin.py:190} INFO - [2025-11-15T21:14:11.614+0000] {dag.py:4180} INFO - Setting next_dagrun for my_first_dag to 2025-11-14 00:00:00+00:00, run_after=2025-11-15 00:00:00+00:00
[2025-11-15T21:14:11.628+0000] {processor.py:208} INFO - Processing /opt/airflow/dags/first_dag.py took 0.071 seconds
[2025-11-15T21:14:41.988+0000] {processor.py:186} INFO - Started process (PID=10027) to work on /opt/airflow/dags/first_dag.py
[2025-11-15T21:14:41.989+0000] {processor.py:914} INFO - Processing file /opt/airflow/dags/first_dag.py for tasks to queue
[2025-11-15T21:14:41.991+0000] {logging_mixin.py:190} INFO - [2025-11-15T21:14:41.991+0000] {dagbag.py:588} INFO - Filling up the DagBag from /opt/airflow/dags/first_dag.py
[2025-11-15T21:14:42.013+0000] {processor.py:925} INFO - DAG(s) 'my_first_dag' retrieved from /opt/airflow/dags/first_dag.py
[2025-11-15T21:14:42.028+0000] {logging_mixin.py:190} INFO - [2025-11-15T21:14:42.028+0000] {dag.py:3239} INFO - Sync 1 DAGs
[2025-11-15T21:14:42.044+0000] {logging_mixin.py:190} INFO - [2025-11-15T21:14:42.044+0000] {dag.py:4180} INFO - Setting next_dagrun for my_first_dag to 2025-11-14 00:00:00+00:00, run_after=2025-11-15 00:00:00+00:00
[2025-11-15T21:14:42.059+0000] {processor.py:208} INFO - Processing /opt/airflow/dags/first_dag.py took 0.075 seconds
[2025-11-15T21:15:12.873+0000] {processor.py:186} INFO - Started process (PID=10092) to work on /opt/airflow/dags/first_dag.py
[2025-11-15T21:15:12.874+0000] {processor.py:914} INFO - Processing file /opt/airflow/dags/first_dag.py for tasks to queue
[2025-11-15T21:15:12.876+0000] {logging_mixin.py:190} INFO - [2025-11-15T21:15:12.876+0000] {dagbag.py:588} INFO - Filling up the DagBag from /opt/airflow/dags/first_dag.py
[2025-11-15T21:15:12.893+0000] {processor.py:925} INFO - DAG(s) 'my_first_dag' retrieved from /opt/airflow/dags/first_dag.py
[2025-11-15T21:15:12.906+0000] {logging_mixin.py:190} INFO - [2025-11-15T21:15:12.906+0000] {dag.py:3239} INFO - Sync 1 DAGs
[2025-11-15T21:15:12.920+0000] {logging_mixin.py:190} INFO - [2025-11-15T21:15:12.919+0000] {dag.py:4180} INFO - Setting next_dagrun for my_first_dag to 2025-11-14 00:00:00+00:00, run_after=2025-11-15 00:00:00+00:00
[2025-11-15T21:15:12.935+0000] {processor.py:208} INFO - Processing /opt/airflow/dags/first_dag.py took 0.066 seconds
[2025-11-15T21:15:43.505+0000] {processor.py:186} INFO - Started process (PID=10157) to work on /opt/airflow/dags/first_dag.py
[2025-11-15T21:15:43.506+0000] {processor.py:914} INFO - Processing file /opt/airflow/dags/first_dag.py for tasks to queue
[2025-11-15T21:15:43.508+0000] {logging_mixin.py:190} INFO - [2025-11-15T21:15:43.508+0000] {dagbag.py:588} INFO - Filling up the DagBag from /opt/airflow/dags/first_dag.py
[2025-11-15T21:15:43.527+0000] {processor.py:925} INFO - DAG(s) 'my_first_dag' retrieved from /opt/airflow/dags/first_dag.py
[2025-11-15T21:15:43.540+0000] {logging_mixin.py:190} INFO - [2025-11-15T21:15:43.540+0000] {dag.py:3239} INFO - Sync 1 DAGs
[2025-11-15T21:15:43.555+0000] {logging_mixin.py:190} INFO - [2025-11-15T21:15:43.555+0000] {dag.py:4180} INFO - Setting next_dagrun for my_first_dag to 2025-11-14 00:00:00+00:00, run_after=2025-11-15 00:00:00+00:00
[2025-11-15T21:15:43.568+0000] {processor.py:208} INFO - Processing /opt/airflow/dags/first_dag.py took 0.067 seconds
[2025-11-15T21:16:14.212+0000] {processor.py:186} INFO - Started process (PID=10222) to work on /opt/airflow/dags/first_dag.py
[2025-11-15T21:16:14.213+0000] {processor.py:914} INFO - Processing file /opt/airflow/dags/first_dag.py for tasks to queue
[2025-11-15T21:16:14.216+0000] {logging_mixin.py:190} INFO - [2025-11-15T21:16:14.215+0000] {dagbag.py:588} INFO - Filling up the DagBag from /opt/airflow/dags/first_dag.py
[2025-11-15T21:16:14.241+0000] {processor.py:925} INFO - DAG(s) 'my_first_dag' retrieved from /opt/airflow/dags/first_dag.py
[2025-11-15T21:16:14.253+0000] {logging_mixin.py:190} INFO - [2025-11-15T21:16:14.253+0000] {dag.py:3239} INFO - Sync 1 DAGs
[2025-11-15T21:16:14.269+0000] {logging_mixin.py:190} INFO - [2025-11-15T21:16:14.269+0000] {dag.py:4180} INFO - Setting next_dagrun for my_first_dag to 2025-11-14 00:00:00+00:00, run_after=2025-11-15 00:00:00+00:00
[2025-11-15T21:16:14.285+0000] {processor.py:208} INFO - Processing /opt/airflow/dags/first_dag.py took 0.077 seconds
[2025-11-15T21:16:44.905+0000] {processor.py:186} INFO - Started process (PID=10287) to work on /opt/airflow/dags/first_dag.py
[2025-11-15T21:16:44.907+0000] {processor.py:914} INFO - Processing file /opt/airflow/dags/first_dag.py for tasks to queue
[2025-11-15T21:16:44.910+0000] {logging_mixin.py:190} INFO - [2025-11-15T21:16:44.910+0000] {dagbag.py:588} INFO - Filling up the DagBag from /opt/airflow/dags/first_dag.py
[2025-11-15T21:16:44.957+0000] {processor.py:925} INFO - DAG(s) 'my_first_dag' retrieved from /opt/airflow/dags/first_dag.py
[2025-11-15T21:16:44.973+0000] {logging_mixin.py:190} INFO - [2025-11-15T21:16:44.972+0000] {dag.py:3239} INFO - Sync 1 DAGs
[2025-11-15T21:16:44.988+0000] {logging_mixin.py:190} INFO - [2025-11-15T21:16:44.987+0000] {dag.py:4180} INFO - Setting next_dagrun for my_first_dag to 2025-11-14 00:00:00+00:00, run_after=2025-11-15 00:00:00+00:00
[2025-11-15T21:16:45.020+0000] {processor.py:208} INFO - Processing /opt/airflow/dags/first_dag.py took 0.119 seconds
[2025-11-15T21:17:15.929+0000] {processor.py:186} INFO - Started process (PID=10352) to work on /opt/airflow/dags/first_dag.py
[2025-11-15T21:17:15.930+0000] {processor.py:914} INFO - Processing file /opt/airflow/dags/first_dag.py for tasks to queue
[2025-11-15T21:17:15.932+0000] {logging_mixin.py:190} INFO - [2025-11-15T21:17:15.932+0000] {dagbag.py:588} INFO - Filling up the DagBag from /opt/airflow/dags/first_dag.py
[2025-11-15T21:17:15.946+0000] {processor.py:925} INFO - DAG(s) 'my_first_dag' retrieved from /opt/airflow/dags/first_dag.py
[2025-11-15T21:17:15.958+0000] {logging_mixin.py:190} INFO - [2025-11-15T21:17:15.958+0000] {dag.py:3239} INFO - Sync 1 DAGs
[2025-11-15T21:17:15.972+0000] {logging_mixin.py:190} INFO - [2025-11-15T21:17:15.972+0000] {dag.py:4180} INFO - Setting next_dagrun for my_first_dag to 2025-11-14 00:00:00+00:00, run_after=2025-11-15 00:00:00+00:00
[2025-11-15T21:17:15.988+0000] {processor.py:208} INFO - Processing /opt/airflow/dags/first_dag.py took 0.064 seconds
[2025-11-15T21:17:46.324+0000] {processor.py:186} INFO - Started process (PID=10417) to work on /opt/airflow/dags/first_dag.py
[2025-11-15T21:17:46.325+0000] {processor.py:914} INFO - Processing file /opt/airflow/dags/first_dag.py for tasks to queue
[2025-11-15T21:17:46.328+0000] {logging_mixin.py:190} INFO - [2025-11-15T21:17:46.328+0000] {dagbag.py:588} INFO - Filling up the DagBag from /opt/airflow/dags/first_dag.py
[2025-11-15T21:17:46.358+0000] {processor.py:925} INFO - DAG(s) 'my_first_dag' retrieved from /opt/airflow/dags/first_dag.py
[2025-11-15T21:17:46.373+0000] {logging_mixin.py:190} INFO - [2025-11-15T21:17:46.373+0000] {dag.py:3239} INFO - Sync 1 DAGs
[2025-11-15T21:17:46.392+0000] {logging_mixin.py:190} INFO - [2025-11-15T21:17:46.392+0000] {dag.py:4180} INFO - Setting next_dagrun for my_first_dag to 2025-11-14 00:00:00+00:00, run_after=2025-11-15 00:00:00+00:00
[2025-11-15T21:17:46.407+0000] {processor.py:208} INFO - Processing /opt/airflow/dags/first_dag.py took 0.089 seconds
[2025-11-15T21:18:17.385+0000] {processor.py:186} INFO - Started process (PID=10482) to work on /opt/airflow/dags/first_dag.py
[2025-11-15T21:18:17.386+0000] {processor.py:914} INFO - Processing file /opt/airflow/dags/first_dag.py for tasks to queue
[2025-11-15T21:18:17.388+0000] {logging_mixin.py:190} INFO - [2025-11-15T21:18:17.388+0000] {dagbag.py:588} INFO - Filling up the DagBag from /opt/airflow/dags/first_dag.py
[2025-11-15T21:18:17.400+0000] {processor.py:925} INFO - DAG(s) 'my_first_dag' retrieved from /opt/airflow/dags/first_dag.py
[2025-11-15T21:18:17.412+0000] {logging_mixin.py:190} INFO - [2025-11-15T21:18:17.412+0000] {dag.py:3239} INFO - Sync 1 DAGs
[2025-11-15T21:18:17.429+0000] {logging_mixin.py:190} INFO - [2025-11-15T21:18:17.429+0000] {dag.py:4180} INFO - Setting next_dagrun for my_first_dag to 2025-11-14 00:00:00+00:00, run_after=2025-11-15 00:00:00+00:00
[2025-11-15T21:18:17.446+0000] {processor.py:208} INFO - Processing /opt/airflow/dags/first_dag.py took 0.066 seconds
[2025-11-15T21:18:47.709+0000] {processor.py:186} INFO - Started process (PID=10547) to work on /opt/airflow/dags/first_dag.py
[2025-11-15T21:18:47.710+0000] {processor.py:914} INFO - Processing file /opt/airflow/dags/first_dag.py for tasks to queue
[2025-11-15T21:18:47.713+0000] {logging_mixin.py:190} INFO - [2025-11-15T21:18:47.712+0000] {dagbag.py:588} INFO - Filling up the DagBag from /opt/airflow/dags/first_dag.py
[2025-11-15T21:18:47.792+0000] {processor.py:925} INFO - DAG(s) 'my_first_dag' retrieved from /opt/airflow/dags/first_dag.py
[2025-11-15T21:18:47.805+0000] {logging_mixin.py:190} INFO - [2025-11-15T21:18:47.805+0000] {dag.py:3239} INFO - Sync 1 DAGs
[2025-11-15T21:18:47.820+0000] {logging_mixin.py:190} INFO - [2025-11-15T21:18:47.820+0000] {dag.py:4180} INFO - Setting next_dagrun for my_first_dag to 2025-11-14 00:00:00+00:00, run_after=2025-11-15 00:00:00+00:00
[2025-11-15T21:18:47.832+0000] {processor.py:208} INFO - Processing /opt/airflow/dags/first_dag.py took 0.128 seconds
[2025-11-15T21:19:18.105+0000] {processor.py:186} INFO - Started process (PID=10612) to work on /opt/airflow/dags/first_dag.py
[2025-11-15T21:19:18.106+0000] {processor.py:914} INFO - Processing file /opt/airflow/dags/first_dag.py for tasks to queue
[2025-11-15T21:19:18.109+0000] {logging_mixin.py:190} INFO - [2025-11-15T21:19:18.108+0000] {dagbag.py:588} INFO - Filling up the DagBag from /opt/airflow/dags/first_dag.py
[2025-11-15T21:19:18.126+0000] {processor.py:925} INFO - DAG(s) 'my_first_dag' retrieved from /opt/airflow/dags/first_dag.py
[2025-11-15T21:19:18.141+0000] {logging_mixin.py:190} INFO - [2025-11-15T21:19:18.141+0000] {dag.py:3239} INFO - Sync 1 DAGs
[2025-11-15T21:19:18.156+0000] {logging_mixin.py:190} INFO - [2025-11-15T21:19:18.156+0000] {dag.py:4180} INFO - Setting next_dagrun for my_first_dag to 2025-11-14 00:00:00+00:00, run_after=2025-11-15 00:00:00+00:00
[2025-11-15T21:19:18.173+0000] {processor.py:208} INFO - Processing /opt/airflow/dags/first_dag.py took 0.073 seconds
[2025-11-15T21:19:49.079+0000] {processor.py:186} INFO - Started process (PID=10677) to work on /opt/airflow/dags/first_dag.py
[2025-11-15T21:19:49.081+0000] {processor.py:914} INFO - Processing file /opt/airflow/dags/first_dag.py for tasks to queue
[2025-11-15T21:19:49.083+0000] {logging_mixin.py:190} INFO - [2025-11-15T21:19:49.083+0000] {dagbag.py:588} INFO - Filling up the DagBag from /opt/airflow/dags/first_dag.py
[2025-11-15T21:19:49.103+0000] {processor.py:925} INFO - DAG(s) 'my_first_dag' retrieved from /opt/airflow/dags/first_dag.py
[2025-11-15T21:19:49.117+0000] {logging_mixin.py:190} INFO - [2025-11-15T21:19:49.117+0000] {dag.py:3239} INFO - Sync 1 DAGs
[2025-11-15T21:19:49.135+0000] {logging_mixin.py:190} INFO - [2025-11-15T21:19:49.135+0000] {dag.py:4180} INFO - Setting next_dagrun for my_first_dag to 2025-11-14 00:00:00+00:00, run_after=2025-11-15 00:00:00+00:00
[2025-11-15T21:19:49.151+0000] {processor.py:208} INFO - Processing /opt/airflow/dags/first_dag.py took 0.075 seconds
[2025-11-15T21:20:19.525+0000] {processor.py:186} INFO - Started process (PID=10741) to work on /opt/airflow/dags/first_dag.py
[2025-11-15T21:20:19.526+0000] {processor.py:914} INFO - Processing file /opt/airflow/dags/first_dag.py for tasks to queue
[2025-11-15T21:20:19.528+0000] {logging_mixin.py:190} INFO - [2025-11-15T21:20:19.528+0000] {dagbag.py:588} INFO - Filling up the DagBag from /opt/airflow/dags/first_dag.py
[2025-11-15T21:20:19.542+0000] {processor.py:925} INFO - DAG(s) 'my_first_dag' retrieved from /opt/airflow/dags/first_dag.py
[2025-11-15T21:20:19.559+0000] {logging_mixin.py:190} INFO - [2025-11-15T21:20:19.559+0000] {dag.py:3239} INFO - Sync 1 DAGs
[2025-11-15T21:20:19.575+0000] {logging_mixin.py:190} INFO - [2025-11-15T21:20:19.575+0000] {dag.py:4180} INFO - Setting next_dagrun for my_first_dag to 2025-11-14 00:00:00+00:00, run_after=2025-11-15 00:00:00+00:00
[2025-11-15T21:20:19.591+0000] {processor.py:208} INFO - Processing /opt/airflow/dags/first_dag.py took 0.071 seconds
[2025-11-15T21:20:49.731+0000] {processor.py:186} INFO - Started process (PID=10806) to work on /opt/airflow/dags/first_dag.py
[2025-11-15T21:20:49.732+0000] {processor.py:914} INFO - Processing file /opt/airflow/dags/first_dag.py for tasks to queue
[2025-11-15T21:20:49.735+0000] {logging_mixin.py:190} INFO - [2025-11-15T21:20:49.735+0000] {dagbag.py:588} INFO - Filling up the DagBag from /opt/airflow/dags/first_dag.py
[2025-11-15T21:20:49.753+0000] {processor.py:925} INFO - DAG(s) 'my_first_dag' retrieved from /opt/airflow/dags/first_dag.py
[2025-11-15T21:20:49.772+0000] {logging_mixin.py:190} INFO - [2025-11-15T21:20:49.772+0000] {dag.py:3239} INFO - Sync 1 DAGs
[2025-11-15T21:20:49.792+0000] {logging_mixin.py:190} INFO - [2025-11-15T21:20:49.792+0000] {dag.py:4180} INFO - Setting next_dagrun for my_first_dag to 2025-11-14 00:00:00+00:00, run_after=2025-11-15 00:00:00+00:00
[2025-11-15T21:20:49.817+0000] {processor.py:208} INFO - Processing /opt/airflow/dags/first_dag.py took 0.092 seconds
[2025-11-15T21:21:19.901+0000] {processor.py:186} INFO - Started process (PID=10871) to work on /opt/airflow/dags/first_dag.py
[2025-11-15T21:21:19.903+0000] {processor.py:914} INFO - Processing file /opt/airflow/dags/first_dag.py for tasks to queue
[2025-11-15T21:21:19.905+0000] {logging_mixin.py:190} INFO - [2025-11-15T21:21:19.905+0000] {dagbag.py:588} INFO - Filling up the DagBag from /opt/airflow/dags/first_dag.py
[2025-11-15T21:21:19.921+0000] {processor.py:925} INFO - DAG(s) 'my_first_dag' retrieved from /opt/airflow/dags/first_dag.py
[2025-11-15T21:21:19.937+0000] {logging_mixin.py:190} INFO - [2025-11-15T21:21:19.937+0000] {dag.py:3239} INFO - Sync 1 DAGs
[2025-11-15T21:21:19.956+0000] {logging_mixin.py:190} INFO - [2025-11-15T21:21:19.955+0000] {dag.py:4180} INFO - Setting next_dagrun for my_first_dag to 2025-11-14 00:00:00+00:00, run_after=2025-11-15 00:00:00+00:00
[2025-11-15T21:21:19.971+0000] {processor.py:208} INFO - Processing /opt/airflow/dags/first_dag.py took 0.074 seconds
[2025-11-15T21:21:50.411+0000] {processor.py:186} INFO - Started process (PID=10936) to work on /opt/airflow/dags/first_dag.py
[2025-11-15T21:21:50.412+0000] {processor.py:914} INFO - Processing file /opt/airflow/dags/first_dag.py for tasks to queue
[2025-11-15T21:21:50.415+0000] {logging_mixin.py:190} INFO - [2025-11-15T21:21:50.414+0000] {dagbag.py:588} INFO - Filling up the DagBag from /opt/airflow/dags/first_dag.py
[2025-11-15T21:21:50.455+0000] {processor.py:925} INFO - DAG(s) 'my_first_dag' retrieved from /opt/airflow/dags/first_dag.py
[2025-11-15T21:21:50.474+0000] {logging_mixin.py:190} INFO - [2025-11-15T21:21:50.474+0000] {dag.py:3239} INFO - Sync 1 DAGs
[2025-11-15T21:21:50.492+0000] {logging_mixin.py:190} INFO - [2025-11-15T21:21:50.492+0000] {dag.py:4180} INFO - Setting next_dagrun for my_first_dag to 2025-11-14 00:00:00+00:00, run_after=2025-11-15 00:00:00+00:00
[2025-11-15T21:21:50.505+0000] {processor.py:208} INFO - Processing /opt/airflow/dags/first_dag.py took 0.098 seconds
[2025-11-15T21:22:20.791+0000] {processor.py:186} INFO - Started process (PID=11001) to work on /opt/airflow/dags/first_dag.py
[2025-11-15T21:22:20.793+0000] {processor.py:914} INFO - Processing file /opt/airflow/dags/first_dag.py for tasks to queue
[2025-11-15T21:22:20.796+0000] {logging_mixin.py:190} INFO - [2025-11-15T21:22:20.795+0000] {dagbag.py:588} INFO - Filling up the DagBag from /opt/airflow/dags/first_dag.py
[2025-11-15T21:22:20.893+0000] {processor.py:925} INFO - DAG(s) 'my_first_dag' retrieved from /opt/airflow/dags/first_dag.py
[2025-11-15T21:22:20.909+0000] {logging_mixin.py:190} INFO - [2025-11-15T21:22:20.909+0000] {dag.py:3239} INFO - Sync 1 DAGs
[2025-11-15T21:22:20.926+0000] {logging_mixin.py:190} INFO - [2025-11-15T21:22:20.926+0000] {dag.py:4180} INFO - Setting next_dagrun for my_first_dag to 2025-11-14 00:00:00+00:00, run_after=2025-11-15 00:00:00+00:00
[2025-11-15T21:22:20.942+0000] {processor.py:208} INFO - Processing /opt/airflow/dags/first_dag.py took 0.157 seconds
[2025-11-15T21:22:51.430+0000] {processor.py:186} INFO - Started process (PID=11066) to work on /opt/airflow/dags/first_dag.py
[2025-11-15T21:22:51.432+0000] {processor.py:914} INFO - Processing file /opt/airflow/dags/first_dag.py for tasks to queue
[2025-11-15T21:22:51.434+0000] {logging_mixin.py:190} INFO - [2025-11-15T21:22:51.434+0000] {dagbag.py:588} INFO - Filling up the DagBag from /opt/airflow/dags/first_dag.py
[2025-11-15T21:22:51.452+0000] {processor.py:925} INFO - DAG(s) 'my_first_dag' retrieved from /opt/airflow/dags/first_dag.py
[2025-11-15T21:22:51.466+0000] {logging_mixin.py:190} INFO - [2025-11-15T21:22:51.466+0000] {dag.py:3239} INFO - Sync 1 DAGs
[2025-11-15T21:22:51.483+0000] {logging_mixin.py:190} INFO - [2025-11-15T21:22:51.482+0000] {dag.py:4180} INFO - Setting next_dagrun for my_first_dag to 2025-11-14 00:00:00+00:00, run_after=2025-11-15 00:00:00+00:00
[2025-11-15T21:22:51.497+0000] {processor.py:208} INFO - Processing /opt/airflow/dags/first_dag.py took 0.071 seconds
[2025-11-15T21:23:22.424+0000] {processor.py:186} INFO - Started process (PID=11131) to work on /opt/airflow/dags/first_dag.py
[2025-11-15T21:23:22.428+0000] {processor.py:914} INFO - Processing file /opt/airflow/dags/first_dag.py for tasks to queue
[2025-11-15T21:23:22.430+0000] {logging_mixin.py:190} INFO - [2025-11-15T21:23:22.430+0000] {dagbag.py:588} INFO - Filling up the DagBag from /opt/airflow/dags/first_dag.py
[2025-11-15T21:23:22.456+0000] {processor.py:925} INFO - DAG(s) 'my_first_dag' retrieved from /opt/airflow/dags/first_dag.py
[2025-11-15T21:23:22.471+0000] {logging_mixin.py:190} INFO - [2025-11-15T21:23:22.470+0000] {dag.py:3239} INFO - Sync 1 DAGs
[2025-11-15T21:23:22.488+0000] {logging_mixin.py:190} INFO - [2025-11-15T21:23:22.488+0000] {dag.py:4180} INFO - Setting next_dagrun for my_first_dag to 2025-11-14 00:00:00+00:00, run_after=2025-11-15 00:00:00+00:00
[2025-11-15T21:23:22.503+0000] {processor.py:208} INFO - Processing /opt/airflow/dags/first_dag.py took 0.083 seconds
[2025-11-15T21:23:52.717+0000] {processor.py:186} INFO - Started process (PID=11196) to work on /opt/airflow/dags/first_dag.py
[2025-11-15T21:23:52.718+0000] {processor.py:914} INFO - Processing file /opt/airflow/dags/first_dag.py for tasks to queue
[2025-11-15T21:23:52.720+0000] {logging_mixin.py:190} INFO - [2025-11-15T21:23:52.720+0000] {dagbag.py:588} INFO - Filling up the DagBag from /opt/airflow/dags/first_dag.py
[2025-11-15T21:23:52.743+0000] {processor.py:925} INFO - DAG(s) 'my_first_dag' retrieved from /opt/airflow/dags/first_dag.py
[2025-11-15T21:23:52.764+0000] {logging_mixin.py:190} INFO - [2025-11-15T21:23:52.764+0000] {dag.py:3239} INFO - Sync 1 DAGs
[2025-11-15T21:23:52.786+0000] {logging_mixin.py:190} INFO - [2025-11-15T21:23:52.786+0000] {dag.py:4180} INFO - Setting next_dagrun for my_first_dag to 2025-11-14 00:00:00+00:00, run_after=2025-11-15 00:00:00+00:00
[2025-11-15T21:23:52.807+0000] {processor.py:208} INFO - Processing /opt/airflow/dags/first_dag.py took 0.096 seconds
[2025-11-15T21:24:23.784+0000] {processor.py:186} INFO - Started process (PID=11261) to work on /opt/airflow/dags/first_dag.py
[2025-11-15T21:24:23.784+0000] {processor.py:914} INFO - Processing file /opt/airflow/dags/first_dag.py for tasks to queue
[2025-11-15T21:24:23.786+0000] {logging_mixin.py:190} INFO - [2025-11-15T21:24:23.786+0000] {dagbag.py:588} INFO - Filling up the DagBag from /opt/airflow/dags/first_dag.py
[2025-11-15T21:24:23.798+0000] {processor.py:925} INFO - DAG(s) 'my_first_dag' retrieved from /opt/airflow/dags/first_dag.py
[2025-11-15T21:24:23.811+0000] {logging_mixin.py:190} INFO - [2025-11-15T21:24:23.811+0000] {dag.py:3239} INFO - Sync 1 DAGs
[2025-11-15T21:24:23.827+0000] {logging_mixin.py:190} INFO - [2025-11-15T21:24:23.827+0000] {dag.py:4180} INFO - Setting next_dagrun for my_first_dag to 2025-11-14 00:00:00+00:00, run_after=2025-11-15 00:00:00+00:00
[2025-11-15T21:24:23.849+0000] {processor.py:208} INFO - Processing /opt/airflow/dags/first_dag.py took 0.070 seconds
[2025-11-15T21:24:54.418+0000] {processor.py:186} INFO - Started process (PID=11326) to work on /opt/airflow/dags/first_dag.py
[2025-11-15T21:24:54.418+0000] {processor.py:914} INFO - Processing file /opt/airflow/dags/first_dag.py for tasks to queue
[2025-11-15T21:24:54.420+0000] {logging_mixin.py:190} INFO - [2025-11-15T21:24:54.420+0000] {dagbag.py:588} INFO - Filling up the DagBag from /opt/airflow/dags/first_dag.py
[2025-11-15T21:24:54.432+0000] {processor.py:925} INFO - DAG(s) 'my_first_dag' retrieved from /opt/airflow/dags/first_dag.py
[2025-11-15T21:24:54.446+0000] {logging_mixin.py:190} INFO - [2025-11-15T21:24:54.446+0000] {dag.py:3239} INFO - Sync 1 DAGs
[2025-11-15T21:24:54.462+0000] {logging_mixin.py:190} INFO - [2025-11-15T21:24:54.462+0000] {dag.py:4180} INFO - Setting next_dagrun for my_first_dag to 2025-11-14 00:00:00+00:00, run_after=2025-11-15 00:00:00+00:00
[2025-11-15T21:24:54.476+0000] {processor.py:208} INFO - Processing /opt/airflow/dags/first_dag.py took 0.063 seconds
[2025-11-15T21:25:25.127+0000] {processor.py:186} INFO - Started process (PID=11391) to work on /opt/airflow/dags/first_dag.py
[2025-11-15T21:25:25.128+0000] {processor.py:914} INFO - Processing file /opt/airflow/dags/first_dag.py for tasks to queue
[2025-11-15T21:25:25.130+0000] {logging_mixin.py:190} INFO - [2025-11-15T21:25:25.130+0000] {dagbag.py:588} INFO - Filling up the DagBag from /opt/airflow/dags/first_dag.py
[2025-11-15T21:25:25.167+0000] {processor.py:925} INFO - DAG(s) 'my_first_dag' retrieved from /opt/airflow/dags/first_dag.py
[2025-11-15T21:25:25.184+0000] {logging_mixin.py:190} INFO - [2025-11-15T21:25:25.184+0000] {dag.py:3239} INFO - Sync 1 DAGs
[2025-11-15T21:25:25.202+0000] {logging_mixin.py:190} INFO - [2025-11-15T21:25:25.202+0000] {dag.py:4180} INFO - Setting next_dagrun for my_first_dag to 2025-11-14 00:00:00+00:00, run_after=2025-11-15 00:00:00+00:00
[2025-11-15T21:25:25.218+0000] {processor.py:208} INFO - Processing /opt/airflow/dags/first_dag.py took 0.095 seconds
[2025-11-15T21:25:56.079+0000] {processor.py:186} INFO - Started process (PID=11456) to work on /opt/airflow/dags/first_dag.py
[2025-11-15T21:25:56.080+0000] {processor.py:914} INFO - Processing file /opt/airflow/dags/first_dag.py for tasks to queue
[2025-11-15T21:25:56.082+0000] {logging_mixin.py:190} INFO - [2025-11-15T21:25:56.082+0000] {dagbag.py:588} INFO - Filling up the DagBag from /opt/airflow/dags/first_dag.py
[2025-11-15T21:25:56.094+0000] {processor.py:925} INFO - DAG(s) 'my_first_dag' retrieved from /opt/airflow/dags/first_dag.py
[2025-11-15T21:25:56.107+0000] {logging_mixin.py:190} INFO - [2025-11-15T21:25:56.107+0000] {dag.py:3239} INFO - Sync 1 DAGs
[2025-11-15T21:25:56.122+0000] {logging_mixin.py:190} INFO - [2025-11-15T21:25:56.122+0000] {dag.py:4180} INFO - Setting next_dagrun for my_first_dag to 2025-11-14 00:00:00+00:00, run_after=2025-11-15 00:00:00+00:00
[2025-11-15T21:25:56.137+0000] {processor.py:208} INFO - Processing /opt/airflow/dags/first_dag.py took 0.062 seconds
[2025-11-15T21:26:26.944+0000] {processor.py:186} INFO - Started process (PID=11521) to work on /opt/airflow/dags/first_dag.py
[2025-11-15T21:26:26.946+0000] {processor.py:914} INFO - Processing file /opt/airflow/dags/first_dag.py for tasks to queue
[2025-11-15T21:26:26.948+0000] {logging_mixin.py:190} INFO - [2025-11-15T21:26:26.948+0000] {dagbag.py:588} INFO - Filling up the DagBag from /opt/airflow/dags/first_dag.py
[2025-11-15T21:26:26.974+0000] {processor.py:925} INFO - DAG(s) 'my_first_dag' retrieved from /opt/airflow/dags/first_dag.py
[2025-11-15T21:26:26.990+0000] {logging_mixin.py:190} INFO - [2025-11-15T21:26:26.990+0000] {dag.py:3239} INFO - Sync 1 DAGs
[2025-11-15T21:26:27.008+0000] {logging_mixin.py:190} INFO - [2025-11-15T21:26:27.008+0000] {dag.py:4180} INFO - Setting next_dagrun for my_first_dag to 2025-11-14 00:00:00+00:00, run_after=2025-11-15 00:00:00+00:00
[2025-11-15T21:26:27.024+0000] {processor.py:208} INFO - Processing /opt/airflow/dags/first_dag.py took 0.083 seconds
[2025-11-15T21:26:57.524+0000] {processor.py:186} INFO - Started process (PID=11586) to work on /opt/airflow/dags/first_dag.py
[2025-11-15T21:26:57.525+0000] {processor.py:914} INFO - Processing file /opt/airflow/dags/first_dag.py for tasks to queue
[2025-11-15T21:26:57.527+0000] {logging_mixin.py:190} INFO - [2025-11-15T21:26:57.527+0000] {dagbag.py:588} INFO - Filling up the DagBag from /opt/airflow/dags/first_dag.py
[2025-11-15T21:26:57.547+0000] {processor.py:925} INFO - DAG(s) 'my_first_dag' retrieved from /opt/airflow/dags/first_dag.py
[2025-11-15T21:26:57.563+0000] {logging_mixin.py:190} INFO - [2025-11-15T21:26:57.562+0000] {dag.py:3239} INFO - Sync 1 DAGs
[2025-11-15T21:26:57.582+0000] {logging_mixin.py:190} INFO - [2025-11-15T21:26:57.582+0000] {dag.py:4180} INFO - Setting next_dagrun for my_first_dag to 2025-11-14 00:00:00+00:00, run_after=2025-11-15 00:00:00+00:00
[2025-11-15T21:26:57.597+0000] {processor.py:208} INFO - Processing /opt/airflow/dags/first_dag.py took 0.078 seconds
[2025-11-15T21:27:28.538+0000] {processor.py:186} INFO - Started process (PID=11651) to work on /opt/airflow/dags/first_dag.py
[2025-11-15T21:27:28.540+0000] {processor.py:914} INFO - Processing file /opt/airflow/dags/first_dag.py for tasks to queue
[2025-11-15T21:27:28.542+0000] {logging_mixin.py:190} INFO - [2025-11-15T21:27:28.542+0000] {dagbag.py:588} INFO - Filling up the DagBag from /opt/airflow/dags/first_dag.py
[2025-11-15T21:27:28.562+0000] {processor.py:925} INFO - DAG(s) 'my_first_dag' retrieved from /opt/airflow/dags/first_dag.py
[2025-11-15T21:27:28.577+0000] {logging_mixin.py:190} INFO - [2025-11-15T21:27:28.576+0000] {dag.py:3239} INFO - Sync 1 DAGs
[2025-11-15T21:27:28.593+0000] {logging_mixin.py:190} INFO - [2025-11-15T21:27:28.593+0000] {dag.py:4180} INFO - Setting next_dagrun for my_first_dag to 2025-11-14 00:00:00+00:00, run_after=2025-11-15 00:00:00+00:00
[2025-11-15T21:27:28.609+0000] {processor.py:208} INFO - Processing /opt/airflow/dags/first_dag.py took 0.074 seconds
[2025-11-15T21:27:58.920+0000] {processor.py:186} INFO - Started process (PID=11716) to work on /opt/airflow/dags/first_dag.py
[2025-11-15T21:27:58.921+0000] {processor.py:914} INFO - Processing file /opt/airflow/dags/first_dag.py for tasks to queue
[2025-11-15T21:27:58.923+0000] {logging_mixin.py:190} INFO - [2025-11-15T21:27:58.923+0000] {dagbag.py:588} INFO - Filling up the DagBag from /opt/airflow/dags/first_dag.py
[2025-11-15T21:27:58.954+0000] {processor.py:925} INFO - DAG(s) 'my_first_dag' retrieved from /opt/airflow/dags/first_dag.py
[2025-11-15T21:27:58.971+0000] {logging_mixin.py:190} INFO - [2025-11-15T21:27:58.971+0000] {dag.py:3239} INFO - Sync 1 DAGs
[2025-11-15T21:27:59.120+0000] {logging_mixin.py:190} INFO - [2025-11-15T21:27:59.120+0000] {dag.py:4180} INFO - Setting next_dagrun for my_first_dag to 2025-11-14 00:00:00+00:00, run_after=2025-11-15 00:00:00+00:00
[2025-11-15T21:27:59.135+0000] {processor.py:208} INFO - Processing /opt/airflow/dags/first_dag.py took 0.219 seconds
[2025-11-15T21:28:29.835+0000] {processor.py:186} INFO - Started process (PID=11781) to work on /opt/airflow/dags/first_dag.py
[2025-11-15T21:28:29.838+0000] {processor.py:914} INFO - Processing file /opt/airflow/dags/first_dag.py for tasks to queue
[2025-11-15T21:28:29.840+0000] {logging_mixin.py:190} INFO - [2025-11-15T21:28:29.840+0000] {dagbag.py:588} INFO - Filling up the DagBag from /opt/airflow/dags/first_dag.py
[2025-11-15T21:28:29.852+0000] {processor.py:925} INFO - DAG(s) 'my_first_dag' retrieved from /opt/airflow/dags/first_dag.py
[2025-11-15T21:28:29.868+0000] {logging_mixin.py:190} INFO - [2025-11-15T21:28:29.868+0000] {dag.py:3239} INFO - Sync 1 DAGs
[2025-11-15T21:28:29.885+0000] {logging_mixin.py:190} INFO - [2025-11-15T21:28:29.885+0000] {dag.py:4180} INFO - Setting next_dagrun for my_first_dag to 2025-11-14 00:00:00+00:00, run_after=2025-11-15 00:00:00+00:00
[2025-11-15T21:28:29.903+0000] {processor.py:208} INFO - Processing /opt/airflow/dags/first_dag.py took 0.072 seconds
[2025-11-15T21:29:00.565+0000] {processor.py:186} INFO - Started process (PID=11846) to work on /opt/airflow/dags/first_dag.py
[2025-11-15T21:29:00.571+0000] {processor.py:914} INFO - Processing file /opt/airflow/dags/first_dag.py for tasks to queue
[2025-11-15T21:29:00.575+0000] {logging_mixin.py:190} INFO - [2025-11-15T21:29:00.575+0000] {dagbag.py:588} INFO - Filling up the DagBag from /opt/airflow/dags/first_dag.py
[2025-11-15T21:29:00.618+0000] {processor.py:925} INFO - DAG(s) 'my_first_dag' retrieved from /opt/airflow/dags/first_dag.py
[2025-11-15T21:29:00.638+0000] {logging_mixin.py:190} INFO - [2025-11-15T21:29:00.638+0000] {dag.py:3239} INFO - Sync 1 DAGs
[2025-11-15T21:29:00.660+0000] {logging_mixin.py:190} INFO - [2025-11-15T21:29:00.660+0000] {dag.py:4180} INFO - Setting next_dagrun for my_first_dag to 2025-11-14 00:00:00+00:00, run_after=2025-11-15 00:00:00+00:00
[2025-11-15T21:29:00.678+0000] {processor.py:208} INFO - Processing /opt/airflow/dags/first_dag.py took 0.118 seconds
[2025-11-15T21:29:30.758+0000] {processor.py:186} INFO - Started process (PID=11911) to work on /opt/airflow/dags/first_dag.py
[2025-11-15T21:29:30.759+0000] {processor.py:914} INFO - Processing file /opt/airflow/dags/first_dag.py for tasks to queue
[2025-11-15T21:29:30.761+0000] {logging_mixin.py:190} INFO - [2025-11-15T21:29:30.760+0000] {dagbag.py:588} INFO - Filling up the DagBag from /opt/airflow/dags/first_dag.py
[2025-11-15T21:29:31.240+0000] {processor.py:925} INFO - DAG(s) 'my_first_dag' retrieved from /opt/airflow/dags/first_dag.py
[2025-11-15T21:29:31.257+0000] {logging_mixin.py:190} INFO - [2025-11-15T21:29:31.256+0000] {dag.py:3239} INFO - Sync 1 DAGs
[2025-11-15T21:29:31.274+0000] {logging_mixin.py:190} INFO - [2025-11-15T21:29:31.274+0000] {dag.py:4180} INFO - Setting next_dagrun for my_first_dag to 2025-11-14 00:00:00+00:00, run_after=2025-11-15 00:00:00+00:00
[2025-11-15T21:29:31.289+0000] {processor.py:208} INFO - Processing /opt/airflow/dags/first_dag.py took 0.070 seconds
[2025-11-15T21:30:01.536+0000] {processor.py:186} INFO - Started process (PID=11976) to work on /opt/airflow/dags/first_dag.py
[2025-11-15T21:30:01.538+0000] {processor.py:914} INFO - Processing file /opt/airflow/dags/first_dag.py for tasks to queue
[2025-11-15T21:30:01.540+0000] {logging_mixin.py:190} INFO - [2025-11-15T21:30:01.540+0000] {dagbag.py:588} INFO - Filling up the DagBag from /opt/airflow/dags/first_dag.py
[2025-11-15T21:30:01.563+0000] {processor.py:925} INFO - DAG(s) 'my_first_dag' retrieved from /opt/airflow/dags/first_dag.py
[2025-11-15T21:30:01.577+0000] {logging_mixin.py:190} INFO - [2025-11-15T21:30:01.577+0000] {dag.py:3239} INFO - Sync 1 DAGs
[2025-11-15T21:30:01.594+0000] {logging_mixin.py:190} INFO - [2025-11-15T21:30:01.593+0000] {dag.py:4180} INFO - Setting next_dagrun for my_first_dag to 2025-11-14 00:00:00+00:00, run_after=2025-11-15 00:00:00+00:00
[2025-11-15T21:30:01.610+0000] {processor.py:208} INFO - Processing /opt/airflow/dags/first_dag.py took 0.078 seconds
[2025-11-15T21:30:33.521+0000] {processor.py:186} INFO - Started process (PID=12041) to work on /opt/airflow/dags/first_dag.py
[2025-11-15T21:30:33.524+0000] {processor.py:914} INFO - Processing file /opt/airflow/dags/first_dag.py for tasks to queue
[2025-11-15T21:30:33.526+0000] {logging_mixin.py:190} INFO - [2025-11-15T21:30:33.526+0000] {dagbag.py:588} INFO - Filling up the DagBag from /opt/airflow/dags/first_dag.py
[2025-11-15T21:30:33.545+0000] {processor.py:925} INFO - DAG(s) 'my_first_dag' retrieved from /opt/airflow/dags/first_dag.py
[2025-11-15T21:30:33.698+0000] {logging_mixin.py:190} INFO - [2025-11-15T21:30:33.698+0000] {dag.py:3239} INFO - Sync 1 DAGs
[2025-11-15T21:30:33.713+0000] {logging_mixin.py:190} INFO - [2025-11-15T21:30:33.713+0000] {dag.py:4180} INFO - Setting next_dagrun for my_first_dag to 2025-11-14 00:00:00+00:00, run_after=2025-11-15 00:00:00+00:00
[2025-11-15T21:30:33.727+0000] {processor.py:208} INFO - Processing /opt/airflow/dags/first_dag.py took 0.210 seconds
[2025-11-15T21:31:04.699+0000] {processor.py:186} INFO - Started process (PID=12106) to work on /opt/airflow/dags/first_dag.py
[2025-11-15T21:31:04.700+0000] {processor.py:914} INFO - Processing file /opt/airflow/dags/first_dag.py for tasks to queue
[2025-11-15T21:31:04.702+0000] {logging_mixin.py:190} INFO - [2025-11-15T21:31:04.702+0000] {dagbag.py:588} INFO - Filling up the DagBag from /opt/airflow/dags/first_dag.py
[2025-11-15T21:31:04.730+0000] {processor.py:925} INFO - DAG(s) 'my_first_dag' retrieved from /opt/airflow/dags/first_dag.py
[2025-11-15T21:31:04.744+0000] {logging_mixin.py:190} INFO - [2025-11-15T21:31:04.744+0000] {dag.py:3239} INFO - Sync 1 DAGs
[2025-11-15T21:31:04.899+0000] {logging_mixin.py:190} INFO - [2025-11-15T21:31:04.899+0000] {dag.py:4180} INFO - Setting next_dagrun for my_first_dag to 2025-11-14 00:00:00+00:00, run_after=2025-11-15 00:00:00+00:00
[2025-11-15T21:31:04.913+0000] {processor.py:208} INFO - Processing /opt/airflow/dags/first_dag.py took 0.218 seconds
[2025-11-15T21:31:35.228+0000] {processor.py:186} INFO - Started process (PID=12171) to work on /opt/airflow/dags/first_dag.py
[2025-11-15T21:31:35.229+0000] {processor.py:914} INFO - Processing file /opt/airflow/dags/first_dag.py for tasks to queue
[2025-11-15T21:31:35.231+0000] {logging_mixin.py:190} INFO - [2025-11-15T21:31:35.231+0000] {dagbag.py:588} INFO - Filling up the DagBag from /opt/airflow/dags/first_dag.py
[2025-11-15T21:31:35.247+0000] {processor.py:925} INFO - DAG(s) 'my_first_dag' retrieved from /opt/airflow/dags/first_dag.py
[2025-11-15T21:31:35.261+0000] {logging_mixin.py:190} INFO - [2025-11-15T21:31:35.261+0000] {dag.py:3239} INFO - Sync 1 DAGs
[2025-11-15T21:31:35.278+0000] {logging_mixin.py:190} INFO - [2025-11-15T21:31:35.278+0000] {dag.py:4180} INFO - Setting next_dagrun for my_first_dag to 2025-11-14 00:00:00+00:00, run_after=2025-11-15 00:00:00+00:00
[2025-11-15T21:31:35.299+0000] {processor.py:208} INFO - Processing /opt/airflow/dags/first_dag.py took 0.076 seconds
[2025-11-15T21:32:05.352+0000] {processor.py:186} INFO - Started process (PID=12236) to work on /opt/airflow/dags/first_dag.py
[2025-11-15T21:32:05.354+0000] {processor.py:914} INFO - Processing file /opt/airflow/dags/first_dag.py for tasks to queue
[2025-11-15T21:32:05.356+0000] {logging_mixin.py:190} INFO - [2025-11-15T21:32:05.356+0000] {dagbag.py:588} INFO - Filling up the DagBag from /opt/airflow/dags/first_dag.py
[2025-11-15T21:32:05.378+0000] {processor.py:925} INFO - DAG(s) 'my_first_dag' retrieved from /opt/airflow/dags/first_dag.py
[2025-11-15T21:32:05.396+0000] {logging_mixin.py:190} INFO - [2025-11-15T21:32:05.396+0000] {dag.py:3239} INFO - Sync 1 DAGs
[2025-11-15T21:32:05.418+0000] {logging_mixin.py:190} INFO - [2025-11-15T21:32:05.417+0000] {dag.py:4180} INFO - Setting next_dagrun for my_first_dag to 2025-11-14 00:00:00+00:00, run_after=2025-11-15 00:00:00+00:00
[2025-11-15T21:32:05.436+0000] {processor.py:208} INFO - Processing /opt/airflow/dags/first_dag.py took 0.090 seconds
[2025-11-15T21:32:36.033+0000] {processor.py:186} INFO - Started process (PID=12301) to work on /opt/airflow/dags/first_dag.py
[2025-11-15T21:32:36.036+0000] {processor.py:914} INFO - Processing file /opt/airflow/dags/first_dag.py for tasks to queue
[2025-11-15T21:32:36.038+0000] {logging_mixin.py:190} INFO - [2025-11-15T21:32:36.038+0000] {dagbag.py:588} INFO - Filling up the DagBag from /opt/airflow/dags/first_dag.py
[2025-11-15T21:32:36.050+0000] {processor.py:925} INFO - DAG(s) 'my_first_dag' retrieved from /opt/airflow/dags/first_dag.py
[2025-11-15T21:32:36.062+0000] {logging_mixin.py:190} INFO - [2025-11-15T21:32:36.062+0000] {dag.py:3239} INFO - Sync 1 DAGs
[2025-11-15T21:32:36.077+0000] {logging_mixin.py:190} INFO - [2025-11-15T21:32:36.077+0000] {dag.py:4180} INFO - Setting next_dagrun for my_first_dag to 2025-11-14 00:00:00+00:00, run_after=2025-11-15 00:00:00+00:00
[2025-11-15T21:32:36.092+0000] {processor.py:208} INFO - Processing /opt/airflow/dags/first_dag.py took 0.063 seconds
[2025-11-15T21:33:06.666+0000] {processor.py:186} INFO - Started process (PID=12366) to work on /opt/airflow/dags/first_dag.py
[2025-11-15T21:33:06.667+0000] {processor.py:914} INFO - Processing file /opt/airflow/dags/first_dag.py for tasks to queue
[2025-11-15T21:33:06.669+0000] {logging_mixin.py:190} INFO - [2025-11-15T21:33:06.668+0000] {dagbag.py:588} INFO - Filling up the DagBag from /opt/airflow/dags/first_dag.py
[2025-11-15T21:33:06.680+0000] {processor.py:925} INFO - DAG(s) 'my_first_dag' retrieved from /opt/airflow/dags/first_dag.py
[2025-11-15T21:33:06.692+0000] {logging_mixin.py:190} INFO - [2025-11-15T21:33:06.692+0000] {dag.py:3239} INFO - Sync 1 DAGs
[2025-11-15T21:33:06.706+0000] {logging_mixin.py:190} INFO - [2025-11-15T21:33:06.706+0000] {dag.py:4180} INFO - Setting next_dagrun for my_first_dag to 2025-11-14 00:00:00+00:00, run_after=2025-11-15 00:00:00+00:00
[2025-11-15T21:33:06.722+0000] {processor.py:208} INFO - Processing /opt/airflow/dags/first_dag.py took 0.060 seconds
[2025-11-15T21:33:37.461+0000] {processor.py:186} INFO - Started process (PID=12431) to work on /opt/airflow/dags/first_dag.py
[2025-11-15T21:33:37.462+0000] {processor.py:914} INFO - Processing file /opt/airflow/dags/first_dag.py for tasks to queue
[2025-11-15T21:33:37.464+0000] {logging_mixin.py:190} INFO - [2025-11-15T21:33:37.464+0000] {dagbag.py:588} INFO - Filling up the DagBag from /opt/airflow/dags/first_dag.py
[2025-11-15T21:33:37.479+0000] {processor.py:925} INFO - DAG(s) 'my_first_dag' retrieved from /opt/airflow/dags/first_dag.py
[2025-11-15T21:33:37.496+0000] {logging_mixin.py:190} INFO - [2025-11-15T21:33:37.496+0000] {dag.py:3239} INFO - Sync 1 DAGs
[2025-11-15T21:33:37.512+0000] {logging_mixin.py:190} INFO - [2025-11-15T21:33:37.512+0000] {dag.py:4180} INFO - Setting next_dagrun for my_first_dag to 2025-11-14 00:00:00+00:00, run_after=2025-11-15 00:00:00+00:00
[2025-11-15T21:33:37.527+0000] {processor.py:208} INFO - Processing /opt/airflow/dags/first_dag.py took 0.071 seconds
[2025-11-15T21:34:08.244+0000] {processor.py:186} INFO - Started process (PID=12496) to work on /opt/airflow/dags/first_dag.py
[2025-11-15T21:34:08.245+0000] {processor.py:914} INFO - Processing file /opt/airflow/dags/first_dag.py for tasks to queue
[2025-11-15T21:34:08.247+0000] {logging_mixin.py:190} INFO - [2025-11-15T21:34:08.247+0000] {dagbag.py:588} INFO - Filling up the DagBag from /opt/airflow/dags/first_dag.py
[2025-11-15T21:34:08.268+0000] {processor.py:925} INFO - DAG(s) 'my_first_dag' retrieved from /opt/airflow/dags/first_dag.py
[2025-11-15T21:34:08.285+0000] {logging_mixin.py:190} INFO - [2025-11-15T21:34:08.284+0000] {dag.py:3239} INFO - Sync 1 DAGs
[2025-11-15T21:34:08.303+0000] {logging_mixin.py:190} INFO - [2025-11-15T21:34:08.303+0000] {dag.py:4180} INFO - Setting next_dagrun for my_first_dag to 2025-11-14 00:00:00+00:00, run_after=2025-11-15 00:00:00+00:00
[2025-11-15T21:34:08.320+0000] {processor.py:208} INFO - Processing /opt/airflow/dags/first_dag.py took 0.080 seconds
[2025-11-15T21:34:38.554+0000] {processor.py:186} INFO - Started process (PID=12561) to work on /opt/airflow/dags/first_dag.py
[2025-11-15T21:34:38.555+0000] {processor.py:914} INFO - Processing file /opt/airflow/dags/first_dag.py for tasks to queue
[2025-11-15T21:34:38.557+0000] {logging_mixin.py:190} INFO - [2025-11-15T21:34:38.557+0000] {dagbag.py:588} INFO - Filling up the DagBag from /opt/airflow/dags/first_dag.py
[2025-11-15T21:34:38.575+0000] {processor.py:925} INFO - DAG(s) 'my_first_dag' retrieved from /opt/airflow/dags/first_dag.py
[2025-11-15T21:34:39.045+0000] {logging_mixin.py:190} INFO - [2025-11-15T21:34:39.044+0000] {dag.py:3239} INFO - Sync 1 DAGs
[2025-11-15T21:34:39.061+0000] {logging_mixin.py:190} INFO - [2025-11-15T21:34:39.061+0000] {dag.py:4180} INFO - Setting next_dagrun for my_first_dag to 2025-11-14 00:00:00+00:00, run_after=2025-11-15 00:00:00+00:00
[2025-11-15T21:34:39.076+0000] {processor.py:208} INFO - Processing /opt/airflow/dags/first_dag.py took 0.073 seconds
[2025-11-15T21:35:09.301+0000] {processor.py:186} INFO - Started process (PID=12626) to work on /opt/airflow/dags/first_dag.py
[2025-11-15T21:35:09.303+0000] {processor.py:914} INFO - Processing file /opt/airflow/dags/first_dag.py for tasks to queue
[2025-11-15T21:35:09.306+0000] {logging_mixin.py:190} INFO - [2025-11-15T21:35:09.306+0000] {dagbag.py:588} INFO - Filling up the DagBag from /opt/airflow/dags/first_dag.py
[2025-11-15T21:35:09.337+0000] {processor.py:925} INFO - DAG(s) 'my_first_dag' retrieved from /opt/airflow/dags/first_dag.py
[2025-11-15T21:35:09.350+0000] {logging_mixin.py:190} INFO - [2025-11-15T21:35:09.350+0000] {dag.py:3239} INFO - Sync 1 DAGs
[2025-11-15T21:35:09.366+0000] {logging_mixin.py:190} INFO - [2025-11-15T21:35:09.366+0000] {dag.py:4180} INFO - Setting next_dagrun for my_first_dag to 2025-11-14 00:00:00+00:00, run_after=2025-11-15 00:00:00+00:00
[2025-11-15T21:35:09.384+0000] {processor.py:208} INFO - Processing /opt/airflow/dags/first_dag.py took 0.092 seconds
[2025-11-15T21:35:40.811+0000] {processor.py:186} INFO - Started process (PID=12691) to work on /opt/airflow/dags/first_dag.py
[2025-11-15T21:35:40.812+0000] {processor.py:914} INFO - Processing file /opt/airflow/dags/first_dag.py for tasks to queue
[2025-11-15T21:35:40.814+0000] {logging_mixin.py:190} INFO - [2025-11-15T21:35:40.813+0000] {dagbag.py:588} INFO - Filling up the DagBag from /opt/airflow/dags/first_dag.py
[2025-11-15T21:35:40.827+0000] {processor.py:925} INFO - DAG(s) 'my_first_dag' retrieved from /opt/airflow/dags/first_dag.py
[2025-11-15T21:35:40.844+0000] {logging_mixin.py:190} INFO - [2025-11-15T21:35:40.844+0000] {dag.py:3239} INFO - Sync 1 DAGs
[2025-11-15T21:35:40.862+0000] {logging_mixin.py:190} INFO - [2025-11-15T21:35:40.862+0000] {dag.py:4180} INFO - Setting next_dagrun for my_first_dag to 2025-11-14 00:00:00+00:00, run_after=2025-11-15 00:00:00+00:00
[2025-11-15T21:35:40.878+0000] {processor.py:208} INFO - Processing /opt/airflow/dags/first_dag.py took 0.072 seconds
[2025-11-15T21:36:12.083+0000] {processor.py:186} INFO - Started process (PID=12756) to work on /opt/airflow/dags/first_dag.py
[2025-11-15T21:36:12.086+0000] {processor.py:914} INFO - Processing file /opt/airflow/dags/first_dag.py for tasks to queue
[2025-11-15T21:36:12.088+0000] {logging_mixin.py:190} INFO - [2025-11-15T21:36:12.088+0000] {dagbag.py:588} INFO - Filling up the DagBag from /opt/airflow/dags/first_dag.py
[2025-11-15T21:36:12.103+0000] {processor.py:925} INFO - DAG(s) 'my_first_dag' retrieved from /opt/airflow/dags/first_dag.py
[2025-11-15T21:36:12.115+0000] {logging_mixin.py:190} INFO - [2025-11-15T21:36:12.115+0000] {dag.py:3239} INFO - Sync 1 DAGs
[2025-11-15T21:36:12.131+0000] {logging_mixin.py:190} INFO - [2025-11-15T21:36:12.131+0000] {dag.py:4180} INFO - Setting next_dagrun for my_first_dag to 2025-11-14 00:00:00+00:00, run_after=2025-11-15 00:00:00+00:00
[2025-11-15T21:36:12.146+0000] {processor.py:208} INFO - Processing /opt/airflow/dags/first_dag.py took 0.068 seconds
[2025-11-15T21:36:43.093+0000] {processor.py:186} INFO - Started process (PID=12821) to work on /opt/airflow/dags/first_dag.py
[2025-11-15T21:36:43.094+0000] {processor.py:914} INFO - Processing file /opt/airflow/dags/first_dag.py for tasks to queue
[2025-11-15T21:36:43.097+0000] {logging_mixin.py:190} INFO - [2025-11-15T21:36:43.097+0000] {dagbag.py:588} INFO - Filling up the DagBag from /opt/airflow/dags/first_dag.py
[2025-11-15T21:36:43.112+0000] {processor.py:925} INFO - DAG(s) 'my_first_dag' retrieved from /opt/airflow/dags/first_dag.py
[2025-11-15T21:36:43.127+0000] {logging_mixin.py:190} INFO - [2025-11-15T21:36:43.127+0000] {dag.py:3239} INFO - Sync 1 DAGs
[2025-11-15T21:36:43.143+0000] {logging_mixin.py:190} INFO - [2025-11-15T21:36:43.143+0000] {dag.py:4180} INFO - Setting next_dagrun for my_first_dag to 2025-11-14 00:00:00+00:00, run_after=2025-11-15 00:00:00+00:00
[2025-11-15T21:36:43.157+0000] {processor.py:208} INFO - Processing /opt/airflow/dags/first_dag.py took 0.069 seconds
[2025-11-15T21:37:13.338+0000] {processor.py:186} INFO - Started process (PID=12886) to work on /opt/airflow/dags/first_dag.py
[2025-11-15T21:37:13.339+0000] {processor.py:914} INFO - Processing file /opt/airflow/dags/first_dag.py for tasks to queue
[2025-11-15T21:37:13.342+0000] {logging_mixin.py:190} INFO - [2025-11-15T21:37:13.341+0000] {dagbag.py:588} INFO - Filling up the DagBag from /opt/airflow/dags/first_dag.py
[2025-11-15T21:37:13.374+0000] {processor.py:925} INFO - DAG(s) 'my_first_dag' retrieved from /opt/airflow/dags/first_dag.py
[2025-11-15T21:37:13.394+0000] {logging_mixin.py:190} INFO - [2025-11-15T21:37:13.394+0000] {dag.py:3239} INFO - Sync 1 DAGs
[2025-11-15T21:37:13.415+0000] {logging_mixin.py:190} INFO - [2025-11-15T21:37:13.415+0000] {dag.py:4180} INFO - Setting next_dagrun for my_first_dag to 2025-11-14 00:00:00+00:00, run_after=2025-11-15 00:00:00+00:00
[2025-11-15T21:37:13.434+0000] {processor.py:208} INFO - Processing /opt/airflow/dags/first_dag.py took 0.101 seconds
[2025-11-15T21:37:44.220+0000] {processor.py:186} INFO - Started process (PID=12951) to work on /opt/airflow/dags/first_dag.py
[2025-11-15T21:37:44.223+0000] {processor.py:914} INFO - Processing file /opt/airflow/dags/first_dag.py for tasks to queue
[2025-11-15T21:37:44.225+0000] {logging_mixin.py:190} INFO - [2025-11-15T21:37:44.225+0000] {dagbag.py:588} INFO - Filling up the DagBag from /opt/airflow/dags/first_dag.py
[2025-11-15T21:37:44.239+0000] {processor.py:925} INFO - DAG(s) 'my_first_dag' retrieved from /opt/airflow/dags/first_dag.py
[2025-11-15T21:37:44.254+0000] {logging_mixin.py:190} INFO - [2025-11-15T21:37:44.254+0000] {dag.py:3239} INFO - Sync 1 DAGs
[2025-11-15T21:37:44.271+0000] {logging_mixin.py:190} INFO - [2025-11-15T21:37:44.271+0000] {dag.py:4180} INFO - Setting next_dagrun for my_first_dag to 2025-11-14 00:00:00+00:00, run_after=2025-11-15 00:00:00+00:00
[2025-11-15T21:37:44.286+0000] {processor.py:208} INFO - Processing /opt/airflow/dags/first_dag.py took 0.070 seconds
[2025-11-15T21:38:14.989+0000] {processor.py:186} INFO - Started process (PID=13016) to work on /opt/airflow/dags/first_dag.py
[2025-11-15T21:38:14.990+0000] {processor.py:914} INFO - Processing file /opt/airflow/dags/first_dag.py for tasks to queue
[2025-11-15T21:38:14.992+0000] {logging_mixin.py:190} INFO - [2025-11-15T21:38:14.992+0000] {dagbag.py:588} INFO - Filling up the DagBag from /opt/airflow/dags/first_dag.py
[2025-11-15T21:38:15.004+0000] {processor.py:925} INFO - DAG(s) 'my_first_dag' retrieved from /opt/airflow/dags/first_dag.py
[2025-11-15T21:38:15.020+0000] {logging_mixin.py:190} INFO - [2025-11-15T21:38:15.020+0000] {dag.py:3239} INFO - Sync 1 DAGs
[2025-11-15T21:38:15.037+0000] {logging_mixin.py:190} INFO - [2025-11-15T21:38:15.037+0000] {dag.py:4180} INFO - Setting next_dagrun for my_first_dag to 2025-11-14 00:00:00+00:00, run_after=2025-11-15 00:00:00+00:00
[2025-11-15T21:38:15.052+0000] {processor.py:208} INFO - Processing /opt/airflow/dags/first_dag.py took 0.067 seconds
[2025-11-15T21:38:45.625+0000] {processor.py:186} INFO - Started process (PID=13081) to work on /opt/airflow/dags/first_dag.py
[2025-11-15T21:38:45.626+0000] {processor.py:914} INFO - Processing file /opt/airflow/dags/first_dag.py for tasks to queue
[2025-11-15T21:38:45.629+0000] {logging_mixin.py:190} INFO - [2025-11-15T21:38:45.629+0000] {dagbag.py:588} INFO - Filling up the DagBag from /opt/airflow/dags/first_dag.py
[2025-11-15T21:38:45.643+0000] {processor.py:925} INFO - DAG(s) 'my_first_dag' retrieved from /opt/airflow/dags/first_dag.py
[2025-11-15T21:38:45.655+0000] {logging_mixin.py:190} INFO - [2025-11-15T21:38:45.655+0000] {dag.py:3239} INFO - Sync 1 DAGs
[2025-11-15T21:38:45.672+0000] {logging_mixin.py:190} INFO - [2025-11-15T21:38:45.672+0000] {dag.py:4180} INFO - Setting next_dagrun for my_first_dag to 2025-11-14 00:00:00+00:00, run_after=2025-11-15 00:00:00+00:00
[2025-11-15T21:38:45.689+0000] {processor.py:208} INFO - Processing /opt/airflow/dags/first_dag.py took 0.070 seconds
[2025-11-15T21:39:16.620+0000] {processor.py:186} INFO - Started process (PID=13146) to work on /opt/airflow/dags/first_dag.py
[2025-11-15T21:39:16.621+0000] {processor.py:914} INFO - Processing file /opt/airflow/dags/first_dag.py for tasks to queue
[2025-11-15T21:39:16.623+0000] {logging_mixin.py:190} INFO - [2025-11-15T21:39:16.623+0000] {dagbag.py:588} INFO - Filling up the DagBag from /opt/airflow/dags/first_dag.py
[2025-11-15T21:39:16.640+0000] {processor.py:925} INFO - DAG(s) 'my_first_dag' retrieved from /opt/airflow/dags/first_dag.py
[2025-11-15T21:39:16.656+0000] {logging_mixin.py:190} INFO - [2025-11-15T21:39:16.656+0000] {dag.py:3239} INFO - Sync 1 DAGs
[2025-11-15T21:39:16.672+0000] {logging_mixin.py:190} INFO - [2025-11-15T21:39:16.672+0000] {dag.py:4180} INFO - Setting next_dagrun for my_first_dag to 2025-11-14 00:00:00+00:00, run_after=2025-11-15 00:00:00+00:00
[2025-11-15T21:39:16.686+0000] {processor.py:208} INFO - Processing /opt/airflow/dags/first_dag.py took 0.071 seconds
[2025-11-15T21:39:47.322+0000] {processor.py:186} INFO - Started process (PID=13211) to work on /opt/airflow/dags/first_dag.py
[2025-11-15T21:39:47.323+0000] {processor.py:914} INFO - Processing file /opt/airflow/dags/first_dag.py for tasks to queue
[2025-11-15T21:39:47.328+0000] {logging_mixin.py:190} INFO - [2025-11-15T21:39:47.328+0000] {dagbag.py:588} INFO - Filling up the DagBag from /opt/airflow/dags/first_dag.py
[2025-11-15T21:39:47.343+0000] {processor.py:925} INFO - DAG(s) 'my_first_dag' retrieved from /opt/airflow/dags/first_dag.py
[2025-11-15T21:39:47.356+0000] {logging_mixin.py:190} INFO - [2025-11-15T21:39:47.356+0000] {dag.py:3239} INFO - Sync 1 DAGs
[2025-11-15T21:39:47.371+0000] {logging_mixin.py:190} INFO - [2025-11-15T21:39:47.371+0000] {dag.py:4180} INFO - Setting next_dagrun for my_first_dag to 2025-11-14 00:00:00+00:00, run_after=2025-11-15 00:00:00+00:00
[2025-11-15T21:39:47.389+0000] {processor.py:208} INFO - Processing /opt/airflow/dags/first_dag.py took 0.072 seconds
[2025-11-15T21:40:17.912+0000] {processor.py:186} INFO - Started process (PID=13276) to work on /opt/airflow/dags/first_dag.py
[2025-11-15T21:40:17.913+0000] {processor.py:914} INFO - Processing file /opt/airflow/dags/first_dag.py for tasks to queue
[2025-11-15T21:40:17.914+0000] {logging_mixin.py:190} INFO - [2025-11-15T21:40:17.914+0000] {dagbag.py:588} INFO - Filling up the DagBag from /opt/airflow/dags/first_dag.py
[2025-11-15T21:40:17.932+0000] {processor.py:925} INFO - DAG(s) 'my_first_dag' retrieved from /opt/airflow/dags/first_dag.py
[2025-11-15T21:40:17.944+0000] {logging_mixin.py:190} INFO - [2025-11-15T21:40:17.944+0000] {dag.py:3239} INFO - Sync 1 DAGs
[2025-11-15T21:40:17.960+0000] {logging_mixin.py:190} INFO - [2025-11-15T21:40:17.960+0000] {dag.py:4180} INFO - Setting next_dagrun for my_first_dag to 2025-11-14 00:00:00+00:00, run_after=2025-11-15 00:00:00+00:00
[2025-11-15T21:40:17.976+0000] {processor.py:208} INFO - Processing /opt/airflow/dags/first_dag.py took 0.068 seconds
[2025-11-15T21:40:49.057+0000] {processor.py:186} INFO - Started process (PID=13341) to work on /opt/airflow/dags/first_dag.py
[2025-11-15T21:40:49.058+0000] {processor.py:914} INFO - Processing file /opt/airflow/dags/first_dag.py for tasks to queue
[2025-11-15T21:40:49.060+0000] {logging_mixin.py:190} INFO - [2025-11-15T21:40:49.060+0000] {dagbag.py:588} INFO - Filling up the DagBag from /opt/airflow/dags/first_dag.py
[2025-11-15T21:40:49.076+0000] {processor.py:925} INFO - DAG(s) 'my_first_dag' retrieved from /opt/airflow/dags/first_dag.py
[2025-11-15T21:40:49.087+0000] {logging_mixin.py:190} INFO - [2025-11-15T21:40:49.087+0000] {dag.py:3239} INFO - Sync 1 DAGs
[2025-11-15T21:40:49.104+0000] {logging_mixin.py:190} INFO - [2025-11-15T21:40:49.104+0000] {dag.py:4180} INFO - Setting next_dagrun for my_first_dag to 2025-11-14 00:00:00+00:00, run_after=2025-11-15 00:00:00+00:00
[2025-11-15T21:40:49.118+0000] {processor.py:208} INFO - Processing /opt/airflow/dags/first_dag.py took 0.065 seconds
[2025-11-15T21:41:19.734+0000] {processor.py:186} INFO - Started process (PID=13407) to work on /opt/airflow/dags/first_dag.py
[2025-11-15T21:41:19.735+0000] {processor.py:914} INFO - Processing file /opt/airflow/dags/first_dag.py for tasks to queue
[2025-11-15T21:41:19.738+0000] {logging_mixin.py:190} INFO - [2025-11-15T21:41:19.737+0000] {dagbag.py:588} INFO - Filling up the DagBag from /opt/airflow/dags/first_dag.py
[2025-11-15T21:41:19.751+0000] {processor.py:925} INFO - DAG(s) 'my_first_dag' retrieved from /opt/airflow/dags/first_dag.py
[2025-11-15T21:41:19.769+0000] {logging_mixin.py:190} INFO - [2025-11-15T21:41:19.769+0000] {dag.py:3239} INFO - Sync 1 DAGs
[2025-11-15T21:41:19.786+0000] {logging_mixin.py:190} INFO - [2025-11-15T21:41:19.786+0000] {dag.py:4180} INFO - Setting next_dagrun for my_first_dag to 2025-11-14 00:00:00+00:00, run_after=2025-11-15 00:00:00+00:00
[2025-11-15T21:41:19.802+0000] {processor.py:208} INFO - Processing /opt/airflow/dags/first_dag.py took 0.071 seconds
[2025-11-15T21:41:50.440+0000] {processor.py:186} INFO - Started process (PID=13472) to work on /opt/airflow/dags/first_dag.py
[2025-11-15T21:41:50.441+0000] {processor.py:914} INFO - Processing file /opt/airflow/dags/first_dag.py for tasks to queue
[2025-11-15T21:41:50.444+0000] {logging_mixin.py:190} INFO - [2025-11-15T21:41:50.444+0000] {dagbag.py:588} INFO - Filling up the DagBag from /opt/airflow/dags/first_dag.py
[2025-11-15T21:41:50.465+0000] {processor.py:925} INFO - DAG(s) 'my_first_dag' retrieved from /opt/airflow/dags/first_dag.py
[2025-11-15T21:41:50.484+0000] {logging_mixin.py:190} INFO - [2025-11-15T21:41:50.484+0000] {dag.py:3239} INFO - Sync 1 DAGs
[2025-11-15T21:41:50.503+0000] {logging_mixin.py:190} INFO - [2025-11-15T21:41:50.503+0000] {dag.py:4180} INFO - Setting next_dagrun for my_first_dag to 2025-11-14 00:00:00+00:00, run_after=2025-11-15 00:00:00+00:00
[2025-11-15T21:41:50.522+0000] {processor.py:208} INFO - Processing /opt/airflow/dags/first_dag.py took 0.088 seconds
[2025-11-15T21:42:21.184+0000] {processor.py:186} INFO - Started process (PID=13537) to work on /opt/airflow/dags/first_dag.py
[2025-11-15T21:42:21.185+0000] {processor.py:914} INFO - Processing file /opt/airflow/dags/first_dag.py for tasks to queue
[2025-11-15T21:42:21.187+0000] {logging_mixin.py:190} INFO - [2025-11-15T21:42:21.187+0000] {dagbag.py:588} INFO - Filling up the DagBag from /opt/airflow/dags/first_dag.py
[2025-11-15T21:42:21.274+0000] {processor.py:925} INFO - DAG(s) 'my_first_dag' retrieved from /opt/airflow/dags/first_dag.py
[2025-11-15T21:42:21.295+0000] {logging_mixin.py:190} INFO - [2025-11-15T21:42:21.295+0000] {dag.py:3239} INFO - Sync 1 DAGs
[2025-11-15T21:42:21.315+0000] {logging_mixin.py:190} INFO - [2025-11-15T21:42:21.315+0000] {dag.py:4180} INFO - Setting next_dagrun for my_first_dag to 2025-11-14 00:00:00+00:00, run_after=2025-11-15 00:00:00+00:00
[2025-11-15T21:42:21.335+0000] {processor.py:208} INFO - Processing /opt/airflow/dags/first_dag.py took 0.158 seconds
[2025-11-15T21:42:51.783+0000] {processor.py:186} INFO - Started process (PID=13602) to work on /opt/airflow/dags/first_dag.py
[2025-11-15T21:42:51.785+0000] {processor.py:914} INFO - Processing file /opt/airflow/dags/first_dag.py for tasks to queue
[2025-11-15T21:42:51.789+0000] {logging_mixin.py:190} INFO - [2025-11-15T21:42:51.789+0000] {dagbag.py:588} INFO - Filling up the DagBag from /opt/airflow/dags/first_dag.py
[2025-11-15T21:42:51.864+0000] {processor.py:925} INFO - DAG(s) 'my_first_dag' retrieved from /opt/airflow/dags/first_dag.py
[2025-11-15T21:42:51.889+0000] {logging_mixin.py:190} INFO - [2025-11-15T21:42:51.889+0000] {dag.py:3239} INFO - Sync 1 DAGs
[2025-11-15T21:42:51.909+0000] {logging_mixin.py:190} INFO - [2025-11-15T21:42:51.909+0000] {dag.py:4180} INFO - Setting next_dagrun for my_first_dag to 2025-11-14 00:00:00+00:00, run_after=2025-11-15 00:00:00+00:00
[2025-11-15T21:42:51.928+0000] {processor.py:208} INFO - Processing /opt/airflow/dags/first_dag.py took 0.151 seconds
[2025-11-15T21:43:22.587+0000] {processor.py:186} INFO - Started process (PID=13667) to work on /opt/airflow/dags/first_dag.py
[2025-11-15T21:43:22.588+0000] {processor.py:914} INFO - Processing file /opt/airflow/dags/first_dag.py for tasks to queue
[2025-11-15T21:43:22.589+0000] {logging_mixin.py:190} INFO - [2025-11-15T21:43:22.589+0000] {dagbag.py:588} INFO - Filling up the DagBag from /opt/airflow/dags/first_dag.py
[2025-11-15T21:43:22.603+0000] {processor.py:925} INFO - DAG(s) 'my_first_dag' retrieved from /opt/airflow/dags/first_dag.py
[2025-11-15T21:43:22.619+0000] {logging_mixin.py:190} INFO - [2025-11-15T21:43:22.618+0000] {dag.py:3239} INFO - Sync 1 DAGs
[2025-11-15T21:43:22.637+0000] {logging_mixin.py:190} INFO - [2025-11-15T21:43:22.637+0000] {dag.py:4180} INFO - Setting next_dagrun for my_first_dag to 2025-11-14 00:00:00+00:00, run_after=2025-11-15 00:00:00+00:00
[2025-11-15T21:43:22.656+0000] {processor.py:208} INFO - Processing /opt/airflow/dags/first_dag.py took 0.074 seconds
[2025-11-15T21:43:53.193+0000] {processor.py:186} INFO - Started process (PID=13732) to work on /opt/airflow/dags/first_dag.py
[2025-11-15T21:43:53.194+0000] {processor.py:914} INFO - Processing file /opt/airflow/dags/first_dag.py for tasks to queue
[2025-11-15T21:43:53.196+0000] {logging_mixin.py:190} INFO - [2025-11-15T21:43:53.196+0000] {dagbag.py:588} INFO - Filling up the DagBag from /opt/airflow/dags/first_dag.py
[2025-11-15T21:43:53.214+0000] {processor.py:925} INFO - DAG(s) 'my_first_dag' retrieved from /opt/airflow/dags/first_dag.py
[2025-11-15T21:43:53.236+0000] {logging_mixin.py:190} INFO - [2025-11-15T21:43:53.235+0000] {dag.py:3239} INFO - Sync 1 DAGs
[2025-11-15T21:43:53.252+0000] {logging_mixin.py:190} INFO - [2025-11-15T21:43:53.252+0000] {dag.py:4180} INFO - Setting next_dagrun for my_first_dag to 2025-11-14 00:00:00+00:00, run_after=2025-11-15 00:00:00+00:00
[2025-11-15T21:43:53.266+0000] {processor.py:208} INFO - Processing /opt/airflow/dags/first_dag.py took 0.077 seconds
[2025-11-15T21:44:24.468+0000] {processor.py:186} INFO - Started process (PID=13797) to work on /opt/airflow/dags/first_dag.py
[2025-11-15T21:44:24.468+0000] {processor.py:914} INFO - Processing file /opt/airflow/dags/first_dag.py for tasks to queue
[2025-11-15T21:44:24.471+0000] {logging_mixin.py:190} INFO - [2025-11-15T21:44:24.471+0000] {dagbag.py:588} INFO - Filling up the DagBag from /opt/airflow/dags/first_dag.py
[2025-11-15T21:44:24.508+0000] {processor.py:925} INFO - DAG(s) 'my_first_dag' retrieved from /opt/airflow/dags/first_dag.py
[2025-11-15T21:44:24.523+0000] {logging_mixin.py:190} INFO - [2025-11-15T21:44:24.522+0000] {dag.py:3239} INFO - Sync 1 DAGs
[2025-11-15T21:44:24.542+0000] {logging_mixin.py:190} INFO - [2025-11-15T21:44:24.541+0000] {dag.py:4180} INFO - Setting next_dagrun for my_first_dag to 2025-11-14 00:00:00+00:00, run_after=2025-11-15 00:00:00+00:00
[2025-11-15T21:44:24.559+0000] {processor.py:208} INFO - Processing /opt/airflow/dags/first_dag.py took 0.096 seconds
[2025-11-15T21:44:54.749+0000] {processor.py:186} INFO - Started process (PID=13862) to work on /opt/airflow/dags/first_dag.py
[2025-11-15T21:44:54.750+0000] {processor.py:914} INFO - Processing file /opt/airflow/dags/first_dag.py for tasks to queue
[2025-11-15T21:44:54.751+0000] {logging_mixin.py:190} INFO - [2025-11-15T21:44:54.751+0000] {dagbag.py:588} INFO - Filling up the DagBag from /opt/airflow/dags/first_dag.py
[2025-11-15T21:44:54.765+0000] {processor.py:925} INFO - DAG(s) 'my_first_dag' retrieved from /opt/airflow/dags/first_dag.py
[2025-11-15T21:44:54.780+0000] {logging_mixin.py:190} INFO - [2025-11-15T21:44:54.780+0000] {dag.py:3239} INFO - Sync 1 DAGs
[2025-11-15T21:44:54.799+0000] {logging_mixin.py:190} INFO - [2025-11-15T21:44:54.799+0000] {dag.py:4180} INFO - Setting next_dagrun for my_first_dag to 2025-11-14 00:00:00+00:00, run_after=2025-11-15 00:00:00+00:00
[2025-11-15T21:44:54.817+0000] {processor.py:208} INFO - Processing /opt/airflow/dags/first_dag.py took 0.072 seconds
[2025-11-15T21:45:25.058+0000] {processor.py:186} INFO - Started process (PID=13927) to work on /opt/airflow/dags/first_dag.py
[2025-11-15T21:45:25.060+0000] {processor.py:914} INFO - Processing file /opt/airflow/dags/first_dag.py for tasks to queue
[2025-11-15T21:45:25.063+0000] {logging_mixin.py:190} INFO - [2025-11-15T21:45:25.062+0000] {dagbag.py:588} INFO - Filling up the DagBag from /opt/airflow/dags/first_dag.py
[2025-11-15T21:45:25.083+0000] {processor.py:925} INFO - DAG(s) 'my_first_dag' retrieved from /opt/airflow/dags/first_dag.py
[2025-11-15T21:45:25.103+0000] {logging_mixin.py:190} INFO - [2025-11-15T21:45:25.103+0000] {dag.py:3239} INFO - Sync 1 DAGs
[2025-11-15T21:45:25.127+0000] {logging_mixin.py:190} INFO - [2025-11-15T21:45:25.127+0000] {dag.py:4180} INFO - Setting next_dagrun for my_first_dag to 2025-11-14 00:00:00+00:00, run_after=2025-11-15 00:00:00+00:00
[2025-11-15T21:45:25.143+0000] {processor.py:208} INFO - Processing /opt/airflow/dags/first_dag.py took 0.092 seconds
[2025-11-15T21:45:56.753+0000] {processor.py:186} INFO - Started process (PID=13992) to work on /opt/airflow/dags/first_dag.py
[2025-11-15T21:45:56.755+0000] {processor.py:914} INFO - Processing file /opt/airflow/dags/first_dag.py for tasks to queue
[2025-11-15T21:45:56.759+0000] {logging_mixin.py:190} INFO - [2025-11-15T21:45:56.759+0000] {dagbag.py:588} INFO - Filling up the DagBag from /opt/airflow/dags/first_dag.py
[2025-11-15T21:45:56.783+0000] {processor.py:925} INFO - DAG(s) 'my_first_dag' retrieved from /opt/airflow/dags/first_dag.py
[2025-11-15T21:45:56.813+0000] {logging_mixin.py:190} INFO - [2025-11-15T21:45:56.813+0000] {dag.py:3239} INFO - Sync 1 DAGs
[2025-11-15T21:45:56.843+0000] {logging_mixin.py:190} INFO - [2025-11-15T21:45:56.843+0000] {dag.py:4180} INFO - Setting next_dagrun for my_first_dag to 2025-11-14 00:00:00+00:00, run_after=2025-11-15 00:00:00+00:00
[2025-11-15T21:45:56.875+0000] {processor.py:208} INFO - Processing /opt/airflow/dags/first_dag.py took 0.128 seconds
[2025-11-15T21:46:27.392+0000] {processor.py:186} INFO - Started process (PID=14058) to work on /opt/airflow/dags/first_dag.py
[2025-11-15T21:46:27.393+0000] {processor.py:914} INFO - Processing file /opt/airflow/dags/first_dag.py for tasks to queue
[2025-11-15T21:46:27.395+0000] {logging_mixin.py:190} INFO - [2025-11-15T21:46:27.395+0000] {dagbag.py:588} INFO - Filling up the DagBag from /opt/airflow/dags/first_dag.py
[2025-11-15T21:46:27.413+0000] {processor.py:925} INFO - DAG(s) 'my_first_dag' retrieved from /opt/airflow/dags/first_dag.py
[2025-11-15T21:46:27.430+0000] {logging_mixin.py:190} INFO - [2025-11-15T21:46:27.429+0000] {dag.py:3239} INFO - Sync 1 DAGs
[2025-11-15T21:46:27.448+0000] {logging_mixin.py:190} INFO - [2025-11-15T21:46:27.448+0000] {dag.py:4180} INFO - Setting next_dagrun for my_first_dag to 2025-11-14 00:00:00+00:00, run_after=2025-11-15 00:00:00+00:00
[2025-11-15T21:46:27.464+0000] {processor.py:208} INFO - Processing /opt/airflow/dags/first_dag.py took 0.077 seconds
[2025-11-15T21:46:57.901+0000] {processor.py:186} INFO - Started process (PID=14123) to work on /opt/airflow/dags/first_dag.py
[2025-11-15T21:46:57.903+0000] {processor.py:914} INFO - Processing file /opt/airflow/dags/first_dag.py for tasks to queue
[2025-11-15T21:46:57.906+0000] {logging_mixin.py:190} INFO - [2025-11-15T21:46:57.905+0000] {dagbag.py:588} INFO - Filling up the DagBag from /opt/airflow/dags/first_dag.py
[2025-11-15T21:46:57.923+0000] {processor.py:925} INFO - DAG(s) 'my_first_dag' retrieved from /opt/airflow/dags/first_dag.py
[2025-11-15T21:46:57.938+0000] {logging_mixin.py:190} INFO - [2025-11-15T21:46:57.938+0000] {dag.py:3239} INFO - Sync 1 DAGs
[2025-11-15T21:46:57.957+0000] {logging_mixin.py:190} INFO - [2025-11-15T21:46:57.957+0000] {dag.py:4180} INFO - Setting next_dagrun for my_first_dag to 2025-11-14 00:00:00+00:00, run_after=2025-11-15 00:00:00+00:00
[2025-11-15T21:46:57.975+0000] {processor.py:208} INFO - Processing /opt/airflow/dags/first_dag.py took 0.080 seconds
[2025-11-15T21:47:28.603+0000] {processor.py:186} INFO - Started process (PID=14188) to work on /opt/airflow/dags/first_dag.py
[2025-11-15T21:47:28.604+0000] {processor.py:914} INFO - Processing file /opt/airflow/dags/first_dag.py for tasks to queue
[2025-11-15T21:47:28.605+0000] {logging_mixin.py:190} INFO - [2025-11-15T21:47:28.605+0000] {dagbag.py:588} INFO - Filling up the DagBag from /opt/airflow/dags/first_dag.py
[2025-11-15T21:47:28.628+0000] {processor.py:925} INFO - DAG(s) 'my_first_dag' retrieved from /opt/airflow/dags/first_dag.py
[2025-11-15T21:47:28.644+0000] {logging_mixin.py:190} INFO - [2025-11-15T21:47:28.643+0000] {dag.py:3239} INFO - Sync 1 DAGs
[2025-11-15T21:47:28.661+0000] {logging_mixin.py:190} INFO - [2025-11-15T21:47:28.661+0000] {dag.py:4180} INFO - Setting next_dagrun for my_first_dag to 2025-11-14 00:00:00+00:00, run_after=2025-11-15 00:00:00+00:00
[2025-11-15T21:47:28.678+0000] {processor.py:208} INFO - Processing /opt/airflow/dags/first_dag.py took 0.079 seconds
[2025-11-15T21:47:59.588+0000] {processor.py:186} INFO - Started process (PID=14253) to work on /opt/airflow/dags/first_dag.py
[2025-11-15T21:47:59.589+0000] {processor.py:914} INFO - Processing file /opt/airflow/dags/first_dag.py for tasks to queue
[2025-11-15T21:47:59.592+0000] {logging_mixin.py:190} INFO - [2025-11-15T21:47:59.591+0000] {dagbag.py:588} INFO - Filling up the DagBag from /opt/airflow/dags/first_dag.py
[2025-11-15T21:47:59.618+0000] {processor.py:925} INFO - DAG(s) 'my_first_dag' retrieved from /opt/airflow/dags/first_dag.py
[2025-11-15T21:47:59.642+0000] {logging_mixin.py:190} INFO - [2025-11-15T21:47:59.642+0000] {dag.py:3239} INFO - Sync 1 DAGs
[2025-11-15T21:47:59.666+0000] {logging_mixin.py:190} INFO - [2025-11-15T21:47:59.666+0000] {dag.py:4180} INFO - Setting next_dagrun for my_first_dag to 2025-11-14 00:00:00+00:00, run_after=2025-11-15 00:00:00+00:00
[2025-11-15T21:47:59.689+0000] {processor.py:208} INFO - Processing /opt/airflow/dags/first_dag.py took 0.109 seconds
[2025-11-15T21:48:30.568+0000] {processor.py:186} INFO - Started process (PID=14318) to work on /opt/airflow/dags/first_dag.py
[2025-11-15T21:48:30.569+0000] {processor.py:914} INFO - Processing file /opt/airflow/dags/first_dag.py for tasks to queue
[2025-11-15T21:48:30.571+0000] {logging_mixin.py:190} INFO - [2025-11-15T21:48:30.571+0000] {dagbag.py:588} INFO - Filling up the DagBag from /opt/airflow/dags/first_dag.py
[2025-11-15T21:48:30.605+0000] {processor.py:925} INFO - DAG(s) 'my_first_dag' retrieved from /opt/airflow/dags/first_dag.py
[2025-11-15T21:48:30.623+0000] {logging_mixin.py:190} INFO - [2025-11-15T21:48:30.622+0000] {dag.py:3239} INFO - Sync 1 DAGs
[2025-11-15T21:48:30.642+0000] {logging_mixin.py:190} INFO - [2025-11-15T21:48:30.641+0000] {dag.py:4180} INFO - Setting next_dagrun for my_first_dag to 2025-11-14 00:00:00+00:00, run_after=2025-11-15 00:00:00+00:00
[2025-11-15T21:48:30.660+0000] {processor.py:208} INFO - Processing /opt/airflow/dags/first_dag.py took 0.097 seconds
[2025-11-15T21:49:01.161+0000] {processor.py:186} INFO - Started process (PID=14383) to work on /opt/airflow/dags/first_dag.py
[2025-11-15T21:49:01.163+0000] {processor.py:914} INFO - Processing file /opt/airflow/dags/first_dag.py for tasks to queue
[2025-11-15T21:49:01.167+0000] {logging_mixin.py:190} INFO - [2025-11-15T21:49:01.166+0000] {dagbag.py:588} INFO - Filling up the DagBag from /opt/airflow/dags/first_dag.py
[2025-11-15T21:49:01.208+0000] {processor.py:925} INFO - DAG(s) 'my_first_dag' retrieved from /opt/airflow/dags/first_dag.py
[2025-11-15T21:49:01.236+0000] {logging_mixin.py:190} INFO - [2025-11-15T21:49:01.236+0000] {dag.py:3239} INFO - Sync 1 DAGs
[2025-11-15T21:49:01.263+0000] {logging_mixin.py:190} INFO - [2025-11-15T21:49:01.263+0000] {dag.py:4180} INFO - Setting next_dagrun for my_first_dag to 2025-11-14 00:00:00+00:00, run_after=2025-11-15 00:00:00+00:00
[2025-11-15T21:49:01.289+0000] {processor.py:208} INFO - Processing /opt/airflow/dags/first_dag.py took 0.138 seconds
[2025-11-15T21:49:32.284+0000] {processor.py:186} INFO - Started process (PID=14448) to work on /opt/airflow/dags/first_dag.py
[2025-11-15T21:49:32.286+0000] {processor.py:914} INFO - Processing file /opt/airflow/dags/first_dag.py for tasks to queue
[2025-11-15T21:49:32.288+0000] {logging_mixin.py:190} INFO - [2025-11-15T21:49:32.288+0000] {dagbag.py:588} INFO - Filling up the DagBag from /opt/airflow/dags/first_dag.py
[2025-11-15T21:49:32.307+0000] {processor.py:925} INFO - DAG(s) 'my_first_dag' retrieved from /opt/airflow/dags/first_dag.py
[2025-11-15T21:49:32.324+0000] {logging_mixin.py:190} INFO - [2025-11-15T21:49:32.323+0000] {dag.py:3239} INFO - Sync 1 DAGs
[2025-11-15T21:49:32.343+0000] {logging_mixin.py:190} INFO - [2025-11-15T21:49:32.343+0000] {dag.py:4180} INFO - Setting next_dagrun for my_first_dag to 2025-11-14 00:00:00+00:00, run_after=2025-11-15 00:00:00+00:00
[2025-11-15T21:49:32.360+0000] {processor.py:208} INFO - Processing /opt/airflow/dags/first_dag.py took 0.081 seconds
[2025-11-15T21:50:02.957+0000] {processor.py:186} INFO - Started process (PID=14513) to work on /opt/airflow/dags/first_dag.py
[2025-11-15T21:50:02.958+0000] {processor.py:914} INFO - Processing file /opt/airflow/dags/first_dag.py for tasks to queue
[2025-11-15T21:50:02.960+0000] {logging_mixin.py:190} INFO - [2025-11-15T21:50:02.960+0000] {dagbag.py:588} INFO - Filling up the DagBag from /opt/airflow/dags/first_dag.py
[2025-11-15T21:50:02.976+0000] {processor.py:925} INFO - DAG(s) 'my_first_dag' retrieved from /opt/airflow/dags/first_dag.py
[2025-11-15T21:50:02.991+0000] {logging_mixin.py:190} INFO - [2025-11-15T21:50:02.991+0000] {dag.py:3239} INFO - Sync 1 DAGs
[2025-11-15T21:50:03.007+0000] {logging_mixin.py:190} INFO - [2025-11-15T21:50:03.007+0000] {dag.py:4180} INFO - Setting next_dagrun for my_first_dag to 2025-11-14 00:00:00+00:00, run_after=2025-11-15 00:00:00+00:00
[2025-11-15T21:50:03.025+0000] {processor.py:208} INFO - Processing /opt/airflow/dags/first_dag.py took 0.073 seconds
[2025-11-15T21:50:34.148+0000] {processor.py:186} INFO - Started process (PID=14577) to work on /opt/airflow/dags/first_dag.py
[2025-11-15T21:50:34.153+0000] {processor.py:914} INFO - Processing file /opt/airflow/dags/first_dag.py for tasks to queue
[2025-11-15T21:50:34.157+0000] {logging_mixin.py:190} INFO - [2025-11-15T21:50:34.157+0000] {dagbag.py:588} INFO - Filling up the DagBag from /opt/airflow/dags/first_dag.py
[2025-11-15T21:50:34.263+0000] {processor.py:925} INFO - DAG(s) 'my_first_dag' retrieved from /opt/airflow/dags/first_dag.py
[2025-11-15T21:50:34.280+0000] {logging_mixin.py:190} INFO - [2025-11-15T21:50:34.280+0000] {dag.py:3239} INFO - Sync 1 DAGs
[2025-11-15T21:50:34.297+0000] {logging_mixin.py:190} INFO - [2025-11-15T21:50:34.297+0000] {dag.py:4180} INFO - Setting next_dagrun for my_first_dag to 2025-11-14 00:00:00+00:00, run_after=2025-11-15 00:00:00+00:00
[2025-11-15T21:50:34.316+0000] {processor.py:208} INFO - Processing /opt/airflow/dags/first_dag.py took 0.172 seconds
[2025-11-15T21:51:04.694+0000] {processor.py:186} INFO - Started process (PID=14642) to work on /opt/airflow/dags/first_dag.py
[2025-11-15T21:51:04.696+0000] {processor.py:914} INFO - Processing file /opt/airflow/dags/first_dag.py for tasks to queue
[2025-11-15T21:51:04.698+0000] {logging_mixin.py:190} INFO - [2025-11-15T21:51:04.697+0000] {dagbag.py:588} INFO - Filling up the DagBag from /opt/airflow/dags/first_dag.py
[2025-11-15T21:51:04.713+0000] {processor.py:925} INFO - DAG(s) 'my_first_dag' retrieved from /opt/airflow/dags/first_dag.py
[2025-11-15T21:51:04.728+0000] {logging_mixin.py:190} INFO - [2025-11-15T21:51:04.727+0000] {dag.py:3239} INFO - Sync 1 DAGs
[2025-11-15T21:51:04.746+0000] {logging_mixin.py:190} INFO - [2025-11-15T21:51:04.746+0000] {dag.py:4180} INFO - Setting next_dagrun for my_first_dag to 2025-11-14 00:00:00+00:00, run_after=2025-11-15 00:00:00+00:00
[2025-11-15T21:51:04.762+0000] {processor.py:208} INFO - Processing /opt/airflow/dags/first_dag.py took 0.072 seconds
[2025-11-15T21:51:35.425+0000] {processor.py:186} INFO - Started process (PID=14707) to work on /opt/airflow/dags/first_dag.py
[2025-11-15T21:51:35.426+0000] {processor.py:914} INFO - Processing file /opt/airflow/dags/first_dag.py for tasks to queue
[2025-11-15T21:51:35.429+0000] {logging_mixin.py:190} INFO - [2025-11-15T21:51:35.429+0000] {dagbag.py:588} INFO - Filling up the DagBag from /opt/airflow/dags/first_dag.py
[2025-11-15T21:51:35.460+0000] {processor.py:925} INFO - DAG(s) 'my_first_dag' retrieved from /opt/airflow/dags/first_dag.py
[2025-11-15T21:51:35.476+0000] {logging_mixin.py:190} INFO - [2025-11-15T21:51:35.476+0000] {dag.py:3239} INFO - Sync 1 DAGs
[2025-11-15T21:51:35.494+0000] {logging_mixin.py:190} INFO - [2025-11-15T21:51:35.493+0000] {dag.py:4180} INFO - Setting next_dagrun for my_first_dag to 2025-11-14 00:00:00+00:00, run_after=2025-11-15 00:00:00+00:00
[2025-11-15T21:51:35.512+0000] {processor.py:208} INFO - Processing /opt/airflow/dags/first_dag.py took 0.092 seconds
[2025-11-15T21:52:06.273+0000] {processor.py:186} INFO - Started process (PID=14772) to work on /opt/airflow/dags/first_dag.py
[2025-11-15T21:52:06.274+0000] {processor.py:914} INFO - Processing file /opt/airflow/dags/first_dag.py for tasks to queue
[2025-11-15T21:52:06.276+0000] {logging_mixin.py:190} INFO - [2025-11-15T21:52:06.276+0000] {dagbag.py:588} INFO - Filling up the DagBag from /opt/airflow/dags/first_dag.py
[2025-11-15T21:52:06.292+0000] {processor.py:925} INFO - DAG(s) 'my_first_dag' retrieved from /opt/airflow/dags/first_dag.py
[2025-11-15T21:52:06.307+0000] {logging_mixin.py:190} INFO - [2025-11-15T21:52:06.307+0000] {dag.py:3239} INFO - Sync 1 DAGs
[2025-11-15T21:52:06.324+0000] {logging_mixin.py:190} INFO - [2025-11-15T21:52:06.324+0000] {dag.py:4180} INFO - Setting next_dagrun for my_first_dag to 2025-11-14 00:00:00+00:00, run_after=2025-11-15 00:00:00+00:00
[2025-11-15T21:52:06.343+0000] {processor.py:208} INFO - Processing /opt/airflow/dags/first_dag.py took 0.075 seconds
[2025-11-15T21:52:37.017+0000] {processor.py:186} INFO - Started process (PID=14837) to work on /opt/airflow/dags/first_dag.py
[2025-11-15T21:52:37.019+0000] {processor.py:914} INFO - Processing file /opt/airflow/dags/first_dag.py for tasks to queue
[2025-11-15T21:52:37.022+0000] {logging_mixin.py:190} INFO - [2025-11-15T21:52:37.021+0000] {dagbag.py:588} INFO - Filling up the DagBag from /opt/airflow/dags/first_dag.py
[2025-11-15T21:52:37.050+0000] {processor.py:925} INFO - DAG(s) 'my_first_dag' retrieved from /opt/airflow/dags/first_dag.py
[2025-11-15T21:52:37.067+0000] {logging_mixin.py:190} INFO - [2025-11-15T21:52:37.067+0000] {dag.py:3239} INFO - Sync 1 DAGs
[2025-11-15T21:52:37.083+0000] {logging_mixin.py:190} INFO - [2025-11-15T21:52:37.083+0000] {dag.py:4180} INFO - Setting next_dagrun for my_first_dag to 2025-11-14 00:00:00+00:00, run_after=2025-11-15 00:00:00+00:00
[2025-11-15T21:52:37.104+0000] {processor.py:208} INFO - Processing /opt/airflow/dags/first_dag.py took 0.091 seconds
[2025-11-15T21:53:07.873+0000] {processor.py:186} INFO - Started process (PID=14902) to work on /opt/airflow/dags/first_dag.py
[2025-11-15T21:53:07.874+0000] {processor.py:914} INFO - Processing file /opt/airflow/dags/first_dag.py for tasks to queue
[2025-11-15T21:53:07.876+0000] {logging_mixin.py:190} INFO - [2025-11-15T21:53:07.876+0000] {dagbag.py:588} INFO - Filling up the DagBag from /opt/airflow/dags/first_dag.py
[2025-11-15T21:53:07.904+0000] {processor.py:925} INFO - DAG(s) 'my_first_dag' retrieved from /opt/airflow/dags/first_dag.py
[2025-11-15T21:53:07.922+0000] {logging_mixin.py:190} INFO - [2025-11-15T21:53:07.921+0000] {dag.py:3239} INFO - Sync 1 DAGs
[2025-11-15T21:53:07.942+0000] {logging_mixin.py:190} INFO - [2025-11-15T21:53:07.942+0000] {dag.py:4180} INFO - Setting next_dagrun for my_first_dag to 2025-11-14 00:00:00+00:00, run_after=2025-11-15 00:00:00+00:00
[2025-11-15T21:53:07.964+0000] {processor.py:208} INFO - Processing /opt/airflow/dags/first_dag.py took 0.097 seconds
[2025-11-15T21:53:38.498+0000] {processor.py:186} INFO - Started process (PID=14967) to work on /opt/airflow/dags/first_dag.py
[2025-11-15T21:53:38.500+0000] {processor.py:914} INFO - Processing file /opt/airflow/dags/first_dag.py for tasks to queue
[2025-11-15T21:53:38.503+0000] {logging_mixin.py:190} INFO - [2025-11-15T21:53:38.502+0000] {dagbag.py:588} INFO - Filling up the DagBag from /opt/airflow/dags/first_dag.py
[2025-11-15T21:53:38.548+0000] {processor.py:925} INFO - DAG(s) 'my_first_dag' retrieved from /opt/airflow/dags/first_dag.py
[2025-11-15T21:53:38.564+0000] {logging_mixin.py:190} INFO - [2025-11-15T21:53:38.564+0000] {dag.py:3239} INFO - Sync 1 DAGs
[2025-11-15T21:53:38.582+0000] {logging_mixin.py:190} INFO - [2025-11-15T21:53:38.582+0000] {dag.py:4180} INFO - Setting next_dagrun for my_first_dag to 2025-11-14 00:00:00+00:00, run_after=2025-11-15 00:00:00+00:00
[2025-11-15T21:53:38.600+0000] {processor.py:208} INFO - Processing /opt/airflow/dags/first_dag.py took 0.107 seconds
[2025-11-15T21:54:09.312+0000] {processor.py:186} INFO - Started process (PID=15032) to work on /opt/airflow/dags/first_dag.py
[2025-11-15T21:54:09.313+0000] {processor.py:914} INFO - Processing file /opt/airflow/dags/first_dag.py for tasks to queue
[2025-11-15T21:54:09.314+0000] {logging_mixin.py:190} INFO - [2025-11-15T21:54:09.314+0000] {dagbag.py:588} INFO - Filling up the DagBag from /opt/airflow/dags/first_dag.py
[2025-11-15T21:54:09.330+0000] {processor.py:925} INFO - DAG(s) 'my_first_dag' retrieved from /opt/airflow/dags/first_dag.py
[2025-11-15T21:54:09.345+0000] {logging_mixin.py:190} INFO - [2025-11-15T21:54:09.345+0000] {dag.py:3239} INFO - Sync 1 DAGs
[2025-11-15T21:54:09.363+0000] {logging_mixin.py:190} INFO - [2025-11-15T21:54:09.362+0000] {dag.py:4180} INFO - Setting next_dagrun for my_first_dag to 2025-11-14 00:00:00+00:00, run_after=2025-11-15 00:00:00+00:00
[2025-11-15T21:54:09.383+0000] {processor.py:208} INFO - Processing /opt/airflow/dags/first_dag.py took 0.077 seconds
[2025-11-15T21:54:39.489+0000] {processor.py:186} INFO - Started process (PID=15097) to work on /opt/airflow/dags/first_dag.py
[2025-11-15T21:54:39.491+0000] {processor.py:914} INFO - Processing file /opt/airflow/dags/first_dag.py for tasks to queue
[2025-11-15T21:54:39.493+0000] {logging_mixin.py:190} INFO - [2025-11-15T21:54:39.493+0000] {dagbag.py:588} INFO - Filling up the DagBag from /opt/airflow/dags/first_dag.py
[2025-11-15T21:54:39.511+0000] {processor.py:925} INFO - DAG(s) 'my_first_dag' retrieved from /opt/airflow/dags/first_dag.py
[2025-11-15T21:54:39.526+0000] {logging_mixin.py:190} INFO - [2025-11-15T21:54:39.526+0000] {dag.py:3239} INFO - Sync 1 DAGs
[2025-11-15T21:54:39.545+0000] {logging_mixin.py:190} INFO - [2025-11-15T21:54:39.544+0000] {dag.py:4180} INFO - Setting next_dagrun for my_first_dag to 2025-11-14 00:00:00+00:00, run_after=2025-11-15 00:00:00+00:00
[2025-11-15T21:54:39.565+0000] {processor.py:208} INFO - Processing /opt/airflow/dags/first_dag.py took 0.080 seconds
[2025-11-15T21:55:09.933+0000] {processor.py:186} INFO - Started process (PID=15162) to work on /opt/airflow/dags/first_dag.py
[2025-11-15T21:55:09.934+0000] {processor.py:914} INFO - Processing file /opt/airflow/dags/first_dag.py for tasks to queue
[2025-11-15T21:55:09.936+0000] {logging_mixin.py:190} INFO - [2025-11-15T21:55:09.936+0000] {dagbag.py:588} INFO - Filling up the DagBag from /opt/airflow/dags/first_dag.py
[2025-11-15T21:55:09.951+0000] {processor.py:925} INFO - DAG(s) 'my_first_dag' retrieved from /opt/airflow/dags/first_dag.py
[2025-11-15T21:55:09.964+0000] {logging_mixin.py:190} INFO - [2025-11-15T21:55:09.964+0000] {dag.py:3239} INFO - Sync 1 DAGs
[2025-11-15T21:55:09.980+0000] {logging_mixin.py:190} INFO - [2025-11-15T21:55:09.979+0000] {dag.py:4180} INFO - Setting next_dagrun for my_first_dag to 2025-11-14 00:00:00+00:00, run_after=2025-11-15 00:00:00+00:00
[2025-11-15T21:55:09.996+0000] {processor.py:208} INFO - Processing /opt/airflow/dags/first_dag.py took 0.066 seconds
[2025-11-15T21:55:40.057+0000] {processor.py:186} INFO - Started process (PID=15226) to work on /opt/airflow/dags/first_dag.py
[2025-11-15T21:55:40.058+0000] {processor.py:914} INFO - Processing file /opt/airflow/dags/first_dag.py for tasks to queue
[2025-11-15T21:55:40.060+0000] {logging_mixin.py:190} INFO - [2025-11-15T21:55:40.060+0000] {dagbag.py:588} INFO - Filling up the DagBag from /opt/airflow/dags/first_dag.py
[2025-11-15T21:55:40.073+0000] {processor.py:925} INFO - DAG(s) 'my_first_dag' retrieved from /opt/airflow/dags/first_dag.py
[2025-11-15T21:55:40.088+0000] {logging_mixin.py:190} INFO - [2025-11-15T21:55:40.088+0000] {dag.py:3239} INFO - Sync 1 DAGs
[2025-11-15T21:55:40.106+0000] {logging_mixin.py:190} INFO - [2025-11-15T21:55:40.106+0000] {dag.py:4180} INFO - Setting next_dagrun for my_first_dag to 2025-11-14 00:00:00+00:00, run_after=2025-11-15 00:00:00+00:00
[2025-11-15T21:55:40.121+0000] {processor.py:208} INFO - Processing /opt/airflow/dags/first_dag.py took 0.068 seconds
[2025-11-15T21:56:10.382+0000] {processor.py:186} INFO - Started process (PID=15291) to work on /opt/airflow/dags/first_dag.py
[2025-11-15T21:56:10.383+0000] {processor.py:914} INFO - Processing file /opt/airflow/dags/first_dag.py for tasks to queue
[2025-11-15T21:56:10.385+0000] {logging_mixin.py:190} INFO - [2025-11-15T21:56:10.385+0000] {dagbag.py:588} INFO - Filling up the DagBag from /opt/airflow/dags/first_dag.py
[2025-11-15T21:56:10.417+0000] {processor.py:925} INFO - DAG(s) 'my_first_dag' retrieved from /opt/airflow/dags/first_dag.py
[2025-11-15T21:56:10.433+0000] {logging_mixin.py:190} INFO - [2025-11-15T21:56:10.433+0000] {dag.py:3239} INFO - Sync 1 DAGs
[2025-11-15T21:56:10.450+0000] {logging_mixin.py:190} INFO - [2025-11-15T21:56:10.450+0000] {dag.py:4180} INFO - Setting next_dagrun for my_first_dag to 2025-11-14 00:00:00+00:00, run_after=2025-11-15 00:00:00+00:00
[2025-11-15T21:56:10.467+0000] {processor.py:208} INFO - Processing /opt/airflow/dags/first_dag.py took 0.090 seconds
[2025-11-15T21:56:40.740+0000] {processor.py:186} INFO - Started process (PID=15356) to work on /opt/airflow/dags/first_dag.py
[2025-11-15T21:56:40.742+0000] {processor.py:914} INFO - Processing file /opt/airflow/dags/first_dag.py for tasks to queue
[2025-11-15T21:56:40.745+0000] {logging_mixin.py:190} INFO - [2025-11-15T21:56:40.745+0000] {dagbag.py:588} INFO - Filling up the DagBag from /opt/airflow/dags/first_dag.py
[2025-11-15T21:56:40.796+0000] {processor.py:925} INFO - DAG(s) 'my_first_dag' retrieved from /opt/airflow/dags/first_dag.py
[2025-11-15T21:56:40.815+0000] {logging_mixin.py:190} INFO - [2025-11-15T21:56:40.815+0000] {dag.py:3239} INFO - Sync 1 DAGs
[2025-11-15T21:56:40.835+0000] {logging_mixin.py:190} INFO - [2025-11-15T21:56:40.835+0000] {dag.py:4180} INFO - Setting next_dagrun for my_first_dag to 2025-11-14 00:00:00+00:00, run_after=2025-11-15 00:00:00+00:00
[2025-11-15T21:56:40.853+0000] {processor.py:208} INFO - Processing /opt/airflow/dags/first_dag.py took 0.119 seconds
[2025-11-15T21:57:10.923+0000] {processor.py:186} INFO - Started process (PID=15421) to work on /opt/airflow/dags/first_dag.py
[2025-11-15T21:57:10.925+0000] {processor.py:914} INFO - Processing file /opt/airflow/dags/first_dag.py for tasks to queue
[2025-11-15T21:57:10.927+0000] {logging_mixin.py:190} INFO - [2025-11-15T21:57:10.927+0000] {dagbag.py:588} INFO - Filling up the DagBag from /opt/airflow/dags/first_dag.py
[2025-11-15T21:57:10.956+0000] {processor.py:925} INFO - DAG(s) 'my_first_dag' retrieved from /opt/airflow/dags/first_dag.py
[2025-11-15T21:57:10.972+0000] {logging_mixin.py:190} INFO - [2025-11-15T21:57:10.972+0000] {dag.py:3239} INFO - Sync 1 DAGs
[2025-11-15T21:57:10.990+0000] {logging_mixin.py:190} INFO - [2025-11-15T21:57:10.990+0000] {dag.py:4180} INFO - Setting next_dagrun for my_first_dag to 2025-11-14 00:00:00+00:00, run_after=2025-11-15 00:00:00+00:00
[2025-11-15T21:57:11.005+0000] {processor.py:208} INFO - Processing /opt/airflow/dags/first_dag.py took 0.086 seconds
[2025-11-15T21:57:41.479+0000] {processor.py:186} INFO - Started process (PID=15486) to work on /opt/airflow/dags/first_dag.py
[2025-11-15T21:57:41.480+0000] {processor.py:914} INFO - Processing file /opt/airflow/dags/first_dag.py for tasks to queue
[2025-11-15T21:57:41.482+0000] {logging_mixin.py:190} INFO - [2025-11-15T21:57:41.482+0000] {dagbag.py:588} INFO - Filling up the DagBag from /opt/airflow/dags/first_dag.py
[2025-11-15T21:57:41.512+0000] {processor.py:925} INFO - DAG(s) 'my_first_dag' retrieved from /opt/airflow/dags/first_dag.py
[2025-11-15T21:57:41.528+0000] {logging_mixin.py:190} INFO - [2025-11-15T21:57:41.527+0000] {dag.py:3239} INFO - Sync 1 DAGs
[2025-11-15T21:57:41.543+0000] {logging_mixin.py:190} INFO - [2025-11-15T21:57:41.543+0000] {dag.py:4180} INFO - Setting next_dagrun for my_first_dag to 2025-11-14 00:00:00+00:00, run_after=2025-11-15 00:00:00+00:00
[2025-11-15T21:57:41.557+0000] {processor.py:208} INFO - Processing /opt/airflow/dags/first_dag.py took 0.082 seconds
[2025-11-15T21:58:12.322+0000] {processor.py:186} INFO - Started process (PID=15550) to work on /opt/airflow/dags/first_dag.py
[2025-11-15T21:58:12.323+0000] {processor.py:914} INFO - Processing file /opt/airflow/dags/first_dag.py for tasks to queue
[2025-11-15T21:58:12.325+0000] {logging_mixin.py:190} INFO - [2025-11-15T21:58:12.325+0000] {dagbag.py:588} INFO - Filling up the DagBag from /opt/airflow/dags/first_dag.py
[2025-11-15T21:58:12.342+0000] {processor.py:925} INFO - DAG(s) 'my_first_dag' retrieved from /opt/airflow/dags/first_dag.py
[2025-11-15T21:58:12.357+0000] {logging_mixin.py:190} INFO - [2025-11-15T21:58:12.356+0000] {dag.py:3239} INFO - Sync 1 DAGs
[2025-11-15T21:58:12.372+0000] {logging_mixin.py:190} INFO - [2025-11-15T21:58:12.372+0000] {dag.py:4180} INFO - Setting next_dagrun for my_first_dag to 2025-11-14 00:00:00+00:00, run_after=2025-11-15 00:00:00+00:00
[2025-11-15T21:58:12.385+0000] {processor.py:208} INFO - Processing /opt/airflow/dags/first_dag.py took 0.067 seconds
[2025-11-15T21:58:43.154+0000] {processor.py:186} INFO - Started process (PID=15615) to work on /opt/airflow/dags/first_dag.py
[2025-11-15T21:58:43.156+0000] {processor.py:914} INFO - Processing file /opt/airflow/dags/first_dag.py for tasks to queue
[2025-11-15T21:58:43.160+0000] {logging_mixin.py:190} INFO - [2025-11-15T21:58:43.160+0000] {dagbag.py:588} INFO - Filling up the DagBag from /opt/airflow/dags/first_dag.py
[2025-11-15T21:58:43.179+0000] {processor.py:925} INFO - DAG(s) 'my_first_dag' retrieved from /opt/airflow/dags/first_dag.py
[2025-11-15T21:58:43.192+0000] {logging_mixin.py:190} INFO - [2025-11-15T21:58:43.192+0000] {dag.py:3239} INFO - Sync 1 DAGs
[2025-11-15T21:58:43.208+0000] {logging_mixin.py:190} INFO - [2025-11-15T21:58:43.208+0000] {dag.py:4180} INFO - Setting next_dagrun for my_first_dag to 2025-11-14 00:00:00+00:00, run_after=2025-11-15 00:00:00+00:00
[2025-11-15T21:58:43.223+0000] {processor.py:208} INFO - Processing /opt/airflow/dags/first_dag.py took 0.073 seconds
[2025-11-15T21:59:13.437+0000] {processor.py:186} INFO - Started process (PID=15680) to work on /opt/airflow/dags/first_dag.py
[2025-11-15T21:59:13.438+0000] {processor.py:914} INFO - Processing file /opt/airflow/dags/first_dag.py for tasks to queue
[2025-11-15T21:59:13.441+0000] {logging_mixin.py:190} INFO - [2025-11-15T21:59:13.440+0000] {dagbag.py:588} INFO - Filling up the DagBag from /opt/airflow/dags/first_dag.py
[2025-11-15T21:59:13.465+0000] {processor.py:925} INFO - DAG(s) 'my_first_dag' retrieved from /opt/airflow/dags/first_dag.py
[2025-11-15T21:59:13.478+0000] {logging_mixin.py:190} INFO - [2025-11-15T21:59:13.478+0000] {dag.py:3239} INFO - Sync 1 DAGs
[2025-11-15T21:59:13.493+0000] {logging_mixin.py:190} INFO - [2025-11-15T21:59:13.493+0000] {dag.py:4180} INFO - Setting next_dagrun for my_first_dag to 2025-11-14 00:00:00+00:00, run_after=2025-11-15 00:00:00+00:00
[2025-11-15T21:59:13.507+0000] {processor.py:208} INFO - Processing /opt/airflow/dags/first_dag.py took 0.074 seconds
[2025-11-15T21:59:43.563+0000] {processor.py:186} INFO - Started process (PID=15746) to work on /opt/airflow/dags/first_dag.py
[2025-11-15T21:59:43.564+0000] {processor.py:914} INFO - Processing file /opt/airflow/dags/first_dag.py for tasks to queue
[2025-11-15T21:59:43.567+0000] {logging_mixin.py:190} INFO - [2025-11-15T21:59:43.566+0000] {dagbag.py:588} INFO - Filling up the DagBag from /opt/airflow/dags/first_dag.py
[2025-11-15T21:59:43.580+0000] {processor.py:925} INFO - DAG(s) 'my_first_dag' retrieved from /opt/airflow/dags/first_dag.py
[2025-11-15T21:59:43.593+0000] {logging_mixin.py:190} INFO - [2025-11-15T21:59:43.593+0000] {dag.py:3239} INFO - Sync 1 DAGs
[2025-11-15T21:59:43.608+0000] {logging_mixin.py:190} INFO - [2025-11-15T21:59:43.607+0000] {dag.py:4180} INFO - Setting next_dagrun for my_first_dag to 2025-11-14 00:00:00+00:00, run_after=2025-11-15 00:00:00+00:00
[2025-11-15T21:59:43.621+0000] {processor.py:208} INFO - Processing /opt/airflow/dags/first_dag.py took 0.062 seconds
[2025-11-15T22:00:13.792+0000] {processor.py:186} INFO - Started process (PID=15794) to work on /opt/airflow/dags/first_dag.py
[2025-11-15T22:00:13.793+0000] {processor.py:914} INFO - Processing file /opt/airflow/dags/first_dag.py for tasks to queue
[2025-11-15T22:00:13.795+0000] {logging_mixin.py:190} INFO - [2025-11-15T22:00:13.795+0000] {dagbag.py:588} INFO - Filling up the DagBag from /opt/airflow/dags/first_dag.py
[2025-11-15T22:00:13.810+0000] {processor.py:925} INFO - DAG(s) 'my_first_dag' retrieved from /opt/airflow/dags/first_dag.py
[2025-11-15T22:00:13.824+0000] {logging_mixin.py:190} INFO - [2025-11-15T22:00:13.824+0000] {dag.py:3239} INFO - Sync 1 DAGs
[2025-11-15T22:00:13.841+0000] {logging_mixin.py:190} INFO - [2025-11-15T22:00:13.841+0000] {dag.py:4180} INFO - Setting next_dagrun for my_first_dag to 2025-11-14 00:00:00+00:00, run_after=2025-11-15 00:00:00+00:00
[2025-11-15T22:00:13.854+0000] {processor.py:208} INFO - Processing /opt/airflow/dags/first_dag.py took 0.066 seconds
[2025-11-15T22:00:44.354+0000] {processor.py:186} INFO - Started process (PID=15849) to work on /opt/airflow/dags/first_dag.py
[2025-11-15T22:00:44.355+0000] {processor.py:914} INFO - Processing file /opt/airflow/dags/first_dag.py for tasks to queue
[2025-11-15T22:00:44.358+0000] {logging_mixin.py:190} INFO - [2025-11-15T22:00:44.358+0000] {dagbag.py:588} INFO - Filling up the DagBag from /opt/airflow/dags/first_dag.py
[2025-11-15T22:00:44.380+0000] {processor.py:925} INFO - DAG(s) 'my_first_dag' retrieved from /opt/airflow/dags/first_dag.py
[2025-11-15T22:00:44.395+0000] {logging_mixin.py:190} INFO - [2025-11-15T22:00:44.395+0000] {dag.py:3239} INFO - Sync 1 DAGs
[2025-11-15T22:00:44.414+0000] {logging_mixin.py:190} INFO - [2025-11-15T22:00:44.413+0000] {dag.py:4180} INFO - Setting next_dagrun for my_first_dag to 2025-11-14 00:00:00+00:00, run_after=2025-11-15 00:00:00+00:00
[2025-11-15T22:00:44.429+0000] {processor.py:208} INFO - Processing /opt/airflow/dags/first_dag.py took 0.082 seconds
[2025-11-15T22:01:14.953+0000] {processor.py:186} INFO - Started process (PID=15912) to work on /opt/airflow/dags/first_dag.py
[2025-11-15T22:01:14.954+0000] {processor.py:914} INFO - Processing file /opt/airflow/dags/first_dag.py for tasks to queue
[2025-11-15T22:01:14.956+0000] {logging_mixin.py:190} INFO - [2025-11-15T22:01:14.956+0000] {dagbag.py:588} INFO - Filling up the DagBag from /opt/airflow/dags/first_dag.py
[2025-11-15T22:01:14.970+0000] {processor.py:925} INFO - DAG(s) 'my_first_dag' retrieved from /opt/airflow/dags/first_dag.py
[2025-11-15T22:01:14.984+0000] {logging_mixin.py:190} INFO - [2025-11-15T22:01:14.984+0000] {dag.py:3239} INFO - Sync 1 DAGs
[2025-11-15T22:01:14.999+0000] {logging_mixin.py:190} INFO - [2025-11-15T22:01:14.999+0000] {dag.py:4180} INFO - Setting next_dagrun for my_first_dag to 2025-11-14 00:00:00+00:00, run_after=2025-11-15 00:00:00+00:00
[2025-11-15T22:01:15.012+0000] {processor.py:208} INFO - Processing /opt/airflow/dags/first_dag.py took 0.063 seconds
[2025-11-15T22:01:45.861+0000] {processor.py:186} INFO - Started process (PID=15976) to work on /opt/airflow/dags/first_dag.py
[2025-11-15T22:01:45.862+0000] {processor.py:914} INFO - Processing file /opt/airflow/dags/first_dag.py for tasks to queue
[2025-11-15T22:01:45.864+0000] {logging_mixin.py:190} INFO - [2025-11-15T22:01:45.864+0000] {dagbag.py:588} INFO - Filling up the DagBag from /opt/airflow/dags/first_dag.py
[2025-11-15T22:01:45.882+0000] {processor.py:925} INFO - DAG(s) 'my_first_dag' retrieved from /opt/airflow/dags/first_dag.py
[2025-11-15T22:01:45.900+0000] {logging_mixin.py:190} INFO - [2025-11-15T22:01:45.899+0000] {dag.py:3239} INFO - Sync 1 DAGs
[2025-11-15T22:01:45.917+0000] {logging_mixin.py:190} INFO - [2025-11-15T22:01:45.917+0000] {dag.py:4180} INFO - Setting next_dagrun for my_first_dag to 2025-11-14 00:00:00+00:00, run_after=2025-11-15 00:00:00+00:00
[2025-11-15T22:01:45.939+0000] {processor.py:208} INFO - Processing /opt/airflow/dags/first_dag.py took 0.082 seconds
[2025-11-15T22:02:16.477+0000] {processor.py:186} INFO - Started process (PID=16035) to work on /opt/airflow/dags/first_dag.py
[2025-11-15T22:02:16.479+0000] {processor.py:914} INFO - Processing file /opt/airflow/dags/first_dag.py for tasks to queue
[2025-11-15T22:02:16.481+0000] {logging_mixin.py:190} INFO - [2025-11-15T22:02:16.481+0000] {dagbag.py:588} INFO - Filling up the DagBag from /opt/airflow/dags/first_dag.py
[2025-11-15T22:02:16.511+0000] {processor.py:925} INFO - DAG(s) 'my_first_dag' retrieved from /opt/airflow/dags/first_dag.py
[2025-11-15T22:02:16.524+0000] {logging_mixin.py:190} INFO - [2025-11-15T22:02:16.524+0000] {dag.py:3239} INFO - Sync 1 DAGs
[2025-11-15T22:02:16.539+0000] {logging_mixin.py:190} INFO - [2025-11-15T22:02:16.539+0000] {dag.py:4180} INFO - Setting next_dagrun for my_first_dag to 2025-11-14 00:00:00+00:00, run_after=2025-11-15 00:00:00+00:00
[2025-11-15T22:02:16.555+0000] {processor.py:208} INFO - Processing /opt/airflow/dags/first_dag.py took 0.082 seconds
[2025-11-15T22:02:46.904+0000] {processor.py:186} INFO - Started process (PID=16100) to work on /opt/airflow/dags/first_dag.py
[2025-11-15T22:02:46.908+0000] {processor.py:914} INFO - Processing file /opt/airflow/dags/first_dag.py for tasks to queue
[2025-11-15T22:02:46.911+0000] {logging_mixin.py:190} INFO - [2025-11-15T22:02:46.911+0000] {dagbag.py:588} INFO - Filling up the DagBag from /opt/airflow/dags/first_dag.py
[2025-11-15T22:02:46.974+0000] {processor.py:925} INFO - DAG(s) 'my_first_dag' retrieved from /opt/airflow/dags/first_dag.py
[2025-11-15T22:02:46.991+0000] {logging_mixin.py:190} INFO - [2025-11-15T22:02:46.991+0000] {dag.py:3239} INFO - Sync 1 DAGs
[2025-11-15T22:02:47.007+0000] {logging_mixin.py:190} INFO - [2025-11-15T22:02:47.007+0000] {dag.py:4180} INFO - Setting next_dagrun for my_first_dag to 2025-11-14 00:00:00+00:00, run_after=2025-11-15 00:00:00+00:00
[2025-11-15T22:02:47.024+0000] {processor.py:208} INFO - Processing /opt/airflow/dags/first_dag.py took 0.126 seconds
[2025-11-15T22:03:17.245+0000] {processor.py:186} INFO - Started process (PID=16165) to work on /opt/airflow/dags/first_dag.py
[2025-11-15T22:03:17.246+0000] {processor.py:914} INFO - Processing file /opt/airflow/dags/first_dag.py for tasks to queue
[2025-11-15T22:03:17.248+0000] {logging_mixin.py:190} INFO - [2025-11-15T22:03:17.248+0000] {dagbag.py:588} INFO - Filling up the DagBag from /opt/airflow/dags/first_dag.py
[2025-11-15T22:03:17.265+0000] {processor.py:925} INFO - DAG(s) 'my_first_dag' retrieved from /opt/airflow/dags/first_dag.py
[2025-11-15T22:03:17.278+0000] {logging_mixin.py:190} INFO - [2025-11-15T22:03:17.278+0000] {dag.py:3239} INFO - Sync 1 DAGs
[2025-11-15T22:03:17.295+0000] {logging_mixin.py:190} INFO - [2025-11-15T22:03:17.294+0000] {dag.py:4180} INFO - Setting next_dagrun for my_first_dag to 2025-11-14 00:00:00+00:00, run_after=2025-11-15 00:00:00+00:00
[2025-11-15T22:03:17.310+0000] {processor.py:208} INFO - Processing /opt/airflow/dags/first_dag.py took 0.069 seconds
[2025-11-15T22:03:47.630+0000] {processor.py:186} INFO - Started process (PID=16230) to work on /opt/airflow/dags/first_dag.py
[2025-11-15T22:03:47.631+0000] {processor.py:914} INFO - Processing file /opt/airflow/dags/first_dag.py for tasks to queue
[2025-11-15T22:03:47.636+0000] {logging_mixin.py:190} INFO - [2025-11-15T22:03:47.636+0000] {dagbag.py:588} INFO - Filling up the DagBag from /opt/airflow/dags/first_dag.py
[2025-11-15T22:03:47.653+0000] {processor.py:925} INFO - DAG(s) 'my_first_dag' retrieved from /opt/airflow/dags/first_dag.py
[2025-11-15T22:03:47.669+0000] {logging_mixin.py:190} INFO - [2025-11-15T22:03:47.668+0000] {dag.py:3239} INFO - Sync 1 DAGs
[2025-11-15T22:03:47.686+0000] {logging_mixin.py:190} INFO - [2025-11-15T22:03:47.685+0000] {dag.py:4180} INFO - Setting next_dagrun for my_first_dag to 2025-11-14 00:00:00+00:00, run_after=2025-11-15 00:00:00+00:00
[2025-11-15T22:03:47.702+0000] {processor.py:208} INFO - Processing /opt/airflow/dags/first_dag.py took 0.077 seconds
[2025-11-15T22:04:17.947+0000] {processor.py:186} INFO - Started process (PID=16295) to work on /opt/airflow/dags/first_dag.py
[2025-11-15T22:04:17.950+0000] {processor.py:914} INFO - Processing file /opt/airflow/dags/first_dag.py for tasks to queue
[2025-11-15T22:04:17.953+0000] {logging_mixin.py:190} INFO - [2025-11-15T22:04:17.953+0000] {dagbag.py:588} INFO - Filling up the DagBag from /opt/airflow/dags/first_dag.py
[2025-11-15T22:04:17.978+0000] {processor.py:925} INFO - DAG(s) 'my_first_dag' retrieved from /opt/airflow/dags/first_dag.py
[2025-11-15T22:04:17.993+0000] {logging_mixin.py:190} INFO - [2025-11-15T22:04:17.993+0000] {dag.py:3239} INFO - Sync 1 DAGs
[2025-11-15T22:04:18.010+0000] {logging_mixin.py:190} INFO - [2025-11-15T22:04:18.010+0000] {dag.py:4180} INFO - Setting next_dagrun for my_first_dag to 2025-11-14 00:00:00+00:00, run_after=2025-11-15 00:00:00+00:00
[2025-11-15T22:04:18.026+0000] {processor.py:208} INFO - Processing /opt/airflow/dags/first_dag.py took 0.084 seconds
[2025-11-15T22:04:48.093+0000] {processor.py:186} INFO - Started process (PID=16360) to work on /opt/airflow/dags/first_dag.py
[2025-11-15T22:04:48.094+0000] {processor.py:914} INFO - Processing file /opt/airflow/dags/first_dag.py for tasks to queue
[2025-11-15T22:04:48.096+0000] {logging_mixin.py:190} INFO - [2025-11-15T22:04:48.096+0000] {dagbag.py:588} INFO - Filling up the DagBag from /opt/airflow/dags/first_dag.py
[2025-11-15T22:04:48.109+0000] {processor.py:925} INFO - DAG(s) 'my_first_dag' retrieved from /opt/airflow/dags/first_dag.py
[2025-11-15T22:04:48.125+0000] {logging_mixin.py:190} INFO - [2025-11-15T22:04:48.125+0000] {dag.py:3239} INFO - Sync 1 DAGs
[2025-11-15T22:04:48.143+0000] {logging_mixin.py:190} INFO - [2025-11-15T22:04:48.143+0000] {dag.py:4180} INFO - Setting next_dagrun for my_first_dag to 2025-11-14 00:00:00+00:00, run_after=2025-11-15 00:00:00+00:00
[2025-11-15T22:04:48.160+0000] {processor.py:208} INFO - Processing /opt/airflow/dags/first_dag.py took 0.072 seconds
[2025-11-15T22:05:18.561+0000] {processor.py:186} INFO - Started process (PID=16425) to work on /opt/airflow/dags/first_dag.py
[2025-11-15T22:05:18.562+0000] {processor.py:914} INFO - Processing file /opt/airflow/dags/first_dag.py for tasks to queue
[2025-11-15T22:05:18.564+0000] {logging_mixin.py:190} INFO - [2025-11-15T22:05:18.564+0000] {dagbag.py:588} INFO - Filling up the DagBag from /opt/airflow/dags/first_dag.py
[2025-11-15T22:05:18.578+0000] {processor.py:925} INFO - DAG(s) 'my_first_dag' retrieved from /opt/airflow/dags/first_dag.py
[2025-11-15T22:05:18.594+0000] {logging_mixin.py:190} INFO - [2025-11-15T22:05:18.594+0000] {dag.py:3239} INFO - Sync 1 DAGs
[2025-11-15T22:05:18.611+0000] {logging_mixin.py:190} INFO - [2025-11-15T22:05:18.611+0000] {dag.py:4180} INFO - Setting next_dagrun for my_first_dag to 2025-11-14 00:00:00+00:00, run_after=2025-11-15 00:00:00+00:00
[2025-11-15T22:05:18.626+0000] {processor.py:208} INFO - Processing /opt/airflow/dags/first_dag.py took 0.070 seconds
[2025-11-15T22:05:49.303+0000] {processor.py:186} INFO - Started process (PID=16490) to work on /opt/airflow/dags/first_dag.py
[2025-11-15T22:05:49.304+0000] {processor.py:914} INFO - Processing file /opt/airflow/dags/first_dag.py for tasks to queue
[2025-11-15T22:05:49.307+0000] {logging_mixin.py:190} INFO - [2025-11-15T22:05:49.306+0000] {dagbag.py:588} INFO - Filling up the DagBag from /opt/airflow/dags/first_dag.py
[2025-11-15T22:05:49.330+0000] {processor.py:925} INFO - DAG(s) 'my_first_dag' retrieved from /opt/airflow/dags/first_dag.py
[2025-11-15T22:05:49.347+0000] {logging_mixin.py:190} INFO - [2025-11-15T22:05:49.347+0000] {dag.py:3239} INFO - Sync 1 DAGs
[2025-11-15T22:05:49.364+0000] {logging_mixin.py:190} INFO - [2025-11-15T22:05:49.364+0000] {dag.py:4180} INFO - Setting next_dagrun for my_first_dag to 2025-11-14 00:00:00+00:00, run_after=2025-11-15 00:00:00+00:00
[2025-11-15T22:05:49.381+0000] {processor.py:208} INFO - Processing /opt/airflow/dags/first_dag.py took 0.082 seconds
[2025-11-15T22:06:19.773+0000] {processor.py:186} INFO - Started process (PID=16555) to work on /opt/airflow/dags/first_dag.py
[2025-11-15T22:06:19.774+0000] {processor.py:914} INFO - Processing file /opt/airflow/dags/first_dag.py for tasks to queue
[2025-11-15T22:06:19.776+0000] {logging_mixin.py:190} INFO - [2025-11-15T22:06:19.776+0000] {dagbag.py:588} INFO - Filling up the DagBag from /opt/airflow/dags/first_dag.py
[2025-11-15T22:06:19.804+0000] {processor.py:925} INFO - DAG(s) 'my_first_dag' retrieved from /opt/airflow/dags/first_dag.py
[2025-11-15T22:06:19.821+0000] {logging_mixin.py:190} INFO - [2025-11-15T22:06:19.821+0000] {dag.py:3239} INFO - Sync 1 DAGs
[2025-11-15T22:06:19.839+0000] {logging_mixin.py:190} INFO - [2025-11-15T22:06:19.838+0000] {dag.py:4180} INFO - Setting next_dagrun for my_first_dag to 2025-11-14 00:00:00+00:00, run_after=2025-11-15 00:00:00+00:00
[2025-11-15T22:06:19.852+0000] {processor.py:208} INFO - Processing /opt/airflow/dags/first_dag.py took 0.084 seconds
[2025-11-15T22:06:50.200+0000] {processor.py:186} INFO - Started process (PID=16620) to work on /opt/airflow/dags/first_dag.py
[2025-11-15T22:06:50.202+0000] {processor.py:914} INFO - Processing file /opt/airflow/dags/first_dag.py for tasks to queue
[2025-11-15T22:06:50.206+0000] {logging_mixin.py:190} INFO - [2025-11-15T22:06:50.206+0000] {dagbag.py:588} INFO - Filling up the DagBag from /opt/airflow/dags/first_dag.py
[2025-11-15T22:06:50.223+0000] {processor.py:925} INFO - DAG(s) 'my_first_dag' retrieved from /opt/airflow/dags/first_dag.py
[2025-11-15T22:06:50.246+0000] {logging_mixin.py:190} INFO - [2025-11-15T22:06:50.246+0000] {dag.py:3239} INFO - Sync 1 DAGs
[2025-11-15T22:06:50.268+0000] {logging_mixin.py:190} INFO - [2025-11-15T22:06:50.268+0000] {dag.py:4180} INFO - Setting next_dagrun for my_first_dag to 2025-11-14 00:00:00+00:00, run_after=2025-11-15 00:00:00+00:00
[2025-11-15T22:06:50.292+0000] {processor.py:208} INFO - Processing /opt/airflow/dags/first_dag.py took 0.097 seconds
[2025-11-15T22:07:20.961+0000] {processor.py:186} INFO - Started process (PID=16685) to work on /opt/airflow/dags/first_dag.py
[2025-11-15T22:07:20.962+0000] {processor.py:914} INFO - Processing file /opt/airflow/dags/first_dag.py for tasks to queue
[2025-11-15T22:07:20.964+0000] {logging_mixin.py:190} INFO - [2025-11-15T22:07:20.964+0000] {dagbag.py:588} INFO - Filling up the DagBag from /opt/airflow/dags/first_dag.py
[2025-11-15T22:07:20.978+0000] {processor.py:925} INFO - DAG(s) 'my_first_dag' retrieved from /opt/airflow/dags/first_dag.py
[2025-11-15T22:07:20.991+0000] {logging_mixin.py:190} INFO - [2025-11-15T22:07:20.991+0000] {dag.py:3239} INFO - Sync 1 DAGs
[2025-11-15T22:07:21.009+0000] {logging_mixin.py:190} INFO - [2025-11-15T22:07:21.009+0000] {dag.py:4180} INFO - Setting next_dagrun for my_first_dag to 2025-11-14 00:00:00+00:00, run_after=2025-11-15 00:00:00+00:00
[2025-11-15T22:07:21.025+0000] {processor.py:208} INFO - Processing /opt/airflow/dags/first_dag.py took 0.068 seconds
[2025-11-15T22:07:51.712+0000] {processor.py:186} INFO - Started process (PID=16750) to work on /opt/airflow/dags/first_dag.py
[2025-11-15T22:07:51.713+0000] {processor.py:914} INFO - Processing file /opt/airflow/dags/first_dag.py for tasks to queue
[2025-11-15T22:07:51.715+0000] {logging_mixin.py:190} INFO - [2025-11-15T22:07:51.715+0000] {dagbag.py:588} INFO - Filling up the DagBag from /opt/airflow/dags/first_dag.py
[2025-11-15T22:07:51.728+0000] {processor.py:925} INFO - DAG(s) 'my_first_dag' retrieved from /opt/airflow/dags/first_dag.py
[2025-11-15T22:07:51.741+0000] {logging_mixin.py:190} INFO - [2025-11-15T22:07:51.741+0000] {dag.py:3239} INFO - Sync 1 DAGs
[2025-11-15T22:07:51.757+0000] {logging_mixin.py:190} INFO - [2025-11-15T22:07:51.757+0000] {dag.py:4180} INFO - Setting next_dagrun for my_first_dag to 2025-11-14 00:00:00+00:00, run_after=2025-11-15 00:00:00+00:00
[2025-11-15T22:07:51.778+0000] {processor.py:208} INFO - Processing /opt/airflow/dags/first_dag.py took 0.071 seconds
[2025-11-15T22:08:22.266+0000] {processor.py:186} INFO - Started process (PID=16815) to work on /opt/airflow/dags/first_dag.py
[2025-11-15T22:08:22.268+0000] {processor.py:914} INFO - Processing file /opt/airflow/dags/first_dag.py for tasks to queue
[2025-11-15T22:08:22.270+0000] {logging_mixin.py:190} INFO - [2025-11-15T22:08:22.270+0000] {dagbag.py:588} INFO - Filling up the DagBag from /opt/airflow/dags/first_dag.py
[2025-11-15T22:08:22.300+0000] {processor.py:925} INFO - DAG(s) 'my_first_dag' retrieved from /opt/airflow/dags/first_dag.py
[2025-11-15T22:08:22.319+0000] {logging_mixin.py:190} INFO - [2025-11-15T22:08:22.319+0000] {dag.py:3239} INFO - Sync 1 DAGs
[2025-11-15T22:08:22.339+0000] {logging_mixin.py:190} INFO - [2025-11-15T22:08:22.339+0000] {dag.py:4180} INFO - Setting next_dagrun for my_first_dag to 2025-11-14 00:00:00+00:00, run_after=2025-11-15 00:00:00+00:00
[2025-11-15T22:08:22.361+0000] {processor.py:208} INFO - Processing /opt/airflow/dags/first_dag.py took 0.099 seconds
[2025-11-15T22:08:53.128+0000] {processor.py:186} INFO - Started process (PID=16880) to work on /opt/airflow/dags/first_dag.py
[2025-11-15T22:08:53.130+0000] {processor.py:914} INFO - Processing file /opt/airflow/dags/first_dag.py for tasks to queue
[2025-11-15T22:08:53.133+0000] {logging_mixin.py:190} INFO - [2025-11-15T22:08:53.132+0000] {dagbag.py:588} INFO - Filling up the DagBag from /opt/airflow/dags/first_dag.py
[2025-11-15T22:08:53.164+0000] {processor.py:925} INFO - DAG(s) 'my_first_dag' retrieved from /opt/airflow/dags/first_dag.py
[2025-11-15T22:08:53.181+0000] {logging_mixin.py:190} INFO - [2025-11-15T22:08:53.181+0000] {dag.py:3239} INFO - Sync 1 DAGs
[2025-11-15T22:08:53.205+0000] {logging_mixin.py:190} INFO - [2025-11-15T22:08:53.204+0000] {dag.py:4180} INFO - Setting next_dagrun for my_first_dag to 2025-11-14 00:00:00+00:00, run_after=2025-11-15 00:00:00+00:00
[2025-11-15T22:08:53.532+0000] {processor.py:208} INFO - Processing /opt/airflow/dags/first_dag.py took 0.099 seconds
[2025-11-15T22:09:24.813+0000] {processor.py:186} INFO - Started process (PID=16945) to work on /opt/airflow/dags/first_dag.py
[2025-11-15T22:09:24.817+0000] {processor.py:914} INFO - Processing file /opt/airflow/dags/first_dag.py for tasks to queue
[2025-11-15T22:09:24.823+0000] {logging_mixin.py:190} INFO - [2025-11-15T22:09:24.823+0000] {dagbag.py:588} INFO - Filling up the DagBag from /opt/airflow/dags/first_dag.py
[2025-11-15T22:09:24.855+0000] {processor.py:925} INFO - DAG(s) 'my_first_dag' retrieved from /opt/airflow/dags/first_dag.py
[2025-11-15T22:09:24.869+0000] {logging_mixin.py:190} INFO - [2025-11-15T22:09:24.869+0000] {dag.py:3239} INFO - Sync 1 DAGs
[2025-11-15T22:09:24.886+0000] {logging_mixin.py:190} INFO - [2025-11-15T22:09:24.886+0000] {dag.py:4180} INFO - Setting next_dagrun for my_first_dag to 2025-11-14 00:00:00+00:00, run_after=2025-11-15 00:00:00+00:00
[2025-11-15T22:09:24.899+0000] {processor.py:208} INFO - Processing /opt/airflow/dags/first_dag.py took 0.090 seconds
[2025-11-15T22:09:55.132+0000] {processor.py:186} INFO - Started process (PID=17010) to work on /opt/airflow/dags/first_dag.py
[2025-11-15T22:09:55.134+0000] {processor.py:914} INFO - Processing file /opt/airflow/dags/first_dag.py for tasks to queue
[2025-11-15T22:09:55.137+0000] {logging_mixin.py:190} INFO - [2025-11-15T22:09:55.137+0000] {dagbag.py:588} INFO - Filling up the DagBag from /opt/airflow/dags/first_dag.py
[2025-11-15T22:09:55.164+0000] {processor.py:925} INFO - DAG(s) 'my_first_dag' retrieved from /opt/airflow/dags/first_dag.py
[2025-11-15T22:09:55.181+0000] {logging_mixin.py:190} INFO - [2025-11-15T22:09:55.181+0000] {dag.py:3239} INFO - Sync 1 DAGs
[2025-11-15T22:09:55.202+0000] {logging_mixin.py:190} INFO - [2025-11-15T22:09:55.202+0000] {dag.py:4180} INFO - Setting next_dagrun for my_first_dag to 2025-11-14 00:00:00+00:00, run_after=2025-11-15 00:00:00+00:00
[2025-11-15T22:09:55.220+0000] {processor.py:208} INFO - Processing /opt/airflow/dags/first_dag.py took 0.094 seconds
[2025-11-15T22:10:25.863+0000] {processor.py:186} INFO - Started process (PID=17075) to work on /opt/airflow/dags/first_dag.py
[2025-11-15T22:10:25.864+0000] {processor.py:914} INFO - Processing file /opt/airflow/dags/first_dag.py for tasks to queue
[2025-11-15T22:10:25.867+0000] {logging_mixin.py:190} INFO - [2025-11-15T22:10:25.867+0000] {dagbag.py:588} INFO - Filling up the DagBag from /opt/airflow/dags/first_dag.py
[2025-11-15T22:10:25.892+0000] {processor.py:925} INFO - DAG(s) 'my_first_dag' retrieved from /opt/airflow/dags/first_dag.py
[2025-11-15T22:10:25.913+0000] {logging_mixin.py:190} INFO - [2025-11-15T22:10:25.912+0000] {dag.py:3239} INFO - Sync 1 DAGs
[2025-11-15T22:10:25.933+0000] {logging_mixin.py:190} INFO - [2025-11-15T22:10:25.933+0000] {dag.py:4180} INFO - Setting next_dagrun for my_first_dag to 2025-11-14 00:00:00+00:00, run_after=2025-11-15 00:00:00+00:00
[2025-11-15T22:10:25.952+0000] {processor.py:208} INFO - Processing /opt/airflow/dags/first_dag.py took 0.095 seconds
[2025-11-15T22:10:56.115+0000] {processor.py:186} INFO - Started process (PID=17140) to work on /opt/airflow/dags/first_dag.py
[2025-11-15T22:10:56.117+0000] {processor.py:914} INFO - Processing file /opt/airflow/dags/first_dag.py for tasks to queue
[2025-11-15T22:10:56.120+0000] {logging_mixin.py:190} INFO - [2025-11-15T22:10:56.120+0000] {dagbag.py:588} INFO - Filling up the DagBag from /opt/airflow/dags/first_dag.py
[2025-11-15T22:10:56.148+0000] {processor.py:925} INFO - DAG(s) 'my_first_dag' retrieved from /opt/airflow/dags/first_dag.py
[2025-11-15T22:10:56.161+0000] {logging_mixin.py:190} INFO - [2025-11-15T22:10:56.161+0000] {dag.py:3239} INFO - Sync 1 DAGs
[2025-11-15T22:10:56.178+0000] {logging_mixin.py:190} INFO - [2025-11-15T22:10:56.178+0000] {dag.py:4180} INFO - Setting next_dagrun for my_first_dag to 2025-11-14 00:00:00+00:00, run_after=2025-11-15 00:00:00+00:00
[2025-11-15T22:10:56.194+0000] {processor.py:208} INFO - Processing /opt/airflow/dags/first_dag.py took 0.083 seconds
[2025-11-15T22:11:26.269+0000] {processor.py:186} INFO - Started process (PID=17205) to work on /opt/airflow/dags/first_dag.py
[2025-11-15T22:11:26.270+0000] {processor.py:914} INFO - Processing file /opt/airflow/dags/first_dag.py for tasks to queue
[2025-11-15T22:11:26.273+0000] {logging_mixin.py:190} INFO - [2025-11-15T22:11:26.273+0000] {dagbag.py:588} INFO - Filling up the DagBag from /opt/airflow/dags/first_dag.py
[2025-11-15T22:11:26.289+0000] {processor.py:925} INFO - DAG(s) 'my_first_dag' retrieved from /opt/airflow/dags/first_dag.py
[2025-11-15T22:11:26.302+0000] {logging_mixin.py:190} INFO - [2025-11-15T22:11:26.302+0000] {dag.py:3239} INFO - Sync 1 DAGs
[2025-11-15T22:11:26.319+0000] {logging_mixin.py:190} INFO - [2025-11-15T22:11:26.319+0000] {dag.py:4180} INFO - Setting next_dagrun for my_first_dag to 2025-11-14 00:00:00+00:00, run_after=2025-11-15 00:00:00+00:00
[2025-11-15T22:11:26.336+0000] {processor.py:208} INFO - Processing /opt/airflow/dags/first_dag.py took 0.071 seconds
[2025-11-15T22:11:56.631+0000] {processor.py:186} INFO - Started process (PID=17270) to work on /opt/airflow/dags/first_dag.py
[2025-11-15T22:11:56.632+0000] {processor.py:914} INFO - Processing file /opt/airflow/dags/first_dag.py for tasks to queue
[2025-11-15T22:11:56.634+0000] {logging_mixin.py:190} INFO - [2025-11-15T22:11:56.634+0000] {dagbag.py:588} INFO - Filling up the DagBag from /opt/airflow/dags/first_dag.py
[2025-11-15T22:11:56.651+0000] {processor.py:925} INFO - DAG(s) 'my_first_dag' retrieved from /opt/airflow/dags/first_dag.py
[2025-11-15T22:11:56.665+0000] {logging_mixin.py:190} INFO - [2025-11-15T22:11:56.665+0000] {dag.py:3239} INFO - Sync 1 DAGs
[2025-11-15T22:11:56.682+0000] {logging_mixin.py:190} INFO - [2025-11-15T22:11:56.682+0000] {dag.py:4180} INFO - Setting next_dagrun for my_first_dag to 2025-11-14 00:00:00+00:00, run_after=2025-11-15 00:00:00+00:00
[2025-11-15T22:11:56.699+0000] {processor.py:208} INFO - Processing /opt/airflow/dags/first_dag.py took 0.073 seconds
[2025-11-15T22:12:26.912+0000] {processor.py:186} INFO - Started process (PID=17335) to work on /opt/airflow/dags/first_dag.py
[2025-11-15T22:12:26.913+0000] {processor.py:914} INFO - Processing file /opt/airflow/dags/first_dag.py for tasks to queue
[2025-11-15T22:12:26.915+0000] {logging_mixin.py:190} INFO - [2025-11-15T22:12:26.915+0000] {dagbag.py:588} INFO - Filling up the DagBag from /opt/airflow/dags/first_dag.py
[2025-11-15T22:12:26.937+0000] {processor.py:925} INFO - DAG(s) 'my_first_dag' retrieved from /opt/airflow/dags/first_dag.py
[2025-11-15T22:12:26.956+0000] {logging_mixin.py:190} INFO - [2025-11-15T22:12:26.956+0000] {dag.py:3239} INFO - Sync 1 DAGs
[2025-11-15T22:12:26.980+0000] {logging_mixin.py:190} INFO - [2025-11-15T22:12:26.979+0000] {dag.py:4180} INFO - Setting next_dagrun for my_first_dag to 2025-11-14 00:00:00+00:00, run_after=2025-11-15 00:00:00+00:00
[2025-11-15T22:12:27.001+0000] {processor.py:208} INFO - Processing /opt/airflow/dags/first_dag.py took 0.095 seconds
[2025-11-15T22:12:57.712+0000] {processor.py:186} INFO - Started process (PID=17400) to work on /opt/airflow/dags/first_dag.py
[2025-11-15T22:12:57.713+0000] {processor.py:914} INFO - Processing file /opt/airflow/dags/first_dag.py for tasks to queue
[2025-11-15T22:12:57.716+0000] {logging_mixin.py:190} INFO - [2025-11-15T22:12:57.715+0000] {dagbag.py:588} INFO - Filling up the DagBag from /opt/airflow/dags/first_dag.py
[2025-11-15T22:12:57.741+0000] {processor.py:925} INFO - DAG(s) 'my_first_dag' retrieved from /opt/airflow/dags/first_dag.py
[2025-11-15T22:12:57.756+0000] {logging_mixin.py:190} INFO - [2025-11-15T22:12:57.756+0000] {dag.py:3239} INFO - Sync 1 DAGs
[2025-11-15T22:12:57.780+0000] {logging_mixin.py:190} INFO - [2025-11-15T22:12:57.779+0000] {dag.py:4180} INFO - Setting next_dagrun for my_first_dag to 2025-11-14 00:00:00+00:00, run_after=2025-11-15 00:00:00+00:00
[2025-11-15T22:12:57.796+0000] {processor.py:208} INFO - Processing /opt/airflow/dags/first_dag.py took 0.090 seconds
[2025-11-15T22:13:28.778+0000] {processor.py:186} INFO - Started process (PID=17465) to work on /opt/airflow/dags/first_dag.py
[2025-11-15T22:13:28.779+0000] {processor.py:914} INFO - Processing file /opt/airflow/dags/first_dag.py for tasks to queue
[2025-11-15T22:13:28.781+0000] {logging_mixin.py:190} INFO - [2025-11-15T22:13:28.781+0000] {dagbag.py:588} INFO - Filling up the DagBag from /opt/airflow/dags/first_dag.py
[2025-11-15T22:13:28.804+0000] {processor.py:925} INFO - DAG(s) 'my_first_dag' retrieved from /opt/airflow/dags/first_dag.py
[2025-11-15T22:13:28.819+0000] {logging_mixin.py:190} INFO - [2025-11-15T22:13:28.819+0000] {dag.py:3239} INFO - Sync 1 DAGs
[2025-11-15T22:13:28.837+0000] {logging_mixin.py:190} INFO - [2025-11-15T22:13:28.837+0000] {dag.py:4180} INFO - Setting next_dagrun for my_first_dag to 2025-11-14 00:00:00+00:00, run_after=2025-11-15 00:00:00+00:00
[2025-11-15T22:13:28.860+0000] {processor.py:208} INFO - Processing /opt/airflow/dags/first_dag.py took 0.086 seconds
[2025-11-15T22:13:58.981+0000] {processor.py:186} INFO - Started process (PID=17530) to work on /opt/airflow/dags/first_dag.py
[2025-11-15T22:13:58.983+0000] {processor.py:914} INFO - Processing file /opt/airflow/dags/first_dag.py for tasks to queue
[2025-11-15T22:13:58.986+0000] {logging_mixin.py:190} INFO - [2025-11-15T22:13:58.986+0000] {dagbag.py:588} INFO - Filling up the DagBag from /opt/airflow/dags/first_dag.py
[2025-11-15T22:13:59.014+0000] {processor.py:925} INFO - DAG(s) 'my_first_dag' retrieved from /opt/airflow/dags/first_dag.py
[2025-11-15T22:13:59.029+0000] {logging_mixin.py:190} INFO - [2025-11-15T22:13:59.029+0000] {dag.py:3239} INFO - Sync 1 DAGs
[2025-11-15T22:13:59.047+0000] {logging_mixin.py:190} INFO - [2025-11-15T22:13:59.047+0000] {dag.py:4180} INFO - Setting next_dagrun for my_first_dag to 2025-11-14 00:00:00+00:00, run_after=2025-11-15 00:00:00+00:00
[2025-11-15T22:13:59.066+0000] {processor.py:208} INFO - Processing /opt/airflow/dags/first_dag.py took 0.089 seconds
[2025-11-15T22:14:29.763+0000] {processor.py:186} INFO - Started process (PID=17595) to work on /opt/airflow/dags/first_dag.py
[2025-11-15T22:14:29.764+0000] {processor.py:914} INFO - Processing file /opt/airflow/dags/first_dag.py for tasks to queue
[2025-11-15T22:14:29.766+0000] {logging_mixin.py:190} INFO - [2025-11-15T22:14:29.766+0000] {dagbag.py:588} INFO - Filling up the DagBag from /opt/airflow/dags/first_dag.py
[2025-11-15T22:14:29.785+0000] {processor.py:925} INFO - DAG(s) 'my_first_dag' retrieved from /opt/airflow/dags/first_dag.py
[2025-11-15T22:14:29.805+0000] {logging_mixin.py:190} INFO - [2025-11-15T22:14:29.804+0000] {dag.py:3239} INFO - Sync 1 DAGs
[2025-11-15T22:14:29.824+0000] {logging_mixin.py:190} INFO - [2025-11-15T22:14:29.824+0000] {dag.py:4180} INFO - Setting next_dagrun for my_first_dag to 2025-11-14 00:00:00+00:00, run_after=2025-11-15 00:00:00+00:00
[2025-11-15T22:14:29.839+0000] {processor.py:208} INFO - Processing /opt/airflow/dags/first_dag.py took 0.080 seconds
[2025-11-15T22:15:00.673+0000] {processor.py:186} INFO - Started process (PID=17660) to work on /opt/airflow/dags/first_dag.py
[2025-11-15T22:15:00.674+0000] {processor.py:914} INFO - Processing file /opt/airflow/dags/first_dag.py for tasks to queue
[2025-11-15T22:15:00.676+0000] {logging_mixin.py:190} INFO - [2025-11-15T22:15:00.676+0000] {dagbag.py:588} INFO - Filling up the DagBag from /opt/airflow/dags/first_dag.py
[2025-11-15T22:15:00.699+0000] {processor.py:925} INFO - DAG(s) 'my_first_dag' retrieved from /opt/airflow/dags/first_dag.py
[2025-11-15T22:15:00.716+0000] {logging_mixin.py:190} INFO - [2025-11-15T22:15:00.716+0000] {dag.py:3239} INFO - Sync 1 DAGs
[2025-11-15T22:15:00.737+0000] {logging_mixin.py:190} INFO - [2025-11-15T22:15:00.737+0000] {dag.py:4180} INFO - Setting next_dagrun for my_first_dag to 2025-11-14 00:00:00+00:00, run_after=2025-11-15 00:00:00+00:00
[2025-11-15T22:15:00.752+0000] {processor.py:208} INFO - Processing /opt/airflow/dags/first_dag.py took 0.084 seconds
[2025-11-15T22:15:31.212+0000] {processor.py:186} INFO - Started process (PID=17725) to work on /opt/airflow/dags/first_dag.py
[2025-11-15T22:15:31.216+0000] {processor.py:914} INFO - Processing file /opt/airflow/dags/first_dag.py for tasks to queue
[2025-11-15T22:15:31.218+0000] {logging_mixin.py:190} INFO - [2025-11-15T22:15:31.218+0000] {dagbag.py:588} INFO - Filling up the DagBag from /opt/airflow/dags/first_dag.py
[2025-11-15T22:15:31.234+0000] {processor.py:925} INFO - DAG(s) 'my_first_dag' retrieved from /opt/airflow/dags/first_dag.py
[2025-11-15T22:15:31.249+0000] {logging_mixin.py:190} INFO - [2025-11-15T22:15:31.248+0000] {dag.py:3239} INFO - Sync 1 DAGs
[2025-11-15T22:15:31.267+0000] {logging_mixin.py:190} INFO - [2025-11-15T22:15:31.267+0000] {dag.py:4180} INFO - Setting next_dagrun for my_first_dag to 2025-11-14 00:00:00+00:00, run_after=2025-11-15 00:00:00+00:00
[2025-11-15T22:15:31.283+0000] {processor.py:208} INFO - Processing /opt/airflow/dags/first_dag.py took 0.075 seconds
[2025-11-15T22:16:01.801+0000] {processor.py:186} INFO - Started process (PID=17790) to work on /opt/airflow/dags/first_dag.py
[2025-11-15T22:16:01.802+0000] {processor.py:914} INFO - Processing file /opt/airflow/dags/first_dag.py for tasks to queue
[2025-11-15T22:16:01.804+0000] {logging_mixin.py:190} INFO - [2025-11-15T22:16:01.804+0000] {dagbag.py:588} INFO - Filling up the DagBag from /opt/airflow/dags/first_dag.py
[2025-11-15T22:16:01.821+0000] {processor.py:925} INFO - DAG(s) 'my_first_dag' retrieved from /opt/airflow/dags/first_dag.py
[2025-11-15T22:16:01.835+0000] {logging_mixin.py:190} INFO - [2025-11-15T22:16:01.834+0000] {dag.py:3239} INFO - Sync 1 DAGs
[2025-11-15T22:16:01.855+0000] {logging_mixin.py:190} INFO - [2025-11-15T22:16:01.855+0000] {dag.py:4180} INFO - Setting next_dagrun for my_first_dag to 2025-11-14 00:00:00+00:00, run_after=2025-11-15 00:00:00+00:00
[2025-11-15T22:16:01.874+0000] {processor.py:208} INFO - Processing /opt/airflow/dags/first_dag.py took 0.077 seconds
[2025-11-15T22:16:31.962+0000] {processor.py:186} INFO - Started process (PID=17855) to work on /opt/airflow/dags/first_dag.py
[2025-11-15T22:16:31.964+0000] {processor.py:914} INFO - Processing file /opt/airflow/dags/first_dag.py for tasks to queue
[2025-11-15T22:16:31.966+0000] {logging_mixin.py:190} INFO - [2025-11-15T22:16:31.966+0000] {dagbag.py:588} INFO - Filling up the DagBag from /opt/airflow/dags/first_dag.py
[2025-11-15T22:16:31.978+0000] {processor.py:925} INFO - DAG(s) 'my_first_dag' retrieved from /opt/airflow/dags/first_dag.py
[2025-11-15T22:16:31.992+0000] {logging_mixin.py:190} INFO - [2025-11-15T22:16:31.992+0000] {dag.py:3239} INFO - Sync 1 DAGs
[2025-11-15T22:16:32.008+0000] {logging_mixin.py:190} INFO - [2025-11-15T22:16:32.008+0000] {dag.py:4180} INFO - Setting next_dagrun for my_first_dag to 2025-11-14 00:00:00+00:00, run_after=2025-11-15 00:00:00+00:00
[2025-11-15T22:16:32.026+0000] {processor.py:208} INFO - Processing /opt/airflow/dags/first_dag.py took 0.069 seconds
[2025-11-15T22:17:02.077+0000] {processor.py:186} INFO - Started process (PID=17920) to work on /opt/airflow/dags/first_dag.py
[2025-11-15T22:17:02.078+0000] {processor.py:914} INFO - Processing file /opt/airflow/dags/first_dag.py for tasks to queue
[2025-11-15T22:17:02.081+0000] {logging_mixin.py:190} INFO - [2025-11-15T22:17:02.080+0000] {dagbag.py:588} INFO - Filling up the DagBag from /opt/airflow/dags/first_dag.py
[2025-11-15T22:17:02.093+0000] {processor.py:925} INFO - DAG(s) 'my_first_dag' retrieved from /opt/airflow/dags/first_dag.py
[2025-11-15T22:17:02.107+0000] {logging_mixin.py:190} INFO - [2025-11-15T22:17:02.107+0000] {dag.py:3239} INFO - Sync 1 DAGs
[2025-11-15T22:17:02.127+0000] {logging_mixin.py:190} INFO - [2025-11-15T22:17:02.127+0000] {dag.py:4180} INFO - Setting next_dagrun for my_first_dag to 2025-11-14 00:00:00+00:00, run_after=2025-11-15 00:00:00+00:00
[2025-11-15T22:17:02.144+0000] {processor.py:208} INFO - Processing /opt/airflow/dags/first_dag.py took 0.071 seconds
[2025-11-15T22:17:33.659+0000] {processor.py:186} INFO - Started process (PID=17985) to work on /opt/airflow/dags/first_dag.py
[2025-11-15T22:17:33.660+0000] {processor.py:914} INFO - Processing file /opt/airflow/dags/first_dag.py for tasks to queue
[2025-11-15T22:17:33.662+0000] {logging_mixin.py:190} INFO - [2025-11-15T22:17:33.662+0000] {dagbag.py:588} INFO - Filling up the DagBag from /opt/airflow/dags/first_dag.py
[2025-11-15T22:17:33.675+0000] {processor.py:925} INFO - DAG(s) 'my_first_dag' retrieved from /opt/airflow/dags/first_dag.py
[2025-11-15T22:17:33.688+0000] {logging_mixin.py:190} INFO - [2025-11-15T22:17:33.688+0000] {dag.py:3239} INFO - Sync 1 DAGs
[2025-11-15T22:17:33.703+0000] {logging_mixin.py:190} INFO - [2025-11-15T22:17:33.703+0000] {dag.py:4180} INFO - Setting next_dagrun for my_first_dag to 2025-11-14 00:00:00+00:00, run_after=2025-11-15 00:00:00+00:00
[2025-11-15T22:17:33.716+0000] {processor.py:208} INFO - Processing /opt/airflow/dags/first_dag.py took 0.061 seconds
[2025-11-15T22:18:04.318+0000] {processor.py:186} INFO - Started process (PID=18050) to work on /opt/airflow/dags/first_dag.py
[2025-11-15T22:18:04.319+0000] {processor.py:914} INFO - Processing file /opt/airflow/dags/first_dag.py for tasks to queue
[2025-11-15T22:18:04.322+0000] {logging_mixin.py:190} INFO - [2025-11-15T22:18:04.322+0000] {dagbag.py:588} INFO - Filling up the DagBag from /opt/airflow/dags/first_dag.py
[2025-11-15T22:18:04.336+0000] {processor.py:925} INFO - DAG(s) 'my_first_dag' retrieved from /opt/airflow/dags/first_dag.py
[2025-11-15T22:18:04.352+0000] {logging_mixin.py:190} INFO - [2025-11-15T22:18:04.352+0000] {dag.py:3239} INFO - Sync 1 DAGs
[2025-11-15T22:18:04.372+0000] {logging_mixin.py:190} INFO - [2025-11-15T22:18:04.372+0000] {dag.py:4180} INFO - Setting next_dagrun for my_first_dag to 2025-11-14 00:00:00+00:00, run_after=2025-11-15 00:00:00+00:00
[2025-11-15T22:18:04.394+0000] {processor.py:208} INFO - Processing /opt/airflow/dags/first_dag.py took 0.081 seconds
[2025-11-15T22:18:35.578+0000] {processor.py:186} INFO - Started process (PID=18115) to work on /opt/airflow/dags/first_dag.py
[2025-11-15T22:18:35.578+0000] {processor.py:914} INFO - Processing file /opt/airflow/dags/first_dag.py for tasks to queue
[2025-11-15T22:18:35.581+0000] {logging_mixin.py:190} INFO - [2025-11-15T22:18:35.580+0000] {dagbag.py:588} INFO - Filling up the DagBag from /opt/airflow/dags/first_dag.py
[2025-11-15T22:18:35.596+0000] {processor.py:925} INFO - DAG(s) 'my_first_dag' retrieved from /opt/airflow/dags/first_dag.py
[2025-11-15T22:18:35.612+0000] {logging_mixin.py:190} INFO - [2025-11-15T22:18:35.611+0000] {dag.py:3239} INFO - Sync 1 DAGs
[2025-11-15T22:18:35.630+0000] {logging_mixin.py:190} INFO - [2025-11-15T22:18:35.630+0000] {dag.py:4180} INFO - Setting next_dagrun for my_first_dag to 2025-11-14 00:00:00+00:00, run_after=2025-11-15 00:00:00+00:00
[2025-11-15T22:18:35.646+0000] {processor.py:208} INFO - Processing /opt/airflow/dags/first_dag.py took 0.073 seconds
[2025-11-15T22:19:06.044+0000] {processor.py:186} INFO - Started process (PID=18180) to work on /opt/airflow/dags/first_dag.py
[2025-11-15T22:19:06.045+0000] {processor.py:914} INFO - Processing file /opt/airflow/dags/first_dag.py for tasks to queue
[2025-11-15T22:19:06.048+0000] {logging_mixin.py:190} INFO - [2025-11-15T22:19:06.048+0000] {dagbag.py:588} INFO - Filling up the DagBag from /opt/airflow/dags/first_dag.py
[2025-11-15T22:19:06.064+0000] {processor.py:925} INFO - DAG(s) 'my_first_dag' retrieved from /opt/airflow/dags/first_dag.py
[2025-11-15T22:19:06.080+0000] {logging_mixin.py:190} INFO - [2025-11-15T22:19:06.080+0000] {dag.py:3239} INFO - Sync 1 DAGs
[2025-11-15T22:19:06.099+0000] {logging_mixin.py:190} INFO - [2025-11-15T22:19:06.098+0000] {dag.py:4180} INFO - Setting next_dagrun for my_first_dag to 2025-11-14 00:00:00+00:00, run_after=2025-11-15 00:00:00+00:00
[2025-11-15T22:19:06.116+0000] {processor.py:208} INFO - Processing /opt/airflow/dags/first_dag.py took 0.077 seconds
[2025-11-15T22:19:36.697+0000] {processor.py:186} INFO - Started process (PID=18245) to work on /opt/airflow/dags/first_dag.py
[2025-11-15T22:19:36.698+0000] {processor.py:914} INFO - Processing file /opt/airflow/dags/first_dag.py for tasks to queue
[2025-11-15T22:19:36.701+0000] {logging_mixin.py:190} INFO - [2025-11-15T22:19:36.701+0000] {dagbag.py:588} INFO - Filling up the DagBag from /opt/airflow/dags/first_dag.py
[2025-11-15T22:19:36.727+0000] {processor.py:925} INFO - DAG(s) 'my_first_dag' retrieved from /opt/airflow/dags/first_dag.py
[2025-11-15T22:19:36.748+0000] {logging_mixin.py:190} INFO - [2025-11-15T22:19:36.747+0000] {dag.py:3239} INFO - Sync 1 DAGs
[2025-11-15T22:19:36.773+0000] {logging_mixin.py:190} INFO - [2025-11-15T22:19:36.773+0000] {dag.py:4180} INFO - Setting next_dagrun for my_first_dag to 2025-11-14 00:00:00+00:00, run_after=2025-11-15 00:00:00+00:00
[2025-11-15T22:19:36.803+0000] {processor.py:208} INFO - Processing /opt/airflow/dags/first_dag.py took 0.112 seconds
[2025-11-15T22:20:07.614+0000] {processor.py:186} INFO - Started process (PID=18310) to work on /opt/airflow/dags/first_dag.py
[2025-11-15T22:20:07.615+0000] {processor.py:914} INFO - Processing file /opt/airflow/dags/first_dag.py for tasks to queue
[2025-11-15T22:20:07.621+0000] {logging_mixin.py:190} INFO - [2025-11-15T22:20:07.620+0000] {dagbag.py:588} INFO - Filling up the DagBag from /opt/airflow/dags/first_dag.py
[2025-11-15T22:20:07.649+0000] {processor.py:925} INFO - DAG(s) 'my_first_dag' retrieved from /opt/airflow/dags/first_dag.py
[2025-11-15T22:20:07.676+0000] {logging_mixin.py:190} INFO - [2025-11-15T22:20:07.676+0000] {dag.py:3239} INFO - Sync 1 DAGs
[2025-11-15T22:20:07.701+0000] {logging_mixin.py:190} INFO - [2025-11-15T22:20:07.701+0000] {dag.py:4180} INFO - Setting next_dagrun for my_first_dag to 2025-11-14 00:00:00+00:00, run_after=2025-11-15 00:00:00+00:00
[2025-11-15T22:20:07.735+0000] {processor.py:208} INFO - Processing /opt/airflow/dags/first_dag.py took 0.130 seconds
[2025-11-15T22:20:38.338+0000] {processor.py:186} INFO - Started process (PID=18375) to work on /opt/airflow/dags/first_dag.py
[2025-11-15T22:20:38.339+0000] {processor.py:914} INFO - Processing file /opt/airflow/dags/first_dag.py for tasks to queue
[2025-11-15T22:20:38.342+0000] {logging_mixin.py:190} INFO - [2025-11-15T22:20:38.342+0000] {dagbag.py:588} INFO - Filling up the DagBag from /opt/airflow/dags/first_dag.py
[2025-11-15T22:20:38.376+0000] {processor.py:925} INFO - DAG(s) 'my_first_dag' retrieved from /opt/airflow/dags/first_dag.py
[2025-11-15T22:20:38.400+0000] {logging_mixin.py:190} INFO - [2025-11-15T22:20:38.399+0000] {dag.py:3239} INFO - Sync 1 DAGs
[2025-11-15T22:20:38.429+0000] {logging_mixin.py:190} INFO - [2025-11-15T22:20:38.429+0000] {dag.py:4180} INFO - Setting next_dagrun for my_first_dag to 2025-11-14 00:00:00+00:00, run_after=2025-11-15 00:00:00+00:00
[2025-11-15T22:20:38.452+0000] {processor.py:208} INFO - Processing /opt/airflow/dags/first_dag.py took 0.120 seconds
[2025-11-15T22:21:09.383+0000] {processor.py:186} INFO - Started process (PID=18440) to work on /opt/airflow/dags/first_dag.py
[2025-11-15T22:21:09.385+0000] {processor.py:914} INFO - Processing file /opt/airflow/dags/first_dag.py for tasks to queue
[2025-11-15T22:21:09.389+0000] {logging_mixin.py:190} INFO - [2025-11-15T22:21:09.388+0000] {dagbag.py:588} INFO - Filling up the DagBag from /opt/airflow/dags/first_dag.py
[2025-11-15T22:21:09.424+0000] {processor.py:925} INFO - DAG(s) 'my_first_dag' retrieved from /opt/airflow/dags/first_dag.py
[2025-11-15T22:21:09.443+0000] {logging_mixin.py:190} INFO - [2025-11-15T22:21:09.443+0000] {dag.py:3239} INFO - Sync 1 DAGs
[2025-11-15T22:21:09.464+0000] {logging_mixin.py:190} INFO - [2025-11-15T22:21:09.464+0000] {dag.py:4180} INFO - Setting next_dagrun for my_first_dag to 2025-11-14 00:00:00+00:00, run_after=2025-11-15 00:00:00+00:00
[2025-11-15T22:21:09.515+0000] {processor.py:208} INFO - Processing /opt/airflow/dags/first_dag.py took 0.138 seconds
[2025-11-15T22:21:39.628+0000] {processor.py:186} INFO - Started process (PID=18505) to work on /opt/airflow/dags/first_dag.py
[2025-11-15T22:21:39.631+0000] {processor.py:914} INFO - Processing file /opt/airflow/dags/first_dag.py for tasks to queue
[2025-11-15T22:21:39.636+0000] {logging_mixin.py:190} INFO - [2025-11-15T22:21:39.635+0000] {dagbag.py:588} INFO - Filling up the DagBag from /opt/airflow/dags/first_dag.py
[2025-11-15T22:21:39.676+0000] {processor.py:925} INFO - DAG(s) 'my_first_dag' retrieved from /opt/airflow/dags/first_dag.py
[2025-11-15T22:21:39.702+0000] {logging_mixin.py:190} INFO - [2025-11-15T22:21:39.702+0000] {dag.py:3239} INFO - Sync 1 DAGs
[2025-11-15T22:21:39.728+0000] {logging_mixin.py:190} INFO - [2025-11-15T22:21:39.728+0000] {dag.py:4180} INFO - Setting next_dagrun for my_first_dag to 2025-11-14 00:00:00+00:00, run_after=2025-11-15 00:00:00+00:00
[2025-11-15T22:21:39.752+0000] {processor.py:208} INFO - Processing /opt/airflow/dags/first_dag.py took 0.131 seconds
[2025-11-15T22:22:10.653+0000] {processor.py:186} INFO - Started process (PID=18570) to work on /opt/airflow/dags/first_dag.py
[2025-11-15T22:22:10.654+0000] {processor.py:914} INFO - Processing file /opt/airflow/dags/first_dag.py for tasks to queue
[2025-11-15T22:22:10.656+0000] {logging_mixin.py:190} INFO - [2025-11-15T22:22:10.656+0000] {dagbag.py:588} INFO - Filling up the DagBag from /opt/airflow/dags/first_dag.py
[2025-11-15T22:22:10.674+0000] {processor.py:925} INFO - DAG(s) 'my_first_dag' retrieved from /opt/airflow/dags/first_dag.py
[2025-11-15T22:22:10.688+0000] {logging_mixin.py:190} INFO - [2025-11-15T22:22:10.688+0000] {dag.py:3239} INFO - Sync 1 DAGs
[2025-11-15T22:22:10.707+0000] {logging_mixin.py:190} INFO - [2025-11-15T22:22:10.707+0000] {dag.py:4180} INFO - Setting next_dagrun for my_first_dag to 2025-11-14 00:00:00+00:00, run_after=2025-11-15 00:00:00+00:00
[2025-11-15T22:22:10.725+0000] {processor.py:208} INFO - Processing /opt/airflow/dags/first_dag.py took 0.078 seconds
[2025-11-15T22:22:41.429+0000] {processor.py:186} INFO - Started process (PID=18635) to work on /opt/airflow/dags/first_dag.py
[2025-11-15T22:22:41.430+0000] {processor.py:914} INFO - Processing file /opt/airflow/dags/first_dag.py for tasks to queue
[2025-11-15T22:22:41.433+0000] {logging_mixin.py:190} INFO - [2025-11-15T22:22:41.433+0000] {dagbag.py:588} INFO - Filling up the DagBag from /opt/airflow/dags/first_dag.py
[2025-11-15T22:22:41.464+0000] {processor.py:925} INFO - DAG(s) 'my_first_dag' retrieved from /opt/airflow/dags/first_dag.py
[2025-11-15T22:22:41.478+0000] {logging_mixin.py:190} INFO - [2025-11-15T22:22:41.478+0000] {dag.py:3239} INFO - Sync 1 DAGs
[2025-11-15T22:22:41.495+0000] {logging_mixin.py:190} INFO - [2025-11-15T22:22:41.495+0000] {dag.py:4180} INFO - Setting next_dagrun for my_first_dag to 2025-11-14 00:00:00+00:00, run_after=2025-11-15 00:00:00+00:00
[2025-11-15T22:22:41.517+0000] {processor.py:208} INFO - Processing /opt/airflow/dags/first_dag.py took 0.095 seconds
[2025-11-15T22:23:12.007+0000] {processor.py:186} INFO - Started process (PID=18700) to work on /opt/airflow/dags/first_dag.py
[2025-11-15T22:23:12.008+0000] {processor.py:914} INFO - Processing file /opt/airflow/dags/first_dag.py for tasks to queue
[2025-11-15T22:23:12.011+0000] {logging_mixin.py:190} INFO - [2025-11-15T22:23:12.010+0000] {dagbag.py:588} INFO - Filling up the DagBag from /opt/airflow/dags/first_dag.py
[2025-11-15T22:23:12.036+0000] {processor.py:925} INFO - DAG(s) 'my_first_dag' retrieved from /opt/airflow/dags/first_dag.py
[2025-11-15T22:23:12.054+0000] {logging_mixin.py:190} INFO - [2025-11-15T22:23:12.054+0000] {dag.py:3239} INFO - Sync 1 DAGs
[2025-11-15T22:23:12.073+0000] {logging_mixin.py:190} INFO - [2025-11-15T22:23:12.073+0000] {dag.py:4180} INFO - Setting next_dagrun for my_first_dag to 2025-11-14 00:00:00+00:00, run_after=2025-11-15 00:00:00+00:00
[2025-11-15T22:23:12.091+0000] {processor.py:208} INFO - Processing /opt/airflow/dags/first_dag.py took 0.089 seconds
[2025-11-15T22:23:42.483+0000] {processor.py:186} INFO - Started process (PID=18765) to work on /opt/airflow/dags/first_dag.py
[2025-11-15T22:23:42.485+0000] {processor.py:914} INFO - Processing file /opt/airflow/dags/first_dag.py for tasks to queue
[2025-11-15T22:23:42.488+0000] {logging_mixin.py:190} INFO - [2025-11-15T22:23:42.487+0000] {dagbag.py:588} INFO - Filling up the DagBag from /opt/airflow/dags/first_dag.py
[2025-11-15T22:23:42.534+0000] {processor.py:925} INFO - DAG(s) 'my_first_dag' retrieved from /opt/airflow/dags/first_dag.py
[2025-11-15T22:23:42.554+0000] {logging_mixin.py:190} INFO - [2025-11-15T22:23:42.553+0000] {dag.py:3239} INFO - Sync 1 DAGs
[2025-11-15T22:23:42.574+0000] {logging_mixin.py:190} INFO - [2025-11-15T22:23:42.574+0000] {dag.py:4180} INFO - Setting next_dagrun for my_first_dag to 2025-11-14 00:00:00+00:00, run_after=2025-11-15 00:00:00+00:00
[2025-11-15T22:23:42.596+0000] {processor.py:208} INFO - Processing /opt/airflow/dags/first_dag.py took 0.119 seconds
[2025-11-15T22:24:12.750+0000] {processor.py:186} INFO - Started process (PID=18830) to work on /opt/airflow/dags/first_dag.py
[2025-11-15T22:24:12.752+0000] {processor.py:914} INFO - Processing file /opt/airflow/dags/first_dag.py for tasks to queue
[2025-11-15T22:24:12.755+0000] {logging_mixin.py:190} INFO - [2025-11-15T22:24:12.754+0000] {dagbag.py:588} INFO - Filling up the DagBag from /opt/airflow/dags/first_dag.py
[2025-11-15T22:24:12.792+0000] {processor.py:925} INFO - DAG(s) 'my_first_dag' retrieved from /opt/airflow/dags/first_dag.py
[2025-11-15T22:24:12.812+0000] {logging_mixin.py:190} INFO - [2025-11-15T22:24:12.811+0000] {dag.py:3239} INFO - Sync 1 DAGs
[2025-11-15T22:24:12.832+0000] {logging_mixin.py:190} INFO - [2025-11-15T22:24:12.832+0000] {dag.py:4180} INFO - Setting next_dagrun for my_first_dag to 2025-11-14 00:00:00+00:00, run_after=2025-11-15 00:00:00+00:00
[2025-11-15T22:24:12.859+0000] {processor.py:208} INFO - Processing /opt/airflow/dags/first_dag.py took 0.114 seconds
[2025-11-15T22:24:43.125+0000] {processor.py:186} INFO - Started process (PID=18895) to work on /opt/airflow/dags/first_dag.py
[2025-11-15T22:24:43.126+0000] {processor.py:914} INFO - Processing file /opt/airflow/dags/first_dag.py for tasks to queue
[2025-11-15T22:24:43.129+0000] {logging_mixin.py:190} INFO - [2025-11-15T22:24:43.128+0000] {dagbag.py:588} INFO - Filling up the DagBag from /opt/airflow/dags/first_dag.py
[2025-11-15T22:24:43.162+0000] {processor.py:925} INFO - DAG(s) 'my_first_dag' retrieved from /opt/airflow/dags/first_dag.py
[2025-11-15T22:24:43.180+0000] {logging_mixin.py:190} INFO - [2025-11-15T22:24:43.180+0000] {dag.py:3239} INFO - Sync 1 DAGs
[2025-11-15T22:24:43.201+0000] {logging_mixin.py:190} INFO - [2025-11-15T22:24:43.200+0000] {dag.py:4180} INFO - Setting next_dagrun for my_first_dag to 2025-11-14 00:00:00+00:00, run_after=2025-11-15 00:00:00+00:00
[2025-11-15T22:24:43.231+0000] {processor.py:208} INFO - Processing /opt/airflow/dags/first_dag.py took 0.112 seconds
[2025-11-15T22:25:14.298+0000] {processor.py:186} INFO - Started process (PID=18960) to work on /opt/airflow/dags/first_dag.py
[2025-11-15T22:25:14.300+0000] {processor.py:914} INFO - Processing file /opt/airflow/dags/first_dag.py for tasks to queue
[2025-11-15T22:25:14.303+0000] {logging_mixin.py:190} INFO - [2025-11-15T22:25:14.302+0000] {dagbag.py:588} INFO - Filling up the DagBag from /opt/airflow/dags/first_dag.py
[2025-11-15T22:25:14.334+0000] {processor.py:925} INFO - DAG(s) 'my_first_dag' retrieved from /opt/airflow/dags/first_dag.py
[2025-11-15T22:25:14.352+0000] {logging_mixin.py:190} INFO - [2025-11-15T22:25:14.352+0000] {dag.py:3239} INFO - Sync 1 DAGs
[2025-11-15T22:25:14.543+0000] {logging_mixin.py:190} INFO - [2025-11-15T22:25:14.543+0000] {dag.py:4180} INFO - Setting next_dagrun for my_first_dag to 2025-11-14 00:00:00+00:00, run_after=2025-11-15 00:00:00+00:00
[2025-11-15T22:25:14.565+0000] {processor.py:208} INFO - Processing /opt/airflow/dags/first_dag.py took 0.271 seconds
[2025-11-15T22:25:44.916+0000] {processor.py:186} INFO - Started process (PID=19025) to work on /opt/airflow/dags/first_dag.py
[2025-11-15T22:25:44.918+0000] {processor.py:914} INFO - Processing file /opt/airflow/dags/first_dag.py for tasks to queue
[2025-11-15T22:25:44.921+0000] {logging_mixin.py:190} INFO - [2025-11-15T22:25:44.921+0000] {dagbag.py:588} INFO - Filling up the DagBag from /opt/airflow/dags/first_dag.py
[2025-11-15T22:25:44.960+0000] {processor.py:925} INFO - DAG(s) 'my_first_dag' retrieved from /opt/airflow/dags/first_dag.py
[2025-11-15T22:25:44.980+0000] {logging_mixin.py:190} INFO - [2025-11-15T22:25:44.980+0000] {dag.py:3239} INFO - Sync 1 DAGs
[2025-11-15T22:25:45.008+0000] {logging_mixin.py:190} INFO - [2025-11-15T22:25:45.008+0000] {dag.py:4180} INFO - Setting next_dagrun for my_first_dag to 2025-11-14 00:00:00+00:00, run_after=2025-11-15 00:00:00+00:00
[2025-11-15T22:25:45.200+0000] {processor.py:208} INFO - Processing /opt/airflow/dags/first_dag.py took 0.291 seconds
[2025-11-15T22:26:15.401+0000] {processor.py:186} INFO - Started process (PID=19090) to work on /opt/airflow/dags/first_dag.py
[2025-11-15T22:26:15.404+0000] {processor.py:914} INFO - Processing file /opt/airflow/dags/first_dag.py for tasks to queue
[2025-11-15T22:26:15.410+0000] {logging_mixin.py:190} INFO - [2025-11-15T22:26:15.408+0000] {dagbag.py:588} INFO - Filling up the DagBag from /opt/airflow/dags/first_dag.py
[2025-11-15T22:26:15.471+0000] {processor.py:925} INFO - DAG(s) 'my_first_dag' retrieved from /opt/airflow/dags/first_dag.py
[2025-11-15T22:26:15.498+0000] {logging_mixin.py:190} INFO - [2025-11-15T22:26:15.498+0000] {dag.py:3239} INFO - Sync 1 DAGs
[2025-11-15T22:26:15.520+0000] {logging_mixin.py:190} INFO - [2025-11-15T22:26:15.520+0000] {dag.py:4180} INFO - Setting next_dagrun for my_first_dag to 2025-11-14 00:00:00+00:00, run_after=2025-11-15 00:00:00+00:00
[2025-11-15T22:26:15.543+0000] {processor.py:208} INFO - Processing /opt/airflow/dags/first_dag.py took 0.153 seconds
[2025-11-15T22:26:45.927+0000] {processor.py:186} INFO - Started process (PID=19155) to work on /opt/airflow/dags/first_dag.py
[2025-11-15T22:26:45.928+0000] {processor.py:914} INFO - Processing file /opt/airflow/dags/first_dag.py for tasks to queue
[2025-11-15T22:26:45.931+0000] {logging_mixin.py:190} INFO - [2025-11-15T22:26:45.930+0000] {dagbag.py:588} INFO - Filling up the DagBag from /opt/airflow/dags/first_dag.py
[2025-11-15T22:26:46.021+0000] {processor.py:925} INFO - DAG(s) 'my_first_dag' retrieved from /opt/airflow/dags/first_dag.py
[2025-11-15T22:26:46.039+0000] {logging_mixin.py:190} INFO - [2025-11-15T22:26:46.039+0000] {dag.py:3239} INFO - Sync 1 DAGs
[2025-11-15T22:26:46.059+0000] {logging_mixin.py:190} INFO - [2025-11-15T22:26:46.059+0000] {dag.py:4180} INFO - Setting next_dagrun for my_first_dag to 2025-11-14 00:00:00+00:00, run_after=2025-11-15 00:00:00+00:00
[2025-11-15T22:26:46.081+0000] {processor.py:208} INFO - Processing /opt/airflow/dags/first_dag.py took 0.159 seconds
[2025-11-15T22:27:16.154+0000] {processor.py:186} INFO - Started process (PID=19220) to work on /opt/airflow/dags/first_dag.py
[2025-11-15T22:27:16.155+0000] {processor.py:914} INFO - Processing file /opt/airflow/dags/first_dag.py for tasks to queue
[2025-11-15T22:27:16.158+0000] {logging_mixin.py:190} INFO - [2025-11-15T22:27:16.157+0000] {dagbag.py:588} INFO - Filling up the DagBag from /opt/airflow/dags/first_dag.py
[2025-11-15T22:27:16.181+0000] {processor.py:925} INFO - DAG(s) 'my_first_dag' retrieved from /opt/airflow/dags/first_dag.py
[2025-11-15T22:27:16.196+0000] {logging_mixin.py:190} INFO - [2025-11-15T22:27:16.196+0000] {dag.py:3239} INFO - Sync 1 DAGs
[2025-11-15T22:27:16.342+0000] {logging_mixin.py:190} INFO - [2025-11-15T22:27:16.342+0000] {dag.py:4180} INFO - Setting next_dagrun for my_first_dag to 2025-11-14 00:00:00+00:00, run_after=2025-11-15 00:00:00+00:00
[2025-11-15T22:27:16.358+0000] {processor.py:208} INFO - Processing /opt/airflow/dags/first_dag.py took 0.208 seconds
[2025-11-15T22:27:46.643+0000] {processor.py:186} INFO - Started process (PID=19285) to work on /opt/airflow/dags/first_dag.py
[2025-11-15T22:27:46.644+0000] {processor.py:914} INFO - Processing file /opt/airflow/dags/first_dag.py for tasks to queue
[2025-11-15T22:27:46.646+0000] {logging_mixin.py:190} INFO - [2025-11-15T22:27:46.646+0000] {dagbag.py:588} INFO - Filling up the DagBag from /opt/airflow/dags/first_dag.py
[2025-11-15T22:27:46.663+0000] {processor.py:925} INFO - DAG(s) 'my_first_dag' retrieved from /opt/airflow/dags/first_dag.py
[2025-11-15T22:27:46.678+0000] {logging_mixin.py:190} INFO - [2025-11-15T22:27:46.678+0000] {dag.py:3239} INFO - Sync 1 DAGs
[2025-11-15T22:27:46.829+0000] {logging_mixin.py:190} INFO - [2025-11-15T22:27:46.828+0000] {dag.py:4180} INFO - Setting next_dagrun for my_first_dag to 2025-11-14 00:00:00+00:00, run_after=2025-11-15 00:00:00+00:00
[2025-11-15T22:27:46.868+0000] {processor.py:208} INFO - Processing /opt/airflow/dags/first_dag.py took 0.229 seconds
[2025-11-15T22:28:17.215+0000] {processor.py:186} INFO - Started process (PID=19348) to work on /opt/airflow/dags/first_dag.py
[2025-11-15T22:28:17.216+0000] {processor.py:914} INFO - Processing file /opt/airflow/dags/first_dag.py for tasks to queue
[2025-11-15T22:28:17.219+0000] {logging_mixin.py:190} INFO - [2025-11-15T22:28:17.219+0000] {dagbag.py:588} INFO - Filling up the DagBag from /opt/airflow/dags/first_dag.py
[2025-11-15T22:28:17.255+0000] {processor.py:925} INFO - DAG(s) 'my_first_dag' retrieved from /opt/airflow/dags/first_dag.py
[2025-11-15T22:28:17.271+0000] {logging_mixin.py:190} INFO - [2025-11-15T22:28:17.271+0000] {dag.py:3239} INFO - Sync 1 DAGs
[2025-11-15T22:28:17.290+0000] {logging_mixin.py:190} INFO - [2025-11-15T22:28:17.290+0000] {dag.py:4180} INFO - Setting next_dagrun for my_first_dag to 2025-11-14 00:00:00+00:00, run_after=2025-11-15 00:00:00+00:00
[2025-11-15T22:28:17.307+0000] {processor.py:208} INFO - Processing /opt/airflow/dags/first_dag.py took 0.097 seconds
[2025-11-15T22:28:48.300+0000] {processor.py:186} INFO - Started process (PID=19413) to work on /opt/airflow/dags/first_dag.py
[2025-11-15T22:28:48.301+0000] {processor.py:914} INFO - Processing file /opt/airflow/dags/first_dag.py for tasks to queue
[2025-11-15T22:28:48.304+0000] {logging_mixin.py:190} INFO - [2025-11-15T22:28:48.303+0000] {dagbag.py:588} INFO - Filling up the DagBag from /opt/airflow/dags/first_dag.py
[2025-11-15T22:28:48.327+0000] {processor.py:925} INFO - DAG(s) 'my_first_dag' retrieved from /opt/airflow/dags/first_dag.py
[2025-11-15T22:28:48.341+0000] {logging_mixin.py:190} INFO - [2025-11-15T22:28:48.341+0000] {dag.py:3239} INFO - Sync 1 DAGs
[2025-11-15T22:28:48.360+0000] {logging_mixin.py:190} INFO - [2025-11-15T22:28:48.360+0000] {dag.py:4180} INFO - Setting next_dagrun for my_first_dag to 2025-11-14 00:00:00+00:00, run_after=2025-11-15 00:00:00+00:00
[2025-11-15T22:28:48.399+0000] {processor.py:208} INFO - Processing /opt/airflow/dags/first_dag.py took 0.103 seconds
[2025-11-15T22:29:18.653+0000] {processor.py:186} INFO - Started process (PID=19478) to work on /opt/airflow/dags/first_dag.py
[2025-11-15T22:29:18.654+0000] {processor.py:914} INFO - Processing file /opt/airflow/dags/first_dag.py for tasks to queue
[2025-11-15T22:29:18.656+0000] {logging_mixin.py:190} INFO - [2025-11-15T22:29:18.655+0000] {dagbag.py:588} INFO - Filling up the DagBag from /opt/airflow/dags/first_dag.py
[2025-11-15T22:29:18.676+0000] {processor.py:925} INFO - DAG(s) 'my_first_dag' retrieved from /opt/airflow/dags/first_dag.py
[2025-11-15T22:29:18.691+0000] {logging_mixin.py:190} INFO - [2025-11-15T22:29:18.691+0000] {dag.py:3239} INFO - Sync 1 DAGs
[2025-11-15T22:29:18.705+0000] {logging_mixin.py:190} INFO - [2025-11-15T22:29:18.705+0000] {dag.py:4180} INFO - Setting next_dagrun for my_first_dag to 2025-11-14 00:00:00+00:00, run_after=2025-11-15 00:00:00+00:00
[2025-11-15T22:29:18.719+0000] {processor.py:208} INFO - Processing /opt/airflow/dags/first_dag.py took 0.072 seconds
[2025-11-15T22:29:49.198+0000] {processor.py:186} INFO - Started process (PID=19543) to work on /opt/airflow/dags/first_dag.py
[2025-11-15T22:29:49.200+0000] {processor.py:914} INFO - Processing file /opt/airflow/dags/first_dag.py for tasks to queue
[2025-11-15T22:29:49.203+0000] {logging_mixin.py:190} INFO - [2025-11-15T22:29:49.202+0000] {dagbag.py:588} INFO - Filling up the DagBag from /opt/airflow/dags/first_dag.py
[2025-11-15T22:29:49.239+0000] {processor.py:925} INFO - DAG(s) 'my_first_dag' retrieved from /opt/airflow/dags/first_dag.py
[2025-11-15T22:29:49.259+0000] {logging_mixin.py:190} INFO - [2025-11-15T22:29:49.258+0000] {dag.py:3239} INFO - Sync 1 DAGs
[2025-11-15T22:29:49.278+0000] {logging_mixin.py:190} INFO - [2025-11-15T22:29:49.277+0000] {dag.py:4180} INFO - Setting next_dagrun for my_first_dag to 2025-11-14 00:00:00+00:00, run_after=2025-11-15 00:00:00+00:00
[2025-11-15T22:29:49.300+0000] {processor.py:208} INFO - Processing /opt/airflow/dags/first_dag.py took 0.107 seconds
[2025-11-15T22:30:19.607+0000] {processor.py:186} INFO - Started process (PID=19608) to work on /opt/airflow/dags/first_dag.py
[2025-11-15T22:30:19.610+0000] {processor.py:914} INFO - Processing file /opt/airflow/dags/first_dag.py for tasks to queue
[2025-11-15T22:30:19.613+0000] {logging_mixin.py:190} INFO - [2025-11-15T22:30:19.612+0000] {dagbag.py:588} INFO - Filling up the DagBag from /opt/airflow/dags/first_dag.py
[2025-11-15T22:30:19.645+0000] {processor.py:925} INFO - DAG(s) 'my_first_dag' retrieved from /opt/airflow/dags/first_dag.py
[2025-11-15T22:30:19.662+0000] {logging_mixin.py:190} INFO - [2025-11-15T22:30:19.662+0000] {dag.py:3239} INFO - Sync 1 DAGs
[2025-11-15T22:30:19.680+0000] {logging_mixin.py:190} INFO - [2025-11-15T22:30:19.679+0000] {dag.py:4180} INFO - Setting next_dagrun for my_first_dag to 2025-11-14 00:00:00+00:00, run_after=2025-11-15 00:00:00+00:00
[2025-11-15T22:30:19.697+0000] {processor.py:208} INFO - Processing /opt/airflow/dags/first_dag.py took 0.095 seconds
[2025-11-15T22:30:49.778+0000] {processor.py:186} INFO - Started process (PID=19673) to work on /opt/airflow/dags/first_dag.py
[2025-11-15T22:30:49.781+0000] {processor.py:914} INFO - Processing file /opt/airflow/dags/first_dag.py for tasks to queue
[2025-11-15T22:30:49.783+0000] {logging_mixin.py:190} INFO - [2025-11-15T22:30:49.783+0000] {dagbag.py:588} INFO - Filling up the DagBag from /opt/airflow/dags/first_dag.py
[2025-11-15T22:30:49.820+0000] {processor.py:925} INFO - DAG(s) 'my_first_dag' retrieved from /opt/airflow/dags/first_dag.py
[2025-11-15T22:30:49.838+0000] {logging_mixin.py:190} INFO - [2025-11-15T22:30:49.838+0000] {dag.py:3239} INFO - Sync 1 DAGs
[2025-11-15T22:30:49.858+0000] {logging_mixin.py:190} INFO - [2025-11-15T22:30:49.857+0000] {dag.py:4180} INFO - Setting next_dagrun for my_first_dag to 2025-11-14 00:00:00+00:00, run_after=2025-11-15 00:00:00+00:00
[2025-11-15T22:30:49.886+0000] {processor.py:208} INFO - Processing /opt/airflow/dags/first_dag.py took 0.113 seconds
[2025-11-15T22:31:20.275+0000] {processor.py:186} INFO - Started process (PID=19738) to work on /opt/airflow/dags/first_dag.py
[2025-11-15T22:31:20.276+0000] {processor.py:914} INFO - Processing file /opt/airflow/dags/first_dag.py for tasks to queue
[2025-11-15T22:31:20.278+0000] {logging_mixin.py:190} INFO - [2025-11-15T22:31:20.278+0000] {dagbag.py:588} INFO - Filling up the DagBag from /opt/airflow/dags/first_dag.py
[2025-11-15T22:31:20.307+0000] {processor.py:925} INFO - DAG(s) 'my_first_dag' retrieved from /opt/airflow/dags/first_dag.py
[2025-11-15T22:31:20.325+0000] {logging_mixin.py:190} INFO - [2025-11-15T22:31:20.325+0000] {dag.py:3239} INFO - Sync 1 DAGs
[2025-11-15T22:31:20.344+0000] {logging_mixin.py:190} INFO - [2025-11-15T22:31:20.344+0000] {dag.py:4180} INFO - Setting next_dagrun for my_first_dag to 2025-11-14 00:00:00+00:00, run_after=2025-11-15 00:00:00+00:00
[2025-11-15T22:31:20.366+0000] {processor.py:208} INFO - Processing /opt/airflow/dags/first_dag.py took 0.097 seconds
[2025-11-15T22:31:51.303+0000] {processor.py:186} INFO - Started process (PID=19803) to work on /opt/airflow/dags/first_dag.py
[2025-11-15T22:31:51.304+0000] {processor.py:914} INFO - Processing file /opt/airflow/dags/first_dag.py for tasks to queue
[2025-11-15T22:31:51.307+0000] {logging_mixin.py:190} INFO - [2025-11-15T22:31:51.306+0000] {dagbag.py:588} INFO - Filling up the DagBag from /opt/airflow/dags/first_dag.py
[2025-11-15T22:31:51.331+0000] {processor.py:925} INFO - DAG(s) 'my_first_dag' retrieved from /opt/airflow/dags/first_dag.py
[2025-11-15T22:31:51.351+0000] {logging_mixin.py:190} INFO - [2025-11-15T22:31:51.351+0000] {dag.py:3239} INFO - Sync 1 DAGs
[2025-11-15T22:31:51.372+0000] {logging_mixin.py:190} INFO - [2025-11-15T22:31:51.372+0000] {dag.py:4180} INFO - Setting next_dagrun for my_first_dag to 2025-11-14 00:00:00+00:00, run_after=2025-11-15 00:00:00+00:00
[2025-11-15T22:31:51.392+0000] {processor.py:208} INFO - Processing /opt/airflow/dags/first_dag.py took 0.094 seconds
[2025-11-15T22:32:22.050+0000] {processor.py:186} INFO - Started process (PID=19868) to work on /opt/airflow/dags/first_dag.py
[2025-11-15T22:32:22.051+0000] {processor.py:914} INFO - Processing file /opt/airflow/dags/first_dag.py for tasks to queue
[2025-11-15T22:32:22.054+0000] {logging_mixin.py:190} INFO - [2025-11-15T22:32:22.053+0000] {dagbag.py:588} INFO - Filling up the DagBag from /opt/airflow/dags/first_dag.py
[2025-11-15T22:32:22.092+0000] {processor.py:925} INFO - DAG(s) 'my_first_dag' retrieved from /opt/airflow/dags/first_dag.py
[2025-11-15T22:32:22.109+0000] {logging_mixin.py:190} INFO - [2025-11-15T22:32:22.108+0000] {dag.py:3239} INFO - Sync 1 DAGs
[2025-11-15T22:32:22.127+0000] {logging_mixin.py:190} INFO - [2025-11-15T22:32:22.127+0000] {dag.py:4180} INFO - Setting next_dagrun for my_first_dag to 2025-11-14 00:00:00+00:00, run_after=2025-11-15 00:00:00+00:00
[2025-11-15T22:32:22.153+0000] {processor.py:208} INFO - Processing /opt/airflow/dags/first_dag.py took 0.108 seconds
[2025-11-15T22:32:52.579+0000] {processor.py:186} INFO - Started process (PID=19933) to work on /opt/airflow/dags/first_dag.py
[2025-11-15T22:32:52.582+0000] {processor.py:914} INFO - Processing file /opt/airflow/dags/first_dag.py for tasks to queue
[2025-11-15T22:32:52.585+0000] {logging_mixin.py:190} INFO - [2025-11-15T22:32:52.584+0000] {dagbag.py:588} INFO - Filling up the DagBag from /opt/airflow/dags/first_dag.py
[2025-11-15T22:32:52.630+0000] {processor.py:925} INFO - DAG(s) 'my_first_dag' retrieved from /opt/airflow/dags/first_dag.py
[2025-11-15T22:32:52.647+0000] {logging_mixin.py:190} INFO - [2025-11-15T22:32:52.647+0000] {dag.py:3239} INFO - Sync 1 DAGs
[2025-11-15T22:32:52.668+0000] {logging_mixin.py:190} INFO - [2025-11-15T22:32:52.668+0000] {dag.py:4180} INFO - Setting next_dagrun for my_first_dag to 2025-11-14 00:00:00+00:00, run_after=2025-11-15 00:00:00+00:00
[2025-11-15T22:32:52.690+0000] {processor.py:208} INFO - Processing /opt/airflow/dags/first_dag.py took 0.116 seconds
[2025-11-15T22:33:23.354+0000] {processor.py:186} INFO - Started process (PID=19998) to work on /opt/airflow/dags/first_dag.py
[2025-11-15T22:33:23.355+0000] {processor.py:914} INFO - Processing file /opt/airflow/dags/first_dag.py for tasks to queue
[2025-11-15T22:33:23.358+0000] {logging_mixin.py:190} INFO - [2025-11-15T22:33:23.357+0000] {dagbag.py:588} INFO - Filling up the DagBag from /opt/airflow/dags/first_dag.py
[2025-11-15T22:33:23.378+0000] {processor.py:925} INFO - DAG(s) 'my_first_dag' retrieved from /opt/airflow/dags/first_dag.py
[2025-11-15T22:33:23.393+0000] {logging_mixin.py:190} INFO - [2025-11-15T22:33:23.392+0000] {dag.py:3239} INFO - Sync 1 DAGs
[2025-11-15T22:33:23.411+0000] {logging_mixin.py:190} INFO - [2025-11-15T22:33:23.411+0000] {dag.py:4180} INFO - Setting next_dagrun for my_first_dag to 2025-11-14 00:00:00+00:00, run_after=2025-11-15 00:00:00+00:00
[2025-11-15T22:33:23.447+0000] {processor.py:208} INFO - Processing /opt/airflow/dags/first_dag.py took 0.098 seconds
[2025-11-15T22:33:53.656+0000] {processor.py:186} INFO - Started process (PID=20063) to work on /opt/airflow/dags/first_dag.py
[2025-11-15T22:33:53.658+0000] {processor.py:914} INFO - Processing file /opt/airflow/dags/first_dag.py for tasks to queue
[2025-11-15T22:33:53.660+0000] {logging_mixin.py:190} INFO - [2025-11-15T22:33:53.660+0000] {dagbag.py:588} INFO - Filling up the DagBag from /opt/airflow/dags/first_dag.py
[2025-11-15T22:33:53.695+0000] {processor.py:925} INFO - DAG(s) 'my_first_dag' retrieved from /opt/airflow/dags/first_dag.py
[2025-11-15T22:33:53.712+0000] {logging_mixin.py:190} INFO - [2025-11-15T22:33:53.711+0000] {dag.py:3239} INFO - Sync 1 DAGs
[2025-11-15T22:33:53.732+0000] {logging_mixin.py:190} INFO - [2025-11-15T22:33:53.732+0000] {dag.py:4180} INFO - Setting next_dagrun for my_first_dag to 2025-11-14 00:00:00+00:00, run_after=2025-11-15 00:00:00+00:00
[2025-11-15T22:33:53.749+0000] {processor.py:208} INFO - Processing /opt/airflow/dags/first_dag.py took 0.097 seconds
[2025-11-15T22:34:24.288+0000] {processor.py:186} INFO - Started process (PID=20128) to work on /opt/airflow/dags/first_dag.py
[2025-11-15T22:34:24.290+0000] {processor.py:914} INFO - Processing file /opt/airflow/dags/first_dag.py for tasks to queue
[2025-11-15T22:34:24.294+0000] {logging_mixin.py:190} INFO - [2025-11-15T22:34:24.294+0000] {dagbag.py:588} INFO - Filling up the DagBag from /opt/airflow/dags/first_dag.py
[2025-11-15T22:34:24.346+0000] {processor.py:925} INFO - DAG(s) 'my_first_dag' retrieved from /opt/airflow/dags/first_dag.py
[2025-11-15T22:34:24.372+0000] {logging_mixin.py:190} INFO - [2025-11-15T22:34:24.372+0000] {dag.py:3239} INFO - Sync 1 DAGs
[2025-11-15T22:34:24.402+0000] {logging_mixin.py:190} INFO - [2025-11-15T22:34:24.401+0000] {dag.py:4180} INFO - Setting next_dagrun for my_first_dag to 2025-11-14 00:00:00+00:00, run_after=2025-11-15 00:00:00+00:00
[2025-11-15T22:34:24.424+0000] {processor.py:208} INFO - Processing /opt/airflow/dags/first_dag.py took 0.143 seconds
[2025-11-15T22:34:54.769+0000] {processor.py:186} INFO - Started process (PID=20193) to work on /opt/airflow/dags/first_dag.py
[2025-11-15T22:34:54.771+0000] {processor.py:914} INFO - Processing file /opt/airflow/dags/first_dag.py for tasks to queue
[2025-11-15T22:34:54.773+0000] {logging_mixin.py:190} INFO - [2025-11-15T22:34:54.773+0000] {dagbag.py:588} INFO - Filling up the DagBag from /opt/airflow/dags/first_dag.py
[2025-11-15T22:34:54.814+0000] {processor.py:925} INFO - DAG(s) 'my_first_dag' retrieved from /opt/airflow/dags/first_dag.py
[2025-11-15T22:34:54.834+0000] {logging_mixin.py:190} INFO - [2025-11-15T22:34:54.834+0000] {dag.py:3239} INFO - Sync 1 DAGs
[2025-11-15T22:34:54.855+0000] {logging_mixin.py:190} INFO - [2025-11-15T22:34:54.854+0000] {dag.py:4180} INFO - Setting next_dagrun for my_first_dag to 2025-11-14 00:00:00+00:00, run_after=2025-11-15 00:00:00+00:00
[2025-11-15T22:34:54.873+0000] {processor.py:208} INFO - Processing /opt/airflow/dags/first_dag.py took 0.109 seconds
[2025-11-15T22:35:25.585+0000] {processor.py:186} INFO - Started process (PID=20258) to work on /opt/airflow/dags/first_dag.py
[2025-11-15T22:35:25.587+0000] {processor.py:914} INFO - Processing file /opt/airflow/dags/first_dag.py for tasks to queue
[2025-11-15T22:35:25.589+0000] {logging_mixin.py:190} INFO - [2025-11-15T22:35:25.589+0000] {dagbag.py:588} INFO - Filling up the DagBag from /opt/airflow/dags/first_dag.py
[2025-11-15T22:35:25.632+0000] {processor.py:925} INFO - DAG(s) 'my_first_dag' retrieved from /opt/airflow/dags/first_dag.py
[2025-11-15T22:35:25.649+0000] {logging_mixin.py:190} INFO - [2025-11-15T22:35:25.649+0000] {dag.py:3239} INFO - Sync 1 DAGs
[2025-11-15T22:35:25.667+0000] {logging_mixin.py:190} INFO - [2025-11-15T22:35:25.667+0000] {dag.py:4180} INFO - Setting next_dagrun for my_first_dag to 2025-11-14 00:00:00+00:00, run_after=2025-11-15 00:00:00+00:00
[2025-11-15T22:35:25.689+0000] {processor.py:208} INFO - Processing /opt/airflow/dags/first_dag.py took 0.108 seconds
[2025-11-15T22:35:56.662+0000] {processor.py:186} INFO - Started process (PID=20323) to work on /opt/airflow/dags/first_dag.py
[2025-11-15T22:35:56.663+0000] {processor.py:914} INFO - Processing file /opt/airflow/dags/first_dag.py for tasks to queue
[2025-11-15T22:35:56.665+0000] {logging_mixin.py:190} INFO - [2025-11-15T22:35:56.665+0000] {dagbag.py:588} INFO - Filling up the DagBag from /opt/airflow/dags/first_dag.py
[2025-11-15T22:35:56.711+0000] {processor.py:925} INFO - DAG(s) 'my_first_dag' retrieved from /opt/airflow/dags/first_dag.py
[2025-11-15T22:35:56.728+0000] {logging_mixin.py:190} INFO - [2025-11-15T22:35:56.728+0000] {dag.py:3239} INFO - Sync 1 DAGs
[2025-11-15T22:35:56.747+0000] {logging_mixin.py:190} INFO - [2025-11-15T22:35:56.747+0000] {dag.py:4180} INFO - Setting next_dagrun for my_first_dag to 2025-11-14 00:00:00+00:00, run_after=2025-11-15 00:00:00+00:00
[2025-11-15T22:35:56.766+0000] {processor.py:208} INFO - Processing /opt/airflow/dags/first_dag.py took 0.109 seconds
[2025-11-15T22:36:26.848+0000] {processor.py:186} INFO - Started process (PID=20388) to work on /opt/airflow/dags/first_dag.py
[2025-11-15T22:36:26.854+0000] {processor.py:914} INFO - Processing file /opt/airflow/dags/first_dag.py for tasks to queue
[2025-11-15T22:36:26.856+0000] {logging_mixin.py:190} INFO - [2025-11-15T22:36:26.856+0000] {dagbag.py:588} INFO - Filling up the DagBag from /opt/airflow/dags/first_dag.py
[2025-11-15T22:36:26.886+0000] {processor.py:925} INFO - DAG(s) 'my_first_dag' retrieved from /opt/airflow/dags/first_dag.py
[2025-11-15T22:36:26.908+0000] {logging_mixin.py:190} INFO - [2025-11-15T22:36:26.907+0000] {dag.py:3239} INFO - Sync 1 DAGs
[2025-11-15T22:36:26.924+0000] {logging_mixin.py:190} INFO - [2025-11-15T22:36:26.924+0000] {dag.py:4180} INFO - Setting next_dagrun for my_first_dag to 2025-11-14 00:00:00+00:00, run_after=2025-11-15 00:00:00+00:00
[2025-11-15T22:36:26.941+0000] {processor.py:208} INFO - Processing /opt/airflow/dags/first_dag.py took 0.100 seconds
